week,year,stream,gage_number,gage_agency,site_group,parameter,statistic,value
40,1998,yuba river,interpolated,interpolated,yuba river,temperature,max,16.93317579479948
40,1998,yuba river,interpolated,interpolated,yuba river,temperature,mean,15.008337738081847
40,1998,yuba river,interpolated,interpolated,yuba river,temperature,min,12.74730625040726
41,1998,yuba river,interpolated,interpolated,yuba river,temperature,max,15.62113853586314
41,1998,yuba river,interpolated,interpolated,yuba river,temperature,mean,14.079617009516712
41,1998,yuba river,interpolated,interpolated,yuba river,temperature,min,12.193108518652652
42,1998,yuba river,interpolated,interpolated,yuba river,temperature,max,14.30924728081676
42,1998,yuba river,interpolated,interpolated,yuba river,temperature,mean,13.217197223527497
42,1998,yuba river,interpolated,interpolated,yuba river,temperature,min,11.361910594470334
43,1998,yuba river,interpolated,interpolated,yuba river,temperature,max,14.309295948780084
43,1998,yuba river,interpolated,interpolated,yuba river,temperature,mean,13.570294718096786
43,1998,yuba river,interpolated,interpolated,yuba river,temperature,min,11.915450503227625
44,1998,yuba river,interpolated,interpolated,yuba river,temperature,max,13.981390053468054
44,1998,yuba river,interpolated,interpolated,yuba river,temperature,mean,12.950978388219273
44,1998,yuba river,interpolated,interpolated,yuba river,temperature,min,11.360923859974353
45,1998,yuba river,interpolated,interpolated,yuba river,temperature,max,12.997404693733705
45,1998,yuba river,interpolated,interpolated,yuba river,temperature,mean,11.911756088694274
45,1998,yuba river,interpolated,interpolated,yuba river,temperature,min,10.529660153492305
46,1998,yuba river,interpolated,interpolated,yuba river,temperature,max,12.013541003907656
46,1998,yuba river,interpolated,interpolated,yuba river,temperature,mean,11.491342586544514
46,1998,yuba river,interpolated,interpolated,yuba river,temperature,min,10.252396831865669
47,1998,yuba river,interpolated,interpolated,yuba river,temperature,max,12.341738906999616
47,1998,yuba river,interpolated,interpolated,yuba river,temperature,mean,11.645537253386047
47,1998,yuba river,interpolated,interpolated,yuba river,temperature,min,9.9750677279393
48,1998,yuba river,interpolated,interpolated,yuba river,temperature,max,12.341909244871244
48,1998,yuba river,interpolated,interpolated,yuba river,temperature,mean,11.998634747955338
48,1998,yuba river,interpolated,interpolated,yuba river,temperature,min,10.805476264524833
49,1998,yuba river,interpolated,interpolated,yuba river,temperature,max,12.013930347614233
49,1998,yuba river,interpolated,interpolated,yuba river,temperature,mean,10.16380113751932
49,1998,yuba river,interpolated,interpolated,yuba river,temperature,min,8.866211788331956
50,1998,yuba river,interpolated,interpolated,yuba river,temperature,max,11.686194790173833
50,1998,yuba river,interpolated,interpolated,yuba river,temperature,mean,10.583199574664526
50,1998,yuba river,interpolated,interpolated,yuba river,temperature,min,9.142948851560734
51,1998,yuba river,interpolated,interpolated,yuba river,temperature,max,11.3581672249535
51,1998,yuba river,interpolated,interpolated,yuba river,temperature,mean,9.389275075795718
51,1998,yuba river,interpolated,interpolated,yuba river,temperature,min,7.203552810768393
52,1998,yuba river,interpolated,interpolated,yuba river,temperature,max,9.71822407070513
52,1998,yuba river,interpolated,interpolated,yuba river,temperature,mean,9.079363144605823
52,1998,yuba river,interpolated,interpolated,yuba river,temperature,min,7.20348702846866
53,1998,yuba river,interpolated,interpolated,yuba river,temperature,max,10.046300303888785
53,1998,yuba river,interpolated,interpolated,yuba river,temperature,mean,10.073587264671872
53,1998,yuba river,interpolated,interpolated,yuba river,temperature,min,9.418501833394334
1,1999,yuba river,interpolated,interpolated,yuba river,temperature,max,10.046397639815428
1,1999,yuba river,interpolated,interpolated,yuba river,temperature,mean,9.741792533219549
1,1999,yuba river,interpolated,interpolated,yuba river,temperature,min,8.864304101639723
2,1999,yuba river,interpolated,interpolated,yuba river,temperature,max,10.374668544852373
2,1999,yuba river,interpolated,interpolated,yuba river,temperature,mean,9.7191846865253
2,1999,yuba river,interpolated,interpolated,yuba river,temperature,min,8.587172344612553
3,1999,yuba river,interpolated,interpolated,yuba river,temperature,max,12.01504971077064
3,1999,yuba river,interpolated,interpolated,yuba river,temperature,mean,11.597203860340715
3,1999,yuba river,interpolated,interpolated,yuba river,temperature,min,9.9713839191543
4,1999,yuba river,interpolated,interpolated,yuba river,temperature,max,11.687119481476952
4,1999,yuba river,interpolated,interpolated,yuba river,temperature,mean,10.911586587887282
4,1999,yuba river,interpolated,interpolated,yuba river,temperature,min,9.416659929001831
5,1999,yuba river,interpolated,interpolated,yuba river,temperature,max,11.031307690852898
5,1999,yuba river,interpolated,interpolated,yuba river,temperature,mean,10.203869001241875
5,1999,yuba river,interpolated,interpolated,yuba river,temperature,min,9.139396607375197
6,1999,yuba river,interpolated,interpolated,yuba river,temperature,max,11.687533159165188
6,1999,yuba river,interpolated,interpolated,yuba river,temperature,mean,11.087374036418511
6,1999,yuba river,interpolated,interpolated,yuba river,temperature,min,9.693068080731951
7,1999,yuba river,interpolated,interpolated,yuba river,temperature,max,12.01580406420213
7,1999,yuba river,interpolated,interpolated,yuba river,temperature,mean,11.440471530987802
7,1999,yuba river,interpolated,interpolated,yuba river,temperature,min,10.246410642590044
8,1999,yuba river,interpolated,interpolated,yuba river,temperature,max,12.34397763331243
8,1999,yuba river,interpolated,interpolated,yuba river,temperature,mean,11.683067454597225
8,1999,yuba river,interpolated,interpolated,yuba river,temperature,min,10.799687422148402
9,1999,yuba river,interpolated,interpolated,yuba river,temperature,max,12.344172305165715
9,1999,yuba river,interpolated,interpolated,yuba river,temperature,mean,11.991964320782568
9,1999,yuba river,interpolated,interpolated,yuba river,temperature,min,10.79902959915108
10,1999,yuba river,interpolated,interpolated,yuba river,temperature,max,11.68826317861502
10,1999,yuba river,interpolated,interpolated,yuba river,temperature,mean,11.063243592217434
10,1999,yuba river,interpolated,interpolated,yuba river,temperature,min,9.967765892669032
11,1999,yuba river,interpolated,interpolated,yuba river,temperature,max,13.000641113294618
11,1999,yuba river,interpolated,interpolated,yuba river,temperature,mean,12.079350512545908
11,1999,yuba river,interpolated,interpolated,yuba river,temperature,min,10.244634520497277
12,1999,yuba river,interpolated,interpolated,yuba river,temperature,max,13.000811451166246
12,1999,yuba river,interpolated,interpolated,yuba river,temperature,mean,12.123043608427578
12,1999,yuba river,interpolated,interpolated,yuba river,temperature,min,10.797845517755905
13,1999,yuba river,interpolated,interpolated,yuba river,temperature,max,13.656939583551893
13,1999,yuba river,interpolated,interpolated,yuba river,temperature,mean,11.724730420469792
13,1999,yuba river,interpolated,interpolated,yuba river,temperature,min,9.689450054246684
14,1999,yuba river,interpolated,interpolated,yuba river,temperature,max,12.016899093376876
14,1999,yuba river,interpolated,interpolated,yuba river,temperature,mean,11.017012833824385
14,1999,yuba river,interpolated,interpolated,yuba river,temperature,min,9.68912114274802
15,1999,yuba river,interpolated,interpolated,yuba river,temperature,max,14.313530061589098
15,1999,yuba river,interpolated,interpolated,yuba river,temperature,mean,12.209922267688642
15,1999,yuba river,interpolated,interpolated,yuba river,temperature,min,9.411989385720853
16,1999,yuba river,interpolated,interpolated,yuba river,temperature,max,15.2977344271584
16,1999,yuba river,interpolated,interpolated,yuba river,temperature,mean,13.999540184736164
16,1999,yuba river,interpolated,interpolated,yuba river,temperature,min,11.903543906976104
17,1999,yuba river,interpolated,interpolated,yuba river,temperature,max,15.297953432993348
17,1999,yuba river,interpolated,interpolated,yuba river,temperature,mean,13.40232416905062
17,1999,yuba river,interpolated,interpolated,yuba river,temperature,min,10.79534579036608
18,1999,yuba river,interpolated,interpolated,yuba river,temperature,max,15.954300571213944
18,1999,yuba river,interpolated,interpolated,yuba river,temperature,mean,13.622819778468074
18,1999,yuba river,interpolated,interpolated,yuba river,temperature,min,11.34888569912337
19,1999,yuba river,interpolated,interpolated,yuba river,temperature,max,16.282498474305903
19,1999,yuba river,interpolated,interpolated,yuba river,temperature,mean,14.174820100765118
19,1999,yuba river,interpolated,interpolated,yuba river,temperature,min,11.902359825580929
20,1999,yuba river,interpolated,interpolated,yuba river,temperature,max,16.61069637739786
20,1999,yuba river,interpolated,interpolated,yuba river,temperature,mean,14.417416024374543
20,1999,yuba river,interpolated,interpolated,yuba river,temperature,min,11.901965131782532
21,1999,yuba river,interpolated,interpolated,yuba river,temperature,max,18.251174879242775
21,1999,yuba river,interpolated,interpolated,yuba river,temperature,mean,16.22913425561404
21,1999,yuba river,interpolated,interpolated,yuba river,temperature,min,13.00937386079577
22,1999,yuba river,interpolated,interpolated,yuba river,temperature,max,17.923147314022444
22,1999,yuba river,interpolated,interpolated,yuba river,temperature,mean,15.720319496696387
22,1999,yuba river,interpolated,interpolated,yuba river,temperature,min,12.731584280771278
23,1999,yuba river,interpolated,interpolated,yuba river,temperature,max,16.939210622251416
23,1999,yuba river,interpolated,interpolated,yuba river,temperature,mean,15.034702224242954
23,1999,yuba river,interpolated,interpolated,yuba river,temperature,min,12.177649678215598
24,1999,yuba river,interpolated,interpolated,yuba river,temperature,max,18.251685892857655
24,1999,yuba river,interpolated,interpolated,yuba river,temperature,mean,16.66961794194667
24,1999,yuba river,interpolated,interpolated,yuba river,temperature,min,13.561861252757344
25,1999,yuba river,interpolated,interpolated,yuba river,temperature,max,20.22014329195958
25,1999,yuba river,interpolated,interpolated,yuba river,temperature,mean,18.039329889346703
25,1999,yuba river,interpolated,interpolated,yuba river,temperature,min,15.499810082955578
26,1999,yuba river,interpolated,interpolated,yuba river,temperature,max,21.204493661418848
26,1999,yuba river,interpolated,interpolated,yuba river,temperature,mean,18.679731468411642
26,1999,yuba river,interpolated,interpolated,yuba river,temperature,min,15.776218234685697
27,1999,yuba river,interpolated,interpolated,yuba river,temperature,max,20.876466096198516
27,1999,yuba river,interpolated,interpolated,yuba river,temperature,mean,18.524521736565553
27,1999,yuba river,interpolated,interpolated,yuba river,temperature,min,15.498757566159863
28,1999,yuba river,interpolated,interpolated,yuba river,temperature,max,21.860889467602767
28,1999,yuba river,interpolated,interpolated,yuba river,temperature,mean,19.673230542045864
28,1999,yuba river,interpolated,interpolated,yuba river,temperature,min,16.052429039516618
29,1999,yuba river,interpolated,interpolated,yuba river,temperature,max,20.87680677194177
29,1999,yuba river,interpolated,interpolated,yuba river,temperature,mean,18.58980761413692
29,1999,yuba river,interpolated,interpolated,yuba river,temperature,min,15.774639459492125
30,1999,yuba river,interpolated,interpolated,yuba river,temperature,max,20.548998212556388
30,1999,yuba river,interpolated,interpolated,yuba river,temperature,mean,18.456698196482808
30,1999,yuba river,interpolated,interpolated,yuba river,temperature,min,15.774442112592928
31,1999,yuba river,interpolated,interpolated,yuba river,temperature,max,20.87726911759333
31,1999,yuba river,interpolated,interpolated,yuba river,temperature,mean,18.787695376860125
31,1999,yuba river,interpolated,interpolated,yuba river,temperature,min,16.050916046622778
32,1999,yuba river,interpolated,interpolated,yuba river,temperature,max,20.221359991042632
32,1999,yuba river,interpolated,interpolated,yuba river,temperature,mean,18.16837904698261
32,1999,yuba river,interpolated,interpolated,yuba river,temperature,min,15.773258031197749
33,1999,yuba river,interpolated,interpolated,yuba river,temperature,max,20.221481660950936
33,1999,yuba river,interpolated,interpolated,yuba river,temperature,mean,18.079470257712444
33,1999,yuba river,interpolated,interpolated,yuba river,temperature,min,15.218928734843674
34,1999,yuba river,interpolated,interpolated,yuba river,temperature,max,21.20578336244688
34,1999,yuba river,interpolated,interpolated,yuba river,temperature,mean,18.697771522585406
34,1999,yuba river,interpolated,interpolated,yuba river,temperature,min,15.218862952543942
35,1999,yuba river,interpolated,interpolated,yuba river,temperature,max,20.877877467134855
35,1999,yuba river,interpolated,interpolated,yuba river,temperature,mean,18.100555506899862
35,1999,yuba river,interpolated,interpolated,yuba river,temperature,min,14.3872045522635
36,1999,yuba river,interpolated,interpolated,yuba river,temperature,max,19.2378613109415
36,1999,yuba river,interpolated,interpolated,yuba river,temperature,mean,17.17183477833473
36,1999,yuba river,interpolated,interpolated,yuba river,temperature,min,14.387072987664036
37,1999,yuba river,interpolated,interpolated,yuba river,temperature,max,19.56605921403346
37,1999,yuba river,interpolated,interpolated,yuba river,temperature,mean,17.812236357399666
37,1999,yuba river,interpolated,interpolated,yuba river,temperature,min,15.49402124057915
38,1999,yuba river,interpolated,interpolated,yuba river,temperature,max,19.56627821986841
38,1999,yuba river,interpolated,interpolated,yuba river,temperature,mean,17.745427882321472
38,1999,yuba river,interpolated,interpolated,yuba river,temperature,min,15.216823701252244
39,1999,yuba river,interpolated,interpolated,yuba river,temperature,max,19.56632688783173
39,1999,yuba river,interpolated,interpolated,yuba river,temperature,mean,17.30291406597974
39,1999,yuba river,interpolated,interpolated,yuba river,temperature,min,14.662297057998972
40,1999,yuba river,interpolated,interpolated,yuba river,temperature,max,17.92623772969339
40,1999,yuba river,interpolated,interpolated,yuba river,temperature,mean,16.241591452262767
40,1999,yuba river,interpolated,interpolated,yuba river,temperature,min,13.55409894138895
41,1999,yuba river,interpolated,interpolated,yuba river,temperature,max,16.942325371904026
41,1999,yuba river,interpolated,interpolated,yuba river,temperature,mean,15.688576064961172
41,1999,yuba river,interpolated,interpolated,yuba river,temperature,min,13.55370424759056
42,1999,yuba river,interpolated,interpolated,yuba river,temperature,max,15.958242676243028
42,1999,yuba river,interpolated,interpolated,yuba river,temperature,mean,14.317849052556582
42,1999,yuba river,interpolated,interpolated,yuba river,temperature,min,12.4454403486808
43,1999,yuba river,interpolated,interpolated,yuba river,temperature,max,14.974281650490338
43,1999,yuba river,interpolated,interpolated,yuba river,temperature,mean,13.831134607830904
43,1999,yuba river,interpolated,interpolated,yuba river,temperature,min,12.168177027054169
44,1999,yuba river,interpolated,interpolated,yuba river,temperature,max,14.318469859866283
44,1999,yuba river,interpolated,interpolated,yuba river,temperature,mean,13.565423305024956
44,1999,yuba river,interpolated,interpolated,yuba river,temperature,min,11.890913705427533
45,1999,yuba river,interpolated,interpolated,yuba river,temperature,max,14.318494193847943
45,1999,yuba river,interpolated,interpolated,yuba river,temperature,mean,13.122909488683224
45,1999,yuba river,interpolated,interpolated,yuba river,temperature,min,11.613387254601967
46,1999,yuba river,interpolated,interpolated,yuba river,temperature,max,13.990685634462562
46,1999,yuba river,interpolated,interpolated,yuba river,temperature,mean,12.879298500069247
46,1999,yuba river,interpolated,interpolated,yuba river,temperature,min,10.781991983520454
47,1999,yuba river,interpolated,interpolated,yuba river,temperature,max,12.02252024314057
47,1999,yuba river,interpolated,interpolated,yuba river,temperature,mean,11.044464889633227
47,1999,yuba river,interpolated,interpolated,yuba river,temperature,min,9.39692523908219
48,1999,yuba river,interpolated,interpolated,yuba river,temperature,max,11.694711683755187
48,1999,yuba river,interpolated,interpolated,yuba river,temperature,mean,11.397562384202518
48,1999,yuba river,interpolated,interpolated,yuba river,temperature,min,9.950662494738673
49,1999,yuba river,interpolated,interpolated,yuba river,temperature,max,10.710701990039176
49,1999,yuba river,interpolated,interpolated,yuba river,temperature,mean,10.048935685989898
49,1999,yuba river,interpolated,interpolated,yuba river,temperature,min,9.119069876757964
50,1999,yuba river,interpolated,interpolated,yuba river,temperature,max,10.054744195525156
50,1999,yuba river,interpolated,interpolated,yuba river,temperature,mean,9.650622498032112
50,1999,yuba river,interpolated,interpolated,yuba river,temperature,min,8.564674798104157
51,1999,yuba river,interpolated,interpolated,yuba river,temperature,max,10.71106699976409
51,1999,yuba river,interpolated,interpolated,yuba river,temperature,mean,10.136321877753238
51,1999,yuba river,interpolated,interpolated,yuba river,temperature,min,8.8415434259324
52,1999,yuba river,interpolated,interpolated,yuba river,temperature,max,10.383161104452064
52,1999,yuba river,interpolated,interpolated,yuba river,temperature,mean,9.981112145907153
52,1999,yuba river,interpolated,interpolated,yuba river,temperature,min,8.840688256035882
53,1999,yuba river,interpolated,interpolated,yuba river,temperature,max,9.72713030799306
53,1999,yuba river,interpolated,interpolated,yuba river,temperature,mean,9.583016471878912
53,1999,yuba river,interpolated,interpolated,yuba river,temperature,min,8.84062247373615
1,2000,yuba river,interpolated,interpolated,yuba river,temperature,max,9.727300645864688
1,2000,yuba river,interpolated,interpolated,yuba river,temperature,mean,9.38382362557843
1,2000,yuba river,interpolated,interpolated,yuba river,temperature,min,8.286358959681808
2,2000,yuba river,interpolated,interpolated,yuba river,temperature,max,11.039678580544289
2,2000,yuba river,interpolated,interpolated,yuba river,temperature,mean,10.62093368782663
2,2000,yuba river,interpolated,interpolated,yuba river,temperature,min,9.116964843166537
3,2000,yuba river,interpolated,interpolated,yuba river,temperature,max,12.023980282040233
3,2000,yuba river,interpolated,interpolated,yuba river,temperature,mean,11.416037466235375
3,2000,yuba river,interpolated,interpolated,yuba river,temperature,min,10.224176225280576
4,2000,yuba river,interpolated,interpolated,yuba river,temperature,max,11.696074386728204
4,2000,yuba river,interpolated,interpolated,yuba river,temperature,mean,11.349228991157181
4,2000,yuba river,interpolated,interpolated,yuba river,temperature,min,9.669583799727574
5,2000,yuba river,interpolated,interpolated,yuba river,temperature,max,12.024296623801824
5,2000,yuba river,interpolated,interpolated,yuba river,temperature,mean,10.99511643158334
5,2000,yuba river,interpolated,interpolated,yuba river,temperature,min,9.392583607299866
6,2000,yuba river,interpolated,interpolated,yuba river,temperature,max,12.024491295655114
6,2000,yuba river,interpolated,interpolated,yuba river,temperature,mean,11.67971863903222
6,2000,yuba river,interpolated,interpolated,yuba river,temperature,min,10.49986077171364
7,2000,yuba river,interpolated,interpolated,yuba river,temperature,max,12.024588631581755
7,2000,yuba river,interpolated,interpolated,yuba river,temperature,mean,11.679211106529946
7,2000,yuba river,interpolated,interpolated,yuba river,temperature,min,10.499005601817125
8,2000,yuba river,interpolated,interpolated,yuba river,temperature,max,12.024758969453384
8,2000,yuba river,interpolated,interpolated,yuba river,temperature,mean,11.501901060491887
8,2000,yuba river,interpolated,interpolated,yuba river,temperature,min,10.49861090801873
9,2000,yuba river,interpolated,interpolated,yuba river,temperature,max,12.353078542453648
9,2000,yuba river,interpolated,interpolated,yuba river,temperature,mean,11.87709886925315
9,2000,yuba river,interpolated,interpolated,yuba river,temperature,min,10.775019059748846
10,2000,yuba river,interpolated,interpolated,yuba river,temperature,max,12.025075311214977
10,2000,yuba river,interpolated,interpolated,yuba river,temperature,mean,11.69978882321509
10,2000,yuba river,interpolated,interpolated,yuba river,temperature,min,10.77455858365072
11,2000,yuba river,interpolated,interpolated,yuba river,temperature,max,13.33755058182122
11,2000,yuba river,interpolated,interpolated,yuba river,temperature,mean,12.45069197323989
11,2000,yuba river,interpolated,interpolated,yuba river,temperature,min,10.774098107552597
12,2000,yuba river,interpolated,interpolated,yuba river,temperature,max,13.337745253674507
12,2000,yuba river,interpolated,interpolated,yuba river,temperature,mean,12.40598381235367
12,2000,yuba river,interpolated,interpolated,yuba river,temperature,min,10.496900568225694
13,2000,yuba river,interpolated,interpolated,yuba river,temperature,max,13.665845820839824
13,2000,yuba river,interpolated,interpolated,yuba river,temperature,mean,12.648579735963093
13,2000,yuba river,interpolated,interpolated,yuba river,temperature,min,11.050111565484322
14,2000,yuba river,interpolated,interpolated,yuba river,temperature,max,14.650220524280751
14,2000,yuba river,interpolated,interpolated,yuba river,temperature,mean,13.509984456947757
14,2000,yuba river,interpolated,interpolated,yuba river,temperature,min,11.326980193312563
15,2000,yuba river,interpolated,interpolated,yuba river,temperature,max,14.322363296932046
15,2000,yuba river,interpolated,interpolated,yuba river,temperature,mean,13.376875039293644
15,2000,yuba river,interpolated,interpolated,yuba river,temperature,min,11.60305943354402
16,2000,yuba river,interpolated,interpolated,yuba river,temperature,max,14.978686101170982
16,2000,yuba river,interpolated,interpolated,yuba river,temperature,mean,12.713358081032185
16,2000,yuba river,interpolated,interpolated,yuba river,temperature,min,11.325796111917386
17,2000,yuba river,interpolated,interpolated,yuba river,temperature,max,15.634911569483272
17,2000,yuba river,interpolated,interpolated,yuba river,temperature,mean,13.90626751489644
17,2000,yuba river,interpolated,interpolated,yuba river,temperature,min,11.6024016105467
18,2000,yuba river,interpolated,interpolated,yuba river,temperature,max,16.61923760496088
18,2000,yuba river,interpolated,interpolated,yuba river,temperature,mean,14.701371293305186
18,2000,yuba river,interpolated,interpolated,yuba river,temperature,min,11.602072699048035
19,2000,yuba river,interpolated,interpolated,yuba river,temperature,max,15.963279810446858
19,2000,yuba river,interpolated,interpolated,yuba river,temperature,mean,13.662148993780187
19,2000,yuba river,interpolated,interpolated,yuba river,temperature,min,11.324283119023546
20,2000,yuba river,interpolated,interpolated,yuba river,temperature,max,16.947678847869447
20,2000,yuba river,interpolated,interpolated,yuba river,temperature,mean,13.506939261934102
20,2000,yuba river,interpolated,interpolated,yuba river,temperature,min,11.323954207524883
21,2000,yuba river,interpolated,interpolated,yuba river,temperature,max,19.244163812191704
21,2000,yuba river,interpolated,interpolated,yuba river,temperature,mean,17.08668262853142
21,2000,yuba river,interpolated,interpolated,yuba river,temperature,min,13.81616655177746
22,2000,yuba river,interpolated,interpolated,yuba river,temperature,max,18.58815734971436
22,2000,yuba river,interpolated,interpolated,yuba river,temperature,mean,16.577867869613772
22,2000,yuba river,interpolated,interpolated,yuba river,temperature,min,13.5384427540527
23,2000,yuba river,interpolated,interpolated,yuba river,temperature,max,18.916428254751303
23,2000,yuba river,interpolated,interpolated,yuba river,temperature,mean,16.77626316483925
23,2000,yuba river,interpolated,interpolated,yuba river,temperature,min,14.091785315910792
24,2000,yuba river,interpolated,interpolated,yuba river,temperature,max,20.88498298977987
24,2000,yuba river,interpolated,interpolated,yuba river,temperature,mean,17.59346725743997
24,2000,yuba river,interpolated,interpolated,yuba river,temperature,min,13.814785123483086
25,2000,yuba river,interpolated,interpolated,yuba river,temperature,max,21.21320522685349
25,2000,yuba river,interpolated,interpolated,yuba river,temperature,mean,19.22838297514368
25,2000,yuba river,interpolated,interpolated,yuba river,temperature,min,16.306536991637536
26,2000,yuba river,interpolated,interpolated,yuba river,temperature,max,22.52555882755143
26,2000,yuba river,interpolated,interpolated,yuba river,temperature,mean,20.089787696128344
26,2000,yuba river,interpolated,interpolated,yuba river,temperature,min,16.583142490266848
27,2000,yuba river,interpolated,interpolated,yuba river,temperature,max,21.21339989870678
27,2000,yuba river,interpolated,interpolated,yuba river,temperature,mean,18.719060683723754
27,2000,yuba river,interpolated,interpolated,yuba river,temperature,min,15.75154987228614
28,2000,yuba river,interpolated,interpolated,yuba river,temperature,max,21.213716240468372
28,2000,yuba river,interpolated,interpolated,yuba river,temperature,mean,18.939556293141205
28,2000,yuba river,interpolated,interpolated,yuba river,temperature,min,15.474483897558702
29,2000,yuba river,interpolated,interpolated,yuba river,temperature,max,21.869966042762325
29,2000,yuba river,interpolated,interpolated,yuba river,temperature,mean,19.403155358670357
29,2000,yuba river,interpolated,interpolated,yuba river,temperature,min,16.304629304945305
30,2000,yuba river,interpolated,interpolated,yuba river,temperature,max,21.54210881541362
30,2000,yuba river,interpolated,interpolated,yuba river,temperature,mean,19.44684845455203
30,2000,yuba river,interpolated,interpolated,yuba river,temperature,min,16.304366175746374
31,2000,yuba river,interpolated,interpolated,yuba river,temperature,max,22.526386182927904
31,2000,yuba river,interpolated,interpolated,yuba river,temperature,mean,20.087250033616964
31,2000,yuba river,interpolated,interpolated,yuba river,temperature,min,16.580905892075954
32,2000,yuba river,interpolated,interpolated,yuba river,temperature,max,22.526459184872888
32,2000,yuba river,interpolated,interpolated,yuba river,temperature,mean,19.79943841661904
32,2000,yuba river,interpolated,interpolated,yuba river,temperature,min,16.303116312051465
33,2000,yuba river,interpolated,interpolated,yuba river,temperature,max,20.886467362661193
33,2000,yuba river,interpolated,interpolated,yuba river,temperature,mean,18.892818002245882
33,2000,yuba river,interpolated,interpolated,yuba river,temperature,min,16.025721425825367
34,2000,yuba river,interpolated,interpolated,yuba river,temperature,max,20.230558236110493
34,2000,yuba river,interpolated,interpolated,yuba river,temperature,mean,18.317702300752313
34,2000,yuba river,interpolated,interpolated,yuba river,temperature,min,15.47139212947129
35,2000,yuba river,interpolated,interpolated,yuba river,temperature,max,19.902603672835145
35,2000,yuba river,interpolated,interpolated,yuba river,temperature,mean,17.80888754183466
35,2000,yuba river,interpolated,interpolated,yuba river,temperature,min,15.470931653373166
36,2000,yuba river,interpolated,interpolated,yuba river,temperature,max,18.26261185062345
36,2000,yuba river,interpolated,interpolated,yuba river,temperature,mean,16.34975927266218
36,2000,yuba river,interpolated,interpolated,yuba river,temperature,min,13.808996281106657
37,2000,yuba river,interpolated,interpolated,yuba river,temperature,max,19.24693788610106
37,2000,yuba river,interpolated,interpolated,yuba river,temperature,mean,17.166963365262898
37,2000,yuba river,interpolated,interpolated,yuba river,temperature,min,14.362601972163676
38,2000,yuba river,interpolated,interpolated,yuba river,temperature,max,20.231215253615343
38,2000,yuba river,interpolated,interpolated,yuba river,temperature,mean,18.1609699713994
38,2000,yuba river,interpolated,interpolated,yuba river,temperature,min,15.192944726449475
39,2000,yuba river,interpolated,interpolated,yuba river,temperature,max,18.263122864238333
39,2000,yuba river,interpolated,interpolated,yuba river,temperature,mean,16.723942016418892
39,2000,yuba river,interpolated,interpolated,yuba river,temperature,min,14.361615237667696
40,2000,yuba river,interpolated,interpolated,yuba river,temperature,max,18.59124776538531
40,2000,yuba river,interpolated,interpolated,yuba river,temperature,mean,16.966537940028317
40,2000,yuba river,interpolated,interpolated,yuba river,temperature,min,14.637826042498617
41,2000,yuba river,interpolated,interpolated,yuba river,temperature,max,17.607238071669297
41,2000,yuba river,interpolated,interpolated,yuba river,temperature,mean,15.286406528936105
41,2000,yuba river,interpolated,interpolated,yuba river,temperature,min,12.6988904778044
42,2000,yuba river,interpolated,interpolated,yuba river,temperature,max,15.639121348310628
42,2000,yuba river,interpolated,interpolated,yuba river,temperature,mean,14.446087057138863
42,2000,yuba river,interpolated,interpolated,yuba river,temperature,min,12.69856156630574
43,2000,yuba river,interpolated,interpolated,yuba river,temperature,max,14.655087320612957
43,2000,yuba river,interpolated,interpolated,yuba river,temperature,mean,13.296363186654002
43,2000,yuba river,interpolated,interpolated,yuba river,temperature,min,11.59016610279652
44,2000,yuba river,interpolated,interpolated,yuba river,temperature,max,13.671247964768568
44,2000,yuba river,interpolated,interpolated,yuba river,temperature,mean,12.632846228392541
44,2000,yuba river,interpolated,interpolated,yuba river,temperature,min,11.03596837104191
45,2000,yuba river,interpolated,interpolated,yuba river,temperature,max,13.343244733529897
45,2000,yuba river,interpolated,interpolated,yuba river,temperature,mean,12.19033241205081
45,2000,yuba river,interpolated,interpolated,yuba river,temperature,min,10.48150751008837
46,2000,yuba river,interpolated,interpolated,yuba river,temperature,max,11.047027443005913
46,2000,yuba river,interpolated,interpolated,yuba river,temperature,mean,10.001893774543225
46,2000,yuba river,interpolated,interpolated,yuba river,temperature,min,8.819440573222398
47,2000,yuba river,interpolated,interpolated,yuba river,temperature,max,10.39123998636352
47,2000,yuba river,interpolated,interpolated,yuba river,temperature,mean,9.802483414313194
47,2000,yuba river,interpolated,interpolated,yuba river,temperature,min,8.542440380794691
48,2000,yuba river,interpolated,interpolated,yuba river,temperature,max,12.03162115228179
48,2000,yuba river,interpolated,interpolated,yuba river,temperature,mean,10.973292533985477
48,2000,yuba river,interpolated,interpolated,yuba river,temperature,min,9.649717545208464
49,2000,yuba river,interpolated,interpolated,yuba river,temperature,max,11.04768446051076
49,2000,yuba river,interpolated,interpolated,yuba river,temperature,mean,10.530778717643745
49,2000,yuba river,interpolated,interpolated,yuba river,temperature,min,9.372125312083169
50,2000,yuba river,interpolated,interpolated,yuba river,temperature,max,11.375785027676075
50,2000,yuba river,interpolated,interpolated,yuba river,temperature,mean,10.905976526405007
50,2000,yuba river,interpolated,interpolated,yuba river,temperature,min,10.202270719469771
51,2000,yuba river,interpolated,interpolated,yuba river,temperature,max,11.048025136254015
51,2000,yuba river,interpolated,interpolated,yuba river,temperature,mean,10.286660196527492
51,2000,yuba river,interpolated,interpolated,yuba river,temperature,min,9.094269949758944
52,2000,yuba river,interpolated,interpolated,yuba river,temperature,max,10.391994339795012
52,2000,yuba river,interpolated,interpolated,yuba river,temperature,mean,9.888347008569706
52,2000,yuba river,interpolated,interpolated,yuba river,temperature,min,8.816677716633649
53,2000,yuba river,interpolated,interpolated,yuba river,temperature,max,9.736036545280992
53,2000,yuba river,interpolated,interpolated,yuba river,temperature,mean,9.55651602479579
53,2000,yuba river,interpolated,interpolated,yuba river,temperature,min,8.816546152034183
1,2001,yuba river,interpolated,interpolated,yuba river,temperature,max,10.064234448372952
1,2001,yuba river,interpolated,interpolated,yuba river,temperature,mean,9.644591010669364
1,2001,yuba river,interpolated,interpolated,yuba river,temperature,min,8.81615145823579
2,2001,yuba river,interpolated,interpolated,yuba river,temperature,max,10.720508584648565
2,2001,yuba river,interpolated,interpolated,yuba river,temperature,mean,10.395494160694163
2,2001,yuba river,interpolated,interpolated,yuba river,temperature,min,9.369494020093882
3,2001,yuba river,interpolated,interpolated,yuba river,temperature,max,9.736547558895872
3,2001,yuba river,interpolated,interpolated,yuba river,temperature,mean,9.135268719249437
3,2001,yuba river,interpolated,interpolated,yuba river,temperature,min,7.707690212426838
4,2001,yuba river,interpolated,interpolated,yuba river,temperature,max,11.048828157648828
4,2001,yuba river,interpolated,interpolated,yuba river,temperature,mean,10.107175011193965
4,2001,yuba river,interpolated,interpolated,yuba river,temperature,min,8.814704247641684
5,2001,yuba river,interpolated,interpolated,yuba river,temperature,max,11.705199629851084
5,2001,yuba river,interpolated,interpolated,yuba river,temperature,mean,10.040366536115771
5,2001,yuba river,interpolated,interpolated,yuba river,temperature,min,8.260638080486537
6,2001,yuba river,interpolated,interpolated,yuba river,temperature,max,11.705223963832749
6,2001,yuba river,interpolated,interpolated,yuba river,temperature,mean,10.150360574573359
6,2001,yuba river,interpolated,interpolated,yuba river,temperature,min,8.26011182208868
7,2001,yuba river,interpolated,interpolated,yuba river,temperature,max,11.377439738429024
7,2001,yuba river,interpolated,interpolated,yuba river,temperature,mean,10.370856183990812
7,2001,yuba river,interpolated,interpolated,yuba river,temperature,min,9.09045457637448
8,2001,yuba river,interpolated,interpolated,yuba river,temperature,max,11.705710643465968
8,2001,yuba river,interpolated,interpolated,yuba river,temperature,mean,11.143859648207584
8,2001,yuba river,interpolated,interpolated,yuba river,temperature,min,9.920731548360546
9,2001,yuba river,interpolated,interpolated,yuba river,temperature,max,12.03381121063128
9,2001,yuba river,interpolated,interpolated,yuba river,temperature,mean,10.966549602169525
9,2001,yuba river,interpolated,interpolated,yuba river,temperature,min,9.643270879834716
10,2001,yuba river,interpolated,interpolated,yuba river,temperature,max,12.690158348851876
10,2001,yuba river,interpolated,interpolated,yuba river,temperature,mean,11.82795432315419
10,2001,yuba river,interpolated,interpolated,yuba river,temperature,min,10.19667922399254
11,2001,yuba river,interpolated,interpolated,yuba river,temperature,max,13.674533052292803
11,2001,yuba river,interpolated,interpolated,yuba river,temperature,mean,12.026349618379669
11,2001,yuba river,interpolated,interpolated,yuba river,temperature,min,10.47321894032212
12,2001,yuba river,interpolated,interpolated,yuba river,temperature,max,14.330709852641776
12,2001,yuba river,interpolated,interpolated,yuba river,temperature,mean,13.152958109668008
12,2001,yuba river,interpolated,interpolated,yuba river,temperature,min,11.58036454013643
13,2001,yuba river,interpolated,interpolated,yuba river,temperature,max,14.330977526440044
13,2001,yuba river,interpolated,interpolated,yuba river,temperature,mean,13.019848692013893
13,2001,yuba river,interpolated,interpolated,yuba river,temperature,min,11.026364155281016
14,2001,yuba river,interpolated,interpolated,yuba river,temperature,max,13.346846162815728
14,2001,yuba river,interpolated,interpolated,yuba river,temperature,mean,11.406018223497602
14,2001,yuba river,interpolated,interpolated,yuba river,temperature,min,9.363968306916384
15,2001,yuba river,interpolated,interpolated,yuba river,temperature,max,13.675214403779314
15,2001,yuba river,interpolated,interpolated,yuba river,temperature,mean,11.670714461299001
15,2001,yuba river,interpolated,interpolated,yuba river,temperature,min,9.363836742316918
16,2001,yuba river,interpolated,interpolated,yuba river,temperature,max,15.315522567752598
16,2001,yuba river,interpolated,interpolated,yuba river,temperature,mean,12.952025151931148
16,2001,yuba river,interpolated,interpolated,yuba river,temperature,min,10.747785187659735
17,2001,yuba river,interpolated,interpolated,yuba river,temperature,max,16.62792483641386
17,2001,yuba river,interpolated,interpolated,yuba river,temperature,mean,14.564840555442887
17,2001,yuba river,interpolated,interpolated,yuba river,temperature,min,11.855391263572171
18,2001,yuba river,interpolated,interpolated,yuba river,temperature,max,16.300018941101833
18,2001,yuba river,interpolated,interpolated,yuba river,temperature,mean,14.32122956682891
18,2001,yuba river,interpolated,interpolated,yuba river,temperature,min,11.85466765827512
19,2001,yuba river,interpolated,interpolated,yuba river,temperature,max,17.284417978524424
19,2001,yuba river,interpolated,interpolated,yuba river,temperature,mean,15.624640571653028
19,2001,yuba river,interpolated,interpolated,yuba river,temperature,min,12.685273541759845
20,2001,yuba river,interpolated,interpolated,yuba river,temperature,max,19.58100027877332
20,2001,yuba river,interpolated,interpolated,yuba river,temperature,mean,16.30924277910191
20,2001,yuba river,interpolated,interpolated,yuba river,temperature,min,13.515616296045645
21,2001,yuba river,interpolated,interpolated,yuba river,temperature,max,20.893305211507936
21,2001,yuba river,interpolated,interpolated,yuba river,temperature,mean,18.47456603741297
21,2001,yuba river,interpolated,interpolated,yuba river,temperature,min,15.45330199704495
22,2001,yuba river,interpolated,interpolated,yuba river,temperature,max,20.56542365017757
22,2001,yuba river,interpolated,interpolated,yuba river,temperature,mean,18.1425537920311
22,2001,yuba river,interpolated,interpolated,yuba river,temperature,min,15.17590711081885
23,2001,yuba river,interpolated,interpolated,yuba river,temperature,max,19.909563191590195
23,2001,yuba river,interpolated,interpolated,yuba river,temperature,mean,17.545337776345562
23,2001,yuba river,interpolated,interpolated,yuba river,temperature,min,14.345038098135191
24,2001,yuba river,interpolated,interpolated,yuba river,temperature,max,20.8938892270678
24,2001,yuba river,interpolated,interpolated,yuba river,temperature,mean,18.075237784450632
24,2001,yuba river,interpolated,interpolated,yuba river,temperature,min,14.898314877693553
25,2001,yuba river,interpolated,interpolated,yuba river,temperature,max,22.534270392986073
25,2001,yuba river,interpolated,interpolated,yuba river,temperature,mean,19.511250674426588
25,2001,yuba river,interpolated,interpolated,yuba river,temperature,min,16.282263323036375
26,2001,yuba river,interpolated,interpolated,yuba river,temperature,max,21.550333701215042
26,2001,yuba river,interpolated,interpolated,yuba river,temperature,mean,17.98582146267819
26,2001,yuba river,interpolated,interpolated,yuba river,temperature,min,14.620393733069596
27,2001,yuba river,interpolated,interpolated,yuba river,temperature,max,22.534586734747663
27,2001,yuba river,interpolated,interpolated,yuba river,temperature,mean,19.974342207453468
27,2001,yuba river,interpolated,interpolated,yuba river,temperature,min,16.55867147476649
28,2001,yuba river,interpolated,interpolated,yuba river,temperature,max,22.534708404655973
28,2001,yuba river,interpolated,interpolated,yuba river,temperature,mean,20.128536874294998
28,2001,yuba river,interpolated,interpolated,yuba river,temperature,min,16.834750714997945
29,2001,yuba river,interpolated,interpolated,yuba river,temperature,max,21.22279281562793
29,2001,yuba river,interpolated,interpolated,yuba river,temperature,mean,19.06721426057803
29,2001,yuba river,interpolated,interpolated,yuba river,temperature,min,16.003487008515897
30,2001,yuba river,interpolated,interpolated,yuba river,temperature,max,22.53512208234421
30,2001,yuba river,interpolated,interpolated,yuba river,temperature,mean,19.99491992413861
30,2001,yuba river,interpolated,interpolated,yuba river,temperature,min,16.28035563634414
31,2001,yuba river,interpolated,interpolated,yuba river,temperature,max,21.87916428783019
31,2001,yuba river,interpolated,interpolated,yuba river,temperature,mean,19.64080736456477
31,2001,yuba river,interpolated,interpolated,yuba river,temperature,min,16.556434876575597
32,2001,yuba river,interpolated,interpolated,yuba river,temperature,max,22.86346598932613
32,2001,yuba river,interpolated,interpolated,yuba river,temperature,mean,20.170707372669842
32,2001,yuba river,interpolated,interpolated,yuba river,temperature,min,16.83330350440384
33,2001,yuba river,interpolated,interpolated,yuba river,temperature,max,21.551453064371447
33,2001,yuba river,interpolated,interpolated,yuba river,temperature,mean,19.374588529256545
33,2001,yuba river,interpolated,interpolated,yuba river,temperature,min,16.555513924379348
34,2001,yuba river,interpolated,interpolated,yuba river,temperature,max,21.223644504986066
34,2001,yuba river,interpolated,interpolated,yuba river,temperature,mean,18.954175027106785
34,2001,yuba river,interpolated,interpolated,yuba river,temperature,min,16.27818482045298
35,2001,yuba river,interpolated,interpolated,yuba river,temperature,max,21.55176940613304
35,2001,yuba river,interpolated,interpolated,yuba river,temperature,mean,19.50617534940383
35,2001,yuba river,interpolated,interpolated,yuba river,temperature,min,16.55498766598149
36,2001,yuba river,interpolated,interpolated,yuba river,temperature,max,21.223839176839356
36,2001,yuba river,interpolated,interpolated,yuba river,temperature,mean,18.555354306646723
36,2001,yuba river,interpolated,interpolated,yuba river,temperature,min,15.44652642017254
37,2001,yuba river,interpolated,interpolated,yuba river,temperature,max,19.911947921792976
37,2001,yuba river,interpolated,interpolated,yuba river,temperature,mean,18.046539547729072
37,2001,yuba river,interpolated,interpolated,yuba river,temperature,min,15.446197508673876
38,2001,yuba river,interpolated,interpolated,yuba river,temperature,max,20.24007282293995
38,2001,yuba river,interpolated,interpolated,yuba river,temperature,mean,18.178633900378635
38,2001,yuba river,interpolated,interpolated,yuba river,temperature,min,15.7224083135048
39,2001,yuba river,interpolated,interpolated,yuba river,temperature,max,18.928011230021944
39,2001,yuba river,interpolated,interpolated,yuba river,temperature,mean,17.139411600853638
39,2001,yuba river,interpolated,interpolated,yuba river,temperature,min,14.614275979194506
40,2001,yuba river,interpolated,interpolated,yuba river,temperature,max,19.25623346709557
40,2001,yuba river,interpolated,interpolated,yuba river,temperature,mean,17.138904068351362
40,2001,yuba river,interpolated,interpolated,yuba river,temperature,min,14.336815310668674
41,2001,yuba river,interpolated,interpolated,yuba river,temperature,max,17.616119974975568
41,2001,yuba river,interpolated,interpolated,yuba river,temperature,mean,15.679775799178879
41,2001,yuba river,interpolated,interpolated,yuba river,temperature,min,13.505617386486358
42,2001,yuba river,interpolated,interpolated,yuba river,temperature,max,16.304155717984205
42,2001,yuba river,interpolated,interpolated,yuba river,temperature,mean,15.10466009768531
42,2001,yuba river,interpolated,interpolated,yuba river,temperature,min,12.951222307832552
43,2001,yuba river,interpolated,interpolated,yuba river,temperature,max,15.32012169028653
43,2001,yuba river,interpolated,interpolated,yuba river,temperature,mean,14.109638426544258
43,2001,yuba river,interpolated,interpolated,yuba river,temperature,min,12.120221730549432
44,2001,yuba river,interpolated,interpolated,yuba river,temperature,max,14.664212563735834
44,2001,yuba river,interpolated,interpolated,yuba river,temperature,mean,13.843927123738307
44,2001,yuba river,interpolated,interpolated,yuba river,temperature,min,12.119498125252376
45,2001,yuba river,interpolated,interpolated,yuba river,temperature,max,14.336282334442146
45,2001,yuba river,interpolated,interpolated,yuba river,temperature,mean,13.114109222900929
45,2001,yuba river,interpolated,interpolated,yuba river,temperature,min,11.288431765669523
46,2001,yuba river,interpolated,interpolated,yuba river,temperature,max,14.008473775056764
46,2001,yuba river,interpolated,interpolated,yuba river,temperature,mean,13.4009057748943
46,2001,yuba river,interpolated,interpolated,yuba river,temperature,min,11.841642762928153
47,2001,yuba river,interpolated,interpolated,yuba river,temperature,max,13.680592213726396
47,2001,yuba river,interpolated,interpolated,yuba river,temperature,mean,12.803689759208758
47,2001,yuba river,interpolated,interpolated,yuba river,temperature,min,11.010379056446103
48,2001,yuba river,interpolated,interpolated,yuba river,temperature,max,12.040576057533045
48,2001,yuba river,interpolated,interpolated,yuba river,temperature,mean,10.968856148772739
48,2001,yuba river,interpolated,interpolated,yuba river,temperature,min,9.625575441206768
49,2001,yuba river,interpolated,interpolated,yuba river,temperature,max,11.712548492312711
49,2001,yuba river,interpolated,interpolated,yuba river,temperature,mean,11.123050815614272
49,2001,yuba river,interpolated,interpolated,yuba river,temperature,min,10.17865487386593
50,2001,yuba river,interpolated,interpolated,yuba river,temperature,max,11.056712367706997
50,2001,yuba river,interpolated,interpolated,yuba river,temperature,mean,10.216430401241112
50,2001,yuba river,interpolated,interpolated,yuba river,temperature,min,9.070719886454835
51,2001,yuba river,interpolated,interpolated,yuba river,temperature,max,11.38498327274394
51,2001,yuba river,interpolated,interpolated,yuba river,temperature,mean,11.210437007377612
51,2001,yuba river,interpolated,interpolated,yuba river,temperature,min,10.178128615468072
52,2001,yuba river,interpolated,interpolated,yuba river,temperature,max,12.697361207423535
52,2001,yuba river,interpolated,interpolated,yuba river,temperature,mean,11.519333873562955
52,2001,yuba river,interpolated,interpolated,yuba river,temperature,min,9.900733729241972
53,2001,yuba river,interpolated,interpolated,yuba river,temperature,max,12.6973855414052
53,2001,yuba river,interpolated,interpolated,yuba river,temperature,mean,12.778761763932676
53,2001,yuba river,interpolated,interpolated,yuba river,temperature,min,12.115748534167643
1,2002,yuba river,interpolated,interpolated,yuba river,temperature,max,12.69743420936852
1,2002,yuba river,interpolated,interpolated,yuba river,temperature,mean,12.115462319600763
1,2002,yuba river,interpolated,interpolated,yuba river,temperature,min,11.007681982157086
2,2002,yuba river,interpolated,interpolated,yuba river,temperature,max,12.041500748836162
2,2002,yuba river,interpolated,interpolated,yuba river,temperature,mean,11.230942219419575
2,2002,yuba river,interpolated,interpolated,yuba river,temperature,min,9.622417890819625
3,2002,yuba river,interpolated,interpolated,yuba river,temperature,max,9.745429462202145
3,2002,yuba river,interpolated,interpolated,yuba river,temperature,mean,9.528710494135392
3,2002,yuba river,interpolated,interpolated,yuba river,temperature,min,8.514351338809064
4,2002,yuba river,interpolated,interpolated,yuba river,temperature,max,10.073627365294104
4,2002,yuba river,interpolated,interpolated,yuba river,temperature,mean,9.24089887713747
4,2002,yuba river,interpolated,interpolated,yuba river,temperature,min,7.960219389354187
5,2002,yuba river,interpolated,interpolated,yuba river,temperature,max,10.07382203714739
5,2002,yuba river,interpolated,interpolated,yuba river,temperature,mean,9.085689145291385
5,2002,yuba river,interpolated,interpolated,yuba river,temperature,min,7.959693130956328
6,2002,yuba river,interpolated,interpolated,yuba river,temperature,max,10.730096173423004
6,2002,yuba river,interpolated,interpolated,yuba river,temperature,mean,10.123896379811832
6,2002,yuba river,interpolated,interpolated,yuba river,temperature,min,8.79010166754186
7,2002,yuba river,interpolated,interpolated,yuba river,temperature,max,12.04237677217596
7,2002,yuba river,interpolated,interpolated,yuba river,temperature,mean,11.051602043372414
7,2002,yuba river,interpolated,interpolated,yuba river,temperature,min,9.62051020412739
8,2002,yuba river,interpolated,interpolated,yuba river,temperature,max,12.370696345176224
8,2002,yuba river,interpolated,interpolated,yuba river,temperature,mean,11.69200362243735
8,2002,yuba river,interpolated,interpolated,yuba river,temperature,min,10.450458264614795
9,2002,yuba river,interpolated,interpolated,yuba river,temperature,max,12.698796912341535
9,2002,yuba river,interpolated,interpolated,yuba river,temperature,mean,11.359991377055481
9,2002,yuba river,interpolated,interpolated,yuba river,temperature,min,9.61926034043248
10,2002,yuba river,interpolated,interpolated,yuba river,temperature,max,12.042985121717484
10,2002,yuba river,interpolated,interpolated,yuba river,temperature,mean,10.983778503289667
10,2002,yuba river,interpolated,interpolated,yuba river,temperature,min,9.341997018805843
11,2002,yuba river,interpolated,interpolated,yuba river,temperature,max,12.371061354901135
11,2002,yuba river,interpolated,interpolated,yuba river,temperature,mean,10.939070342403447
11,2002,yuba river,interpolated,interpolated,yuba river,temperature,min,9.064404785680548
12,2002,yuba river,interpolated,interpolated,yuba river,temperature,max,13.355436058342065
12,2002,yuba river,interpolated,interpolated,yuba river,temperature,mean,11.734174120812192
12,2002,yuba river,interpolated,interpolated,yuba river,temperature,min,9.341273413508793
13,2002,yuba river,interpolated,interpolated,yuba river,temperature,max,14.667911328948309
13,2002,yuba river,interpolated,interpolated,yuba river,temperature,mean,13.015484811444338
13,2002,yuba river,interpolated,interpolated,yuba river,temperature,min,10.725419205750809
14,2002,yuba river,interpolated,interpolated,yuba river,temperature,max,14.996011896113624
14,2002,yuba river,interpolated,interpolated,yuba river,temperature,mean,13.611685762125328
14,2002,yuba river,interpolated,interpolated,yuba river,temperature,min,11.55556461313741
15,2002,yuba river,interpolated,interpolated,yuba river,temperature,max,15.65238336831588
15,2002,yuba river,interpolated,interpolated,yuba river,temperature,mean,13.787980743158835
15,2002,yuba river,interpolated,interpolated,yuba river,temperature,min,11.832235894066455
16,2002,yuba river,interpolated,interpolated,yuba river,temperature,max,14.66842234256319
16,2002,yuba river,interpolated,interpolated,yuba river,temperature,mean,12.262551531410434
16,2002,yuba river,interpolated,interpolated,yuba river,temperature,min,10.17003739260102
17,2002,yuba river,interpolated,interpolated,yuba river,temperature,max,15.980702941316144
17,2002,yuba river,interpolated,interpolated,yuba river,temperature,mean,13.477561279466663
17,2002,yuba river,interpolated,interpolated,yuba river,temperature,min,11.277182992415328
18,2002,yuba river,interpolated,interpolated,yuba river,temperature,max,16.965126312720393
18,2002,yuba river,interpolated,interpolated,yuba river,temperature,mean,14.294765372067381
18,2002,yuba river,interpolated,interpolated,yuba river,temperature,min,11.000117017687888
19,2002,yuba river,interpolated,interpolated,yuba river,temperature,max,17.293348549794015
19,2002,yuba river,interpolated,interpolated,yuba river,temperature,mean,15.04566852209218
19,2002,yuba river,interpolated,interpolated,yuba river,temperature,min,12.384065463030709
20,2002,yuba river,interpolated,interpolated,yuba river,temperature,max,18.277601583326636
20,2002,yuba river,interpolated,interpolated,yuba river,temperature,mean,15.597668844389226
20,2002,yuba river,interpolated,interpolated,yuba river,temperature,min,12.383473422333118
21,2002,yuba river,interpolated,interpolated,yuba river,temperature,max,17.949768689959594
21,2002,yuba river,interpolated,interpolated,yuba river,temperature,mean,14.867850943551847
21,2002,yuba river,interpolated,interpolated,yuba river,temperature,min,11.55253862734973
22,2002,yuba river,interpolated,interpolated,yuba river,temperature,max,20.574305553483843
22,2002,yuba river,interpolated,interpolated,yuba river,temperature,mean,17.828785512773926
22,2002,yuba river,interpolated,interpolated,yuba river,temperature,min,14.04455362470311
23,2002,yuba river,interpolated,interpolated,yuba river,temperature,max,20.9025034565758
23,2002,yuba river,interpolated,interpolated,yuba river,temperature,mean,17.872478608655598
23,2002,yuba river,interpolated,interpolated,yuba river,temperature,min,14.320632864934566
24,2002,yuba river,interpolated,interpolated,yuba river,temperature,max,20.57471923117208
24,2002,yuba river,interpolated,interpolated,yuba river,temperature,mean,18.24767641741686
24,2002,yuba river,interpolated,interpolated,yuba river,temperature,min,14.874435902890784
25,2002,yuba river,interpolated,interpolated,yuba river,temperature,max,21.559045266649683
25,2002,yuba river,interpolated,interpolated,yuba river,temperature,mean,19.064880510017577
25,2002,yuba river,interpolated,interpolated,yuba river,temperature,min,15.981713067304558
26,2002,yuba river,interpolated,interpolated,yuba river,temperature,max,22.54337130212729
26,2002,yuba river,interpolated,interpolated,yuba river,temperature,mean,20.125188058729996
26,2002,yuba river,interpolated,interpolated,yuba river,temperature,min,16.812055821590356
27,2002,yuba river,interpolated,interpolated,yuba river,temperature,max,22.54354163999892
27,2002,yuba river,interpolated,interpolated,yuba river,temperature,mean,20.3014830397635
27,2002,yuba river,interpolated,interpolated,yuba river,temperature,min,17.08833240872101
28,2002,yuba river,interpolated,interpolated,yuba river,temperature,max,23.855895240696853
28,2002,yuba river,interpolated,interpolated,yuba river,temperature,mean,21.229188703324084
28,2002,yuba river,interpolated,interpolated,yuba river,temperature,min,17.365003689650056
29,2002,yuba river,interpolated,interpolated,yuba river,temperature,max,23.199937446182833
29,2002,yuba river,interpolated,interpolated,yuba river,temperature,mean,20.654073001830515
29,2002,yuba river,interpolated,interpolated,yuba river,temperature,min,17.364477431252197
30,2002,yuba river,interpolated,interpolated,yuba river,temperature,max,22.87210455281579
30,2002,yuba river,interpolated,interpolated,yuba river,temperature,mean,20.49886326998443
30,2002,yuba river,interpolated,interpolated,yuba river,temperature,min,17.086950980426636
31,2002,yuba river,interpolated,interpolated,yuba river,temperature,max,22.872201888742435
31,2002,yuba river,interpolated,interpolated,yuba river,temperature,mean,20.454155109098206
31,2002,yuba river,interpolated,interpolated,yuba river,temperature,min,16.80935874730134
32,2002,yuba river,interpolated,interpolated,yuba river,temperature,max,22.21634143015506
32,2002,yuba river,interpolated,interpolated,yuba river,temperature,mean,19.23813029603743
32,2002,yuba river,interpolated,interpolated,yuba river,temperature,min,15.701423759890243
33,2002,yuba river,interpolated,interpolated,yuba river,temperature,max,22.5444906652837
33,2002,yuba river,interpolated,interpolated,yuba river,temperature,mean,20.431039729901684
33,2002,yuba river,interpolated,interpolated,yuba river,temperature,min,17.362306615361035
34,2002,yuba river,interpolated,interpolated,yuba river,temperature,max,20.904328505200375
34,2002,yuba river,interpolated,interpolated,yuba river,temperature,mean,18.728808004617502
34,2002,yuba river,interpolated,interpolated,yuba river,temperature,min,15.70037124309453
35,2002,yuba river,interpolated,interpolated,yuba river,temperature,max,21.232696746163963
35,2002,yuba river,interpolated,interpolated,yuba river,temperature,mean,19.17030675595468
35,2002,yuba river,interpolated,interpolated,yuba river,temperature,min,15.977108306323307
36,2002,yuba river,interpolated,interpolated,yuba river,temperature,max,20.904669180943632
36,2002,yuba river,interpolated,interpolated,yuba river,temperature,mean,17.755379115166146
36,2002,yuba river,interpolated,interpolated,yuba river,temperature,min,14.314646675658942
37,2002,yuba river,interpolated,interpolated,yuba river,temperature,max,19.59270492395227
37,2002,yuba river,interpolated,interpolated,yuba river,temperature,mean,17.467567498168226
37,2002,yuba river,interpolated,interpolated,yuba river,temperature,min,14.591515303487183
38,2002,yuba river,interpolated,interpolated,yuba river,temperature,max,19.92097582898921
38,2002,yuba river,interpolated,interpolated,yuba river,temperature,mean,17.798564678545542
38,2002,yuba river,interpolated,interpolated,yuba river,temperature,min,15.144857865345276
39,2002,yuba river,interpolated,interpolated,yuba river,temperature,max,19.59297259775054
39,2002,yuba river,interpolated,interpolated,yuba river,temperature,mean,18.01927780189254
39,2002,yuba river,interpolated,interpolated,yuba river,temperature,min,15.698331991802831
42,2002,yuba river,interpolated,interpolated,yuba river,temperature,max,15.657006824831472
42,2002,yuba river,interpolated,interpolated,yuba river,temperature,mean,14.65265609776353
42,2002,yuba river,interpolated,interpolated,yuba river,temperature,min,12.927211768430318
43,2002,yuba river,interpolated,interpolated,yuba river,temperature,max,15.32897925961114
43,2002,yuba river,interpolated,interpolated,yuba river,temperature,mean,14.061073917590756
43,2002,yuba river,interpolated,interpolated,yuba river,temperature,min,12.372882472076242
44,2002,yuba river,interpolated,interpolated,yuba river,temperature,max,14.016942000674796
44,2002,yuba river,interpolated,interpolated,yuba river,temperature,mean,12.049437793618955
44,2002,yuba river,interpolated,interpolated,yuba river,temperature,min,10.15694671495432
45,2002,yuba river,interpolated,interpolated,yuba river,temperature,max,13.03310264483041
45,2002,yuba river,interpolated,interpolated,yuba river,temperature,mean,12.269933403036408
45,2002,yuba river,interpolated,interpolated,yuba river,temperature,min,10.15688093265459
46,2002,yuba river,interpolated,interpolated,yuba river,temperature,max,13.033175646775394
46,2002,yuba river,interpolated,interpolated,yuba river,temperature,mean,12.026322414422431
46,2002,yuba river,interpolated,interpolated,yuba river,temperature,min,10.432960172886046
47,2002,yuba river,interpolated,interpolated,yuba river,temperature,max,12.705342753408347
47,2002,yuba river,interpolated,interpolated,yuba river,temperature,mean,12.0700155103041
47,2002,yuba river,interpolated,interpolated,yuba river,temperature,min,10.432894390586313
48,2002,yuba river,interpolated,interpolated,yuba river,temperature,max,12.04933629093101
48,2002,yuba river,interpolated,interpolated,yuba river,temperature,mean,11.074993839163046
48,2002,yuba river,interpolated,interpolated,yuba river,temperature,min,9.878170400433843
49,2002,yuba river,interpolated,interpolated,yuba river,temperature,max,11.721454729600644
49,2002,yuba river,interpolated,interpolated,yuba river,temperature,mean,10.98608504989288
49,2002,yuba river,interpolated,interpolated,yuba river,temperature,min,9.877775706635454
50,2002,yuba river,interpolated,interpolated,yuba river,temperature,max,13.033905666225223
50,2002,yuba river,interpolated,interpolated,yuba river,temperature,mean,11.913790713453462
50,2002,yuba river,interpolated,interpolated,yuba river,temperature,min,10.1544469875645
51,2002,yuba river,interpolated,interpolated,yuba river,temperature,max,12.049822970564229
51,2002,yuba river,interpolated,interpolated,yuba river,temperature,mean,10.985069984888328
51,2002,yuba river,interpolated,interpolated,yuba river,temperature,min,9.599854562011496
52,2002,yuba river,interpolated,interpolated,yuba river,temperature,max,12.378118209582832
52,2002,yuba river,interpolated,interpolated,yuba river,temperature,mean,11.11716433753789
52,2002,yuba river,interpolated,interpolated,yuba river,temperature,min,9.599722997412032
53,2002,yuba river,interpolated,interpolated,yuba river,temperature,max,11.3940598479035
53,2002,yuba river,interpolated,interpolated,yuba river,temperature,mean,11.51467997442067
53,2002,yuba river,interpolated,interpolated,yuba river,temperature,min,10.984000354253514
1,2003,yuba river,interpolated,interpolated,yuba river,temperature,max,11.722233417013795
1,2003,yuba river,interpolated,interpolated,yuba river,temperature,mean,11.381788070696105
1,2003,yuba river,interpolated,interpolated,yuba river,temperature,min,10.152736647771464
2,2003,yuba river,interpolated,interpolated,yuba river,temperature,max,12.37853188727107
2,2003,yuba river,interpolated,interpolated,yuba river,temperature,mean,11.690684936881448
2,2003,yuba river,interpolated,interpolated,yuba river,temperature,min,10.15267086547173
3,2003,yuba river,interpolated,interpolated,yuba river,temperature,max,11.722549758775388
3,2003,yuba river,interpolated,interpolated,yuba river,temperature,mean,11.491274576651417
3,2003,yuba river,interpolated,interpolated,yuba river,temperature,min,10.705684515831162
4,2003,yuba river,interpolated,interpolated,yuba river,temperature,max,12.378872563014324
4,2003,yuba river,interpolated,interpolated,yuba river,temperature,mean,12.131676155716352
4,2003,yuba river,interpolated,interpolated,yuba river,temperature,min,11.259092859988987
5,2003,yuba river,interpolated,interpolated,yuba river,temperature,max,12.378969898940968
5,2003,yuba river,interpolated,interpolated,yuba river,temperature,mean,11.335557312303056
5,2003,yuba river,interpolated,interpolated,yuba river,temperature,min,9.597025923123011
6,2003,yuba river,interpolated,interpolated,yuba river,temperature,max,10.738978076729277
6,2003,yuba river,interpolated,interpolated,yuba river,temperature,mean,9.92062967151452
6,2003,yuba river,interpolated,interpolated,yuba river,temperature,min,8.765893781240429
7,2003,yuba river,interpolated,interpolated,yuba river,temperature,max,12.707362473886214
7,2003,yuba river,interpolated,interpolated,yuba river,temperature,mean,11.599746017602177
7,2003,yuba river,interpolated,interpolated,yuba river,temperature,min,9.873434074853131
8,2003,yuba river,interpolated,interpolated,yuba river,temperature,max,12.0515263492805
8,2003,yuba river,interpolated,interpolated,yuba river,temperature,mean,11.356135028988202
8,2003,yuba river,interpolated,interpolated,yuba river,temperature,min,10.149776444283518
9,2003,yuba river,interpolated,interpolated,yuba river,temperature,max,11.723596119986812
9,2003,yuba river,interpolated,interpolated,yuba river,temperature,mean,10.891520898454496
9,2003,yuba river,interpolated,interpolated,yuba river,temperature,min,9.595184018730514
10,2003,yuba river,interpolated,interpolated,yuba river,temperature,max,13.364074621831726
10,2003,yuba river,interpolated,interpolated,yuba river,temperature,mean,11.686624676863243
10,2003,yuba river,interpolated,interpolated,yuba river,temperature,min,9.595118236430782
11,2003,yuba river,interpolated,interpolated,yuba river,temperature,max,13.69215085501538
11,2003,yuba river,interpolated,interpolated,yuba river,temperature,mean,12.327026255928176
11,2003,yuba river,interpolated,interpolated,yuba river,temperature,min,10.702000707046162
12,2003,yuba river,interpolated,interpolated,yuba river,temperature,max,13.36439096359332
12,2003,yuba river,interpolated,interpolated,yuba river,temperature,mean,12.459120608577738
12,2003,yuba river,interpolated,interpolated,yuba river,temperature,min,10.70193492474643
13,2003,yuba river,interpolated,interpolated,yuba river,temperature,max,14.348716999070923
13,2003,yuba river,interpolated,interpolated,yuba river,temperature,mean,12.723816846379137
13,2003,yuba river,interpolated,interpolated,yuba river,temperature,min,10.701342884048842
14,2003,yuba river,interpolated,interpolated,yuba river,temperature,max,13.692807872520229
14,2003,yuba river,interpolated,interpolated,yuba river,temperature,mean,11.507792033318355
14,2003,yuba river,interpolated,interpolated,yuba river,temperature,min,9.593078985139083
15,2003,yuba river,interpolated,interpolated,yuba river,temperature,max,14.020932773667202
15,2003,yuba river,interpolated,interpolated,yuba river,temperature,mean,12.302895811727101
15,2003,yuba river,interpolated,interpolated,yuba river,temperature,min,10.700224584953393
16,2003,yuba river,interpolated,interpolated,yuba river,temperature,max,13.69309988030016
16,2003,yuba river,interpolated,interpolated,yuba river,temperature,mean,12.567592049528498
16,2003,yuba river,interpolated,interpolated,yuba river,temperature,min,10.976632736683513
17,2003,yuba river,interpolated,interpolated,yuba river,temperature,max,13.365218318969792
17,2003,yuba river,interpolated,interpolated,yuba river,temperature,mean,12.279780432530577
17,2003,yuba river,interpolated,interpolated,yuba river,temperature,min,10.976369607484584
18,2003,yuba river,interpolated,interpolated,yuba river,temperature,max,13.693464890025073
18,2003,yuba river,interpolated,interpolated,yuba river,temperature,mean,12.831780754827621
18,2003,yuba river,interpolated,interpolated,yuba river,temperature,min,11.529909516241872
19,2003,yuba river,interpolated,interpolated,yuba river,temperature,max,15.333919057888329
19,2003,yuba river,interpolated,interpolated,yuba river,temperature,mean,13.096476992629018
19,2003,yuba river,interpolated,interpolated,yuba river,temperature,min,10.975514437588064
20,2003,yuba river,interpolated,interpolated,yuba river,temperature,max,15.99019319416394
20,2003,yuba river,interpolated,interpolated,yuba river,temperature,mean,14.377787683261166
20,2003,yuba river,interpolated,interpolated,yuba river,temperature,min,12.359528665230616
21,2003,yuba river,interpolated,interpolated,yuba river,temperature,max,17.302449458935236
21,2003,yuba river,interpolated,interpolated,yuba river,temperature,mean,15.614897745509367
21,2003,yuba river,interpolated,interpolated,yuba river,temperature,min,13.466740047344658
22,2003,yuba river,interpolated,interpolated,yuba river,temperature,max,17.95884526511915
22,2003,yuba river,interpolated,interpolated,yuba river,temperature,mean,16.034296182654572
22,2003,yuba river,interpolated,interpolated,yuba river,temperature,min,13.743477110573435
23,2003,yuba river,interpolated,interpolated,yuba river,temperature,max,19.27119886581709
23,2003,yuba river,interpolated,interpolated,yuba river,temperature,mean,17.404008130054613
23,2003,yuba river,interpolated,interpolated,yuba river,temperature,min,14.850885839586674
24,2003,yuba river,interpolated,interpolated,yuba river,temperature,max,20.255549235276355
24,2003,yuba river,interpolated,interpolated,yuba river,temperature,mean,17.403500597552338
24,2003,yuba river,interpolated,interpolated,yuba river,temperature,min,14.85016223428962
25,2003,yuba river,interpolated,interpolated,yuba river,temperature,max,19.599518438817352
25,2003,yuba river,interpolated,interpolated,yuba river,temperature,mean,17.690297149545707
25,2003,yuba river,interpolated,interpolated,yuba river,temperature,min,14.572635783464056
26,2003,yuba river,interpolated,interpolated,yuba river,temperature,max,20.911920707478615
26,2003,yuba river,interpolated,interpolated,yuba river,temperature,mean,18.175996529266833
26,2003,yuba river,interpolated,interpolated,yuba river,temperature,min,14.572570001164324
27,2003,yuba river,interpolated,interpolated,yuba river,temperature,max,20.58411214809323
27,2003,yuba river,interpolated,interpolated,yuba river,temperature,mean,18.308090881916396
27,2003,yuba river,interpolated,interpolated,yuba river,temperature,min,15.125912563022418
28,2003,yuba river,interpolated,interpolated,yuba river,temperature,max,21.24038628436885
28,2003,yuba river,interpolated,interpolated,yuba river,temperature,mean,19.191595917093032
28,2003,yuba river,interpolated,interpolated,yuba river,temperature,min,15.956321099607948
29,2003,yuba river,interpolated,interpolated,yuba river,temperature,max,23.208868017452424
29,2003,yuba river,interpolated,interpolated,yuba river,temperature,mean,20.03090032388572
29,2003,yuba river,interpolated,interpolated,yuba river,temperature,min,16.786532289294282
30,2003,yuba river,interpolated,interpolated,yuba river,temperature,max,23.209038355324054
30,2003,yuba river,interpolated,interpolated,yuba river,temperature,mean,21.047007244214196
30,2003,yuba river,interpolated,interpolated,yuba river,temperature,min,17.89361210680886
31,2003,yuba river,interpolated,interpolated,yuba river,temperature,max,22.881010790103723
31,2003,yuba river,interpolated,interpolated,yuba river,temperature,mean,20.206687772416952
31,2003,yuba river,interpolated,interpolated,yuba river,temperature,min,17.062282618027076
32,2003,yuba river,interpolated,interpolated,yuba river,temperature,max,20.912869732763394
32,2003,yuba river,interpolated,interpolated,yuba river,temperature,mean,18.703358874860523
32,2003,yuba river,interpolated,interpolated,yuba river,temperature,min,15.67715009128908
33,2003,yuba river,interpolated,interpolated,yuba river,temperature,max,20.58513417532299
33,2003,yuba river,interpolated,interpolated,yuba river,temperature,mean,18.349246315286685
33,2003,yuba river,interpolated,interpolated,yuba river,temperature,min,15.399952551962176
34,2003,yuba river,interpolated,interpolated,yuba river,temperature,max,20.58528017921296
34,2003,yuba river,interpolated,interpolated,yuba river,temperature,mean,18.547641610512166
34,2003,yuba river,interpolated,interpolated,yuba river,temperature,min,15.953229331520538
35,2003,yuba river,interpolated,interpolated,yuba river,temperature,max,20.91352675026824
35,2003,yuba river,interpolated,interpolated,yuba river,temperature,mean,18.591334706393834
35,2003,yuba river,interpolated,interpolated,yuba river,temperature,min,15.675966009893902
36,2003,yuba river,interpolated,interpolated,yuba river,temperature,max,20.913599752213223
36,2003,yuba river,interpolated,interpolated,yuba river,temperature,mean,18.30352308939591
36,2003,yuba river,interpolated,interpolated,yuba river,temperature,min,15.67530818689658
37,2003,yuba river,interpolated,interpolated,yuba river,temperature,max,19.27353492805655
37,2003,yuba river,interpolated,interpolated,yuba river,temperature,mean,17.441103303406695
37,2003,yuba river,interpolated,interpolated,yuba river,temperature,min,14.84437339191319
38,2003,yuba river,interpolated,interpolated,yuba river,temperature,max,18.945726368671163
38,2003,yuba river,interpolated,interpolated,yuba river,temperature,mean,17.04279011544891
38,2003,yuba river,interpolated,interpolated,yuba river,temperature,min,14.56691272338736
39,2003,yuba river,interpolated,interpolated,yuba river,temperature,max,18.945823704597807
39,2003,yuba river,interpolated,interpolated,yuba river,temperature,mean,17.41798792421017
39,2003,yuba river,interpolated,interpolated,yuba river,temperature,min,14.84312352821828
40,2003,yuba river,interpolated,interpolated,yuba river,temperature,max,18.28996324601043
40,2003,yuba river,interpolated,interpolated,yuba river,temperature,mean,16.997574422060413
40,2003,yuba river,interpolated,interpolated,yuba river,temperature,min,14.842991963618816
41,2003,yuba river,interpolated,interpolated,yuba river,temperature,max,17.9619356807901
41,2003,yuba river,interpolated,interpolated,yuba river,temperature,mean,15.317443010968201
41,2003,yuba river,interpolated,interpolated,yuba river,temperature,min,12.626793077297965
42,2003,yuba river,interpolated,interpolated,yuba river,temperature,max,15.993940627339736
42,2003,yuba river,interpolated,interpolated,yuba river,temperature,mean,14.609725424322797
42,2003,yuba river,interpolated,interpolated,yuba river,temperature,min,12.903332793627548
43,2003,yuba river,interpolated,interpolated,yuba river,temperature,max,15.994110965211362
43,2003,yuba river,interpolated,interpolated,yuba river,temperature,mean,14.91862229050814
43,2003,yuba river,interpolated,interpolated,yuba river,temperature,min,12.903003882128887
44,2003,yuba river,interpolated,interpolated,yuba river,temperature,max,15.994135299193024
44,2003,yuba river,interpolated,interpolated,yuba river,temperature,mean,12.752283967192529
44,2003,yuba river,interpolated,interpolated,yuba river,temperature,min,10.132936175552086
45,2003,yuba river,interpolated,interpolated,yuba river,temperature,max,13.369987779375354
45,2003,yuba river,interpolated,interpolated,yuba river,temperature,mean,12.132967637315014
45,2003,yuba river,interpolated,interpolated,yuba river,temperature,min,10.68634451970991
46,2003,yuba river,interpolated,interpolated,yuba river,temperature,max,12.386026753622662
46,2003,yuba river,interpolated,interpolated,yuba river,temperature,mean,11.889356648701037
46,2003,yuba river,interpolated,interpolated,yuba river,temperature,min,10.685884043611786
47,2003,yuba river,interpolated,interpolated,yuba river,temperature,max,12.386099755567646
47,2003,yuba river,interpolated,interpolated,yuba river,temperature,mean,10.717532464024202
47,2003,yuba river,interpolated,interpolated,yuba river,temperature,min,8.746882696617838
48,2003,yuba river,interpolated,interpolated,yuba river,temperature,max,12.058339864145584
48,2003,yuba river,interpolated,interpolated,yuba river,temperature,mean,10.761225559905872
48,2003,yuba river,interpolated,interpolated,yuba river,temperature,min,9.02368554214635
49,2003,yuba river,interpolated,interpolated,yuba river,temperature,max,12.386513433255882
49,2003,yuba river,interpolated,interpolated,yuba river,temperature,mean,11.556329338314617
49,2003,yuba river,interpolated,interpolated,yuba river,temperature,min,9.853699384933488
50,2003,yuba river,interpolated,interpolated,yuba river,temperature,max,11.40252807352153
50,2003,yuba river,interpolated,interpolated,yuba river,temperature,mean,10.649708923941455
50,2003,yuba river,interpolated,interpolated,yuba river,temperature,min,9.576304498707389
51,2003,yuba river,interpolated,interpolated,yuba river,temperature,max,11.402698411393157
51,2003,yuba river,interpolated,interpolated,yuba river,temperature,mean,10.494499192095372
51,2003,yuba river,interpolated,interpolated,yuba river,temperature,min,9.299172741680216
52,2003,yuba river,interpolated,interpolated,yuba river,temperature,max,12.058875211742128
52,2003,yuba river,interpolated,interpolated,yuba river,temperature,mean,10.53819228797704
52,2003,yuba river,interpolated,interpolated,yuba river,temperature,min,8.744711880726678
53,2003,yuba river,interpolated,interpolated,yuba river,temperature,max,10.74683795280578
53,2003,yuba river,interpolated,interpolated,yuba river,temperature,mean,10.869406982283904
53,2003,yuba river,interpolated,interpolated,yuba river,temperature,min,10.406120994595328
1,2004,yuba river,interpolated,interpolated,yuba river,temperature,max,11.40296608519143
1,2004,yuba river,interpolated,interpolated,yuba river,temperature,mean,10.338709423103827
1,2004,yuba river,interpolated,interpolated,yuba river,temperature,min,9.021120032456796
2,2004,yuba river,interpolated,interpolated,yuba river,temperature,max,11.731236990228371
2,2004,yuba river,interpolated,interpolated,yuba river,temperature,mean,11.001211316360736
2,2004,yuba river,interpolated,interpolated,yuba river,temperature,min,9.85133122214313
3,2004,yuba river,interpolated,interpolated,yuba river,temperature,max,11.075376531640996
3,2004,yuba river,interpolated,interpolated,yuba river,temperature,mean,10.602898128402948
3,2004,yuba river,interpolated,interpolated,yuba river,temperature,min,9.297001925789054
4,2004,yuba river,interpolated,interpolated,yuba river,temperature,max,10.419467405090298
4,2004,yuba river,interpolated,interpolated,yuba river,temperature,mean,10.005682112717407
4,2004,yuba river,interpolated,interpolated,yuba river,temperature,min,9.019935951061615
5,2004,yuba river,interpolated,interpolated,yuba river,temperature,max,11.075619871457604
5,2004,yuba river,interpolated,interpolated,yuba river,temperature,mean,10.469281178246561
5,2004,yuba river,interpolated,interpolated,yuba river,temperature,min,9.573212730619977
6,2004,yuba river,interpolated,interpolated,yuba river,temperature,max,11.075911879237538
6,2004,yuba river,interpolated,interpolated,yuba river,temperature,mean,10.380372388976394
6,2004,yuba river,interpolated,interpolated,yuba river,temperature,min,9.29562049749468
7,2004,yuba river,interpolated,interpolated,yuba river,temperature,max,12.060189246751822
7,2004,yuba river,interpolated,interpolated,yuba river,temperature,mean,11.131275539001193
7,2004,yuba river,interpolated,interpolated,yuba river,temperature,min,9.29555471519495
8,2004,yuba river,interpolated,interpolated,yuba river,temperature,max,12.388411483825442
8,2004,yuba river,interpolated,interpolated,yuba river,temperature,mean,11.727476489682184
8,2004,yuba river,interpolated,interpolated,yuba river,temperature,min,10.956306006066278
9,2004,yuba river,interpolated,interpolated,yuba river,temperature,max,12.060554256476737
9,2004,yuba river,interpolated,interpolated,yuba river,temperature,mean,11.439664872684261
9,2004,yuba river,interpolated,interpolated,yuba river,temperature,min,10.401976709712203
10,2004,yuba river,interpolated,interpolated,yuba river,temperature,max,14.02903598956032
10,2004,yuba river,interpolated,interpolated,yuba river,temperature,mean,12.389470850436817
10,2004,yuba river,interpolated,interpolated,yuba river,temperature,min,10.401910927412471
11,2004,yuba river,interpolated,interpolated,yuba river,temperature,max,14.029230661413608
11,2004,yuba river,interpolated,interpolated,yuba river,temperature,mean,13.074073057885697
11,2004,yuba river,interpolated,interpolated,yuba river,temperature,min,11.509122309526512
12,2004,yuba river,interpolated,interpolated,yuba river,temperature,max,14.357404230523906
12,2004,yuba river,interpolated,interpolated,yuba river,temperature,mean,13.316668981495122
12,2004,yuba river,interpolated,interpolated,yuba river,temperature,min,11.7854646789569
13,2004,yuba river,interpolated,interpolated,yuba river,temperature,max,14.357574568395536
13,2004,yuba river,interpolated,interpolated,yuba river,temperature,mean,12.675252337425635
13,2004,yuba river,interpolated,interpolated,yuba river,temperature,min,10.95426675477458
14,2004,yuba river,interpolated,interpolated,yuba river,temperature,max,14.02974167502849
14,2004,yuba river,interpolated,interpolated,yuba river,temperature,mean,12.807346690075196
14,2004,yuba river,interpolated,interpolated,yuba river,temperature,min,11.230477559605504
15,2004,yuba river,interpolated,interpolated,yuba river,temperature,max,14.685967143340784
15,2004,yuba river,interpolated,interpolated,yuba river,temperature,mean,13.315146383988294
15,2004,yuba river,interpolated,interpolated,yuba river,temperature,min,11.507346187433743
16,2004,yuba river,interpolated,interpolated,yuba river,temperature,max,13.373832548477791
16,2004,yuba river,interpolated,interpolated,yuba river,temperature,mean,11.92231905739173
16,2004,yuba river,interpolated,interpolated,yuba river,temperature,min,10.675819351752768
17,2004,yuba river,interpolated,interpolated,yuba river,temperature,max,16.982695447479646
17,2004,yuba river,interpolated,interpolated,yuba river,temperature,mean,14.131842944086737
17,2004,yuba river,interpolated,interpolated,yuba river,temperature,min,10.67562200485357
18,2004,yuba river,interpolated,interpolated,yuba river,temperature,max,16.982865785351272
18,2004,yuba river,interpolated,interpolated,yuba river,temperature,mean,14.904846408303507
18,2004,yuba river,interpolated,interpolated,yuba river,temperature,min,12.33670220722356
19,2004,yuba river,interpolated,interpolated,yuba river,temperature,max,15.9988317576536
19,2004,yuba river,interpolated,interpolated,yuba river,temperature,mean,14.373931335193886
19,2004,yuba river,interpolated,interpolated,yuba river,temperature,min,11.782043999370828
20,2004,yuba river,interpolated,interpolated,yuba river,temperature,max,16.655105893929214
20,2004,yuba river,interpolated,interpolated,yuba river,temperature,mean,14.903831343298958
20,2004,yuba river,interpolated,interpolated,yuba river,temperature,min,12.335847037327042
21,2004,yuba river,interpolated,interpolated,yuba river,temperature,max,16.983401132947815
21,2004,yuba river,interpolated,interpolated,yuba river,temperature,mean,15.168527581100356
21,2004,yuba river,interpolated,interpolated,yuba river,temperature,min,13.165992444713645
22,2004,yuba river,interpolated,interpolated,yuba river,temperature,max,18.9518828660314
22,2004,yuba river,interpolated,interpolated,yuba river,temperature,mean,16.096233244660937
22,2004,yuba river,interpolated,interpolated,yuba river,temperature,min,13.442466378743497
23,2004,yuba river,interpolated,interpolated,yuba river,temperature,max,18.951980201958044
23,2004,yuba river,interpolated,interpolated,yuba river,temperature,mean,16.957637965645603
23,2004,yuba river,interpolated,interpolated,yuba river,temperature,min,13.995677376002124
24,2004,yuba river,interpolated,interpolated,yuba river,temperature,max,20.264431138582623
24,2004,yuba river,interpolated,interpolated,yuba river,temperature,mean,17.288635146022916
24,2004,yuba river,interpolated,interpolated,yuba river,temperature,min,13.995611593702392
25,2004,yuba river,interpolated,interpolated,yuba river,temperature,max,20.92070527485824
25,2004,yuba river,interpolated,interpolated,yuba river,temperature,mean,18.813049292766767
25,2004,yuba river,interpolated,interpolated,yuba river,temperature,min,16.210363269429138
26,2004,yuba river,interpolated,interpolated,yuba river,temperature,max,20.920875612729866
26,2004,yuba river,interpolated,interpolated,yuba river,temperature,mean,19.05564521637619
26,2004,yuba river,interpolated,interpolated,yuba river,temperature,min,16.209968575630743
27,2004,yuba river,interpolated,interpolated,yuba river,temperature,max,22.889333011831788
27,2004,yuba river,interpolated,interpolated,yuba river,temperature,mean,20.071752136704664
27,2004,yuba river,interpolated,interpolated,yuba river,temperature,min,16.763574266687762
28,2004,yuba river,interpolated,interpolated,yuba river,temperature,max,22.233277881391125
28,2004,yuba river,interpolated,interpolated,yuba river,temperature,mean,19.430335492635173
28,2004,yuba river,interpolated,interpolated,yuba river,temperature,min,16.208850276535298
29,2004,yuba river,interpolated,interpolated,yuba river,temperature,max,22.561646122354713
29,2004,yuba river,interpolated,interpolated,yuba river,temperature,mean,19.628730787860654
29,2004,yuba river,interpolated,interpolated,yuba river,temperature,min,16.208784494235566
30,2004,yuba river,interpolated,interpolated,yuba river,temperature,max,22.561743458281356
30,2004,yuba river,interpolated,interpolated,yuba river,temperature,mean,20.269132366925593
30,2004,yuba river,interpolated,interpolated,yuba river,temperature,min,17.315666964850944
31,2004,yuba river,interpolated,interpolated,yuba river,temperature,max,21.905761329785676
31,2004,yuba river,interpolated,interpolated,yuba river,temperature,mean,19.473013523512293
31,2004,yuba river,interpolated,interpolated,yuba river,temperature,min,16.48446904066863
32,2004,yuba river,interpolated,interpolated,yuba river,temperature,max,21.249925205179963
32,2004,yuba river,interpolated,interpolated,yuba river,temperature,mean,19.052600021362533
32,2004,yuba river,interpolated,interpolated,yuba river,temperature,min,16.207271501341726
33,2004,yuba river,interpolated,interpolated,yuba river,temperature,max,21.25011987703325
33,2004,yuba river,interpolated,interpolated,yuba river,temperature,mean,19.22889500239604
33,2004,yuba river,interpolated,interpolated,yuba river,temperature,min,16.483548088472375
34,2004,yuba river,interpolated,interpolated,yuba river,temperature,max,21.5781961102169
34,2004,yuba river,interpolated,interpolated,yuba river,temperature,mean,19.294688412469682
34,2004,yuba river,interpolated,interpolated,yuba river,temperature,min,16.48302183007452
35,2004,yuba river,interpolated,interpolated,yuba river,temperature,max,20.594308086409196
35,2004,yuba river,interpolated,interpolated,yuba river,temperature,mean,18.653271768400195
35,2004,yuba river,interpolated,interpolated,yuba river,temperature,min,15.928692533720447
36,2004,yuba river,interpolated,interpolated,yuba river,temperature,max,19.93842329384016
36,2004,yuba river,interpolated,interpolated,yuba river,temperature,mean,18.011855124330708
36,2004,yuba river,interpolated,interpolated,yuba river,temperature,min,15.374560584265568
37,2004,yuba river,interpolated,interpolated,yuba river,temperature,max,19.93844762782182
37,2004,yuba river,interpolated,interpolated,yuba river,temperature,mean,17.74614382152476
37,2004,yuba river,interpolated,interpolated,yuba river,temperature,min,14.820033941012296
38,2004,yuba river,interpolated,interpolated,yuba river,temperature,max,19.282514167289463
38,2004,yuba river,interpolated,interpolated,yuba river,temperature,mean,16.61852026523187
38,2004,yuba river,interpolated,interpolated,yuba river,temperature,min,13.711835824402272
39,2004,yuba river,interpolated,interpolated,yuba river,temperature,max,17.9705499102981
39,2004,yuba river,interpolated,interpolated,yuba river,temperature,mean,16.17600644889014
39,2004,yuba river,interpolated,interpolated,yuba river,temperature,min,13.988704452230516
40,2004,yuba river,interpolated,interpolated,yuba river,temperature,max,18.036354961991787
40,2004,yuba river,interpolated,interpolated,yuba river,temperature,mean,16.54236413197461
40,2004,yuba river,interpolated,interpolated,yuba river,temperature,min,14.265178386260366
41,2004,yuba river,interpolated,interpolated,yuba river,temperature,max,17.70837606473478
41,2004,yuba river,interpolated,interpolated,yuba river,temperature,mean,15.883267236551545
41,2004,yuba river,interpolated,interpolated,yuba river,temperature,min,13.433651550579388
42,2004,yuba river,interpolated,interpolated,yuba river,temperature,max,16.52758389946089
42,2004,yuba river,interpolated,interpolated,yuba river,temperature,mean,14.60536154375324
42,2004,yuba river,interpolated,interpolated,yuba river,temperature,min,12.269934987344303
43,2004,yuba river,interpolated,interpolated,yuba river,temperature,max,14.034608471360691
43,2004,yuba river,interpolated,interpolated,yuba river,temperature,mean,12.987111012398556
43,2004,yuba river,interpolated,interpolated,yuba river,temperature,min,11.38328439883666
44,2004,yuba river,interpolated,interpolated,yuba river,temperature,max,12.788132924301426
44,2004,yuba river,interpolated,interpolated,yuba river,temperature,mean,11.934628524358374
44,2004,yuba river,interpolated,interpolated,yuba river,temperature,min,10.496765374928485
45,2004,yuba river,interpolated,interpolated,yuba river,temperature,max,12.788376264118035
45,2004,yuba river,interpolated,interpolated,yuba river,temperature,mean,12.062302814169541
45,2004,yuba river,interpolated,interpolated,yuba river,temperature,min,10.441115363703958
46,2004,yuba river,interpolated,interpolated,yuba river,temperature,max,13.24777059290913
46,2004,yuba river,interpolated,interpolated,yuba river,temperature,mean,12.388879931708463
46,2004,yuba river,interpolated,interpolated,yuba river,temperature,min,11.160355442439906
47,2004,yuba river,interpolated,interpolated,yuba river,temperature,max,12.329371279033516
47,2004,yuba river,interpolated,interpolated,yuba river,temperature,mean,10.881130971313642
47,2004,yuba river,interpolated,interpolated,yuba river,temperature,min,9.276872542071018
48,2004,yuba river,interpolated,interpolated,yuba river,temperature,max,11.345410253280823
48,2004,yuba river,interpolated,interpolated,yuba river,temperature,mean,9.837488608950247
48,2004,yuba river,interpolated,interpolated,yuba river,temperature,min,8.223929742887126
49,2004,yuba river,interpolated,interpolated,yuba river,temperature,max,11.67372982628109
49,2004,yuba river,interpolated,interpolated,yuba river,temperature,mean,9.51431648924517
49,2004,yuba river,interpolated,interpolated,yuba river,temperature,min,8.168345513962333
50,2004,yuba river,interpolated,interpolated,yuba river,temperature,max,12.26424757882634
50,2004,yuba river,interpolated,interpolated,yuba river,temperature,mean,11.37023534886861
50,2004,yuba river,interpolated,interpolated,yuba river,temperature,min,9.995389015509913
51,2004,yuba river,interpolated,interpolated,yuba river,temperature,max,10.6897688005284
51,2004,yuba river,interpolated,interpolated,yuba river,temperature,mean,10.08790959323191
51,2004,yuba river,interpolated,interpolated,yuba river,temperature,min,9.053417327276406
52,2004,yuba river,interpolated,interpolated,yuba river,temperature,max,10.886916281811189
52,2004,yuba river,interpolated,interpolated,yuba river,temperature,mean,9.915019610032248
52,2004,yuba river,interpolated,interpolated,yuba river,temperature,min,8.554672259847123
53,2004,yuba river,interpolated,interpolated,yuba river,temperature,max,11.21499251499484
53,2004,yuba river,interpolated,interpolated,yuba river,temperature,mean,11.028549174413357
53,2004,yuba river,interpolated,interpolated,yuba river,temperature,min,10.326657790867769
1,2005,yuba river,interpolated,interpolated,yuba river,temperature,max,10.887037951719492
1,2005,yuba river,interpolated,interpolated,yuba river,temperature,mean,10.581796556841185
1,2005,yuba river,interpolated,interpolated,yuba river,temperature,min,9.717138959387295
2,2005,yuba river,interpolated,interpolated,yuba river,temperature,max,11.149625474971051
2,2005,yuba river,interpolated,interpolated,yuba river,temperature,mean,10.537088395954964
2,2005,yuba river,interpolated,interpolated,yuba river,temperature,min,9.439546726261998
3,2005,yuba river,interpolated,interpolated,yuba river,temperature,max,11.281016572523477
3,2005,yuba river,interpolated,interpolated,yuba river,temperature,mean,10.735483691180443
3,2005,yuba river,interpolated,interpolated,yuba river,temperature,min,9.937962882192622
4,2005,yuba river,interpolated,interpolated,yuba river,temperature,max,11.609360479505405
4,2005,yuba river,interpolated,interpolated,yuba river,temperature,mean,10.986919740466657
4,2005,yuba river,interpolated,interpolated,yuba river,temperature,min,9.715823313392653
5,2005,yuba river,interpolated,interpolated,yuba river,temperature,max,11.937558382597365
5,2005,yuba river,interpolated,interpolated,yuba river,temperature,mean,10.968731956610803
5,2005,yuba river,interpolated,interpolated,yuba river,temperature,min,9.88152348337131
6,2005,yuba river,interpolated,interpolated,yuba river,temperature,max,11.544066441426596
6,2005,yuba river,interpolated,interpolated,yuba river,temperature,mean,10.946124109916553
6,2005,yuba river,interpolated,interpolated,yuba river,temperature,min,9.770026114023068
7,2005,yuba river,interpolated,interpolated,yuba river,temperature,max,12.528392476904202
7,2005,yuba river,interpolated,interpolated,yuba river,temperature,mean,11.414143238284101
7,2005,yuba river,interpolated,interpolated,yuba river,temperature,min,9.82534721374893
8,2005,yuba river,interpolated,interpolated,yuba river,temperature,max,12.725369620315366
8,2005,yuba river,interpolated,interpolated,yuba river,temperature,mean,11.829121612590916
8,2005,yuba river,interpolated,interpolated,yuba river,temperature,min,10.710747938561664
9,2005,yuba river,interpolated,interpolated,yuba river,temperature,max,13.053640525352307
9,2005,yuba river,interpolated,interpolated,yuba river,temperature,mean,11.824194017250244
9,2005,yuba river,interpolated,interpolated,yuba river,temperature,min,10.378097734909431
10,2005,yuba river,interpolated,interpolated,yuba river,temperature,max,14.300408080191508
10,2005,yuba river,interpolated,interpolated,yuba river,temperature,mean,12.871241377447479
10,2005,yuba river,interpolated,interpolated,yuba river,temperature,min,10.987024525692318
11,2005,yuba river,interpolated,interpolated,yuba river,temperature,max,14.366042794013566
11,2005,yuba river,interpolated,interpolated,yuba river,temperature,mean,12.331486178661066
11,2005,yuba river,interpolated,interpolated,yuba river,temperature,min,10.543337428789968
12,2005,yuba river,interpolated,interpolated,yuba river,temperature,max,12.20107059715204
12,2005,yuba river,interpolated,interpolated,yuba river,temperature,mean,11.751950414329103
12,2005,yuba river,interpolated,interpolated,yuba river,temperature,min,10.431905841741456
13,2005,yuba river,interpolated,interpolated,yuba river,temperature,max,12.726269977636822
13,2005,yuba river,interpolated,interpolated,yuba river,temperature,mean,12.052007154837657
13,2005,yuba river,interpolated,interpolated,yuba river,temperature,min,10.59773757631958
14,2005,yuba river,interpolated,interpolated,yuba river,temperature,max,13.9729888645127
14,2005,yuba river,interpolated,interpolated,yuba river,temperature,mean,12.245982387224743
14,2005,yuba river,interpolated,interpolated,yuba river,temperature,min,10.541758653596396
15,2005,yuba river,interpolated,interpolated,yuba river,temperature,max,13.841889774740208
15,2005,yuba river,interpolated,interpolated,yuba river,temperature,mean,12.320615922975175
15,2005,yuba river,interpolated,interpolated,yuba river,temperature,min,10.319816431695624
16,2005,yuba river,interpolated,interpolated,yuba river,temperature,max,14.694970716555355
16,2005,yuba river,interpolated,interpolated,yuba river,temperature,mean,13.014058256100846
16,2005,yuba river,interpolated,interpolated,yuba river,temperature,min,10.984064322204372
17,2005,yuba river,interpolated,interpolated,yuba river,temperature,max,14.957704243696885
17,2005,yuba river,interpolated,interpolated,yuba river,temperature,mean,13.358315624993345
17,2005,yuba river,interpolated,interpolated,yuba river,temperature,min,11.31605670285928
18,2005,yuba river,interpolated,interpolated,yuba river,temperature,max,15.679467089904588
18,2005,yuba river,interpolated,interpolated,yuba river,temperature,mean,13.958936638512728
18,2005,yuba river,interpolated,interpolated,yuba river,temperature,min,12.146399457145078
19,2005,yuba river,interpolated,interpolated,yuba river,temperature,max,15.351707198482528
19,2005,yuba river,interpolated,interpolated,yuba river,temperature,mean,13.255639114705717
19,2005,yuba river,interpolated,interpolated,yuba river,temperature,min,11.148909322286514
20,2005,yuba river,interpolated,interpolated,yuba river,temperature,max,15.811004191346978
20,2005,yuba river,interpolated,interpolated,yuba river,temperature,mean,13.551275792375877
20,2005,yuba river,interpolated,interpolated,yuba river,temperature,min,11.813025648195794
21,2005,yuba river,interpolated,interpolated,yuba river,temperature,max,17.517190408958935
21,2005,yuba river,interpolated,interpolated,yuba river,temperature,mean,14.956348242483072
21,2005,yuba river,interpolated,interpolated,yuba river,temperature,min,12.366697121552548
22,2005,yuba river,interpolated,interpolated,yuba river,temperature,max,17.386066985204785
22,2005,yuba river,interpolated,interpolated,yuba river,temperature,mean,15.5216087532953
22,2005,yuba river,interpolated,interpolated,yuba river,temperature,min,12.919973901110907
23,2005,yuba river,interpolated,interpolated,yuba river,temperature,max,17.058112421929433
23,2005,yuba river,interpolated,interpolated,yuba river,temperature,mean,14.805051040973106
23,2005,yuba river,interpolated,interpolated,yuba river,temperature,min,12.3655788224571
24,2005,yuba river,interpolated,interpolated,yuba river,temperature,max,18.436198072376076
24,2005,yuba river,interpolated,interpolated,yuba river,temperature,mean,15.896299029554287
24,2005,yuba river,interpolated,interpolated,yuba river,temperature,min,13.084950465792511
25,2005,yuba river,interpolated,interpolated,yuba river,temperature,max,18.30519631853023
25,2005,yuba river,interpolated,interpolated,yuba river,temperature,mean,15.635007789586732
25,2005,yuba river,interpolated,interpolated,yuba river,temperature,min,12.586336962962694
26,2005,yuba river,interpolated,interpolated,yuba river,temperature,max,20.536119570975405
26,2005,yuba river,interpolated,interpolated,yuba river,temperature,mean,17.420205643795857
26,2005,yuba river,interpolated,interpolated,yuba river,temperature,min,14.690446439237714
27,2005,yuba river,interpolated,interpolated,yuba river,temperature,max,21.061148613588557
27,2005,yuba river,interpolated,interpolated,yuba river,temperature,mean,18.98440035608526
27,2005,yuba river,interpolated,interpolated,yuba river,temperature,min,16.35165820620717
28,2005,yuba river,interpolated,interpolated,yuba river,temperature,max,21.979888603207428
28,2005,yuba river,interpolated,interpolated,yuba river,temperature,mean,19.280037033755416
28,2005,yuba river,interpolated,interpolated,yuba river,temperature,min,16.29581084808345
29,2005,yuba river,interpolated,interpolated,yuba river,temperature,max,22.50486897785726
29,2005,yuba river,interpolated,interpolated,yuba river,temperature,mean,20.19890257163921
29,2005,yuba river,interpolated,interpolated,yuba river,temperature,min,17.015116709119127
30,2005,yuba river,interpolated,interpolated,yuba river,temperature,max,21.455297572264172
30,2005,yuba river,interpolated,interpolated,yuba river,temperature,mean,19.482344859317017
30,2005,yuba river,interpolated,interpolated,yuba river,temperature,min,16.73811651669142
31,2005,yuba river,interpolated,interpolated,yuba river,temperature,max,21.78344680739281
31,2005,yuba river,interpolated,interpolated,yuba river,temperature,mean,19.28735456192538
31,2005,yuba river,interpolated,interpolated,yuba river,temperature,min,16.238910973164014
32,2005,yuba river,interpolated,interpolated,yuba river,temperature,max,21.19319672864583
32,2005,yuba river,interpolated,interpolated,yuba river,temperature,mean,19.23380627536237
32,2005,yuba river,interpolated,interpolated,yuba river,temperature,min,16.515648036392793
33,2005,yuba river,interpolated,interpolated,yuba river,temperature,max,20.930925547155866
33,2005,yuba river,interpolated,interpolated,yuba river,temperature,mean,18.96809497255642
33,2005,yuba river,interpolated,interpolated,yuba river,temperature,min,16.2378584563683
34,2005,yuba river,interpolated,interpolated,yuba river,temperature,max,20.406188512322643
34,2005,yuba river,interpolated,interpolated,yuba river,temperature,mean,18.388559208224457
34,2005,yuba river,interpolated,interpolated,yuba river,temperature,min,15.683529160014226
35,2005,yuba river,interpolated,interpolated,yuba river,temperature,max,20.406310182230943
35,2005,yuba river,interpolated,interpolated,yuba river,temperature,mean,18.007926271620246
35,2005,yuba river,interpolated,interpolated,yuba river,temperature,min,15.240105192310804
36,2005,yuba river,interpolated,interpolated,yuba river,temperature,max,19.422300488514935
36,2005,yuba river,interpolated,interpolated,yuba river,temperature,mean,17.446070758641863
36,2005,yuba river,interpolated,interpolated,yuba river,temperature,min,14.90732342405911
37,2005,yuba river,interpolated,interpolated,yuba river,temperature,max,18.70075664814218
37,2005,yuba river,interpolated,interpolated,yuba river,temperature,mean,16.389168207763284
37,2005,yuba river,interpolated,interpolated,yuba river,temperature,min,13.909964853800007
38,2005,yuba river,interpolated,interpolated,yuba river,temperature,max,18.24177599703932
38,2005,yuba river,interpolated,interpolated,yuba river,temperature,mean,16.525682623251242
38,2005,yuba river,interpolated,interpolated,yuba river,temperature,min,14.131117688103997
39,2005,yuba river,interpolated,interpolated,yuba river,temperature,max,17.520207822684903
39,2005,yuba river,interpolated,interpolated,yuba river,temperature,mean,15.963827110272856
39,2005,yuba river,interpolated,interpolated,yuba river,temperature,min,13.798401702152033
40,2005,yuba river,interpolated,interpolated,yuba river,temperature,max,16.6673458867047
40,2005,yuba river,interpolated,interpolated,yuba river,temperature,mean,15.06162675873809
40,2005,yuba river,interpolated,interpolated,yuba river,temperature,min,12.91148798444546
41,2005,yuba river,interpolated,interpolated,yuba river,temperature,max,15.880337670381511
41,2005,yuba river,interpolated,interpolated,yuba river,temperature,mean,14.756134890386589
41,2005,yuba river,interpolated,interpolated,yuba river,temperature,min,12.966611737272126
42,2005,yuba river,interpolated,interpolated,yuba river,temperature,max,15.814751624522774
42,2005,yuba river,interpolated,interpolated,yuba river,temperature,mean,14.653965912601237
42,2005,yuba river,interpolated,interpolated,yuba river,temperature,min,12.744669515371356
43,2005,yuba river,interpolated,interpolated,yuba river,temperature,max,15.224428543830816
43,2005,yuba river,interpolated,interpolated,yuba river,temperature,mean,14.087690336784458
43,2005,yuba river,interpolated,interpolated,yuba river,temperature,min,12.688559028048704
44,2005,yuba river,interpolated,interpolated,yuba river,temperature,max,14.502884703458058
44,2005,yuba river,interpolated,interpolated,yuba river,temperature,mean,13.15454954538093
44,2005,yuba river,interpolated,interpolated,yuba river,temperature,min,11.69106889319014
45,2005,yuba river,interpolated,interpolated,yuba river,temperature,max,13.847048578852345
45,2005,yuba river,interpolated,interpolated,yuba river,temperature,mean,12.959559247989292
45,2005,yuba river,interpolated,interpolated,yuba river,temperature,min,11.247908054685649
46,2005,yuba river,interpolated,interpolated,yuba river,temperature,max,13.519118349558656
46,2005,yuba river,interpolated,interpolated,yuba river,temperature,mean,12.47726486610201
46,2005,yuba river,interpolated,interpolated,yuba river,temperature,min,10.748570946558775
47,2005,yuba river,interpolated,interpolated,yuba river,temperature,max,12.207032422658989
47,2005,yuba river,interpolated,interpolated,yuba river,temperature,mean,11.491083320637745
47,2005,yuba river,interpolated,interpolated,yuba river,temperature,min,10.36046807858122
48,2005,yuba river,interpolated,interpolated,yuba river,temperature,max,12.33854519011972
48,2005,yuba river,interpolated,interpolated,yuba river,temperature,mean,10.721484854254816
48,2005,yuba river,interpolated,interpolated,yuba river,temperature,min,9.529467501298098
49,2005,yuba river,interpolated,interpolated,yuba river,temperature,max,10.698480365963045
49,2005,yuba river,interpolated,interpolated,yuba river,temperature,mean,9.894425570972759
49,2005,yuba river,interpolated,interpolated,yuba river,temperature,min,8.642685348190989
50,2005,yuba river,interpolated,interpolated,yuba river,temperature,max,10.567283940263906
50,2005,yuba river,interpolated,interpolated,yuba river,temperature,mean,9.832037158732959
50,2005,yuba river,interpolated,interpolated,yuba river,temperature,min,8.808188171270452
51,2005,yuba river,interpolated,interpolated,yuba river,temperature,max,13.520043040861774
51,2005,yuba river,interpolated,interpolated,yuba river,temperature,mean,11.621655075780481
51,2005,yuba river,interpolated,interpolated,yuba river,temperature,min,8.863509270996316
52,2005,yuba river,interpolated,interpolated,yuba river,temperature,max,13.126526765709349
52,2005,yuba river,interpolated,interpolated,yuba river,temperature,mean,12.496319985280326
52,2005,yuba river,interpolated,interpolated,yuba river,temperature,min,11.35506379225157
53,2005,yuba river,interpolated,interpolated,yuba river,temperature,max,12.601716728931144
53,2005,yuba river,interpolated,interpolated,yuba river,temperature,mean,12.394368521424523
53,2005,yuba river,interpolated,interpolated,yuba river,temperature,min,11.631932420079814
1,2006,yuba river,interpolated,interpolated,yuba river,temperature,max,12.208103117852072
1,2006,yuba river,interpolated,interpolated,yuba river,temperature,mean,12.036053412941834
1,2006,yuba river,interpolated,interpolated,yuba river,temperature,min,11.18844267007666
2,2006,yuba river,interpolated,interpolated,yuba river,temperature,max,11.81465984464463
2,2006,yuba river,interpolated,interpolated,yuba river,temperature,mean,11.460937711448265
2,2006,yuba river,interpolated,interpolated,yuba river,temperature,min,10.523602738870323
3,2006,yuba river,interpolated,interpolated,yuba river,temperature,max,11.355630525578452
3,2006,yuba river,interpolated,interpolated,yuba river,temperature,mean,10.987483455237772
3,2006,yuba river,interpolated,interpolated,yuba river,temperature,min,10.024397195342916
4,2006,yuba river,interpolated,interpolated,yuba river,temperature,max,11.224482767842638
4,2006,yuba river,interpolated,interpolated,yuba river,temperature,mean,10.845678921193235
4,2006,yuba river,interpolated,interpolated,yuba river,temperature,min,9.968812966418124
5,2006,yuba river,interpolated,interpolated,yuba river,temperature,max,12.340126898927686
5,2006,yuba river,interpolated,interpolated,yuba river,temperature,mean,11.463786840351045
5,2006,yuba river,interpolated,interpolated,yuba river,temperature,min,10.300608000173838
6,2006,yuba river,interpolated,interpolated,yuba river,temperature,max,12.274686856958912
6,2006,yuba river,interpolated,interpolated,yuba river,temperature,mean,11.454487518600768
6,2006,yuba river,interpolated,interpolated,yuba river,temperature,min,10.24489220664958
7,2006,yuba river,interpolated,interpolated,yuba river,temperature,max,12.209125145081837
7,2006,yuba river,interpolated,interpolated,yuba river,temperature,mean,10.653948612349076
7,2006,yuba river,interpolated,interpolated,yuba river,temperature,min,9.02565719678944
8,2006,yuba river,interpolated,interpolated,yuba river,temperature,max,11.68453411413858
8,2006,yuba river,interpolated,interpolated,yuba river,temperature,mean,10.268895612906475
8,2006,yuba river,interpolated,interpolated,yuba river,temperature,min,8.748393875162805
9,2006,yuba river,interpolated,interpolated,yuba river,temperature,max,12.603128099867485
9,2006,yuba river,interpolated,interpolated,yuba river,temperature,mean,11.245221967689396
9,2006,yuba river,interpolated,interpolated,yuba river,temperature,min,10.076955438480027
10,2006,yuba river,interpolated,interpolated,yuba river,temperature,max,11.947267641280106
10,2006,yuba river,interpolated,interpolated,yuba river,temperature,mean,11.204933869641568
10,2006,yuba river,interpolated,interpolated,yuba river,temperature,min,9.910334316305118
11,2006,yuba river,interpolated,interpolated,yuba river,temperature,max,11.685045127753462
11,2006,yuba river,interpolated,interpolated,yuba river,temperature,mean,10.864081498582912
11,2006,yuba river,interpolated,interpolated,yuba river,temperature,min,9.85481586968006
12,2006,yuba river,interpolated,interpolated,yuba river,temperature,max,12.603712115427346
12,2006,yuba river,interpolated,interpolated,yuba river,temperature,mean,11.491222889132663
12,2006,yuba river,interpolated,interpolated,yuba river,temperature,min,10.241932003161637
13,2006,yuba river,interpolated,interpolated,yuba river,temperature,max,12.406953977851137
13,2006,yuba river,interpolated,interpolated,yuba river,temperature,mean,11.747079001257273
13,2006,yuba river,interpolated,interpolated,yuba river,temperature,min,10.795143000420262
14,2006,yuba river,interpolated,interpolated,yuba river,temperature,max,12.669663171011
14,2006,yuba river,interpolated,interpolated,yuba river,temperature,mean,11.958734484997935
14,2006,yuba river,interpolated,interpolated,yuba river,temperature,min,11.071880063649042
15,2006,yuba river,interpolated,interpolated,yuba river,temperature,max,13.194716547605816
15,2006,yuba river,interpolated,interpolated,yuba river,temperature,mean,12.227850785637727
15,2006,yuba river,interpolated,interpolated,yuba river,temperature,min,11.237711798227163
16,2006,yuba river,interpolated,interpolated,yuba river,temperature,max,13.457328404839036
16,2006,yuba river,interpolated,interpolated,yuba river,temperature,mean,12.174302499074717
16,2006,yuba river,interpolated,interpolated,yuba river,temperature,min,10.2402216633686
17,2006,yuba river,interpolated,interpolated,yuba river,temperature,max,14.507289154138702
17,2006,yuba river,interpolated,interpolated,yuba river,temperature,mean,13.19040941940319
17,2006,yuba river,interpolated,interpolated,yuba river,temperature,min,11.458338374133294
18,2006,yuba river,interpolated,interpolated,yuba river,temperature,max,14.179431926789997
18,2006,yuba river,interpolated,interpolated,yuba river,temperature,mean,13.27388308083041
18,2006,yuba river,interpolated,interpolated,yuba river,temperature,min,11.900841389640464
19,2006,yuba river,interpolated,interpolated,yuba river,temperature,max,15.09809891446388
19,2006,yuba river,interpolated,interpolated,yuba river,temperature,mean,13.905444534218558
19,2006,yuba river,interpolated,interpolated,yuba river,temperature,min,12.3434759697471
20,2006,yuba river,interpolated,interpolated,yuba river,temperature,max,16.01681457010109
20,2006,yuba river,interpolated,interpolated,yuba river,temperature,mean,14.771269318041616
20,2006,yuba river,interpolated,interpolated,yuba river,temperature,min,13.007394948757184
21,2006,yuba river,interpolated,interpolated,yuba river,temperature,max,15.295270729728331
21,2006,yuba river,interpolated,interpolated,yuba river,temperature,mean,13.855808777991665
21,2006,yuba river,interpolated,interpolated,yuba river,temperature,min,12.176131242275137
22,2006,yuba river,interpolated,interpolated,yuba river,temperature,max,17.19819075093484
22,2006,yuba river,interpolated,interpolated,yuba river,temperature,mean,14.509470545571785
22,2006,yuba river,interpolated,interpolated,yuba river,temperature,min,11.843744167821832
23,2006,yuba river,interpolated,interpolated,yuba river,temperature,max,17.985612644946265
23,2006,yuba river,interpolated,interpolated,yuba river,temperature,mean,16.2195273315282
23,2006,yuba river,interpolated,interpolated,yuba river,temperature,min,14.169138043000302
24,2006,yuba river,interpolated,interpolated,yuba river,temperature,max,18.510739023486067
24,2006,yuba river,interpolated,interpolated,yuba river,temperature,mean,15.998016657106202
24,2006,yuba river,interpolated,interpolated,yuba river,temperature,min,13.614940311245691
25,2006,yuba river,interpolated,interpolated,yuba river,temperature,max,20.085558477527258
25,2006,yuba river,interpolated,interpolated,yuba river,temperature,mean,17.49591042681968
25,2006,yuba river,interpolated,interpolated,yuba river,temperature,min,14.944028132960776
26,2006,yuba river,interpolated,interpolated,yuba river,temperature,max,20.87293170357536
26,2006,yuba river,interpolated,interpolated,yuba river,temperature,mean,18.84794212286614
26,2006,yuba river,interpolated,interpolated,yuba river,temperature,min,16.10629748560175
27,2006,yuba river,interpolated,interpolated,yuba river,temperature,max,20.3482190027238
27,2006,yuba river,interpolated,interpolated,yuba river,temperature,mean,18.219785667311836
27,2006,yuba river,interpolated,interpolated,yuba river,temperature,min,15.496647089521812
28,2006,yuba river,interpolated,interpolated,yuba river,temperature,max,20.80766199947822
28,2006,yuba river,interpolated,interpolated,yuba river,temperature,mean,18.61266372742668
28,2006,yuba river,interpolated,interpolated,yuba river,temperature,min,15.884026352202318
29,2006,yuba river,interpolated,interpolated,yuba river,temperature,max,21.79210970486413
29,2006,yuba river,interpolated,interpolated,yuba river,temperature,mean,19.44312800854258
29,2006,yuba river,interpolated,interpolated,yuba river,temperature,min,16.382179378934012
30,2006,yuba river,interpolated,interpolated,yuba river,temperature,max,22.317065745532304
30,2006,yuba river,interpolated,interpolated,yuba river,temperature,mean,19.885438267804254
30,2006,yuba river,interpolated,interpolated,yuba river,temperature,min,16.87987192956758
31,2006,yuba river,interpolated,interpolated,yuba river,temperature,max,20.80814867911144
31,2006,yuba river,interpolated,interpolated,yuba river,temperature,mean,18.62882138127343
31,2006,yuba river,interpolated,interpolated,yuba river,temperature,min,15.993418687959132
32,2006,yuba river,interpolated,interpolated,yuba river,temperature,max,20.74270863714267
32,2006,yuba river,interpolated,interpolated,yuba river,temperature,mean,18.752075608246198
32,2006,yuba river,interpolated,interpolated,yuba river,temperature,min,15.88198710091062
33,2006,yuba river,interpolated,interpolated,yuba river,temperature,max,20.021189130751573
33,2006,yuba river,interpolated,interpolated,yuba river,temperature,mean,17.83661506819625
33,2006,yuba river,interpolated,interpolated,yuba river,temperature,min,15.161562940779492
34,2006,yuba river,interpolated,interpolated,yuba river,temperature,max,19.365255670219213
34,2006,yuba river,interpolated,interpolated,yuba river,temperature,mean,17.486922571460802
34,2006,yuba river,interpolated,interpolated,yuba river,temperature,min,14.93955493657899
35,2006,yuba river,interpolated,interpolated,yuba river,temperature,max,19.75908828713323
35,2006,yuba river,interpolated,interpolated,yuba river,temperature,mean,17.74277868358541
35,2006,yuba river,interpolated,interpolated,yuba river,temperature,min,15.32686841695976
36,2006,yuba river,interpolated,interpolated,yuba river,temperature,max,19.431255393766182
36,2006,yuba river,interpolated,interpolated,yuba river,temperature,mean,17.60082914025451
36,2006,yuba river,interpolated,interpolated,yuba river,temperature,min,15.381663258287766
37,2006,yuba river,interpolated,interpolated,yuba river,temperature,max,19.56264649131861
37,2006,yuba river,interpolated,interpolated,yuba river,temperature,mean,17.27765702054943
37,2006,yuba river,interpolated,interpolated,yuba river,temperature,min,14.107304495600957
38,2006,yuba river,interpolated,interpolated,yuba river,temperature,max,17.463260340315824
38,2006,yuba river,interpolated,interpolated,yuba river,temperature,mean,15.76990806015461
38,2006,yuba river,interpolated,interpolated,yuba river,temperature,min,13.497588317221288
39,2006,yuba river,interpolated,interpolated,yuba river,temperature,max,17.069841401090045
39,2006,yuba river,interpolated,interpolated,yuba river,temperature,mean,15.566077637086185
39,2006,yuba river,interpolated,interpolated,yuba river,temperature,min,13.55284363464742
40,2006,yuba river,interpolated,interpolated,yuba river,temperature,max,16.085758705429047
40,2006,yuba river,interpolated,interpolated,yuba river,temperature,mean,14.867200176117567
40,2006,yuba river,interpolated,interpolated,yuba river,temperature,min,12.887477445043226
41,2006,yuba river,interpolated,interpolated,yuba river,temperature,max,15.82346318995742
41,2006,yuba river,interpolated,interpolated,yuba river,temperature,mean,14.376065668553494
41,2006,yuba river,interpolated,interpolated,yuba river,temperature,min,12.61021412341659
42,2006,yuba river,interpolated,interpolated,yuba river,temperature,max,15.16755406340672
42,2006,yuba river,interpolated,interpolated,yuba river,temperature,mean,13.827470344090294
42,2006,yuba river,interpolated,interpolated,yuba river,temperature,min,11.945045280711591
43,2006,yuba river,interpolated,interpolated,yuba river,temperature,max,14.6428170285735
43,2006,yuba river,interpolated,interpolated,yuba river,temperature,mean,12.987150872293052
43,2006,yuba river,interpolated,interpolated,yuba river,temperature,min,11.058263127604487
44,2006,yuba river,interpolated,interpolated,yuba river,temperature,max,13.068484254165526
44,2006,yuba river,interpolated,interpolated,yuba river,temperature,mean,12.168931714687782
44,2006,yuba river,interpolated,interpolated,yuba river,temperature,min,10.72574448855172
45,2006,yuba river,interpolated,interpolated,yuba river,temperature,max,14.51200994658094
45,2006,yuba river,interpolated,interpolated,yuba river,temperature,mean,12.849113859298267
45,2006,yuba river,interpolated,interpolated,yuba river,temperature,min,11.00195529338264
46,2006,yuba river,interpolated,interpolated,yuba river,temperature,max,13.46248720895117
46,2006,yuba river,interpolated,interpolated,yuba river,temperature,mean,12.088355518592127
46,2006,yuba river,interpolated,interpolated,yuba river,temperature,min,10.281860044750175
47,2006,yuba river,interpolated,interpolated,yuba river,temperature,max,13.331290783252037
47,2006,yuba river,interpolated,interpolated,yuba river,temperature,mean,12.127628551635402
47,2006,yuba river,interpolated,interpolated,yuba river,temperature,min,9.61636229054652
48,2006,yuba river,interpolated,interpolated,yuba river,temperature,max,11.035122160691373
48,2006,yuba river,interpolated,interpolated,yuba river,temperature,mean,9.656305892470566
48,2006,yuba river,interpolated,interpolated,yuba river,temperature,min,8.452777291910898
49,2006,yuba river,interpolated,interpolated,yuba river,temperature,max,11.035414168471306
49,2006,yuba river,interpolated,interpolated,yuba river,temperature,mean,9.717679239705815
49,2006,yuba river,interpolated,interpolated,yuba river,temperature,min,8.563485273662357
50,2006,yuba river,interpolated,interpolated,yuba river,temperature,max,12.610184954549176
50,2006,yuba river,interpolated,interpolated,yuba river,temperature,mean,11.339334768894343
50,2006,yuba river,interpolated,interpolated,yuba river,temperature,min,9.725754626303331
51,2006,yuba river,interpolated,interpolated,yuba river,temperature,max,9.985842762878216
51,2006,yuba river,interpolated,interpolated,yuba river,temperature,mean,9.181836571255522
51,2006,yuba river,interpolated,interpolated,yuba river,temperature,min,8.008498154310962
52,2006,yuba river,interpolated,interpolated,yuba river,temperature,max,11.363904079343197
52,2006,yuba river,interpolated,interpolated,yuba river,temperature,mean,9.994620601017845
52,2006,yuba river,interpolated,interpolated,yuba river,temperature,min,8.67248291562078
53,2006,yuba river,interpolated,interpolated,yuba river,temperature,max,10.051793818461867
53,2006,yuba river,interpolated,interpolated,yuba river,temperature,mean,9.676086058080706
53,2006,yuba river,interpolated,interpolated,yuba river,temperature,min,8.949351543449021
1,2007,yuba river,interpolated,interpolated,yuba river,temperature,max,10.904826092313694
1,2007,yuba river,interpolated,interpolated,yuba river,temperature,mean,9.693476290861556
1,2007,yuba river,interpolated,interpolated,yuba river,temperature,min,8.339635365069352
2,2007,yuba river,interpolated,interpolated,yuba river,temperature,max,10.248868297799676
2,2007,yuba river,interpolated,interpolated,yuba river,temperature,mean,8.755915436619633
2,2007,yuba river,interpolated,interpolated,yuba river,temperature,min,6.843729074280164
3,2007,yuba river,interpolated,interpolated,yuba river,temperature,max,9.264955940010308
3,2007,yuba river,interpolated,interpolated,yuba river,temperature,mean,8.171959609449274
3,2007,yuba river,interpolated,interpolated,yuba river,temperature,min,6.95437127373189
4,2007,yuba river,interpolated,interpolated,yuba river,temperature,max,9.98686479010798
4,2007,yuba river,interpolated,interpolated,yuba river,temperature,mean,9.037784393272332
4,2007,yuba river,interpolated,interpolated,yuba river,temperature,min,7.89555357436861
5,2007,yuba river,interpolated,interpolated,yuba river,temperature,max,10.511918166702792
5,2007,yuba river,interpolated,interpolated,yuba river,temperature,mean,9.629565281114928
5,2007,yuba river,interpolated,interpolated,yuba river,temperature,min,8.559406771078963
6,2007,yuba river,interpolated,interpolated,yuba river,temperature,max,12.611596325485516
6,2007,yuba river,interpolated,interpolated,yuba river,temperature,mean,11.388242758293687
6,2007,yuba river,interpolated,interpolated,yuba river,temperature,min,9.22391779078664
7,2007,yuba river,interpolated,interpolated,yuba river,temperature,max,12.874232516700395
7,2007,yuba river,interpolated,interpolated,yuba river,temperature,mean,11.542437425135223
7,2007,yuba river,interpolated,interpolated,yuba river,temperature,min,10.164902744524165
8,2007,yuba river,interpolated,interpolated,yuba river,temperature,max,12.021321912756877
8,2007,yuba river,interpolated,interpolated,yuba river,temperature,mean,10.724218267529952
8,2007,yuba river,interpolated,interpolated,yuba river,temperature,min,9.33350747344265
9,2007,yuba river,interpolated,interpolated,yuba river,temperature,max,12.021613920536808
9,2007,yuba river,interpolated,interpolated,yuba river,temperature,mean,10.489447404592763
9,2007,yuba river,interpolated,interpolated,yuba river,temperature,min,9.277791679918394
10,2007,yuba river,interpolated,interpolated,yuba river,temperature,max,13.465236948878864
10,2007,yuba river,interpolated,interpolated,yuba river,temperature,mean,11.898939917538353
10,2007,yuba river,interpolated,interpolated,yuba river,temperature,min,10.49590839068309
11,2007,yuba river,interpolated,interpolated,yuba river,temperature,max,14.318342224675677
11,2007,yuba river,interpolated,interpolated,yuba river,temperature,mean,13.09184935140261
11,2007,yuba river,interpolated,interpolated,yuba river,temperature,min,11.32631692726862
12,2007,yuba river,interpolated,interpolated,yuba river,temperature,max,14.31848822856564
12,2007,yuba river,interpolated,interpolated,yuba river,temperature,mean,12.804037734404687
12,2007,yuba river,interpolated,interpolated,yuba river,temperature,min,10.716403401989757
13,2007,yuba river,interpolated,interpolated,yuba river,temperature,max,13.006329299720992
13,2007,yuba river,interpolated,interpolated,yuba river,temperature,mean,11.876935369405384
13,2007,yuba river,interpolated,interpolated,yuba river,temperature,min,9.88520547780744
14,2007,yuba river,interpolated,interpolated,yuba river,temperature,max,15.237349888092815
14,2007,yuba river,interpolated,interpolated,yuba river,temperature,mean,13.938833809581174
14,2007,yuba river,interpolated,interpolated,yuba river,temperature,min,11.933928072056862
15,2007,yuba river,interpolated,interpolated,yuba river,temperature,max,14.909370990835804
15,2007,yuba river,interpolated,interpolated,yuba river,temperature,mean,12.859975953796988
15,2007,yuba river,interpolated,interpolated,yuba river,temperature,min,10.825729955446835
16,2007,yuba river,interpolated,interpolated,yuba river,temperature,max,14.51587904966504
16,2007,yuba river,interpolated,interpolated,yuba river,temperature,mean,12.293700377980208
16,2007,yuba river,interpolated,interpolated,yuba river,temperature,min,10.32678754111836
17,2007,yuba river,interpolated,interpolated,yuba river,temperature,max,17.665493623765762
17,2007,yuba river,interpolated,interpolated,yuba river,temperature,mean,14.44134338493769
17,2007,yuba river,interpolated,interpolated,yuba river,temperature,min,10.714298368398326
18,2007,yuba river,interpolated,interpolated,yuba river,temperature,max,17.599907577907025
18,2007,yuba river,interpolated,interpolated,yuba river,temperature,mean,14.365694784182706
18,2007,yuba river,interpolated,interpolated,yuba river,temperature,min,11.544312211185463
19,2007,yuba river,interpolated,interpolated,yuba river,temperature,max,18.584282281347953
19,2007,yuba river,interpolated,interpolated,yuba river,temperature,mean,16.31001490057404
19,2007,yuba river,interpolated,interpolated,yuba river,temperature,min,13.150400225328251
20,2007,yuba river,interpolated,interpolated,yuba river,temperature,max,18.912504518421574
20,2007,yuba river,interpolated,interpolated,yuba river,temperature,mean,16.835494845840714
20,2007,yuba river,interpolated,interpolated,yuba river,temperature,min,13.86996921556286
21,2007,yuba river,interpolated,interpolated,yuba river,temperature,max,19.10960333174104
21,2007,yuba river,interpolated,interpolated,yuba river,temperature,mean,16.605144045741923
21,2007,yuba river,interpolated,interpolated,yuba river,temperature,min,13.81399029283968
22,2007,yuba river,interpolated,interpolated,yuba river,temperature,max,20.225125792917783
22,2007,yuba river,interpolated,interpolated,yuba river,temperature,mean,17.90855505056604
22,2007,yuba river,interpolated,interpolated,yuba river,temperature,min,14.97672012157878
23,2007,yuba river,interpolated,interpolated,yuba river,temperature,max,19.109944007484295
23,2007,yuba river,interpolated,interpolated,yuba river,temperature,mean,16.639489483444528
23,2007,yuba river,interpolated,interpolated,yuba river,temperature,min,13.591456030241316
24,2007,yuba river,interpolated,interpolated,yuba river,temperature,max,21.472039351646952
24,2007,yuba river,interpolated,interpolated,yuba river,temperature,mean,18.58822966267425
24,2007,yuba river,interpolated,interpolated,yuba river,temperature,min,15.086572933433718
25,2007,yuba river,interpolated,interpolated,yuba river,temperature,max,21.1440847883716
25,2007,yuba river,interpolated,interpolated,yuba river,temperature,mean,18.835245649122072
25,2007,yuba river,interpolated,interpolated,yuba river,temperature,min,15.971973658246451
26,2007,yuba river,interpolated,interpolated,yuba river,temperature,max,21.078717748347813
26,2007,yuba river,interpolated,interpolated,yuba river,temperature,mean,18.772857236882274
26,2007,yuba river,interpolated,interpolated,yuba river,temperature,min,15.75036034784434
27,2007,yuba river,interpolated,interpolated,yuba river,temperature,max,22.52231644270821
27,2007,yuba river,interpolated,interpolated,yuba river,temperature,mean,19.621001769351754
27,2007,yuba river,interpolated,interpolated,yuba river,temperature,min,15.916060517823
28,2007,yuba river,interpolated,interpolated,yuba river,temperature,max,21.931896026089603
28,2007,yuba river,interpolated,interpolated,yuba river,temperature,mean,19.563033419950347
28,2007,yuba river,interpolated,interpolated,yuba river,temperature,min,16.746074360610137
29,2007,yuba river,interpolated,interpolated,yuba river,temperature,max,21.60401446475924
29,2007,yuba river,interpolated,interpolated,yuba river,temperature,mean,18.881836210335308
29,2007,yuba river,interpolated,interpolated,yuba river,temperature,min,15.914942218727552
30,2007,yuba river,interpolated,interpolated,yuba river,temperature,max,22.32594764883857
30,2007,yuba river,interpolated,interpolated,yuba river,temperature,mean,19.82722212524947
30,2007,yuba river,interpolated,interpolated,yuba river,temperature,min,16.634313862062964
31,2007,yuba river,interpolated,interpolated,yuba river,temperature,max,21.998114755471526
31,2007,yuba river,interpolated,interpolated,yuba river,temperature,mean,19.64991207921141
31,2007,yuba river,interpolated,interpolated,yuba river,temperature,min,16.800342943540286
32,2007,yuba river,interpolated,interpolated,yuba river,temperature,max,20.751687876375584
32,2007,yuba river,interpolated,interpolated,yuba river,temperature,mean,18.58858946549444
32,2007,yuba river,interpolated,interpolated,yuba river,temperature,min,15.6918159154316
33,2007,yuba river,interpolated,interpolated,yuba river,temperature,max,20.358122933259835
33,2007,yuba river,interpolated,interpolated,yuba river,temperature,mean,18.190276277536654
33,2007,yuba river,interpolated,interpolated,yuba river,temperature,min,15.58064745758202
34,2007,yuba river,interpolated,interpolated,yuba river,temperature,max,21.40810801654116
34,2007,yuba river,interpolated,interpolated,yuba river,temperature,mean,19.21080326070352
34,2007,yuba river,interpolated,interpolated,yuba river,temperature,min,16.023610949187315
35,2007,yuba river,interpolated,interpolated,yuba river,temperature,max,21.998796106958036
35,2007,yuba river,interpolated,interpolated,yuba river,temperature,mean,19.55506062959602
35,2007,yuba river,interpolated,interpolated,yuba river,temperature,min,16.46624552929395
36,2007,yuba river,interpolated,interpolated,yuba river,temperature,max,20.883492651616244
36,2007,yuba river,interpolated,interpolated,yuba river,temperature,mean,18.590979398323732
36,2007,yuba river,interpolated,interpolated,yuba river,temperature,min,16.18852173156919
37,2007,yuba river,interpolated,interpolated,yuba river,temperature,max,20.030776719526013
37,2007,yuba river,interpolated,interpolated,yuba river,temperature,mean,17.825800994779197
37,2007,yuba river,interpolated,interpolated,yuba river,temperature,min,14.914097186582648
38,2007,yuba river,interpolated,interpolated,yuba river,temperature,max,18.52185965310515
38,2007,yuba river,interpolated,interpolated,yuba river,temperature,mean,16.01306769853515
38,2007,yuba river,interpolated,interpolated,yuba river,temperature,min,13.861417516597683
39,2007,yuba river,interpolated,interpolated,yuba river,temperature,max,16.881843496911795
39,2007,yuba river,interpolated,interpolated,yuba river,temperature,mean,15.035726278747676
39,2007,yuba river,interpolated,interpolated,yuba river,temperature,min,12.6977009533626
40,2007,yuba river,interpolated,interpolated,yuba river,temperature,max,16.160226654594055
40,2007,yuba river,interpolated,interpolated,yuba river,temperature,mean,14.442930325900528
40,2007,yuba river,interpolated,interpolated,yuba river,temperature,min,12.032597892957336
41,2007,yuba river,interpolated,interpolated,yuba river,temperature,max,15.110679582982623
41,2007,yuba river,interpolated,interpolated,yuba river,temperature,mean,13.85897449873017
41,2007,yuba river,interpolated,interpolated,yuba river,temperature,min,12.198363845235727
42,2007,yuba river,interpolated,interpolated,yuba river,temperature,max,14.651577261971465
42,2007,yuba river,interpolated,interpolated,yuba river,temperature,mean,13.690504578368902
42,2007,yuba river,interpolated,interpolated,yuba river,temperature,min,11.588581884556326
43,2007,yuba river,interpolated,interpolated,yuba river,temperature,max,14.914286455131329
43,2007,yuba river,interpolated,interpolated,yuba river,temperature,mean,13.6281161661291
43,2007,yuba river,interpolated,interpolated,yuba river,temperature,min,11.810063630358972
44,2007,yuba river,interpolated,interpolated,yuba river,temperature,max,15.176776642456243
44,2007,yuba river,interpolated,interpolated,yuba river,temperature,mean,13.676229324849166
44,2007,yuba river,interpolated,interpolated,yuba river,temperature,min,11.587660932360077
45,2007,yuba river,interpolated,interpolated,yuba river,temperature,max,13.602419534066613
45,2007,yuba river,interpolated,interpolated,yuba river,temperature,mean,12.756348721960821
45,2007,yuba river,interpolated,interpolated,yuba river,temperature,min,11.476689821409687
46,2007,yuba river,interpolated,interpolated,yuba river,temperature,max,13.86498272333651
46,2007,yuba river,interpolated,interpolated,yuba river,temperature,mean,13.02104495976222
46,2007,yuba river,interpolated,interpolated,yuba river,temperature,min,11.531747791936624
47,2007,yuba river,interpolated,interpolated,yuba river,temperature,max,13.5370038260795
47,2007,yuba river,interpolated,interpolated,yuba river,temperature,mean,11.274612606094092
47,2007,yuba river,interpolated,interpolated,yuba river,temperature,min,9.3708700053416365
48,2007,yuba river,interpolated,interpolated,yuba river,temperature,max,11.503276722880432
48,2007,yuba river,interpolated,interpolated,yuba river,temperature,mean,10.230970243730699
48,2007,yuba river,interpolated,interpolated,yuba river,temperature,min,8.761153826961966
49,2007,yuba river,interpolated,interpolated,yuba river,temperature,max,11.962792721579834
49,2007,yuba river,interpolated,interpolated,yuba river,temperature,mean,10.96419314240192
49,2007,yuba river,interpolated,interpolated,yuba river,temperature,min,9.09294886071768
50,2007,yuba river,interpolated,interpolated,yuba river,temperature,max,9.86333356863206
50,2007,yuba river,interpolated,interpolated,yuba river,temperature,mean,9.26638147995613
50,2007,yuba river,interpolated,interpolated,yuba river,temperature,min,8.261816718835094
51,2007,yuba river,interpolated,interpolated,yuba river,temperature,max,10.91334298589505
51,2007,yuba river,interpolated,interpolated,yuba river,temperature,mean,9.981924127273777
51,2007,yuba river,interpolated,interpolated,yuba river,temperature,min,8.538224870565212
52,2007,yuba river,interpolated,interpolated,yuba river,temperature,max,10.257336523417708
52,2007,yuba river,interpolated,interpolated,yuba river,temperature,mean,9.035523147355063
52,2007,yuba river,interpolated,interpolated,yuba river,temperature,min,7.762479610708223
53,2007,yuba river,interpolated,interpolated,yuba river,temperature,max,9.07652002416216
53,2007,yuba river,interpolated,interpolated,yuba river,temperature,mean,8.752349107125083
53,2007,yuba river,interpolated,interpolated,yuba river,temperature,min,8.149924655688459
1,2008,yuba river,interpolated,interpolated,yuba river,temperature,max,10.520070050559234
1,2008,yuba river,interpolated,interpolated,yuba river,temperature,mean,9.62870488483394
1,2008,yuba river,interpolated,interpolated,yuba river,temperature,min,8.205245755414321
2,2008,yuba river,interpolated,interpolated,yuba river,temperature,max,11.307564946515644
2,2008,yuba river,interpolated,interpolated,yuba river,temperature,mean,10.316253800841752
2,2008,yuba river,interpolated,interpolated,yuba river,temperature,min,9.256741344004109
3,2008,yuba river,interpolated,interpolated,yuba river,temperature,max,10.585923770216244
3,2008,yuba river,interpolated,interpolated,yuba river,temperature,mean,9.43615376349896
3,2008,yuba river,interpolated,interpolated,yuba river,temperature,min,8.536382966172713
4,2008,yuba river,interpolated,interpolated,yuba river,temperature,max,10.717460871658634
4,2008,yuba river,interpolated,interpolated,yuba river,temperature,mean,9.736210504007513
4,2008,yuba river,interpolated,interpolated,yuba river,temperature,min,8.59157250129911
5,2008,yuba river,interpolated,interpolated,yuba river,temperature,max,10.6519964957082
5,2008,yuba river,interpolated,interpolated,yuba river,temperature,mean,9.96112617626336
5,2008,yuba river,interpolated,interpolated,yuba river,temperature,min,9.089528181131609
6,2008,yuba river,interpolated,interpolated,yuba river,temperature,max,11.50512610548667
6,2008,yuba river,interpolated,interpolated,yuba river,temperature,mean,10.407044990438933
6,2008,yuba river,interpolated,interpolated,yuba river,temperature,min,8.92297284125643
7,2008,yuba river,interpolated,interpolated,yuba river,temperature,max,11.702127582879497
7,2008,yuba river,interpolated,interpolated,yuba river,temperature,mean,10.490518651866154
7,2008,yuba river,interpolated,interpolated,yuba river,temperature,min,9.033088782310298
8,2008,yuba river,interpolated,interpolated,yuba river,temperature,max,11.899129060272315
8,2008,yuba river,interpolated,interpolated,yuba river,temperature,mean,10.803835580889894
8,2008,yuba river,interpolated,interpolated,yuba river,temperature,min,9.752855119444105
9,2008,yuba river,interpolated,interpolated,yuba river,temperature,max,12.620964908425004
9,2008,yuba river,interpolated,interpolated,yuba river,temperature,mean,11.48401772550038
9,2008,yuba river,interpolated,interpolated,yuba river,temperature,min,9.80738683157318
10,2008,yuba river,interpolated,interpolated,yuba river,temperature,max,13.146066952983144
10,2008,yuba river,interpolated,interpolated,yuba river,temperature,mean,11.377428684876634
10,2008,yuba river,interpolated,interpolated,yuba river,temperature,min,9.807255266973716
11,2008,yuba river,interpolated,interpolated,yuba river,temperature,max,13.670974325687991
11,2008,yuba river,interpolated,interpolated,yuba river,temperature,mean,11.615604545647665
11,2008,yuba river,interpolated,interpolated,yuba river,temperature,min,9.252662841420712
12,2008,yuba river,interpolated,interpolated,yuba river,temperature,max,13.540045573787127
12,2008,yuba river,interpolated,interpolated,yuba river,temperature,mean,11.946601726024982
12,2008,yuba river,interpolated,interpolated,yuba river,temperature,min,10.194108271256365
13,2008,yuba river,interpolated,interpolated,yuba river,temperature,max,13.93375652079284
13,2008,yuba river,interpolated,interpolated,yuba river,temperature,mean,11.798746681469023
13,2008,yuba river,interpolated,interpolated,yuba river,temperature,min,9.971705573257466
14,2008,yuba river,interpolated,interpolated,yuba river,temperature,max,13.67163134319284
14,2008,yuba river,interpolated,interpolated,yuba river,temperature,mean,11.98536722656598
14,2008,yuba river,interpolated,interpolated,yuba river,temperature,min,10.137734654734786
15,2008,yuba river,interpolated,interpolated,yuba river,temperature,max,14.91837456405038
15,2008,yuba river,interpolated,interpolated,yuba river,temperature,mean,12.68764968536844
15,2008,yuba river,interpolated,interpolated,yuba river,temperature,min,10.24798216038812
16,2008,yuba river,interpolated,interpolated,yuba river,temperature,max,14.328002815395095
16,2008,yuba river,interpolated,interpolated,yuba river,temperature,mean,12.22745561767313
16,2008,yuba river,interpolated,interpolated,yuba river,temperature,min,9.63800285280952
17,2008,yuba river,interpolated,interpolated,yuba river,temperature,max,16.362167930264064
17,2008,yuba river,interpolated,interpolated,yuba river,temperature,mean,12.982778830536324
17,2008,yuba river,interpolated,interpolated,yuba river,temperature,min,10.24706120819187
18,2008,yuba river,interpolated,interpolated,yuba river,temperature,max,15.9686759890933
18,2008,yuba river,interpolated,interpolated,yuba river,temperature,mean,13.477318335934239
18,2008,yuba river,interpolated,interpolated,yuba river,temperature,min,10.855856434375289
19,2008,yuba river,interpolated,interpolated,yuba river,temperature,max,16.493583361798148
19,2008,yuba river,interpolated,interpolated,yuba river,temperature,mean,14.59950676438418
19,2008,yuba river,interpolated,interpolated,yuba river,temperature,min,12.461483972419952
20,2008,yuba river,interpolated,interpolated,yuba river,temperature,max,18.85584904383243
20,2008,yuba river,interpolated,interpolated,yuba river,temperature,mean,16.08414034558248
20,2008,yuba river,interpolated,interpolated,yuba river,temperature,min,12.40589974349516
21,2008,yuba river,interpolated,interpolated,yuba river,temperature,max,17.215638215785788
21,2008,yuba river,interpolated,interpolated,yuba river,temperature,mean,14.585231510864446
21,2008,yuba river,interpolated,interpolated,yuba river,temperature,min,12.072789063744803
22,2008,yuba river,interpolated,interpolated,yuba river,temperature,max,17.41278569706858
22,2008,yuba river,interpolated,interpolated,yuba river,temperature,mean,15.026730262201626
22,2008,yuba river,interpolated,interpolated,yuba river,temperature,min,12.515555208450902
23,2008,yuba river,interpolated,interpolated,yuba river,temperature,max,18.659553251907777
23,2008,yuba river,interpolated,interpolated,yuba river,temperature,mean,15.958855988600602
23,2008,yuba river,interpolated,interpolated,yuba river,temperature,min,13.456737509087624
24,2008,yuba river,interpolated,interpolated,yuba river,temperature,max,19.906296472765316
24,2008,yuba river,interpolated,interpolated,yuba river,temperature,mean,17.20922623936399
24,2008,yuba river,interpolated,interpolated,yuba river,temperature,min,14.231693381347828
25,2008,yuba river,interpolated,interpolated,yuba river,temperature,max,20.43134984936013
25,2008,yuba river,interpolated,interpolated,yuba river,temperature,mean,18.044110583318282
25,2008,yuba river,interpolated,interpolated,yuba river,temperature,min,15.28364944603574
26,2008,yuba river,interpolated,interpolated,yuba river,temperature,max,20.431544521213414
26,2008,yuba river,interpolated,interpolated,yuba river,temperature,mean,18.18062499880624
26,2008,yuba river,interpolated,interpolated,yuba river,temperature,min,15.615576044390917
27,2008,yuba river,interpolated,interpolated,yuba river,temperature,max,21.940753595414215
27,2008,yuba river,interpolated,interpolated,yuba river,temperature,mean,19.064130033982877
27,2008,yuba river,interpolated,interpolated,yuba river,temperature,min,16.279758152599932
28,2008,yuba river,interpolated,interpolated,yuba river,temperature,max,21.94092393328584
28,2008,yuba river,interpolated,interpolated,yuba river,temperature,mean,19.280205580561933
28,2008,yuba river,interpolated,interpolated,yuba river,temperature,min,16.943742913909748
29,2008,yuba river,interpolated,interpolated,yuba river,temperature,max,21.940972601249165
29,2008,yuba river,interpolated,interpolated,yuba river,temperature,mean,19.628883012292828
29,2008,yuba river,interpolated,interpolated,yuba river,temperature,min,16.610763798758853
30,2008,yuba river,interpolated,interpolated,yuba river,temperature,max,21.08830533712225
30,2008,yuba river,interpolated,interpolated,yuba river,temperature,mean,18.89906511145545
30,2008,yuba river,interpolated,interpolated,yuba river,temperature,min,16.27798203050716
31,2008,yuba river,interpolated,interpolated,yuba river,temperature,max,21.285282480533414
31,2008,yuba river,interpolated,interpolated,yuba river,temperature,mean,19.075360092488957
31,2008,yuba river,interpolated,interpolated,yuba river,temperature,min,16.11136090833225
32,2008,yuba river,interpolated,interpolated,yuba river,temperature,max,21.482235289962915
32,2008,yuba river,interpolated,interpolated,yuba river,temperature,mean,19.105792999855442
32,2008,yuba river,interpolated,interpolated,yuba river,temperature,min,16.166682008058114
33,2008,yuba river,interpolated,interpolated,yuba river,temperature,max,22.20416847404225
33,2008,yuba river,interpolated,interpolated,yuba river,temperature,mean,19.909736903940978
33,2008,yuba river,interpolated,interpolated,yuba river,temperature,min,16.664703470190343
34,2008,yuba river,interpolated,interpolated,yuba river,temperature,max,21.48264896765115
34,2008,yuba river,interpolated,interpolated,yuba river,temperature,mean,19.39650208218493
34,2008,yuba river,interpolated,interpolated,yuba river,temperature,min,16.664177211792484
35,2008,yuba river,interpolated,interpolated,yuba river,temperature,max,21.2859151640566
35,2008,yuba river,interpolated,interpolated,yuba river,temperature,mean,19.024709271257514
35,2008,yuba river,interpolated,interpolated,yuba river,temperature,min,15.389489537607018
36,2008,yuba river,interpolated,interpolated,yuba river,temperature,max,20.367613186107633
36,2008,yuba river,interpolated,interpolated,yuba river,temperature,mean,18.13576910823793
36,2008,yuba river,interpolated,interpolated,yuba river,temperature,min,15.112489345179313
37,2008,yuba river,interpolated,interpolated,yuba river,temperature,max,19.317944444587894
37,2008,yuba river,interpolated,interpolated,yuba river,temperature,mean,17.596013909451518
37,2008,yuba river,interpolated,interpolated,yuba river,temperature,min,15.277926385959042
38,2008,yuba river,interpolated,interpolated,yuba river,temperature,max,19.186869688797067
38,2008,yuba river,interpolated,interpolated,yuba river,temperature,mean,17.19770072149373
38,2008,yuba river,interpolated,interpolated,yuba river,temperature,min,14.88962617108229
39,2008,yuba river,interpolated,interpolated,yuba river,temperature,max,18.26861637881142
39,2008,yuba river,interpolated,interpolated,yuba river,temperature,mean,16.627005082838558
39,2008,yuba river,interpolated,interpolated,yuba river,temperature,min,14.391012668252468
40,2008,yuba river,interpolated,interpolated,yuba river,temperature,max,18.465471852314273
40,2008,yuba river,interpolated,interpolated,yuba river,temperature,mean,16.458535162477286
40,2008,yuba river,interpolated,interpolated,yuba river,temperature,min,13.836354460399734
41,2008,yuba river,interpolated,interpolated,yuba river,temperature,max,16.956603453856733
41,2008,yuba river,interpolated,interpolated,yuba river,temperature,mean,14.018152943181214
41,2008,yuba river,interpolated,interpolated,yuba river,temperature,min,11.232710529098648
42,2008,yuba river,interpolated,interpolated,yuba river,temperature,max,15.251025585786303
42,2008,yuba river,interpolated,interpolated,yuba river,temperature,mean,13.770121891728843
42,2008,yuba river,interpolated,interpolated,yuba river,temperature,min,11.675739803003676
43,2008,yuba river,interpolated,interpolated,yuba river,temperature,max,14.857411974707231
43,2008,yuba river,interpolated,interpolated,yuba river,temperature,mean,13.707733479489043
43,2008,yuba river,interpolated,interpolated,yuba river,temperature,min,12.229082364861767
44,2008,yuba river,interpolated,interpolated,yuba river,temperature,max,14.529530413376868
44,2008,yuba river,interpolated,interpolated,yuba river,temperature,mean,13.495062930743828
44,2008,yuba river,interpolated,interpolated,yuba river,temperature,min,12.117848124712452
45,2008,yuba river,interpolated,interpolated,yuba river,temperature,max,13.217493154440524
45,2008,yuba river,interpolated,interpolated,yuba river,temperature,mean,12.314398620390204
45,2008,yuba river,interpolated,interpolated,yuba river,temperature,min,11.065036890128024
46,2008,yuba river,interpolated,interpolated,yuba river,temperature,max,13.545812727440786
46,2008,yuba river,interpolated,interpolated,yuba river,temperature,mean,12.574674795353207
46,2008,yuba river,interpolated,interpolated,yuba river,temperature,min,11.230802842406415
47,2008,yuba river,interpolated,interpolated,yuba river,temperature,max,13.283444210024175
47,2008,yuba river,interpolated,interpolated,yuba river,temperature,mean,11.82717664316225
47,2008,yuba river,interpolated,interpolated,yuba river,temperature,min,10.288370678074784
48,2008,yuba river,interpolated,interpolated,yuba river,temperature,max,12.365117898093546
48,2008,yuba river,interpolated,interpolated,yuba river,temperature,mean,11.645446534285798
48,2008,yuba river,interpolated,interpolated,yuba river,temperature,min,10.620231494130229
49,2008,yuba river,interpolated,interpolated,yuba river,temperature,max,12.168408428480657
49,2008,yuba river,interpolated,interpolated,yuba river,temperature,mean,10.71230574288227
49,2008,yuba river,interpolated,interpolated,yuba river,temperature,min,9.456778060094074
50,2008,yuba river,interpolated,interpolated,yuba river,temperature,max,10.462806226428564
50,2008,yuba river,interpolated,interpolated,yuba river,temperature,mean,9.721704134579612
50,2008,yuba river,interpolated,interpolated,yuba river,temperature,min,8.902646110639196
51,2008,yuba river,interpolated,interpolated,yuba river,temperature,max,9.675627672233746
51,2008,yuba river,interpolated,interpolated,yuba river,temperature,mean,8.731102526276953
51,2008,yuba river,interpolated,interpolated,yuba river,temperature,min,7.462060919575871
52,2008,yuba river,interpolated,interpolated,yuba river,temperature,max,10.135046335006503
52,2008,yuba river,interpolated,interpolated,yuba river,temperature,mean,9.415704733725834
52,2008,yuba river,interpolated,interpolated,yuba river,temperature,min,8.347922120486729
53,2008,yuba river,interpolated,interpolated,yuba river,temperature,max,9.872726485553212
53,2008,yuba river,interpolated,interpolated,yuba river,temperature,mean,9.32918723748282
53,2008,yuba river,interpolated,interpolated,yuba river,temperature,min,8.513556508165657
1,2009,yuba river,interpolated,interpolated,yuba river,temperature,max,9.872921157406502
1,2009,yuba river,interpolated,interpolated,yuba river,temperature,mean,9.220569427047833
1,2009,yuba river,interpolated,interpolated,yuba river,temperature,min,7.9594245587107775
2,2009,yuba river,interpolated,interpolated,yuba river,temperature,max,10.529195293682116
2,2009,yuba river,interpolated,interpolated,yuba river,temperature,mean,9.498525853364415
2,2009,yuba river,interpolated,interpolated,yuba river,temperature,min,8.346672256791818
3,2009,yuba river,interpolated,interpolated,yuba river,temperature,max,10.660464721326232
3,2009,yuba river,interpolated,interpolated,yuba river,temperature,mean,9.811842782388153
3,2009,yuba river,interpolated,interpolated,yuba river,temperature,min,8.789175272298987
4,2009,yuba river,interpolated,interpolated,yuba river,temperature,max,11.447983951264304
4,2009,yuba river,interpolated,interpolated,yuba river,temperature,mean,10.226821156694966
4,2009,yuba river,interpolated,interpolated,yuba river,temperature,min,8.34555395769637
5,2009,yuba river,interpolated,interpolated,yuba river,temperature,max,11.054565012038523
5,2009,yuba river,interpolated,interpolated,yuba river,temperature,mean,9.987630230919384
5,2009,yuba river,interpolated,interpolated,yuba river,temperature,min,8.677809467550208
6,2009,yuba river,interpolated,interpolated,yuba river,temperature,max,11.776376526209551
6,2009,yuba river,interpolated,interpolated,yuba river,temperature,mean,10.216965966013625
6,2009,yuba river,interpolated,interpolated,yuba river,temperature,min,8.51085943387664
7,2009,yuba river,interpolated,interpolated,yuba river,temperature,max,11.84225457984822
7,2009,yuba river,interpolated,interpolated,yuba river,temperature,mean,10.247398873380112
7,2009,yuba river,interpolated,interpolated,yuba river,temperature,min,8.676888515353959
8,2009,yuba river,interpolated,interpolated,yuba river,temperature,max,12.43279666637513
8,2009,yuba river,interpolated,interpolated,yuba river,temperature,mean,11.51102931265868
8,2009,yuba river,interpolated,interpolated,yuba river,temperature,min,10.22719495367276
9,2009,yuba river,interpolated,interpolated,yuba river,temperature,max,12.104890771063104
9,2009,yuba river,interpolated,interpolated,yuba river,temperature,mean,11.44864090041888
9,2009,yuba river,interpolated,interpolated,yuba river,temperature,min,10.61411374025514
10,2009,yuba river,interpolated,interpolated,yuba river,temperature,max,11.77708221167772
10,2009,yuba river,interpolated,interpolated,yuba river,temperature,mean,10.851424884733339
10,2009,yuba river,interpolated,interpolated,yuba river,temperature,min,9.33982075986806
11,2009,yuba river,interpolated,interpolated,yuba river,temperature,max,12.630260489419513
11,2009,yuba river,interpolated,interpolated,yuba river,temperature,mean,11.456465961091117
11,2009,yuba river,interpolated,interpolated,yuba river,temperature,min,9.782784251473355
12,2009,yuba river,interpolated,interpolated,yuba river,temperature,max,13.35202333562722
12,2009,yuba river,interpolated,interpolated,yuba river,temperature,mean,11.610660627932651
12,2009,yuba river,interpolated,interpolated,yuba river,temperature,min,9.338965589971544
13,2009,yuba river,interpolated,interpolated,yuba river,temperature,max,13.877101046203697
13,2009,yuba river,interpolated,interpolated,yuba river,temperature,mean,12.16708101306809
13,2009,yuba river,interpolated,interpolated,yuba river,temperature,min,10.169308344257342
14,2009,yuba river,interpolated,interpolated,yuba river,temperature,max,13.614781196750409
14,2009,yuba river,interpolated,interpolated,yuba river,temperature,mean,12.05607190960595
14,2009,yuba river,interpolated,interpolated,yuba river,temperature,min,10.058205668707492
15,2009,yuba river,interpolated,interpolated,yuba river,temperature,max,14.599204568154658
15,2009,yuba river,interpolated,interpolated,yuba river,temperature,mean,12.143965633871565
15,2009,yuba river,interpolated,interpolated,yuba river,temperature,min,10.112868945436034
16,2009,yuba river,interpolated,interpolated,yuba river,temperature,max,16.76456610872276
16,2009,yuba river,interpolated,interpolated,yuba river,temperature,mean,13.968944053626243
16,2009,yuba river,interpolated,interpolated,yuba river,temperature,min,10.22357692718749
17,2009,yuba river,interpolated,interpolated,yuba river,temperature,max,15.124330946694451
17,2009,yuba river,interpolated,interpolated,yuba river,temperature,mean,13.239126152788865
17,2009,yuba river,interpolated,interpolated,yuba river,temperature,min,11.053788116873823
18,2009,yuba river,interpolated,interpolated,yuba river,temperature,max,14.14049159085007
18,2009,yuba river,interpolated,interpolated,yuba river,temperature,mean,12.982254975659705
18,2009,yuba river,interpolated,interpolated,yuba river,temperature,min,11.55194114360552
19,2009,yuba river,interpolated,interpolated,yuba river,temperature,max,16.043314276129934
19,2009,yuba river,interpolated,interpolated,yuba river,temperature,mean,14.210524912231117
19,2009,yuba river,interpolated,interpolated,yuba river,temperature,min,12.326897015865722
20,2009,yuba river,interpolated,interpolated,yuba river,temperature,max,17.880599583514382
20,2009,yuba river,interpolated,interpolated,yuba river,temperature,mean,15.845440629934828
20,2009,yuba river,interpolated,interpolated,yuba river,temperature,min,12.935692242049145
21,2009,yuba river,interpolated,interpolated,yuba river,temperature,max,18.930560332814046
21,2009,yuba river,interpolated,interpolated,yuba river,temperature,mean,16.136657244766596
21,2009,yuba river,interpolated,interpolated,yuba river,temperature,min,13.599874350258158
22,2009,yuba river,interpolated,interpolated,yuba river,temperature,max,19.717982226825477
22,2009,yuba river,interpolated,interpolated,yuba river,temperature,mean,17.42680806107553
22,2009,yuba river,interpolated,interpolated,yuba river,temperature,min,14.872917466950325
23,2009,yuba river,interpolated,interpolated,yuba river,temperature,max,18.274748542189993
23,2009,yuba river,interpolated,interpolated,yuba river,temperature,mean,16.20194312233796
23,2009,yuba river,interpolated,interpolated,yuba river,temperature,min,13.764916697239496
24,2009,yuba river,interpolated,interpolated,yuba river,temperature,max,19.25912324563092
24,2009,yuba river,interpolated,interpolated,yuba river,temperature,mean,16.6743823135439
24,2009,yuba river,interpolated,interpolated,yuba river,temperature,min,14.262938159371725
25,2009,yuba river,interpolated,interpolated,yuba river,temperature,max,20.177838901268128
25,2009,yuba river,interpolated,interpolated,yuba river,temperature,mean,17.6728089825188
25,2009,yuba river,interpolated,interpolated,yuba river,temperature,min,14.927054485281008
26,2009,yuba river,interpolated,interpolated,yuba river,temperature,max,21.555778547824804
26,2009,yuba river,interpolated,interpolated,yuba river,temperature,mean,18.985060113019706
26,2009,yuba river,interpolated,interpolated,yuba river,temperature,min,15.757660368765734
27,2009,yuba river,interpolated,interpolated,yuba river,temperature,max,21.555900217733107
27,2009,yuba river,interpolated,interpolated,yuba river,temperature,mean,19.068533774446927
27,2009,yuba river,interpolated,interpolated,yuba river,temperature,min,15.922965844946
28,2009,yuba river,interpolated,interpolated,yuba river,temperature,max,21.293726372169782
28,2009,yuba river,interpolated,interpolated,yuba river,temperature,mean,18.48457794727657
28,2009,yuba river,interpolated,interpolated,yuba river,temperature,min,15.756476287370557
29,2009,yuba river,interpolated,interpolated,yuba river,temperature,max,22.34361411952447
29,2009,yuba river,interpolated,interpolated,yuba river,temperature,mean,19.880810271706977
29,2009,yuba river,interpolated,interpolated,yuba river,temperature,min,16.808629698957663
30,2009,yuba river,interpolated,interpolated,yuba river,temperature,max,22.343833125359417
30,2009,yuba river,interpolated,interpolated,yuba river,temperature,mean,19.955443807457407
30,2009,yuba river,interpolated,interpolated,yuba river,temperature,min,16.974132522037127
31,2009,yuba river,interpolated,interpolated,yuba river,temperature,max,22.4751268869852
31,2009,yuba river,interpolated,interpolated,yuba river,temperature,mean,20.0610177830766
31,2009,yuba river,interpolated,interpolated,yuba river,temperature,min,16.585766524860638
32,2009,yuba river,interpolated,interpolated,yuba river,temperature,max,20.966355824454304
32,2009,yuba river,interpolated,interpolated,yuba river,temperature,mean,18.553268822681776
32,2009,yuba river,interpolated,interpolated,yuba river,temperature,min,15.810152829603116
33,2009,yuba river,interpolated,interpolated,yuba river,temperature,max,21.163357301847125
33,2009,yuba river,interpolated,interpolated,yuba river,temperature,mean,18.924046568604645
33,2009,yuba river,interpolated,interpolated,yuba river,temperature,min,16.086560981333232
34,2009,yuba river,interpolated,interpolated,yuba river,temperature,max,21.5570925828345
34,2009,yuba river,interpolated,interpolated,yuba river,temperature,mean,19.051720858415813
34,2009,yuba river,interpolated,interpolated,yuba river,temperature,min,15.919742512259123
35,2009,yuba river,interpolated,interpolated,yuba river,temperature,max,20.507496843259748
35,2009,yuba river,interpolated,interpolated,yuba river,temperature,mean,18.304222706224856
35,2009,yuba river,interpolated,interpolated,yuba river,temperature,min,15.919347818460732
36,2009,yuba river,interpolated,interpolated,yuba river,temperature,max,20.24517699380646
36,2009,yuba river,interpolated,interpolated,yuba river,temperature,mean,17.852868764206335
36,2009,yuba river,interpolated,interpolated,yuba river,temperature,min,15.198857876029876
37,2009,yuba river,interpolated,interpolated,yuba river,temperature,max,19.85170938661736
37,2009,yuba river,interpolated,interpolated,yuba river,temperature,mean,17.80816060332011
37,2009,yuba river,interpolated,interpolated,yuba river,temperature,min,15.364558046008533
38,2009,yuba river,interpolated,interpolated,yuba river,temperature,max,19.655072918949447
38,2009,yuba river,interpolated,interpolated,yuba river,temperature,mean,17.865113887716966
38,2009,yuba river,interpolated,interpolated,yuba river,temperature,min,15.419418669636272
39,2009,yuba river,interpolated,interpolated,yuba river,temperature,max,19.52402249714028
39,2009,yuba river,interpolated,interpolated,yuba river,temperature,mean,17.36071919163771
39,2009,yuba river,interpolated,interpolated,yuba river,temperature,min,14.034286142898274
40,2009,yuba river,interpolated,interpolated,yuba river,temperature,max,16.702897833911443
40,2009,yuba river,interpolated,interpolated,yuba river,temperature,mean,14.549051693916494
40,2009,yuba river,interpolated,interpolated,yuba river,temperature,min,12.372284988332034
41,2009,yuba river,interpolated,interpolated,yuba river,temperature,max,15.259712817239286
41,2009,yuba river,interpolated,interpolated,yuba river,temperature,mean,14.02697674648366
41,2009,yuba river,interpolated,interpolated,yuba river,temperature,min,12.482861405484028
42,2009,yuba river,interpolated,interpolated,yuba river,temperature,max,15.915962619533238
42,2009,yuba river,interpolated,interpolated,yuba river,temperature,mean,14.530356377558363
42,2009,yuba river,interpolated,interpolated,yuba river,temperature,min,12.59291156423816
43,2009,yuba river,interpolated,interpolated,yuba river,temperature,max,15.32563953884128
43,2009,yuba river,interpolated,interpolated,yuba river,temperature,mean,13.866839419296904
43,2009,yuba river,interpolated,interpolated,yuba river,temperature,min,11.373873901277216
44,2009,yuba river,interpolated,interpolated,yuba river,temperature,max,13.81686847631038
44,2009,yuba river,interpolated,interpolated,yuba river,temperature,mean,12.650814606236123
44,2009,yuba river,interpolated,interpolated,yuba river,temperature,min,10.98609994479832
45,2009,yuba river,interpolated,interpolated,yuba river,temperature,max,13.816917144273702
45,2009,yuba river,interpolated,interpolated,yuba river,temperature,mean,12.610526508188295
45,2009,yuba river,interpolated,interpolated,yuba river,temperature,min,10.92998945747567
46,2009,yuba river,interpolated,interpolated,yuba river,temperature,max,12.898517830398088
46,2009,yuba river,interpolated,interpolated,yuba river,temperature,mean,11.071837107924711
46,2009,yuba river,interpolated,interpolated,yuba river,temperature,min,9.600178030463535
47,2009,yuba river,interpolated,interpolated,yuba river,temperature,max,11.258477340223074
47,2009,yuba river,interpolated,interpolated,yuba river,temperature,mean,10.46578096656238
47,2009,yuba river,interpolated,interpolated,yuba river,temperature,min,9.378235808562764
48,2009,yuba river,interpolated,interpolated,yuba river,temperature,max,11.193012964272642
48,2009,yuba river,interpolated,interpolated,yuba river,temperature,mean,10.261950543493956
48,2009,yuba river,interpolated,interpolated,yuba river,temperature,min,9.100709357737198
49,2009,yuba river,interpolated,interpolated,yuba river,temperature,max,10.14339289071623
49,2009,yuba river,interpolated,interpolated,yuba river,temperature,mean,8.776301897291107
49,2009,yuba river,interpolated,interpolated,yuba river,temperature,min,6.995547364666466
50,2009,yuba river,interpolated,interpolated,yuba river,temperature,max,10.79981303088181
50,2009,yuba river,interpolated,interpolated,yuba river,temperature,mean,9.456484041901595
50,2009,yuba river,interpolated,interpolated,yuba river,temperature,min,6.995481582366734
51,2009,yuba river,interpolated,interpolated,yuba river,temperature,max,11.193596979832506
51,2009,yuba river,interpolated,interpolated,yuba river,temperature,mean,10.339989077078231
51,2009,yuba river,interpolated,interpolated,yuba river,temperature,min,8.711619755263659
52,2009,yuba river,interpolated,interpolated,yuba river,temperature,max,10.144049908221078
52,2009,yuba river,interpolated,interpolated,yuba river,temperature,mean,9.314026966068417
52,2009,yuba river,interpolated,interpolated,yuba river,temperature,min,8.32378001648503
53,2009,yuba river,interpolated,interpolated,yuba river,temperature,max,10.01285348252194
53,2009,yuba river,interpolated,interpolated,yuba river,temperature,mean,9.875084927971798
53,2009,yuba river,interpolated,interpolated,yuba river,temperature,min,9.431122963198536
1,2010,yuba river,interpolated,interpolated,yuba river,temperature,max,11.12827860777204
1,2010,yuba river,interpolated,interpolated,yuba river,temperature,mean,10.237240062147421
1,2010,yuba river,interpolated,interpolated,yuba river,temperature,min,9.264699187922822
2,2010,yuba river,interpolated,interpolated,yuba river,temperature,max,12.243922738857089
2,2010,yuba river,interpolated,interpolated,yuba river,temperature,mean,10.99698333784901
2,2010,yuba river,interpolated,interpolated,yuba river,temperature,min,9.818239096680111
3,2010,yuba river,interpolated,interpolated,yuba river,temperature,max,11.850382129723
3,2010,yuba river,interpolated,interpolated,yuba river,temperature,mean,11.12173508731564
3,2010,yuba river,interpolated,interpolated,yuba river,temperature,min,9.983939266658773
4,2010,yuba river,interpolated,interpolated,yuba river,temperature,max,11.653745662055094
4,2010,yuba river,interpolated,interpolated,yuba river,temperature,mean,10.942927518783724
4,2010,yuba river,interpolated,interpolated,yuba river,temperature,min,10.204697407164364
5,2010,yuba river,interpolated,interpolated,yuba river,temperature,max,11.785161093589178
5,2010,yuba river,interpolated,interpolated,yuba river,temperature,mean,11.052921557241312
5,2010,yuba river,interpolated,interpolated,yuba river,temperature,min,10.03820784958892
6,2010,yuba river,interpolated,interpolated,yuba river,temperature,max,11.98213823700034
6,2010,yuba river,interpolated,interpolated,yuba river,temperature,mean,11.401598988972205
6,2010,yuba river,interpolated,interpolated,yuba river,temperature,min,10.314616001319036
7,2010,yuba river,interpolated,interpolated,yuba river,temperature,max,12.638412373275951
7,2010,yuba river,interpolated,interpolated,yuba river,temperature,mean,11.7502764207031
7,2010,yuba river,interpolated,interpolated,yuba river,temperature,min,10.591287282248082
8,2010,yuba river,interpolated,interpolated,yuba river,temperature,max,12.179237050319806
8,2010,yuba river,interpolated,interpolated,yuba river,temperature,mean,11.130960090825587
8,2010,yuba river,interpolated,interpolated,yuba river,temperature,min,9.759957793466302
9,2010,yuba river,interpolated,interpolated,yuba river,temperature,max,12.44189757551635
9,2010,yuba river,interpolated,interpolated,yuba river,temperature,mean,11.444277019849325
9,2010,yuba river,interpolated,interpolated,yuba river,temperature,min,9.75929997046898
10,2010,yuba river,interpolated,interpolated,yuba river,temperature,max,12.573264339087114
10,2010,yuba river,interpolated,interpolated,yuba river,temperature,mean,11.054803957568327
10,2010,yuba river,interpolated,interpolated,yuba river,temperature,min,9.537291966268477
11,2010,yuba river,interpolated,interpolated,yuba river,temperature,max,13.360856570970167
11,2010,yuba river,interpolated,interpolated,yuba river,temperature,mean,11.438841892006378
11,2010,yuba river,interpolated,interpolated,yuba river,temperature,min,9.53709461936928
12,2010,yuba river,interpolated,interpolated,yuba river,temperature,max,13.557785046418006
12,2010,yuba river,interpolated,interpolated,yuba river,temperature,mean,12.172064790677599
12,2010,yuba river,interpolated,interpolated,yuba river,temperature,min,10.699890230408112
13,2010,yuba river,interpolated,interpolated,yuba river,temperature,max,13.098658391425182
13,2010,yuba river,interpolated,interpolated,yuba river,temperature,mean,11.504127769577746
13,2010,yuba river,interpolated,interpolated,yuba river,temperature,min,9.86823183012767
14,2010,yuba river,interpolated,interpolated,yuba river,temperature,max,13.361367584585048
14,2010,yuba river,interpolated,interpolated,yuba river,temperature,mean,10.809670371447522
14,2010,yuba river,interpolated,interpolated,yuba river,temperature,min,9.203457681221067
15,2010,yuba river,interpolated,interpolated,yuba river,temperature,max,13.164560779045514
15,2010,yuba river,interpolated,interpolated,yuba river,temperature,mean,11.72411584649292
15,2010,yuba river,interpolated,interpolated,yuba river,temperature,min,10.587537691163352
16,2010,yuba river,interpolated,interpolated,yuba river,temperature,max,13.75527320344405
16,2010,yuba river,interpolated,interpolated,yuba river,temperature,mean,12.470598933679327
16,2010,yuba river,interpolated,interpolated,yuba river,temperature,min,10.974653824644928
17,2010,yuba river,interpolated,interpolated,yuba river,temperature,max,14.4771333855784
17,2010,yuba river,interpolated,interpolated,yuba river,temperature,mean,12.483351589692235
17,2010,yuba river,interpolated,interpolated,yuba river,temperature,min,10.087937453837547
18,2010,yuba river,interpolated,interpolated,yuba river,temperature,max,14.41174201157295
18,2010,yuba river,interpolated,interpolated,yuba river,temperature,mean,12.67732682207932
18,2010,yuba river,interpolated,interpolated,yuba river,temperature,min,10.475579845716982
19,2010,yuba river,interpolated,interpolated,yuba river,temperature,max,15.068089149793549
19,2010,yuba river,interpolated,interpolated,yuba river,temperature,mean,12.632618661193096
19,2010,yuba river,interpolated,interpolated,yuba river,temperature,min,10.25330871231755
20,2010,yuba river,interpolated,interpolated,yuba river,temperature,max,15.330579337118465
20,2010,yuba river,interpolated,interpolated,yuba river,temperature,mean,13.498443445016155
20,2010,yuba river,interpolated,interpolated,yuba river,temperature,min,11.692775604285428
21,2010,yuba river,interpolated,interpolated,yuba river,temperature,max,13.624855465158069
21,2010,yuba river,interpolated,interpolated,yuba river,temperature,mean,12.154236809641931
21,2010,yuba river,interpolated,interpolated,yuba river,temperature,min,10.252519324720764
22,2010,yuba river,interpolated,interpolated,yuba river,temperature,max,15.659044914008692
22,2010,yuba river,interpolated,interpolated,yuba river,temperature,mean,13.837773218567985
22,2010,yuba river,interpolated,interpolated,yuba river,temperature,min,10.972219879554835
23,2010,yuba river,interpolated,interpolated,yuba river,temperature,max,16.446515475983443
23,2010,yuba river,interpolated,interpolated,yuba river,temperature,mean,14.570996117239208
23,2010,yuba river,interpolated,interpolated,yuba river,temperature,min,12.41175255382245
24,2010,yuba river,interpolated,interpolated,yuba river,temperature,max,17.102789612259055
24,2010,yuba river,interpolated,interpolated,yuba river,temperature,mean,14.950613988838864
24,2010,yuba river,interpolated,interpolated,yuba river,temperature,min,12.13442344989608
25,2010,yuba river,interpolated,interpolated,yuba river,temperature,max,18.34963016904324
25,2010,yuba river,interpolated,interpolated,yuba river,temperature,mean,15.639636259126139
25,2010,yuba river,interpolated,interpolated,yuba river,temperature,min,13.020153086207472
26,2010,yuba river,interpolated,interpolated,yuba river,temperature,max,19.924400955121108
26,2010,yuba river,interpolated,interpolated,yuba river,temperature,mean,17.477874867396
26,2010,yuba river,interpolated,interpolated,yuba river,temperature,min,14.792072834928389
27,2010,yuba river,interpolated,interpolated,yuba river,temperature,max,20.449502999679247
27,2010,yuba river,interpolated,interpolated,yuba river,temperature,mean,17.508307774762486
27,2010,yuba river,interpolated,interpolated,yuba river,temperature,min,14.459159502077227
28,2010,yuba river,interpolated,interpolated,yuba river,temperature,max,21.17138751579526
28,2010,yuba river,interpolated,interpolated,yuba river,temperature,mean,18.824978968101792
28,2010,yuba river,interpolated,interpolated,yuba river,temperature,min,16.286268785924538
29,2010,yuba river,interpolated,interpolated,yuba river,temperature,max,22.221226595186614
29,2010,yuba river,interpolated,interpolated,yuba river,temperature,mean,19.748264568823977
29,2010,yuba river,interpolated,interpolated,yuba river,temperature,min,16.784224465757035
30,2010,yuba river,interpolated,interpolated,yuba river,temperature,max,21.958955413696653
30,2010,yuba river,interpolated,interpolated,yuba river,temperature,mean,19.451612826149265
30,2010,yuba river,interpolated,interpolated,yuba river,temperature,min,16.451442697505342
31,2010,yuba river,interpolated,interpolated,yuba river,temperature,max,20.581259106956587
31,2010,yuba river,interpolated,interpolated,yuba river,temperature,mean,18.33724945837156
31,2010,yuba river,interpolated,interpolated,yuba river,temperature,min,15.731084319673949
32,2010,yuba river,interpolated,interpolated,yuba river,temperature,max,20.45025735311074
32,2010,yuba river,interpolated,interpolated,yuba river,temperature,mean,18.319061674515705
32,2010,yuba river,interpolated,interpolated,yuba river,temperature,min,15.619718514925166
33,2010,yuba river,interpolated,interpolated,yuba river,temperature,max,20.712917878307284
33,2010,yuba river,interpolated,interpolated,yuba river,temperature,mean,18.398115273104533
33,2010,yuba river,interpolated,interpolated,yuba river,temperature,min,15.508484274775851
34,2010,yuba river,interpolated,interpolated,yuba river,temperature,max,20.38508498494024
34,2010,yuba river,interpolated,interpolated,yuba river,temperature,mean,17.83183969728775
34,2010,yuba river,interpolated,interpolated,yuba river,temperature,min,14.954352325320974
35,2010,yuba river,interpolated,interpolated,yuba river,temperature,max,19.794615900358313
35,2010,yuba river,interpolated,interpolated,yuba river,temperature,mean,17.132962236319138
35,2010,yuba river,interpolated,interpolated,yuba river,temperature,min,14.455344128692763
36,2010,yuba river,interpolated,interpolated,yuba river,temperature,max,19.597955098708745
36,2010,yuba river,interpolated,interpolated,yuba river,temperature,mean,17.17223526936241
36,2010,yuba river,interpolated,interpolated,yuba river,temperature,min,14.620912734071958
37,2010,yuba river,interpolated,interpolated,yuba river,temperature,max,18.023549322355787
37,2010,yuba river,interpolated,interpolated,yuba river,temperature,mean,16.32307567188838
37,2010,yuba river,interpolated,interpolated,yuba river,temperature,min,14.2328098660944
38,2010,yuba river,interpolated,interpolated,yuba river,temperature,max,18.089281372104494
38,2010,yuba river,interpolated,interpolated,yuba river,temperature,mean,16.20322644274945
38,2010,yuba river,interpolated,interpolated,yuba river,temperature,min,13.84457543351738
39,2010,yuba river,interpolated,interpolated,yuba river,temperature,max,18.483235658926816
39,2010,yuba river,interpolated,interpolated,yuba river,temperature,mean,16.31764054404543
39,2010,yuba river,interpolated,interpolated,yuba river,temperature,min,13.844509651217647
40,2010,yuba river,interpolated,interpolated,yuba river,temperature,max,18.41764961306808
40,2010,yuba river,interpolated,interpolated,yuba river,temperature,mean,16.52045590210931
40,2010,yuba river,interpolated,interpolated,yuba river,temperature,min,14.563683947653864
41,2010,yuba river,interpolated,interpolated,yuba river,temperature,max,17.105685356076716
41,2010,yuba river,interpolated,interpolated,yuba river,temperature,mean,15.582895047867382
41,2010,yuba river,interpolated,interpolated,yuba river,temperature,min,13.67736227064488
42,2010,yuba river,interpolated,interpolated,yuba river,temperature,max,16.843341172641765
42,2010,yuba river,interpolated,interpolated,yuba river,temperature,mean,15.065240163272945
42,2010,yuba river,interpolated,interpolated,yuba river,temperature,min,13.288996273468394
43,2010,yuba river,interpolated,interpolated,yuba river,temperature,max,15.268862394343827
43,2010,yuba river,interpolated,interpolated,yuba river,temperature,mean,13.336488060958395
43,2010,yuba river,interpolated,interpolated,yuba river,temperature,min,10.96222096999555
44,2010,yuba river,interpolated,interpolated,yuba river,temperature,max,14.35063341833984
44,2010,yuba river,interpolated,interpolated,yuba river,temperature,mean,13.194538517627493
44,2010,yuba river,interpolated,interpolated,yuba river,temperature,min,11.848082170906409
45,2010,yuba river,interpolated,interpolated,yuba river,temperature,max,14.678733985505156
45,2010,yuba river,interpolated,interpolated,yuba river,temperature,mean,12.623842878972319
45,2010,yuba river,interpolated,interpolated,yuba river,temperature,min,10.351978533218023
46,2010,yuba river,interpolated,interpolated,yuba river,temperature,max,12.907472735649344
46,2010,yuba river,interpolated,interpolated,yuba river,temperature,mean,11.628821207831265
46,2010,yuba river,interpolated,interpolated,yuba river,temperature,min,10.13029944051618
47,2010,yuba river,interpolated,interpolated,yuba river,temperature,max,11.923414373970008
47,2010,yuba river,interpolated,interpolated,yuba river,temperature,mean,10.355335577871358
47,2010,yuba river,interpolated,interpolated,yuba river,temperature,min,8.30174294607476
48,2010,yuba river,interpolated,interpolated,yuba river,temperature,max,10.08664008020044
48,2010,yuba river,interpolated,interpolated,yuba river,temperature,mean,9.320533341184754
48,2010,yuba river,interpolated,interpolated,yuba river,temperature,min,8.356866698901428
49,2010,yuba river,interpolated,interpolated,yuba river,temperature,max,11.85829067376283
49,2010,yuba river,interpolated,interpolated,yuba river,temperature,mean,11.012909875787594
49,2010,yuba river,interpolated,interpolated,yuba river,temperature,min,9.85204938439356
50,2010,yuba river,interpolated,interpolated,yuba river,temperature,max,12.317612000608944
50,2010,yuba river,interpolated,interpolated,yuba river,temperature,mean,11.193624919659495
50,2010,yuba river,interpolated,interpolated,yuba river,temperature,min,9.2419385122155
51,2010,yuba river,interpolated,interpolated,yuba river,temperature,max,11.989754773260238
51,2010,yuba river,interpolated,interpolated,yuba river,temperature,mean,11.091455941874145
51,2010,yuba river,interpolated,interpolated,yuba river,temperature,min,9.241872729915768
52,2010,yuba river,interpolated,interpolated,yuba river,temperature,max,11.727556593715253
52,2010,yuba river,interpolated,interpolated,yuba river,temperature,mean,11.113048723563843
52,2010,yuba river,interpolated,interpolated,yuba river,temperature,min,9.739499498249604
53,2010,yuba river,interpolated,interpolated,yuba river,temperature,max,9.890514626147414
53,2010,yuba river,interpolated,interpolated,yuba river,temperature,mean,9.72485897373522
53,2010,yuba river,interpolated,interpolated,yuba river,temperature,min,9.296338659745112
1,2011,yuba river,interpolated,interpolated,yuba river,temperature,max,10.677887852195518
1,2011,yuba river,interpolated,interpolated,yuba river,temperature,mean,9.759929457869648
1,2011,yuba river,interpolated,interpolated,yuba river,temperature,min,8.85284890974196
2,2011,yuba river,interpolated,interpolated,yuba river,temperature,max,11.006231759177446
2,2011,yuba river,interpolated,interpolated,yuba river,temperature,mean,9.51631846925567
2,2011,yuba river,interpolated,interpolated,yuba river,temperature,min,8.132556314210298
3,2011,yuba river,interpolated,interpolated,yuba river,temperature,max,11.596798179686015
3,2011,yuba river,interpolated,interpolated,yuba river,temperature,mean,10.72248809163511
3,2011,yuba river,interpolated,interpolated,yuba river,temperature,min,9.46111787752752
4,2011,yuba river,interpolated,interpolated,yuba river,temperature,max,11.334478330232724
4,2011,yuba river,interpolated,interpolated,yuba river,temperature,mean,10.549598108435447
4,2011,yuba river,interpolated,interpolated,yuba river,temperature,min,9.571431165480586
5,2011,yuba river,interpolated,interpolated,yuba river,temperature,max,10.941132392951928
5,2011,yuba river,interpolated,interpolated,yuba river,temperature,mean,10.018683035325823
5,2011,yuba river,interpolated,interpolated,yuba river,temperature,min,8.684846359272676
6,2011,yuba river,interpolated,interpolated,yuba river,temperature,max,11.925336758521228
6,2011,yuba river,interpolated,interpolated,yuba river,temperature,mean,10.309899650157588
6,2011,yuba river,interpolated,interpolated,yuba river,temperature,min,8.518225237097765
7,2011,yuba river,interpolated,interpolated,yuba river,temperature,max,11.138255540253056
7,2011,yuba river,interpolated,interpolated,yuba river,temperature,mean,10.371272997392838
7,2011,yuba river,interpolated,interpolated,yuba river,temperature,min,9.07196249275425
8,2011,yuba river,interpolated,interpolated,yuba river,temperature,max,11.007205118443885
8,2011,yuba river,interpolated,interpolated,yuba river,temperature,mean,10.092301506071703
8,2011,yuba river,interpolated,interpolated,yuba river,temperature,min,8.960333558806543
9,2011,yuba river,interpolated,interpolated,yuba river,temperature,max,11.860334728222355
9,2011,yuba river,interpolated,interpolated,yuba river,temperature,mean,10.31721717832755
9,2011,yuba river,interpolated,interpolated,yuba river,temperature,min,8.572559602327646
10,2011,yuba river,interpolated,interpolated,yuba river,temperature,max,12.516584530516306
10,2011,yuba river,interpolated,interpolated,yuba river,temperature,mean,11.452665795292678
10,2011,yuba river,interpolated,interpolated,yuba river,temperature,min,10.455121550500284
11,2011,yuba river,interpolated,interpolated,yuba river,temperature,max,11.991774493738102
11,2011,yuba river,interpolated,interpolated,yuba river,temperature,mean,11.248835372224251
11,2011,yuba river,interpolated,interpolated,yuba river,temperature,min,10.066689771024066
12,2011,yuba river,interpolated,interpolated,yuba river,temperature,max,11.53274517467192
12,2011,yuba river,interpolated,interpolated,yuba river,temperature,mean,10.921243189680776
12,2011,yuba river,interpolated,interpolated,yuba river,temperature,min,10.066623988724334
13,2011,yuba river,interpolated,interpolated,yuba river,temperature,max,13.107613296676435
13,2011,yuba river,interpolated,interpolated,yuba river,temperature,mean,11.83126860188778
13,2011,yuba river,interpolated,interpolated,yuba river,temperature,min,10.509258568830967
14,2011,yuba river,interpolated,interpolated,yuba river,temperature,max,13.04205158479936
14,2011,yuba river,interpolated,interpolated,yuba river,temperature,mean,11.636278304496145
14,2011,yuba river,interpolated,interpolated,yuba river,temperature,min,9.9545345786785
15,2011,yuba river,interpolated,interpolated,yuba river,temperature,max,12.911049830953512
15,2011,yuba river,interpolated,interpolated,yuba river,temperature,mean,11.503168886842031
15,2011,yuba river,interpolated,interpolated,yuba river,temperature,min,9.84369503232758
16,2011,yuba river,interpolated,interpolated,yuba river,temperature,max,13.501689253407063
16,2011,yuba river,interpolated,interpolated,yuba river,temperature,mean,12.019808706431919
16,2011,yuba river,interpolated,interpolated,yuba river,temperature,min,10.562869328763796
17,2011,yuba river,interpolated,interpolated,yuba river,temperature,max,12.517801229599357
17,2011,yuba river,interpolated,interpolated,yuba river,temperature,mean,11.612655392797345
17,2011,yuba river,interpolated,interpolated,yuba river,temperature,min,10.064124261334513
18,2011,yuba river,interpolated,interpolated,yuba river,temperature,max,13.830203498260616
18,2011,yuba river,interpolated,interpolated,yuba river,temperature,mean,12.518260742165953
18,2011,yuba river,interpolated,interpolated,yuba river,temperature,min,10.451569306314749
19,2011,yuba river,interpolated,interpolated,yuba river,temperature,max,14.027180641671778
19,2011,yuba river,interpolated,interpolated,yuba river,temperature,mean,12.570793963724412
19,2011,yuba river,interpolated,interpolated,yuba river,temperature,min,10.783298557770728
20,2011,yuba river,interpolated,interpolated,yuba river,temperature,max,14.224206453046262
20,2011,yuba river,interpolated,interpolated,yuba river,temperature,mean,11.836556000048638
20,2011,yuba river,interpolated,interpolated,yuba river,temperature,min,9.95203485128868
21,2011,yuba river,interpolated,interpolated,yuba river,temperature,max,14.683503445910716
21,2011,yuba river,interpolated,interpolated,yuba river,temperature,mean,12.93664411430661
21,2011,yuba river,interpolated,interpolated,yuba river,temperature,min,10.726793376649686
22,2011,yuba river,interpolated,interpolated,yuba river,temperature,max,13.109073335576095
22,2011,yuba river,interpolated,interpolated,yuba river,temperature,mean,11.875321500589639
22,2011,yuba river,interpolated,interpolated,yuba river,temperature,min,10.726596029750487
23,2011,yuba river,interpolated,interpolated,yuba river,temperature,max,15.012042024745927
23,2011,yuba river,interpolated,interpolated,yuba river,temperature,mean,13.16105225406018
23,2011,yuba river,interpolated,interpolated,yuba river,temperature,min,11.335457038233642
24,2011,yuba river,interpolated,interpolated,yuba river,temperature,max,15.536998065414098
24,2011,yuba river,interpolated,interpolated,yuba river,temperature,mean,14.185999300065442
24,2011,yuba river,interpolated,interpolated,yuba river,temperature,min,12.386952626823428
25,2011,yuba river,interpolated,interpolated,yuba river,temperature,max,17.636749226141802
25,2011,yuba river,interpolated,interpolated,yuba river,temperature,mean,15.51593068191993
25,2011,yuba river,interpolated,interpolated,yuba river,temperature,min,12.996142546805238
26,2011,yuba river,interpolated,interpolated,yuba river,temperature,max,17.636870896050105
26,2011,yuba river,interpolated,interpolated,yuba river,temperature,mean,15.259059504790768
26,2011,yuba river,interpolated,interpolated,yuba river,temperature,min,12.663031867054883
27,2011,yuba river,interpolated,interpolated,yuba river,temperature,max,19.080542592355485
27,2011,yuba river,interpolated,interpolated,yuba river,temperature,mean,16.889555159656087
27,2011,yuba river,interpolated,interpolated,yuba river,temperature,min,14.102959235120888
28,2011,yuba river,interpolated,interpolated,yuba river,temperature,max,19.08059126031881
28,2011,yuba river,interpolated,interpolated,yuba river,temperature,mean,16.809486496062707
28,2011,yuba river,interpolated,interpolated,yuba river,temperature,min,14.268264711301155
29,2011,yuba river,interpolated,interpolated,yuba river,temperature,max,19.671401020643987
29,2011,yuba river,interpolated,interpolated,yuba river,temperature,mean,16.93274072303548
29,2011,yuba river,interpolated,interpolated,yuba river,temperature,min,14.268198929001423
30,2011,yuba river,interpolated,interpolated,yuba river,temperature,max,20.196454397238803
30,2011,yuba river,interpolated,interpolated,yuba river,temperature,mean,17.78972538118175
30,2011,yuba river,interpolated,interpolated,yuba river,temperature,min,14.987504790037102
31,2011,yuba river,interpolated,interpolated,yuba river,temperature,max,20.45894458456372
31,2011,yuba river,interpolated,interpolated,yuba river,temperature,mean,18.08536205885191
31,2011,yuba river,interpolated,interpolated,yuba river,temperature,min,15.319234041493084
32,2011,yuba river,interpolated,interpolated,yuba river,temperature,max,19.60630165441847
32,2011,yuba river,interpolated,interpolated,yuba river,temperature,mean,17.55002692290389
32,2011,yuba river,interpolated,interpolated,yuba river,temperature,min,15.097357601892044
33,2011,yuba river,interpolated,interpolated,yuba river,temperature,max,19.73754674808093
33,2011,yuba river,interpolated,interpolated,yuba river,temperature,mean,17.478798384987304
33,2011,yuba river,interpolated,interpolated,yuba river,temperature,min,14.87534959769154
34,2011,yuba river,interpolated,interpolated,yuba river,temperature,max,19.672252710002123
34,2011,yuba river,interpolated,interpolated,yuba river,temperature,mean,17.44293034977787
34,2011,yuba river,interpolated,interpolated,yuba river,temperature,min,14.985728667944334
35,2011,yuba river,interpolated,interpolated,yuba river,temperature,max,19.869108183504984
35,2011,yuba river,interpolated,interpolated,yuba river,temperature,mean,17.49546357133633
35,2011,yuba river,interpolated,interpolated,yuba river,temperature,min,14.81891019887023
36,2011,yuba river,interpolated,interpolated,yuba river,temperature,max,19.081978297273487
36,2011,yuba river,interpolated,interpolated,yuba river,temperature,mean,17.22091214285359
36,2011,yuba river,interpolated,interpolated,yuba river,temperature,min,14.874231298596092
37,2011,yuba river,interpolated,interpolated,yuba river,temperature,max,19.672715055653683
37,2011,yuba river,interpolated,interpolated,yuba river,temperature,mean,17.733131899605084
37,2011,yuba river,interpolated,interpolated,yuba river,temperature,min,15.094923656801951
38,2011,yuba river,interpolated,interpolated,yuba river,temperature,max,18.4263125105394
38,2011,yuba river,interpolated,interpolated,yuba river,temperature,mean,16.68948953724169
38,2011,yuba river,interpolated,interpolated,yuba river,temperature,min,14.485536389920943
39,2011,yuba river,interpolated,interpolated,yuba river,temperature,max,18.09830927930073
39,2011,yuba river,interpolated,interpolated,yuba river,temperature,mean,16.308856600637483
39,2011,yuba river,interpolated,interpolated,yuba river,temperature,min,14.152688839369516
40,2011,yuba river,interpolated,interpolated,yuba river,temperature,max,17.179958633388434
40,2011,yuba river,interpolated,interpolated,yuba river,temperature,mean,14.672925817929219
40,2011,yuba river,interpolated,interpolated,yuba river,temperature,min,11.604168660895098
41,2011,yuba river,interpolated,interpolated,yuba river,temperature,max,15.933653424200797
41,2011,yuba river,interpolated,interpolated,yuba river,temperature,mean,14.181791310365147
41,2011,yuba river,interpolated,interpolated,yuba river,temperature,min,11.936424170748936
42,2011,yuba river,interpolated,interpolated,yuba river,temperature,max,16.524219844709364
42,2011,yuba river,interpolated,interpolated,yuba river,temperature,mean,15.091816722572151
42,2011,yuba river,interpolated,interpolated,yuba river,temperature,min,13.264919951766426
43,2011,yuba river,interpolated,interpolated,yuba river,temperature,max,15.605796196852092
43,2011,yuba river,interpolated,interpolated,yuba river,temperature,mean,13.561967447985356
43,2011,yuba river,interpolated,interpolated,yuba river,temperature,min,11.104305294370366
44,2011,yuba river,interpolated,interpolated,yuba river,temperature,max,13.965755706677076
44,2011,yuba river,interpolated,interpolated,yuba river,temperature,mean,12.270801566671867
44,2011,yuba river,interpolated,interpolated,yuba river,temperature,min,10.4945891159907
45,2011,yuba river,interpolated,interpolated,yuba river,temperature,max,11.21024142328864
45,2011,yuba river,interpolated,interpolated,yuba river,temperature,mean,10.369667013659932
45,2011,yuba river,interpolated,interpolated,yuba river,temperature,min,9.275683017629216
46,2011,yuba river,interpolated,interpolated,yuba river,temperature,max,12.260226506569964
46,2011,yuba river,interpolated,interpolated,yuba river,temperature,mean,11.284112488705329
46,2011,yuba river,interpolated,interpolated,yuba river,temperature,min,10.216865318265938
47,2011,yuba river,interpolated,interpolated,yuba river,temperature,max,11.801221521485449
47,2011,yuba river,interpolated,interpolated,yuba river,temperature,mean,10.819498358171625
47,2011,yuba river,interpolated,interpolated,yuba river,temperature,min,9.718054468536923
48,2011,yuba river,interpolated,interpolated,yuba river,temperature,max,11.604463383909234
48,2011,yuba river,interpolated,interpolated,yuba river,temperature,mean,10.505166364143335
48,2011,yuba river,interpolated,interpolated,yuba river,temperature,min,8.886527632855946
49,2011,yuba river,interpolated,interpolated,yuba river,temperature,max,9.70188403844598
49,2011,yuba river,interpolated,interpolated,yuba river,temperature,mean,8.895755958465438
49,2011,yuba river,interpolated,interpolated,yuba river,temperature,min,8.055461273273092
50,2011,yuba river,interpolated,interpolated,yuba river,temperature,max,9.636565666385517
50,2011,yuba river,interpolated,interpolated,yuba river,temperature,mean,8.824527420548849
50,2011,yuba river,interpolated,interpolated,yuba river,temperature,min,7.888774368798451
51,2011,yuba river,interpolated,interpolated,yuba river,temperature,max,9.636663002312158
51,2011,yuba river,interpolated,interpolated,yuba river,temperature,mean,8.793079448177812
51,2011,yuba river,interpolated,interpolated,yuba river,temperature,min,7.555861035947292
52,2011,yuba river,interpolated,interpolated,yuba river,temperature,max,10.883527893078004
52,2011,yuba river,interpolated,interpolated,yuba river,temperature,mean,8.766051538645169
52,2011,yuba river,interpolated,interpolated,yuba river,temperature,min,7.44502148959637
53,2011,yuba river,interpolated,interpolated,yuba river,temperature,max,10.883552227059663
53,2011,yuba river,interpolated,interpolated,yuba river,temperature,mean,10.44096533582398
53,2011,yuba river,interpolated,interpolated,yuba river,temperature,min,9.770810058573232
1,2012,yuba river,interpolated,interpolated,yuba river,temperature,max,10.68674542152013
1,2012,yuba river,interpolated,interpolated,yuba river,temperature,mean,9.861647085421561
1,2012,yuba river,interpolated,interpolated,yuba river,temperature,min,8.773385706014398
2,2012,yuba river,interpolated,interpolated,yuba river,temperature,max,9.833980821466575
2,2012,yuba river,interpolated,interpolated,yuba river,temperature,mean,9.087628556200238
2,2012,yuba river,interpolated,interpolated,yuba river,temperature,min,8.219056409660325
3,2012,yuba river,interpolated,interpolated,yuba river,temperature,max,11.08089438019574
3,2012,yuba river,interpolated,interpolated,yuba river,temperature,mean,8.813077127717499
3,2012,yuba river,interpolated,interpolated,yuba river,temperature,min,7.00034765819804
4,2012,yuba river,interpolated,interpolated,yuba river,temperature,max,11.015332668318663
4,2012,yuba river,interpolated,interpolated,yuba river,temperature,mean,10.138588446733591
4,2012,yuba river,interpolated,interpolated,yuba river,temperature,min,8.716617395694428
5,2012,yuba river,interpolated,interpolated,yuba river,temperature,max,11.21238281367481
5,2012,yuba river,interpolated,interpolated,yuba river,temperature,mean,9.948018212180349
5,2012,yuba river,interpolated,interpolated,yuba river,temperature,min,8.660770037570709
6,2012,yuba river,interpolated,interpolated,yuba river,temperature,max,11.868729951895403
6,2012,yuba river,interpolated,interpolated,yuba river,temperature,mean,10.327636083780005
6,2012,yuba river,interpolated,interpolated,yuba river,temperature,min,8.605251590945649
7,2012,yuba river,interpolated,interpolated,yuba river,temperature,max,11.409481626994276
7,2012,yuba river,interpolated,interpolated,yuba river,temperature,mean,10.154746100580342
7,2012,yuba river,interpolated,interpolated,yuba river,temperature,min,8.604593767948327
8,2012,yuba river,interpolated,interpolated,yuba river,temperature,max,12.65637085174178
8,2012,yuba river,interpolated,interpolated,yuba river,temperature,mean,10.764207239776516
8,2012,yuba river,interpolated,interpolated,yuba river,temperature,min,8.9367177132027
9,2012,yuba river,interpolated,interpolated,yuba river,temperature,max,11.278747546946695
9,2012,yuba river,interpolated,interpolated,yuba river,temperature,mean,9.791285882827436
9,2012,yuba river,interpolated,interpolated,yuba river,temperature,min,7.938964449145206
10,2012,yuba river,interpolated,interpolated,yuba river,temperature,max,12.328562292356398
10,2012,yuba river,interpolated,interpolated,yuba river,temperature,mean,10.60406991258976
10,2012,yuba river,interpolated,interpolated,yuba river,temperature,min,8.76943876803047
11,2012,yuba river,interpolated,interpolated,yuba river,temperature,max,12.066364112811414
11,2012,yuba river,interpolated,interpolated,yuba river,temperature,mean,11.25773168016988
11,2012,yuba river,interpolated,interpolated,yuba river,temperature,min,9.710686850966924
12,2012,yuba river,interpolated,interpolated,yuba river,temperature,max,12.460196729725432
12,2012,yuba river,interpolated,interpolated,yuba river,temperature,mean,11.027380880071085
12,2012,yuba river,interpolated,interpolated,yuba river,temperature,min,9.599452610817607
13,2012,yuba river,interpolated,interpolated,yuba river,temperature,max,12.591612161259516
13,2012,yuba river,interpolated,interpolated,yuba river,temperature,mean,11.380478374640376
13,2012,yuba river,interpolated,interpolated,yuba river,temperature,min,10.152860954975433
14,2012,yuba river,interpolated,interpolated,yuba river,temperature,max,12.72293025686696
14,2012,yuba river,interpolated,interpolated,yuba river,temperature,mean,11.234108768471078
14,2012,yuba river,interpolated,interpolated,yuba river,temperature,min,9.432107883345644
15,2012,yuba river,interpolated,interpolated,yuba river,temperature,max,12.919956068241444
15,2012,yuba river,interpolated,interpolated,yuba river,temperature,mean,11.702127896838626
15,2012,yuba river,interpolated,interpolated,yuba river,temperature,min,10.152005785078911
16,2012,yuba river,interpolated,interpolated,yuba river,temperature,max,15.872666500875988
16,2012,yuba river,interpolated,interpolated,yuba river,temperature,mean,13.270742671966419
16,2012,yuba river,interpolated,interpolated,yuba river,temperature,min,10.92696165733912
17,2012,yuba river,interpolated,interpolated,yuba river,temperature,max,16.200742734059645
17,2012,yuba river,interpolated,interpolated,yuba river,temperature,mean,13.513338595575844
17,2012,yuba river,interpolated,interpolated,yuba river,temperature,min,10.815398505691142
18,2012,yuba river,interpolated,interpolated,yuba river,temperature,max,15.151195662448211
18,2012,yuba river,interpolated,interpolated,yuba river,temperature,mean,13.503990937396779
18,2012,yuba river,interpolated,interpolated,yuba river,temperature,min,11.479514831600426
19,2012,yuba river,interpolated,interpolated,yuba river,temperature,max,16.791674164293127
19,2012,yuba river,interpolated,interpolated,yuba river,temperature,mean,14.599658988816355
19,2012,yuba river,interpolated,interpolated,yuba river,temperature,min,11.645609695377477
20,2012,yuba river,interpolated,interpolated,yuba river,temperature,max,17.382313586746683
20,2012,yuba river,interpolated,interpolated,yuba river,temperature,mean,15.328461824649182
20,2012,yuba river,interpolated,interpolated,yuba river,temperature,min,12.918652812069643
21,2012,yuba river,interpolated,interpolated,yuba river,temperature,max,17.77612186967904
21,2012,yuba river,interpolated,interpolated,yuba river,temperature,mean,15.195352406995069
21,2012,yuba river,interpolated,interpolated,yuba river,temperature,min,12.198162869638782
22,2012,yuba river,interpolated,interpolated,yuba river,temperature,max,19.285403945824815
22,2012,yuba river,interpolated,interpolated,yuba river,temperature,mean,15.632431095493855
22,2012,yuba river,interpolated,interpolated,yuba river,temperature,min,12.087323323287862
23,2012,yuba river,interpolated,interpolated,yuba river,temperature,max,19.21984223394774
23,2012,yuba river,interpolated,interpolated,yuba river,temperature,mean,15.782205699496993
23,2012,yuba river,interpolated,interpolated,yuba river,temperature,min,12.474373674469703
24,2012,yuba river,interpolated,interpolated,yuba river,temperature,max,20.466755792676903
24,2012,yuba river,interpolated,interpolated,yuba river,temperature,mean,17.151917646897033
24,2012,yuba river,interpolated,interpolated,yuba river,temperature,min,13.3049137756547
25,2012,yuba river,interpolated,interpolated,yuba river,temperature,max,20.926052785541355
25,2012,yuba river,interpolated,interpolated,yuba river,temperature,mean,18.031002619235274
25,2012,yuba river,interpolated,interpolated,yuba river,temperature,min,14.965665066526029
26,2012,yuba river,interpolated,interpolated,yuba river,temperature,max,19.810992670016176
26,2012,yuba river,interpolated,interpolated,yuba river,temperature,mean,16.81939786901289
26,2012,yuba river,interpolated,interpolated,yuba river,temperature,min,14.079343389517046
27,2012,yuba river,interpolated,interpolated,yuba river,temperature,max,21.12329760275079
27,2012,yuba river,interpolated,interpolated,yuba river,temperature,mean,18.772558111081008
27,2012,yuba river,interpolated,interpolated,yuba river,temperature,min,15.96177377309022
28,2012,yuba river,interpolated,interpolated,yuba river,temperature,max,21.123467940622415
28,2012,yuba river,interpolated,interpolated,yuba river,temperature,mean,18.900232400892175
28,2012,yuba river,interpolated,interpolated,yuba river,temperature,min,16.238379271719534
29,2012,yuba river,interpolated,interpolated,yuba river,temperature,max,21.057954896708665
29,2012,yuba river,interpolated,interpolated,yuba river,temperature,mean,18.329536762237
29,2012,yuba river,interpolated,interpolated,yuba river,temperature,min,15.573144646714804
30,2012,yuba river,interpolated,interpolated,yuba river,temperature,max,21.714253366965934
30,2012,yuba river,interpolated,interpolated,yuba river,temperature,mean,19.05833959806983
30,2012,yuba river,interpolated,interpolated,yuba river,temperature,min,16.23726097262409
31,2012,yuba river,interpolated,interpolated,yuba river,temperature,max,21.12402762220062
31,2012,yuba river,interpolated,interpolated,yuba river,temperature,mean,18.858929237839796
31,2012,yuba river,interpolated,interpolated,yuba river,temperature,min,16.07103454424757
32,2012,yuba river,interpolated,interpolated,yuba river,temperature,max,21.32090742968514
32,2012,yuba river,interpolated,interpolated,yuba river,temperature,mean,18.93356277359023
32,2012,yuba river,interpolated,interpolated,yuba river,temperature,min,16.180953138402245
33,2012,yuba river,interpolated,interpolated,yuba river,temperature,max,21.84610681016992
33,2012,yuba river,interpolated,interpolated,yuba river,temperature,mean,19.57838441549356
33,2012,yuba river,interpolated,interpolated,yuba river,temperature,min,16.51320864825608
34,2012,yuba river,interpolated,interpolated,yuba river,temperature,max,21.45246886510919
34,2012,yuba river,interpolated,interpolated,yuba river,temperature,mean,18.63640349841324
34,2012,yuba river,interpolated,interpolated,yuba river,temperature,min,15.792324012026828
35,2012,yuba river,interpolated,interpolated,yuba river,temperature,max,19.615548567449657
35,2012,yuba river,interpolated,interpolated,yuba river,temperature,mean,17.354077742776543
35,2012,yuba river,interpolated,interpolated,yuba river,temperature,min,14.96106030554478
36,2012,yuba river,interpolated,interpolated,yuba river,temperature,max,19.878306428572845
36,2012,yuba river,interpolated,interpolated,yuba river,temperature,mean,17.441971467042155
36,2012,yuba river,interpolated,interpolated,yuba river,temperature,min,14.739446995142668
37,2012,yuba river,interpolated,interpolated,yuba river,temperature,max,19.812720382714105
37,2012,yuba river,interpolated,interpolated,yuba river,temperature,mean,17.71992789335874
37,2012,yuba river,interpolated,interpolated,yuba river,temperature,min,15.237402674975163
38,2012,yuba river,interpolated,interpolated,yuba river,temperature,max,19.22239730202215
38,2012,yuba river,interpolated,interpolated,yuba river,temperature,mean,17.29951439120898
38,2012,yuba river,interpolated,interpolated,yuba river,temperature,min,15.125971087926654
39,2012,yuba river,interpolated,interpolated,yuba river,temperature,max,18.763294981010983
39,2012,yuba river,interpolated,interpolated,yuba river,temperature,mean,16.936561705958347
39,2012,yuba river,interpolated,interpolated,yuba river,temperature,min,14.848707766300018
40,2012,yuba river,interpolated,interpolated,yuba river,temperature,max,18.43541341968062
40,2012,yuba river,interpolated,interpolated,yuba river,temperature,mean,16.542668580838956
40,2012,yuba river,interpolated,interpolated,yuba river,temperature,min,14.238728458721422
41,2012,yuba river,interpolated,interpolated,yuba river,temperature,max,17.123376160744275
41,2012,yuba river,interpolated,interpolated,yuba river,temperature,mean,15.149841254242395
41,2012,yuba river,interpolated,interpolated,yuba river,temperature,min,13.0751434600858
42,2012,yuba river,interpolated,interpolated,yuba river,temperature,max,16.861153647217627
42,2012,yuba river,interpolated,interpolated,yuba river,temperature,mean,14.999051585234705
42,2012,yuba river,interpolated,interpolated,yuba river,temperature,min,13.074814548587142
43,2012,yuba river,interpolated,interpolated,yuba river,temperature,max,15.811509239679555
43,2012,yuba river,interpolated,interpolated,yuba river,temperature,mean,13.128857472091527
43,2012,yuba river,interpolated,interpolated,yuba river,temperature,min,11.02497365524227
44,2012,yuba river,interpolated,interpolated,yuba river,temperature,max,14.171566085431184
44,2012,yuba river,interpolated,interpolated,yuba river,temperature,mean,13.19465088216517
44,2012,yuba river,interpolated,interpolated,yuba river,temperature,min,11.855645321026731
45,2012,yuba river,interpolated,interpolated,yuba river,temperature,max,14.302859847056965
45,2012,yuba river,interpolated,interpolated,yuba river,temperature,mean,12.871478762460091
45,2012,yuba river,interpolated,interpolated,yuba river,temperature,min,10.636278746567124
46,2012,yuba river,interpolated,interpolated,yuba river,temperature,max,12.662868024845272
46,2012,yuba river,interpolated,interpolated,yuba river,temperature,mean,11.182507225691094
46,2012,yuba river,interpolated,interpolated,yuba river,temperature,min,9.8606650513096
47,2012,yuba river,interpolated,interpolated,yuba river,temperature,max,12.92540688013351
47,2012,yuba river,interpolated,interpolated,yuba river,temperature,mean,11.928990312877499
47,2012,yuba river,interpolated,interpolated,yuba river,temperature,min,10.413810266268497
48,2012,yuba river,interpolated,interpolated,yuba river,temperature,max,13.253677785170453
48,2012,yuba river,interpolated,interpolated,yuba river,temperature,mean,11.698639512778707
48,2012,yuba river,interpolated,interpolated,yuba river,temperature,min,10.081291627215728
49,2012,yuba river,interpolated,interpolated,yuba river,temperature,max,13.45055759265497
49,2012,yuba river,interpolated,interpolated,yuba river,temperature,mean,11.976595939095287
49,2012,yuba river,interpolated,interpolated,yuba river,temperature,min,10.191341785969865
50,2012,yuba river,interpolated,interpolated,yuba river,temperature,max,11.548051249136698
50,2012,yuba river,interpolated,interpolated,yuba river,temperature,mean,10.265524088134315
50,2012,yuba river,interpolated,interpolated,yuba river,temperature,min,8.806209259231867
51,2012,yuba river,interpolated,interpolated,yuba river,temperature,max,10.892239458512645
51,2012,yuba river,interpolated,interpolated,yuba river,temperature,mean,9.783229706247031
51,2012,yuba river,interpolated,interpolated,yuba river,temperature,min,8.639719701656421
52,2012,yuba river,interpolated,interpolated,yuba river,temperature,max,11.548367590898293
52,2012,yuba river,interpolated,interpolated,yuba river,temperature,mean,10.715355432646009
52,2012,yuba river,interpolated,interpolated,yuba river,temperature,min,9.802317965796057
53,2012,yuba river,interpolated,interpolated,yuba river,temperature,max,10.301940711802349
53,2012,yuba river,interpolated,interpolated,yuba river,temperature,mean,9.64095389202181
53,2012,yuba river,interpolated,interpolated,yuba river,temperature,min,8.915930506487342
1,2013,yuba river,interpolated,interpolated,yuba river,temperature,max,10.302135383655637
1,2013,yuba river,interpolated,interpolated,yuba river,temperature,mean,9.384263976500606
1,2013,yuba river,interpolated,interpolated,yuba river,temperature,min,8.528024985408981
2,2013,yuba river,interpolated,interpolated,yuba river,temperature,max,10.56460123699889
2,2013,yuba river,interpolated,interpolated,yuba river,temperature,mean,8.840088714875797
2,2013,yuba river,interpolated,interpolated,yuba river,temperature,min,7.253403093523245
3,2013,yuba river,interpolated,interpolated,yuba river,temperature,max,9.580761881154505
3,2013,yuba river,interpolated,interpolated,yuba river,temperature,mean,8.684878983029712
3,2013,yuba river,interpolated,interpolated,yuba river,temperature,min,7.419497957300297
4,2013,yuba river,interpolated,interpolated,yuba river,temperature,max,11.155508333250715
4,2013,yuba river,interpolated,interpolated,yuba river,temperature,mean,10.019230427722594
4,2013,yuba river,interpolated,interpolated,yuba river,temperature,min,8.41600135766288
5,2013,yuba river,interpolated,interpolated,yuba river,temperature,max,10.893285819724069
5,2013,yuba river,interpolated,interpolated,yuba river,temperature,mean,9.996622581028346
5,2013,yuba river,interpolated,interpolated,yuba river,temperature,min,8.969409701820705
6,2013,yuba river,interpolated,interpolated,yuba river,temperature,max,10.827724107846992
6,2013,yuba river,interpolated,interpolated,yuba river,temperature,mean,9.651350147131295
6,2013,yuba river,interpolated,interpolated,yuba river,temperature,min,8.30397772991678
7,2013,yuba river,interpolated,interpolated,yuba river,temperature,max,11.352899154350114
7,2013,yuba river,interpolated,interpolated,yuba river,temperature,mean,10.119369275498842
7,2013,yuba river,interpolated,interpolated,yuba river,temperature,min,8.58078057544529
8,2013,yuba river,interpolated,interpolated,yuba river,temperature,max,10.828210787480211
8,2013,yuba river,interpolated,interpolated,yuba river,temperature,mean,9.606134453742797
8,2013,yuba river,interpolated,interpolated,yuba river,temperature,min,8.24786724259413
9,2013,yuba river,interpolated,interpolated,yuba river,temperature,max,12.534251001202202
9,2013,yuba river,interpolated,interpolated,yuba river,temperature,mean,10.754843259223108
9,2013,yuba river,interpolated,interpolated,yuba river,temperature,min,8.69063338730023
10,2013,yuba river,interpolated,interpolated,yuba river,temperature,max,12.337590199552634
10,2013,yuba river,interpolated,interpolated,yuba river,temperature,mean,10.741075538205648
10,2013,yuba river,interpolated,interpolated,yuba river,temperature,min,9.077683738482072
11,2013,yuba river,interpolated,interpolated,yuba river,temperature,max,13.321794565121934
11,2013,yuba river,interpolated,interpolated,yuba river,temperature,mean,11.858843903817196
11,2013,yuba river,interpolated,interpolated,yuba river,temperature,min,10.18476355599665
12,2013,yuba river,interpolated,interpolated,yuba river,temperature,max,12.797106198252036
12,2013,yuba river,interpolated,interpolated,yuba river,temperature,mean,11.389809710445096
12,2013,yuba river,interpolated,interpolated,yuba river,temperature,min,9.63056582424204
13,2013,yuba river,interpolated,interpolated,yuba river,temperature,max,13.584625428190105
13,2013,yuba river,interpolated,interpolated,yuba river,temperature,mean,12.352875876712835
13,2013,yuba river,interpolated,interpolated,yuba river,temperature,min,10.682719235829149
14,2013,yuba river,interpolated,interpolated,yuba river,temperature,max,13.781578237619604
14,2013,yuba river,interpolated,interpolated,yuba river,temperature,mean,12.502650480715975
14,2013,yuba river,interpolated,interpolated,yuba river,temperature,min,11.014580051884591
15,2013,yuba river,interpolated,interpolated,yuba river,temperature,max,15.094029174244188
15,2013,yuba river,interpolated,interpolated,yuba river,temperature,mean,13.063490928689808
15,2013,yuba river,interpolated,interpolated,yuba river,temperature,min,10.460250755530517
16,2013,yuba river,interpolated,interpolated,yuba river,temperature,max,16.406455776887107
16,2013,yuba river,interpolated,interpolated,yuba river,temperature,mean,13.138124464440239
16,2013,yuba river,interpolated,interpolated,yuba river,temperature,min,10.182790087004683
17,2013,yuba river,interpolated,interpolated,yuba river,temperature,max,17.915664851087904
17,2013,yuba river,interpolated,interpolated,yuba river,temperature,mean,15.170845837599462
17,2013,yuba river,interpolated,interpolated,yuba river,temperature,min,12.563965538007142
18,2013,yuba river,interpolated,interpolated,yuba river,temperature,max,17.91578652099621
18,2013,yuba river,interpolated,interpolated,yuba river,temperature,mean,15.616764651775037
18,2013,yuba river,interpolated,interpolated,yuba river,temperature,min,13.394242509993209
19,2013,yuba river,interpolated,interpolated,yuba river,temperature,max,19.621851068699858
19,2013,yuba river,interpolated,interpolated,yuba river,temperature,mean,16.288106670708736
19,2013,yuba river,interpolated,interpolated,yuba river,temperature,min,13.227752952417765
20,2013,yuba river,interpolated,interpolated,yuba river,temperature,max,19.62189973666318
20,2013,yuba river,interpolated,interpolated,yuba river,temperature,mean,16.729605422045914
20,2013,yuba river,interpolated,interpolated,yuba river,temperature,min,13.891606149128116
21,2013,yuba river,interpolated,interpolated,yuba river,temperature,max,18.30986247772684
21,2013,yuba river,interpolated,interpolated,yuba river,temperature,mean,15.442859603570822
21,2013,yuba river,interpolated,interpolated,yuba river,temperature,min,13.005087125219935
22,2013,yuba river,interpolated,interpolated,yuba river,temperature,max,19.950438315498396
22,2013,yuba river,interpolated,interpolated,yuba river,temperature,mean,16.595988471889527
22,2013,yuba river,interpolated,interpolated,yuba river,temperature,min,13.780240344379338
23,2013,yuba river,interpolated,interpolated,yuba river,temperature,max,22.050092140299455
23,2013,yuba river,interpolated,interpolated,yuba river,temperature,mean,19.09723650591857
23,2013,yuba river,interpolated,interpolated,yuba river,temperature,min,15.939868267279415
24,2013,yuba river,interpolated,interpolated,yuba river,temperature,max,20.344295266394074
24,2013,yuba river,interpolated,interpolated,yuba river,temperature,mean,18.066854332070363
24,2013,yuba river,interpolated,interpolated,yuba river,temperature,min,15.385341624026143
25,2013,yuba river,interpolated,interpolated,yuba river,temperature,max,19.885290281309558
25,2013,yuba river,interpolated,interpolated,yuba river,temperature,mean,17.611080327213447
25,2013,yuba river,interpolated,interpolated,yuba river,temperature,min,15.218720501851235
26,2013,yuba river,interpolated,interpolated,yuba river,temperature,max,22.116262201718055
26,2013,yuba river,interpolated,interpolated,yuba river,temperature,mean,18.706748378633023
26,2013,yuba river,interpolated,interpolated,yuba river,temperature,min,14.996844062250194
27,2013,yuba river,interpolated,interpolated,yuba river,temperature,max,23.16610128110942
27,2013,yuba river,interpolated,interpolated,yuba river,temperature,mean,20.407965038912653
27,2013,yuba river,interpolated,interpolated,yuba river,temperature,min,17.156143073651613
28,2013,yuba river,interpolated,interpolated,yuba river,temperature,max,21.722818928510616
28,2013,yuba river,interpolated,interpolated,yuba river,temperature,mean,19.289181608296552
28,2013,yuba river,interpolated,interpolated,yuba river,temperature,min,16.546624242171138
29,2013,yuba river,interpolated,interpolated,yuba river,temperature,max,22.51041116039367
29,2013,yuba river,interpolated,interpolated,yuba river,temperature,mean,19.61133866299708
29,2013,yuba river,interpolated,interpolated,yuba river,temperature,min,16.43552156662129
30,2013,yuba river,interpolated,interpolated,yuba river,temperature,max,23.16663662870596
30,2013,yuba river,interpolated,interpolated,yuba river,temperature,mean,20.742367217123814
30,2013,yuba river,interpolated,interpolated,yuba river,temperature,min,17.985959569539553
31,2013,yuba river,interpolated,interpolated,yuba river,temperature,max,21.329667663083104
31,2013,yuba river,interpolated,interpolated,yuba river,temperature,mean,18.978254612102106
31,2013,yuba river,interpolated,interpolated,yuba river,temperature,min,16.378950603200515
32,2013,yuba river,interpolated,interpolated,yuba river,temperature,max,20.542489108888287
32,2013,yuba river,interpolated,interpolated,yuba river,temperature,mean,18.509220418730006
32,2013,yuba river,interpolated,interpolated,yuba river,temperature,min,16.15700838129974
33,2013,yuba river,interpolated,interpolated,yuba river,temperature,max,20.805222636029814
33,2013,yuba river,interpolated,interpolated,yuba river,temperature,mean,18.72971602814746
33,2013,yuba river,interpolated,interpolated,yuba river,temperature,min,16.212132134126406
34,2013,yuba river,interpolated,interpolated,yuba river,temperature,max,21.330178676697987
34,2013,yuba river,interpolated,interpolated,yuba river,temperature,mean,19.08723358555514
34,2013,yuba river,interpolated,interpolated,yuba river,temperature,min,16.432890274632
35,2013,yuba river,interpolated,interpolated,yuba river,temperature,max,20.477535746552736
35,2013,yuba river,interpolated,interpolated,yuba river,temperature,mean,18.406036375940104
35,2013,yuba river,interpolated,interpolated,yuba river,temperature,min,16.045116318153106
36,2013,yuba river,interpolated,interpolated,yuba river,temperature,max,20.3463393208536
36,2013,yuba river,interpolated,interpolated,yuba river,temperature,mean,18.162425387326127
36,2013,yuba river,interpolated,interpolated,yuba river,temperature,min,15.767458302728077
37,2013,yuba river,interpolated,interpolated,yuba river,temperature,max,20.21538623497107
37,2013,yuba river,interpolated,interpolated,yuba river,temperature,mean,18.223798734561377
37,2013,yuba river,interpolated,interpolated,yuba river,temperature,min,15.711479380004892
38,2013,yuba river,interpolated,interpolated,yuba river,temperature,max,19.10008277962928
38,2013,yuba river,interpolated,interpolated,yuba river,temperature,mean,16.65416889442903
38,2013,yuba river,interpolated,interpolated,yuba river,temperature,min,14.16025198948984
39,2013,yuba river,interpolated,interpolated,yuba river,temperature,max,17.65682476101214
39,2013,yuba river,interpolated,interpolated,yuba river,temperature,mean,15.385103327307515
39,2013,yuba river,interpolated,interpolated,yuba river,temperature,min,13.162959201530471
40,2013,yuba river,interpolated,interpolated,yuba river,temperature,max,17.00089130047978
40,2013,yuba river,interpolated,interpolated,yuba river,temperature,mean,14.672965677823713
40,2013,yuba river,interpolated,interpolated,yuba river,temperature,min,12.553045676251608
41,2013,yuba river,interpolated,interpolated,yuba river,temperature,max,15.164019670783569
41,2013,yuba river,interpolated,interpolated,yuba river,temperature,mean,13.86800670873363
41,2013,yuba river,interpolated,interpolated,yuba river,temperature,min,12.220263907999913
42,2013,yuba river,interpolated,interpolated,yuba river,temperature,max,14.90169982133028
42,2013,yuba river,interpolated,interpolated,yuba river,temperature,mean,13.434333018068685
42,2013,yuba river,interpolated,interpolated,yuba river,temperature,min,11.943066368673009
43,2013,yuba river,interpolated,interpolated,yuba river,temperature,max,14.508207880159516
43,2013,yuba river,interpolated,interpolated,yuba river,temperature,mean,12.965298824696585
43,2013,yuba river,interpolated,interpolated,yuba river,temperature,min,11.610087253522115
44,2013,yuba river,interpolated,interpolated,yuba river,temperature,max,13.130560241382772
44,2013,yuba river,interpolated,interpolated,yuba river,temperature,mean,11.961437027878745
44,2013,yuba river,interpolated,interpolated,yuba river,temperature,min,10.280341608809714
45,2013,yuba river,interpolated,interpolated,yuba river,temperature,max,12.737189970120314
45,2013,yuba river,interpolated,interpolated,yuba river,temperature,mean,11.735506290618346
45,2013,yuba river,interpolated,interpolated,yuba river,temperature,min,10.391049590561172
46,2013,yuba river,interpolated,interpolated,yuba river,temperature,max,12.802897685887356
46,2013,yuba river,interpolated,interpolated,yuba river,temperature,mean,11.633337312832996
46,2013,yuba river,interpolated,interpolated,yuba river,temperature,min,10.168646892562274
47,2013,yuba river,interpolated,interpolated,yuba river,temperature,max,12.278160651054131
47,2013,yuba river,interpolated,interpolated,yuba river,temperature,mean,10.921199663349196
47,2013,yuba river,interpolated,interpolated,yuba river,temperature,min,9.28199630405463
48,2013,yuba river,interpolated,interpolated,yuba river,temperature,max,11.359858673105164
48,2013,yuba river,interpolated,interpolated,yuba river,temperature,mean,10.509626286876225
48,2013,yuba river,interpolated,interpolated,yuba river,temperature,min,9.392704285806088
49,2013,yuba river,interpolated,interpolated,yuba river,temperature,max,11.556762814571345
49,2013,yuba river,interpolated,interpolated,yuba river,temperature,mean,8.54219079128837
49,2013,yuba river,interpolated,interpolated,yuba river,temperature,min,6.733278778681013
50,2013,yuba river,interpolated,interpolated,yuba river,temperature,max,8.932663962716992
50,2013,yuba river,interpolated,interpolated,yuba river,temperature,mean,7.856573518834936
50,2013,yuba river,interpolated,interpolated,yuba river,temperature,min,6.788599878406877
51,2013,yuba river,interpolated,interpolated,yuba river,temperature,max,9.7200615227467555
51,2013,yuba river,interpolated,interpolated,yuba river,temperature,mean,8.925721193224144
51,2013,yuba river,interpolated,interpolated,yuba river,temperature,min,8.117227224023832
52,2013,yuba river,interpolated,interpolated,yuba river,temperature,max,9.917014332176258
52,2013,yuba river,interpolated,interpolated,yuba river,temperature,mean,9.040135294520127
52,2013,yuba river,interpolated,interpolated,yuba river,temperature,min,8.282730047103296
53,2013,yuba river,interpolated,interpolated,yuba river,temperature,max,9.982795049888283
53,2013,yuba river,interpolated,interpolated,yuba river,temperature,mean,9.42881080572612
53,2013,yuba river,interpolated,interpolated,yuba river,temperature,min,8.781146203033918
1,2014,yuba river,interpolated,interpolated,yuba river,temperature,max,10.245309571194865
1,2014,yuba river,interpolated,interpolated,yuba river,temperature,mean,9.335699467547103
1,2014,yuba river,interpolated,interpolated,yuba river,temperature,min,8.559203981133145
2,2014,yuba river,interpolated,interpolated,yuba river,temperature,max,10.63916652209054
2,2014,yuba river,interpolated,interpolated,yuba river,temperature,mean,9.653436459409237
2,2014,yuba river,interpolated,interpolated,yuba river,temperature,min,8.669451486786478
3,2014,yuba river,interpolated,interpolated,yuba river,temperature,max,10.508116100281372
3,2014,yuba river,interpolated,interpolated,yuba river,temperature,mean,9.644088801230172
3,2014,yuba river,interpolated,interpolated,yuba river,temperature,min,8.613604128662757
4,2014,yuba river,interpolated,interpolated,yuba river,temperature,max,11.558125517544358
4,2014,yuba river,interpolated,interpolated,yuba river,temperature,mean,10.120948055274509
4,2014,yuba river,interpolated,interpolated,yuba river,temperature,min,8.668925228388622
5,2014,yuba river,interpolated,interpolated,yuba river,temperature,max,12.017446844390472
5,2014,yuba river,interpolated,interpolated,yuba river,temperature,mean,10.288402910631225
5,2014,yuba river,interpolated,interpolated,yuba river,temperature,min,8.446522530389723
6,2014,yuba river,interpolated,interpolated,yuba river,temperature,max,12.345766417390736
6,2014,yuba river,interpolated,interpolated,yuba river,temperature,mean,10.610559965331753
6,2014,yuba river,interpolated,interpolated,yuba river,temperature,min,8.446456748089991
7,2014,yuba river,interpolated,interpolated,yuba river,temperature,max,13.26445773904628
7,2014,yuba river,interpolated,interpolated,yuba river,temperature,mean,11.816729587711192
7,2014,yuba river,interpolated,interpolated,yuba river,temperature,min,10.21798180301251
8,2014,yuba river,interpolated,interpolated,yuba river,temperature,max,13.002235225519636
8,2014,yuba river,interpolated,interpolated,yuba river,temperature,mean,11.467037090975747
8,2014,yuba river,interpolated,interpolated,yuba river,temperature,min,9.996236928010935
9,2014,yuba river,interpolated,interpolated,yuba river,temperature,max,13.06801594323166
9,2014,yuba river,interpolated,interpolated,yuba river,temperature,mean,11.828974711221823
9,2014,yuba river,interpolated,interpolated,yuba river,temperature,min,10.826579682296734
10,2014,yuba river,interpolated,interpolated,yuba river,temperature,max,13.33050613055658
10,2014,yuba river,interpolated,interpolated,yuba river,temperature,mean,12.239533022690242
10,2014,yuba river,interpolated,interpolated,yuba river,temperature,min,10.548921666871706
11,2014,yuba river,interpolated,interpolated,yuba river,temperature,max,13.986853268777176
11,2014,yuba river,interpolated,interpolated,yuba river,temperature,mean,12.128523919228103
11,2014,yuba river,interpolated,interpolated,yuba river,temperature,min,10.271921474444
12,2014,yuba river,interpolated,interpolated,yuba river,temperature,max,14.249489459992056
12,2014,yuba river,interpolated,interpolated,yuba river,temperature,mean,12.335759340130371
12,2014,yuba river,interpolated,interpolated,yuba river,temperature,min,10.548395408473848
13,2014,yuba river,interpolated,interpolated,yuba river,temperature,max,12.740523725607872
13,2014,yuba river,interpolated,interpolated,yuba river,temperature,mean,11.548480622393864
13,2014,yuba river,interpolated,interpolated,yuba river,temperature,min,10.270605828449357
14,2014,yuba river,interpolated,interpolated,yuba river,temperature,max,14.84034788828056
14,2014,yuba river,interpolated,interpolated,yuba river,temperature,mean,12.08280069333733
14,2014,yuba river,interpolated,interpolated,yuba river,temperature,min,10.214955817224832
15,2014,yuba river,interpolated,interpolated,yuba river,temperature,max,16.34955696248135
15,2014,yuba river,interpolated,interpolated,yuba river,temperature,mean,14.013860621213476
15,2014,yuba river,interpolated,interpolated,yuba river,temperature,min,12.09784667689613
16,2014,yuba river,interpolated,interpolated,yuba river,temperature,max,17.20261357031484
16,2014,yuba river,interpolated,interpolated,yuba river,temperature,mean,15.052067855733924
16,2014,yuba river,interpolated,interpolated,yuba river,temperature,min,12.70664190307955
17,2014,yuba river,interpolated,interpolated,yuba river,temperature,max,16.481118397905405
17,2014,yuba river,interpolated,interpolated,yuba river,temperature,mean,13.791842414289198
17,2014,yuba river,interpolated,interpolated,yuba river,temperature,min,11.598114874970866
18,2014,yuba river,interpolated,interpolated,yuba river,temperature,max,17.72778861681796
18,2014,yuba river,interpolated,interpolated,yuba river,temperature,mean,15.594720519851903
18,2014,yuba river,interpolated,interpolated,yuba river,temperature,min,12.982655361011275
19,2014,yuba river,interpolated,interpolated,yuba river,temperature,max,18.121718569658626
19,2014,yuba river,interpolated,interpolated,yuba river,temperature,mean,15.386470033945082
19,2014,yuba river,interpolated,interpolated,yuba river,temperature,min,13.037318637739816
20,2014,yuba river,interpolated,interpolated,yuba river,temperature,max,19.171557649049983
20,2014,yuba river,interpolated,interpolated,yuba river,temperature,mean,16.937404557719297
20,2014,yuba river,interpolated,interpolated,yuba river,temperature,min,14.311019577429304
21,2014,yuba river,interpolated,interpolated,yuba river,temperature,max,19.959125546951377
21,2014,yuba river,interpolated,interpolated,yuba river,temperature,mean,17.268401738096614
21,2014,yuba river,interpolated,interpolated,yuba river,temperature,min,14.144398455254391
22,2014,yuba river,interpolated,interpolated,yuba river,temperature,max,19.43443718008148
22,2014,yuba river,interpolated,interpolated,yuba river,temperature,mean,17.024790749482637
22,2014,yuba river,interpolated,interpolated,yuba river,temperature,min,14.365288160359452
23,2014,yuba river,interpolated,interpolated,yuba river,temperature,max,21.665360432526658
23,2014,yuba river,interpolated,interpolated,yuba river,temperature,mean,18.823248792206947
23,2014,yuba river,interpolated,interpolated,yuba river,temperature,min,15.361988907621232
24,2014,yuba river,interpolated,interpolated,yuba river,temperature,max,21.337332867306323
24,2014,yuba river,interpolated,interpolated,yuba river,temperature,mean,18.566377615077787
24,2014,yuba river,interpolated,interpolated,yuba river,temperature,min,15.915002557980662
25,2014,yuba river,interpolated,interpolated,yuba river,temperature,max,21.33764920906792
25,2014,yuba river,interpolated,interpolated,yuba river,temperature,mean,18.59239045960588
25,2014,yuba river,interpolated,interpolated,yuba river,temperature,min,15.527228601501768
26,2014,yuba river,interpolated,interpolated,yuba river,temperature,max,22.45319600422632
26,2014,yuba river,interpolated,interpolated,yuba river,temperature,mean,19.453795180590543
26,2014,yuba river,interpolated,interpolated,yuba river,temperature,min,16.800403282793397
27,2014,yuba river,interpolated,interpolated,yuba river,temperature,max,22.58446543187044
27,2014,yuba river,interpolated,interpolated,yuba river,temperature,mean,20.02789581707956
27,2014,yuba river,interpolated,interpolated,yuba river,temperature,min,17.187650980874434
28,2014,yuba river,interpolated,interpolated,yuba river,temperature,max,23.1752265242323
28,2014,yuba river,interpolated,interpolated,yuba river,temperature,mean,20.50917513396229
28,2014,yuba river,interpolated,interpolated,yuba river,temperature,min,17.63054869018
29,2014,yuba river,interpolated,interpolated,yuba river,temperature,max,22.453634015896217
29,2014,yuba river,interpolated,interpolated,yuba river,temperature,mean,20.32302496224744
29,2014,yuba river,interpolated,interpolated,yuba river,temperature,min,17.62969352028348
30,2014,yuba river,interpolated,interpolated,yuba river,temperature,max,21.79777355730884
30,2014,yuba river,interpolated,interpolated,yuba river,temperature,mean,19.535746244510936
30,2014,yuba river,interpolated,interpolated,yuba river,temperature,min,16.854079825025956
31,2014,yuba river,interpolated,interpolated,yuba river,temperature,max,22.51956073749821
31,2014,yuba river,interpolated,interpolated,yuba river,temperature,mean,19.742981665413204
31,2014,yuba river,interpolated,interpolated,yuba river,temperature,min,17.13029062985688
32,2014,yuba river,interpolated,interpolated,yuba river,temperature,max,21.798041231107113
32,2014,yuba river,interpolated,interpolated,yuba river,temperature,mean,19.5214709909912
32,2014,yuba river,interpolated,interpolated,yuba river,temperature,min,16.797903555403575
33,2014,yuba river,interpolated,interpolated,yuba river,temperature,max,21.404549289936348
33,2014,yuba river,interpolated,interpolated,yuba river,temperature,mean,19.096637426003046
33,2014,yuba river,interpolated,interpolated,yuba river,temperature,min,16.520113975379083
34,2014,yuba river,interpolated,interpolated,yuba river,temperature,max,21.011057348765583
34,2014,yuba river,interpolated,interpolated,yuba river,temperature,mean,18.985628322540908
34,2014,yuba river,interpolated,interpolated,yuba river,temperature,min,16.575040381306554
35,2014,yuba river,interpolated,interpolated,yuba river,temperature,max,21.273620538035484
35,2014,yuba river,interpolated,interpolated,yuba river,temperature,mean,18.97628066436184
35,2014,yuba river,interpolated,interpolated,yuba river,temperature,min,16.4639377057567
36,2014,yuba river,interpolated,interpolated,yuba river,temperature,max,20.74888350320226
36,2014,yuba river,interpolated,interpolated,yuba river,temperature,mean,18.189001946625336
36,2014,yuba river,interpolated,interpolated,yuba river,temperature,min,15.521768670623995
37,2014,yuba river,interpolated,interpolated,yuba river,temperature,max,19.96185095289741
37,2014,yuba river,interpolated,interpolated,yuba river,temperature,mean,17.923290643819385
37,2014,yuba river,interpolated,interpolated,yuba river,temperature,min,15.35554224224748
38,2014,yuba river,interpolated,interpolated,yuba river,temperature,max,19.765214485229503
38,2014,yuba river,interpolated,interpolated,yuba river,temperature,mean,17.989084053893027
38,2014,yuba river,interpolated,interpolated,yuba river,temperature,min,15.576629294251736
39,2014,yuba river,interpolated,interpolated,yuba river,temperature,max,19.50279729984957
39,2014,yuba river,interpolated,interpolated,yuba river,temperature,mean,17.15760470777257
39,2014,yuba river,interpolated,interpolated,yuba river,temperature,min,14.57887603019424
40,2014,yuba river,interpolated,interpolated,yuba river,temperature,max,18.05968528512239
40,2014,yuba river,interpolated,interpolated,yuba river,temperature,mean,16.23772410488423
40,2014,yuba river,interpolated,interpolated,yuba river,temperature,min,14.024809863039096
41,2014,yuba river,interpolated,interpolated,yuba river,temperature,max,17.92848885942326
41,2014,yuba river,interpolated,interpolated,yuba river,temperature,mean,15.830570791249652
41,2014,yuba river,interpolated,interpolated,yuba river,temperature,min,13.913312493690851
42,2014,yuba river,interpolated,interpolated,yuba river,temperature,max,16.61645160048691
42,2014,yuba river,interpolated,interpolated,yuba river,temperature,mean,15.021191759321173
42,2014,yuba river,interpolated,interpolated,yuba river,temperature,min,13.192756768960262
43,2014,yuba river,interpolated,interpolated,yuba river,temperature,max,15.304463009513892
43,2014,yuba river,interpolated,interpolated,yuba river,temperature,mean,14.008489836826541
43,2014,yuba river,interpolated,interpolated,yuba river,temperature,min,12.084558652350236
44,2014,yuba river,interpolated,interpolated,yuba river,temperature,max,14.910946734361463
44,2014,yuba river,interpolated,interpolated,yuba river,temperature,mean,13.384753444110633
44,2014,yuba river,interpolated,interpolated,yuba river,temperature,min,11.474842473970568
45,2014,yuba river,interpolated,interpolated,yuba river,temperature,max,14.25508627577409
45,2014,yuba river,interpolated,interpolated,yuba river,temperature,mean,13.052741198728764
45,2014,yuba river,interpolated,interpolated,yuba river,temperature,min,11.53016357369643
46,2014,yuba river,interpolated,interpolated,yuba river,temperature,max,14.123938518038276
46,2014,yuba river,interpolated,interpolated,yuba river,temperature,mean,12.45110512020483
46,2014,yuba river,interpolated,interpolated,yuba river,temperature,min,10.14463635316004
47,2014,yuba river,interpolated,interpolated,yuba river,temperature,max,12.287091222323724
47,2014,yuba river,interpolated,interpolated,yuba river,temperature,mean,11.433983134871804
47,2014,yuba river,interpolated,interpolated,yuba river,temperature,min,10.08878899503632
48,2014,yuba river,interpolated,interpolated,yuba river,temperature,max,12.877803646722262
48,2014,yuba river,interpolated,interpolated,yuba river,temperature,mean,11.55281729900618
48,2014,yuba river,interpolated,interpolated,yuba river,temperature,min,10.033336330710991
49,2014,yuba river,interpolated,interpolated,yuba river,temperature,max,13.468418735194154
49,2014,yuba river,interpolated,interpolated,yuba river,temperature,mean,12.50704333959713
49,2014,yuba river,interpolated,interpolated,yuba river,temperature,min,11.52799275780527
50,2014,yuba river,interpolated,interpolated,yuba river,temperature,max,13.337319645421662
50,2014,yuba river,interpolated,interpolated,yuba river,temperature,mean,11.817006004305302
50,2014,yuba river,interpolated,interpolated,yuba river,temperature,min,10.752115933348817
51,2014,yuba river,interpolated,interpolated,yuba river,temperature,max,13.00951108603628
51,2014,yuba river,interpolated,interpolated,yuba river,temperature,mean,12.293865258349639
51,2014,yuba river,interpolated,interpolated,yuba river,temperature,min,11.360845377232502
52,2014,yuba river,interpolated,interpolated,yuba river,temperature,max,12.22225952989648
52,2014,yuba river,interpolated,interpolated,yuba river,temperature,mean,10.008185238397374
52,2014,yuba river,interpolated,interpolated,yuba river,temperature,min,8.591040799854632
53,2014,yuba river,interpolated,interpolated,yuba river,temperature,max,9.073131635428975
53,2014,yuba river,interpolated,interpolated,yuba river,temperature,mean,8.536014294639257
53,2014,yuba river,interpolated,interpolated,yuba river,temperature,min,7.981719315273355
1,2015,yuba river,interpolated,interpolated,yuba river,temperature,max,10.910392608831762
1,2015,yuba river,interpolated,interpolated,yuba river,temperature,mean,9.083812068027452
1,2015,yuba river,interpolated,interpolated,yuba river,temperature,min,7.815427104597106
2,2015,yuba river,interpolated,interpolated,yuba river,temperature,max,11.63222845698445
2,2015,yuba river,interpolated,interpolated,yuba river,temperature,mean,10.639166654640063
2,2015,yuba river,interpolated,interpolated,yuba river,temperature,min,9.476244177768168
3,2015,yuba river,interpolated,interpolated,yuba river,temperature,max,12.616554492462058
3,2015,yuba river,interpolated,interpolated,yuba river,temperature,mean,11.235367605321052
3,2015,yuba river,interpolated,interpolated,yuba river,temperature,min,9.476178395468436
4,2015,yuba river,interpolated,interpolated,yuba river,temperature,max,12.551163118456609
4,2015,yuba river,interpolated,interpolated,yuba river,temperature,mean,11.203919632950015
4,2015,yuba river,interpolated,interpolated,yuba river,temperature,min,9.863360311249744
5,2015,yuba river,interpolated,interpolated,yuba river,temperature,max,12.420112696647438
5,2015,yuba river,interpolated,interpolated,yuba river,temperature,mean,11.287393294377237
5,2015,yuba river,interpolated,interpolated,yuba river,temperature,min,9.862768270552154
6,2015,yuba river,interpolated,interpolated,yuba river,temperature,max,12.94509307129727
6,2015,yuba river,interpolated,interpolated,yuba river,temperature,mean,11.879174182219831
6,2015,yuba river,interpolated,interpolated,yuba river,temperature,min,10.692913677938757
7,2015,yuba river,interpolated,interpolated,yuba river,temperature,max,13.404511734070027
7,2015,yuba river,interpolated,interpolated,yuba river,temperature,mean,12.130610231506045
7,2015,yuba river,interpolated,interpolated,yuba river,temperature,min,10.91400072994301
8,2015,yuba river,interpolated,interpolated,yuba river,temperature,max,13.339047358119592
8,2015,yuba river,interpolated,interpolated,yuba river,temperature,mean,11.31681113673917
8,2015,yuba river,interpolated,interpolated,yuba river,temperature,min,9.141160029025848
9,2015,yuba river,interpolated,interpolated,yuba river,temperature,max,12.617503517746837
9,2015,yuba river,interpolated,interpolated,yuba river,temperature,mean,11.117400776509138
9,2015,yuba river,interpolated,interpolated,yuba river,temperature,min,9.528407727106888
10,2015,yuba river,interpolated,interpolated,yuba river,temperature,max,13.798733694690622
10,2015,yuba river,interpolated,interpolated,yuba river,temperature,mean,11.79316285828123
10,2015,yuba river,interpolated,interpolated,yuba river,temperature,min,9.58372882683275
11,2015,yuba river,interpolated,interpolated,yuba river,temperature,max,15.242356723032678
11,2015,yuba river,interpolated,interpolated,yuba river,temperature,mean,13.326417130701868
11,2015,yuba river,interpolated,interpolated,yuba river,temperature,min,11.134101047451283
12,2015,yuba river,interpolated,interpolated,yuba river,temperature,max,15.176843679118925
12,2015,yuba river,interpolated,interpolated,yuba river,temperature,mean,13.542492677280926
12,2015,yuba river,interpolated,interpolated,yuba river,temperature,min,11.63172781578512
13,2015,yuba river,interpolated,interpolated,yuba river,temperature,max,16.29241480825899
13,2015,yuba river,interpolated,interpolated,yuba river,temperature,mean,14.324336267174486
13,2015,yuba river,interpolated,interpolated,yuba river,temperature,min,11.908596443613362
14,2015,yuba river,interpolated,interpolated,yuba river,temperature,max,14.91469416753726
14,2015,yuba river,interpolated,interpolated,yuba river,temperature,mean,12.838687620971639
14,2015,yuba river,interpolated,interpolated,yuba river,temperature,min,10.910777397256137
15,2015,yuba river,interpolated,interpolated,yuba river,temperature,max,15.767896779260711
15,2015,yuba river,interpolated,interpolated,yuba river,temperature,mean,13.258086058116845
15,2015,yuba river,interpolated,interpolated,yuba river,temperature,min,10.41222967672605
16,2015,yuba river,interpolated,interpolated,yuba river,temperature,max,18.19569983919041
16,2015,yuba river,interpolated,interpolated,yuba river,temperature,mean,15.357108373851986
16,2015,yuba river,interpolated,interpolated,yuba river,temperature,min,12.017988779370178
17,2015,yuba river,interpolated,interpolated,yuba river,temperature,max,18.917584355306424
17,2015,yuba river,interpolated,interpolated,yuba river,temperature,mean,16.27597391173578
17,2015,yuba river,interpolated,interpolated,yuba river,temperature,min,13.7343242991663
18,2015,yuba river,interpolated,interpolated,yuba river,temperature,max,19.31134397027546
18,2015,yuba river,interpolated,interpolated,yuba river,temperature,mean,17.097598067174893
18,2015,yuba river,interpolated,interpolated,yuba river,temperature,min,14.62025128237689
19,2015,yuba river,interpolated,interpolated,yuba river,temperature,max,18.917876363086357
19,2015,yuba river,interpolated,interpolated,yuba river,temperature,mean,16.602043496772424
19,2015,yuba river,interpolated,interpolated,yuba river,temperature,min,14.065856203723085
20,2015,yuba river,interpolated,interpolated,yuba river,temperature,max,18.852484989080907
20,2015,yuba river,interpolated,interpolated,yuba river,temperature,mean,16.3186519426129
20,2015,yuba river,interpolated,interpolated,yuba river,temperature,min,13.899300863847904
21,2015,yuba river,interpolated,interpolated,yuba river,temperature,max,20.29605934945964
21,2015,yuba river,interpolated,interpolated,yuba river,temperature,mean,17.68394382717454
21,2015,yuba river,interpolated,interpolated,yuba river,temperature,min,14.840417382184892
22,2015,yuba river,interpolated,interpolated,yuba river,temperature,max,20.886747439876515
22,2015,yuba river,interpolated,interpolated,yuba river,temperature,mean,18.505567982613655
22,2015,yuba river,interpolated,interpolated,yuba river,temperature,min,15.947694546598669
23,2015,yuba river,interpolated,interpolated,yuba river,temperature,max,22.920790884837174
23,2015,yuba river,interpolated,interpolated,yuba river,temperature,mean,19.769198421892224
23,2015,yuba river,interpolated,interpolated,yuba river,temperature,min,16.16871581630319
24,2015,yuba river,interpolated,interpolated,yuba river,temperature,max,23.314599167769533
24,2015,yuba river,interpolated,interpolated,yuba river,temperature,mean,20.692484022614412
24,2015,yuba river,interpolated,interpolated,yuba river,temperature,min,17.718759125423063
25,2015,yuba river,interpolated,interpolated,yuba river,temperature,max,22.592982325451793
25,2015,yuba river,interpolated,interpolated,yuba river,temperature,mean,19.887525053524325
25,2015,yuba river,interpolated,interpolated,yuba river,temperature,min,16.832174319215152
26,2015,yuba river,interpolated,interpolated,yuba river,temperature,max,23.511819650997307
26,2015,yuba river,interpolated,interpolated,yuba river,temperature,mean,21.04065392184303
26,2015,yuba river,interpolated,interpolated,yuba river,temperature,min,17.88439351310199
27,2015,yuba river,interpolated,interpolated,yuba river,temperature,max,23.97118964580674
27,2015,yuba river,interpolated,interpolated,yuba river,temperature,mean,21.36723103938195
27,2015,yuba river,interpolated,interpolated,yuba river,temperature,min,18.492794045487017
28,2015,yuba river,interpolated,interpolated,yuba river,temperature,max,22.003145924393053
28,2015,yuba river,interpolated,interpolated,yuba river,temperature,mean,19.691519691128136
28,2015,yuba river,interpolated,interpolated,yuba river,temperature,min,17.16331152997354
29,2015,yuba river,interpolated,interpolated,yuba river,temperature,max,23.1842787654102
29,2015,yuba river,interpolated,interpolated,yuba river,temperature,mean,20.530824097920824
29,2015,yuba river,interpolated,interpolated,yuba river,temperature,min,17.605880327780444
30,2015,yuba river,interpolated,interpolated,yuba river,temperature,max,21.937730216405942
30,2015,yuba river,interpolated,interpolated,yuba river,temperature,mean,19.420880792981514
30,2015,yuba river,interpolated,interpolated,yuba river,temperature,min,16.719229739272798
31,2015,yuba river,interpolated,interpolated,yuba river,temperature,max,21.937997890204215
31,2015,yuba river,interpolated,interpolated,yuba river,temperature,mean,19.689997093621308
31,2015,yuba river,interpolated,interpolated,yuba river,temperature,min,16.884732562352262
32,2015,yuba river,interpolated,interpolated,yuba river,temperature,max,21.41321218740767
32,2015,yuba river,interpolated,interpolated,yuba river,temperature,mean,19.159082020511686
32,2015,yuba river,interpolated,interpolated,yuba river,temperature,min,16.385790148023784
33,2015,yuba river,interpolated,interpolated,yuba river,temperature,max,20.757376062801956
33,2015,yuba river,interpolated,interpolated,yuba river,temperature,mean,18.610486696048483
33,2015,yuba river,interpolated,interpolated,yuba river,temperature,min,16.108658390996613
34,2015,yuba river,interpolated,interpolated,yuba river,temperature,max,20.954304538249794
34,2015,yuba river,interpolated,interpolated,yuba river,temperature,mean,18.791201739920385
34,2015,yuba river,interpolated,interpolated,yuba river,temperature,min,16.32948231380194
35,2015,yuba river,interpolated,interpolated,yuba river,temperature,max,21.282526775323415
35,2015,yuba river,interpolated,interpolated,yuba river,temperature,mean,18.675772573619852
35,2015,yuba river,interpolated,interpolated,yuba river,temperature,min,15.941445228124111
36,2015,yuba river,interpolated,interpolated,yuba river,temperature,max,19.773609708902555
36,2015,yuba river,interpolated,interpolated,yuba river,temperature,mean,17.318305749730445
36,2015,yuba river,interpolated,interpolated,yuba river,temperature,min,14.722539129762634
37,2015,yuba river,interpolated,interpolated,yuba river,temperature,max,19.970635520277035
37,2015,yuba river,interpolated,interpolated,yuba river,temperature,mean,17.72002393552207
37,2015,yuba river,interpolated,interpolated,yuba river,temperature,min,15.109589480944477
38,2015,yuba river,interpolated,interpolated,yuba river,temperature,max,19.18357863599052
38,2015,yuba river,interpolated,interpolated,yuba river,temperature,mean,16.884124526563223
38,2015,yuba river,interpolated,interpolated,yuba river,temperature,min,14.500202214063467
39,2015,yuba river,interpolated,interpolated,yuba river,temperature,max,18.790013692874776
39,2015,yuba river,interpolated,interpolated,yuba river,temperature,mean,16.834996302838608
39,2015,yuba river,interpolated,interpolated,yuba river,temperature,min,14.665573472543464
40,2015,yuba river,interpolated,interpolated,yuba river,temperature,max,17.87171171492581
40,2015,yuba river,interpolated,interpolated,yuba river,temperature,mean,16.312921355405773
40,2015,yuba river,interpolated,interpolated,yuba river,temperature,min,14.44382859754189
41,2015,yuba river,interpolated,interpolated,yuba river,temperature,max,18.331179045661884
41,2015,yuba river,interpolated,interpolated,yuba river,temperature,mean,16.696959289843825
41,2015,yuba river,interpolated,interpolated,yuba river,temperature,min,14.77555784899787
42,2015,yuba river,interpolated,interpolated,yuba river,temperature,max,18.528058853146405
42,2015,yuba river,interpolated,interpolated,yuba river,temperature,mean,16.488708803937005
42,2015,yuba river,interpolated,interpolated,yuba river,temperature,min,13.944162577916355
43,2015,yuba river,interpolated,interpolated,yuba river,temperature,max,16.953555740866804
43,2015,yuba river,interpolated,interpolated,yuba river,temperature,mean,15.042840723279708
43,2015,yuba river,interpolated,interpolated,yuba river,temperature,min,13.279191082110556
44,2015,yuba river,interpolated,interpolated,yuba river,temperature,max,15.379149964513848
44,2015,yuba river,interpolated,interpolated,yuba river,temperature,mean,13.910797104148424
44,2015,yuba river,interpolated,interpolated,yuba river,temperature,min,11.616992580645118
45,2015,yuba river,interpolated,interpolated,yuba river,temperature,max,13.345325525388136
45,2015,yuba river,interpolated,interpolated,yuba river,temperature,mean,11.899160980176623
45,2015,yuba river,interpolated,interpolated,yuba river,temperature,min,10.287246935932716
46,2015,yuba river,interpolated,interpolated,yuba river,temperature,max,12.033361268396774
46,2015,yuba river,interpolated,interpolated,yuba river,temperature,mean,10.798057800914101
46,2015,yuba river,interpolated,interpolated,yuba river,temperature,min,9.566822775801588
47,2015,yuba river,interpolated,interpolated,yuba river,temperature,max,12.295973125629995
47,2015,yuba river,interpolated,interpolated,yuba river,temperature,mean,11.186515798190547
47,2015,yuba river,interpolated,interpolated,yuba river,temperature,min,9.899012503355694
48,2015,yuba river,interpolated,interpolated,yuba river,temperature,max,10.45897982602548
48,2015,yuba river,interpolated,interpolated,yuba river,temperature,mean,9.06437810325888
48,2015,yuba river,interpolated,interpolated,yuba river,temperature,min,7.959748027162818
49,2015,yuba river,interpolated,interpolated,yuba river,temperature,max,11.90272452427584
49,2015,yuba river,interpolated,interpolated,yuba river,temperature,mean,10.535751495941993
49,2015,yuba river,interpolated,interpolated,yuba river,temperature,min,9.344091166304027
50,2015,yuba river,interpolated,interpolated,yuba river,temperature,max,12.230800757459496
50,2015,yuba river,interpolated,interpolated,yuba river,temperature,mean,10.230259627590494
50,2015,yuba river,interpolated,interpolated,yuba river,temperature,min,8.180243038469483
51,2015,yuba river,interpolated,interpolated,yuba river,temperature,max,11.837430486197036
51,2015,yuba river,interpolated,interpolated,yuba river,temperature,mean,10.176711341027483
51,2015,yuba river,interpolated,interpolated,yuba river,temperature,min,8.678659194400105
52,2015,yuba river,interpolated,interpolated,yuba river,temperature,max,10.590881937192783
52,2015,yuba river,interpolated,interpolated,yuba river,temperature,mean,8.867865208360417
52,2015,yuba river,interpolated,interpolated,yuba river,temperature,min,7.7916796943938
53,2015,yuba river,interpolated,interpolated,yuba river,temperature,max,8.622740879852454
53,2015,yuba river,interpolated,interpolated,yuba river,temperature,mean,8.107324381583823
53,2015,yuba river,interpolated,interpolated,yuba river,temperature,min,7.625387483717551
1,2016,yuba river,interpolated,interpolated,yuba river,temperature,max,11.050495271818829
1,2016,yuba river,interpolated,interpolated,yuba river,temperature,mean,9.097128438811476
1,2016,yuba river,interpolated,interpolated,yuba river,temperature,min,7.514547937366629
2,2016,yuba river,interpolated,interpolated,yuba river,temperature,max,11.050641275708797
2,2016,yuba river,interpolated,interpolated,yuba river,temperature,mean,10.077874856432793
2,2016,yuba river,interpolated,interpolated,yuba river,temperature,min,9.341723003513671
3,2016,yuba river,interpolated,interpolated,yuba river,temperature,max,12.231798450707595
3,2016,yuba river,interpolated,interpolated,yuba river,temperature,mean,11.275204353135443
3,2016,yuba river,interpolated,interpolated,yuba river,temperature,min,9.618328502142989
4,2016,yuba river,interpolated,interpolated,yuba river,temperature,max,12.16623673883052
4,2016,yuba river,interpolated,interpolated,yuba river,temperature,mean,11.234916255087615
4,2016,yuba river,interpolated,interpolated,yuba river,temperature,min,10.116086835076286
5,2016,yuba river,interpolated,interpolated,yuba river,temperature,max,12.232017456542549
5,2016,yuba river,interpolated,interpolated,yuba river,temperature,mean,10.522778605603817
5,2016,yuba river,interpolated,interpolated,yuba river,temperature,min,9.284757346294509
6,2016,yuba river,interpolated,interpolated,yuba river,temperature,max,12.363554557984935
6,2016,yuba river,interpolated,interpolated,yuba river,temperature,mean,11.02615823667852
6,2016,yuba river,interpolated,interpolated,yuba river,temperature,min,9.561560191823016
7,2016,yuba river,interpolated,interpolated,yuba river,temperature,max,12.95416964645683
7,2016,yuba river,interpolated,interpolated,yuba river,temperature,mean,11.6311993130363
7,2016,yuba river,interpolated,interpolated,yuba river,temperature,min,10.391508252310423
8,2016,yuba river,interpolated,interpolated,yuba river,temperature,max,12.42950561356859
8,2016,yuba river,interpolated,interpolated,yuba river,temperature,mean,11.038403360189152
8,2016,yuba river,interpolated,interpolated,yuba river,temperature,min,9.892697402581408
9,2016,yuba river,interpolated,interpolated,yuba river,temperature,max,13.08575541586254
9,2016,yuba river,interpolated,interpolated,yuba river,temperature,mean,11.771626258860373
9,2016,yuba river,interpolated,interpolated,yuba river,temperature,min,10.446171529038963
10,2016,yuba river,interpolated,interpolated,yuba river,temperature,max,13.020218037967126
10,2016,yuba river,interpolated,interpolated,yuba river,temperature,mean,11.863940045964382
10,2016,yuba river,interpolated,interpolated,yuba river,temperature,min,10.501032152666705
11,2016,yuba river,interpolated,interpolated,yuba river,temperature,max,13.086120425587456
11,2016,yuba river,interpolated,interpolated,yuba river,temperature,mean,11.792711508047795
11,2016,yuba river,interpolated,interpolated,yuba river,temperature,min,10.722119204670957
12,2016,yuba river,interpolated,interpolated,yuba river,temperature,max,13.414220992752773
12,2016,yuba river,interpolated,interpolated,yuba river,temperature,mean,12.052987683010796
12,2016,yuba river,interpolated,interpolated,yuba river,temperature,min,10.444658536145123
13,2016,yuba river,interpolated,interpolated,yuba river,temperature,max,13.5457337602135
13,2016,yuba river,interpolated,interpolated,yuba river,temperature,mean,11.937558516710263
13,2016,yuba river,interpolated,interpolated,yuba river,temperature,min,10.11194255019316
14,2016,yuba river,interpolated,interpolated,yuba river,temperature,max,15.38299473361629
14,2016,yuba river,interpolated,interpolated,yuba river,temperature,mean,13.36473128100943
14,2016,yuba river,interpolated,interpolated,yuba river,temperature,min,11.330256607857052
15,2016,yuba river,interpolated,interpolated,yuba river,temperature,max,15.31740868775755
15,2016,yuba river,interpolated,interpolated,yuba river,temperature,mean,13.510085822174176
15,2016,yuba river,interpolated,interpolated,yuba river,temperature,min,11.550948966062917
16,2016,yuba river,interpolated,interpolated,yuba river,temperature,max,16.039414873781865
16,2016,yuba river,interpolated,interpolated,yuba river,temperature,mean,13.602399609278185
16,2016,yuba river,interpolated,interpolated,yuba river,temperature,min,10.72007995337926
17,2016,yuba river,interpolated,interpolated,yuba river,temperature,max,14.793012328667585
17,2016,yuba river,interpolated,interpolated,yuba river,temperature,mean,12.98308327940067
17,2016,yuba river,interpolated,interpolated,yuba river,temperature,min,11.21783828631256
18,2016,yuba river,interpolated,interpolated,yuba river,temperature,max,16.367758780763793
18,2016,yuba river,interpolated,interpolated,yuba river,temperature,mean,14.268814032871212
18,2016,yuba river,interpolated,interpolated,yuba river,temperature,min,11.937670405746095
19,2016,yuba river,interpolated,interpolated,yuba river,temperature,max,17.41776819802678
19,2016,yuba river,interpolated,interpolated,yuba river,temperature,mean,14.537930333511005
19,2016,yuba river,interpolated,interpolated,yuba river,temperature,min,12.657107831381245
20,2016,yuba river,interpolated,interpolated,yuba river,temperature,max,18.336459519682325
20,2016,yuba river,interpolated,interpolated,yuba river,temperature,mean,16.09770498296201
20,2016,yuba river,interpolated,interpolated,yuba river,temperature,min,13.764319213495284
21,2016,yuba river,interpolated,interpolated,yuba river,temperature,max,17.614940013291232
21,2016,yuba river,interpolated,interpolated,yuba river,temperature,mean,14.629736588112738
21,2016,yuba river,interpolated,interpolated,yuba river,temperature,min,12.046931176903447
22,2016,yuba river,interpolated,interpolated,yuba river,temperature,max,20.370721970477938
22,2016,yuba river,interpolated,interpolated,yuba river,temperature,mean,16.94092192009082
22,2016,yuba river,interpolated,interpolated,yuba river,temperature,min,13.818916707924092
23,2016,yuba river,interpolated,interpolated,yuba river,temperature,max,20.764530253410292
23,2016,yuba river,interpolated,interpolated,yuba river,temperature,mean,17.96586896609608
23,2016,yuba river,interpolated,interpolated,yuba river,temperature,min,15.203194064765574
24,2016,yuba river,interpolated,interpolated,yuba river,temperature,max,19.38685828065189
24,2016,yuba river,interpolated,interpolated,yuba river,temperature,mean,16.842665472641585
24,2016,yuba river,interpolated,interpolated,yuba river,temperature,min,14.039214372331562
25,2016,yuba river,interpolated,interpolated,yuba river,temperature,max,19.91198465919169
25,2016,yuba river,interpolated,interpolated,yuba river,temperature,mean,16.63883504957316
25,2016,yuba river,interpolated,interpolated,yuba river,temperature,min,13.872856379355582
26,2016,yuba river,interpolated,interpolated,yuba river,temperature,max,21.421193733392485
26,2016,yuba river,interpolated,interpolated,yuba river,temperature,mean,18.52569434906536
26,2016,yuba river,interpolated,interpolated,yuba river,temperature,min,15.423294382273848
27,2016,yuba river,interpolated,interpolated,yuba river,temperature,max,21.61804920689534
27,2016,yuba river,interpolated,interpolated,yuba river,temperature,mean,19.241236996383005
27,2016,yuba river,interpolated,interpolated,yuba river,temperature,min,16.64101639924015
28,2016,yuba river,interpolated,interpolated,yuba river,temperature,max,20.96214008034464
28,2016,yuba river,interpolated,interpolated,yuba river,temperature,mean,18.46721846716168
28,2016,yuba river,interpolated,interpolated,yuba river,temperature,min,15.699110493306376
29,2016,yuba river,interpolated,interpolated,yuba river,temperature,max,20.89670003837587
29,2016,yuba river,interpolated,interpolated,yuba river,temperature,mean,18.444610620467433
29,2016,yuba river,interpolated,interpolated,yuba river,temperature,min,15.698584234908516
30,2016,yuba river,interpolated,interpolated,yuba river,temperature,max,21.618706224400185
30,2016,yuba river,interpolated,interpolated,yuba river,temperature,mean,18.819808429228694
30,2016,yuba river,interpolated,interpolated,yuba river,temperature,min,15.587678906257862
31,2016,yuba river,interpolated,interpolated,yuba river,temperature,max,21.9468067915655
31,2016,yuba river,interpolated,interpolated,yuba river,temperature,mean,19.261307180565876
31,2016,yuba river,interpolated,interpolated,yuba river,temperature,min,16.47314541337033
32,2016,yuba river,interpolated,interpolated,yuba river,temperature,max,20.70050158237786
32,2016,yuba river,interpolated,interpolated,yuba river,temperature,mean,18.46518833715258
32,2016,yuba river,interpolated,interpolated,yuba river,temperature,min,16.029589881067444
33,2016,yuba river,interpolated,interpolated,yuba river,temperature,max,21.55360685817467
33,2016,yuba river,interpolated,interpolated,yuba river,temperature,mean,19.20725136150059
33,2016,yuba river,interpolated,interpolated,yuba river,temperature,min,16.74942200050098
34,2016,yuba river,interpolated,interpolated,yuba river,temperature,max,21.55365552613799
34,2016,yuba river,interpolated,interpolated,yuba river,temperature,mean,19.303985211442992
34,2016,yuba river,interpolated,interpolated,yuba river,temperature,min,16.47163242047649
35,2016,yuba river,interpolated,interpolated,yuba river,temperature,max,20.56964583242198
35,2016,yuba river,interpolated,interpolated,yuba river,temperature,mean,18.15426134095813
35,2016,yuba river,interpolated,interpolated,yuba river,temperature,min,15.584981831968843
36,2016,yuba river,interpolated,interpolated,yuba river,temperature,max,19.71690556635009
36,2016,yuba river,interpolated,interpolated,yuba river,temperature,mean,17.48190425701988
36,2016,yuba river,interpolated,interpolated,yuba river,temperature,min,14.97539721818864
37,2016,yuba river,interpolated,interpolated,yuba river,temperature,max,19.91390704374291
37,2016,yuba river,interpolated,interpolated,yuba river,temperature,mean,17.476976661679213
37,2016,yuba river,interpolated,interpolated,yuba river,temperature,min,14.697870767363078
38,2016,yuba river,interpolated,interpolated,yuba river,temperature,max,19.38924301085467
38,2016,yuba river,interpolated,interpolated,yuba river,temperature,mean,17.007942468307114
38,2016,yuba river,interpolated,interpolated,yuba river,temperature,min,14.47586276316257
39,2016,yuba river,interpolated,interpolated,yuba river,temperature,max,18.73335821828563
39,2016,yuba river,interpolated,interpolated,yuba river,temperature,mean,16.481447458035884
39,2016,yuba river,interpolated,interpolated,yuba river,temperature,min,13.866541278581296
40,2016,yuba river,interpolated,interpolated,yuba river,temperature,max,18.077303087844967
40,2016,yuba river,interpolated,interpolated,yuba river,temperature,mean,14.77037560707491
40,2016,yuba river,interpolated,interpolated,yuba river,temperature,min,12.370240293993714
41,2016,yuba river,interpolated,interpolated,yuba river,temperature,max,15.912403892928424
41,2016,yuba river,interpolated,interpolated,yuba river,temperature,mean,14.429523236016255
41,2016,yuba river,interpolated,interpolated,yuba river,temperature,min,12.536335157770766
42,2016,yuba river,interpolated,interpolated,yuba river,temperature,max,15.256397430451084
42,2016,yuba river,interpolated,interpolated,yuba river,temperature,mean,13.814626968977134
42,2016,yuba river,interpolated,interpolated,yuba river,temperature,min,11.926290067892436
43,2016,yuba river,interpolated,interpolated,yuba river,temperature,max,14.994247918869425
43,2016,yuba river,interpolated,interpolated,yuba river,temperature,mean,13.632896860100681
43,2016,yuba river,interpolated,interpolated,yuba river,temperature,min,12.092319149369755
44,2016,yuba river,interpolated,interpolated,yuba river,temperature,max,14.600658641772014
44,2016,yuba river,interpolated,interpolated,yuba river,temperature,mean,13.150602478213399
44,2016,yuba river,interpolated,interpolated,yuba river,temperature,min,11.316047631114907
45,2016,yuba river,interpolated,interpolated,yuba river,temperature,max,14.076043276847097
45,2016,yuba river,interpolated,interpolated,yuba river,temperature,mean,12.730188976063639
45,2016,yuba river,interpolated,interpolated,yuba river,temperature,min,11.205142302464257
46,2016,yuba river,interpolated,interpolated,yuba river,temperature,max,14.076116278792078
46,2016,yuba river,interpolated,interpolated,yuba river,temperature,mean,12.614759809763106
46,2016,yuba river,interpolated,interpolated,yuba river,temperature,min,10.65048409461152
47,2016,yuba river,interpolated,interpolated,yuba river,temperature,max,12.632906928138258
47,2016,yuba river,interpolated,interpolated,yuba river,temperature,mean,11.43409549940948
47,2016,yuba river,interpolated,interpolated,yuba river,temperature,min,10.26231544433423
48,2016,yuba river,interpolated,interpolated,yuba river,temperature,max,11.648921568403908
48,2016,yuba river,interpolated,interpolated,yuba river,temperature,mean,10.660076970188157
48,2016,yuba river,interpolated,interpolated,yuba river,temperature,min,9.486438619877775
49,2016,yuba river,interpolated,interpolated,yuba river,temperature,max,10.468056401185038
49,2016,yuba river,interpolated,interpolated,yuba river,temperature,mean,9.629694796339948
49,2016,yuba river,interpolated,interpolated,yuba river,temperature,min,8.599853813669865
50,2016,yuba river,interpolated,interpolated,yuba river,temperature,max,13.289594742102109
50,2016,yuba river,interpolated,interpolated,yuba river,temperature,mean,11.587275101246462
50,2016,yuba river,interpolated,interpolated,yuba river,temperature,min,9.652073007556703
51,2016,yuba river,interpolated,interpolated,yuba river,temperature,max,13.027177556722176
51,2016,yuba river,interpolated,interpolated,yuba river,temperature,mean,10.883977577439452
51,2016,yuba river,interpolated,interpolated,yuba river,temperature,min,9.70680206658498
52,2016,yuba river,interpolated,interpolated,yuba river,temperature,max,11.190257259062642
52,2016,yuba river,interpolated,interpolated,yuba river,temperature,mean,9.827075026560875
52,2016,yuba river,interpolated,interpolated,yuba river,temperature,min,8.764764596051739
53,2016,yuba river,interpolated,interpolated,yuba river,temperature,max,10.79678965187354
53,2016,yuba river,interpolated,interpolated,yuba river,temperature,mean,10.076482306035848
53,2016,yuba river,interpolated,interpolated,yuba river,temperature,min,9.31837028710876
1,2017,yuba river,interpolated,interpolated,yuba river,temperature,max,11.321843028468354
1,2017,yuba river,interpolated,interpolated,yuba river,temperature,mean,10.08278612939912
1,2017,yuba river,interpolated,interpolated,yuba river,temperature,min,9.152012294132778
2,2017,yuba river,interpolated,interpolated,yuba river,temperature,max,12.437243819736793
2,2017,yuba river,interpolated,interpolated,yuba river,temperature,mean,11.322591732136267
2,2017,yuba river,interpolated,interpolated,yuba river,temperature,min,10.369800093398814
3,2017,yuba river,interpolated,interpolated,yuba river,temperature,max,11.715845983254
3,2017,yuba river,interpolated,interpolated,yuba river,temperature,mean,11.235262455929183
3,2017,yuba river,interpolated,interpolated,yuba river,temperature,min,10.646274027428664
4,2017,yuba river,interpolated,interpolated,yuba river,temperature,max,11.781505031057725
4,2017,yuba river,interpolated,interpolated,yuba river,temperature,mean,10.89455509415689
4,2017,yuba river,interpolated,interpolated,yuba river,temperature,min,9.814944538646882
5,2017,yuba river,interpolated,interpolated,yuba river,temperature,max,11.91299346453679
5,2017,yuba river,interpolated,interpolated,yuba river,temperature,mean,10.9073077501698
5,2017,yuba river,interpolated,interpolated,yuba river,temperature,min,9.870265638372745
6,2017,yuba river,interpolated,interpolated,yuba river,temperature,max,12.372412127309545
6,2017,yuba river,interpolated,interpolated,yuba river,temperature,mean,11.587489894780285
6,2017,yuba river,interpolated,interpolated,yuba river,temperature,min,10.810987462911342
7,2017,yuba river,interpolated,interpolated,yuba river,temperature,max,12.635023984542766
7,2017,yuba river,interpolated,interpolated,yuba river,temperature,mean,11.595822487954798
7,2017,yuba river,interpolated,interpolated,yuba river,temperature,min,10.47860038845804
8,2017,yuba river,interpolated,interpolated,yuba river,temperature,max,12.372679801107818
8,2017,yuba river,interpolated,interpolated,yuba river,temperature,mean,11.232869802704169
8,2017,yuba river,interpolated,interpolated,yuba river,temperature,min,9.86855529857971
9,2017,yuba river,interpolated,interpolated,yuba river,temperature,max,12.044919909685756
9,2017,yuba river,interpolated,interpolated,yuba river,temperature,mean,10.81245630055441
9,2017,yuba river,interpolated,interpolated,yuba river,temperature,min,9.702065741004263
10,2017,yuba river,interpolated,interpolated,yuba river,temperature,max,13.422908224205752
10,2017,yuba river,interpolated,interpolated,yuba river,temperature,mean,11.360036560013059
10,2017,yuba river,interpolated,interpolated,yuba river,temperature,min,9.646349947480008
11,2017,yuba river,interpolated,interpolated,yuba river,temperature,max,14.013474644714323
11,2017,yuba river,interpolated,interpolated,yuba river,temperature,mean,12.641347250645206
11,2017,yuba river,interpolated,interpolated,yuba river,temperature,min,11.141335286072946
12,2017,yuba river,interpolated,interpolated,yuba river,temperature,max,13.423151564022364
12,2017,yuba river,interpolated,interpolated,yuba river,temperature,mean,12.128112428889162
12,2017,yuba river,interpolated,interpolated,yuba river,temperature,min,10.586808642819674
13,2017,yuba river,interpolated,interpolated,yuba river,temperature,max,13.620201709378508
13,2017,yuba river,interpolated,interpolated,yuba river,temperature,mean,12.078984205164545
13,2017,yuba river,interpolated,interpolated,yuba river,temperature,min,10.586282384421818
14,2017,yuba river,interpolated,interpolated,yuba river,temperature,max,14.341988889567876
14,2017,yuba river,interpolated,interpolated,yuba river,temperature,mean,12.409981385541862
14,2017,yuba river,interpolated,interpolated,yuba river,temperature,min,10.58575612602396
15,2017,yuba river,interpolated,interpolated,yuba river,temperature,max,13.09558634445359
15,2017,yuba river,interpolated,interpolated,yuba river,temperature,mean,11.742044364442007
15,2017,yuba river,interpolated,interpolated,yuba river,temperature,min,10.253040140072
16,2017,yuba river,interpolated,interpolated,yuba river,temperature,max,13.883154242354983
16,2017,yuba river,interpolated,interpolated,yuba river,temperature,mean,12.559248457042726
16,2017,yuba river,interpolated,interpolated,yuba river,temperature,min,11.415704186511366
17,2017,yuba river,interpolated,interpolated,yuba river,temperature,max,14.342597239109402
17,2017,yuba river,interpolated,interpolated,yuba river,temperature,mean,12.903505825935225
17,2017,yuba river,interpolated,interpolated,yuba river,temperature,min,11.359791046087915
18,2017,yuba river,interpolated,interpolated,yuba river,temperature,max,16.704741251235376
18,2017,yuba river,interpolated,interpolated,yuba river,temperature,mean,14.472120601063018
18,2017,yuba river,interpolated,interpolated,yuba river,temperature,min,12.079754730120916
19,2017,yuba river,interpolated,interpolated,yuba river,temperature,max,16.31122497608295
19,2017,yuba river,interpolated,interpolated,yuba river,temperature,mean,14.162208669873124
19,2017,yuba river,interpolated,interpolated,yuba river,temperature,min,11.801965150096423
20,2017,yuba river,interpolated,interpolated,yuba river,temperature,max,16.31146831589956
20,2017,yuba river,interpolated,interpolated,yuba river,temperature,mean,13.454491083227717
20,2017,yuba river,interpolated,interpolated,yuba river,temperature,min,11.414191193617528
21,2017,yuba river,interpolated,interpolated,yuba river,temperature,max,17.49255248895338
21,2017,yuba river,interpolated,interpolated,yuba river,temperature,mean,15.345770445558315
21,2017,yuba river,interpolated,interpolated,yuba river,temperature,min,13.074942484488858
22,2017,yuba river,interpolated,interpolated,yuba river,temperature,max,18.01765453351152
22,2017,yuba river,interpolated,interpolated,yuba river,temperature,mean,16.00827233881522
22,2017,yuba river,interpolated,interpolated,yuba river,temperature,min,13.628745522445076
23,2017,yuba river,interpolated,interpolated,yuba river,temperature,max,18.21458300895936
23,2017,yuba river,interpolated,interpolated,yuba river,temperature,mean,15.87516292116111
23,2017,yuba river,interpolated,interpolated,yuba river,temperature,min,13.517116588497366
24,2017,yuba river,interpolated,interpolated,yuba river,temperature,max,20.05194131828879
24,2017,yuba river,interpolated,interpolated,yuba river,temperature,mean,15.81277450892131
24,2017,yuba river,interpolated,interpolated,yuba river,temperature,min,12.796889775265436
25,2017,yuba river,interpolated,interpolated,yuba river,temperature,max,22.479695710255164
25,2017,yuba river,interpolated,interpolated,yuba river,temperature,mean,19.71518246272143
25,2017,yuba river,interpolated,interpolated,yuba river,temperature,min,16.009000021251282
26,2017,yuba river,interpolated,interpolated,yuba river,temperature,max,22.545330424077225
26,2017,yuba river,interpolated,interpolated,yuba river,temperature,mean,19.290348897733278
26,2017,yuba river,interpolated,interpolated,yuba river,temperature,min,16.451437254458718
27,2017,yuba river,interpolated,interpolated,yuba river,temperature,max,21.430124304662076
27,2017,yuba river,interpolated,interpolated,yuba river,temperature,mean,18.865515332745126
27,2017,yuba river,interpolated,interpolated,yuba river,temperature,min,16.118589703907293
28,2017,yuba river,interpolated,interpolated,yuba river,temperature,max,21.10238874722167
28,2017,yuba river,interpolated,interpolated,yuba river,temperature,mean,18.719145726575828
28,2017,yuba river,interpolated,interpolated,yuba river,temperature,min,16.062808128083304
29,2017,yuba river,interpolated,interpolated,yuba river,temperature,max,21.23363384088413
29,2017,yuba river,interpolated,interpolated,yuba river,temperature,mean,18.44459429809309
29,2017,yuba river,interpolated,interpolated,yuba river,temperature,min,15.619186813480688
30,2017,yuba river,interpolated,interpolated,yuba river,temperature,max,21.03709470914287
30,2017,yuba river,interpolated,interpolated,yuba river,temperature,mean,18.735810912924855
30,2017,yuba river,interpolated,interpolated,yuba river,temperature,min,16.17259515763851
31,2017,yuba river,interpolated,interpolated,yuba river,temperature,max,21.89015131697636
31,2017,yuba river,interpolated,interpolated,yuba river,temperature,mean,19.420413120373738
31,2017,yuba river,interpolated,interpolated,yuba river,temperature,min,16.283171574790508
32,2017,yuba river,interpolated,interpolated,yuba river,temperature,max,21.299803902302735
32,2017,yuba river,interpolated,interpolated,yuba river,temperature,mean,19.16796200608297
32,2017,yuba river,interpolated,interpolated,yuba river,temperature,min,16.72554302569821
33,2017,yuba river,interpolated,interpolated,yuba river,temperature,max,21.300071576101004
33,2017,yuba river,interpolated,interpolated,yuba river,temperature,mean,18.87573032624665
33,2017,yuba river,interpolated,interpolated,yuba river,temperature,min,16.337505940020385
34,2017,yuba river,interpolated,interpolated,yuba river,temperature,max,21.431316669763465
34,2017,yuba river,interpolated,interpolated,yuba river,temperature,mean,19.02550493024979
34,2017,yuba river,interpolated,interpolated,yuba river,temperature,min,16.281395452697737
35,2017,yuba river,interpolated,interpolated,yuba river,temperature,max,20.972263016715623
35,2017,yuba river,interpolated,interpolated,yuba river,temperature,mean,18.733273250413475
35,2017,yuba river,interpolated,interpolated,yuba river,temperature,min,16.281000758899346
36,2017,yuba river,interpolated,interpolated,yuba river,temperature,max,21.4317303474517
36,2017,yuba river,interpolated,interpolated,yuba river,temperature,mean,19.134991436205105
36,2017,yuba river,interpolated,interpolated,yuba river,temperature,min,16.66818267468065
37,2017,yuba river,interpolated,interpolated,yuba river,temperature,max,20.710162173097284
37,2017,yuba river,interpolated,interpolated,yuba river,temperature,mean,18.427273849559697
37,2017,yuba river,interpolated,interpolated,yuba river,temperature,min,15.504597676045034
38,2017,yuba river,interpolated,interpolated,yuba river,temperature,max,18.67636206795323
38,2017,yuba river,interpolated,interpolated,yuba river,temperature,mean,15.951531127556468
38,2017,yuba river,interpolated,interpolated,yuba river,temperature,min,13.011727508795136
39,2017,yuba river,interpolated,interpolated,yuba river,temperature,max,17.036370245741537
39,2017,yuba river,interpolated,interpolated,yuba river,temperature,mean,15.120051781436015
39,2017,yuba river,interpolated,interpolated,yuba river,temperature,min,12.956209062170078
40,2017,yuba river,interpolated,interpolated,yuba river,temperature,max,16.380339449282538
40,2017,yuba river,interpolated,interpolated,yuba river,temperature,mean,14.262052058285192
40,2017,yuba river,interpolated,interpolated,yuba river,temperature,min,12.34622975459148
41,2017,yuba river,interpolated,interpolated,yuba river,temperature,max,15.52757484922898
41,2017,yuba river,interpolated,interpolated,yuba river,temperature,mean,13.386372083780794
41,2017,yuba river,interpolated,interpolated,yuba river,temperature,min,11.404126501758508
42,2017,yuba river,interpolated,interpolated,yuba river,temperature,max,14.21561059223762
42,2017,yuba river,interpolated,interpolated,yuba river,temperature,mean,12.873137262024748
42,2017,yuba river,interpolated,interpolated,yuba river,temperature,min,11.514439789711574
43,2017,yuba river,interpolated,interpolated,yuba river,temperature,max,15.396792101218084
43,2017,yuba river,interpolated,interpolated,yuba river,temperature,mean,13.76106236003978
43,2017,yuba river,interpolated,interpolated,yuba river,temperature,min,11.514374007411842
44,2017,yuba river,interpolated,interpolated,yuba river,temperature,max,15.134423583801471
44,2017,yuba river,interpolated,interpolated,yuba river,temperature,mean,13.402529737627544
44,2017,yuba river,interpolated,interpolated,yuba river,temperature,min,12.067387657771272
45,2017,yuba river,interpolated,interpolated,yuba river,temperature,max,13.4944804295531
45,2017,yuba river,interpolated,interpolated,yuba river,temperature,mean,12.35446731242576
45,2017,yuba river,interpolated,interpolated,yuba river,temperature,min,10.904065788334584
46,2017,yuba river,interpolated,interpolated,yuba river,temperature,max,13.232160580099812
46,2017,yuba river,interpolated,interpolated,yuba river,temperature,mean,12.062235632589442
46,2017,yuba river,interpolated,interpolated,yuba river,temperature,min,10.23869959873039
47,2017,yuba river,interpolated,interpolated,yuba river,temperature,max,13.29798996577516
47,2017,yuba river,interpolated,interpolated,yuba river,temperature,mean,11.89376571222817
47,2017,yuba river,interpolated,interpolated,yuba river,temperature,min,9.906312524277087
48,2017,yuba river,interpolated,interpolated,yuba river,temperature,max,13.29801429975682
48,2017,yuba river,interpolated,interpolated,yuba river,temperature,mean,11.354010513441759
48,2017,yuba river,interpolated,interpolated,yuba river,temperature,min,9.960844236406166
49,2017,yuba river,interpolated,interpolated,yuba river,temperature,max,11.264262862576093
49,2017,yuba river,interpolated,interpolated,yuba river,temperature,mean,9.740180044925468
49,2017,yuba river,interpolated,interpolated,yuba river,temperature,min,8.686682820618554
50,2017,yuba river,interpolated,interpolated,yuba river,temperature,max,10.411644266412502
50,2017,yuba river,interpolated,interpolated,yuba river,temperature,mean,9.540769684695437
50,2017,yuba river,interpolated,interpolated,yuba river,temperature,min,8.630835462494833
51,2017,yuba river,interpolated,interpolated,yuba river,temperature,max,10.280447840713366
51,2017,yuba river,interpolated,interpolated,yuba river,temperature,mean,9.239697879182332
51,2017,yuba river,interpolated,interpolated,yuba river,temperature,min,8.297922129643673
52,2017,yuba river,interpolated,interpolated,yuba river,temperature,max,10.14944608686752
52,2017,yuba river,interpolated,interpolated,yuba river,temperature,mean,9.332011666286341
52,2017,yuba river,interpolated,interpolated,yuba river,temperature,min,8.574396063673523
53,2017,yuba river,interpolated,interpolated,yuba river,temperature,max,10.018346997095026
53,2017,yuba river,interpolated,interpolated,yuba river,temperature,mean,9.384762401774347
53,2017,yuba river,interpolated,interpolated,yuba river,temperature,min,8.795812027176439
1,2018,yuba river,interpolated,interpolated,yuba river,temperature,max,12.44607705507974
1,2018,yuba river,interpolated,interpolated,yuba river,temperature,mean,10.803312554326272
1,2018,yuba river,interpolated,interpolated,yuba river,temperature,min,9.183454419055872
2,2018,yuba river,interpolated,interpolated,yuba river,temperature,max,12.839812336067114
2,2018,yuba river,interpolated,interpolated,yuba river,temperature,mean,11.479074636098364
2,2018,yuba river,interpolated,interpolated,yuba river,temperature,min,10.179563125620064
3,2018,yuba river,interpolated,interpolated,yuba river,temperature,max,12.643175868399206
3,2018,yuba river,interpolated,interpolated,yuba river,temperature,mean,11.182422893423652
3,2018,yuba river,interpolated,interpolated,yuba river,temperature,min,9.348299419138014
4,2018,yuba river,interpolated,interpolated,yuba river,temperature,max,11.528067084910704
4,2018,yuba river,interpolated,interpolated,yuba river,temperature,mean,10.576366752061322
4,2018,yuba river,interpolated,interpolated,yuba river,temperature,min,9.735547117219053
5,2018,yuba river,interpolated,interpolated,yuba river,temperature,max,12.7748346397499
5,2018,yuba river,interpolated,interpolated,yuba river,temperature,mean,11.031125691913687
5,2018,yuba river,interpolated,interpolated,yuba river,temperature,min,9.735349770319855
6,2018,yuba river,interpolated,interpolated,yuba river,temperature,max,12.90607973341236
6,2018,yuba river,interpolated,interpolated,yuba river,temperature,mean,11.216260798623981
6,2018,yuba river,interpolated,interpolated,yuba river,temperature,min,9.513078636920422
7,2018,yuba river,interpolated,interpolated,yuba river,temperature,max,11.397333004863125
7,2018,yuba river,interpolated,interpolated,yuba river,temperature,mean,9.920674854472098
7,2018,yuba river,interpolated,interpolated,yuba river,temperature,min,8.681946495037838
8,2018,yuba river,interpolated,interpolated,yuba river,temperature,max,10.741277874422462
8,2018,yuba river,interpolated,interpolated,yuba river,temperature,mean,8.704650041411318
8,2018,yuba river,interpolated,interpolated,yuba river,temperature,min,7.518295714102488
9,2018,yuba river,interpolated,interpolated,yuba river,temperature,max,10.47915269682246
9,2018,yuba river,interpolated,interpolated,yuba river,temperature,mean,9.19476948397084
9,2018,yuba river,interpolated,interpolated,yuba river,temperature,min,7.795032777331266
10,2018,yuba river,interpolated,interpolated,yuba river,temperature,max,12.775686329108035
10,2018,yuba river,interpolated,interpolated,yuba river,temperature,mean,10.613102122593219
10,2018,yuba river,interpolated,interpolated,yuba river,temperature,min,8.348506903788822
11,2018,yuba river,interpolated,interpolated,yuba river,temperature,max,13.366204081653288
11,2018,yuba river,interpolated,interpolated,yuba river,temperature,mean,10.899898674586588
11,2018,yuba river,interpolated,interpolated,yuba river,temperature,min,9.178454964276227
12,2018,yuba river,interpolated,interpolated,yuba river,temperature,max,12.579122863385113
12,2018,yuba river,interpolated,interpolated,yuba river,temperature,mean,11.107134095488856
12,2018,yuba river,interpolated,interpolated,yuba river,temperature,min,9.621484238181257
13,2018,yuba river,interpolated,interpolated,yuba river,temperature,max,14.022794559690492
13,2018,yuba river,interpolated,interpolated,yuba river,temperature,mean,12.11440089014054
13,2018,yuba river,interpolated,interpolated,yuba river,temperature,min,9.73179752613432
14,2018,yuba river,interpolated,interpolated,yuba river,temperature,max,14.088429273512553
14,2018,yuba river,interpolated,interpolated,yuba river,temperature,mean,12.613360458376851
14,2018,yuba river,interpolated,interpolated,yuba river,temperature,min,11.17133020040193
15,2018,yuba river,interpolated,interpolated,yuba river,temperature,max,14.023110901452084
15,2018,yuba river,interpolated,interpolated,yuba river,temperature,mean,12.215047270419065
15,2018,yuba river,interpolated,interpolated,yuba river,temperature,min,10.229095382969495
16,2018,yuba river,interpolated,interpolated,yuba river,temperature,max,15.401123549953745
16,2018,yuba river,interpolated,interpolated,yuba river,temperature,mean,12.378082062937388
16,2018,yuba river,interpolated,interpolated,yuba river,temperature,min,10.339606017821758
17,2018,yuba river,interpolated,interpolated,yuba river,temperature,max,16.582207723007564
17,2018,yuba river,interpolated,interpolated,yuba river,temperature,mean,14.30472192797514
17,2018,yuba river,interpolated,interpolated,yuba river,temperature,min,12.277357501120791
18,2018,yuba river,interpolated,interpolated,yuba river,temperature,max,16.713671822504967
18,2018,yuba river,interpolated,interpolated,yuba river,temperature,mean,14.206973013028183
18,2018,yuba river,interpolated,interpolated,yuba river,temperature,min,11.72335711626538
19,2018,yuba river,interpolated,interpolated,yuba river,temperature,max,17.63229014221553
19,2018,yuba river,interpolated,interpolated,yuba river,temperature,mean,15.25402037322542
19,2018,yuba river,interpolated,interpolated,yuba river,temperature,min,12.99646601525728
20,2018,yuba river,interpolated,interpolated,yuba river,temperature,max,18.026195761074533
20,2018,yuba river,interpolated,interpolated,yuba river,temperature,mean,15.629218181986682
20,2018,yuba river,interpolated,interpolated,yuba river,temperature,min,13.384108407136711
21,2018,yuba river,interpolated,interpolated,yuba river,temperature,max,18.157538190663637
21,2018,yuba river,interpolated,interpolated,yuba river,temperature,mean,15.668491215029954
21,2018,yuba river,interpolated,interpolated,yuba river,temperature,min,13.050931945086624
22,2018,yuba river,interpolated,interpolated,yuba river,temperature,max,19.535599507128616
22,2018,yuba river,interpolated,interpolated,yuba river,temperature,mean,16.498955496145857
22,2018,yuba river,interpolated,interpolated,yuba river,temperature,min,13.60473498304284
23,2018,yuba river,interpolated,interpolated,yuba river,temperature,max,19.994896499993068
23,2018,yuba river,interpolated,interpolated,yuba river,temperature,mean,17.059795944119692
23,2018,yuba river,interpolated,interpolated,yuba river,temperature,min,14.102361751376677
24,2018,yuba river,interpolated,interpolated,yuba river,temperature,max,20.126360599490475
24,2018,yuba river,interpolated,interpolated,yuba river,temperature,mean,17.426153627204165
24,2018,yuba river,interpolated,interpolated,yuba river,temperature,min,13.880748440974564
25,2018,yuba river,interpolated,interpolated,yuba river,temperature,max,21.045149257072666
25,2018,yuba river,interpolated,interpolated,yuba river,temperature,mean,18.128436086006623
25,2018,yuba river,interpolated,interpolated,yuba river,temperature,min,15.209573133490718
26,2018,yuba river,interpolated,interpolated,yuba river,temperature,max,21.373371494146287
26,2018,yuba river,interpolated,interpolated,yuba river,temperature,mean,18.835138607647476
26,2018,yuba river,interpolated,interpolated,yuba river,temperature,min,16.205747622354643
27,2018,yuba river,interpolated,interpolated,yuba river,temperature,max,21.63583734748954
27,2018,yuba river,interpolated,interpolated,yuba river,temperature,mean,18.63130818457905
27,2018,yuba river,interpolated,interpolated,yuba river,temperature,min,15.596031443974972
28,2018,yuba river,interpolated,interpolated,yuba river,temperature,max,21.89859520861273
28,2018,yuba river,interpolated,interpolated,yuba river,temperature,mean,18.865063982511685
28,2018,yuba river,interpolated,interpolated,yuba river,temperature,min,15.817447407477887
29,2018,yuba river,interpolated,interpolated,yuba river,temperature,max,22.35796520342216
29,2018,yuba river,interpolated,interpolated,yuba river,temperature,mean,19.965152096769657
29,2018,yuba river,interpolated,interpolated,yuba river,temperature,min,17.25671695254657
30,2018,yuba river,interpolated,interpolated,yuba river,temperature,max,22.68616310651412
30,2018,yuba river,interpolated,interpolated,yuba river,temperature,mean,20.09282638658082
30,2018,yuba river,interpolated,interpolated,yuba river,temperature,min,17.422351340225497
31,2018,yuba river,interpolated,interpolated,yuba river,temperature,max,21.308515467737376
31,2018,yuba river,interpolated,interpolated,yuba river,temperature,mean,18.916582139065593
31,2018,yuba river,interpolated,interpolated,yuba river,temperature,min,16.369540105641068
32,2018,yuba river,interpolated,interpolated,yuba river,temperature,max,20.915072194529937
32,2018,yuba river,interpolated,interpolated,yuba river,temperature,mean,18.53594920246139
32,2018,yuba river,interpolated,interpolated,yuba river,temperature,min,15.981766149162173
33,2018,yuba river,interpolated,interpolated,yuba river,temperature,max,21.04646329208236
33,2018,yuba river,interpolated,interpolated,yuba river,temperature,mean,18.79622537742439
33,2018,yuba river,interpolated,interpolated,yuba river,temperature,min,16.36901384724321
34,2018,yuba river,interpolated,interpolated,yuba river,temperature,max,20.78409477466575
34,2018,yuba river,interpolated,interpolated,yuba river,temperature,mean,17.92938552859678
34,2018,yuba river,interpolated,interpolated,yuba river,temperature,min,15.42664746521131
35,2018,yuba river,interpolated,interpolated,yuba river,temperature,max,19.800255418821365
35,2018,yuba river,interpolated,interpolated,yuba river,temperature,mean,17.570852906184545
35,2018,yuba river,interpolated,interpolated,yuba river,temperature,min,15.315742136560658
36,2018,yuba river,interpolated,interpolated,yuba river,temperature,max,19.99713522630588
36,2018,yuba river,interpolated,interpolated,yuba river,temperature,mean,17.848809332501126
36,2018,yuba river,interpolated,interpolated,yuba river,temperature,min,15.481047612740923
37,2018,yuba river,interpolated,interpolated,yuba river,temperature,max,19.209956672111066
37,2018,yuba river,interpolated,interpolated,yuba river,temperature,mean,16.548803325510846
37,2018,yuba river,interpolated,interpolated,yuba river,temperature,min,13.652820029798168
38,2018,yuba river,interpolated,interpolated,yuba river,temperature,max,17.57001351786269
38,2018,yuba river,interpolated,interpolated,yuba river,temperature,mean,15.620082596945714
38,2018,yuba river,interpolated,interpolated,yuba river,temperature,min,13.541783136548048
39,2018,yuba river,interpolated,interpolated,yuba river,temperature,max,17.832625375095915
39,2018,yuba river,interpolated,interpolated,yuba river,temperature,mean,15.889198897585507
39,2018,yuba river,interpolated,interpolated,yuba river,temperature,min,13.818388635177364
40,2018,yuba river,interpolated,interpolated,yuba river,temperature,max,18.02950518258043
40,2018,yuba river,interpolated,interpolated,yuba river,temperature,mean,15.866591050891259
40,2018,yuba river,interpolated,interpolated,yuba river,temperature,min,13.374504191375816
41,2018,yuba river,interpolated,interpolated,yuba river,temperature,max,15.930192033522626
41,2018,yuba river,interpolated,interpolated,yuba river,temperature,mean,14.23201278139049
41,2018,yuba river,interpolated,interpolated,yuba river,temperature,min,12.487853602868173
42,2018,yuba river,interpolated,interpolated,yuba river,temperature,max,14.946279675733257
42,2018,yuba river,interpolated,interpolated,yuba river,temperature,mean,13.458078840919544
42,2018,yuba river,interpolated,interpolated,yuba river,temperature,min,11.93385321801276
43,2018,yuba river,interpolated,interpolated,yuba river,temperature,max,14.815229253924088
43,2018,yuba river,interpolated,interpolated,yuba river,temperature,mean,13.394253326721872
43,2018,yuba river,interpolated,interpolated,yuba river,temperature,min,11.93326117731517
44,2018,yuba river,interpolated,interpolated,yuba river,temperature,max,14.81525358790575
44,2018,yuba river,interpolated,interpolated,yuba river,temperature,mean,13.093181521208765
44,2018,yuba river,interpolated,interpolated,yuba river,temperature,min,11.545158309337612
45,2018,yuba river,interpolated,interpolated,yuba river,temperature,max,13.831268228171396
45,2018,yuba river,interpolated,interpolated,yuba river,temperature,mean,11.386529733086189
45,2018,yuba river,interpolated,interpolated,yuba river,temperature,min,9.605893833144735
46,2018,yuba river,interpolated,interpolated,yuba river,temperature,max,11.07594861663625
46,2018,yuba river,interpolated,interpolated,yuba river,temperature,mean,10.099783914611095
46,2018,yuba river,interpolated,interpolated,yuba river,temperature,min,9.38414895814316
47,2018,yuba river,interpolated,interpolated,yuba river,temperature,max,12.650768070677444
47,2018,yuba river,interpolated,interpolated,yuba river,temperature,mean,11.2529127829298
47,2018,yuba river,interpolated,interpolated,yuba river,temperature,min,9.49459381069569
48,2018,yuba river,interpolated,interpolated,yuba river,temperature,max,12.650865406604089
48,2018,yuba river,interpolated,interpolated,yuba river,temperature,mean,11.570649774791931
48,2018,yuba river,interpolated,interpolated,yuba river,temperature,min,9.826059932952742
49,2018,yuba river,interpolated,interpolated,yuba river,temperature,max,10.94516586862535
49,2018,yuba river,interpolated,interpolated,yuba river,temperature,mean,10.076161002912293
49,2018,yuba river,interpolated,interpolated,yuba river,temperature,min,9.271730636598669
50,2018,yuba river,interpolated,interpolated,yuba river,temperature,max,12.38883756493073
50,2018,yuba river,interpolated,interpolated,yuba river,temperature,mean,10.270136235299379
50,2018,yuba river,interpolated,interpolated,yuba river,temperature,min,9.105306861322957
51,2018,yuba river,interpolated,interpolated,yuba river,temperature,max,12.454472278752789
51,2018,yuba river,interpolated,interpolated,yuba river,temperature,mean,11.31276353265822
51,2018,yuba river,interpolated,interpolated,yuba river,temperature,min,10.101678697086072
52,2018,yuba river,interpolated,interpolated,yuba river,temperature,max,11.601732012680896
52,2018,yuba river,interpolated,interpolated,yuba river,temperature,mean,9.911096080384867
52,2018,yuba river,interpolated,interpolated,yuba river,temperature,min,8.550319741971558
53,2018,yuba river,interpolated,interpolated,yuba river,temperature,max,9.699177001199304
53,2018,yuba river,interpolated,interpolated,yuba river,temperature,mean,9.07983424819396
53,2018,yuba river,interpolated,interpolated,yuba river,temperature,min,8.550253959671826
1,2019,yuba river,interpolated,interpolated,yuba river,temperature,max,11.1427756955597
1,2019,yuba river,interpolated,interpolated,yuba river,temperature,mean,9.185625737742702
1,2019,yuba river,interpolated,interpolated,yuba river,temperature,min,7.940800910491085
2,2019,yuba river,interpolated,interpolated,yuba river,temperature,max,11.995783635429865
2,2019,yuba river,interpolated,interpolated,yuba river,temperature,mean,10.922202900729488
2,2019,yuba river,interpolated,interpolated,yuba river,temperature,min,9.546296883936284
3,2019,yuba river,interpolated,interpolated,yuba river,temperature,max,12.58652039381006
3,2019,yuba river,interpolated,interpolated,yuba river,temperature,mean,11.359281589228274
3,2019,yuba river,interpolated,interpolated,yuba river,temperature,min,9.989326157841312
4,2019,yuba river,interpolated,interpolated,yuba river,temperature,max,11.864976553437304
4,2019,yuba river,interpolated,interpolated,yuba river,temperature,mean,10.620623562714107
4,2019,yuba river,interpolated,interpolated,yuba river,temperature,min,9.76712080674161
5,2019,yuba river,interpolated,interpolated,yuba river,temperature,max,12.324346548246735
5,2019,yuba river,interpolated,interpolated,yuba river,temperature,mean,11.402467152607668
5,2019,yuba river,interpolated,interpolated,yuba river,temperature,min,10.320331804000237
6,2019,yuba river,interpolated,interpolated,yuba river,temperature,max,11.012284955328733
6,2019,yuba river,interpolated,interpolated,yuba river,temperature,mean,9.903558317889637
6,2019,yuba river,interpolated,interpolated,yuba river,temperature,min,8.82442551321105
7,2019,yuba river,interpolated,interpolated,yuba river,temperature,max,11.799804185266805
7,2019,yuba river,interpolated,interpolated,yuba river,temperature,mean,10.415778074641128
7,2019,yuba river,interpolated,interpolated,yuba river,temperature,min,9.045907259013696
8,2019,yuba river,interpolated,interpolated,yuba river,temperature,max,11.340799200182284
8,2019,yuba river,interpolated,interpolated,yuba river,temperature,mean,9.977684321137792
8,2019,yuba river,interpolated,interpolated,yuba river,temperature,min,8.823636125614264
9,2019,yuba river,interpolated,interpolated,yuba river,temperature,max,12.325003565751585
9,2019,yuba river,interpolated,interpolated,yuba river,temperature,mean,11.510938593558429
9,2019,yuba river,interpolated,interpolated,yuba river,temperature,min,10.651008538660504
10,2019,yuba river,interpolated,interpolated,yuba river,temperature,max,12.25968519369112
10,2019,yuba river,interpolated,interpolated,yuba river,temperature,mean,11.33362854752037
10,2019,yuba river,interpolated,interpolated,yuba river,temperature,min,10.262642541484018
11,2019,yuba river,interpolated,interpolated,yuba river,temperature,max,13.112790469487926
11,2019,yuba river,interpolated,interpolated,yuba river,temperature,mean,11.324280889341305
11,2019,yuba river,interpolated,interpolated,yuba river,temperature,min,9.87480280270539
12,2019,yuba river,interpolated,interpolated,yuba river,temperature,max,12.850421952071317
12,2019,yuba river,interpolated,interpolated,yuba river,temperature,mean,11.496155807536416
12,2019,yuba river,interpolated,interpolated,yuba river,temperature,min,10.15101360753631
13,2019,yuba river,interpolated,interpolated,yuba river,temperature,max,13.11310681124952
13,2019,yuba river,interpolated,interpolated,yuba river,temperature,mean,11.791792485206576
13,2019,yuba river,interpolated,interpolated,yuba river,temperature,min,10.593713969942677
14,2019,yuba river,interpolated,interpolated,yuba river,temperature,max,13.310108288642343
14,2019,yuba river,interpolated,interpolated,yuba river,temperature,mean,12.246551425058941
14,2019,yuba river,interpolated,interpolated,yuba river,temperature,min,11.36866984220288
15,2019,yuba river,interpolated,interpolated,yuba river,temperature,max,13.375864672372709
15,2019,yuba river,interpolated,interpolated,yuba river,temperature,mean,11.954319745222623
15,2019,yuba river,interpolated,interpolated,yuba river,temperature,min,10.371442836543244
16,2019,yuba river,interpolated,interpolated,yuba river,temperature,max,14.622583559248586
16,2019,yuba river,interpolated,interpolated,yuba river,temperature,mean,12.868765220268022
16,2019,yuba river,interpolated,interpolated,yuba river,temperature,min,11.035690727051987
17,2019,yuba river,interpolated,interpolated,yuba river,temperature,max,15.2788576955242
17,2019,yuba river,interpolated,interpolated,yuba river,temperature,mean,13.853931700727735
17,2019,yuba river,interpolated,interpolated,yuba river,temperature,min,12.19835477349136
18,2019,yuba river,interpolated,interpolated,yuba river,temperature,max,15.082294229801276
18,2019,yuba river,interpolated,interpolated,yuba river,temperature,mean,13.17715455395109
18,2019,yuba river,interpolated,interpolated,yuba river,temperature,min,11.477799048760769
19,2019,yuba river,interpolated,interpolated,yuba river,temperature,max,16.00098555145682
19,2019,yuba river,interpolated,interpolated,yuba river,temperature,mean,14.038559274935754
19,2019,yuba river,interpolated,interpolated,yuba river,temperature,min,12.252557574121774
20,2019,yuba river,interpolated,interpolated,yuba river,temperature,max,14.885657762133368
20,2019,yuba river,interpolated,interpolated,yuba river,temperature,mean,12.658992136854375
20,2019,yuba river,interpolated,interpolated,yuba river,temperature,min,11.088841010886693
21,2019,yuba river,interpolated,interpolated,yuba river,temperature,max,15.345198094814428
21,2019,yuba river,interpolated,interpolated,yuba river,temperature,mean,13.091650762514766
21,2019,yuba river,interpolated,interpolated,yuba river,temperature,min,11.254870092364012
22,2019,yuba river,interpolated,interpolated,yuba river,temperature,max,17.11689735634014
22,2019,yuba river,interpolated,interpolated,yuba river,temperature,mean,14.563024155197878
22,2019,yuba river,interpolated,interpolated,yuba river,temperature,min,12.140665510975138
23,2019,yuba river,interpolated,interpolated,yuba river,temperature,max,17.641950732934955
23,2019,yuba river,interpolated,interpolated,yuba river,temperature,mean,15.459789378889699
23,2019,yuba river,interpolated,interpolated,yuba river,temperature,min,12.915358254036413
24,2019,yuba river,interpolated,interpolated,yuba river,temperature,max,19.676042845858937
24,2019,yuba river,interpolated,interpolated,yuba river,temperature,mean,16.882542080350472
24,2019,yuba river,interpolated,interpolated,yuba river,temperature,min,14.29983295777709
25,2019,yuba river,interpolated,interpolated,yuba river,temperature,max,19.610481133981864
25,2019,yuba river,interpolated,interpolated,yuba river,temperature,mean,17.125138003959897
25,2019,yuba river,interpolated,interpolated,yuba river,temperature,min,14.46526999855682
26,2019,yuba river,interpolated,interpolated,yuba river,temperature,max,18.495275014566715
26,2019,yuba river,interpolated,interpolated,yuba river,temperature,mean,16.43510066866807
26,2019,yuba river,interpolated,interpolated,yuba river,temperature,min,14.021714466253936
27,2019,yuba river,interpolated,interpolated,yuba river,temperature,max,19.80775028517296
27,2019,yuba river,interpolated,interpolated,yuba river,temperature,mean,17.243464635591998
27,2019,yuba river,interpolated,interpolated,yuba river,temperature,min,14.464612175559498
28,2019,yuba river,interpolated,interpolated,yuba river,temperature,max,20.7264416068285
28,2019,yuba river,interpolated,interpolated,yuba river,temperature,mean,17.959007282909642
28,2019,yuba river,interpolated,interpolated,yuba river,temperature,min,15.184115383494376
29,2019,yuba river,interpolated,interpolated,yuba river,temperature,max,20.923394416258
29,2019,yuba river,interpolated,interpolated,yuba river,temperature,mean,18.484487228176317
29,2019,yuba river,interpolated,interpolated,yuba river,temperature,min,15.959137038054312
30,2019,yuba river,interpolated,interpolated,yuba river,temperature,max,21.186079275436207
30,2019,yuba river,interpolated,interpolated,yuba river,temperature,mean,18.466299444320462
30,2019,yuba river,interpolated,interpolated,yuba river,temperature,min,15.847705451005805
31,2019,yuba river,interpolated,interpolated,yuba river,temperature,max,20.661366574584644
31,2019,yuba river,interpolated,interpolated,yuba river,temperature,mean,18.21826839286809
31,2019,yuba river,interpolated,interpolated,yuba river,temperature,min,15.681084328830892
32,2019,yuba river,interpolated,interpolated,yuba river,temperature,max,20.464608437008433
32,2019,yuba river,interpolated,interpolated,yuba river,temperature,mean,17.674093131243286
32,2019,yuba river,interpolated,interpolated,yuba river,temperature,min,15.015783921526433
33,2019,yuba river,interpolated,interpolated,yuba river,temperature,max,20.98971048156657
33,2019,yuba river,interpolated,interpolated,yuba river,temperature,mean,18.43825646978327
33,2019,yuba river,interpolated,interpolated,yuba river,temperature,min,15.403426313405864
34,2019,yuba river,interpolated,interpolated,yuba river,temperature,max,21.383616100425577
34,2019,yuba river,interpolated,interpolated,yuba river,temperature,mean,18.649911953523933
34,2019,yuba river,interpolated,interpolated,yuba river,temperature,min,15.956768875263954
35,2019,yuba river,interpolated,interpolated,yuba river,temperature,max,21.44925081424763
35,2019,yuba river,interpolated,interpolated,yuba river,temperature,mean,18.78642636901189
35,2019,yuba river,interpolated,interpolated,yuba river,temperature,min,15.95597948766717
36,2019,yuba river,YR7,CDEC,yuba river,temperature,max,19.4
36,2019,yuba river,YR7,CDEC,yuba river,temperature,mean,17.32723214285714
36,2019,yuba river,YR7,CDEC,yuba river,temperature,min,15
37,2019,yuba river,YR7,CDEC,yuba river,temperature,max,19.1
37,2019,yuba river,YR7,CDEC,yuba river,temperature,mean,16.865178571428572
37,2019,yuba river,YR7,CDEC,yuba river,temperature,min,14.8
38,2019,yuba river,YR7,CDEC,yuba river,temperature,max,18.6
38,2019,yuba river,YR7,CDEC,yuba river,temperature,mean,16.227529761904762
38,2019,yuba river,YR7,CDEC,yuba river,temperature,min,14.2
39,2019,yuba river,YR7,CDEC,yuba river,temperature,max,19.8
39,2019,yuba river,YR7,CDEC,yuba river,temperature,mean,16.61577380952381
39,2019,yuba river,YR7,CDEC,yuba river,temperature,min,13.7
40,2019,yuba river,YR7,CDEC,yuba river,temperature,max,17.5
40,2019,yuba river,YR7,CDEC,yuba river,temperature,mean,15.327232142857143
40,2019,yuba river,YR7,CDEC,yuba river,temperature,min,13.2
41,2019,yuba river,YR7,CDEC,yuba river,temperature,max,17.1
41,2019,yuba river,YR7,CDEC,yuba river,temperature,mean,14.60282738095238
41,2019,yuba river,YR7,CDEC,yuba river,temperature,min,12.1
42,2019,yuba river,YR7,CDEC,yuba river,temperature,max,16.1
42,2019,yuba river,YR7,CDEC,yuba river,temperature,mean,14.380208333333334
42,2019,yuba river,YR7,CDEC,yuba river,temperature,min,12.8
43,2019,yuba river,YR7,CDEC,yuba river,temperature,max,15.9
43,2019,yuba river,YR7,CDEC,yuba river,temperature,mean,13.843154761904762
43,2019,yuba river,YR7,CDEC,yuba river,temperature,min,11.2
44,2019,yuba river,YR7,CDEC,yuba river,temperature,max,14
44,2019,yuba river,YR7,CDEC,yuba river,temperature,mean,12.281547619047618
44,2019,yuba river,YR7,CDEC,yuba river,temperature,min,10.5
45,2019,yuba river,YR7,CDEC,yuba river,temperature,max,14
45,2019,yuba river,YR7,CDEC,yuba river,temperature,mean,12.568452380952381
45,2019,yuba river,YR7,CDEC,yuba river,temperature,min,11.2
46,2019,yuba river,YR7,CDEC,yuba river,temperature,max,13.5
46,2019,yuba river,YR7,CDEC,yuba river,temperature,mean,12.333184523809523
46,2019,yuba river,YR7,CDEC,yuba river,temperature,min,11.1
47,2019,yuba river,YR7,CDEC,yuba river,temperature,max,13.2
47,2019,yuba river,YR7,CDEC,yuba river,temperature,mean,11.525
47,2019,yuba river,YR7,CDEC,yuba river,temperature,min,10
48,2019,yuba river,YR7,CDEC,yuba river,temperature,max,11.2
48,2019,yuba river,YR7,CDEC,yuba river,temperature,mean,9.932886904761904
48,2019,yuba river,YR7,CDEC,yuba river,temperature,min,9
49,2019,yuba river,YR7,CDEC,yuba river,temperature,max,11.9
49,2019,yuba river,YR7,CDEC,yuba river,temperature,mean,10.863095238095237
49,2019,yuba river,YR7,CDEC,yuba river,temperature,min,10.1
50,2019,yuba river,YR7,CDEC,yuba river,temperature,max,11.6
50,2019,yuba river,YR7,CDEC,yuba river,temperature,mean,10.540625
50,2019,yuba river,YR7,CDEC,yuba river,temperature,min,8.9
51,2019,yuba river,YR7,CDEC,yuba river,temperature,max,11.6
51,2019,yuba river,YR7,CDEC,yuba river,temperature,mean,9.979017857142857
51,2019,yuba river,YR7,CDEC,yuba river,temperature,min,8.9
52,2019,yuba river,YR7,CDEC,yuba river,temperature,max,10.5
52,2019,yuba river,YR7,CDEC,yuba river,temperature,mean,9.288392857142856
52,2019,yuba river,YR7,CDEC,yuba river,temperature,min,8.1
53,2019,yuba river,YR7,CDEC,yuba river,temperature,max,10.2
53,2019,yuba river,YR7,CDEC,yuba river,temperature,mean,9.445833333333333
53,2019,yuba river,YR7,CDEC,yuba river,temperature,min,8.6
1,2020,yuba river,YR7,CDEC,yuba river,temperature,max,10.6
1,2020,yuba river,YR7,CDEC,yuba river,temperature,mean,9.422172619047618
1,2020,yuba river,YR7,CDEC,yuba river,temperature,min,8.3
2,2020,yuba river,YR7,CDEC,yuba river,temperature,max,10.6
2,2020,yuba river,YR7,CDEC,yuba river,temperature,mean,9.436309523809523
2,2020,yuba river,YR7,CDEC,yuba river,temperature,min,5
3,2020,yuba river,YR7,CDEC,yuba river,temperature,max,10
3,2020,yuba river,YR7,CDEC,yuba river,temperature,mean,8.990327380952381
3,2020,yuba river,YR7,CDEC,yuba river,temperature,min,8
4,2020,yuba river,YR7,CDEC,yuba river,temperature,max,11.8
4,2020,yuba river,YR7,CDEC,yuba river,temperature,mean,10.266815476190477
4,2020,yuba river,YR7,CDEC,yuba river,temperature,min,9.1
5,2020,yuba river,YR7,CDEC,yuba river,temperature,max,11.9
5,2020,yuba river,YR7,CDEC,yuba river,temperature,mean,10.059077380952381
5,2020,yuba river,YR7,CDEC,yuba river,temperature,min,7.7
6,2020,yuba river,YR7,CDEC,yuba river,temperature,max,11.8
6,2020,yuba river,YR7,CDEC,yuba river,temperature,mean,9.86889880952381
6,2020,yuba river,YR7,CDEC,yuba river,temperature,min,8.3
7,2020,yuba river,YR7,CDEC,yuba river,temperature,max,12.2
7,2020,yuba river,YR7,CDEC,yuba river,temperature,mean,10.59077380952381
7,2020,yuba river,YR7,CDEC,yuba river,temperature,min,9.1
8,2020,yuba river,YR7,CDEC,yuba river,temperature,max,13
8,2020,yuba river,YR7,CDEC,yuba river,temperature,mean,11.038690476190476
8,2020,yuba river,YR7,CDEC,yuba river,temperature,min,9.2
9,2020,yuba river,YR7,CDEC,yuba river,temperature,max,13.8
9,2020,yuba river,YR7,CDEC,yuba river,temperature,mean,11.658779761904762
9,2020,yuba river,YR7,CDEC,yuba river,temperature,min,9.1
10,2020,yuba river,YR7,CDEC,yuba river,temperature,max,14.3
10,2020,yuba river,YR7,CDEC,yuba river,temperature,mean,12.200122929606625
10,2020,yuba river,YR7,CDEC,yuba river,temperature,min,10.4
11,2020,yuba river,YR7,CDEC,yuba river,temperature,max,14.9
11,2020,yuba river,YR7,CDEC,yuba river,temperature,mean,11.840178571428572
11,2020,yuba river,YR7,CDEC,yuba river,temperature,min,10.1
12,2020,yuba river,YR7,CDEC,yuba river,temperature,max,14.6
12,2020,yuba river,YR7,CDEC,yuba river,temperature,mean,11.910416666666666
12,2020,yuba river,YR7,CDEC,yuba river,temperature,min,9.5
13,2020,yuba river,YR7,CDEC,yuba river,temperature,max,15.5
13,2020,yuba river,YR7,CDEC,yuba river,temperature,mean,12.321279761904762
13,2020,yuba river,YR7,CDEC,yuba river,temperature,min,10.1
14,2020,yuba river,YR7,CDEC,yuba river,temperature,max,15.1
14,2020,yuba river,YR7,CDEC,yuba river,temperature,mean,12.313690476190477
14,2020,yuba river,YR7,CDEC,yuba river,temperature,min,10.3
15,2020,yuba river,YR7,CDEC,yuba river,temperature,max,16.1
15,2020,yuba river,YR7,CDEC,yuba river,temperature,mean,13.358333333333334
15,2020,yuba river,YR7,CDEC,yuba river,temperature,min,11.1
16,2020,yuba river,YR7,CDEC,yuba river,temperature,max,17.4
16,2020,yuba river,YR7,CDEC,yuba river,temperature,mean,14.571279761904762
16,2020,yuba river,YR7,CDEC,yuba river,temperature,min,12.2
17,2020,yuba river,YR7,CDEC,yuba river,temperature,max,19.5
17,2020,yuba river,YR7,CDEC,yuba river,temperature,mean,16.279464285714287
17,2020,yuba river,YR7,CDEC,yuba river,temperature,min,13.3
18,2020,yuba river,YR7,CDEC,yuba river,temperature,max,18.9
18,2020,yuba river,YR7,CDEC,yuba river,temperature,mean,16.139285714285712
18,2020,yuba river,YR7,CDEC,yuba river,temperature,min,13.5
19,2020,yuba river,YR7,CDEC,yuba river,temperature,max,19.3
19,2020,yuba river,YR7,CDEC,yuba river,temperature,mean,15.975595238095238
19,2020,yuba river,YR7,CDEC,yuba river,temperature,min,13.5
20,2020,yuba river,YR7,CDEC,yuba river,temperature,max,18.8
20,2020,yuba river,YR7,CDEC,yuba river,temperature,mean,15.709523809523809
20,2020,yuba river,YR7,CDEC,yuba river,temperature,min,13.5
21,2020,yuba river,YR7,CDEC,yuba river,temperature,max,21.3
21,2020,yuba river,YR7,CDEC,yuba river,temperature,mean,17.312648809523807
21,2020,yuba river,YR7,CDEC,yuba river,temperature,min,9
22,2020,yuba river,YR7,CDEC,yuba river,temperature,max,21.9
22,2020,yuba river,YR7,CDEC,yuba river,temperature,mean,18.435565476190476
22,2020,yuba river,YR7,CDEC,yuba river,temperature,min,15.8
23,2020,yuba river,YR7,CDEC,yuba river,temperature,max,22.4
23,2020,yuba river,YR7,CDEC,yuba river,temperature,mean,18.522916666666667
23,2020,yuba river,YR7,CDEC,yuba river,temperature,min,15.2
24,2020,yuba river,YR7,CDEC,yuba river,temperature,max,21.8
24,2020,yuba river,YR7,CDEC,yuba river,temperature,mean,18.29032738095238
24,2020,yuba river,YR7,CDEC,yuba river,temperature,min,15.3
25,2020,yuba river,YR7,CDEC,yuba river,temperature,max,22.5
25,2020,yuba river,YR7,CDEC,yuba river,temperature,mean,19.257291666666667
25,2020,yuba river,YR7,CDEC,yuba river,temperature,min,15.7
26,2020,yuba river,YR7,CDEC,yuba river,temperature,max,23.1
26,2020,yuba river,YR7,CDEC,yuba river,temperature,mean,19.67142857142857
26,2020,yuba river,YR7,CDEC,yuba river,temperature,min,16.3
27,2020,yuba river,YR7,CDEC,yuba river,temperature,max,21.3
27,2020,yuba river,YR7,CDEC,yuba river,temperature,mean,18.32782738095238
27,2020,yuba river,YR7,CDEC,yuba river,temperature,min,15.4
28,2020,yuba river,YR7,CDEC,yuba river,temperature,max,21.3
28,2020,yuba river,YR7,CDEC,yuba river,temperature,mean,18.381696428571427
28,2020,yuba river,YR7,CDEC,yuba river,temperature,min,15.6
29,2020,yuba river,YR7,CDEC,yuba river,temperature,max,21
29,2020,yuba river,YR7,CDEC,yuba river,temperature,mean,18.068303571428572
29,2020,yuba river,YR7,CDEC,yuba river,temperature,min,15.4
30,2020,yuba river,YR7,CDEC,yuba river,temperature,max,20.6
30,2020,yuba river,YR7,CDEC,yuba river,temperature,mean,17.85
30,2020,yuba river,YR7,CDEC,yuba river,temperature,min,15.1
31,2020,yuba river,YR7,CDEC,yuba river,temperature,max,20.4
31,2020,yuba river,YR7,CDEC,yuba river,temperature,mean,17.5625
31,2020,yuba river,YR7,CDEC,yuba river,temperature,min,14.7
32,2020,yuba river,YR7,CDEC,yuba river,temperature,max,20.3
32,2020,yuba river,YR7,CDEC,yuba river,temperature,mean,17.494940476190475
32,2020,yuba river,YR7,CDEC,yuba river,temperature,min,14.6
33,2020,yuba river,YR7,CDEC,yuba river,temperature,max,20.5
33,2020,yuba river,YR7,CDEC,yuba river,temperature,mean,17.44747023809524
33,2020,yuba river,YR7,CDEC,yuba river,temperature,min,14.9
34,2020,yuba river,YR7,CDEC,yuba river,temperature,max,27.6
34,2020,yuba river,YR7,CDEC,yuba river,temperature,mean,15.414583333333333
34,2020,yuba river,YR7,CDEC,yuba river,temperature,min,13.4
35,2020,yuba river,YR7,CDEC,yuba river,temperature,max,20.4
35,2020,yuba river,YR7,CDEC,yuba river,temperature,mean,16.65982142857143
35,2020,yuba river,YR7,CDEC,yuba river,temperature,min,13.8
36,2020,yuba river,YR7,CDEC,yuba river,temperature,max,20.9
36,2020,yuba river,YR7,CDEC,yuba river,temperature,mean,18.39561246867168
36,2020,yuba river,YR7,CDEC,yuba river,temperature,min,16.6
37,2020,yuba river,YR7,CDEC,yuba river,temperature,max,18.9
37,2020,yuba river,YR7,CDEC,yuba river,temperature,mean,16.616815476190478
37,2020,yuba river,YR7,CDEC,yuba river,temperature,min,15.2
38,2020,yuba river,YR7,CDEC,yuba river,temperature,max,19.3
38,2020,yuba river,YR7,CDEC,yuba river,temperature,mean,17.35372023809524
38,2020,yuba river,YR7,CDEC,yuba river,temperature,min,15.4
39,2020,yuba river,YR7,CDEC,yuba river,temperature,max,19.4
39,2020,yuba river,YR7,CDEC,yuba river,temperature,mean,17.630208333333332
39,2020,yuba river,YR7,CDEC,yuba river,temperature,min,15.7
40,2020,yuba river,YR7,CDEC,yuba river,temperature,max,19.1
40,2020,yuba river,YR7,CDEC,yuba river,temperature,mean,16.798809523809524
40,2020,yuba river,YR7,CDEC,yuba river,temperature,min,14.9
41,2020,yuba river,YR7,CDEC,yuba river,temperature,max,17.9
41,2020,yuba river,YR7,CDEC,yuba river,temperature,mean,15.871428571428572
41,2020,yuba river,YR7,CDEC,yuba river,temperature,min,14.1
42,2020,yuba river,YR7,CDEC,yuba river,temperature,max,17.7
42,2020,yuba river,YR7,CDEC,yuba river,temperature,mean,15.587351190476191
42,2020,yuba river,YR7,CDEC,yuba river,temperature,min,13.7
43,2020,yuba river,YR7,CDEC,yuba river,temperature,max,16.7
43,2020,yuba river,YR7,CDEC,yuba river,temperature,mean,14.122767857142858
43,2020,yuba river,YR7,CDEC,yuba river,temperature,min,11.1
44,2020,yuba river,YR7,CDEC,yuba river,temperature,max,15
44,2020,yuba river,YR7,CDEC,yuba river,temperature,mean,13.446279761904762
44,2020,yuba river,YR7,CDEC,yuba river,temperature,min,12.1
45,2020,yuba river,YR7,CDEC,yuba river,temperature,max,14.7
45,2020,yuba river,YR7,CDEC,yuba river,temperature,mean,12.480803571428572
45,2020,yuba river,YR7,CDEC,yuba river,temperature,min,10.2
46,2020,yuba river,YR7,CDEC,yuba river,temperature,max,12.9
46,2020,yuba river,YR7,CDEC,yuba river,temperature,mean,11.5375
46,2020,yuba river,YR7,CDEC,yuba river,temperature,min,10.1
47,2020,yuba river,YR7,CDEC,yuba river,temperature,max,13.2
47,2020,yuba river,YR7,CDEC,yuba river,temperature,mean,11.39077380952381
47,2020,yuba river,YR7,CDEC,yuba river,temperature,min,9.9
48,2020,yuba river,YR7,CDEC,yuba river,temperature,max,12
48,2020,yuba river,YR7,CDEC,yuba river,temperature,mean,10.436607142857143
48,2020,yuba river,YR7,CDEC,yuba river,temperature,min,9.3
49,2020,yuba river,YR7,CDEC,yuba river,temperature,max,14.4
49,2020,yuba river,YR7,CDEC,yuba river,temperature,mean,10.200744047619049
49,2020,yuba river,YR7,CDEC,yuba river,temperature,min,9.2
50,2020,yuba river,YR7,CDEC,yuba river,temperature,max,11.1
50,2020,yuba river,YR7,CDEC,yuba river,temperature,mean,9.87172619047619
50,2020,yuba river,YR7,CDEC,yuba river,temperature,min,8.9
51,2020,yuba river,YR7,CDEC,yuba river,temperature,max,11.2
51,2020,yuba river,YR7,CDEC,yuba river,temperature,mean,9.723958333333334
51,2020,yuba river,YR7,CDEC,yuba river,temperature,min,8.5
52,2020,yuba river,YR7,CDEC,yuba river,temperature,max,11.2
52,2020,yuba river,YR7,CDEC,yuba river,temperature,mean,9.412053571428572
52,2020,yuba river,YR7,CDEC,yuba river,temperature,min,8.2
53,2020,yuba river,YR7,CDEC,yuba river,temperature,max,10.6
53,2020,yuba river,YR7,CDEC,yuba river,temperature,mean,9.538020833333334
53,2020,yuba river,YR7,CDEC,yuba river,temperature,min,8.3
1,2021,yuba river,YR7,CDEC,yuba river,temperature,max,11.1
1,2021,yuba river,YR7,CDEC,yuba river,temperature,mean,9.76845238095238
1,2021,yuba river,YR7,CDEC,yuba river,temperature,min,8.6
2,2021,yuba river,YR7,CDEC,yuba river,temperature,max,11.3
2,2021,yuba river,YR7,CDEC,yuba river,temperature,mean,9.61875
2,2021,yuba river,YR7,CDEC,yuba river,temperature,min,8.4
3,2021,yuba river,YR7,CDEC,yuba river,temperature,max,11.5
3,2021,yuba river,YR7,CDEC,yuba river,temperature,mean,10.03452380952381
3,2021,yuba river,YR7,CDEC,yuba river,temperature,min,8.4
4,2021,yuba river,YR7,CDEC,yuba river,temperature,max,10.6
4,2021,yuba river,YR7,CDEC,yuba river,temperature,mean,9.12314311594203
4,2021,yuba river,YR7,CDEC,yuba river,temperature,min,7.6
5,2021,yuba river,YR7,CDEC,yuba river,temperature,max,11.6
5,2021,yuba river,YR7,CDEC,yuba river,temperature,mean,9.941815476190476
5,2021,yuba river,YR7,CDEC,yuba river,temperature,min,8.3
6,2021,yuba river,YR7,CDEC,yuba river,temperature,max,12.3
6,2021,yuba river,YR7,CDEC,yuba river,temperature,mean,10.283482142857142
6,2021,yuba river,YR7,CDEC,yuba river,temperature,min,8.5
7,2021,yuba river,YR7,CDEC,yuba river,temperature,max,14.3
7,2021,yuba river,YR7,CDEC,yuba river,temperature,mean,10.541517857142857
7,2021,yuba river,YR7,CDEC,yuba river,temperature,min,8.8
8,2021,yuba river,YR7,CDEC,yuba river,temperature,max,12.8
8,2021,yuba river,YR7,CDEC,yuba river,temperature,mean,10.70967261904762
8,2021,yuba river,YR7,CDEC,yuba river,temperature,min,8.6
9,2021,yuba river,YR7,CDEC,yuba river,temperature,max,13.1
9,2021,yuba river,YR7,CDEC,yuba river,temperature,mean,10.923065476190477
9,2021,yuba river,YR7,CDEC,yuba river,temperature,min,8.9
10,2021,yuba river,YR7,CDEC,yuba river,temperature,max,13.4
10,2021,yuba river,YR7,CDEC,yuba river,temperature,mean,11.093005952380953
10,2021,yuba river,YR7,CDEC,yuba river,temperature,min,8.8
11,2021,yuba river,YR7,CDEC,yuba river,temperature,max,13.5
11,2021,yuba river,YR7,CDEC,yuba river,temperature,mean,11.113205227743272
11,2021,yuba river,YR7,CDEC,yuba river,temperature,min,9.2
12,2021,yuba river,YR7,CDEC,yuba river,temperature,max,14.6
12,2021,yuba river,YR7,CDEC,yuba river,temperature,mean,11.951636904761905
12,2021,yuba river,YR7,CDEC,yuba river,temperature,min,10
13,2021,yuba river,YR7,CDEC,yuba river,temperature,max,16.2
13,2021,yuba river,YR7,CDEC,yuba river,temperature,mean,13.272916666666667
13,2021,yuba river,YR7,CDEC,yuba river,temperature,min,10.5
14,2021,yuba river,YR7,CDEC,yuba river,temperature,max,16.6
14,2021,yuba river,YR7,CDEC,yuba river,temperature,mean,14.161458333333334
14,2021,yuba river,YR7,CDEC,yuba river,temperature,min,12
15,2021,yuba river,YR7,CDEC,yuba river,temperature,max,17.5
15,2021,yuba river,YR7,CDEC,yuba river,temperature,mean,15.269318181818182
15,2021,yuba river,YR7,CDEC,yuba river,temperature,min,12.6
16,2021,yuba river,YR7,CDEC,yuba river,temperature,max,18.1
16,2021,yuba river,YR7,CDEC,yuba river,temperature,mean,15.440922619047619
16,2021,yuba river,YR7,CDEC,yuba river,temperature,min,12.7
17,2021,yuba river,YR7,CDEC,yuba river,temperature,max,18.2
17,2021,yuba river,YR7,CDEC,yuba river,temperature,mean,14.7125
17,2021,yuba river,YR7,CDEC,yuba river,temperature,min,12.1
18,2021,yuba river,YR7,CDEC,yuba river,temperature,max,18.8
18,2021,yuba river,YR7,CDEC,yuba river,temperature,mean,15.851041666666667
18,2021,yuba river,YR7,CDEC,yuba river,temperature,min,13.1
19,2021,yuba river,YR7,CDEC,yuba river,temperature,max,20
19,2021,yuba river,YR7,CDEC,yuba river,temperature,mean,16.375744047619047
19,2021,yuba river,YR7,CDEC,yuba river,temperature,min,12.9
20,2021,yuba river,YR7,CDEC,yuba river,temperature,max,20.9
20,2021,yuba river,YR7,CDEC,yuba river,temperature,mean,17.407589285714284
20,2021,yuba river,YR7,CDEC,yuba river,temperature,min,14.6
21,2021,yuba river,YR7,CDEC,yuba river,temperature,max,21.5
21,2021,yuba river,YR7,CDEC,yuba river,temperature,mean,18.16934523809524
21,2021,yuba river,YR7,CDEC,yuba river,temperature,min,14.5
22,2021,yuba river,YR7,CDEC,yuba river,temperature,max,23.4
22,2021,yuba river,YR7,CDEC,yuba river,temperature,mean,20.354315476190475
22,2021,yuba river,YR7,CDEC,yuba river,temperature,min,17.2
23,2021,yuba river,YR7,CDEC,yuba river,temperature,max,23.4
23,2021,yuba river,YR7,CDEC,yuba river,temperature,mean,19.594940476190477
23,2021,yuba river,YR7,CDEC,yuba river,temperature,min,15.8
24,2021,yuba river,YR7,CDEC,yuba river,temperature,max,23.6
24,2021,yuba river,YR7,CDEC,yuba river,temperature,mean,20.19092261904762
24,2021,yuba river,YR7,CDEC,yuba river,temperature,min,16.5
25,2021,yuba river,YR7,CDEC,yuba river,temperature,max,24
25,2021,yuba river,YR7,CDEC,yuba river,temperature,mean,20.957440476190477
25,2021,yuba river,YR7,CDEC,yuba river,temperature,min,18.1
26,2021,yuba river,YR7,CDEC,yuba river,temperature,max,24.2
26,2021,yuba river,YR7,CDEC,yuba river,temperature,mean,21.51220238095238
26,2021,yuba river,YR7,CDEC,yuba river,temperature,min,18
27,2021,yuba river,YR7,CDEC,yuba river,temperature,max,24.2
27,2021,yuba river,YR7,CDEC,yuba river,temperature,mean,21.492410714285715
27,2021,yuba river,YR7,CDEC,yuba river,temperature,min,18.9
28,2021,yuba river,YR7,CDEC,yuba river,temperature,max,24.8
28,2021,yuba river,YR7,CDEC,yuba river,temperature,mean,21.687648809523807
28,2021,yuba river,YR7,CDEC,yuba river,temperature,min,18.6
29,2021,yuba river,YR7,CDEC,yuba river,temperature,max,23.8
29,2021,yuba river,YR7,CDEC,yuba river,temperature,mean,21.189469954648526
29,2021,yuba river,YR7,CDEC,yuba river,temperature,min,18.5
30,2021,yuba river,YR7,CDEC,yuba river,temperature,max,23.7
30,2021,yuba river,YR7,CDEC,yuba river,temperature,mean,20.65669642857143
30,2021,yuba river,YR7,CDEC,yuba river,temperature,min,18.2
31,2021,yuba river,YR7,CDEC,yuba river,temperature,max,23.7
31,2021,yuba river,YR7,CDEC,yuba river,temperature,mean,21.208928571428572
31,2021,yuba river,YR7,CDEC,yuba river,temperature,min,18.2
32,2021,yuba river,YR7,CDEC,yuba river,temperature,max,23.5
32,2021,yuba river,YR7,CDEC,yuba river,temperature,mean,20.577083333333334
32,2021,yuba river,YR7,CDEC,yuba river,temperature,min,18
33,2021,yuba river,YR7,CDEC,yuba river,temperature,max,23.6
33,2021,yuba river,YR7,CDEC,yuba river,temperature,mean,20.480208333333334
33,2021,yuba river,YR7,CDEC,yuba river,temperature,min,17.5
34,2021,yuba river,YR7,CDEC,yuba river,temperature,max,22.6
34,2021,yuba river,YR7,CDEC,yuba river,temperature,mean,19.95297619047619
34,2021,yuba river,YR7,CDEC,yuba river,temperature,min,17.8
35,2021,yuba river,YR7,CDEC,yuba river,temperature,max,23
35,2021,yuba river,YR7,CDEC,yuba river,temperature,mean,20.37752976190476
35,2021,yuba river,YR7,CDEC,yuba river,temperature,min,17.7
36,2021,yuba river,YR7,CDEC,yuba river,temperature,max,23.4
36,2021,yuba river,YR7,CDEC,yuba river,temperature,mean,20.59672619047619
36,2021,yuba river,YR7,CDEC,yuba river,temperature,min,17.9
37,2021,yuba river,YR7,CDEC,yuba river,temperature,max,23.5
37,2021,yuba river,YR7,CDEC,yuba river,temperature,mean,20.72514880952381
37,2021,yuba river,YR7,CDEC,yuba river,temperature,min,18
38,2021,yuba river,YR7,CDEC,yuba river,temperature,max,21.9
38,2021,yuba river,YR7,CDEC,yuba river,temperature,mean,19.666815476190475
38,2021,yuba river,YR7,CDEC,yuba river,temperature,min,17.4
39,2021,yuba river,YR7,CDEC,yuba river,temperature,max,21.7
39,2021,yuba river,YR7,CDEC,yuba river,temperature,mean,18.792100155279503
39,2021,yuba river,YR7,CDEC,yuba river,temperature,min,16.2
40,2021,yuba river,YR7,CDEC,yuba river,temperature,max,20.2
40,2021,yuba river,YR7,CDEC,yuba river,temperature,mean,17.870386904761904
40,2021,yuba river,YR7,CDEC,yuba river,temperature,min,15.8
41,2021,yuba river,YR7,CDEC,yuba river,temperature,max,18.4
41,2021,yuba river,YR7,CDEC,yuba river,temperature,mean,15.783779761904762
41,2021,yuba river,YR7,CDEC,yuba river,temperature,min,13.4
42,2021,yuba river,YR7,CDEC,yuba river,temperature,max,17.3
42,2021,yuba river,YR7,CDEC,yuba river,temperature,mean,15.171875
42,2021,yuba river,YR7,CDEC,yuba river,temperature,min,13.2
43,2021,yuba river,YR7,CDEC,yuba river,temperature,max,16.9
43,2021,yuba river,YR7,CDEC,yuba river,temperature,mean,14.835714285714285
43,2021,yuba river,YR7,CDEC,yuba river,temperature,min,13.5
44,2021,yuba river,YR7,CDEC,yuba river,temperature,max,16.9
44,2021,yuba river,YR7,CDEC,yuba river,temperature,mean,15.362351190476192
44,2021,yuba river,YR7,CDEC,yuba river,temperature,min,14.1
45,2021,yuba river,YR7,CDEC,yuba river,temperature,max,15.8
45,2021,yuba river,YR7,CDEC,yuba river,temperature,mean,14.321428571428571
45,2021,yuba river,YR7,CDEC,yuba river,temperature,min,12.8
46,2021,yuba river,YR7,CDEC,yuba river,temperature,max,15.2
46,2021,yuba river,YR7,CDEC,yuba river,temperature,mean,13.98482142857143
46,2021,yuba river,YR7,CDEC,yuba river,temperature,min,12.6
47,2021,yuba river,YR7,CDEC,yuba river,temperature,max,14.6
47,2021,yuba river,YR7,CDEC,yuba river,temperature,mean,12.90044642857143
47,2021,yuba river,YR7,CDEC,yuba river,temperature,min,11.1
48,2021,yuba river,YR7,CDEC,yuba river,temperature,max,13.7
48,2021,yuba river,YR7,CDEC,yuba river,temperature,mean,12.675595238095239
48,2021,yuba river,YR7,CDEC,yuba river,temperature,min,11.6
49,2021,yuba river,YR7,CDEC,yuba river,temperature,max,13.3
49,2021,yuba river,YR7,CDEC,yuba river,temperature,mean,12.025892857142857
49,2021,yuba river,YR7,CDEC,yuba river,temperature,min,11.3
50,2021,yuba river,YR7,CDEC,yuba river,temperature,max,11.6
50,2021,yuba river,YR7,CDEC,yuba river,temperature,mean,10.48154761904762
50,2021,yuba river,YR7,CDEC,yuba river,temperature,min,9.6
51,2021,yuba river,YR7,CDEC,yuba river,temperature,max,10.7
51,2021,yuba river,YR7,CDEC,yuba river,temperature,mean,9.770684523809523
51,2021,yuba river,YR7,CDEC,yuba river,temperature,min,9.1
52,2021,yuba river,YR7,CDEC,yuba river,temperature,max,10.3
52,2021,yuba river,YR7,CDEC,yuba river,temperature,mean,9.099107142857143
52,2021,yuba river,YR7,CDEC,yuba river,temperature,min,8.5
53,2021,yuba river,YR7,CDEC,yuba river,temperature,max,9.7
53,2021,yuba river,YR7,CDEC,yuba river,temperature,mean,9.040625
53,2021,yuba river,YR7,CDEC,yuba river,temperature,min,8.5
1,2022,yuba river,YR7,CDEC,yuba river,temperature,max,10.6
1,2022,yuba river,YR7,CDEC,yuba river,temperature,mean,9.212053571428571
1,2022,yuba river,YR7,CDEC,yuba river,temperature,min,7.7
2,2022,yuba river,YR7,CDEC,yuba river,temperature,max,10.6
2,2022,yuba river,YR7,CDEC,yuba river,temperature,mean,9.439434523809524
2,2022,yuba river,YR7,CDEC,yuba river,temperature,min,8.2
3,2022,yuba river,YR7,CDEC,yuba river,temperature,max,10.6
3,2022,yuba river,YR7,CDEC,yuba river,temperature,mean,9.365625
3,2022,yuba river,YR7,CDEC,yuba river,temperature,min,8.3
4,2022,yuba river,YR7,CDEC,yuba river,temperature,max,10.8
4,2022,yuba river,YR7,CDEC,yuba river,temperature,mean,9.355505952380952
4,2022,yuba river,YR7,CDEC,yuba river,temperature,min,8
5,2022,yuba river,YR7,CDEC,yuba river,temperature,max,10.5
5,2022,yuba river,YR7,CDEC,yuba river,temperature,mean,8.98392857142857
5,2022,yuba river,YR7,CDEC,yuba river,temperature,min,7.2
6,2022,yuba river,YR7,CDEC,yuba river,temperature,max,11.8
6,2022,yuba river,YR7,CDEC,yuba river,temperature,mean,9.838244047619048
6,2022,yuba river,YR7,CDEC,yuba river,temperature,min,8
7,2022,yuba river,YR7,CDEC,yuba river,temperature,max,11.9
7,2022,yuba river,YR7,CDEC,yuba river,temperature,mean,10.223214285714286
7,2022,yuba river,YR7,CDEC,yuba river,temperature,min,8.3
8,2022,yuba river,YR7,CDEC,yuba river,temperature,max,12
8,2022,yuba river,YR7,CDEC,yuba river,temperature,mean,9.78024715320911
8,2022,yuba river,YR7,CDEC,yuba river,temperature,min,7.6
9,2022,yuba river,YR7,CDEC,yuba river,temperature,max,12.8
9,2022,yuba river,YR7,CDEC,yuba river,temperature,mean,10.815922619047619
9,2022,yuba river,YR7,CDEC,yuba river,temperature,min,8.2
10,2022,yuba river,YR7,CDEC,yuba river,temperature,max,13.1
10,2022,yuba river,YR7,CDEC,yuba river,temperature,mean,10.797619047619047
10,2022,yuba river,YR7,CDEC,yuba river,temperature,min,8.8
11,2022,yuba river,YR7,CDEC,yuba river,temperature,max,14.5
11,2022,yuba river,YR7,CDEC,yuba river,temperature,mean,12.181094720496894
11,2022,yuba river,YR7,CDEC,yuba river,temperature,min,9.6
12,2022,yuba river,YR7,CDEC,yuba river,temperature,max,16.4
12,2022,yuba river,YR7,CDEC,yuba river,temperature,mean,13.408779761904762
12,2022,yuba river,YR7,CDEC,yuba river,temperature,min,10.2
13,2022,yuba river,YR7,CDEC,yuba river,temperature,max,16.3
13,2022,yuba river,YR7,CDEC,yuba river,temperature,mean,13.736309523809524
13,2022,yuba river,YR7,CDEC,yuba river,temperature,min,11.6
14,2022,yuba river,YR7,CDEC,yuba river,temperature,max,17.7
14,2022,yuba river,YR7,CDEC,yuba river,temperature,mean,14.529910714285714
14,2022,yuba river,YR7,CDEC,yuba river,temperature,min,12.2
15,2022,yuba river,YR7,CDEC,yuba river,temperature,max,16.2
15,2022,yuba river,YR7,CDEC,yuba river,temperature,mean,13.507738095238095
15,2022,yuba river,YR7,CDEC,yuba river,temperature,min,11
16,2022,yuba river,YR7,CDEC,yuba river,temperature,max,16.9
16,2022,yuba river,YR7,CDEC,yuba river,temperature,mean,14.314136904761904
16,2022,yuba river,YR7,CDEC,yuba river,temperature,min,12.1
17,2022,yuba river,YR7,CDEC,yuba river,temperature,max,17.9
17,2022,yuba river,YR7,CDEC,yuba river,temperature,mean,15.14107142857143
17,2022,yuba river,YR7,CDEC,yuba river,temperature,min,12.1
18,2022,yuba river,YR7,CDEC,yuba river,temperature,max,19
18,2022,yuba river,YR7,CDEC,yuba river,temperature,mean,15.769345238095237
18,2022,yuba river,YR7,CDEC,yuba river,temperature,min,12.9
19,2022,yuba river,YR7,CDEC,yuba river,temperature,max,18.6
19,2022,yuba river,YR7,CDEC,yuba river,temperature,mean,15.019940476190476
19,2022,yuba river,YR7,CDEC,yuba river,temperature,min,12.2
20,2022,yuba river,YR7,CDEC,yuba river,temperature,max,19.4
20,2022,yuba river,YR7,CDEC,yuba river,temperature,mean,16.539285714285715
20,2022,yuba river,YR7,CDEC,yuba river,temperature,min,13
21,2022,yuba river,YR7,CDEC,yuba river,temperature,max,20.7
21,2022,yuba river,YR7,CDEC,yuba river,temperature,mean,17.123065476190476
21,2022,yuba river,YR7,CDEC,yuba river,temperature,min,13.7
22,2022,yuba river,YR7,CDEC,yuba river,temperature,max,21.1
22,2022,yuba river,YR7,CDEC,yuba river,temperature,mean,17.574107142857144
22,2022,yuba river,YR7,CDEC,yuba river,temperature,min,14.4
23,2022,yuba river,YR7,CDEC,yuba river,temperature,max,22.6
23,2022,yuba river,YR7,CDEC,yuba river,temperature,mean,18.77232142857143
23,2022,yuba river,YR7,CDEC,yuba river,temperature,min,15.8
24,2022,yuba river,YR7,CDEC,yuba river,temperature,max,22.3
24,2022,yuba river,YR7,CDEC,yuba river,temperature,mean,18.989732142857143
24,2022,yuba river,YR7,CDEC,yuba river,temperature,min,15.6
25,2022,yuba river,YR7,CDEC,yuba river,temperature,max,22.7
25,2022,yuba river,YR7,CDEC,yuba river,temperature,mean,19.467261904761905
25,2022,yuba river,YR7,CDEC,yuba river,temperature,min,15.7
26,2022,yuba river,YR7,CDEC,yuba river,temperature,max,22.5
26,2022,yuba river,YR7,CDEC,yuba river,temperature,mean,19.215922619047618
26,2022,yuba river,YR7,CDEC,yuba river,temperature,min,15.3
27,2022,yuba river,YR7,CDEC,yuba river,temperature,max,20.4
27,2022,yuba river,YR7,CDEC,yuba river,temperature,mean,17.46517857142857
27,2022,yuba river,YR7,CDEC,yuba river,temperature,min,14.6
28,2022,yuba river,YR7,CDEC,yuba river,temperature,max,20.5
28,2022,yuba river,YR7,CDEC,yuba river,temperature,mean,17.45342261904762
28,2022,yuba river,YR7,CDEC,yuba river,temperature,min,14.4
29,2022,yuba river,YR7,CDEC,yuba river,temperature,max,20.2
29,2022,yuba river,YR7,CDEC,yuba river,temperature,mean,17.245982142857144
29,2022,yuba river,YR7,CDEC,yuba river,temperature,min,14.3
30,2022,yuba river,YR7,CDEC,yuba river,temperature,max,19.7
30,2022,yuba river,YR7,CDEC,yuba river,temperature,mean,16.819345238095238
30,2022,yuba river,YR7,CDEC,yuba river,temperature,min,14.1
31,2022,yuba river,YR7,CDEC,yuba river,temperature,max,19.8
31,2022,yuba river,YR7,CDEC,yuba river,temperature,mean,16.554761904761904
31,2022,yuba river,YR7,CDEC,yuba river,temperature,min,13.9
32,2022,yuba river,YR7,CDEC,yuba river,temperature,max,19.3
32,2022,yuba river,YR7,CDEC,yuba river,temperature,mean,16.456994047619048
32,2022,yuba river,YR7,CDEC,yuba river,temperature,min,13.6
33,2022,yuba river,YR7,CDEC,yuba river,temperature,max,19
33,2022,yuba river,YR7,CDEC,yuba river,temperature,mean,16.136904761904763
33,2022,yuba river,YR7,CDEC,yuba river,temperature,min,13.6
34,2022,yuba river,YR7,CDEC,yuba river,temperature,max,19
34,2022,yuba river,YR7,CDEC,yuba river,temperature,mean,16.301190476190477
34,2022,yuba river,YR7,CDEC,yuba river,temperature,min,13.7
35,2022,yuba river,YR7,CDEC,yuba river,temperature,max,19.6
35,2022,yuba river,YR7,CDEC,yuba river,temperature,mean,16.869791666666668
35,2022,yuba river,YR7,CDEC,yuba river,temperature,min,13.6
36,2022,yuba river,YR7,CDEC,yuba river,temperature,max,19.8
36,2022,yuba river,YR7,CDEC,yuba river,temperature,mean,17.11845238095238
36,2022,yuba river,YR7,CDEC,yuba river,temperature,min,14.7
37,2022,yuba river,YR7,CDEC,yuba river,temperature,max,19.6
37,2022,yuba river,YR7,CDEC,yuba river,temperature,mean,17.12529761904762
37,2022,yuba river,YR7,CDEC,yuba river,temperature,min,14.8
38,2022,yuba river,YR7,CDEC,yuba river,temperature,max,19.1
38,2022,yuba river,YR7,CDEC,yuba river,temperature,mean,16.78422619047619
38,2022,yuba river,YR7,CDEC,yuba river,temperature,min,15.1
39,2022,yuba river,YR7,CDEC,yuba river,temperature,max,19.8
39,2022,yuba river,YR7,CDEC,yuba river,temperature,mean,17.61860119047619
39,2022,yuba river,YR7,CDEC,yuba river,temperature,min,15.6
40,2022,yuba river,YR7,CDEC,yuba river,temperature,max,19.5
40,2022,yuba river,YR7,CDEC,yuba river,temperature,mean,17.504910714285714
40,2022,yuba river,YR7,CDEC,yuba river,temperature,min,15.5
41,2022,yuba river,YR7,CDEC,yuba river,temperature,max,19.2
41,2022,yuba river,YR7,CDEC,yuba river,temperature,mean,17.232738095238094
41,2022,yuba river,YR7,CDEC,yuba river,temperature,min,15.3
42,2022,yuba river,YR7,CDEC,yuba river,temperature,max,18.3
42,2022,yuba river,YR7,CDEC,yuba river,temperature,mean,16.204910714285713
42,2022,yuba river,YR7,CDEC,yuba river,temperature,min,14.5
43,2022,yuba river,YR7,CDEC,yuba river,temperature,max,16.6
43,2022,yuba river,YR7,CDEC,yuba river,temperature,mean,14.152218614718615
43,2022,yuba river,YR7,CDEC,yuba river,temperature,min,12.3
44,2022,yuba river,YR7,CDEC,yuba river,temperature,max,14.9
44,2022,yuba river,YR7,CDEC,yuba river,temperature,mean,12.866071428571429
44,2022,yuba river,YR7,CDEC,yuba river,temperature,min,11
45,2022,yuba river,YR7,CDEC,yuba river,temperature,max,14.2
45,2022,yuba river,YR7,CDEC,yuba river,temperature,mean,12.016666666666666
45,2022,yuba river,YR7,CDEC,yuba river,temperature,min,10.3
46,2022,yuba river,YR7,CDEC,yuba river,temperature,max,12.7
46,2022,yuba river,YR7,CDEC,yuba river,temperature,mean,11.073363095238095
46,2022,yuba river,YR7,CDEC,yuba river,temperature,min,9.8
47,2022,yuba river,YR7,CDEC,yuba river,temperature,max,11.5
47,2022,yuba river,YR7,CDEC,yuba river,temperature,mean,10.30967261904762
47,2022,yuba river,YR7,CDEC,yuba river,temperature,min,9.1
48,2022,yuba river,YR7,CDEC,yuba river,temperature,max,11.7
48,2022,yuba river,YR7,CDEC,yuba river,temperature,mean,9.869557823129252
48,2022,yuba river,YR7,CDEC,yuba river,temperature,min,8.3
49,2022,yuba river,YR7,CDEC,yuba river,temperature,max,10.9
49,2022,yuba river,YR7,CDEC,yuba river,temperature,mean,9.692261904761905
49,2022,yuba river,YR7,CDEC,yuba river,temperature,min,8.5
50,2022,yuba river,YR7,CDEC,yuba river,temperature,max,10.4
50,2022,yuba river,YR7,CDEC,yuba river,temperature,mean,9.229017857142857
50,2022,yuba river,YR7,CDEC,yuba river,temperature,min,7.9
51,2022,yuba river,YR7,CDEC,yuba river,temperature,max,10.2
51,2022,yuba river,YR7,CDEC,yuba river,temperature,mean,8.904464285714287
51,2022,yuba river,YR7,CDEC,yuba river,temperature,min,7.7
52,2022,yuba river,YR7,CDEC,yuba river,temperature,max,10.3
52,2022,yuba river,YR7,CDEC,yuba river,temperature,mean,9.197916666666666
52,2022,yuba river,YR7,CDEC,yuba river,temperature,min,8.3
53,2022,yuba river,YR7,CDEC,yuba river,temperature,max,10.1
53,2022,yuba river,YR7,CDEC,yuba river,temperature,mean,9.291666666666666
53,2022,yuba river,YR7,CDEC,yuba river,temperature,min,8.9
1,2023,yuba river,YR7,CDEC,yuba river,temperature,max,9.8
1,2023,yuba river,YR7,CDEC,yuba river,temperature,mean,9.049553571428572
1,2023,yuba river,YR7,CDEC,yuba river,temperature,min,8.6
2,2023,yuba river,YR7,CDEC,yuba river,temperature,max,10
2,2023,yuba river,YR7,CDEC,yuba river,temperature,mean,9.331994047619048
2,2023,yuba river,YR7,CDEC,yuba river,temperature,min,8.8
3,2023,yuba river,YR7,CDEC,yuba river,temperature,max,9.5
3,2023,yuba river,YR7,CDEC,yuba river,temperature,mean,8.748809523809523
3,2023,yuba river,YR7,CDEC,yuba river,temperature,min,7.7
4,2023,yuba river,YR7,CDEC,yuba river,temperature,max,9.6
4,2023,yuba river,YR7,CDEC,yuba river,temperature,mean,8.188132840501792
4,2023,yuba river,YR7,CDEC,yuba river,temperature,min,7.4
4,2023,yuba river,interpolated,interpolated,yuba river,temperature,max,10.85078675717933
4,2023,yuba river,interpolated,interpolated,yuba river,temperature,mean,9.93102847042718
4,2023,yuba river,interpolated,interpolated,yuba river,temperature,min,9.227720463728986
5,2023,yuba river,interpolated,interpolated,yuba river,temperature,max,10.522759191958995
5,2023,yuba river,interpolated,interpolated,yuba river,temperature,mean,9.745313326571427
5,2023,yuba river,interpolated,interpolated,yuba river,temperature,min,9.17226779940366
5,2023,yuba river,YR7,CDEC,yuba river,temperature,max,10.5
5,2023,yuba river,YR7,CDEC,yuba river,temperature,mean,7.8764993686868685
5,2023,yuba river,YR7,CDEC,yuba river,temperature,min,6.6
6,2023,yuba river,YR7,CDEC,yuba river,temperature,max,9.9
6,2023,yuba river,YR7,CDEC,yuba river,temperature,mean,8.320535714285715
6,2023,yuba river,YR7,CDEC,yuba river,temperature,min,7.1
7,2023,yuba river,YR7,CDEC,yuba river,temperature,max,10.2
7,2023,yuba river,YR7,CDEC,yuba river,temperature,mean,8.23125
7,2023,yuba river,YR7,CDEC,yuba river,temperature,min,6.8
8,2023,yuba river,YR7,CDEC,yuba river,temperature,max,10.1
8,2023,yuba river,YR7,CDEC,yuba river,temperature,mean,8.113690476190476
8,2023,yuba river,YR7,CDEC,yuba river,temperature,min,6.8
9,2023,yuba river,YR7,CDEC,yuba river,temperature,max,9.5
9,2023,yuba river,YR7,CDEC,yuba river,temperature,mean,7.654464285714286
9,2023,yuba river,YR7,CDEC,yuba river,temperature,min,6.4
10,2023,yuba river,YR7,CDEC,yuba river,temperature,max,9.4
10,2023,yuba river,YR7,CDEC,yuba river,temperature,mean,7.902083333333334
10,2023,yuba river,YR7,CDEC,yuba river,temperature,min,6.9
11,2023,yuba river,YR7,CDEC,yuba river,temperature,max,10
11,2023,yuba river,YR7,CDEC,yuba river,temperature,mean,8.711451863354037
11,2023,yuba river,YR7,CDEC,yuba river,temperature,min,8.1
12,2023,yuba river,YR7,CDEC,yuba river,temperature,max,10.6
12,2023,yuba river,YR7,CDEC,yuba river,temperature,mean,9.171279761904762
12,2023,yuba river,YR7,CDEC,yuba river,temperature,min,8.1
13,2023,yuba river,YR7,CDEC,yuba river,temperature,max,10.8
13,2023,yuba river,YR7,CDEC,yuba river,temperature,mean,8.784661172161172
13,2023,yuba river,YR7,CDEC,yuba river,temperature,min,7.9
14,2023,yuba river,YR7,CDEC,yuba river,temperature,max,11.2
14,2023,yuba river,YR7,CDEC,yuba river,temperature,mean,9.531835149313963
14,2023,yuba river,YR7,CDEC,yuba river,temperature,min,8
15,2023,yuba river,YR7,CDEC,yuba river,temperature,max,12.6
15,2023,yuba river,YR7,CDEC,yuba river,temperature,mean,10.416666666666666
15,2023,yuba river,YR7,CDEC,yuba river,temperature,min,8.4
16,2023,yuba river,YR7,CDEC,yuba river,temperature,max,12.9
16,2023,yuba river,YR7,CDEC,yuba river,temperature,mean,10.397767857142856
16,2023,yuba river,YR7,CDEC,yuba river,temperature,min,8.7
17,2023,yuba river,YR7,CDEC,yuba river,temperature,max,13.1
17,2023,yuba river,YR7,CDEC,yuba river,temperature,mean,10.957291666666666
17,2023,yuba river,YR7,CDEC,yuba river,temperature,min,9.4
18,2023,yuba river,YR7,CDEC,yuba river,temperature,max,12.7
18,2023,yuba river,YR7,CDEC,yuba river,temperature,mean,9.87215821812596
18,2023,yuba river,YR7,CDEC,yuba river,temperature,min,8.9
19,2023,yuba river,YR7,CDEC,yuba river,temperature,max,13.6
19,2023,yuba river,YR7,CDEC,yuba river,temperature,mean,10.401724896480331
19,2023,yuba river,YR7,CDEC,yuba river,temperature,min,8.7
20,2023,yuba river,YR7,CDEC,yuba river,temperature,max,13.5
20,2023,yuba river,YR7,CDEC,yuba river,temperature,mean,11.6125
20,2023,yuba river,YR7,CDEC,yuba river,temperature,min,10.1
21,2023,yuba river,YR7,CDEC,yuba river,temperature,max,13.8
21,2023,yuba river,YR7,CDEC,yuba river,temperature,mean,11.896185064935064
21,2023,yuba river,YR7,CDEC,yuba river,temperature,min,10.6
22,2023,yuba river,YR7,CDEC,yuba river,temperature,max,14.8
22,2023,yuba river,YR7,CDEC,yuba river,temperature,mean,12.488244047619048
22,2023,yuba river,YR7,CDEC,yuba river,temperature,min,11
23,2023,yuba river,YR7,CDEC,yuba river,temperature,max,14.9
23,2023,yuba river,YR7,CDEC,yuba river,temperature,mean,12.551041666666666
23,2023,yuba river,YR7,CDEC,yuba river,temperature,min,11.4
24,2023,yuba river,YR7,CDEC,yuba river,temperature,max,16.2
24,2023,yuba river,YR7,CDEC,yuba river,temperature,mean,13.536904761904761
24,2023,yuba river,YR7,CDEC,yuba river,temperature,min,11.9
25,2023,yuba river,YR7,CDEC,yuba river,temperature,max,16.5
25,2023,yuba river,YR7,CDEC,yuba river,temperature,mean,14.027083333333334
25,2023,yuba river,YR7,CDEC,yuba river,temperature,min,12
26,2023,yuba river,YR7,CDEC,yuba river,temperature,max,18.8
26,2023,yuba river,YR7,CDEC,yuba river,temperature,mean,15.224702380952381
26,2023,yuba river,YR7,CDEC,yuba river,temperature,min,12.2
27,2023,yuba river,YR7,CDEC,yuba river,temperature,max,19.1
27,2023,yuba river,YR7,CDEC,yuba river,temperature,mean,16.075892857142858
27,2023,yuba river,YR7,CDEC,yuba river,temperature,min,13.4
28,2023,yuba river,YR7,CDEC,yuba river,temperature,max,19
28,2023,yuba river,YR7,CDEC,yuba river,temperature,mean,15.931845238095237
28,2023,yuba river,YR7,CDEC,yuba river,temperature,min,13.1
29,2023,yuba river,YR7,CDEC,yuba river,temperature,max,18.8
29,2023,yuba river,YR7,CDEC,yuba river,temperature,mean,15.58051948051948
29,2023,yuba river,YR7,CDEC,yuba river,temperature,min,12.7
30,2023,yuba river,YR7,CDEC,yuba river,temperature,max,17.7
30,2023,yuba river,YR7,CDEC,yuba river,temperature,mean,14.938392857142857
30,2023,yuba river,YR7,CDEC,yuba river,temperature,min,12.4
31,2023,yuba river,YR7,CDEC,yuba river,temperature,max,17.4
31,2023,yuba river,YR7,CDEC,yuba river,temperature,mean,14.602083333333333
31,2023,yuba river,YR7,CDEC,yuba river,temperature,min,12.2
32,2023,yuba river,YR7,CDEC,yuba river,temperature,max,17.9
32,2023,yuba river,YR7,CDEC,yuba river,temperature,mean,14.798065476190477
32,2023,yuba river,YR7,CDEC,yuba river,temperature,min,12.2
33,2023,yuba river,YR7,CDEC,yuba river,temperature,max,17.9
33,2023,yuba river,YR7,CDEC,yuba river,temperature,mean,15.083630952380952
33,2023,yuba river,YR7,CDEC,yuba river,temperature,min,12.7
34,2023,yuba river,YR7,CDEC,yuba river,temperature,max,18.6
34,2023,yuba river,YR7,CDEC,yuba river,temperature,mean,15.467113095238096
34,2023,yuba river,YR7,CDEC,yuba river,temperature,min,13.2
35,2023,yuba river,YR7,CDEC,yuba river,temperature,max,18.9
35,2023,yuba river,YR7,CDEC,yuba river,temperature,mean,16.37142857142857
35,2023,yuba river,YR7,CDEC,yuba river,temperature,min,13.6
36,2023,yuba river,YR7,CDEC,yuba river,temperature,max,19.9
36,2023,yuba river,YR7,CDEC,yuba river,temperature,mean,17.676488095238096
36,2023,yuba river,YR7,CDEC,yuba river,temperature,min,15
37,2023,yuba river,YR7,CDEC,yuba river,temperature,max,19.9
37,2023,yuba river,YR7,CDEC,yuba river,temperature,mean,17.857142857142858
37,2023,yuba river,YR7,CDEC,yuba river,temperature,min,15.7
38,2023,yuba river,YR7,CDEC,yuba river,temperature,max,19.6
38,2023,yuba river,YR7,CDEC,yuba river,temperature,mean,17.60231227106227
38,2023,yuba river,YR7,CDEC,yuba river,temperature,min,15.2
39,2023,yuba river,YR7,CDEC,yuba river,temperature,max,19.1
39,2023,yuba river,YR7,CDEC,yuba river,temperature,mean,17.098660714285714
39,2023,yuba river,YR7,CDEC,yuba river,temperature,min,15.3
40,2023,yuba river,YR7,CDEC,yuba river,temperature,max,19.6
40,2023,yuba river,YR7,CDEC,yuba river,temperature,mean,17.53690476190476
40,2023,yuba river,YR7,CDEC,yuba river,temperature,min,15.5
41,2023,yuba river,YR7,CDEC,yuba river,temperature,max,19.5
41,2023,yuba river,YR7,CDEC,yuba river,temperature,mean,16.77157738095238
41,2023,yuba river,YR7,CDEC,yuba river,temperature,min,14.7
42,2023,yuba river,YR7,CDEC,yuba river,temperature,max,18
42,2023,yuba river,YR7,CDEC,yuba river,temperature,mean,16.480654761904763
42,2023,yuba river,YR7,CDEC,yuba river,temperature,min,15.1
43,2023,yuba river,YR7,CDEC,yuba river,temperature,max,17.2
43,2023,yuba river,YR7,CDEC,yuba river,temperature,mean,14.841517857142858
43,2023,yuba river,YR7,CDEC,yuba river,temperature,min,12.5
44,2023,yuba river,YR7,CDEC,yuba river,temperature,max,15.6
44,2023,yuba river,YR7,CDEC,yuba river,temperature,mean,13.592410714285714
44,2023,yuba river,YR7,CDEC,yuba river,temperature,min,11.6
45,2023,yuba river,YR7,CDEC,yuba river,temperature,max,15.5
45,2023,yuba river,YR7,CDEC,yuba river,temperature,mean,13.38735119047619
45,2023,yuba river,YR7,CDEC,yuba river,temperature,min,11.4
46,2023,yuba river,YR7,CDEC,yuba river,temperature,max,14.2
46,2023,yuba river,YR7,CDEC,yuba river,temperature,mean,12.788577668970815
46,2023,yuba river,YR7,CDEC,yuba river,temperature,min,11.6
47,2023,yuba river,YR7,CDEC,yuba river,temperature,max,12.9
47,2023,yuba river,YR7,CDEC,yuba river,temperature,mean,11.481448412698413
47,2023,yuba river,YR7,CDEC,yuba river,temperature,min,9.7
48,2023,yuba river,YR7,CDEC,yuba river,temperature,max,11.6
48,2023,yuba river,YR7,CDEC,yuba river,temperature,mean,10.619940476190477
48,2023,yuba river,YR7,CDEC,yuba river,temperature,min,9.4
49,2023,yuba river,YR7,CDEC,yuba river,temperature,max,12.4
49,2023,yuba river,YR7,CDEC,yuba river,temperature,mean,10.841894257703082
49,2023,yuba river,YR7,CDEC,yuba river,temperature,min,9
50,2023,yuba river,YR7,CDEC,yuba river,temperature,max,10.8
50,2023,yuba river,YR7,CDEC,yuba river,temperature,mean,9.711160714285715
50,2023,yuba river,YR7,CDEC,yuba river,temperature,min,8.8
51,2023,yuba river,YR7,CDEC,yuba river,temperature,max,12.4
51,2023,yuba river,YR7,CDEC,yuba river,temperature,mean,10.728571428571428
51,2023,yuba river,YR7,CDEC,yuba river,temperature,min,9.2
52,2023,yuba river,YR7,CDEC,yuba river,temperature,max,11.7
52,2023,yuba river,YR7,CDEC,yuba river,temperature,mean,10.617410714285715
52,2023,yuba river,YR7,CDEC,yuba river,temperature,min,9.3
53,2023,yuba river,YR7,CDEC,yuba river,temperature,max,11.1
53,2023,yuba river,YR7,CDEC,yuba river,temperature,mean,10.69375
53,2023,yuba river,YR7,CDEC,yuba river,temperature,min,10.3
1,2024,yuba river,YR7,CDEC,yuba river,temperature,max,11.3
1,2024,yuba river,YR7,CDEC,yuba river,temperature,mean,10.060541979949875
1,2024,yuba river,YR7,CDEC,yuba river,temperature,min,8.7
2,2024,yuba river,YR7,CDEC,yuba river,temperature,max,10.4
2,2024,yuba river,YR7,CDEC,yuba river,temperature,mean,9.443898809523809
2,2024,yuba river,YR7,CDEC,yuba river,temperature,min,8.2
3,2024,yuba river,YR7,CDEC,yuba river,temperature,max,11.2
3,2024,yuba river,YR7,CDEC,yuba river,temperature,mean,10.230952380952381
3,2024,yuba river,YR7,CDEC,yuba river,temperature,min,9.3
4,2024,yuba river,YR7,CDEC,yuba river,temperature,max,12.9
4,2024,yuba river,YR7,CDEC,yuba river,temperature,mean,11.004017857142857
4,2024,yuba river,YR7,CDEC,yuba river,temperature,min,10.2
5,2024,yuba river,YR7,CDEC,yuba river,temperature,max,15.1
5,2024,yuba river,YR7,CDEC,yuba river,temperature,mean,11.315625
5,2024,yuba river,YR7,CDEC,yuba river,temperature,min,9.8
6,2024,yuba river,YR7,CDEC,yuba river,temperature,max,11.9
6,2024,yuba river,YR7,CDEC,yuba river,temperature,mean,10.283089826839827
6,2024,yuba river,YR7,CDEC,yuba river,temperature,min,9.1
7,2024,yuba river,YR7,CDEC,yuba river,temperature,max,11.5
7,2024,yuba river,YR7,CDEC,yuba river,temperature,mean,10.10327380952381
7,2024,yuba river,YR7,CDEC,yuba river,temperature,min,9.1
8,2024,yuba river,YR7,CDEC,yuba river,temperature,max,11.8
8,2024,yuba river,YR7,CDEC,yuba river,temperature,mean,10.311160714285714
8,2024,yuba river,YR7,CDEC,yuba river,temperature,min,9.3
9,2024,yuba river,YR7,CDEC,yuba river,temperature,max,11.7
9,2024,yuba river,YR7,CDEC,yuba river,temperature,mean,9.860511651469098
9,2024,yuba river,YR7,CDEC,yuba river,temperature,min,8.8
10,2024,yuba river,YR7,CDEC,yuba river,temperature,max,11.5
10,2024,yuba river,YR7,CDEC,yuba river,temperature,mean,9.743756469979296
10,2024,yuba river,YR7,CDEC,yuba river,temperature,min,8.6
11,2024,yuba river,YR7,CDEC,yuba river,temperature,max,13.1
11,2024,yuba river,YR7,CDEC,yuba river,temperature,mean,10.493767636684304
11,2024,yuba river,YR7,CDEC,yuba river,temperature,min,9
12,2024,yuba river,YR7,CDEC,yuba river,temperature,max,13.8
12,2024,yuba river,YR7,CDEC,yuba river,temperature,mean,11.420386904761905
12,2024,yuba river,YR7,CDEC,yuba river,temperature,min,9.9
13,2024,yuba river,YR7,CDEC,yuba river,temperature,max,13.4
13,2024,yuba river,YR7,CDEC,yuba river,temperature,mean,10.84375
13,2024,yuba river,YR7,CDEC,yuba river,temperature,min,9.7
14,2024,yuba river,YR7,CDEC,yuba river,temperature,max,14
14,2024,yuba river,YR7,CDEC,yuba river,temperature,mean,11.273511904761905
14,2024,yuba river,YR7,CDEC,yuba river,temperature,min,9.5
15,2024,yuba river,YR7,CDEC,yuba river,temperature,max,14.5
15,2024,yuba river,YR7,CDEC,yuba river,temperature,mean,11.686914260385006
15,2024,yuba river,YR7,CDEC,yuba river,temperature,min,9.7
16,2024,yuba river,YR7,CDEC,yuba river,temperature,max,15.3
16,2024,yuba river,YR7,CDEC,yuba river,temperature,mean,12.416369047619048
16,2024,yuba river,YR7,CDEC,yuba river,temperature,min,10.4
17,2024,yuba river,YR7,CDEC,yuba river,temperature,max,15.3
17,2024,yuba river,YR7,CDEC,yuba river,temperature,mean,12.288244047619047
17,2024,yuba river,YR7,CDEC,yuba river,temperature,min,10.7
18,2024,yuba river,YR7,CDEC,yuba river,temperature,max,14.5
18,2024,yuba river,YR7,CDEC,yuba river,temperature,mean,11.945535714285715
18,2024,yuba river,YR7,CDEC,yuba river,temperature,min,10.4
19,2024,yuba river,YR7,CDEC,yuba river,temperature,max,15.4
19,2024,yuba river,YR7,CDEC,yuba river,temperature,mean,12.357589285714287
19,2024,yuba river,YR7,CDEC,yuba river,temperature,min,10
20,2024,yuba river,YR7,CDEC,yuba river,temperature,max,16.4
20,2024,yuba river,YR7,CDEC,yuba river,temperature,mean,13.763541666666667
20,2024,yuba river,YR7,CDEC,yuba river,temperature,min,11.7
21,2024,yuba river,YR7,CDEC,yuba river,temperature,max,16.6
21,2024,yuba river,YR7,CDEC,yuba river,temperature,mean,13.67485119047619
21,2024,yuba river,YR7,CDEC,yuba river,temperature,min,11.9
22,2024,yuba river,YR7,CDEC,yuba river,temperature,max,17.7
22,2024,yuba river,YR7,CDEC,yuba river,temperature,mean,14.961607142857142
22,2024,yuba river,YR7,CDEC,yuba river,temperature,min,12.5
23,2024,yuba river,YR7,CDEC,yuba river,temperature,max,19
23,2024,yuba river,YR7,CDEC,yuba river,temperature,mean,16.00297619047619
23,2024,yuba river,YR7,CDEC,yuba river,temperature,min,13.7
24,2024,yuba river,YR7,CDEC,yuba river,temperature,max,20.1
24,2024,yuba river,YR7,CDEC,yuba river,temperature,mean,16.83080357142857
24,2024,yuba river,YR7,CDEC,yuba river,temperature,min,14
25,2024,yuba river,YR7,CDEC,yuba river,temperature,max,19.7
25,2024,yuba river,YR7,CDEC,yuba river,temperature,mean,16.357886904761905
25,2024,yuba river,YR7,CDEC,yuba river,temperature,min,13.8
26,2024,yuba river,YR7,CDEC,yuba river,temperature,max,19.9
26,2024,yuba river,YR7,CDEC,yuba river,temperature,mean,16.688716356107662
26,2024,yuba river,YR7,CDEC,yuba river,temperature,min,14.1
27,2024,yuba river,YR7,CDEC,yuba river,temperature,max,20.6
27,2024,yuba river,YR7,CDEC,yuba river,temperature,mean,17.410416666666666
27,2024,yuba river,YR7,CDEC,yuba river,temperature,min,14.5
28,2024,yuba river,YR7,CDEC,yuba river,temperature,max,20.6
28,2024,yuba river,YR7,CDEC,yuba river,temperature,mean,17.426190476190477
28,2024,yuba river,YR7,CDEC,yuba river,temperature,min,14.9
29,2024,yuba river,YR7,CDEC,yuba river,temperature,max,20.7
29,2024,yuba river,YR7,CDEC,yuba river,temperature,mean,17.723214285714285
29,2024,yuba river,YR7,CDEC,yuba river,temperature,min,14.6
30,2024,yuba river,YR7,CDEC,yuba river,temperature,max,21.1
30,2024,yuba river,YR7,CDEC,yuba river,temperature,mean,17.704839544513458
30,2024,yuba river,YR7,CDEC,yuba river,temperature,min,14.5
31,2024,yuba river,YR7,CDEC,yuba river,temperature,max,20.3
31,2024,yuba river,YR7,CDEC,yuba river,temperature,mean,17.1625
31,2024,yuba river,YR7,CDEC,yuba river,temperature,min,14.6
32,2024,yuba river,YR7,CDEC,yuba river,temperature,max,19.8
32,2024,yuba river,YR7,CDEC,yuba river,temperature,mean,16.903422619047618
32,2024,yuba river,YR7,CDEC,yuba river,temperature,min,14.2
33,2024,yuba river,YR7,CDEC,yuba river,temperature,max,19
33,2024,yuba river,YR7,CDEC,yuba river,temperature,mean,16.276785714285715
33,2024,yuba river,YR7,CDEC,yuba river,temperature,min,13.7
34,2024,yuba river,YR7,CDEC,yuba river,temperature,max,18.3
34,2024,yuba river,YR7,CDEC,yuba river,temperature,mean,15.5509570802005
34,2024,yuba river,YR7,CDEC,yuba river,temperature,min,13.3
35,2024,yuba river,YR7,CDEC,yuba river,temperature,max,20.1
35,2024,yuba river,YR7,CDEC,yuba river,temperature,mean,17.07470238095238
35,2024,yuba river,YR7,CDEC,yuba river,temperature,min,13.8
36,2024,yuba river,YR7,CDEC,yuba river,temperature,max,20.9
36,2024,yuba river,YR7,CDEC,yuba river,temperature,mean,18.585416666666667
36,2024,yuba river,YR7,CDEC,yuba river,temperature,min,16.1
37,2024,yuba river,YR7,CDEC,yuba river,temperature,max,20.6
37,2024,yuba river,YR7,CDEC,yuba river,temperature,mean,17.986160714285713
37,2024,yuba river,YR7,CDEC,yuba river,temperature,min,15.9
38,2024,yuba river,YR7,CDEC,yuba river,temperature,max,19.6
38,2024,yuba river,YR7,CDEC,yuba river,temperature,mean,17.448819022289765
38,2024,yuba river,YR7,CDEC,yuba river,temperature,min,15.5
39,2024,yuba river,YR7,CDEC,yuba river,temperature,max,19.6
39,2024,yuba river,YR7,CDEC,yuba river,temperature,mean,17.564434523809524
39,2024,yuba river,YR7,CDEC,yuba river,temperature,min,15.6
40,2024,yuba river,YR7,CDEC,yuba river,temperature,max,19.1
40,2024,yuba river,YR7,CDEC,yuba river,temperature,mean,17.202976190476193
40,2024,yuba river,YR7,CDEC,yuba river,temperature,min,15.4
41,2024,yuba river,YR7,CDEC,yuba river,temperature,max,19
41,2024,yuba river,YR7,CDEC,yuba river,temperature,mean,16.913988095238096
41,2024,yuba river,YR7,CDEC,yuba river,temperature,min,15
42,2024,yuba river,YR7,CDEC,yuba river,temperature,max,18.6
42,2024,yuba river,YR7,CDEC,yuba river,temperature,mean,16.044047619047618
42,2024,yuba river,YR7,CDEC,yuba river,temperature,min,13.4
43,2024,yuba river,YR7,CDEC,yuba river,temperature,max,16.6
43,2024,yuba river,YR7,CDEC,yuba river,temperature,mean,15.06205357142857
43,2024,yuba river,YR7,CDEC,yuba river,temperature,min,13.5
44,2024,yuba river,YR7,CDEC,yuba river,temperature,max,15.8
44,2024,yuba river,YR7,CDEC,yuba river,temperature,mean,13.96889880952381
44,2024,yuba river,YR7,CDEC,yuba river,temperature,min,12.5
45,2024,yuba river,YR7,CDEC,yuba river,temperature,max,14.6
45,2024,yuba river,YR7,CDEC,yuba river,temperature,mean,12.857552693208431
45,2024,yuba river,YR7,CDEC,yuba river,temperature,min,11.6
46,2024,yuba river,YR7,CDEC,yuba river,temperature,max,13.5
46,2024,yuba river,YR7,CDEC,yuba river,temperature,mean,12.114583333333334
46,2024,yuba river,YR7,CDEC,yuba river,temperature,min,10.6
47,2024,yuba river,YR7,CDEC,yuba river,temperature,max,12.7
47,2024,yuba river,YR7,CDEC,yuba river,temperature,mean,11.32485119047619
47,2024,yuba river,YR7,CDEC,yuba river,temperature,min,10.2
48,2024,yuba river,YR7,CDEC,yuba river,temperature,max,12.4
48,2024,yuba river,YR7,CDEC,yuba river,temperature,mean,10.908035714285715
48,2024,yuba river,YR7,CDEC,yuba river,temperature,min,9.6
49,2024,yuba river,YR7,CDEC,yuba river,temperature,max,12.1
49,2024,yuba river,YR7,CDEC,yuba river,temperature,mean,11.008779761904762
49,2024,yuba river,YR7,CDEC,yuba river,temperature,min,9.8
50,2024,yuba river,YR7,CDEC,yuba river,temperature,max,11.1
50,2024,yuba river,YR7,CDEC,yuba river,temperature,mean,10.32217261904762
50,2024,yuba river,YR7,CDEC,yuba river,temperature,min,9.1
51,2024,yuba river,YR7,CDEC,yuba river,temperature,max,11.8
51,2024,yuba river,YR7,CDEC,yuba river,temperature,mean,10.375297619047618
51,2024,yuba river,YR7,CDEC,yuba river,temperature,min,9.7
52,2024,yuba river,YR7,CDEC,yuba river,temperature,max,11.9
52,2024,yuba river,YR7,CDEC,yuba river,temperature,mean,10.945833333333333
52,2024,yuba river,YR7,CDEC,yuba river,temperature,min,9.8
53,2024,yuba river,YR7,CDEC,yuba river,temperature,max,10.9
53,2024,yuba river,YR7,CDEC,yuba river,temperature,mean,10.1328125
53,2024,yuba river,YR7,CDEC,yuba river,temperature,min,9.3
1,2025,yuba river,YR7,CDEC,yuba river,temperature,max,11.5
1,2025,yuba river,YR7,CDEC,yuba river,temperature,mean,10.486309523809524
1,2025,yuba river,YR7,CDEC,yuba river,temperature,min,9.5
2,2025,yuba river,YR7,CDEC,yuba river,temperature,max,11.3
2,2025,yuba river,YR7,CDEC,yuba river,temperature,mean,9.872470238095238
2,2025,yuba river,YR7,CDEC,yuba river,temperature,min,8.6
3,2025,yuba river,YR7,CDEC,yuba river,temperature,max,10.7
3,2025,yuba river,YR7,CDEC,yuba river,temperature,mean,9.430357142857142
3,2025,yuba river,YR7,CDEC,yuba river,temperature,min,8
4,2025,yuba river,YR7,CDEC,yuba river,temperature,max,10.4
4,2025,yuba river,YR7,CDEC,yuba river,temperature,mean,9.04732142857143
4,2025,yuba river,YR7,CDEC,yuba river,temperature,min,7.8
5,2025,yuba river,YR7,CDEC,yuba river,temperature,max,10.2
5,2025,yuba river,YR7,CDEC,yuba river,temperature,mean,9.042708333333334
5,2025,yuba river,YR7,CDEC,yuba river,temperature,min,7.6
6,2025,yuba river,YR7,CDEC,yuba river,temperature,max,10.2
6,2025,yuba river,YR7,CDEC,yuba river,temperature,mean,9.139136904761905
6,2025,yuba river,YR7,CDEC,yuba river,temperature,min,8.2
7,2025,yuba river,YR7,CDEC,yuba river,temperature,max,10.3
7,2025,yuba river,YR7,CDEC,yuba river,temperature,mean,9.048809523809524
7,2025,yuba river,YR7,CDEC,yuba river,temperature,min,8.1
8,2025,yuba river,YR7,CDEC,yuba river,temperature,max,11.1
8,2025,yuba river,YR7,CDEC,yuba river,temperature,mean,9.470982142857142
8,2025,yuba river,YR7,CDEC,yuba river,temperature,min,8.4
9,2025,yuba river,YR7,CDEC,yuba river,temperature,max,11.3
9,2025,yuba river,YR7,CDEC,yuba river,temperature,mean,9.678720238095238
9,2025,yuba river,YR7,CDEC,yuba river,temperature,min,8.5
10,2025,yuba river,YR7,CDEC,yuba river,temperature,max,11.4
10,2025,yuba river,YR7,CDEC,yuba river,temperature,mean,9.429813664596272
10,2025,yuba river,YR7,CDEC,yuba river,temperature,min,8.2
11,2025,yuba river,YR7,CDEC,yuba river,temperature,max,10.8
11,2025,yuba river,YR7,CDEC,yuba river,temperature,mean,9.195684523809524
11,2025,yuba river,YR7,CDEC,yuba river,temperature,min,8.4
12,2025,yuba river,YR7,CDEC,yuba river,temperature,max,12.8
12,2025,yuba river,YR7,CDEC,yuba river,temperature,mean,10.034672619047619
12,2025,yuba river,YR7,CDEC,yuba river,temperature,min,8.5
13,2025,yuba river,YR7,CDEC,yuba river,temperature,max,12.8
13,2025,yuba river,YR7,CDEC,yuba river,temperature,mean,10.32797619047619
13,2025,yuba river,YR7,CDEC,yuba river,temperature,min,9.1
14,2025,yuba river,YR7,CDEC,yuba river,temperature,max,12.5
14,2025,yuba river,YR7,CDEC,yuba river,temperature,mean,10.306994047619048
14,2025,yuba river,YR7,CDEC,yuba river,temperature,min,8.7
15,2025,yuba river,YR7,CDEC,yuba river,temperature,max,13.5
15,2025,yuba river,YR7,CDEC,yuba river,temperature,mean,11.315476190476192
15,2025,yuba river,YR7,CDEC,yuba river,temperature,min,9.7
16,2025,yuba river,YR7,CDEC,yuba river,temperature,max,14.2
16,2025,yuba river,YR7,CDEC,yuba river,temperature,mean,11.769791666666666
16,2025,yuba river,YR7,CDEC,yuba river,temperature,min,10.3
17,2025,yuba river,YR7,CDEC,yuba river,temperature,max,14.6
17,2025,yuba river,YR7,CDEC,yuba river,temperature,mean,11.957589285714286
17,2025,yuba river,YR7,CDEC,yuba river,temperature,min,10.6
18,2025,yuba river,YR7,CDEC,yuba river,temperature,max,16.3
18,2025,yuba river,YR7,CDEC,yuba river,temperature,mean,13.354315476190475
18,2025,yuba river,YR7,CDEC,yuba river,temperature,min,11.1
19,2025,yuba river,YR7,CDEC,yuba river,temperature,max,16.6
19,2025,yuba river,YR7,CDEC,yuba river,temperature,mean,13.733035714285714
19,2025,yuba river,YR7,CDEC,yuba river,temperature,min,11.8
20,2025,yuba river,YR7,CDEC,yuba river,temperature,max,17
20,2025,yuba river,YR7,CDEC,yuba river,temperature,mean,13.971130952380953
20,2025,yuba river,YR7,CDEC,yuba river,temperature,min,11.8
21,2025,yuba river,YR7,CDEC,yuba river,temperature,max,17.6
21,2025,yuba river,YR7,CDEC,yuba river,temperature,mean,14.52827380952381
21,2025,yuba river,YR7,CDEC,yuba river,temperature,min,11.9
22,2025,yuba river,YR7,CDEC,yuba river,temperature,max,18.7
22,2025,yuba river,YR7,CDEC,yuba river,temperature,mean,15.74717261904762
22,2025,yuba river,YR7,CDEC,yuba river,temperature,min,0
23,2025,yuba river,YR7,CDEC,yuba river,temperature,max,20.3
23,2025,yuba river,YR7,CDEC,yuba river,temperature,mean,16.86279761904762
23,2025,yuba river,YR7,CDEC,yuba river,temperature,min,0
24,2025,yuba river,YR7,CDEC,yuba river,temperature,max,20.3
24,2025,yuba river,YR7,CDEC,yuba river,temperature,mean,17.377083333333335
24,2025,yuba river,YR7,CDEC,yuba river,temperature,min,14.8
25,2025,yuba river,YR7,CDEC,yuba river,temperature,max,20.5
25,2025,yuba river,YR7,CDEC,yuba river,temperature,mean,17.14404761904762
25,2025,yuba river,YR7,CDEC,yuba river,temperature,min,14.3
26,2025,yuba river,YR7,CDEC,yuba river,temperature,max,20
26,2025,yuba river,YR7,CDEC,yuba river,temperature,mean,17.064583333333335
26,2025,yuba river,YR7,CDEC,yuba river,temperature,min,14.3
27,2025,yuba river,YR7,CDEC,yuba river,temperature,max,32
27,2025,yuba river,YR7,CDEC,yuba river,temperature,mean,16.759305555555557
27,2025,yuba river,YR7,CDEC,yuba river,temperature,min,13.8
28,2025,yuba river,YR7,CDEC,yuba river,temperature,max,19.7
28,2025,yuba river,YR7,CDEC,yuba river,temperature,mean,16.815327380952382
28,2025,yuba river,YR7,CDEC,yuba river,temperature,min,14
29,2025,yuba river,YR7,CDEC,yuba river,temperature,max,19.3
29,2025,yuba river,YR7,CDEC,yuba river,temperature,mean,16.385863095238093
29,2025,yuba river,YR7,CDEC,yuba river,temperature,min,13.7
30,2025,yuba river,YR7,CDEC,yuba river,temperature,max,19.8
30,2025,yuba river,YR7,CDEC,yuba river,temperature,mean,16.56235119047619
30,2025,yuba river,YR7,CDEC,yuba river,temperature,min,13.6
31,2025,yuba river,YR7,CDEC,yuba river,temperature,max,19.8
31,2025,yuba river,YR7,CDEC,yuba river,temperature,mean,17.0125
31,2025,yuba river,YR7,CDEC,yuba river,temperature,min,14.2
32,2025,yuba river,YR7,CDEC,yuba river,temperature,max,19.8
32,2025,yuba river,YR7,CDEC,yuba river,temperature,mean,17.003720238095237
32,2025,yuba river,YR7,CDEC,yuba river,temperature,min,14.2
33,2025,yuba river,YR7,CDEC,yuba river,temperature,max,19.4
33,2025,yuba river,YR7,CDEC,yuba river,temperature,mean,16.68809523809524
33,2025,yuba river,YR7,CDEC,yuba river,temperature,min,13.8
34,2025,yuba river,YR7,CDEC,yuba river,temperature,max,19.3
34,2025,yuba river,YR7,CDEC,yuba river,temperature,mean,16.626339285714288
34,2025,yuba river,YR7,CDEC,yuba river,temperature,min,13.9
35,2025,yuba river,YR7,CDEC,yuba river,temperature,max,19.7
35,2025,yuba river,YR7,CDEC,yuba river,temperature,mean,16.979017857142857
35,2025,yuba river,YR7,CDEC,yuba river,temperature,min,14.2
36,2025,yuba river,YR7,CDEC,yuba river,temperature,max,20
36,2025,yuba river,YR7,CDEC,yuba river,temperature,mean,17.673363095238095
36,2025,yuba river,YR7,CDEC,yuba river,temperature,min,15.4
37,2025,yuba river,YR7,CDEC,yuba river,temperature,max,20.1
37,2025,yuba river,YR7,CDEC,yuba river,temperature,mean,17.947916666666668
37,2025,yuba river,YR7,CDEC,yuba river,temperature,min,16
38,2025,yuba river,YR7,CDEC,yuba river,temperature,max,20.3
38,2025,yuba river,YR7,CDEC,yuba river,temperature,mean,18.188839285714288
38,2025,yuba river,YR7,CDEC,yuba river,temperature,min,16.2
39,2025,yuba river,YR7,CDEC,yuba river,temperature,max,19.7
39,2025,yuba river,YR7,CDEC,yuba river,temperature,mean,17.2232683982684
39,2025,yuba river,YR7,CDEC,yuba river,temperature,min,15.4
40,2025,yuba river,YR7,CDEC,yuba river,temperature,max,19
40,2025,yuba river,YR7,CDEC,yuba river,temperature,mean,16.62470238095238
40,2025,yuba river,YR7,CDEC,yuba river,temperature,min,15.1
41,2025,yuba river,YR7,CDEC,yuba river,temperature,max,18.9
41,2025,yuba river,YR7,CDEC,yuba river,temperature,mean,16.175
41,2025,yuba river,YR7,CDEC,yuba river,temperature,min,14.1
42,2025,yuba river,YR7,CDEC,yuba river,temperature,max,16.9
42,2025,yuba river,YR7,CDEC,yuba river,temperature,mean,15.159970238095237
42,2025,yuba river,YR7,CDEC,yuba river,temperature,min,13.4
43,2025,yuba river,YR7,CDEC,yuba river,temperature,max,16.5
43,2025,yuba river,YR7,CDEC,yuba river,temperature,mean,15.041071428571428
43,2025,yuba river,YR7,CDEC,yuba river,temperature,min,13.5
44,2025,yuba river,YR7,CDEC,yuba river,temperature,max,25.3
44,2025,yuba river,YR7,CDEC,yuba river,temperature,mean,14.811309523809523
44,2025,yuba river,YR7,CDEC,yuba river,temperature,min,13.4
45,2025,yuba river,YR7,CDEC,yuba river,temperature,max,15.8
45,2025,yuba river,YR7,CDEC,yuba river,temperature,mean,14.328720238095238
45,2025,yuba river,YR7,CDEC,yuba river,temperature,min,13.2
46,2025,yuba river,YR7,CDEC,yuba river,temperature,max,14.7
46,2025,yuba river,YR7,CDEC,yuba river,temperature,mean,13.560688405797102
46,2025,yuba river,YR7,CDEC,yuba river,temperature,min,12.3
47,2025,yuba river,YR7,CDEC,yuba river,temperature,max,13.9
47,2025,yuba river,YR7,CDEC,yuba river,temperature,mean,12.66367977131564
47,2025,yuba river,YR7,CDEC,yuba river,temperature,min,11.6
48,2025,yuba river,YR7,CDEC,yuba river,temperature,max,12.5
48,2025,yuba river,YR7,CDEC,yuba river,temperature,mean,11.602730919442877
48,2025,yuba river,YR7,CDEC,yuba river,temperature,min,10.7
49,2025,yuba river,YR7,CDEC,yuba river,temperature,max,11.9
49,2025,yuba river,YR7,CDEC,yuba river,temperature,mean,10.867882885849848
49,2025,yuba river,YR7,CDEC,yuba river,temperature,min,10.5
50,2025,yuba river,YR7,CDEC,yuba river,temperature,max,10.9
50,2025,yuba river,YR7,CDEC,yuba river,temperature,mean,10.401847728426892
50,2025,yuba river,YR7,CDEC,yuba river,temperature,min,10
51,2025,yuba river,YR7,CDEC,yuba river,temperature,max,12.1
51,2025,yuba river,YR7,CDEC,yuba river,temperature,mean,11.477890316205533
51,2025,yuba river,YR7,CDEC,yuba river,temperature,min,10.5
52,2025,yuba river,YR7,CDEC,yuba river,temperature,max,12.1
52,2025,yuba river,YR7,CDEC,yuba river,temperature,mean,11.072408317827513
52,2025,yuba river,YR7,CDEC,yuba river,temperature,min,9.8
53,2025,yuba river,YR7,CDEC,yuba river,temperature,max,10.6
53,2025,yuba river,YR7,CDEC,yuba river,temperature,mean,10.33932584269663
53,2025,yuba river,YR7,CDEC,yuba river,temperature,min,10
1,2026,yuba river,YR7,CDEC,yuba river,temperature,max,11.9
1,2026,yuba river,YR7,CDEC,yuba river,temperature,mean,11.035890538033396
1,2026,yuba river,YR7,CDEC,yuba river,temperature,min,10.4
1,2026,yuba river,interpolated,interpolated,yuba river,temperature,max,13.04206398821641
1,2026,yuba river,interpolated,interpolated,yuba river,temperature,mean,11.988085086915586
1,2026,yuba river,interpolated,interpolated,yuba river,temperature,min,11.317224455114594
2,2026,yuba river,YR7,CDEC,yuba river,temperature,max,11.4
2,2026,yuba river,YR7,CDEC,yuba river,temperature,mean,10.465885451505017
2,2026,yuba river,YR7,CDEC,yuba river,temperature,min,9.5
2,2026,yuba river,interpolated,interpolated,yuba river,temperature,max,11.861247488960863
2,2026,yuba river,interpolated,interpolated,yuba river,temperature,mean,10.84278127926912
2,2026,yuba river,interpolated,interpolated,yuba river,temperature,min,10.09825257445338
3,2026,yuba river,YR7,CDEC,yuba river,temperature,max,11.3
3,2026,yuba river,YR7,CDEC,yuba river,temperature,mean,10.149404761904762
3,2026,yuba river,YR7,CDEC,yuba river,temperature,min,9.4
4,2026,yuba river,YR7,CDEC,yuba river,temperature,max,11.6
4,2026,yuba river,YR7,CDEC,yuba river,temperature,mean,10.083928571428572
4,2026,yuba river,YR7,CDEC,yuba river,temperature,min,9.1
5,2026,yuba river,YR7,CDEC,yuba river,temperature,max,13.5
5,2026,yuba river,YR7,CDEC,yuba river,temperature,mean,10.55215450310559
5,2026,yuba river,YR7,CDEC,yuba river,temperature,min,9.4
6,2026,yuba river,YR7,CDEC,yuba river,temperature,max,12.7
6,2026,yuba river,YR7,CDEC,yuba river,temperature,mean,11.200744047619047
6,2026,yuba river,YR7,CDEC,yuba river,temperature,min,9.8
7,2026,yuba river,YR7,CDEC,yuba river,temperature,max,12.8
7,2026,yuba river,YR7,CDEC,yuba river,temperature,mean,10.998065476190476
7,2026,yuba river,YR7,CDEC,yuba river,temperature,min,9.3
8,2026,yuba river,YR7,CDEC,yuba river,temperature,max,11.6
8,2026,yuba river,YR7,CDEC,yuba river,temperature,mean,10.250744047619047
8,2026,yuba river,YR7,CDEC,yuba river,temperature,min,9.1
9,2026,yuba river,YR7,CDEC,yuba river,temperature,max,12.4
9,2026,yuba river,YR7,CDEC,yuba river,temperature,mean,11.002529761904762
9,2026,yuba river,YR7,CDEC,yuba river,temperature,min,10
10,2026,yuba river,YR7,CDEC,yuba river,temperature,max,13.6
10,2026,yuba river,YR7,CDEC,yuba river,temperature,mean,11.369299948240165
10,2026,yuba river,YR7,CDEC,yuba river,temperature,min,10
11,2026,yuba river,YR7,CDEC,yuba river,temperature,max,15.7
11,2026,yuba river,YR7,CDEC,yuba river,temperature,mean,12.678720238095238
11,2026,yuba river,YR7,CDEC,yuba river,temperature,min,10.8
12,2026,yuba river,YR7,CDEC,yuba river,temperature,max,17
12,2026,yuba river,YR7,CDEC,yuba river,temperature,mean,14.705505952380951
12,2026,yuba river,YR7,CDEC,yuba river,temperature,min,12.3
13,2026,yuba river,YR7,CDEC,yuba river,temperature,max,17.2
13,2026,yuba river,YR7,CDEC,yuba river,temperature,mean,14.898809523809524
13,2026,yuba river,YR7,CDEC,yuba river,temperature,min,13.1
14,2026,yuba river,YR7,CDEC,yuba river,temperature,max,17.3
14,2026,yuba river,YR7,CDEC,yuba river,temperature,mean,14.468005952380953
14,2026,yuba river,YR7,CDEC,yuba river,temperature,min,12.3
15,2026,yuba river,YR7,CDEC,yuba river,temperature,max,17.2
15,2026,yuba river,YR7,CDEC,yuba river,temperature,mean,14.158928571428572
15,2026,yuba river,YR7,CDEC,yuba river,temperature,min,12.5
16,2026,yuba river,YR7,CDEC,yuba river,temperature,max,15.9
16,2026,yuba river,YR7,CDEC,yuba river,temperature,mean,13.676190476190476
16,2026,yuba river,YR7,CDEC,yuba river,temperature,min,12.2
17,2026,yuba river,YR7,CDEC,yuba river,temperature,max,17.9
17,2026,yuba river,YR7,CDEC,yuba river,temperature,mean,14.68125
17,2026,yuba river,YR7,CDEC,yuba river,temperature,min,12.7
18,2026,yuba river,YR7,CDEC,yuba river,temperature,max,18.4
18,2026,yuba river,YR7,CDEC,yuba river,temperature,mean,15.492857142857144
18,2026,yuba river,YR7,CDEC,yuba river,temperature,min,13.9
19,2026,yuba river,YR7,CDEC,yuba river,temperature,max,19.9
19,2026,yuba river,YR7,CDEC,yuba river,temperature,mean,16.754613095238096
19,2026,yuba river,YR7,CDEC,yuba river,temperature,min,14
20,2026,yuba river,YR7,CDEC,yuba river,temperature,max,20.4
20,2026,yuba river,YR7,CDEC,yuba river,temperature,mean,17.171279761904763
20,2026,yuba river,YR7,CDEC,yuba river,temperature,min,14.4
21,2026,yuba river,YR7,CDEC,yuba river,temperature,max,20.8
21,2026,yuba river,YR7,CDEC,yuba river,temperature,mean,17.54702380952381
21,2026,yuba river,YR7,CDEC,yuba river,temperature,min,14.8
22,2026,yuba river,YR7,CDEC,yuba river,temperature,max,21.2
22,2026,yuba river,YR7,CDEC,yuba river,temperature,mean,17.460818768996962
22,2026,yuba river,YR7,CDEC,yuba river,temperature,min,14.8
23,2026,yuba river,YR7,CDEC,yuba river,temperature,max,21.6
23,2026,yuba river,YR7,CDEC,yuba river,temperature,mean,18.69309993734336
23,2026,yuba river,YR7,CDEC,yuba river,temperature,min,15.9
24,2026,yuba river,YR7,CDEC,yuba river,temperature,max,23.3
24,2026,yuba river,YR7,CDEC,yuba river,temperature,mean,19.988541666666666
24,2026,yuba river,YR7,CDEC,yuba river,temperature,min,16.5
25,2026,yuba river,YR7,CDEC,yuba river,temperature,max,23.6
25,2026,yuba river,YR7,CDEC,yuba river,temperature,mean,20.931704192546583
25,2026,yuba river,YR7,CDEC,yuba river,temperature,min,17.9
26,2026,yuba river,YR7,CDEC,yuba river,temperature,max,23.4
26,2026,yuba river,YR7,CDEC,yuba river,temperature,mean,20.545684523809523
26,2026,yuba river,YR7,CDEC,yuba river,temperature,min,18.1
27,2026,yuba river,YR7,CDEC,yuba river,temperature,max,23.7
27,2026,yuba river,YR7,CDEC,yuba river,temperature,mean,20.91279761904762
27,2026,yuba river,YR7,CDEC,yuba river,temperature,min,18.1
28,2026,yuba river,YR7,CDEC,yuba river,temperature,max,24.5
28,2026,yuba river,YR7,CDEC,yuba river,temperature,mean,21.213392857142857
28,2026,yuba river,YR7,CDEC,yuba river,temperature,min,18.7
29,2026,yuba river,YR7,CDEC,yuba river,temperature,max,24.1
29,2026,yuba river,YR7,CDEC,yuba river,temperature,mean,21.323958333333334
29,2026,yuba river,YR7,CDEC,yuba river,temperature,min,18.6
30,2026,yuba river,YR7,CDEC,yuba river,temperature,max,23.8
30,2026,yuba river,YR7,CDEC,yuba river,temperature,mean,21.326475155279503
30,2026,yuba river,YR7,CDEC,yuba river,temperature,min,18.8
31,2026,yuba river,YR7,CDEC,yuba river,temperature,max,24.1
31,2026,yuba river,YR7,CDEC,yuba river,temperature,mean,21.448214285714286
31,2026,yuba river,YR7,CDEC,yuba river,temperature,min,18.7
32,2026,yuba river,YR7,CDEC,yuba river,temperature,max,23.9
32,2026,yuba river,YR7,CDEC,yuba river,temperature,mean,21.159970238095237
32,2026,yuba river,YR7,CDEC,yuba river,temperature,min,18.6
33,2026,yuba river,YR7,CDEC,yuba river,temperature,max,22.6
33,2026,yuba river,YR7,CDEC,yuba river,temperature,mean,20.313839285714288
33,2026,yuba river,YR7,CDEC,yuba river,temperature,min,18
34,2026,yuba river,YR7,CDEC,yuba river,temperature,max,21.9
34,2026,yuba river,YR7,CDEC,yuba river,temperature,mean,19.695833333333333
34,2026,yuba river,YR7,CDEC,yuba river,temperature,min,17.3
35,2026,yuba river,YR7,CDEC,yuba river,temperature,max,20.9
35,2026,yuba river,YR7,CDEC,yuba river,temperature,mean,18.36389567669173
35,2026,yuba river,YR7,CDEC,yuba river,temperature,min,16.1
36,2026,yuba river,YR7,CDEC,yuba river,temperature,max,20.7
36,2026,yuba river,YR7,CDEC,yuba river,temperature,mean,18.08110119047619
36,2026,yuba river,YR7,CDEC,yuba river,temperature,min,16.1
37,2026,yuba river,YR7,CDEC,yuba river,temperature,max,21.4
37,2026,yuba river,YR7,CDEC,yuba river,temperature,mean,18.488541666666666
37,2026,yuba river,YR7,CDEC,yuba river,temperature,min,16
38,2026,yuba river,YR7,CDEC,yuba river,temperature,max,20.1
38,2026,yuba river,YR7,CDEC,yuba river,temperature,mean,18.06919642857143
38,2026,yuba river,YR7,CDEC,yuba river,temperature,min,16.1
39,2026,yuba river,YR7,CDEC,yuba river,temperature,max,19.7
39,2026,yuba river,YR7,CDEC,yuba river,temperature,mean,17.53080357142857
39,2026,yuba river,YR7,CDEC,yuba river,temperature,min,15.4
40,2026,yuba river,YR7,CDEC,yuba river,temperature,max,20.1
40,2026,yuba river,YR7,CDEC,yuba river,temperature,mean,18.178720238095238
40,2026,yuba river,YR7,CDEC,yuba river,temperature,min,16.2
41,2026,yuba river,YR7,CDEC,yuba river,temperature,max,19.3
41,2026,yuba river,YR7,CDEC,yuba river,temperature,mean,17.805
41,2026,yuba river,YR7,CDEC,yuba river,temperature,min,16.9
