week,year,stream,gage_number,gage_agency,site_group,parameter,statistic,value
1,1990,clear creek,11372000,USGS,clear creek,flow,max,138
1,1990,clear creek,11372000,USGS,clear creek,flow,mean,75.4985119047619
1,1990,clear creek,11372000,USGS,clear creek,flow,min,60
2,1990,clear creek,11372000,USGS,clear creek,flow,max,449
2,1990,clear creek,11372000,USGS,clear creek,flow,mean,136.5
2,1990,clear creek,11372000,USGS,clear creek,flow,min,73
9,1990,clear creek,11372000,USGS,clear creek,flow,max,119
9,1990,clear creek,11372000,USGS,clear creek,flow,mean,96.3298611111111
9,1990,clear creek,11372000,USGS,clear creek,flow,min,72
10,1990,clear creek,11372000,USGS,clear creek,flow,max,114
10,1990,clear creek,11372000,USGS,clear creek,flow,mean,89.44791666666666
10,1990,clear creek,11372000,USGS,clear creek,flow,min,78
11,1990,clear creek,11372000,USGS,clear creek,flow,max,81
11,1990,clear creek,11372000,USGS,clear creek,flow,mean,75.83035714285714
11,1990,clear creek,11372000,USGS,clear creek,flow,min,72
12,1990,clear creek,11372000,USGS,clear creek,flow,max,72
12,1990,clear creek,11372000,USGS,clear creek,flow,mean,69.05059523809524
12,1990,clear creek,11372000,USGS,clear creek,flow,min,67
13,1990,clear creek,11372000,USGS,clear creek,flow,max,68
13,1990,clear creek,11372000,USGS,clear creek,flow,mean,66.37797619047619
13,1990,clear creek,11372000,USGS,clear creek,flow,min,65
14,1990,clear creek,11372000,USGS,clear creek,flow,max,68
14,1990,clear creek,11372000,USGS,clear creek,flow,mean,65.67016045548654
14,1990,clear creek,11372000,USGS,clear creek,flow,min,64
15,1990,clear creek,11372000,USGS,clear creek,flow,max,68
15,1990,clear creek,11372000,USGS,clear creek,flow,mean,65.40625
15,1990,clear creek,11372000,USGS,clear creek,flow,min,64
16,1990,clear creek,11372000,USGS,clear creek,flow,max,65
16,1990,clear creek,11372000,USGS,clear creek,flow,mean,63.97916666666667
16,1990,clear creek,11372000,USGS,clear creek,flow,min,63
17,1990,clear creek,11372000,USGS,clear creek,flow,max,113
17,1990,clear creek,11372000,USGS,clear creek,flow,mean,68.32291666666667
17,1990,clear creek,11372000,USGS,clear creek,flow,min,63
18,1990,clear creek,11372000,USGS,clear creek,flow,max,63
18,1990,clear creek,11372000,USGS,clear creek,flow,mean,61.66666666666667
18,1990,clear creek,11372000,USGS,clear creek,flow,min,61
19,1990,clear creek,11372000,USGS,clear creek,flow,max,63
19,1990,clear creek,11372000,USGS,clear creek,flow,mean,60.730654761904766
19,1990,clear creek,11372000,USGS,clear creek,flow,min,60
20,1990,clear creek,11372000,USGS,clear creek,flow,max,67
20,1990,clear creek,11372000,USGS,clear creek,flow,mean,60.90773809523809
20,1990,clear creek,11372000,USGS,clear creek,flow,min,60
21,1990,clear creek,11372000,USGS,clear creek,flow,max,1140
21,1990,clear creek,11372000,USGS,clear creek,flow,mean,346.9834558823529
21,1990,clear creek,11372000,USGS,clear creek,flow,min,96
22,1990,clear creek,11372000,USGS,clear creek,flow,max,1420
22,1990,clear creek,11372000,USGS,clear creek,flow,mean,295.0863095238095
22,1990,clear creek,11372000,USGS,clear creek,flow,min,108
23,1990,clear creek,11372000,USGS,clear creek,flow,max,108
23,1990,clear creek,11372000,USGS,clear creek,flow,mean,88.55952380952381
23,1990,clear creek,11372000,USGS,clear creek,flow,min,76
24,1990,clear creek,11372000,USGS,clear creek,flow,max,104
24,1990,clear creek,11372000,USGS,clear creek,flow,mean,78.57589285714286
24,1990,clear creek,11372000,USGS,clear creek,flow,min,68
25,1990,clear creek,11372000,USGS,clear creek,flow,max,68
25,1990,clear creek,11372000,USGS,clear creek,flow,mean,63.828869047619044
25,1990,clear creek,11372000,USGS,clear creek,flow,min,61
26,1990,clear creek,11372000,USGS,clear creek,flow,max,61
26,1990,clear creek,11372000,USGS,clear creek,flow,mean,59.9345238095238
26,1990,clear creek,11372000,USGS,clear creek,flow,min,59
27,1990,clear creek,11372000,USGS,clear creek,flow,max,67
27,1990,clear creek,11372000,USGS,clear creek,flow,mean,58.80059523809524
27,1990,clear creek,11372000,USGS,clear creek,flow,min,58
28,1990,clear creek,11372000,USGS,clear creek,flow,max,58
28,1990,clear creek,11372000,USGS,clear creek,flow,mean,55.08333333333333
28,1990,clear creek,11372000,USGS,clear creek,flow,min,54
29,1990,clear creek,11372000,USGS,clear creek,flow,max,58
29,1990,clear creek,11372000,USGS,clear creek,flow,mean,54.311011904761905
29,1990,clear creek,11372000,USGS,clear creek,flow,min,53
30,1990,clear creek,11372000,USGS,clear creek,flow,max,69
30,1990,clear creek,11372000,USGS,clear creek,flow,mean,54.677083333333336
30,1990,clear creek,11372000,USGS,clear creek,flow,min,53
31,1990,clear creek,11372000,USGS,clear creek,flow,max,56
31,1990,clear creek,11372000,USGS,clear creek,flow,mean,55.02380952380952
31,1990,clear creek,11372000,USGS,clear creek,flow,min,55
32,1990,clear creek,11372000,USGS,clear creek,flow,max,78
32,1990,clear creek,11372000,USGS,clear creek,flow,mean,54.78124999999999
32,1990,clear creek,11372000,USGS,clear creek,flow,min,53
33,1990,clear creek,11372000,USGS,clear creek,flow,max,88
33,1990,clear creek,11372000,USGS,clear creek,flow,mean,80.70982142857143
33,1990,clear creek,11372000,USGS,clear creek,flow,min,68
34,1990,clear creek,11372000,USGS,clear creek,flow,max,73
34,1990,clear creek,11372000,USGS,clear creek,flow,mean,67.5297619047619
34,1990,clear creek,11372000,USGS,clear creek,flow,min,64
35,1990,clear creek,11372000,USGS,clear creek,flow,max,106
35,1990,clear creek,11372000,USGS,clear creek,flow,mean,87.79464285714286
35,1990,clear creek,11372000,USGS,clear creek,flow,min,71
36,1990,clear creek,11372000,USGS,clear creek,flow,max,106
36,1990,clear creek,11372000,USGS,clear creek,flow,mean,68.57589285714286
36,1990,clear creek,11372000,USGS,clear creek,flow,min,54
37,1990,clear creek,11372000,USGS,clear creek,flow,max,58
37,1990,clear creek,11372000,USGS,clear creek,flow,mean,54.169642857142854
37,1990,clear creek,11372000,USGS,clear creek,flow,min,48
38,1990,clear creek,11372000,USGS,clear creek,flow,max,58
38,1990,clear creek,11372000,USGS,clear creek,flow,mean,55.28125
38,1990,clear creek,11372000,USGS,clear creek,flow,min,54
39,1990,clear creek,11372000,USGS,clear creek,flow,max,63
39,1990,clear creek,11372000,USGS,clear creek,flow,mean,57.194940476190474
39,1990,clear creek,11372000,USGS,clear creek,flow,min,56
40,1990,clear creek,11372000,USGS,clear creek,flow,max,60
40,1990,clear creek,11372000,USGS,clear creek,flow,mean,56.36755952380952
40,1990,clear creek,11372000,USGS,clear creek,flow,min,56
41,1990,clear creek,11372000,USGS,clear creek,flow,max,59
41,1990,clear creek,11372000,USGS,clear creek,flow,mean,56.20089285714287
41,1990,clear creek,11372000,USGS,clear creek,flow,min,56
42,1990,clear creek,11372000,USGS,clear creek,flow,max,58
42,1990,clear creek,11372000,USGS,clear creek,flow,mean,55.77529761904761
42,1990,clear creek,11372000,USGS,clear creek,flow,min,55
43,1990,clear creek,11372000,USGS,clear creek,flow,max,56
43,1990,clear creek,11372000,USGS,clear creek,flow,mean,55.2842261904762
43,1990,clear creek,11372000,USGS,clear creek,flow,min,55
44,1990,clear creek,11372000,USGS,clear creek,flow,max,111
44,1990,clear creek,11372000,USGS,clear creek,flow,mean,80.35714285714286
44,1990,clear creek,11372000,USGS,clear creek,flow,min,55
45,1990,clear creek,11372000,USGS,clear creek,flow,max,109
45,1990,clear creek,11372000,USGS,clear creek,flow,mean,106.84077380952382
45,1990,clear creek,11372000,USGS,clear creek,flow,min,104
46,1990,clear creek,11372000,USGS,clear creek,flow,max,109
46,1990,clear creek,11372000,USGS,clear creek,flow,mean,105.56994047619047
46,1990,clear creek,11372000,USGS,clear creek,flow,min,104
47,1990,clear creek,11372000,USGS,clear creek,flow,max,109
47,1990,clear creek,11372000,USGS,clear creek,flow,mean,106.02827380952382
47,1990,clear creek,11372000,USGS,clear creek,flow,min,104
48,1990,clear creek,11372000,USGS,clear creek,flow,max,108
48,1990,clear creek,11372000,USGS,clear creek,flow,mean,106.17261904761904
48,1990,clear creek,11372000,USGS,clear creek,flow,min,106
49,1990,clear creek,11372000,USGS,clear creek,flow,max,108
49,1990,clear creek,11372000,USGS,clear creek,flow,mean,106.35215053763442
49,1990,clear creek,11372000,USGS,clear creek,flow,min,106
50,1990,clear creek,11372000,USGS,clear creek,flow,max,116
50,1990,clear creek,11372000,USGS,clear creek,flow,mean,108.51785714285714
50,1990,clear creek,11372000,USGS,clear creek,flow,min,103
51,1990,clear creek,11372000,USGS,clear creek,flow,max,109
51,1990,clear creek,11372000,USGS,clear creek,flow,mean,108.51041666666666
51,1990,clear creek,11372000,USGS,clear creek,flow,min,106
52,1990,clear creek,11372000,USGS,clear creek,flow,max,109
52,1990,clear creek,11372000,USGS,clear creek,flow,mean,107.85413533834587
52,1990,clear creek,11372000,USGS,clear creek,flow,min,106
53,1990,clear creek,11372000,USGS,clear creek,flow,max,106
53,1990,clear creek,11372000,USGS,clear creek,flow,mean,106
53,1990,clear creek,11372000,USGS,clear creek,flow,min,106
1,1991,clear creek,11372000,USGS,clear creek,flow,max,108
1,1991,clear creek,11372000,USGS,clear creek,flow,mean,57.13440349544073
1,1991,clear creek,11372000,USGS,clear creek,flow,min,55
2,1991,clear creek,11372000,USGS,clear creek,flow,max,60
2,1991,clear creek,11372000,USGS,clear creek,flow,mean,57.51190476190476
2,1991,clear creek,11372000,USGS,clear creek,flow,min,56
3,1991,clear creek,11372000,USGS,clear creek,flow,max,58
3,1991,clear creek,11372000,USGS,clear creek,flow,mean,54.55952380952381
3,1991,clear creek,11372000,USGS,clear creek,flow,min,52
4,1991,clear creek,11372000,USGS,clear creek,flow,max,58
4,1991,clear creek,11372000,USGS,clear creek,flow,mean,55.04315476190476
4,1991,clear creek,11372000,USGS,clear creek,flow,min,55
5,1991,clear creek,11372000,USGS,clear creek,flow,max,91
5,1991,clear creek,11372000,USGS,clear creek,flow,mean,60.308035714285715
5,1991,clear creek,11372000,USGS,clear creek,flow,min,55
6,1991,clear creek,11372000,USGS,clear creek,flow,max,108
6,1991,clear creek,11372000,USGS,clear creek,flow,mean,62.010416666666664
6,1991,clear creek,11372000,USGS,clear creek,flow,min,56
7,1991,clear creek,11372000,USGS,clear creek,flow,max,58
7,1991,clear creek,11372000,USGS,clear creek,flow,mean,55.77380952380952
7,1991,clear creek,11372000,USGS,clear creek,flow,min,53
8,1991,clear creek,11372000,USGS,clear creek,flow,max,56
8,1991,clear creek,11372000,USGS,clear creek,flow,mean,55.53124999999999
8,1991,clear creek,11372000,USGS,clear creek,flow,min,55
9,1991,clear creek,11372000,USGS,clear creek,flow,max,1560
9,1991,clear creek,11372000,USGS,clear creek,flow,mean,198.875
9,1991,clear creek,11372000,USGS,clear creek,flow,min,55
10,1991,clear creek,11372000,USGS,clear creek,flow,max,370
10,1991,clear creek,11372000,USGS,clear creek,flow,mean,95.64434523809526
10,1991,clear creek,11372000,USGS,clear creek,flow,min,67
11,1991,clear creek,11372000,USGS,clear creek,flow,max,484
11,1991,clear creek,11372000,USGS,clear creek,flow,mean,132.57440476190476
11,1991,clear creek,11372000,USGS,clear creek,flow,min,67
12,1991,clear creek,11372000,USGS,clear creek,flow,max,1140
12,1991,clear creek,11372000,USGS,clear creek,flow,mean,249.98660714285714
12,1991,clear creek,11372000,USGS,clear creek,flow,min,110
13,1991,clear creek,11372000,USGS,clear creek,flow,max,397
13,1991,clear creek,11372000,USGS,clear creek,flow,mean,175.13541666666666
13,1991,clear creek,11372000,USGS,clear creek,flow,min,104
14,1991,clear creek,11372000,USGS,clear creek,flow,max,117
14,1991,clear creek,11372000,USGS,clear creek,flow,mean,97.57291666666666
14,1991,clear creek,11372000,USGS,clear creek,flow,min,86
15,1991,clear creek,11372000,USGS,clear creek,flow,max,88
15,1991,clear creek,11372000,USGS,clear creek,flow,mean,83.82738095238096
15,1991,clear creek,11372000,USGS,clear creek,flow,min,81
16,1991,clear creek,11372000,USGS,clear creek,flow,max,88
16,1991,clear creek,11372000,USGS,clear creek,flow,mean,80.01636904761905
16,1991,clear creek,11372000,USGS,clear creek,flow,min,76
17,1991,clear creek,11372000,USGS,clear creek,flow,max,91
17,1991,clear creek,11372000,USGS,clear creek,flow,mean,78.74702380952381
17,1991,clear creek,11372000,USGS,clear creek,flow,min,73
18,1991,clear creek,11372000,USGS,clear creek,flow,max,75
18,1991,clear creek,11372000,USGS,clear creek,flow,mean,71.82149327122154
18,1991,clear creek,11372000,USGS,clear creek,flow,min,68
19,1991,clear creek,11372000,USGS,clear creek,flow,max,110
19,1991,clear creek,11372000,USGS,clear creek,flow,mean,67.81696428571429
19,1991,clear creek,11372000,USGS,clear creek,flow,min,64
20,1991,clear creek,11372000,USGS,clear creek,flow,max,89
20,1991,clear creek,11372000,USGS,clear creek,flow,mean,67.79761904761905
20,1991,clear creek,11372000,USGS,clear creek,flow,min,64
21,1991,clear creek,11372000,USGS,clear creek,flow,max,66
21,1991,clear creek,11372000,USGS,clear creek,flow,mean,63.58184523809524
21,1991,clear creek,11372000,USGS,clear creek,flow,min,61
23,1991,clear creek,11372000,USGS,clear creek,flow,max,64
23,1991,clear creek,11372000,USGS,clear creek,flow,mean,59.28676470588234
23,1991,clear creek,11372000,USGS,clear creek,flow,min,54
24,1991,clear creek,11372000,USGS,clear creek,flow,max,68
24,1991,clear creek,11372000,USGS,clear creek,flow,mean,57.5342261904762
24,1991,clear creek,11372000,USGS,clear creek,flow,min,53
25,1991,clear creek,11372000,USGS,clear creek,flow,max,58
25,1991,clear creek,11372000,USGS,clear creek,flow,mean,56.75297619047619
25,1991,clear creek,11372000,USGS,clear creek,flow,min,55
26,1991,clear creek,11372000,USGS,clear creek,flow,max,92
26,1991,clear creek,11372000,USGS,clear creek,flow,mean,58.41666666666667
26,1991,clear creek,11372000,USGS,clear creek,flow,min,55
27,1991,clear creek,11372000,USGS,clear creek,flow,max,57
27,1991,clear creek,11372000,USGS,clear creek,flow,mean,54.81547619047619
27,1991,clear creek,11372000,USGS,clear creek,flow,min,54
28,1991,clear creek,11372000,USGS,clear creek,flow,max,57
28,1991,clear creek,11372000,USGS,clear creek,flow,mean,54.11904761904761
28,1991,clear creek,11372000,USGS,clear creek,flow,min,54
29,1991,clear creek,11372000,USGS,clear creek,flow,max,55
29,1991,clear creek,11372000,USGS,clear creek,flow,mean,54.11458333333333
29,1991,clear creek,11372000,USGS,clear creek,flow,min,53
30,1991,clear creek,11372000,USGS,clear creek,flow,max,55
30,1991,clear creek,11372000,USGS,clear creek,flow,mean,53.645833333333336
30,1991,clear creek,11372000,USGS,clear creek,flow,min,52
31,1991,clear creek,11372000,USGS,clear creek,flow,max,54
31,1991,clear creek,11372000,USGS,clear creek,flow,mean,53.75148809523809
31,1991,clear creek,11372000,USGS,clear creek,flow,min,53
32,1991,clear creek,11372000,USGS,clear creek,flow,max,57
32,1991,clear creek,11372000,USGS,clear creek,flow,mean,54.44642857142856
32,1991,clear creek,11372000,USGS,clear creek,flow,min,52
33,1991,clear creek,11372000,USGS,clear creek,flow,max,55
33,1991,clear creek,11372000,USGS,clear creek,flow,mean,54.976190476190474
33,1991,clear creek,11372000,USGS,clear creek,flow,min,54
34,1991,clear creek,11372000,USGS,clear creek,flow,max,61
34,1991,clear creek,11372000,USGS,clear creek,flow,mean,54.41220238095239
34,1991,clear creek,11372000,USGS,clear creek,flow,min,50
35,1991,clear creek,11372000,USGS,clear creek,flow,max,86
35,1991,clear creek,11372000,USGS,clear creek,flow,mean,54.08184523809524
35,1991,clear creek,11372000,USGS,clear creek,flow,min,50
36,1991,clear creek,11372000,USGS,clear creek,flow,max,91
36,1991,clear creek,11372000,USGS,clear creek,flow,mean,53.37202380952381
36,1991,clear creek,11372000,USGS,clear creek,flow,min,49
37,1991,clear creek,11372000,USGS,clear creek,flow,max,55
37,1991,clear creek,11372000,USGS,clear creek,flow,mean,54.10267857142857
37,1991,clear creek,11372000,USGS,clear creek,flow,min,50
38,1991,clear creek,11372000,USGS,clear creek,flow,max,55
38,1991,clear creek,11372000,USGS,clear creek,flow,mean,54.03125
38,1991,clear creek,11372000,USGS,clear creek,flow,min,54
39,1991,clear creek,11372000,USGS,clear creek,flow,max,55
39,1991,clear creek,11372000,USGS,clear creek,flow,mean,54.02827380952381
39,1991,clear creek,11372000,USGS,clear creek,flow,min,54
40,1991,clear creek,11372000,USGS,clear creek,flow,max,57
40,1991,clear creek,11372000,USGS,clear creek,flow,mean,54.266369047619044
40,1991,clear creek,11372000,USGS,clear creek,flow,min,54
41,1991,clear creek,11372000,USGS,clear creek,flow,max,55
41,1991,clear creek,11372000,USGS,clear creek,flow,mean,54.22767857142857
41,1991,clear creek,11372000,USGS,clear creek,flow,min,54
42,1991,clear creek,11372000,USGS,clear creek,flow,max,54
42,1991,clear creek,11372000,USGS,clear creek,flow,mean,53.23660714285715
42,1991,clear creek,11372000,USGS,clear creek,flow,min,52
43,1991,clear creek,11372000,USGS,clear creek,flow,max,84
43,1991,clear creek,11372000,USGS,clear creek,flow,mean,56.4659679089027
43,1991,clear creek,11372000,USGS,clear creek,flow,min,52
44,1991,clear creek,11372000,USGS,clear creek,flow,max,75
44,1991,clear creek,11372000,USGS,clear creek,flow,mean,62.842261904761905
44,1991,clear creek,11372000,USGS,clear creek,flow,min,54
45,1991,clear creek,11372000,USGS,clear creek,flow,max,75
45,1991,clear creek,11372000,USGS,clear creek,flow,mean,72.94642857142857
45,1991,clear creek,11372000,USGS,clear creek,flow,min,72
46,1991,clear creek,11372000,USGS,clear creek,flow,max,83
46,1991,clear creek,11372000,USGS,clear creek,flow,mean,74.20238095238095
46,1991,clear creek,11372000,USGS,clear creek,flow,min,73
47,1991,clear creek,11372000,USGS,clear creek,flow,max,79
47,1991,clear creek,11372000,USGS,clear creek,flow,mean,75.36011904761904
47,1991,clear creek,11372000,USGS,clear creek,flow,min,73
48,1991,clear creek,11372000,USGS,clear creek,flow,max,75
48,1991,clear creek,11372000,USGS,clear creek,flow,mean,73.82142857142857
48,1991,clear creek,11372000,USGS,clear creek,flow,min,73
49,1991,clear creek,11372000,USGS,clear creek,flow,max,78
49,1991,clear creek,11372000,USGS,clear creek,flow,mean,74.70089285714286
49,1991,clear creek,11372000,USGS,clear creek,flow,min,73
50,1991,clear creek,11372000,USGS,clear creek,flow,max,75
50,1991,clear creek,11372000,USGS,clear creek,flow,mean,74.05654761904762
50,1991,clear creek,11372000,USGS,clear creek,flow,min,73
51,1991,clear creek,11372000,USGS,clear creek,flow,max,86
51,1991,clear creek,11372000,USGS,clear creek,flow,mean,76.19345238095238
51,1991,clear creek,11372000,USGS,clear creek,flow,min,73
52,1991,clear creek,11372000,USGS,clear creek,flow,max,133
52,1991,clear creek,11372000,USGS,clear creek,flow,mean,83.32465277777779
52,1991,clear creek,11372000,USGS,clear creek,flow,min,75
53,1991,clear creek,11372000,USGS,clear creek,flow,max,88
53,1991,clear creek,11372000,USGS,clear creek,flow,mean,85.65625
53,1991,clear creek,11372000,USGS,clear creek,flow,min,84
1,1992,clear creek,11372000,USGS,clear creek,flow,max,211
1,1992,clear creek,11372000,USGS,clear creek,flow,mean,97.78422619047619
1,1992,clear creek,11372000,USGS,clear creek,flow,min,61
2,1992,clear creek,11372000,USGS,clear creek,flow,max,135
2,1992,clear creek,11372000,USGS,clear creek,flow,mean,76.20089285714286
2,1992,clear creek,11372000,USGS,clear creek,flow,min,64
3,1992,clear creek,11372000,USGS,clear creek,flow,max,64
3,1992,clear creek,11372000,USGS,clear creek,flow,mean,61.74404761904761
3,1992,clear creek,11372000,USGS,clear creek,flow,min,60
4,1992,clear creek,11372000,USGS,clear creek,flow,max,66
4,1992,clear creek,11372000,USGS,clear creek,flow,mean,60.452380952380956
4,1992,clear creek,11372000,USGS,clear creek,flow,min,60
5,1992,clear creek,11372000,USGS,clear creek,flow,max,68
5,1992,clear creek,11372000,USGS,clear creek,flow,mean,62.40773809523809
5,1992,clear creek,11372000,USGS,clear creek,flow,min,60
6,1992,clear creek,11372000,USGS,clear creek,flow,max,89
6,1992,clear creek,11372000,USGS,clear creek,flow,mean,63.755208333333336
6,1992,clear creek,11372000,USGS,clear creek,flow,min,60
7,1992,clear creek,11372000,USGS,clear creek,flow,max,1040
7,1992,clear creek,11372000,USGS,clear creek,flow,mean,429.571875
7,1992,clear creek,11372000,USGS,clear creek,flow,min,193
8,1992,clear creek,11372000,USGS,clear creek,flow,max,1720
8,1992,clear creek,11372000,USGS,clear creek,flow,mean,482.84375
8,1992,clear creek,11372000,USGS,clear creek,flow,min,147
9,1992,clear creek,11372000,USGS,clear creek,flow,max,145
9,1992,clear creek,11372000,USGS,clear creek,flow,mean,115.86458333333334
9,1992,clear creek,11372000,USGS,clear creek,flow,min,100
10,1992,clear creek,11372000,USGS,clear creek,flow,max,590
10,1992,clear creek,11372000,USGS,clear creek,flow,mean,209.56547619047618
10,1992,clear creek,11372000,USGS,clear creek,flow,min,100
11,1992,clear creek,11372000,USGS,clear creek,flow,max,977
11,1992,clear creek,11372000,USGS,clear creek,flow,mean,266.26041666666663
11,1992,clear creek,11372000,USGS,clear creek,flow,min,105
12,1992,clear creek,11372000,USGS,clear creek,flow,max,317
12,1992,clear creek,11372000,USGS,clear creek,flow,mean,172.42410714285714
12,1992,clear creek,11372000,USGS,clear creek,flow,min,121
13,1992,clear creek,11372000,USGS,clear creek,flow,max,121
13,1992,clear creek,11372000,USGS,clear creek,flow,mean,106.56547619047619
13,1992,clear creek,11372000,USGS,clear creek,flow,min,95
14,1992,clear creek,11372000,USGS,clear creek,flow,max,95
14,1992,clear creek,11372000,USGS,clear creek,flow,mean,89.24255952380952
14,1992,clear creek,11372000,USGS,clear creek,flow,min,84
15,1992,clear creek,11372000,USGS,clear creek,flow,max,821
15,1992,clear creek,11372000,USGS,clear creek,flow,mean,151.80803571428572
15,1992,clear creek,11372000,USGS,clear creek,flow,min,81
16,1992,clear creek,11372000,USGS,clear creek,flow,max,336
16,1992,clear creek,11372000,USGS,clear creek,flow,mean,156.0313596491228
16,1992,clear creek,11372000,USGS,clear creek,flow,min,119
17,1992,clear creek,11372000,USGS,clear creek,flow,max,119
17,1992,clear creek,11372000,USGS,clear creek,flow,mean,102.94624060150376
17,1992,clear creek,11372000,USGS,clear creek,flow,min,92
18,1992,clear creek,11372000,USGS,clear creek,flow,max,94
18,1992,clear creek,11372000,USGS,clear creek,flow,mean,86.57589285714286
18,1992,clear creek,11372000,USGS,clear creek,flow,min,79
19,1992,clear creek,11372000,USGS,clear creek,flow,max,83
19,1992,clear creek,11372000,USGS,clear creek,flow,mean,76.88988095238096
19,1992,clear creek,11372000,USGS,clear creek,flow,min,73
20,1992,clear creek,11372000,USGS,clear creek,flow,max,75
20,1992,clear creek,11372000,USGS,clear creek,flow,mean,71.25595238095238
20,1992,clear creek,11372000,USGS,clear creek,flow,min,67
21,1992,clear creek,11372000,USGS,clear creek,flow,max,79
21,1992,clear creek,11372000,USGS,clear creek,flow,mean,67.94791666666667
21,1992,clear creek,11372000,USGS,clear creek,flow,min,63
22,1992,clear creek,11372000,USGS,clear creek,flow,max,66
22,1992,clear creek,11372000,USGS,clear creek,flow,mean,62.94047619047619
22,1992,clear creek,11372000,USGS,clear creek,flow,min,60
23,1992,clear creek,11372000,USGS,clear creek,flow,max,63
23,1992,clear creek,11372000,USGS,clear creek,flow,mean,59.697916666666664
23,1992,clear creek,11372000,USGS,clear creek,flow,min,58
27,1992,clear creek,11372000,USGS,clear creek,flow,max,66
27,1992,clear creek,11372000,USGS,clear creek,flow,mean,63.911764705882355
27,1992,clear creek,11372000,USGS,clear creek,flow,min,63
28,1992,clear creek,11372000,USGS,clear creek,flow,max,64
28,1992,clear creek,11372000,USGS,clear creek,flow,mean,61.069940476190474
28,1992,clear creek,11372000,USGS,clear creek,flow,min,58
29,1992,clear creek,11372000,USGS,clear creek,flow,max,64
29,1992,clear creek,11372000,USGS,clear creek,flow,mean,59.683035714285715
29,1992,clear creek,11372000,USGS,clear creek,flow,min,55
30,1992,clear creek,11372000,USGS,clear creek,flow,max,72
30,1992,clear creek,11372000,USGS,clear creek,flow,mean,63.28125
30,1992,clear creek,11372000,USGS,clear creek,flow,min,61
31,1992,clear creek,11372000,USGS,clear creek,flow,max,64
31,1992,clear creek,11372000,USGS,clear creek,flow,mean,55.03007518796992
31,1992,clear creek,11372000,USGS,clear creek,flow,min,49
32,1992,clear creek,11372000,USGS,clear creek,flow,max,51
32,1992,clear creek,11372000,USGS,clear creek,flow,mean,49.8407738095238
32,1992,clear creek,11372000,USGS,clear creek,flow,min,49
33,1992,clear creek,11372000,USGS,clear creek,flow,max,50
33,1992,clear creek,11372000,USGS,clear creek,flow,mean,49.507440476190474
33,1992,clear creek,11372000,USGS,clear creek,flow,min,48
34,1992,clear creek,11372000,USGS,clear creek,flow,max,68
34,1992,clear creek,11372000,USGS,clear creek,flow,mean,48.9873574429772
34,1992,clear creek,11372000,USGS,clear creek,flow,min,44
35,1992,clear creek,11372000,USGS,clear creek,flow,max,50
35,1992,clear creek,11372000,USGS,clear creek,flow,mean,48.136904761904766
35,1992,clear creek,11372000,USGS,clear creek,flow,min,47
36,1992,clear creek,11372000,USGS,clear creek,flow,max,50
36,1992,clear creek,11372000,USGS,clear creek,flow,mean,48.636904761904766
36,1992,clear creek,11372000,USGS,clear creek,flow,min,48
37,1992,clear creek,11372000,USGS,clear creek,flow,max,52
37,1992,clear creek,11372000,USGS,clear creek,flow,mean,48.95982142857143
37,1992,clear creek,11372000,USGS,clear creek,flow,min,48
38,1992,clear creek,11372000,USGS,clear creek,flow,max,49
38,1992,clear creek,11372000,USGS,clear creek,flow,mean,48.89880952380952
38,1992,clear creek,11372000,USGS,clear creek,flow,min,48
39,1992,clear creek,11372000,USGS,clear creek,flow,max,50
39,1992,clear creek,11372000,USGS,clear creek,flow,mean,48.93154761904761
39,1992,clear creek,11372000,USGS,clear creek,flow,min,48
40,1992,clear creek,11372000,USGS,clear creek,flow,max,57
40,1992,clear creek,11372000,USGS,clear creek,flow,mean,49.69890350877193
40,1992,clear creek,11372000,USGS,clear creek,flow,min,49
41,1992,clear creek,11372000,USGS,clear creek,flow,max,775
41,1992,clear creek,11372000,USGS,clear creek,flow,mean,203.33779761904762
41,1992,clear creek,11372000,USGS,clear creek,flow,min,49
42,1992,clear creek,11372000,USGS,clear creek,flow,max,504
42,1992,clear creek,11372000,USGS,clear creek,flow,mean,346.83482142857144
42,1992,clear creek,11372000,USGS,clear creek,flow,min,94
43,1992,clear creek,11372000,USGS,clear creek,flow,max,508
43,1992,clear creek,11372000,USGS,clear creek,flow,mean,494.73395445134577
43,1992,clear creek,11372000,USGS,clear creek,flow,min,492
44,1992,clear creek,11372000,USGS,clear creek,flow,max,603
44,1992,clear creek,11372000,USGS,clear creek,flow,mean,491.1860119047619
44,1992,clear creek,11372000,USGS,clear creek,flow,min,269
45,1992,clear creek,11372000,USGS,clear creek,flow,max,269
45,1992,clear creek,11372000,USGS,clear creek,flow,mean,264.26339285714283
45,1992,clear creek,11372000,USGS,clear creek,flow,min,261
46,1992,clear creek,11372000,USGS,clear creek,flow,max,263
46,1992,clear creek,11372000,USGS,clear creek,flow,mean,234.7619047619048
46,1992,clear creek,11372000,USGS,clear creek,flow,min,200
47,1992,clear creek,11372000,USGS,clear creek,flow,max,226
47,1992,clear creek,11372000,USGS,clear creek,flow,mean,215.68750000000003
47,1992,clear creek,11372000,USGS,clear creek,flow,min,214
48,1992,clear creek,11372000,USGS,clear creek,flow,max,216
48,1992,clear creek,11372000,USGS,clear creek,flow,mean,212.52529761904762
48,1992,clear creek,11372000,USGS,clear creek,flow,min,209
49,1992,clear creek,11372000,USGS,clear creek,flow,max,646
49,1992,clear creek,11372000,USGS,clear creek,flow,mean,231.40327380952382
49,1992,clear creek,11372000,USGS,clear creek,flow,min,209
50,1992,clear creek,11372000,USGS,clear creek,flow,max,977
50,1992,clear creek,11372000,USGS,clear creek,flow,mean,352.3154761904762
50,1992,clear creek,11372000,USGS,clear creek,flow,min,231
51,1992,clear creek,11372000,USGS,clear creek,flow,max,231
51,1992,clear creek,11372000,USGS,clear creek,flow,mean,223.22470238095238
51,1992,clear creek,11372000,USGS,clear creek,flow,min,219
52,1992,clear creek,11372000,USGS,clear creek,flow,max,299
52,1992,clear creek,11372000,USGS,clear creek,flow,mean,226.84077380952382
52,1992,clear creek,11372000,USGS,clear creek,flow,min,216
53,1992,clear creek,11372000,USGS,clear creek,flow,max,1290
53,1992,clear creek,11372000,USGS,clear creek,flow,mean,431.27604166666663
53,1992,clear creek,11372000,USGS,clear creek,flow,min,247
1,1993,clear creek,11372000,USGS,clear creek,flow,max,907
1,1993,clear creek,11372000,USGS,clear creek,flow,mean,330.7559523809524
1,1993,clear creek,11372000,USGS,clear creek,flow,min,239
2,1993,clear creek,11372000,USGS,clear creek,flow,max,296
2,1993,clear creek,11372000,USGS,clear creek,flow,mean,260.490625
2,1993,clear creek,11372000,USGS,clear creek,flow,min,221
3,1993,clear creek,11372000,USGS,clear creek,flow,max,6960
3,1993,clear creek,11372000,USGS,clear creek,flow,mean,764.8422619047618
3,1993,clear creek,11372000,USGS,clear creek,flow,min,275
4,1993,clear creek,11372000,USGS,clear creek,flow,max,928
4,1993,clear creek,11372000,USGS,clear creek,flow,mean,336.57440476190476
4,1993,clear creek,11372000,USGS,clear creek,flow,min,180
5,1993,clear creek,11372000,USGS,clear creek,flow,max,180
5,1993,clear creek,11372000,USGS,clear creek,flow,mean,159.82291666666669
5,1993,clear creek,11372000,USGS,clear creek,flow,min,147
6,1993,clear creek,11372000,USGS,clear creek,flow,max,147
6,1993,clear creek,11372000,USGS,clear creek,flow,mean,147
6,1993,clear creek,11372000,USGS,clear creek,flow,min,147
8,1993,clear creek,11372000,USGS,clear creek,flow,max,763
8,1993,clear creek,11372000,USGS,clear creek,flow,mean,339.6414930555556
8,1993,clear creek,11372000,USGS,clear creek,flow,min,226
9,1993,clear creek,11372000,USGS,clear creek,flow,max,226
9,1993,clear creek,11372000,USGS,clear creek,flow,mean,196.65
9,1993,clear creek,11372000,USGS,clear creek,flow,min,182
13,1993,clear creek,11372000,USGS,clear creek,flow,max,221
13,1993,clear creek,11372000,USGS,clear creek,flow,mean,208.171875
13,1993,clear creek,11372000,USGS,clear creek,flow,min,178
14,1993,clear creek,11372000,USGS,clear creek,flow,max,193
14,1993,clear creek,11372000,USGS,clear creek,flow,mean,148.87946428571428
14,1993,clear creek,11372000,USGS,clear creek,flow,min,133
15,1993,clear creek,11372000,USGS,clear creek,flow,max,143
15,1993,clear creek,11372000,USGS,clear creek,flow,mean,120.06101190476191
15,1993,clear creek,11372000,USGS,clear creek,flow,min,110
16,1993,clear creek,11372000,USGS,clear creek,flow,max,394
16,1993,clear creek,11372000,USGS,clear creek,flow,mean,144.16666666666666
16,1993,clear creek,11372000,USGS,clear creek,flow,min,107
17,1993,clear creek,11372000,USGS,clear creek,flow,max,175
17,1993,clear creek,11372000,USGS,clear creek,flow,mean,118.60267857142856
17,1993,clear creek,11372000,USGS,clear creek,flow,min,104
18,1993,clear creek,11372000,USGS,clear creek,flow,max,105
18,1993,clear creek,11372000,USGS,clear creek,flow,mean,98.75297619047619
18,1993,clear creek,11372000,USGS,clear creek,flow,min,92
19,1993,clear creek,11372000,USGS,clear creek,flow,max,94
19,1993,clear creek,11372000,USGS,clear creek,flow,mean,89.49553571428574
19,1993,clear creek,11372000,USGS,clear creek,flow,min,84
20,1993,clear creek,11372000,USGS,clear creek,flow,max,92
20,1993,clear creek,11372000,USGS,clear creek,flow,mean,83.28422619047619
20,1993,clear creek,11372000,USGS,clear creek,flow,min,81
21,1993,clear creek,11372000,USGS,clear creek,flow,max,133
21,1993,clear creek,11372000,USGS,clear creek,flow,mean,97.23065476190477
21,1993,clear creek,11372000,USGS,clear creek,flow,min,81
22,1993,clear creek,11372000,USGS,clear creek,flow,max,847
22,1993,clear creek,11372000,USGS,clear creek,flow,mean,266.906719924812
22,1993,clear creek,11372000,USGS,clear creek,flow,min,92
23,1993,clear creek,11372000,USGS,clear creek,flow,max,1250
23,1993,clear creek,11372000,USGS,clear creek,flow,mean,691.4583333333333
23,1993,clear creek,11372000,USGS,clear creek,flow,min,107
24,1993,clear creek,11372000,USGS,clear creek,flow,max,110
24,1993,clear creek,11372000,USGS,clear creek,flow,mean,92.16815476190474
24,1993,clear creek,11372000,USGS,clear creek,flow,min,79
25,1993,clear creek,11372000,USGS,clear creek,flow,max,95
25,1993,clear creek,11372000,USGS,clear creek,flow,mean,78.31398809523809
25,1993,clear creek,11372000,USGS,clear creek,flow,min,72
26,1993,clear creek,11372000,USGS,clear creek,flow,max,78
26,1993,clear creek,11372000,USGS,clear creek,flow,mean,69.2485119047619
26,1993,clear creek,11372000,USGS,clear creek,flow,min,64
27,1993,clear creek,11372000,USGS,clear creek,flow,max,70
27,1993,clear creek,11372000,USGS,clear creek,flow,mean,62.248511904761905
27,1993,clear creek,11372000,USGS,clear creek,flow,min,58
28,1993,clear creek,11372000,USGS,clear creek,flow,max,63
28,1993,clear creek,11372000,USGS,clear creek,flow,mean,58.598214285714285
28,1993,clear creek,11372000,USGS,clear creek,flow,min,55
29,1993,clear creek,11372000,USGS,clear creek,flow,max,58
29,1993,clear creek,11372000,USGS,clear creek,flow,mean,56.36049107142857
29,1993,clear creek,11372000,USGS,clear creek,flow,min,55
31,1993,clear creek,11372000,USGS,clear creek,flow,max,61
31,1993,clear creek,11372000,USGS,clear creek,flow,mean,61
31,1993,clear creek,11372000,USGS,clear creek,flow,min,61
32,1993,clear creek,11372000,USGS,clear creek,flow,max,68
32,1993,clear creek,11372000,USGS,clear creek,flow,mean,60.46279761904761
32,1993,clear creek,11372000,USGS,clear creek,flow,min,60
33,1993,clear creek,11372000,USGS,clear creek,flow,max,61
33,1993,clear creek,11372000,USGS,clear creek,flow,mean,59.33482142857143
33,1993,clear creek,11372000,USGS,clear creek,flow,min,58
34,1993,clear creek,11372000,USGS,clear creek,flow,max,66
34,1993,clear creek,11372000,USGS,clear creek,flow,mean,58.101190476190474
34,1993,clear creek,11372000,USGS,clear creek,flow,min,57
35,1993,clear creek,11372000,USGS,clear creek,flow,max,57
35,1993,clear creek,11372000,USGS,clear creek,flow,mean,55.60416666666667
35,1993,clear creek,11372000,USGS,clear creek,flow,min,55
36,1993,clear creek,11372000,USGS,clear creek,flow,max,57
36,1993,clear creek,11372000,USGS,clear creek,flow,mean,54.44791666666667
36,1993,clear creek,11372000,USGS,clear creek,flow,min,54
37,1993,clear creek,11372000,USGS,clear creek,flow,max,55
37,1993,clear creek,11372000,USGS,clear creek,flow,mean,54.01636904761905
37,1993,clear creek,11372000,USGS,clear creek,flow,min,54
38,1993,clear creek,11372000,USGS,clear creek,flow,max,57
38,1993,clear creek,11372000,USGS,clear creek,flow,mean,54.51190476190476
38,1993,clear creek,11372000,USGS,clear creek,flow,min,54
39,1993,clear creek,11372000,USGS,clear creek,flow,max,61
39,1993,clear creek,11372000,USGS,clear creek,flow,mean,55.06547619047618
39,1993,clear creek,11372000,USGS,clear creek,flow,min,54
40,1993,clear creek,11372000,USGS,clear creek,flow,max,60
40,1993,clear creek,11372000,USGS,clear creek,flow,mean,56.11607142857143
40,1993,clear creek,11372000,USGS,clear creek,flow,min,55
41,1993,clear creek,11372000,USGS,clear creek,flow,max,61
41,1993,clear creek,11372000,USGS,clear creek,flow,mean,57.72470238095237
41,1993,clear creek,11372000,USGS,clear creek,flow,min,55
42,1993,clear creek,11372000,USGS,clear creek,flow,max,75
42,1993,clear creek,11372000,USGS,clear creek,flow,mean,56.83333333333333
42,1993,clear creek,11372000,USGS,clear creek,flow,min,50
43,1993,clear creek,11372000,USGS,clear creek,flow,max,57
43,1993,clear creek,11372000,USGS,clear creek,flow,mean,56.4345238095238
43,1993,clear creek,11372000,USGS,clear creek,flow,min,55
44,1993,clear creek,11372000,USGS,clear creek,flow,max,105
44,1993,clear creek,11372000,USGS,clear creek,flow,mean,78.03571428571429
44,1993,clear creek,11372000,USGS,clear creek,flow,min,57
45,1993,clear creek,11372000,USGS,clear creek,flow,max,105
45,1993,clear creek,11372000,USGS,clear creek,flow,mean,104.61011904761905
45,1993,clear creek,11372000,USGS,clear creek,flow,min,104
46,1993,clear creek,11372000,USGS,clear creek,flow,max,105
46,1993,clear creek,11372000,USGS,clear creek,flow,mean,104.03422619047619
46,1993,clear creek,11372000,USGS,clear creek,flow,min,104
47,1993,clear creek,11372000,USGS,clear creek,flow,max,104
47,1993,clear creek,11372000,USGS,clear creek,flow,mean,103.875
47,1993,clear creek,11372000,USGS,clear creek,flow,min,102
50,1993,clear creek,11372000,USGS,clear creek,flow,max,156
50,1993,clear creek,11372000,USGS,clear creek,flow,mean,134.0546875
50,1993,clear creek,11372000,USGS,clear creek,flow,min,121
51,1993,clear creek,11372000,USGS,clear creek,flow,max,121
51,1993,clear creek,11372000,USGS,clear creek,flow,mean,111.55803571428571
51,1993,clear creek,11372000,USGS,clear creek,flow,min,107
52,1993,clear creek,11372000,USGS,clear creek,flow,max,109
52,1993,clear creek,11372000,USGS,clear creek,flow,mean,106.4627976190476
52,1993,clear creek,11372000,USGS,clear creek,flow,min,67
53,1993,clear creek,11372000,USGS,clear creek,flow,max,67
53,1993,clear creek,11372000,USGS,clear creek,flow,mean,67
53,1993,clear creek,11372000,USGS,clear creek,flow,min,67
1,1994,clear creek,11372000,USGS,clear creek,flow,max,68
1,1994,clear creek,11372000,USGS,clear creek,flow,mean,64.65178571428571
1,1994,clear creek,11372000,USGS,clear creek,flow,min,64
2,1994,clear creek,11372000,USGS,clear creek,flow,max,66
2,1994,clear creek,11372000,USGS,clear creek,flow,mean,63.574404761904766
2,1994,clear creek,11372000,USGS,clear creek,flow,min,63
3,1994,clear creek,11372000,USGS,clear creek,flow,max,66
3,1994,clear creek,11372000,USGS,clear creek,flow,mean,63.34821428571429
3,1994,clear creek,11372000,USGS,clear creek,flow,min,58
4,1994,clear creek,11372000,USGS,clear creek,flow,max,599
4,1994,clear creek,11372000,USGS,clear creek,flow,mean,156.09077380952382
4,1994,clear creek,11372000,USGS,clear creek,flow,min,64
5,1994,clear creek,11372000,USGS,clear creek,flow,max,97
5,1994,clear creek,11372000,USGS,clear creek,flow,mean,81.91666666666666
5,1994,clear creek,11372000,USGS,clear creek,flow,min,75
6,1994,clear creek,11372000,USGS,clear creek,flow,max,184
6,1994,clear creek,11372000,USGS,clear creek,flow,mean,105.83184523809523
6,1994,clear creek,11372000,USGS,clear creek,flow,min,73
7,1994,clear creek,11372000,USGS,clear creek,flow,max,244
7,1994,clear creek,11372000,USGS,clear creek,flow,mean,111.0997023809524
7,1994,clear creek,11372000,USGS,clear creek,flow,min,84
8,1994,clear creek,11372000,USGS,clear creek,flow,max,197
8,1994,clear creek,11372000,USGS,clear creek,flow,mean,145.27678571428572
8,1994,clear creek,11372000,USGS,clear creek,flow,min,109
9,1994,clear creek,11372000,USGS,clear creek,flow,max,110
9,1994,clear creek,11372000,USGS,clear creek,flow,mean,97.70089285714286
9,1994,clear creek,11372000,USGS,clear creek,flow,min,89
10,1994,clear creek,11372000,USGS,clear creek,flow,max,109
10,1994,clear creek,11372000,USGS,clear creek,flow,mean,86.63839285714286
10,1994,clear creek,11372000,USGS,clear creek,flow,min,81
11,1994,clear creek,11372000,USGS,clear creek,flow,max,84
11,1994,clear creek,11372000,USGS,clear creek,flow,mean,79.27232142857143
11,1994,clear creek,11372000,USGS,clear creek,flow,min,76
12,1994,clear creek,11372000,USGS,clear creek,flow,max,76
12,1994,clear creek,11372000,USGS,clear creek,flow,mean,74.45982142857143
12,1994,clear creek,11372000,USGS,clear creek,flow,min,73
13,1994,clear creek,11372000,USGS,clear creek,flow,max,73
13,1994,clear creek,11372000,USGS,clear creek,flow,mean,70.85565476190477
13,1994,clear creek,11372000,USGS,clear creek,flow,min,70
14,1994,clear creek,11372000,USGS,clear creek,flow,max,133
14,1994,clear creek,11372000,USGS,clear creek,flow,mean,69.35817805383023
14,1994,clear creek,11372000,USGS,clear creek,flow,min,68
15,1994,clear creek,11372000,USGS,clear creek,flow,max,508
15,1994,clear creek,11372000,USGS,clear creek,flow,mean,96.02529761904762
15,1994,clear creek,11372000,USGS,clear creek,flow,min,75
16,1994,clear creek,11372000,USGS,clear creek,flow,max,76
16,1994,clear creek,11372000,USGS,clear creek,flow,mean,73.14434523809523
16,1994,clear creek,11372000,USGS,clear creek,flow,min,70
17,1994,clear creek,11372000,USGS,clear creek,flow,max,350
17,1994,clear creek,11372000,USGS,clear creek,flow,mean,128.58779761904762
17,1994,clear creek,11372000,USGS,clear creek,flow,min,70
18,1994,clear creek,11372000,USGS,clear creek,flow,max,97
18,1994,clear creek,11372000,USGS,clear creek,flow,mean,86
18,1994,clear creek,11372000,USGS,clear creek,flow,min,83
19,1994,clear creek,11372000,USGS,clear creek,flow,max,107
19,1994,clear creek,11372000,USGS,clear creek,flow,mean,83.3452380952381
19,1994,clear creek,11372000,USGS,clear creek,flow,min,75
20,1994,clear creek,11372000,USGS,clear creek,flow,max,83
20,1994,clear creek,11372000,USGS,clear creek,flow,mean,74.83333333333333
20,1994,clear creek,11372000,USGS,clear creek,flow,min,72
21,1994,clear creek,11372000,USGS,clear creek,flow,max,73
21,1994,clear creek,11372000,USGS,clear creek,flow,mean,69.38541666666667
21,1994,clear creek,11372000,USGS,clear creek,flow,min,67
22,1994,clear creek,11372000,USGS,clear creek,flow,max,68
22,1994,clear creek,11372000,USGS,clear creek,flow,mean,64.88839285714285
22,1994,clear creek,11372000,USGS,clear creek,flow,min,63
23,1994,clear creek,11372000,USGS,clear creek,flow,max,83
23,1994,clear creek,11372000,USGS,clear creek,flow,mean,64.01122102621117
23,1994,clear creek,11372000,USGS,clear creek,flow,min,61
24,1994,clear creek,11372000,USGS,clear creek,flow,max,66
24,1994,clear creek,11372000,USGS,clear creek,flow,mean,60.567473552995075
24,1994,clear creek,11372000,USGS,clear creek,flow,min,58
25,1994,clear creek,11372000,USGS,clear creek,flow,max,61
25,1994,clear creek,11372000,USGS,clear creek,flow,mean,59.102547268907564
25,1994,clear creek,11372000,USGS,clear creek,flow,min,58
26,1994,clear creek,11372000,USGS,clear creek,flow,max,58
26,1994,clear creek,11372000,USGS,clear creek,flow,mean,58
26,1994,clear creek,11372000,USGS,clear creek,flow,min,58
27,1994,clear creek,11372000,USGS,clear creek,flow,max,58
27,1994,clear creek,11372000,USGS,clear creek,flow,mean,55.99197855968922
27,1994,clear creek,11372000,USGS,clear creek,flow,min,55
28,1994,clear creek,11372000,USGS,clear creek,flow,max,55
28,1994,clear creek,11372000,USGS,clear creek,flow,mean,54.98979591836735
28,1994,clear creek,11372000,USGS,clear creek,flow,min,54
29,1994,clear creek,11372000,USGS,clear creek,flow,max,57
29,1994,clear creek,11372000,USGS,clear creek,flow,mean,54.51926146317633
29,1994,clear creek,11372000,USGS,clear creek,flow,min,54
30,1994,clear creek,11372000,USGS,clear creek,flow,max,54
30,1994,clear creek,11372000,USGS,clear creek,flow,mean,54
30,1994,clear creek,11372000,USGS,clear creek,flow,min,54
31,1994,clear creek,11372000,USGS,clear creek,flow,max,54
31,1994,clear creek,11372000,USGS,clear creek,flow,mean,54
31,1994,clear creek,11372000,USGS,clear creek,flow,min,54
32,1994,clear creek,11372000,USGS,clear creek,flow,max,57
32,1994,clear creek,11372000,USGS,clear creek,flow,mean,53.26099151000606
32,1994,clear creek,11372000,USGS,clear creek,flow,min,53
33,1994,clear creek,11372000,USGS,clear creek,flow,max,55
33,1994,clear creek,11372000,USGS,clear creek,flow,mean,52.88598429062347
33,1994,clear creek,11372000,USGS,clear creek,flow,min,52
34,1994,clear creek,11372000,USGS,clear creek,flow,max,55
34,1994,clear creek,11372000,USGS,clear creek,flow,mean,53.004464285714285
34,1994,clear creek,11372000,USGS,clear creek,flow,min,52
35,1994,clear creek,11372000,USGS,clear creek,flow,max,53
35,1994,clear creek,11372000,USGS,clear creek,flow,mean,53
35,1994,clear creek,11372000,USGS,clear creek,flow,min,53
36,1994,clear creek,11372000,USGS,clear creek,flow,max,53
36,1994,clear creek,11372000,USGS,clear creek,flow,mean,52.9970238095238
36,1994,clear creek,11372000,USGS,clear creek,flow,min,52
37,1994,clear creek,11372000,USGS,clear creek,flow,max,53
37,1994,clear creek,11372000,USGS,clear creek,flow,mean,53
37,1994,clear creek,11372000,USGS,clear creek,flow,min,53
38,1994,clear creek,11372000,USGS,clear creek,flow,max,53
38,1994,clear creek,11372000,USGS,clear creek,flow,mean,53
38,1994,clear creek,11372000,USGS,clear creek,flow,min,53
39,1994,clear creek,11372000,USGS,clear creek,flow,max,53
39,1994,clear creek,11372000,USGS,clear creek,flow,mean,53
39,1994,clear creek,11372000,USGS,clear creek,flow,min,53
40,1994,clear creek,11372000,USGS,clear creek,flow,max,57
40,1994,clear creek,11372000,USGS,clear creek,flow,mean,54.291666666666664
40,1994,clear creek,11372000,USGS,clear creek,flow,min,53
41,1994,clear creek,11372000,USGS,clear creek,flow,max,55
41,1994,clear creek,11372000,USGS,clear creek,flow,mean,54.6843487394958
41,1994,clear creek,11372000,USGS,clear creek,flow,min,54
42,1994,clear creek,11372000,USGS,clear creek,flow,max,100
42,1994,clear creek,11372000,USGS,clear creek,flow,mean,82.32596956308296
42,1994,clear creek,11372000,USGS,clear creek,flow,min,55
43,1994,clear creek,11372000,USGS,clear creek,flow,max,100
43,1994,clear creek,11372000,USGS,clear creek,flow,mean,99.57738095238096
43,1994,clear creek,11372000,USGS,clear creek,flow,min,99
44,1994,clear creek,11372000,USGS,clear creek,flow,max,110
44,1994,clear creek,11372000,USGS,clear creek,flow,mean,102.8830227743271
44,1994,clear creek,11372000,USGS,clear creek,flow,min,99
45,1994,clear creek,11372000,USGS,clear creek,flow,max,129
45,1994,clear creek,11372000,USGS,clear creek,flow,mean,108.88020833333333
45,1994,clear creek,11372000,USGS,clear creek,flow,min,105
46,1994,clear creek,11372000,USGS,clear creek,flow,max,117
46,1994,clear creek,11372000,USGS,clear creek,flow,mean,107.25721291523483
46,1994,clear creek,11372000,USGS,clear creek,flow,min,105
47,1994,clear creek,11372000,USGS,clear creek,flow,max,114
47,1994,clear creek,11372000,USGS,clear creek,flow,mean,105.95684523809523
47,1994,clear creek,11372000,USGS,clear creek,flow,min,104
48,1994,clear creek,11372000,USGS,clear creek,flow,max,110
48,1994,clear creek,11372000,USGS,clear creek,flow,mean,106.06609750859106
48,1994,clear creek,11372000,USGS,clear creek,flow,min,105
49,1994,clear creek,11372000,USGS,clear creek,flow,max,116
49,1994,clear creek,11372000,USGS,clear creek,flow,mean,109.61458333333334
49,1994,clear creek,11372000,USGS,clear creek,flow,min,107
50,1994,clear creek,11372000,USGS,clear creek,flow,max,127
50,1994,clear creek,11372000,USGS,clear creek,flow,mean,113.22693452380953
50,1994,clear creek,11372000,USGS,clear creek,flow,min,107
51,1994,clear creek,11372000,USGS,clear creek,flow,max,123
51,1994,clear creek,11372000,USGS,clear creek,flow,mean,110.02229010025063
51,1994,clear creek,11372000,USGS,clear creek,flow,min,107
52,1994,clear creek,11372000,USGS,clear creek,flow,max,116
52,1994,clear creek,11372000,USGS,clear creek,flow,mean,108.61177589592538
52,1994,clear creek,11372000,USGS,clear creek,flow,min,107
53,1994,clear creek,11372000,USGS,clear creek,flow,max,107
53,1994,clear creek,11372000,USGS,clear creek,flow,mean,107
53,1994,clear creek,11372000,USGS,clear creek,flow,min,107
1,1995,clear creek,11372000,USGS,clear creek,flow,max,582
1,1995,clear creek,11372000,USGS,clear creek,flow,mean,155.24854258713796
1,1995,clear creek,11372000,USGS,clear creek,flow,min,105
2,1995,clear creek,11372000,USGS,clear creek,flow,max,5560
2,1995,clear creek,11372000,USGS,clear creek,flow,mean,3210.8285163521873
2,1995,clear creek,11372000,USGS,clear creek,flow,min,350
3,1995,clear creek,11372000,USGS,clear creek,flow,max,3670
3,1995,clear creek,11372000,USGS,clear creek,flow,mean,615.2004863156604
3,1995,clear creek,11372000,USGS,clear creek,flow,min,175
4,1995,clear creek,11372000,USGS,clear creek,flow,max,1380
4,1995,clear creek,11372000,USGS,clear creek,flow,mean,697.8120144110277
4,1995,clear creek,11372000,USGS,clear creek,flow,min,173
5,1995,clear creek,11372000,USGS,clear creek,flow,max,907
5,1995,clear creek,11372000,USGS,clear creek,flow,mean,564.4270833333333
5,1995,clear creek,11372000,USGS,clear creek,flow,min,320
6,1995,clear creek,11372000,USGS,clear creek,flow,max,320
6,1995,clear creek,11372000,USGS,clear creek,flow,mean,231.17077810505643
6,1995,clear creek,11372000,USGS,clear creek,flow,min,186
7,1995,clear creek,11372000,USGS,clear creek,flow,max,186
7,1995,clear creek,11372000,USGS,clear creek,flow,mean,164.56818027672276
7,1995,clear creek,11372000,USGS,clear creek,flow,min,147
8,1995,clear creek,11372000,USGS,clear creek,flow,max,147
8,1995,clear creek,11372000,USGS,clear creek,flow,mean,138.65187776141383
8,1995,clear creek,11372000,USGS,clear creek,flow,min,131
9,1995,clear creek,11372000,USGS,clear creek,flow,max,151
9,1995,clear creek,11372000,USGS,clear creek,flow,mean,117.85505645557193
9,1995,clear creek,11372000,USGS,clear creek,flow,min,86
10,1995,clear creek,11372000,USGS,clear creek,flow,max,5370
10,1995,clear creek,11372000,USGS,clear creek,flow,mean,782.4836309523808
10,1995,clear creek,11372000,USGS,clear creek,flow,min,109
11,1995,clear creek,11372000,USGS,clear creek,flow,max,3340
11,1995,clear creek,11372000,USGS,clear creek,flow,mean,1905.5163690476188
11,1995,clear creek,11372000,USGS,clear creek,flow,min,528
12,1995,clear creek,11372000,USGS,clear creek,flow,max,1610
12,1995,clear creek,11372000,USGS,clear creek,flow,mean,578.0223214285714
12,1995,clear creek,11372000,USGS,clear creek,flow,min,314
13,1995,clear creek,11372000,USGS,clear creek,flow,max,314
13,1995,clear creek,11372000,USGS,clear creek,flow,mean,215.37931087383407
13,1995,clear creek,11372000,USGS,clear creek,flow,min,164
14,1995,clear creek,11372000,USGS,clear creek,flow,max,880
14,1995,clear creek,11372000,USGS,clear creek,flow,mean,204.40454712812962
14,1995,clear creek,11372000,USGS,clear creek,flow,min,141
15,1995,clear creek,11372000,USGS,clear creek,flow,max,269
15,1995,clear creek,11372000,USGS,clear creek,flow,mean,183.38164827786787
15,1995,clear creek,11372000,USGS,clear creek,flow,min,149
16,1995,clear creek,11372000,USGS,clear creek,flow,max,158
16,1995,clear creek,11372000,USGS,clear creek,flow,mean,135.2083793568974
16,1995,clear creek,11372000,USGS,clear creek,flow,min,119
17,1995,clear creek,11372000,USGS,clear creek,flow,max,366
17,1995,clear creek,11372000,USGS,clear creek,flow,mean,133.6858584928817
17,1995,clear creek,11372000,USGS,clear creek,flow,min,110
18,1995,clear creek,11372000,USGS,clear creek,flow,max,756
18,1995,clear creek,11372000,USGS,clear creek,flow,mean,237.87829044661342
18,1995,clear creek,11372000,USGS,clear creek,flow,min,149
19,1995,clear creek,11372000,USGS,clear creek,flow,max,204
19,1995,clear creek,11372000,USGS,clear creek,flow,mean,138.05657679738562
19,1995,clear creek,11372000,USGS,clear creek,flow,min,127
20,1995,clear creek,11372000,USGS,clear creek,flow,max,127
20,1995,clear creek,11372000,USGS,clear creek,flow,mean,115.24376947663872
20,1995,clear creek,11372000,USGS,clear creek,flow,min,104
21,1995,clear creek,11372000,USGS,clear creek,flow,max,160
21,1995,clear creek,11372000,USGS,clear creek,flow,mean,97.83741408934709
21,1995,clear creek,11372000,USGS,clear creek,flow,min,55
22,1995,clear creek,11372000,USGS,clear creek,flow,max,95
22,1995,clear creek,11372000,USGS,clear creek,flow,mean,89.92735947471772
22,1995,clear creek,11372000,USGS,clear creek,flow,min,84
23,1995,clear creek,11372000,USGS,clear creek,flow,max,102
23,1995,clear creek,11372000,USGS,clear creek,flow,mean,87.51646109474719
23,1995,clear creek,11372000,USGS,clear creek,flow,min,81
24,1995,clear creek,11372000,USGS,clear creek,flow,max,350
24,1995,clear creek,11372000,USGS,clear creek,flow,mean,110.10806332842415
24,1995,clear creek,11372000,USGS,clear creek,flow,min,84
25,1995,clear creek,11372000,USGS,clear creek,flow,max,109
25,1995,clear creek,11372000,USGS,clear creek,flow,mean,95.62935467403754
25,1995,clear creek,11372000,USGS,clear creek,flow,min,88
26,1995,clear creek,11372000,USGS,clear creek,flow,max,89
26,1995,clear creek,11372000,USGS,clear creek,flow,mean,85.95277982326952
26,1995,clear creek,11372000,USGS,clear creek,flow,min,83
27,1995,clear creek,11372000,USGS,clear creek,flow,max,84
27,1995,clear creek,11372000,USGS,clear creek,flow,mean,82.14793958820643
27,1995,clear creek,11372000,USGS,clear creek,flow,min,79
28,1995,clear creek,11372000,USGS,clear creek,flow,max,83
28,1995,clear creek,11372000,USGS,clear creek,flow,mean,79.95422989904164
28,1995,clear creek,11372000,USGS,clear creek,flow,min,78
29,1995,clear creek,11372000,USGS,clear creek,flow,max,78
29,1995,clear creek,11372000,USGS,clear creek,flow,mean,76.90862788414336
29,1995,clear creek,11372000,USGS,clear creek,flow,min,76
30,1995,clear creek,11372000,USGS,clear creek,flow,max,78
30,1995,clear creek,11372000,USGS,clear creek,flow,mean,75.72767857142857
30,1995,clear creek,11372000,USGS,clear creek,flow,min,75
31,1995,clear creek,11372000,USGS,clear creek,flow,max,76
31,1995,clear creek,11372000,USGS,clear creek,flow,mean,74.20962199312716
31,1995,clear creek,11372000,USGS,clear creek,flow,min,73
32,1995,clear creek,11372000,USGS,clear creek,flow,max,76
32,1995,clear creek,11372000,USGS,clear creek,flow,mean,73.48108253882128
32,1995,clear creek,11372000,USGS,clear creek,flow,min,73
33,1995,clear creek,11372000,USGS,clear creek,flow,max,89
33,1995,clear creek,11372000,USGS,clear creek,flow,mean,73.6622023809524
33,1995,clear creek,11372000,USGS,clear creek,flow,min,73
34,1995,clear creek,11372000,USGS,clear creek,flow,max,73
34,1995,clear creek,11372000,USGS,clear creek,flow,mean,73
34,1995,clear creek,11372000,USGS,clear creek,flow,min,73
35,1995,clear creek,11372000,USGS,clear creek,flow,max,76
35,1995,clear creek,11372000,USGS,clear creek,flow,mean,73.00312019969277
35,1995,clear creek,11372000,USGS,clear creek,flow,min,72
36,1995,clear creek,11372000,USGS,clear creek,flow,max,73
36,1995,clear creek,11372000,USGS,clear creek,flow,mean,72.20946858124692
36,1995,clear creek,11372000,USGS,clear creek,flow,min,72
37,1995,clear creek,11372000,USGS,clear creek,flow,max,73
37,1995,clear creek,11372000,USGS,clear creek,flow,mean,72.00297619047619
37,1995,clear creek,11372000,USGS,clear creek,flow,min,72
38,1995,clear creek,11372000,USGS,clear creek,flow,max,73
38,1995,clear creek,11372000,USGS,clear creek,flow,mean,72.03571428571429
38,1995,clear creek,11372000,USGS,clear creek,flow,min,72
39,1995,clear creek,11372000,USGS,clear creek,flow,max,73
39,1995,clear creek,11372000,USGS,clear creek,flow,mean,70.202411634757
39,1995,clear creek,11372000,USGS,clear creek,flow,min,63
40,1995,clear creek,11372000,USGS,clear creek,flow,max,144
40,1995,clear creek,11372000,USGS,clear creek,flow,mean,107.65139451399116
40,1995,clear creek,11372000,USGS,clear creek,flow,min,72
41,1995,clear creek,11372000,USGS,clear creek,flow,max,153
41,1995,clear creek,11372000,USGS,clear creek,flow,mean,144.15625
41,1995,clear creek,11372000,USGS,clear creek,flow,min,103
42,1995,clear creek,11372000,USGS,clear creek,flow,max,148
42,1995,clear creek,11372000,USGS,clear creek,flow,mean,144.35971961152885
42,1995,clear creek,11372000,USGS,clear creek,flow,min,99.5
43,1995,clear creek,11372000,USGS,clear creek,flow,max,148
43,1995,clear creek,11372000,USGS,clear creek,flow,mean,147.38823529411766
43,1995,clear creek,11372000,USGS,clear creek,flow,min,144
44,1995,clear creek,11372000,USGS,clear creek,flow,max,148
44,1995,clear creek,11372000,USGS,clear creek,flow,mean,147.12079518046576
44,1995,clear creek,11372000,USGS,clear creek,flow,min,146
45,1995,clear creek,11372000,USGS,clear creek,flow,max,148
45,1995,clear creek,11372000,USGS,clear creek,flow,mean,146.38561610211096
45,1995,clear creek,11372000,USGS,clear creek,flow,min,146
46,1995,clear creek,11372000,USGS,clear creek,flow,max,154
46,1995,clear creek,11372000,USGS,clear creek,flow,mean,148.39024914089347
46,1995,clear creek,11372000,USGS,clear creek,flow,min,128
47,1995,clear creek,11372000,USGS,clear creek,flow,max,154
47,1995,clear creek,11372000,USGS,clear creek,flow,mean,154
47,1995,clear creek,11372000,USGS,clear creek,flow,min,154
48,1995,clear creek,11372000,USGS,clear creek,flow,max,163
48,1995,clear creek,11372000,USGS,clear creek,flow,mean,154.76581676485029
48,1995,clear creek,11372000,USGS,clear creek,flow,min,140
49,1995,clear creek,11372000,USGS,clear creek,flow,max,167
49,1995,clear creek,11372000,USGS,clear creek,flow,mean,158.50698024054984
49,1995,clear creek,11372000,USGS,clear creek,flow,min,140
50,1995,clear creek,11372000,USGS,clear creek,flow,max,5480
50,1995,clear creek,11372000,USGS,clear creek,flow,mean,495.2244405656999
50,1995,clear creek,11372000,USGS,clear creek,flow,min,154
51,1995,clear creek,11372000,USGS,clear creek,flow,max,244
51,1995,clear creek,11372000,USGS,clear creek,flow,mean,187.16036095393125
51,1995,clear creek,11372000,USGS,clear creek,flow,min,162
52,1995,clear creek,11372000,USGS,clear creek,flow,max,298
52,1995,clear creek,11372000,USGS,clear creek,flow,mean,183.49107142857142
52,1995,clear creek,11372000,USGS,clear creek,flow,min,165
53,1995,clear creek,11372000,USGS,clear creek,flow,max,247
53,1995,clear creek,11372000,USGS,clear creek,flow,mean,225.29896907216494
53,1995,clear creek,11372000,USGS,clear creek,flow,min,209
1,1996,clear creek,11372000,USGS,clear creek,flow,max,276
1,1996,clear creek,11372000,USGS,clear creek,flow,mean,181.26024791359842
1,1996,clear creek,11372000,USGS,clear creek,flow,min,170
2,1996,clear creek,11372000,USGS,clear creek,flow,max,191
2,1996,clear creek,11372000,USGS,clear creek,flow,mean,170.03571428571428
2,1996,clear creek,11372000,USGS,clear creek,flow,min,165
3,1996,clear creek,11372000,USGS,clear creek,flow,max,1160
3,1996,clear creek,11372000,USGS,clear creek,flow,mean,372.45089285714283
3,1996,clear creek,11372000,USGS,clear creek,flow,min,165
4,1996,clear creek,11372000,USGS,clear creek,flow,max,401
4,1996,clear creek,11372000,USGS,clear creek,flow,mean,313.04836309523813
4,1996,clear creek,11372000,USGS,clear creek,flow,min,250
5,1996,clear creek,11372000,USGS,clear creek,flow,max,620
5,1996,clear creek,11372000,USGS,clear creek,flow,mean,297.1825206043956
5,1996,clear creek,11372000,USGS,clear creek,flow,min,233
6,1996,clear creek,11372000,USGS,clear creek,flow,max,1340
6,1996,clear creek,11372000,USGS,clear creek,flow,mean,387.88837751595486
6,1996,clear creek,11372000,USGS,clear creek,flow,min,233
7,1996,clear creek,11372000,USGS,clear creek,flow,max,1460
7,1996,clear creek,11372000,USGS,clear creek,flow,mean,274.69480240549825
7,1996,clear creek,11372000,USGS,clear creek,flow,min,201
8,1996,clear creek,11372000,USGS,clear creek,flow,max,870
8,1996,clear creek,11372000,USGS,clear creek,flow,mean,476.89306318681327
8,1996,clear creek,11372000,USGS,clear creek,flow,min,304
9,1996,clear creek,11372000,USGS,clear creek,flow,max,701
9,1996,clear creek,11372000,USGS,clear creek,flow,mean,397.35639880952385
9,1996,clear creek,11372000,USGS,clear creek,flow,min,253
10,1996,clear creek,11372000,USGS,clear creek,flow,max,502
10,1996,clear creek,11372000,USGS,clear creek,flow,mean,347.4508008100147
10,1996,clear creek,11372000,USGS,clear creek,flow,min,273
11,1996,clear creek,11372000,USGS,clear creek,flow,max,424
11,1996,clear creek,11372000,USGS,clear creek,flow,mean,270.7177067992145
11,1996,clear creek,11372000,USGS,clear creek,flow,min,230
12,1996,clear creek,11372000,USGS,clear creek,flow,max,230
12,1996,clear creek,11372000,USGS,clear creek,flow,mean,213.22402736867943
12,1996,clear creek,11372000,USGS,clear creek,flow,min,201
13,1996,clear creek,11372000,USGS,clear creek,flow,max,209
13,1996,clear creek,11372000,USGS,clear creek,flow,mean,195.64583333333334
13,1996,clear creek,11372000,USGS,clear creek,flow,min,184
14,1996,clear creek,11372000,USGS,clear creek,flow,max,261
14,1996,clear creek,11372000,USGS,clear creek,flow,mean,198.59942623956798
14,1996,clear creek,11372000,USGS,clear creek,flow,min,186
15,1996,clear creek,11372000,USGS,clear creek,flow,max,189
15,1996,clear creek,11372000,USGS,clear creek,flow,mean,181.7073054737359
15,1996,clear creek,11372000,USGS,clear creek,flow,min,165
16,1996,clear creek,11372000,USGS,clear creek,flow,max,230
16,1996,clear creek,11372000,USGS,clear creek,flow,mean,185.3064050620248
16,1996,clear creek,11372000,USGS,clear creek,flow,min,177
17,1996,clear creek,11372000,USGS,clear creek,flow,max,204
17,1996,clear creek,11372000,USGS,clear creek,flow,mean,180.78571428571428
17,1996,clear creek,11372000,USGS,clear creek,flow,min,174
18,1996,clear creek,11372000,USGS,clear creek,flow,max,174
18,1996,clear creek,11372000,USGS,clear creek,flow,mean,107.18609366823652
18,1996,clear creek,11372000,USGS,clear creek,flow,min,74
19,1996,clear creek,11372000,USGS,clear creek,flow,max,75
19,1996,clear creek,11372000,USGS,clear creek,flow,mean,71.48511904761905
19,1996,clear creek,11372000,USGS,clear creek,flow,min,68
20,1996,clear creek,11372000,USGS,clear creek,flow,max,1560
20,1996,clear creek,11372000,USGS,clear creek,flow,mean,172.43154761904762
20,1996,clear creek,11372000,USGS,clear creek,flow,min,66
21,1996,clear creek,11372000,USGS,clear creek,flow,max,177
21,1996,clear creek,11372000,USGS,clear creek,flow,mean,119.31696428571429
21,1996,clear creek,11372000,USGS,clear creek,flow,min,92
22,1996,clear creek,11372000,USGS,clear creek,flow,max,123
22,1996,clear creek,11372000,USGS,clear creek,flow,mean,87.17708333333334
22,1996,clear creek,11372000,USGS,clear creek,flow,min,77
23,1996,clear creek,11372000,USGS,clear creek,flow,max,103
23,1996,clear creek,11372000,USGS,clear creek,flow,mean,72.65625
23,1996,clear creek,11372000,USGS,clear creek,flow,min,66
24,1996,clear creek,11372000,USGS,clear creek,flow,max,71
24,1996,clear creek,11372000,USGS,clear creek,flow,mean,65.73065476190476
24,1996,clear creek,11372000,USGS,clear creek,flow,min,63
25,1996,clear creek,11372000,USGS,clear creek,flow,max,75
25,1996,clear creek,11372000,USGS,clear creek,flow,mean,63.785714285714285
25,1996,clear creek,11372000,USGS,clear creek,flow,min,59
26,1996,clear creek,11372000,USGS,clear creek,flow,max,87
26,1996,clear creek,11372000,USGS,clear creek,flow,mean,69.10714285714286
26,1996,clear creek,11372000,USGS,clear creek,flow,min,59
27,1996,clear creek,11372000,USGS,clear creek,flow,max,87
27,1996,clear creek,11372000,USGS,clear creek,flow,mean,69.57142857142857
27,1996,clear creek,11372000,USGS,clear creek,flow,min,58
28,1996,clear creek,11372000,USGS,clear creek,flow,max,59
28,1996,clear creek,11372000,USGS,clear creek,flow,mean,57.561011904761905
28,1996,clear creek,11372000,USGS,clear creek,flow,min,57
29,1996,clear creek,11372000,USGS,clear creek,flow,max,68
29,1996,clear creek,11372000,USGS,clear creek,flow,mean,56.833333333333336
29,1996,clear creek,11372000,USGS,clear creek,flow,min,54
30,1996,clear creek,11372000,USGS,clear creek,flow,max,57
30,1996,clear creek,11372000,USGS,clear creek,flow,mean,54.982142857142854
30,1996,clear creek,11372000,USGS,clear creek,flow,min,54
31,1996,clear creek,11372000,USGS,clear creek,flow,max,58
31,1996,clear creek,11372000,USGS,clear creek,flow,mean,54.54302536231884
31,1996,clear creek,11372000,USGS,clear creek,flow,min,54
32,1996,clear creek,11372000,USGS,clear creek,flow,max,54
32,1996,clear creek,11372000,USGS,clear creek,flow,mean,53.35069444444445
32,1996,clear creek,11372000,USGS,clear creek,flow,min,48
33,1996,clear creek,11372000,USGS,clear creek,flow,max,54
33,1996,clear creek,11372000,USGS,clear creek,flow,mean,52.30654761904763
33,1996,clear creek,11372000,USGS,clear creek,flow,min,52
34,1996,clear creek,11372000,USGS,clear creek,flow,max,61
34,1996,clear creek,11372000,USGS,clear creek,flow,mean,52.307291666666664
34,1996,clear creek,11372000,USGS,clear creek,flow,min,52
35,1996,clear creek,11372000,USGS,clear creek,flow,max,63
35,1996,clear creek,11372000,USGS,clear creek,flow,mean,52.78466386554622
35,1996,clear creek,11372000,USGS,clear creek,flow,min,52
36,1996,clear creek,11372000,USGS,clear creek,flow,max,55
36,1996,clear creek,11372000,USGS,clear creek,flow,mean,52.885416666666664
36,1996,clear creek,11372000,USGS,clear creek,flow,min,51
37,1996,clear creek,11372000,USGS,clear creek,flow,max,65
37,1996,clear creek,11372000,USGS,clear creek,flow,mean,57.01837740923353
37,1996,clear creek,11372000,USGS,clear creek,flow,min,52
38,1996,clear creek,11372000,USGS,clear creek,flow,max,69
38,1996,clear creek,11372000,USGS,clear creek,flow,mean,54.67067309891236
38,1996,clear creek,11372000,USGS,clear creek,flow,min,47
39,1996,clear creek,11372000,USGS,clear creek,flow,max,55
39,1996,clear creek,11372000,USGS,clear creek,flow,mean,53.2842261904762
39,1996,clear creek,11372000,USGS,clear creek,flow,min,52
40,1996,clear creek,11372000,USGS,clear creek,flow,max,155
40,1996,clear creek,11372000,USGS,clear creek,flow,mean,126.79166666666666
40,1996,clear creek,11372000,USGS,clear creek,flow,min,54
41,1996,clear creek,11372000,USGS,clear creek,flow,max,155
41,1996,clear creek,11372000,USGS,clear creek,flow,mean,154.62202380952382
41,1996,clear creek,11372000,USGS,clear creek,flow,min,153
42,1996,clear creek,11372000,USGS,clear creek,flow,max,157
42,1996,clear creek,11372000,USGS,clear creek,flow,mean,154.41071428571428
42,1996,clear creek,11372000,USGS,clear creek,flow,min,153
43,1996,clear creek,11372000,USGS,clear creek,flow,max,157
43,1996,clear creek,11372000,USGS,clear creek,flow,mean,156.70768633540374
43,1996,clear creek,11372000,USGS,clear creek,flow,min,155
44,1996,clear creek,11372000,USGS,clear creek,flow,max,172
44,1996,clear creek,11372000,USGS,clear creek,flow,mean,158.73363095238093
44,1996,clear creek,11372000,USGS,clear creek,flow,min,155
45,1996,clear creek,11372000,USGS,clear creek,flow,max,157
45,1996,clear creek,11372000,USGS,clear creek,flow,mean,155.53273809523807
45,1996,clear creek,11372000,USGS,clear creek,flow,min,155
46,1996,clear creek,11372000,USGS,clear creek,flow,max,167
46,1996,clear creek,11372000,USGS,clear creek,flow,mean,155.99404761904762
46,1996,clear creek,11372000,USGS,clear creek,flow,min,155
47,1996,clear creek,11372000,USGS,clear creek,flow,max,1250
47,1996,clear creek,11372000,USGS,clear creek,flow,mean,274.81845238095235
47,1996,clear creek,11372000,USGS,clear creek,flow,min,160
48,1996,clear creek,11372000,USGS,clear creek,flow,max,179
48,1996,clear creek,11372000,USGS,clear creek,flow,mean,165.3720238095238
48,1996,clear creek,11372000,USGS,clear creek,flow,min,160
49,1996,clear creek,11372000,USGS,clear creek,flow,max,1090
49,1996,clear creek,11372000,USGS,clear creek,flow,mean,279.5788690476191
49,1996,clear creek,11372000,USGS,clear creek,flow,min,160
50,1996,clear creek,11372000,USGS,clear creek,flow,max,2560
50,1996,clear creek,11372000,USGS,clear creek,flow,mean,517.2901785714286
50,1996,clear creek,11372000,USGS,clear creek,flow,min,222
51,1996,clear creek,11372000,USGS,clear creek,flow,max,222
51,1996,clear creek,11372000,USGS,clear creek,flow,mean,198.23214285714286
51,1996,clear creek,11372000,USGS,clear creek,flow,min,189
52,1996,clear creek,11372000,USGS,clear creek,flow,max,3670
52,1996,clear creek,11372000,USGS,clear creek,flow,mean,347.1488095238096
52,1996,clear creek,11372000,USGS,clear creek,flow,min,184
53,1996,clear creek,11372000,USGS,clear creek,flow,max,2590
53,1996,clear creek,11372000,USGS,clear creek,flow,mean,1486.3020833333335
53,1996,clear creek,11372000,USGS,clear creek,flow,min,946
1,1997,clear creek,11372000,USGS,clear creek,flow,max,15900
1,1997,clear creek,11372000,USGS,clear creek,flow,mean,3752.6130952380954
1,1997,clear creek,11372000,USGS,clear creek,flow,min,326
2,1997,clear creek,11372000,USGS,clear creek,flow,max,326
2,1997,clear creek,11372000,USGS,clear creek,flow,mean,267.2127976190476
2,1997,clear creek,11372000,USGS,clear creek,flow,min,233
3,1997,clear creek,11372000,USGS,clear creek,flow,max,253
3,1997,clear creek,11372000,USGS,clear creek,flow,mean,221.09077380952382
3,1997,clear creek,11372000,USGS,clear creek,flow,min,209
4,1997,clear creek,11372000,USGS,clear creek,flow,max,3020
4,1997,clear creek,11372000,USGS,clear creek,flow,mean,609.1383928571429
4,1997,clear creek,11372000,USGS,clear creek,flow,min,236
5,1997,clear creek,11372000,USGS,clear creek,flow,max,571
5,1997,clear creek,11372000,USGS,clear creek,flow,mean,360.78125
5,1997,clear creek,11372000,USGS,clear creek,flow,min,276
6,1997,clear creek,11372000,USGS,clear creek,flow,max,276
6,1997,clear creek,11372000,USGS,clear creek,flow,mean,241.91517857142853
6,1997,clear creek,11372000,USGS,clear creek,flow,min,219
7,1997,clear creek,11372000,USGS,clear creek,flow,max,219
7,1997,clear creek,11372000,USGS,clear creek,flow,mean,208.49404761904762
7,1997,clear creek,11372000,USGS,clear creek,flow,min,201
8,1997,clear creek,11372000,USGS,clear creek,flow,max,206
8,1997,clear creek,11372000,USGS,clear creek,flow,mean,196.29166666666669
8,1997,clear creek,11372000,USGS,clear creek,flow,min,191
9,1997,clear creek,11372000,USGS,clear creek,flow,max,332
9,1997,clear creek,11372000,USGS,clear creek,flow,mean,194.65624999999997
9,1997,clear creek,11372000,USGS,clear creek,flow,min,186
10,1997,clear creek,11372000,USGS,clear creek,flow,max,189
10,1997,clear creek,11372000,USGS,clear creek,flow,mean,184.74851190476193
10,1997,clear creek,11372000,USGS,clear creek,flow,min,167
11,1997,clear creek,11372000,USGS,clear creek,flow,max,294
11,1997,clear creek,11372000,USGS,clear creek,flow,mean,180.42261904761907
11,1997,clear creek,11372000,USGS,clear creek,flow,min,129
12,1997,clear creek,11372000,USGS,clear creek,flow,max,201
12,1997,clear creek,11372000,USGS,clear creek,flow,mean,189.90327380952382
12,1997,clear creek,11372000,USGS,clear creek,flow,min,181
13,1997,clear creek,11372000,USGS,clear creek,flow,max,189
13,1997,clear creek,11372000,USGS,clear creek,flow,mean,183.77529761904765
13,1997,clear creek,11372000,USGS,clear creek,flow,min,181
14,1997,clear creek,11372000,USGS,clear creek,flow,max,184
14,1997,clear creek,11372000,USGS,clear creek,flow,mean,182.02232142857142
14,1997,clear creek,11372000,USGS,clear creek,flow,min,179
15,1997,clear creek,11372000,USGS,clear creek,flow,max,181
15,1997,clear creek,11372000,USGS,clear creek,flow,mean,179.28869047619045
15,1997,clear creek,11372000,USGS,clear creek,flow,min,177
16,1997,clear creek,11372000,USGS,clear creek,flow,max,222
16,1997,clear creek,11372000,USGS,clear creek,flow,mean,190.79166666666669
16,1997,clear creek,11372000,USGS,clear creek,flow,min,177
17,1997,clear creek,11372000,USGS,clear creek,flow,max,369
17,1997,clear creek,11372000,USGS,clear creek,flow,mean,203.5952380952381
17,1997,clear creek,11372000,USGS,clear creek,flow,min,144
18,1997,clear creek,11372000,USGS,clear creek,flow,max,194
18,1997,clear creek,11372000,USGS,clear creek,flow,mean,167.40922619047618
18,1997,clear creek,11372000,USGS,clear creek,flow,min,107
19,1997,clear creek,11372000,USGS,clear creek,flow,max,119
19,1997,clear creek,11372000,USGS,clear creek,flow,mean,111.93452380952381
19,1997,clear creek,11372000,USGS,clear creek,flow,min,105
20,1997,clear creek,11372000,USGS,clear creek,flow,max,107
20,1997,clear creek,11372000,USGS,clear creek,flow,mean,103.07961309523809
20,1997,clear creek,11372000,USGS,clear creek,flow,min,91
21,1997,clear creek,11372000,USGS,clear creek,flow,max,92
21,1997,clear creek,11372000,USGS,clear creek,flow,mean,69.57291666666667
21,1997,clear creek,11372000,USGS,clear creek,flow,min,62
22,1997,clear creek,11372000,USGS,clear creek,flow,max,71
22,1997,clear creek,11372000,USGS,clear creek,flow,mean,62.31845238095237
22,1997,clear creek,11372000,USGS,clear creek,flow,min,61
23,1997,clear creek,11372000,USGS,clear creek,flow,max,369
23,1997,clear creek,11372000,USGS,clear creek,flow,mean,77.56696428571429
23,1997,clear creek,11372000,USGS,clear creek,flow,min,61
24,1997,clear creek,11372000,USGS,clear creek,flow,max,66
24,1997,clear creek,11372000,USGS,clear creek,flow,mean,61.81845238095239
24,1997,clear creek,11372000,USGS,clear creek,flow,min,59
25,1997,clear creek,11372000,USGS,clear creek,flow,max,68
25,1997,clear creek,11372000,USGS,clear creek,flow,mean,62.063533834586465
25,1997,clear creek,11372000,USGS,clear creek,flow,min,59
26,1997,clear creek,11372000,USGS,clear creek,flow,max,75
26,1997,clear creek,11372000,USGS,clear creek,flow,mean,62.70535714285713
26,1997,clear creek,11372000,USGS,clear creek,flow,min,59
27,1997,clear creek,11372000,USGS,clear creek,flow,max,63
27,1997,clear creek,11372000,USGS,clear creek,flow,mean,61.236607142857146
27,1997,clear creek,11372000,USGS,clear creek,flow,min,59
28,1997,clear creek,11372000,USGS,clear creek,flow,max,65
28,1997,clear creek,11372000,USGS,clear creek,flow,mean,60.26190476190476
28,1997,clear creek,11372000,USGS,clear creek,flow,min,59
29,1997,clear creek,11372000,USGS,clear creek,flow,max,61
29,1997,clear creek,11372000,USGS,clear creek,flow,mean,59.44047619047619
29,1997,clear creek,11372000,USGS,clear creek,flow,min,58
30,1997,clear creek,11372000,USGS,clear creek,flow,max,62
30,1997,clear creek,11372000,USGS,clear creek,flow,mean,60.02529761904761
30,1997,clear creek,11372000,USGS,clear creek,flow,min,59
31,1997,clear creek,11372000,USGS,clear creek,flow,max,61
31,1997,clear creek,11372000,USGS,clear creek,flow,mean,59.06547619047619
31,1997,clear creek,11372000,USGS,clear creek,flow,min,59
32,1997,clear creek,11372000,USGS,clear creek,flow,max,61
32,1997,clear creek,11372000,USGS,clear creek,flow,mean,58.44590336134454
32,1997,clear creek,11372000,USGS,clear creek,flow,min,58
33,1997,clear creek,11372000,USGS,clear creek,flow,max,59
33,1997,clear creek,11372000,USGS,clear creek,flow,mean,58.12797619047619
33,1997,clear creek,11372000,USGS,clear creek,flow,min,58
34,1997,clear creek,11372000,USGS,clear creek,flow,max,68
34,1997,clear creek,11372000,USGS,clear creek,flow,mean,61.555059523809526
34,1997,clear creek,11372000,USGS,clear creek,flow,min,55
35,1997,clear creek,11372000,USGS,clear creek,flow,max,59
35,1997,clear creek,11372000,USGS,clear creek,flow,mean,57.39434523809525
35,1997,clear creek,11372000,USGS,clear creek,flow,min,54
36,1997,clear creek,11372000,USGS,clear creek,flow,max,59
36,1997,clear creek,11372000,USGS,clear creek,flow,mean,58.70684523809524
36,1997,clear creek,11372000,USGS,clear creek,flow,min,58
37,1997,clear creek,11372000,USGS,clear creek,flow,max,77
37,1997,clear creek,11372000,USGS,clear creek,flow,mean,60.39136904761905
37,1997,clear creek,11372000,USGS,clear creek,flow,min,57
38,1997,clear creek,11372000,USGS,clear creek,flow,max,62
38,1997,clear creek,11372000,USGS,clear creek,flow,mean,58.67857142857143
38,1997,clear creek,11372000,USGS,clear creek,flow,min,55
39,1997,clear creek,11372000,USGS,clear creek,flow,max,62
39,1997,clear creek,11372000,USGS,clear creek,flow,mean,58.316964285714285
39,1997,clear creek,11372000,USGS,clear creek,flow,min,58
40,1997,clear creek,11372000,USGS,clear creek,flow,max,142
40,1997,clear creek,11372000,USGS,clear creek,flow,mean,60.48958333333333
40,1997,clear creek,11372000,USGS,clear creek,flow,min,58
41,1997,clear creek,11372000,USGS,clear creek,flow,max,172
41,1997,clear creek,11372000,USGS,clear creek,flow,mean,145.64136904761907
41,1997,clear creek,11372000,USGS,clear creek,flow,min,142
42,1997,clear creek,11372000,USGS,clear creek,flow,max,142
42,1997,clear creek,11372000,USGS,clear creek,flow,mean,142
42,1997,clear creek,11372000,USGS,clear creek,flow,min,142
43,1997,clear creek,11372000,USGS,clear creek,flow,max,142
43,1997,clear creek,11372000,USGS,clear creek,flow,mean,142
43,1997,clear creek,11372000,USGS,clear creek,flow,min,142
44,1997,clear creek,11372000,USGS,clear creek,flow,max,148
44,1997,clear creek,11372000,USGS,clear creek,flow,mean,142.63095238095238
44,1997,clear creek,11372000,USGS,clear creek,flow,min,131
45,1997,clear creek,11372000,USGS,clear creek,flow,max,165
45,1997,clear creek,11372000,USGS,clear creek,flow,mean,153.4672619047619
45,1997,clear creek,11372000,USGS,clear creek,flow,min,148
46,1997,clear creek,11372000,USGS,clear creek,flow,max,276
46,1997,clear creek,11372000,USGS,clear creek,flow,mean,182.25446428571425
46,1997,clear creek,11372000,USGS,clear creek,flow,min,155
47,1997,clear creek,11372000,USGS,clear creek,flow,max,494
47,1997,clear creek,11372000,USGS,clear creek,flow,mean,200.43452380952382
47,1997,clear creek,11372000,USGS,clear creek,flow,min,167
48,1997,clear creek,11372000,USGS,clear creek,flow,max,828
48,1997,clear creek,11372000,USGS,clear creek,flow,mean,266.60565476190476
48,1997,clear creek,11372000,USGS,clear creek,flow,min,181
49,1997,clear creek,11372000,USGS,clear creek,flow,max,659
49,1997,clear creek,11372000,USGS,clear creek,flow,mean,218.88541666666669
49,1997,clear creek,11372000,USGS,clear creek,flow,min,177
50,1997,clear creek,11372000,USGS,clear creek,flow,max,279
50,1997,clear creek,11372000,USGS,clear creek,flow,mean,197.1488095238095
50,1997,clear creek,11372000,USGS,clear creek,flow,min,174
51,1997,clear creek,11372000,USGS,clear creek,flow,max,204
51,1997,clear creek,11372000,USGS,clear creek,flow,mean,186.2470238095238
51,1997,clear creek,11372000,USGS,clear creek,flow,min,174
52,1997,clear creek,11372000,USGS,clear creek,flow,max,174
52,1997,clear creek,11372000,USGS,clear creek,flow,mean,169.91964285714286
52,1997,clear creek,11372000,USGS,clear creek,flow,min,167
53,1997,clear creek,11372000,USGS,clear creek,flow,max,167
53,1997,clear creek,11372000,USGS,clear creek,flow,mean,167
53,1997,clear creek,11372000,USGS,clear creek,flow,min,167
1,1998,clear creek,11372000,USGS,clear creek,flow,max,336
1,1998,clear creek,11372000,USGS,clear creek,flow,mean,230.38095238095235
1,1998,clear creek,11372000,USGS,clear creek,flow,min,165
2,1998,clear creek,11372000,USGS,clear creek,flow,max,2410
2,1998,clear creek,11372000,USGS,clear creek,flow,mean,464.1755952380953
2,1998,clear creek,11372000,USGS,clear creek,flow,min,233
3,1998,clear creek,11372000,USGS,clear creek,flow,max,2190
3,1998,clear creek,11372000,USGS,clear creek,flow,mean,670.3184523809524
3,1998,clear creek,11372000,USGS,clear creek,flow,min,349
4,1998,clear creek,11372000,USGS,clear creek,flow,max,744
4,1998,clear creek,11372000,USGS,clear creek,flow,mean,384.97470238095235
4,1998,clear creek,11372000,USGS,clear creek,flow,min,264
5,1998,clear creek,11372000,USGS,clear creek,flow,max,2720
5,1998,clear creek,11372000,USGS,clear creek,flow,mean,842.5022321428571
5,1998,clear creek,11372000,USGS,clear creek,flow,min,383
6,1998,clear creek,11372000,USGS,clear creek,flow,max,11300
6,1998,clear creek,11372000,USGS,clear creek,flow,mean,3619.6473214285716
6,1998,clear creek,11372000,USGS,clear creek,flow,min,733
7,1998,clear creek,11372000,USGS,clear creek,flow,max,1740
7,1998,clear creek,11372000,USGS,clear creek,flow,mean,857.7559523809523
7,1998,clear creek,11372000,USGS,clear creek,flow,min,594
8,1998,clear creek,11372000,USGS,clear creek,flow,max,3610
8,1998,clear creek,11372000,USGS,clear creek,flow,mean,1116.5089285714287
8,1998,clear creek,11372000,USGS,clear creek,flow,min,594
9,1998,clear creek,11372000,USGS,clear creek,flow,max,594
9,1998,clear creek,11372000,USGS,clear creek,flow,mean,392.67559523809524
9,1998,clear creek,11372000,USGS,clear creek,flow,min,307
10,1998,clear creek,11372000,USGS,clear creek,flow,max,320
10,1998,clear creek,11372000,USGS,clear creek,flow,mean,280.1904761904762
10,1998,clear creek,11372000,USGS,clear creek,flow,min,256
11,1998,clear creek,11372000,USGS,clear creek,flow,max,352
11,1998,clear creek,11372000,USGS,clear creek,flow,mean,284.09523809523813
11,1998,clear creek,11372000,USGS,clear creek,flow,min,256
12,1998,clear creek,11372000,USGS,clear creek,flow,max,3940
12,1998,clear creek,11372000,USGS,clear creek,flow,mean,827.2038690476192
12,1998,clear creek,11372000,USGS,clear creek,flow,min,250
13,1998,clear creek,11372000,USGS,clear creek,flow,max,670
13,1998,clear creek,11372000,USGS,clear creek,flow,mean,465.921130952381
13,1998,clear creek,11372000,USGS,clear creek,flow,min,329
14,1998,clear creek,11372000,USGS,clear creek,flow,max,811
14,1998,clear creek,11372000,USGS,clear creek,flow,mean,480.45473310291857
14,1998,clear creek,11372000,USGS,clear creek,flow,min,380
15,1998,clear creek,11372000,USGS,clear creek,flow,max,458
15,1998,clear creek,11372000,USGS,clear creek,flow,mean,366.9419642857143
15,1998,clear creek,11372000,USGS,clear creek,flow,min,307
16,1998,clear creek,11372000,USGS,clear creek,flow,max,307
16,1998,clear creek,11372000,USGS,clear creek,flow,mean,274.3080357142857
16,1998,clear creek,11372000,USGS,clear creek,flow,min,253
17,1998,clear creek,11372000,USGS,clear creek,flow,max,409
17,1998,clear creek,11372000,USGS,clear creek,flow,mean,251.09821428571428
17,1998,clear creek,11372000,USGS,clear creek,flow,min,121
18,1998,clear creek,11372000,USGS,clear creek,flow,max,291
18,1998,clear creek,11372000,USGS,clear creek,flow,mean,243.2458333333333
18,1998,clear creek,11372000,USGS,clear creek,flow,min,225
19,1998,clear creek,11372000,USGS,clear creek,flow,max,450
19,1998,clear creek,11372000,USGS,clear creek,flow,mean,265.204044117647
19,1998,clear creek,11372000,USGS,clear creek,flow,min,222
20,1998,clear creek,11372000,USGS,clear creek,flow,max,326
20,1998,clear creek,11372000,USGS,clear creek,flow,mean,276.95063025210084
20,1998,clear creek,11372000,USGS,clear creek,flow,min,250
21,1998,clear creek,11372000,USGS,clear creek,flow,max,291
21,1998,clear creek,11372000,USGS,clear creek,flow,mean,243.0446428571429
21,1998,clear creek,11372000,USGS,clear creek,flow,min,230
22,1998,clear creek,11372000,USGS,clear creek,flow,max,1650
22,1998,clear creek,11372000,USGS,clear creek,flow,mean,580.8943452380952
22,1998,clear creek,11372000,USGS,clear creek,flow,min,250
23,1998,clear creek,11372000,USGS,clear creek,flow,max,323
23,1998,clear creek,11372000,USGS,clear creek,flow,mean,206.6651785714286
23,1998,clear creek,11372000,USGS,clear creek,flow,min,144
24,1998,clear creek,11372000,USGS,clear creek,flow,max,174
24,1998,clear creek,11372000,USGS,clear creek,flow,mean,131.1279761904762
24,1998,clear creek,11372000,USGS,clear creek,flow,min,111
25,1998,clear creek,11372000,USGS,clear creek,flow,max,113
25,1998,clear creek,11372000,USGS,clear creek,flow,mean,103.59970238095238
25,1998,clear creek,11372000,USGS,clear creek,flow,min,96
26,1998,clear creek,11372000,USGS,clear creek,flow,max,101
26,1998,clear creek,11372000,USGS,clear creek,flow,mean,88.60193452380952
26,1998,clear creek,11372000,USGS,clear creek,flow,min,79
27,1998,clear creek,11372000,USGS,clear creek,flow,max,82
27,1998,clear creek,11372000,USGS,clear creek,flow,mean,75.78571428571429
27,1998,clear creek,11372000,USGS,clear creek,flow,min,69
28,1998,clear creek,11372000,USGS,clear creek,flow,max,71
28,1998,clear creek,11372000,USGS,clear creek,flow,mean,67.83928571428572
28,1998,clear creek,11372000,USGS,clear creek,flow,min,65
29,1998,clear creek,11372000,USGS,clear creek,flow,max,68
29,1998,clear creek,11372000,USGS,clear creek,flow,mean,62.46279761904761
29,1998,clear creek,11372000,USGS,clear creek,flow,min,59
30,1998,clear creek,11372000,USGS,clear creek,flow,max,69
30,1998,clear creek,11372000,USGS,clear creek,flow,mean,61.19047619047619
30,1998,clear creek,11372000,USGS,clear creek,flow,min,59
31,1998,clear creek,11372000,USGS,clear creek,flow,max,62
31,1998,clear creek,11372000,USGS,clear creek,flow,mean,57.57589285714285
31,1998,clear creek,11372000,USGS,clear creek,flow,min,55
32,1998,clear creek,11372000,USGS,clear creek,flow,max,261
32,1998,clear creek,11372000,USGS,clear creek,flow,mean,212.46056547619045
32,1998,clear creek,11372000,USGS,clear creek,flow,min,55
33,1998,clear creek,11372000,USGS,clear creek,flow,max,236
33,1998,clear creek,11372000,USGS,clear creek,flow,mean,188.78124999999997
33,1998,clear creek,11372000,USGS,clear creek,flow,min,59
34,1998,clear creek,11372000,USGS,clear creek,flow,max,109
34,1998,clear creek,11372000,USGS,clear creek,flow,mean,88.3377976190476
34,1998,clear creek,11372000,USGS,clear creek,flow,min,51
35,1998,clear creek,11372000,USGS,clear creek,flow,max,52
35,1998,clear creek,11372000,USGS,clear creek,flow,mean,51.04017857142857
35,1998,clear creek,11372000,USGS,clear creek,flow,min,51
36,1998,clear creek,11372000,USGS,clear creek,flow,max,51
36,1998,clear creek,11372000,USGS,clear creek,flow,mean,50.870535714285715
36,1998,clear creek,11372000,USGS,clear creek,flow,min,50
37,1998,clear creek,11372000,USGS,clear creek,flow,max,51
37,1998,clear creek,11372000,USGS,clear creek,flow,mean,50.64732142857143
37,1998,clear creek,11372000,USGS,clear creek,flow,min,50
38,1998,clear creek,11372000,USGS,clear creek,flow,max,51
38,1998,clear creek,11372000,USGS,clear creek,flow,mean,50.47619047619048
38,1998,clear creek,11372000,USGS,clear creek,flow,min,50
39,1998,clear creek,11372000,USGS,clear creek,flow,max,54
39,1998,clear creek,11372000,USGS,clear creek,flow,mean,50.98065476190476
39,1998,clear creek,11372000,USGS,clear creek,flow,min,50
40,1998,clear creek,11372000,USGS,clear creek,flow,max,206
40,1998,clear creek,11372000,USGS,clear creek,flow,mean,97.16815476190474
40,1998,clear creek,11372000,USGS,clear creek,flow,min,49
41,1998,clear creek,11372000,USGS,clear creek,flow,max,211
41,1998,clear creek,11372000,USGS,clear creek,flow,mean,206.0595238095238
41,1998,clear creek,11372000,USGS,clear creek,flow,min,203
42,1998,clear creek,11372000,USGS,clear creek,flow,max,206
42,1998,clear creek,11372000,USGS,clear creek,flow,mean,205.08035714285714
42,1998,clear creek,11372000,USGS,clear creek,flow,min,203
43,1998,clear creek,11372000,USGS,clear creek,flow,max,227
43,1998,clear creek,11372000,USGS,clear creek,flow,mean,205.96357401656314
43,1998,clear creek,11372000,USGS,clear creek,flow,min,203
44,1998,clear creek,11372000,USGS,clear creek,flow,max,208
44,1998,clear creek,11372000,USGS,clear creek,flow,mean,203.71875
44,1998,clear creek,11372000,USGS,clear creek,flow,min,203
45,1998,clear creek,11372000,USGS,clear creek,flow,max,489
45,1998,clear creek,11372000,USGS,clear creek,flow,mean,229.85714285714286
45,1998,clear creek,11372000,USGS,clear creek,flow,min,203
46,1998,clear creek,11372000,USGS,clear creek,flow,max,227
46,1998,clear creek,11372000,USGS,clear creek,flow,mean,215.20684523809524
46,1998,clear creek,11372000,USGS,clear creek,flow,min,211
47,1998,clear creek,11372000,USGS,clear creek,flow,max,2660
47,1998,clear creek,11372000,USGS,clear creek,flow,mean,325.0014880952381
47,1998,clear creek,11372000,USGS,clear creek,flow,min,211
48,1998,clear creek,11372000,USGS,clear creek,flow,max,1010
48,1998,clear creek,11372000,USGS,clear creek,flow,mean,394.31249999999994
48,1998,clear creek,11372000,USGS,clear creek,flow,min,235
49,1998,clear creek,11372000,USGS,clear creek,flow,max,864
49,1998,clear creek,11372000,USGS,clear creek,flow,mean,349.76339285714283
49,1998,clear creek,11372000,USGS,clear creek,flow,min,250
50,1998,clear creek,11372000,USGS,clear creek,flow,max,250
50,1998,clear creek,11372000,USGS,clear creek,flow,mean,239.27232142857142
50,1998,clear creek,11372000,USGS,clear creek,flow,min,230
51,1998,clear creek,11372000,USGS,clear creek,flow,max,230
51,1998,clear creek,11372000,USGS,clear creek,flow,mean,226.01190476190476
51,1998,clear creek,11372000,USGS,clear creek,flow,min,222
52,1998,clear creek,11372000,USGS,clear creek,flow,max,222
52,1998,clear creek,11372000,USGS,clear creek,flow,mean,221.09375
52,1998,clear creek,11372000,USGS,clear creek,flow,min,219
53,1998,clear creek,11372000,USGS,clear creek,flow,max,219
53,1998,clear creek,11372000,USGS,clear creek,flow,mean,219
53,1998,clear creek,11372000,USGS,clear creek,flow,min,219
1,1999,clear creek,11372000,USGS,clear creek,flow,max,219
1,1999,clear creek,11372000,USGS,clear creek,flow,mean,217.17410714285714
1,1999,clear creek,11372000,USGS,clear creek,flow,min,216
2,1999,clear creek,11372000,USGS,clear creek,flow,max,216
2,1999,clear creek,11372000,USGS,clear creek,flow,mean,216
2,1999,clear creek,11372000,USGS,clear creek,flow,min,216
3,1999,clear creek,11372000,USGS,clear creek,flow,max,581
3,1999,clear creek,11372000,USGS,clear creek,flow,mean,281.7098214285714
3,1999,clear creek,11372000,USGS,clear creek,flow,min,216
4,1999,clear creek,11372000,USGS,clear creek,flow,max,1960
4,1999,clear creek,11372000,USGS,clear creek,flow,mean,404.2738095238095
4,1999,clear creek,11372000,USGS,clear creek,flow,min,267
5,1999,clear creek,11372000,USGS,clear creek,flow,max,276
5,1999,clear creek,11372000,USGS,clear creek,flow,mean,253.93005952380955
5,1999,clear creek,11372000,USGS,clear creek,flow,min,241
6,1999,clear creek,11372000,USGS,clear creek,flow,max,2710
6,1999,clear creek,11372000,USGS,clear creek,flow,mean,650.014880952381
6,1999,clear creek,11372000,USGS,clear creek,flow,min,238
7,1999,clear creek,11372000,USGS,clear creek,flow,max,824
7,1999,clear creek,11372000,USGS,clear creek,flow,mean,395.4360119047619
7,1999,clear creek,11372000,USGS,clear creek,flow,min,289
8,1999,clear creek,11372000,USGS,clear creek,flow,max,667
8,1999,clear creek,11372000,USGS,clear creek,flow,mean,477.52665906788246
8,1999,clear creek,11372000,USGS,clear creek,flow,min,370
9,1999,clear creek,11372000,USGS,clear creek,flow,max,493
9,1999,clear creek,11372000,USGS,clear creek,flow,mean,393.1815476190476
9,1999,clear creek,11372000,USGS,clear creek,flow,min,327
10,1999,clear creek,11372000,USGS,clear creek,flow,max,697
10,1999,clear creek,11372000,USGS,clear creek,flow,mean,349.797619047619
10,1999,clear creek,11372000,USGS,clear creek,flow,min,292
11,1999,clear creek,11372000,USGS,clear creek,flow,max,356
11,1999,clear creek,11372000,USGS,clear creek,flow,mean,313.7738095238095
11,1999,clear creek,11372000,USGS,clear creek,flow,min,295
12,1999,clear creek,11372000,USGS,clear creek,flow,max,1450
12,1999,clear creek,11372000,USGS,clear creek,flow,mean,465.1458333333333
12,1999,clear creek,11372000,USGS,clear creek,flow,min,286
13,1999,clear creek,11372000,USGS,clear creek,flow,max,754
13,1999,clear creek,11372000,USGS,clear creek,flow,mean,420.36904761904765
13,1999,clear creek,11372000,USGS,clear creek,flow,min,317
14,1999,clear creek,11372000,USGS,clear creek,flow,max,400
14,1999,clear creek,11372000,USGS,clear creek,flow,mean,312.9452639751553
14,1999,clear creek,11372000,USGS,clear creek,flow,min,289
15,1999,clear creek,11372000,USGS,clear creek,flow,max,551
15,1999,clear creek,11372000,USGS,clear creek,flow,mean,393.82291666666663
15,1999,clear creek,11372000,USGS,clear creek,flow,min,307
16,1999,clear creek,11372000,USGS,clear creek,flow,max,333
16,1999,clear creek,11372000,USGS,clear creek,flow,mean,306.4732142857143
16,1999,clear creek,11372000,USGS,clear creek,flow,min,282
17,1999,clear creek,11372000,USGS,clear creek,flow,max,282
17,1999,clear creek,11372000,USGS,clear creek,flow,mean,272.48214285714283
17,1999,clear creek,11372000,USGS,clear creek,flow,min,261
18,1999,clear creek,11372000,USGS,clear creek,flow,max,289
18,1999,clear creek,11372000,USGS,clear creek,flow,mean,259.6190476190476
18,1999,clear creek,11372000,USGS,clear creek,flow,min,250
19,1999,clear creek,11372000,USGS,clear creek,flow,max,270
19,1999,clear creek,11372000,USGS,clear creek,flow,mean,246.72321428571428
19,1999,clear creek,11372000,USGS,clear creek,flow,min,238
20,1999,clear creek,11372000,USGS,clear creek,flow,max,247
20,1999,clear creek,11372000,USGS,clear creek,flow,mean,237.98214285714286
20,1999,clear creek,11372000,USGS,clear creek,flow,min,232
21,1999,clear creek,11372000,USGS,clear creek,flow,max,238
21,1999,clear creek,11372000,USGS,clear creek,flow,mean,229.37946428571428
21,1999,clear creek,11372000,USGS,clear creek,flow,min,224
22,1999,clear creek,11372000,USGS,clear creek,flow,max,227
22,1999,clear creek,11372000,USGS,clear creek,flow,mean,209.8779761904762
22,1999,clear creek,11372000,USGS,clear creek,flow,min,170
23,1999,clear creek,11372000,USGS,clear creek,flow,max,183
23,1999,clear creek,11372000,USGS,clear creek,flow,mean,171.44642857142858
23,1999,clear creek,11372000,USGS,clear creek,flow,min,166
24,1999,clear creek,11372000,USGS,clear creek,flow,max,168
24,1999,clear creek,11372000,USGS,clear creek,flow,mean,165.62946428571428
24,1999,clear creek,11372000,USGS,clear creek,flow,min,163
25,1999,clear creek,11372000,USGS,clear creek,flow,max,166
25,1999,clear creek,11372000,USGS,clear creek,flow,mean,160.67708333333331
25,1999,clear creek,11372000,USGS,clear creek,flow,min,142
26,1999,clear creek,11372000,USGS,clear creek,flow,max,170
26,1999,clear creek,11372000,USGS,clear creek,flow,mean,157.2380952380952
26,1999,clear creek,11372000,USGS,clear creek,flow,min,142
27,1999,clear creek,11372000,USGS,clear creek,flow,max,161
27,1999,clear creek,11372000,USGS,clear creek,flow,mean,152.67113095238093
27,1999,clear creek,11372000,USGS,clear creek,flow,min,117
28,1999,clear creek,11372000,USGS,clear creek,flow,max,154
28,1999,clear creek,11372000,USGS,clear creek,flow,mean,150.25
28,1999,clear creek,11372000,USGS,clear creek,flow,min,149
29,1999,clear creek,11372000,USGS,clear creek,flow,max,152
29,1999,clear creek,11372000,USGS,clear creek,flow,mean,149.29464285714286
29,1999,clear creek,11372000,USGS,clear creek,flow,min,149
30,1999,clear creek,11372000,USGS,clear creek,flow,max,152
30,1999,clear creek,11372000,USGS,clear creek,flow,mean,148.98065476190476
30,1999,clear creek,11372000,USGS,clear creek,flow,min,147
31,1999,clear creek,11372000,USGS,clear creek,flow,max,149
31,1999,clear creek,11372000,USGS,clear creek,flow,mean,148.12202380952382
31,1999,clear creek,11372000,USGS,clear creek,flow,min,147
32,1999,clear creek,11372000,USGS,clear creek,flow,max,154
32,1999,clear creek,11372000,USGS,clear creek,flow,mean,149.98363095238093
32,1999,clear creek,11372000,USGS,clear creek,flow,min,140
33,1999,clear creek,11372000,USGS,clear creek,flow,max,159
33,1999,clear creek,11372000,USGS,clear creek,flow,mean,152.78720238095235
33,1999,clear creek,11372000,USGS,clear creek,flow,min,152
34,1999,clear creek,11372000,USGS,clear creek,flow,max,154
34,1999,clear creek,11372000,USGS,clear creek,flow,mean,152.2261904761905
34,1999,clear creek,11372000,USGS,clear creek,flow,min,152
35,1999,clear creek,11372000,USGS,clear creek,flow,max,156
35,1999,clear creek,11372000,USGS,clear creek,flow,mean,152.26785714285714
35,1999,clear creek,11372000,USGS,clear creek,flow,min,152
36,1999,clear creek,11372000,USGS,clear creek,flow,max,200
36,1999,clear creek,11372000,USGS,clear creek,flow,mean,166.70089285714286
36,1999,clear creek,11372000,USGS,clear creek,flow,min,152
37,1999,clear creek,11372000,USGS,clear creek,flow,max,252
37,1999,clear creek,11372000,USGS,clear creek,flow,mean,246.09672619047618
37,1999,clear creek,11372000,USGS,clear creek,flow,min,200
38,1999,clear creek,11372000,USGS,clear creek,flow,max,252
38,1999,clear creek,11372000,USGS,clear creek,flow,mean,251.97916666666666
38,1999,clear creek,11372000,USGS,clear creek,flow,min,250
39,1999,clear creek,11372000,USGS,clear creek,flow,max,252
39,1999,clear creek,11372000,USGS,clear creek,flow,mean,252
39,1999,clear creek,11372000,USGS,clear creek,flow,min,252
40,1999,clear creek,11372000,USGS,clear creek,flow,max,252
40,1999,clear creek,11372000,USGS,clear creek,flow,mean,207.24851190476193
40,1999,clear creek,11372000,USGS,clear creek,flow,min,200
41,1999,clear creek,11372000,USGS,clear creek,flow,max,203
41,1999,clear creek,11372000,USGS,clear creek,flow,mean,201.0625
41,1999,clear creek,11372000,USGS,clear creek,flow,min,200
42,1999,clear creek,11372000,USGS,clear creek,flow,max,203
42,1999,clear creek,11372000,USGS,clear creek,flow,mean,201.55357142857142
42,1999,clear creek,11372000,USGS,clear creek,flow,min,200
43,1999,clear creek,11372000,USGS,clear creek,flow,max,273
43,1999,clear creek,11372000,USGS,clear creek,flow,mean,203.80059523809524
43,1999,clear creek,11372000,USGS,clear creek,flow,min,200
44,1999,clear creek,11372000,USGS,clear creek,flow,max,206
44,1999,clear creek,11372000,USGS,clear creek,flow,mean,200.884909733124
44,1999,clear creek,11372000,USGS,clear creek,flow,min,200
45,1999,clear creek,11372000,USGS,clear creek,flow,max,289
45,1999,clear creek,11372000,USGS,clear creek,flow,mean,208.93154761904765
45,1999,clear creek,11372000,USGS,clear creek,flow,min,200
46,1999,clear creek,11372000,USGS,clear creek,flow,max,241
46,1999,clear creek,11372000,USGS,clear creek,flow,mean,214.57738095238096
46,1999,clear creek,11372000,USGS,clear creek,flow,min,190
47,1999,clear creek,11372000,USGS,clear creek,flow,max,513
47,1999,clear creek,11372000,USGS,clear creek,flow,mean,230.3110119047619
47,1999,clear creek,11372000,USGS,clear creek,flow,min,208
48,1999,clear creek,11372000,USGS,clear creek,flow,max,330
48,1999,clear creek,11372000,USGS,clear creek,flow,mean,224.88095238095238
48,1999,clear creek,11372000,USGS,clear creek,flow,min,208
49,1999,clear creek,11372000,USGS,clear creek,flow,max,227
49,1999,clear creek,11372000,USGS,clear creek,flow,mean,214.9717261904762
49,1999,clear creek,11372000,USGS,clear creek,flow,min,208
50,1999,clear creek,11372000,USGS,clear creek,flow,max,216
50,1999,clear creek,11372000,USGS,clear creek,flow,mean,212.39136904761907
50,1999,clear creek,11372000,USGS,clear creek,flow,min,211
51,1999,clear creek,11372000,USGS,clear creek,flow,max,211
51,1999,clear creek,11372000,USGS,clear creek,flow,mean,208.95535714285714
51,1999,clear creek,11372000,USGS,clear creek,flow,min,208
52,1999,clear creek,11372000,USGS,clear creek,flow,max,208
52,1999,clear creek,11372000,USGS,clear creek,flow,mean,208
52,1999,clear creek,11372000,USGS,clear creek,flow,min,208
53,1999,clear creek,11372000,USGS,clear creek,flow,max,208
53,1999,clear creek,11372000,USGS,clear creek,flow,mean,208
53,1999,clear creek,11372000,USGS,clear creek,flow,min,208
1,2000,clear creek,11372000,USGS,clear creek,flow,max,211
1,2000,clear creek,11372000,USGS,clear creek,flow,mean,208.08035714285714
1,2000,clear creek,11372000,USGS,clear creek,flow,min,208
2,2000,clear creek,11372000,USGS,clear creek,flow,max,407
2,2000,clear creek,11372000,USGS,clear creek,flow,mean,226.8110119047619
2,2000,clear creek,11372000,USGS,clear creek,flow,min,208
3,2000,clear creek,11372000,USGS,clear creek,flow,max,572
3,2000,clear creek,11372000,USGS,clear creek,flow,mean,332.4761904761905
3,2000,clear creek,11372000,USGS,clear creek,flow,min,261
4,2000,clear creek,11372000,USGS,clear creek,flow,max,530
4,2000,clear creek,11372000,USGS,clear creek,flow,mean,324.1666666666667
4,2000,clear creek,11372000,USGS,clear creek,flow,min,247
5,2000,clear creek,11372000,USGS,clear creek,flow,max,385
5,2000,clear creek,11372000,USGS,clear creek,flow,mean,288.3125
5,2000,clear creek,11372000,USGS,clear creek,flow,min,244
6,2000,clear creek,11372000,USGS,clear creek,flow,max,1080
6,2000,clear creek,11372000,USGS,clear creek,flow,mean,411.23660714285717
6,2000,clear creek,11372000,USGS,clear creek,flow,min,276
7,2000,clear creek,11372000,USGS,clear creek,flow,max,2140
7,2000,clear creek,11372000,USGS,clear creek,flow,mean,891.8586309523808
7,2000,clear creek,11372000,USGS,clear creek,flow,min,350
8,2000,clear creek,11372000,USGS,clear creek,flow,max,2170
8,2000,clear creek,11372000,USGS,clear creek,flow,mean,522.9732142857143
8,2000,clear creek,11372000,USGS,clear creek,flow,min,314
9,2000,clear creek,11372000,USGS,clear creek,flow,max,2520
9,2000,clear creek,11372000,USGS,clear creek,flow,mean,883.3616071428571
9,2000,clear creek,11372000,USGS,clear creek,flow,min,446
10,2000,clear creek,11372000,USGS,clear creek,flow,max,898
10,2000,clear creek,11372000,USGS,clear creek,flow,mean,598.1607142857143
10,2000,clear creek,11372000,USGS,clear creek,flow,min,430
11,2000,clear creek,11372000,USGS,clear creek,flow,max,718
11,2000,clear creek,11372000,USGS,clear creek,flow,mean,434.4077380952381
11,2000,clear creek,11372000,USGS,clear creek,flow,min,304
12,2000,clear creek,11372000,USGS,clear creek,flow,max,304
12,2000,clear creek,11372000,USGS,clear creek,flow,mean,274.83035714285717
12,2000,clear creek,11372000,USGS,clear creek,flow,min,252
13,2000,clear creek,11372000,USGS,clear creek,flow,max,279
13,2000,clear creek,11372000,USGS,clear creek,flow,mean,269.6830357142857
13,2000,clear creek,11372000,USGS,clear creek,flow,min,252
14,2000,clear creek,11372000,USGS,clear creek,flow,max,264
14,2000,clear creek,11372000,USGS,clear creek,flow,mean,254.17717831813576
14,2000,clear creek,11372000,USGS,clear creek,flow,min,247
15,2000,clear creek,11372000,USGS,clear creek,flow,max,289
15,2000,clear creek,11372000,USGS,clear creek,flow,mean,246.47619047619045
15,2000,clear creek,11372000,USGS,clear creek,flow,min,216
16,2000,clear creek,11372000,USGS,clear creek,flow,max,808
16,2000,clear creek,11372000,USGS,clear creek,flow,mean,357.16666666666663
16,2000,clear creek,11372000,USGS,clear creek,flow,min,250
17,2000,clear creek,11372000,USGS,clear creek,flow,max,292
17,2000,clear creek,11372000,USGS,clear creek,flow,mean,271.13690476190476
17,2000,clear creek,11372000,USGS,clear creek,flow,min,258
18,2000,clear creek,11372000,USGS,clear creek,flow,max,258
18,2000,clear creek,11372000,USGS,clear creek,flow,mean,250.95386904761907
18,2000,clear creek,11372000,USGS,clear creek,flow,min,244
19,2000,clear creek,11372000,USGS,clear creek,flow,max,252
19,2000,clear creek,11372000,USGS,clear creek,flow,mean,245.02678571428572
19,2000,clear creek,11372000,USGS,clear creek,flow,min,241
20,2000,clear creek,11372000,USGS,clear creek,flow,max,360
20,2000,clear creek,11372000,USGS,clear creek,flow,mean,256.19345238095235
20,2000,clear creek,11372000,USGS,clear creek,flow,min,208
21,2000,clear creek,11372000,USGS,clear creek,flow,max,206
21,2000,clear creek,11372000,USGS,clear creek,flow,mean,138.625
21,2000,clear creek,11372000,USGS,clear creek,flow,min,117
22,2000,clear creek,11372000,USGS,clear creek,flow,max,149
22,2000,clear creek,11372000,USGS,clear creek,flow,mean,117.56398809523809
22,2000,clear creek,11372000,USGS,clear creek,flow,min,113
23,2000,clear creek,11372000,USGS,clear creek,flow,max,127
23,2000,clear creek,11372000,USGS,clear creek,flow,mean,115.30357142857142
23,2000,clear creek,11372000,USGS,clear creek,flow,min,113
24,2000,clear creek,11372000,USGS,clear creek,flow,max,119
24,2000,clear creek,11372000,USGS,clear creek,flow,mean,113.74107142857142
24,2000,clear creek,11372000,USGS,clear creek,flow,min,110
25,2000,clear creek,11372000,USGS,clear creek,flow,max,112
25,2000,clear creek,11372000,USGS,clear creek,flow,mean,109.94940476190477
25,2000,clear creek,11372000,USGS,clear creek,flow,min,108
26,2000,clear creek,11372000,USGS,clear creek,flow,max,110
26,2000,clear creek,11372000,USGS,clear creek,flow,mean,86.35072055137844
26,2000,clear creek,11372000,USGS,clear creek,flow,min,57
27,2000,clear creek,11372000,USGS,clear creek,flow,max,60
27,2000,clear creek,11372000,USGS,clear creek,flow,mean,58.08630952380952
27,2000,clear creek,11372000,USGS,clear creek,flow,min,56
28,2000,clear creek,11372000,USGS,clear creek,flow,max,60
28,2000,clear creek,11372000,USGS,clear creek,flow,mean,58.55357142857143
28,2000,clear creek,11372000,USGS,clear creek,flow,min,58
29,2000,clear creek,11372000,USGS,clear creek,flow,max,58
29,2000,clear creek,11372000,USGS,clear creek,flow,mean,58
29,2000,clear creek,11372000,USGS,clear creek,flow,min,58
30,2000,clear creek,11372000,USGS,clear creek,flow,max,64
30,2000,clear creek,11372000,USGS,clear creek,flow,mean,57.839285714285715
30,2000,clear creek,11372000,USGS,clear creek,flow,min,56
31,2000,clear creek,11372000,USGS,clear creek,flow,max,58
31,2000,clear creek,11372000,USGS,clear creek,flow,mean,56.05357142857144
31,2000,clear creek,11372000,USGS,clear creek,flow,min,54
32,2000,clear creek,11372000,USGS,clear creek,flow,max,56
32,2000,clear creek,11372000,USGS,clear creek,flow,mean,55.16369047619048
32,2000,clear creek,11372000,USGS,clear creek,flow,min,54
33,2000,clear creek,11372000,USGS,clear creek,flow,max,61
33,2000,clear creek,11372000,USGS,clear creek,flow,mean,54.53571428571429
33,2000,clear creek,11372000,USGS,clear creek,flow,min,53
34,2000,clear creek,11372000,USGS,clear creek,flow,max,54
34,2000,clear creek,11372000,USGS,clear creek,flow,mean,53.450892857142854
34,2000,clear creek,11372000,USGS,clear creek,flow,min,53
35,2000,clear creek,11372000,USGS,clear creek,flow,max,61
35,2000,clear creek,11372000,USGS,clear creek,flow,mean,54.177083333333336
35,2000,clear creek,11372000,USGS,clear creek,flow,min,53
36,2000,clear creek,11372000,USGS,clear creek,flow,max,74
36,2000,clear creek,11372000,USGS,clear creek,flow,mean,56.43005952380952
36,2000,clear creek,11372000,USGS,clear creek,flow,min,54
37,2000,clear creek,11372000,USGS,clear creek,flow,max,56
37,2000,clear creek,11372000,USGS,clear creek,flow,mean,54.25595238095237
37,2000,clear creek,11372000,USGS,clear creek,flow,min,54
38,2000,clear creek,11372000,USGS,clear creek,flow,max,57
38,2000,clear creek,11372000,USGS,clear creek,flow,mean,54.18452380952381
38,2000,clear creek,11372000,USGS,clear creek,flow,min,54
39,2000,clear creek,11372000,USGS,clear creek,flow,max,83
39,2000,clear creek,11372000,USGS,clear creek,flow,mean,57.09523809523811
39,2000,clear creek,11372000,USGS,clear creek,flow,min,53
40,2000,clear creek,11372000,USGS,clear creek,flow,max,134
40,2000,clear creek,11372000,USGS,clear creek,flow,mean,121.64880952380952
40,2000,clear creek,11372000,USGS,clear creek,flow,min,83
41,2000,clear creek,11372000,USGS,clear creek,flow,max,163
41,2000,clear creek,11372000,USGS,clear creek,flow,mean,133.47767857142858
41,2000,clear creek,11372000,USGS,clear creek,flow,min,132
42,2000,clear creek,11372000,USGS,clear creek,flow,max,136
42,2000,clear creek,11372000,USGS,clear creek,flow,mean,132.07142857142858
42,2000,clear creek,11372000,USGS,clear creek,flow,min,132
43,2000,clear creek,11372000,USGS,clear creek,flow,max,159
43,2000,clear creek,11372000,USGS,clear creek,flow,mean,133.4936755952381
43,2000,clear creek,11372000,USGS,clear creek,flow,min,106
44,2000,clear creek,11372000,USGS,clear creek,flow,max,214
44,2000,clear creek,11372000,USGS,clear creek,flow,mean,119.4453933747412
44,2000,clear creek,11372000,USGS,clear creek,flow,min,50
45,2000,clear creek,11372000,USGS,clear creek,flow,max,125
45,2000,clear creek,11372000,USGS,clear creek,flow,mean,106.91369047619048
45,2000,clear creek,11372000,USGS,clear creek,flow,min,89
46,2000,clear creek,11372000,USGS,clear creek,flow,max,97
46,2000,clear creek,11372000,USGS,clear creek,flow,mean,95.20386904761904
46,2000,clear creek,11372000,USGS,clear creek,flow,min,94
47,2000,clear creek,11372000,USGS,clear creek,flow,max,170
47,2000,clear creek,11372000,USGS,clear creek,flow,mean,142.83380149812734
47,2000,clear creek,11372000,USGS,clear creek,flow,min,93
48,2000,clear creek,11372000,USGS,clear creek,flow,max,190
48,2000,clear creek,11372000,USGS,clear creek,flow,mean,170.89285714285714
48,2000,clear creek,11372000,USGS,clear creek,flow,min,168
49,2000,clear creek,11372000,USGS,clear creek,flow,max,170
49,2000,clear creek,11372000,USGS,clear creek,flow,mean,169.75595238095235
49,2000,clear creek,11372000,USGS,clear creek,flow,min,168
50,2000,clear creek,11372000,USGS,clear creek,flow,max,396
50,2000,clear creek,11372000,USGS,clear creek,flow,mean,185.08333333333334
50,2000,clear creek,11372000,USGS,clear creek,flow,min,168
51,2000,clear creek,11372000,USGS,clear creek,flow,max,180
51,2000,clear creek,11372000,USGS,clear creek,flow,mean,166.4613095238095
51,2000,clear creek,11372000,USGS,clear creek,flow,min,163
52,2000,clear creek,11372000,USGS,clear creek,flow,max,163
52,2000,clear creek,11372000,USGS,clear creek,flow,mean,161.4761904761905
52,2000,clear creek,11372000,USGS,clear creek,flow,min,159
53,2000,clear creek,11372000,USGS,clear creek,flow,max,159
53,2000,clear creek,11372000,USGS,clear creek,flow,mean,159
53,2000,clear creek,11372000,USGS,clear creek,flow,min,159
1,2001,clear creek,11372000,USGS,clear creek,flow,max,250
1,2001,clear creek,11372000,USGS,clear creek,flow,mean,158.0818452380952
1,2001,clear creek,11372000,USGS,clear creek,flow,min,147
2,2001,clear creek,11372000,USGS,clear creek,flow,max,513
2,2001,clear creek,11372000,USGS,clear creek,flow,mean,196.80208333333331
2,2001,clear creek,11372000,USGS,clear creek,flow,min,142
3,2001,clear creek,11372000,USGS,clear creek,flow,max,163
3,2001,clear creek,11372000,USGS,clear creek,flow,mean,156.86904761904765
3,2001,clear creek,11372000,USGS,clear creek,flow,min,154
4,2001,clear creek,11372000,USGS,clear creek,flow,max,707
4,2001,clear creek,11372000,USGS,clear creek,flow,mean,251.44047619047618
4,2001,clear creek,11372000,USGS,clear creek,flow,min,154
5,2001,clear creek,11372000,USGS,clear creek,flow,max,198
5,2001,clear creek,11372000,USGS,clear creek,flow,mean,173.72767857142858
5,2001,clear creek,11372000,USGS,clear creek,flow,min,163
6,2001,clear creek,11372000,USGS,clear creek,flow,max,513
6,2001,clear creek,11372000,USGS,clear creek,flow,mean,201.58035714285717
6,2001,clear creek,11372000,USGS,clear creek,flow,min,145
7,2001,clear creek,11372000,USGS,clear creek,flow,max,385
7,2001,clear creek,11372000,USGS,clear creek,flow,mean,229.6160339834909
7,2001,clear creek,11372000,USGS,clear creek,flow,min,168
8,2001,clear creek,11372000,USGS,clear creek,flow,max,1220
8,2001,clear creek,11372000,USGS,clear creek,flow,mean,557.5505952380952
8,2001,clear creek,11372000,USGS,clear creek,flow,min,252
9,2001,clear creek,11372000,USGS,clear creek,flow,max,927
9,2001,clear creek,11372000,USGS,clear creek,flow,mean,322.1517857142857
9,2001,clear creek,11372000,USGS,clear creek,flow,min,227
10,2001,clear creek,11372000,USGS,clear creek,flow,max,1140
10,2001,clear creek,11372000,USGS,clear creek,flow,mean,404.79464285714283
10,2001,clear creek,11372000,USGS,clear creek,flow,min,173
11,2001,clear creek,11372000,USGS,clear creek,flow,max,193
11,2001,clear creek,11372000,USGS,clear creek,flow,mean,158.41369047619045
11,2001,clear creek,11372000,USGS,clear creek,flow,min,119
12,2001,clear creek,11372000,USGS,clear creek,flow,max,193
12,2001,clear creek,11372000,USGS,clear creek,flow,mean,180.01041666666666
12,2001,clear creek,11372000,USGS,clear creek,flow,min,175
13,2001,clear creek,11372000,USGS,clear creek,flow,max,178
13,2001,clear creek,11372000,USGS,clear creek,flow,mean,167.82291666666666
13,2001,clear creek,11372000,USGS,clear creek,flow,min,161
14,2001,clear creek,11372000,USGS,clear creek,flow,max,320
14,2001,clear creek,11372000,USGS,clear creek,flow,mean,170.82589285714286
14,2001,clear creek,11372000,USGS,clear creek,flow,min,161
15,2001,clear creek,11372000,USGS,clear creek,flow,max,168
15,2001,clear creek,11372000,USGS,clear creek,flow,mean,163.53869047619045
15,2001,clear creek,11372000,USGS,clear creek,flow,min,161
16,2001,clear creek,11372000,USGS,clear creek,flow,max,286
16,2001,clear creek,11372000,USGS,clear creek,flow,mean,172.4032738095238
16,2001,clear creek,11372000,USGS,clear creek,flow,min,149
17,2001,clear creek,11372000,USGS,clear creek,flow,max,175
17,2001,clear creek,11372000,USGS,clear creek,flow,mean,164.75
17,2001,clear creek,11372000,USGS,clear creek,flow,min,159
18,2001,clear creek,11372000,USGS,clear creek,flow,max,159
18,2001,clear creek,11372000,USGS,clear creek,flow,mean,154.59821428571428
18,2001,clear creek,11372000,USGS,clear creek,flow,min,152
19,2001,clear creek,11372000,USGS,clear creek,flow,max,152
19,2001,clear creek,11372000,USGS,clear creek,flow,mean,148.61458333333334
19,2001,clear creek,11372000,USGS,clear creek,flow,min,147
20,2001,clear creek,11372000,USGS,clear creek,flow,max,154
20,2001,clear creek,11372000,USGS,clear creek,flow,mean,146.85863095238096
20,2001,clear creek,11372000,USGS,clear creek,flow,min,142
21,2001,clear creek,11372000,USGS,clear creek,flow,max,145
21,2001,clear creek,11372000,USGS,clear creek,flow,mean,141.3125
21,2001,clear creek,11372000,USGS,clear creek,flow,min,140
22,2001,clear creek,11372000,USGS,clear creek,flow,max,147
22,2001,clear creek,11372000,USGS,clear creek,flow,mean,140.5669642857143
22,2001,clear creek,11372000,USGS,clear creek,flow,min,140
23,2001,clear creek,11372000,USGS,clear creek,flow,max,142
23,2001,clear creek,11372000,USGS,clear creek,flow,mean,139.68749999999997
23,2001,clear creek,11372000,USGS,clear creek,flow,min,132
24,2001,clear creek,11372000,USGS,clear creek,flow,max,140
24,2001,clear creek,11372000,USGS,clear creek,flow,mean,138.90178571428572
24,2001,clear creek,11372000,USGS,clear creek,flow,min,136
25,2001,clear creek,11372000,USGS,clear creek,flow,max,138
25,2001,clear creek,11372000,USGS,clear creek,flow,mean,136.29166666666666
25,2001,clear creek,11372000,USGS,clear creek,flow,min,136
26,2001,clear creek,11372000,USGS,clear creek,flow,max,198
26,2001,clear creek,11372000,USGS,clear creek,flow,mean,145.28273809523807
26,2001,clear creek,11372000,USGS,clear creek,flow,min,136
27,2001,clear creek,11372000,USGS,clear creek,flow,max,140
27,2001,clear creek,11372000,USGS,clear creek,flow,mean,134.14732142857144
27,2001,clear creek,11372000,USGS,clear creek,flow,min,119
28,2001,clear creek,11372000,USGS,clear creek,flow,max,77
28,2001,clear creek,11372000,USGS,clear creek,flow,mean,75.07291666666667
28,2001,clear creek,11372000,USGS,clear creek,flow,min,75
29,2001,clear creek,11372000,USGS,clear creek,flow,max,75
29,2001,clear creek,11372000,USGS,clear creek,flow,mean,74.69642857142857
29,2001,clear creek,11372000,USGS,clear creek,flow,min,74
30,2001,clear creek,11372000,USGS,clear creek,flow,max,80
30,2001,clear creek,11372000,USGS,clear creek,flow,mean,75.44047619047619
30,2001,clear creek,11372000,USGS,clear creek,flow,min,74
31,2001,clear creek,11372000,USGS,clear creek,flow,max,75
31,2001,clear creek,11372000,USGS,clear creek,flow,mean,74.06398809523809
31,2001,clear creek,11372000,USGS,clear creek,flow,min,71
32,2001,clear creek,11372000,USGS,clear creek,flow,max,74
32,2001,clear creek,11372000,USGS,clear creek,flow,mean,73.08333333333333
32,2001,clear creek,11372000,USGS,clear creek,flow,min,72
33,2001,clear creek,11372000,USGS,clear creek,flow,max,74
33,2001,clear creek,11372000,USGS,clear creek,flow,mean,72.79166666666667
33,2001,clear creek,11372000,USGS,clear creek,flow,min,71
34,2001,clear creek,11372000,USGS,clear creek,flow,max,75
34,2001,clear creek,11372000,USGS,clear creek,flow,mean,72.83928571428571
34,2001,clear creek,11372000,USGS,clear creek,flow,min,69
35,2001,clear creek,11372000,USGS,clear creek,flow,max,77
35,2001,clear creek,11372000,USGS,clear creek,flow,mean,75.73214285714286
35,2001,clear creek,11372000,USGS,clear creek,flow,min,75
36,2001,clear creek,11372000,USGS,clear creek,flow,max,106
36,2001,clear creek,11372000,USGS,clear creek,flow,mean,88.39285714285714
36,2001,clear creek,11372000,USGS,clear creek,flow,min,75
37,2001,clear creek,11372000,USGS,clear creek,flow,max,121
37,2001,clear creek,11372000,USGS,clear creek,flow,mean,110.22172619047619
37,2001,clear creek,11372000,USGS,clear creek,flow,min,103
38,2001,clear creek,11372000,USGS,clear creek,flow,max,121
38,2001,clear creek,11372000,USGS,clear creek,flow,mean,121
38,2001,clear creek,11372000,USGS,clear creek,flow,min,121
39,2001,clear creek,11372000,USGS,clear creek,flow,max,140
39,2001,clear creek,11372000,USGS,clear creek,flow,mean,129.55505952380955
39,2001,clear creek,11372000,USGS,clear creek,flow,min,99
40,2001,clear creek,11372000,USGS,clear creek,flow,max,166
40,2001,clear creek,11372000,USGS,clear creek,flow,mean,138.0029761904762
40,2001,clear creek,11372000,USGS,clear creek,flow,min,129
41,2001,clear creek,11372000,USGS,clear creek,flow,max,185
41,2001,clear creek,11372000,USGS,clear creek,flow,mean,176.1889880952381
41,2001,clear creek,11372000,USGS,clear creek,flow,min,166
42,2001,clear creek,11372000,USGS,clear creek,flow,max,230
42,2001,clear creek,11372000,USGS,clear creek,flow,mean,187.11309523809524
42,2001,clear creek,11372000,USGS,clear creek,flow,min,173
43,2001,clear creek,11372000,USGS,clear creek,flow,max,198
43,2001,clear creek,11372000,USGS,clear creek,flow,mean,194.71577380952382
43,2001,clear creek,11372000,USGS,clear creek,flow,min,193
44,2001,clear creek,11372000,USGS,clear creek,flow,max,224
44,2001,clear creek,11372000,USGS,clear creek,flow,mean,200.49553571428572
44,2001,clear creek,11372000,USGS,clear creek,flow,min,195
45,2001,clear creek,11372000,USGS,clear creek,flow,max,200
45,2001,clear creek,11372000,USGS,clear creek,flow,mean,198.18154761904762
45,2001,clear creek,11372000,USGS,clear creek,flow,min,198
46,2001,clear creek,11372000,USGS,clear creek,flow,max,367
46,2001,clear creek,11372000,USGS,clear creek,flow,mean,244.41666666666666
46,2001,clear creek,11372000,USGS,clear creek,flow,min,200
47,2001,clear creek,11372000,USGS,clear creek,flow,max,964
47,2001,clear creek,11372000,USGS,clear creek,flow,mean,297.9330357142857
47,2001,clear creek,11372000,USGS,clear creek,flow,min,208
48,2001,clear creek,11372000,USGS,clear creek,flow,max,1680
48,2001,clear creek,11372000,USGS,clear creek,flow,mean,473.00892857142856
48,2001,clear creek,11372000,USGS,clear creek,flow,min,222
49,2001,clear creek,11372000,USGS,clear creek,flow,max,858
49,2001,clear creek,11372000,USGS,clear creek,flow,mean,427.5684523809524
49,2001,clear creek,11372000,USGS,clear creek,flow,min,301
50,2001,clear creek,11372000,USGS,clear creek,flow,max,749
50,2001,clear creek,11372000,USGS,clear creek,flow,mean,321.7559523809524
50,2001,clear creek,11372000,USGS,clear creek,flow,min,261
51,2001,clear creek,11372000,USGS,clear creek,flow,max,1400
51,2001,clear creek,11372000,USGS,clear creek,flow,mean,580.4985119047618
51,2001,clear creek,11372000,USGS,clear creek,flow,min,301
52,2001,clear creek,11372000,USGS,clear creek,flow,max,638
52,2001,clear creek,11372000,USGS,clear creek,flow,mean,401.61309523809524
52,2001,clear creek,11372000,USGS,clear creek,flow,min,311
53,2001,clear creek,11372000,USGS,clear creek,flow,max,770
53,2001,clear creek,11372000,USGS,clear creek,flow,mean,636.03125
53,2001,clear creek,11372000,USGS,clear creek,flow,min,434
1,2002,clear creek,11372000,USGS,clear creek,flow,max,2470
1,2002,clear creek,11372000,USGS,clear creek,flow,mean,982.6503232758621
1,2002,clear creek,11372000,USGS,clear creek,flow,min,489
2,2002,clear creek,11372000,USGS,clear creek,flow,max,497
2,2002,clear creek,11372000,USGS,clear creek,flow,mean,383.29315476190476
2,2002,clear creek,11372000,USGS,clear creek,flow,min,314
3,2002,clear creek,11372000,USGS,clear creek,flow,max,314
3,2002,clear creek,11372000,USGS,clear creek,flow,mean,289.06398809523813
3,2002,clear creek,11372000,USGS,clear creek,flow,min,273
4,2002,clear creek,11372000,USGS,clear creek,flow,max,289
4,2002,clear creek,11372000,USGS,clear creek,flow,mean,266.17857142857144
4,2002,clear creek,11372000,USGS,clear creek,flow,min,261
5,2002,clear creek,11372000,USGS,clear creek,flow,max,261
5,2002,clear creek,11372000,USGS,clear creek,flow,mean,252.93787202380955
5,2002,clear creek,11372000,USGS,clear creek,flow,min,250
6,2002,clear creek,11372000,USGS,clear creek,flow,max,370
6,2002,clear creek,11372000,USGS,clear creek,flow,mean,263.5982142857143
6,2002,clear creek,11372000,USGS,clear creek,flow,min,244
7,2002,clear creek,11372000,USGS,clear creek,flow,max,258
7,2002,clear creek,11372000,USGS,clear creek,flow,mean,252.58928571428572
7,2002,clear creek,11372000,USGS,clear creek,flow,min,250
8,2002,clear creek,11372000,USGS,clear creek,flow,max,707
8,2002,clear creek,11372000,USGS,clear creek,flow,mean,375.8735119047619
8,2002,clear creek,11372000,USGS,clear creek,flow,min,250
9,2002,clear creek,11372000,USGS,clear creek,flow,max,252
9,2002,clear creek,11372000,USGS,clear creek,flow,mean,226.5744047619048
9,2002,clear creek,11372000,USGS,clear creek,flow,min,208
10,2002,clear creek,11372000,USGS,clear creek,flow,max,465
10,2002,clear creek,11372000,USGS,clear creek,flow,mean,239.80208333333334
10,2002,clear creek,11372000,USGS,clear creek,flow,min,206
11,2002,clear creek,11372000,USGS,clear creek,flow,max,273
11,2002,clear creek,11372000,USGS,clear creek,flow,mean,231.3422619047619
11,2002,clear creek,11372000,USGS,clear creek,flow,min,208
12,2002,clear creek,11372000,USGS,clear creek,flow,max,461
12,2002,clear creek,11372000,USGS,clear creek,flow,mean,250.66964285714286
12,2002,clear creek,11372000,USGS,clear creek,flow,min,200
13,2002,clear creek,11372000,USGS,clear creek,flow,max,270
13,2002,clear creek,11372000,USGS,clear creek,flow,mean,230.16220238095238
13,2002,clear creek,11372000,USGS,clear creek,flow,min,208
14,2002,clear creek,11372000,USGS,clear creek,flow,max,211
14,2002,clear creek,11372000,USGS,clear creek,flow,mean,205.5119047619048
14,2002,clear creek,11372000,USGS,clear creek,flow,min,200
15,2002,clear creek,11372000,USGS,clear creek,flow,max,279
15,2002,clear creek,11372000,USGS,clear creek,flow,mean,201.21577380952382
15,2002,clear creek,11372000,USGS,clear creek,flow,min,190
16,2002,clear creek,11372000,USGS,clear creek,flow,max,211
16,2002,clear creek,11372000,USGS,clear creek,flow,mean,190.4077380952381
16,2002,clear creek,11372000,USGS,clear creek,flow,min,183
17,2002,clear creek,11372000,USGS,clear creek,flow,max,185
17,2002,clear creek,11372000,USGS,clear creek,flow,mean,178.5818452380952
17,2002,clear creek,11372000,USGS,clear creek,flow,min,159
18,2002,clear creek,11372000,USGS,clear creek,flow,max,198
18,2002,clear creek,11372000,USGS,clear creek,flow,mean,179.27976190476193
18,2002,clear creek,11372000,USGS,clear creek,flow,min,173
19,2002,clear creek,11372000,USGS,clear creek,flow,max,219
19,2002,clear creek,11372000,USGS,clear creek,flow,mean,173.68005952380955
19,2002,clear creek,11372000,USGS,clear creek,flow,min,166
20,2002,clear creek,11372000,USGS,clear creek,flow,max,185
20,2002,clear creek,11372000,USGS,clear creek,flow,mean,156.92410714285714
20,2002,clear creek,11372000,USGS,clear creek,flow,min,152
21,2002,clear creek,11372000,USGS,clear creek,flow,max,195
21,2002,clear creek,11372000,USGS,clear creek,flow,mean,163.39136904761907
21,2002,clear creek,11372000,USGS,clear creek,flow,min,154
22,2002,clear creek,11372000,USGS,clear creek,flow,max,180
22,2002,clear creek,11372000,USGS,clear creek,flow,mean,160.71726190476193
22,2002,clear creek,11372000,USGS,clear creek,flow,min,149
23,2002,clear creek,11372000,USGS,clear creek,flow,max,163
23,2002,clear creek,11372000,USGS,clear creek,flow,mean,160.09821428571428
23,2002,clear creek,11372000,USGS,clear creek,flow,min,159
24,2002,clear creek,11372000,USGS,clear creek,flow,max,159
24,2002,clear creek,11372000,USGS,clear creek,flow,mean,157.89732142857142
24,2002,clear creek,11372000,USGS,clear creek,flow,min,156
25,2002,clear creek,11372000,USGS,clear creek,flow,max,159
25,2002,clear creek,11372000,USGS,clear creek,flow,mean,156.55803571428572
25,2002,clear creek,11372000,USGS,clear creek,flow,min,156
26,2002,clear creek,11372000,USGS,clear creek,flow,max,159
26,2002,clear creek,11372000,USGS,clear creek,flow,mean,152.8050595238095
26,2002,clear creek,11372000,USGS,clear creek,flow,min,119
27,2002,clear creek,11372000,USGS,clear creek,flow,max,119
27,2002,clear creek,11372000,USGS,clear creek,flow,mean,73.67708333333334
27,2002,clear creek,11372000,USGS,clear creek,flow,min,68
28,2002,clear creek,11372000,USGS,clear creek,flow,max,94
28,2002,clear creek,11372000,USGS,clear creek,flow,mean,83.83630952380952
28,2002,clear creek,11372000,USGS,clear creek,flow,min,68
29,2002,clear creek,11372000,USGS,clear creek,flow,max,88
29,2002,clear creek,11372000,USGS,clear creek,flow,mean,76.61607142857143
29,2002,clear creek,11372000,USGS,clear creek,flow,min,72
30,2002,clear creek,11372000,USGS,clear creek,flow,max,85
30,2002,clear creek,11372000,USGS,clear creek,flow,mean,79.95435463659148
30,2002,clear creek,11372000,USGS,clear creek,flow,min,77
31,2002,clear creek,11372000,USGS,clear creek,flow,max,93
31,2002,clear creek,11372000,USGS,clear creek,flow,mean,85.16517857142857
31,2002,clear creek,11372000,USGS,clear creek,flow,min,85
32,2002,clear creek,11372000,USGS,clear creek,flow,max,88
32,2002,clear creek,11372000,USGS,clear creek,flow,mean,85.1235119047619
32,2002,clear creek,11372000,USGS,clear creek,flow,min,85
33,2002,clear creek,11372000,USGS,clear creek,flow,max,85
33,2002,clear creek,11372000,USGS,clear creek,flow,mean,84.90476190476191
33,2002,clear creek,11372000,USGS,clear creek,flow,min,83
34,2002,clear creek,11372000,USGS,clear creek,flow,max,85
34,2002,clear creek,11372000,USGS,clear creek,flow,mean,76.95535714285714
34,2002,clear creek,11372000,USGS,clear creek,flow,min,68
35,2002,clear creek,11372000,USGS,clear creek,flow,max,78
35,2002,clear creek,11372000,USGS,clear creek,flow,mean,74.22023809523809
35,2002,clear creek,11372000,USGS,clear creek,flow,min,68
36,2002,clear creek,11372000,USGS,clear creek,flow,max,80
36,2002,clear creek,11372000,USGS,clear creek,flow,mean,76.25892857142857
36,2002,clear creek,11372000,USGS,clear creek,flow,min,75
37,2002,clear creek,11372000,USGS,clear creek,flow,max,252
37,2002,clear creek,11372000,USGS,clear creek,flow,mean,151.22321428571428
37,2002,clear creek,11372000,USGS,clear creek,flow,min,75
38,2002,clear creek,11372000,USGS,clear creek,flow,max,252
38,2002,clear creek,11372000,USGS,clear creek,flow,mean,251.98214285714286
38,2002,clear creek,11372000,USGS,clear creek,flow,min,250
39,2002,clear creek,11372000,USGS,clear creek,flow,max,252
39,2002,clear creek,11372000,USGS,clear creek,flow,mean,233.39434523809524
39,2002,clear creek,11372000,USGS,clear creek,flow,min,203
40,2002,clear creek,11372000,USGS,clear creek,flow,max,247
40,2002,clear creek,11372000,USGS,clear creek,flow,mean,205.31696428571428
40,2002,clear creek,11372000,USGS,clear creek,flow,min,188
41,2002,clear creek,11372000,USGS,clear creek,flow,max,211
41,2002,clear creek,11372000,USGS,clear creek,flow,mean,208.00892857142858
41,2002,clear creek,11372000,USGS,clear creek,flow,min,208
42,2002,clear creek,11372000,USGS,clear creek,flow,max,208
42,2002,clear creek,11372000,USGS,clear creek,flow,mean,207.4672619047619
42,2002,clear creek,11372000,USGS,clear creek,flow,min,206
43,2002,clear creek,11372000,USGS,clear creek,flow,max,206
43,2002,clear creek,11372000,USGS,clear creek,flow,mean,206
43,2002,clear creek,11372000,USGS,clear creek,flow,min,206
44,2002,clear creek,11372000,USGS,clear creek,flow,max,206
44,2002,clear creek,11372000,USGS,clear creek,flow,mean,205.99553571428572
44,2002,clear creek,11372000,USGS,clear creek,flow,min,203
45,2002,clear creek,11372000,USGS,clear creek,flow,max,292
45,2002,clear creek,11372000,USGS,clear creek,flow,mean,214.54017857142858
45,2002,clear creek,11372000,USGS,clear creek,flow,min,203
46,2002,clear creek,11372000,USGS,clear creek,flow,max,214
46,2002,clear creek,11372000,USGS,clear creek,flow,mean,208.11160714285714
46,2002,clear creek,11372000,USGS,clear creek,flow,min,208
47,2002,clear creek,11372000,USGS,clear creek,flow,max,208
47,2002,clear creek,11372000,USGS,clear creek,flow,mean,206.27380952380955
47,2002,clear creek,11372000,USGS,clear creek,flow,min,206
48,2002,clear creek,11372000,USGS,clear creek,flow,max,208
48,2002,clear creek,11372000,USGS,clear creek,flow,mean,206.98511904761904
48,2002,clear creek,11372000,USGS,clear creek,flow,min,206
49,2002,clear creek,11372000,USGS,clear creek,flow,max,208
49,2002,clear creek,11372000,USGS,clear creek,flow,mean,207.22619047619045
49,2002,clear creek,11372000,USGS,clear creek,flow,min,206
50,2002,clear creek,11372000,USGS,clear creek,flow,max,2830
50,2002,clear creek,11372000,USGS,clear creek,flow,mean,515.4166666666667
50,2002,clear creek,11372000,USGS,clear creek,flow,min,206
51,2002,clear creek,11372000,USGS,clear creek,flow,max,4360
51,2002,clear creek,11372000,USGS,clear creek,flow,mean,600.4122023809524
51,2002,clear creek,11372000,USGS,clear creek,flow,min,267
52,2002,clear creek,11372000,USGS,clear creek,flow,max,3210
52,2002,clear creek,11372000,USGS,clear creek,flow,mean,683.4002976190476
52,2002,clear creek,11372000,USGS,clear creek,flow,min,267
53,2002,clear creek,11372000,USGS,clear creek,flow,max,3230
53,2002,clear creek,11372000,USGS,clear creek,flow,mean,3230
53,2002,clear creek,11372000,USGS,clear creek,flow,min,3230
1,2003,clear creek,11372000,USGS,clear creek,flow,max,1290
1,2003,clear creek,11372000,USGS,clear creek,flow,mean,467.1145833333334
1,2003,clear creek,11372000,USGS,clear creek,flow,min,312
2,2003,clear creek,11372000,USGS,clear creek,flow,max,2020
2,2003,clear creek,11372000,USGS,clear creek,flow,mean,601.7529761904761
2,2003,clear creek,11372000,USGS,clear creek,flow,min,273
3,2003,clear creek,11372000,USGS,clear creek,flow,max,713
3,2003,clear creek,11372000,USGS,clear creek,flow,mean,423.1726190476191
3,2003,clear creek,11372000,USGS,clear creek,flow,min,319
4,2003,clear creek,11372000,USGS,clear creek,flow,max,1430
4,2003,clear creek,11372000,USGS,clear creek,flow,mean,488.125
4,2003,clear creek,11372000,USGS,clear creek,flow,min,290
5,2003,clear creek,11372000,USGS,clear creek,flow,max,841
5,2003,clear creek,11372000,USGS,clear creek,flow,mean,327.5877976190476
5,2003,clear creek,11372000,USGS,clear creek,flow,min,264
6,2003,clear creek,11372000,USGS,clear creek,flow,max,264
6,2003,clear creek,11372000,USGS,clear creek,flow,mean,254.73809523809524
6,2003,clear creek,11372000,USGS,clear creek,flow,min,250
7,2003,clear creek,11372000,USGS,clear creek,flow,max,534
7,2003,clear creek,11372000,USGS,clear creek,flow,mean,283.07142857142856
7,2003,clear creek,11372000,USGS,clear creek,flow,min,247
8,2003,clear creek,11372000,USGS,clear creek,flow,max,290
8,2003,clear creek,11372000,USGS,clear creek,flow,mean,266.0833333333333
8,2003,clear creek,11372000,USGS,clear creek,flow,min,253
9,2003,clear creek,11372000,USGS,clear creek,flow,max,253
9,2003,clear creek,11372000,USGS,clear creek,flow,mean,246.99553571428572
9,2003,clear creek,11372000,USGS,clear creek,flow,min,241
10,2003,clear creek,11372000,USGS,clear creek,flow,max,241
10,2003,clear creek,11372000,USGS,clear creek,flow,mean,239.41071428571428
10,2003,clear creek,11372000,USGS,clear creek,flow,min,239
11,2003,clear creek,11372000,USGS,clear creek,flow,max,1520
11,2003,clear creek,11372000,USGS,clear creek,flow,mean,378.7604166666667
11,2003,clear creek,11372000,USGS,clear creek,flow,min,236
12,2003,clear creek,11372000,USGS,clear creek,flow,max,326
12,2003,clear creek,11372000,USGS,clear creek,flow,mean,283.6297462406015
12,2003,clear creek,11372000,USGS,clear creek,flow,min,267
13,2003,clear creek,11372000,USGS,clear creek,flow,max,281
13,2003,clear creek,11372000,USGS,clear creek,flow,mean,257.6175595238095
13,2003,clear creek,11372000,USGS,clear creek,flow,min,250
14,2003,clear creek,11372000,USGS,clear creek,flow,max,290
14,2003,clear creek,11372000,USGS,clear creek,flow,mean,251.68898809523807
14,2003,clear creek,11372000,USGS,clear creek,flow,min,247
15,2003,clear creek,11372000,USGS,clear creek,flow,max,685
15,2003,clear creek,11372000,USGS,clear creek,flow,mean,350.7857142857143
15,2003,clear creek,11372000,USGS,clear creek,flow,min,244
16,2003,clear creek,11372000,USGS,clear creek,flow,max,390
16,2003,clear creek,11372000,USGS,clear creek,flow,mean,321.70684523809524
16,2003,clear creek,11372000,USGS,clear creek,flow,min,293
17,2003,clear creek,11372000,USGS,clear creek,flow,max,2730
17,2003,clear creek,11372000,USGS,clear creek,flow,mean,479.75148809523813
17,2003,clear creek,11372000,USGS,clear creek,flow,min,290
18,2003,clear creek,11372000,USGS,clear creek,flow,max,3690
18,2003,clear creek,11372000,USGS,clear creek,flow,mean,2235.7961309523807
18,2003,clear creek,11372000,USGS,clear creek,flow,min,512
19,2003,clear creek,11372000,USGS,clear creek,flow,max,512
19,2003,clear creek,11372000,USGS,clear creek,flow,mean,342.1726190476191
19,2003,clear creek,11372000,USGS,clear creek,flow,min,299
20,2003,clear creek,11372000,USGS,clear creek,flow,max,299
20,2003,clear creek,11372000,USGS,clear creek,flow,mean,282.73214285714283
20,2003,clear creek,11372000,USGS,clear creek,flow,min,267
21,2003,clear creek,11372000,USGS,clear creek,flow,max,270
21,2003,clear creek,11372000,USGS,clear creek,flow,mean,261.26339285714283
21,2003,clear creek,11372000,USGS,clear creek,flow,min,253
22,2003,clear creek,11372000,USGS,clear creek,flow,max,255
22,2003,clear creek,11372000,USGS,clear creek,flow,mean,219.04761904761907
22,2003,clear creek,11372000,USGS,clear creek,flow,min,187
23,2003,clear creek,11372000,USGS,clear creek,flow,max,189
23,2003,clear creek,11372000,USGS,clear creek,flow,mean,181.3110119047619
23,2003,clear creek,11372000,USGS,clear creek,flow,min,164
24,2003,clear creek,11372000,USGS,clear creek,flow,max,168
24,2003,clear creek,11372000,USGS,clear creek,flow,mean,162.24404761904762
24,2003,clear creek,11372000,USGS,clear creek,flow,min,157
25,2003,clear creek,11372000,USGS,clear creek,flow,max,164
25,2003,clear creek,11372000,USGS,clear creek,flow,mean,157.8452380952381
25,2003,clear creek,11372000,USGS,clear creek,flow,min,155
26,2003,clear creek,11372000,USGS,clear creek,flow,max,157
26,2003,clear creek,11372000,USGS,clear creek,flow,mean,131.95833333333334
26,2003,clear creek,11372000,USGS,clear creek,flow,min,96
27,2003,clear creek,11372000,USGS,clear creek,flow,max,96
27,2003,clear creek,11372000,USGS,clear creek,flow,mean,96
27,2003,clear creek,11372000,USGS,clear creek,flow,min,96
28,2003,clear creek,11372000,USGS,clear creek,flow,max,96
28,2003,clear creek,11372000,USGS,clear creek,flow,mean,96
28,2003,clear creek,11372000,USGS,clear creek,flow,min,96
29,2003,clear creek,11372000,USGS,clear creek,flow,max,96
29,2003,clear creek,11372000,USGS,clear creek,flow,mean,95.76785714285714
29,2003,clear creek,11372000,USGS,clear creek,flow,min,94
30,2003,clear creek,11372000,USGS,clear creek,flow,max,101
30,2003,clear creek,11372000,USGS,clear creek,flow,mean,94.36755952380953
30,2003,clear creek,11372000,USGS,clear creek,flow,min,93
31,2003,clear creek,11372000,USGS,clear creek,flow,max,120
31,2003,clear creek,11372000,USGS,clear creek,flow,mean,96.40625
31,2003,clear creek,11372000,USGS,clear creek,flow,min,94
32,2003,clear creek,11372000,USGS,clear creek,flow,max,103
32,2003,clear creek,11372000,USGS,clear creek,flow,mean,96.29613095238095
32,2003,clear creek,11372000,USGS,clear creek,flow,min,94
33,2003,clear creek,11372000,USGS,clear creek,flow,max,96
33,2003,clear creek,11372000,USGS,clear creek,flow,mean,95.30357142857143
33,2003,clear creek,11372000,USGS,clear creek,flow,min,94
34,2003,clear creek,11372000,USGS,clear creek,flow,max,104
34,2003,clear creek,11372000,USGS,clear creek,flow,mean,95.57291666666666
34,2003,clear creek,11372000,USGS,clear creek,flow,min,94
35,2003,clear creek,11372000,USGS,clear creek,flow,max,112
35,2003,clear creek,11372000,USGS,clear creek,flow,mean,92.75892857142857
35,2003,clear creek,11372000,USGS,clear creek,flow,min,91
36,2003,clear creek,11372000,USGS,clear creek,flow,max,164
36,2003,clear creek,11372000,USGS,clear creek,flow,mean,133.125
36,2003,clear creek,11372000,USGS,clear creek,flow,min,91
37,2003,clear creek,11372000,USGS,clear creek,flow,max,212
37,2003,clear creek,11372000,USGS,clear creek,flow,mean,191.50446428571428
37,2003,clear creek,11372000,USGS,clear creek,flow,min,161
38,2003,clear creek,11372000,USGS,clear creek,flow,max,202
38,2003,clear creek,11372000,USGS,clear creek,flow,mean,198.50722789115648
38,2003,clear creek,11372000,USGS,clear creek,flow,min,197
39,2003,clear creek,11372000,USGS,clear creek,flow,max,199
39,2003,clear creek,11372000,USGS,clear creek,flow,mean,198.19520676691727
39,2003,clear creek,11372000,USGS,clear creek,flow,min,197
40,2003,clear creek,11372000,USGS,clear creek,flow,max,209
40,2003,clear creek,11372000,USGS,clear creek,flow,mean,206.64285714285717
40,2003,clear creek,11372000,USGS,clear creek,flow,min,197
41,2003,clear creek,11372000,USGS,clear creek,flow,max,220
41,2003,clear creek,11372000,USGS,clear creek,flow,mean,208.8265037593985
41,2003,clear creek,11372000,USGS,clear creek,flow,min,189
42,2003,clear creek,11372000,USGS,clear creek,flow,max,212
42,2003,clear creek,11372000,USGS,clear creek,flow,mean,211.82589285714286
42,2003,clear creek,11372000,USGS,clear creek,flow,min,209
43,2003,clear creek,11372000,USGS,clear creek,flow,max,215
43,2003,clear creek,11372000,USGS,clear creek,flow,mean,212.13839285714286
43,2003,clear creek,11372000,USGS,clear creek,flow,min,212
44,2003,clear creek,11372000,USGS,clear creek,flow,max,223
44,2003,clear creek,11372000,USGS,clear creek,flow,mean,212.99404761904762
44,2003,clear creek,11372000,USGS,clear creek,flow,min,212
45,2003,clear creek,11372000,USGS,clear creek,flow,max,247
45,2003,clear creek,11372000,USGS,clear creek,flow,mean,221.55505952380955
45,2003,clear creek,11372000,USGS,clear creek,flow,min,215
46,2003,clear creek,11372000,USGS,clear creek,flow,max,244
46,2003,clear creek,11372000,USGS,clear creek,flow,mean,222.64880952380955
46,2003,clear creek,11372000,USGS,clear creek,flow,min,215
47,2003,clear creek,11372000,USGS,clear creek,flow,max,217
47,2003,clear creek,11372000,USGS,clear creek,flow,mean,212.9806547619048
47,2003,clear creek,11372000,USGS,clear creek,flow,min,212
48,2003,clear creek,11372000,USGS,clear creek,flow,max,267
48,2003,clear creek,11372000,USGS,clear creek,flow,mean,223.42857142857142
48,2003,clear creek,11372000,USGS,clear creek,flow,min,212
49,2003,clear creek,11372000,USGS,clear creek,flow,max,275
49,2003,clear creek,11372000,USGS,clear creek,flow,mean,240.11602704678364
49,2003,clear creek,11372000,USGS,clear creek,flow,min,220
50,2003,clear creek,11372000,USGS,clear creek,flow,max,1080
50,2003,clear creek,11372000,USGS,clear creek,flow,mean,343.141369047619
50,2003,clear creek,11372000,USGS,clear creek,flow,min,239
51,2003,clear creek,11372000,USGS,clear creek,flow,max,312
51,2003,clear creek,11372000,USGS,clear creek,flow,mean,254.70385338345864
51,2003,clear creek,11372000,USGS,clear creek,flow,min,233
52,2003,clear creek,11372000,USGS,clear creek,flow,max,1870
52,2003,clear creek,11372000,USGS,clear creek,flow,mean,396.59151785714283
52,2003,clear creek,11372000,USGS,clear creek,flow,min,261
53,2003,clear creek,11372000,USGS,clear creek,flow,max,409
53,2003,clear creek,11372000,USGS,clear creek,flow,mean,378.125
53,2003,clear creek,11372000,USGS,clear creek,flow,min,352
1,2004,clear creek,11372000,USGS,clear creek,flow,max,2170
1,2004,clear creek,11372000,USGS,clear creek,flow,mean,463.1636904761904
1,2004,clear creek,11372000,USGS,clear creek,flow,min,273
2,2004,clear creek,11372000,USGS,clear creek,flow,max,560
2,2004,clear creek,11372000,USGS,clear creek,flow,mean,374.4523809523809
2,2004,clear creek,11372000,USGS,clear creek,flow,min,296
3,2004,clear creek,11372000,USGS,clear creek,flow,max,333
3,2004,clear creek,11372000,USGS,clear creek,flow,mean,281.36607142857144
3,2004,clear creek,11372000,USGS,clear creek,flow,min,261
4,2004,clear creek,11372000,USGS,clear creek,flow,max,308
4,2004,clear creek,11372000,USGS,clear creek,flow,mean,261.29464285714283
4,2004,clear creek,11372000,USGS,clear creek,flow,min,250
5,2004,clear creek,11372000,USGS,clear creek,flow,max,512
5,2004,clear creek,11372000,USGS,clear creek,flow,mean,324.7652412280701
5,2004,clear creek,11372000,USGS,clear creek,flow,min,261
6,2004,clear creek,11372000,USGS,clear creek,flow,max,378
6,2004,clear creek,11372000,USGS,clear creek,flow,mean,299.2202380952381
6,2004,clear creek,11372000,USGS,clear creek,flow,min,267
7,2004,clear creek,11372000,USGS,clear creek,flow,max,3680
7,2004,clear creek,11372000,USGS,clear creek,flow,mean,835.7767857142857
7,2004,clear creek,11372000,USGS,clear creek,flow,min,236
8,2004,clear creek,11372000,USGS,clear creek,flow,max,1910
8,2004,clear creek,11372000,USGS,clear creek,flow,mean,542.8571428571429
8,2004,clear creek,11372000,USGS,clear creek,flow,min,374
9,2004,clear creek,11372000,USGS,clear creek,flow,max,3330
9,2004,clear creek,11372000,USGS,clear creek,flow,mean,818.6666666666666
9,2004,clear creek,11372000,USGS,clear creek,flow,min,478
10,2004,clear creek,11372000,USGS,clear creek,flow,max,512
10,2004,clear creek,11372000,USGS,clear creek,flow,mean,375.9613095238096
10,2004,clear creek,11372000,USGS,clear creek,flow,min,308
11,2004,clear creek,11372000,USGS,clear creek,flow,max,308
11,2004,clear creek,11372000,USGS,clear creek,flow,mean,281.58035714285717
11,2004,clear creek,11372000,USGS,clear creek,flow,min,267
12,2004,clear creek,11372000,USGS,clear creek,flow,max,267
12,2004,clear creek,11372000,USGS,clear creek,flow,mean,259.1145833333333
12,2004,clear creek,11372000,USGS,clear creek,flow,min,253
13,2004,clear creek,11372000,USGS,clear creek,flow,max,367
13,2004,clear creek,11372000,USGS,clear creek,flow,mean,263.87648809523813
13,2004,clear creek,11372000,USGS,clear creek,flow,min,250
14,2004,clear creek,11372000,USGS,clear creek,flow,max,253
14,2004,clear creek,11372000,USGS,clear creek,flow,mean,248.04241071428572
14,2004,clear creek,11372000,USGS,clear creek,flow,min,244
15,2004,clear creek,11372000,USGS,clear creek,flow,max,244
15,2004,clear creek,11372000,USGS,clear creek,flow,mean,240.22626879699246
15,2004,clear creek,11372000,USGS,clear creek,flow,min,236
16,2004,clear creek,11372000,USGS,clear creek,flow,max,591
16,2004,clear creek,11372000,USGS,clear creek,flow,mean,279.0416666666667
16,2004,clear creek,11372000,USGS,clear creek,flow,min,239
17,2004,clear creek,11372000,USGS,clear creek,flow,max,290
17,2004,clear creek,11372000,USGS,clear creek,flow,mean,260.2559523809524
17,2004,clear creek,11372000,USGS,clear creek,flow,min,247
18,2004,clear creek,11372000,USGS,clear creek,flow,max,247
18,2004,clear creek,11372000,USGS,clear creek,flow,mean,239.62202380952382
18,2004,clear creek,11372000,USGS,clear creek,flow,min,220
19,2004,clear creek,11372000,USGS,clear creek,flow,max,241
19,2004,clear creek,11372000,USGS,clear creek,flow,mean,238.93601190476193
19,2004,clear creek,11372000,USGS,clear creek,flow,min,236
20,2004,clear creek,11372000,USGS,clear creek,flow,max,253
20,2004,clear creek,11372000,USGS,clear creek,flow,mean,235.14136904761904
20,2004,clear creek,11372000,USGS,clear creek,flow,min,231
21,2004,clear creek,11372000,USGS,clear creek,flow,max,236
21,2004,clear creek,11372000,USGS,clear creek,flow,mean,232.18366228070175
21,2004,clear creek,11372000,USGS,clear creek,flow,min,228
22,2004,clear creek,11372000,USGS,clear creek,flow,max,236
22,2004,clear creek,11372000,USGS,clear creek,flow,mean,228.47321428571425
22,2004,clear creek,11372000,USGS,clear creek,flow,min,220
23,2004,clear creek,11372000,USGS,clear creek,flow,max,220
23,2004,clear creek,11372000,USGS,clear creek,flow,mean,183.69642857142858
23,2004,clear creek,11372000,USGS,clear creek,flow,min,173
24,2004,clear creek,11372000,USGS,clear creek,flow,max,182
24,2004,clear creek,11372000,USGS,clear creek,flow,mean,172.98511904761904
24,2004,clear creek,11372000,USGS,clear creek,flow,min,170
25,2004,clear creek,11372000,USGS,clear creek,flow,max,173
25,2004,clear creek,11372000,USGS,clear creek,flow,mean,162.94047619047618
25,2004,clear creek,11372000,USGS,clear creek,flow,min,126
26,2004,clear creek,11372000,USGS,clear creek,flow,max,173
26,2004,clear creek,11372000,USGS,clear creek,flow,mean,157.98660714285717
26,2004,clear creek,11372000,USGS,clear creek,flow,min,124
27,2004,clear creek,11372000,USGS,clear creek,flow,max,124
27,2004,clear creek,11372000,USGS,clear creek,flow,mean,104.32142857142857
27,2004,clear creek,11372000,USGS,clear creek,flow,min,88
28,2004,clear creek,11372000,USGS,clear creek,flow,max,88
28,2004,clear creek,11372000,USGS,clear creek,flow,mean,78.04464285714286
28,2004,clear creek,11372000,USGS,clear creek,flow,min,72
29,2004,clear creek,11372000,USGS,clear creek,flow,max,72
29,2004,clear creek,11372000,USGS,clear creek,flow,mean,72
29,2004,clear creek,11372000,USGS,clear creek,flow,min,72
30,2004,clear creek,11372000,USGS,clear creek,flow,max,88
30,2004,clear creek,11372000,USGS,clear creek,flow,mean,79.93452380952381
30,2004,clear creek,11372000,USGS,clear creek,flow,min,71
31,2004,clear creek,11372000,USGS,clear creek,flow,max,86
31,2004,clear creek,11372000,USGS,clear creek,flow,mean,79.76339285714286
31,2004,clear creek,11372000,USGS,clear creek,flow,min,71
32,2004,clear creek,11372000,USGS,clear creek,flow,max,83
32,2004,clear creek,11372000,USGS,clear creek,flow,mean,81.18303571428571
32,2004,clear creek,11372000,USGS,clear creek,flow,min,80
33,2004,clear creek,11372000,USGS,clear creek,flow,max,82
33,2004,clear creek,11372000,USGS,clear creek,flow,mean,80.93583959899749
33,2004,clear creek,11372000,USGS,clear creek,flow,min,80
34,2004,clear creek,11372000,USGS,clear creek,flow,max,82
34,2004,clear creek,11372000,USGS,clear creek,flow,mean,78.5372023809524
34,2004,clear creek,11372000,USGS,clear creek,flow,min,75
35,2004,clear creek,11372000,USGS,clear creek,flow,max,77
35,2004,clear creek,11372000,USGS,clear creek,flow,mean,75.0625
35,2004,clear creek,11372000,USGS,clear creek,flow,min,75
36,2004,clear creek,11372000,USGS,clear creek,flow,max,77
36,2004,clear creek,11372000,USGS,clear creek,flow,mean,75.05952380952381
36,2004,clear creek,11372000,USGS,clear creek,flow,min,75
37,2004,clear creek,11372000,USGS,clear creek,flow,max,148
37,2004,clear creek,11372000,USGS,clear creek,flow,mean,117.47023809523809
37,2004,clear creek,11372000,USGS,clear creek,flow,min,75
38,2004,clear creek,11372000,USGS,clear creek,flow,max,182
38,2004,clear creek,11372000,USGS,clear creek,flow,mean,158.55654761904762
38,2004,clear creek,11372000,USGS,clear creek,flow,min,146
39,2004,clear creek,11372000,USGS,clear creek,flow,max,217
39,2004,clear creek,11372000,USGS,clear creek,flow,mean,214.48958333333334
39,2004,clear creek,11372000,USGS,clear creek,flow,min,180
40,2004,clear creek,11372000,USGS,clear creek,flow,max,217
40,2004,clear creek,11372000,USGS,clear creek,flow,mean,216.80654761904762
40,2004,clear creek,11372000,USGS,clear creek,flow,min,215
41,2004,clear creek,11372000,USGS,clear creek,flow,max,250
41,2004,clear creek,11372000,USGS,clear creek,flow,mean,216.80357142857142
41,2004,clear creek,11372000,USGS,clear creek,flow,min,215
42,2004,clear creek,11372000,USGS,clear creek,flow,max,1010
42,2004,clear creek,11372000,USGS,clear creek,flow,mean,224.70833333333331
42,2004,clear creek,11372000,USGS,clear creek,flow,min,187
43,2004,clear creek,11372000,USGS,clear creek,flow,max,278
43,2004,clear creek,11372000,USGS,clear creek,flow,mean,219.22172619047618
43,2004,clear creek,11372000,USGS,clear creek,flow,min,159
44,2004,clear creek,11372000,USGS,clear creek,flow,max,758
44,2004,clear creek,11372000,USGS,clear creek,flow,mean,228.67261904761904
44,2004,clear creek,11372000,USGS,clear creek,flow,min,192
45,2004,clear creek,11372000,USGS,clear creek,flow,max,623
45,2004,clear creek,11372000,USGS,clear creek,flow,mean,255.66071428571428
45,2004,clear creek,11372000,USGS,clear creek,flow,min,182
46,2004,clear creek,11372000,USGS,clear creek,flow,max,244
46,2004,clear creek,11372000,USGS,clear creek,flow,mean,221.61011904761904
46,2004,clear creek,11372000,USGS,clear creek,flow,min,204
47,2004,clear creek,11372000,USGS,clear creek,flow,max,217
47,2004,clear creek,11372000,USGS,clear creek,flow,mean,215.14583333333331
47,2004,clear creek,11372000,USGS,clear creek,flow,min,215
48,2004,clear creek,11372000,USGS,clear creek,flow,max,223
48,2004,clear creek,11372000,USGS,clear creek,flow,mean,216.0907738095238
48,2004,clear creek,11372000,USGS,clear creek,flow,min,215
49,2004,clear creek,11372000,USGS,clear creek,flow,max,2220
49,2004,clear creek,11372000,USGS,clear creek,flow,mean,337.0773809523809
49,2004,clear creek,11372000,USGS,clear creek,flow,min,215
50,2004,clear creek,11372000,USGS,clear creek,flow,max,628
50,2004,clear creek,11372000,USGS,clear creek,flow,mean,270.43961466165416
50,2004,clear creek,11372000,USGS,clear creek,flow,min,231
51,2004,clear creek,11372000,USGS,clear creek,flow,max,231
51,2004,clear creek,11372000,USGS,clear creek,flow,mean,225.25297619047618
51,2004,clear creek,11372000,USGS,clear creek,flow,min,223
52,2004,clear creek,11372000,USGS,clear creek,flow,max,1100
52,2004,clear creek,11372000,USGS,clear creek,flow,mean,396.8601190476191
52,2004,clear creek,11372000,USGS,clear creek,flow,min,220
53,2004,clear creek,11372000,USGS,clear creek,flow,max,525
53,2004,clear creek,11372000,USGS,clear creek,flow,mean,412.26041666666663
53,2004,clear creek,11372000,USGS,clear creek,flow,min,341
1,2005,clear creek,11372000,USGS,clear creek,flow,max,474
1,2005,clear creek,11372000,USGS,clear creek,flow,mean,314.23214285714283
1,2005,clear creek,11372000,USGS,clear creek,flow,min,261
2,2005,clear creek,11372000,USGS,clear creek,flow,max,421
2,2005,clear creek,11372000,USGS,clear creek,flow,mean,312.5565476190476
2,2005,clear creek,11372000,USGS,clear creek,flow,min,278
3,2005,clear creek,11372000,USGS,clear creek,flow,max,278
3,2005,clear creek,11372000,USGS,clear creek,flow,mean,258.625
3,2005,clear creek,11372000,USGS,clear creek,flow,min,247
4,2005,clear creek,11372000,USGS,clear creek,flow,max,555
4,2005,clear creek,11372000,USGS,clear creek,flow,mean,282.4776785714286
4,2005,clear creek,11372000,USGS,clear creek,flow,min,241
5,2005,clear creek,11372000,USGS,clear creek,flow,max,466
5,2005,clear creek,11372000,USGS,clear creek,flow,mean,305.610119047619
5,2005,clear creek,11372000,USGS,clear creek,flow,min,261
6,2005,clear creek,11372000,USGS,clear creek,flow,max,261
6,2005,clear creek,11372000,USGS,clear creek,flow,mean,249.22023809523807
6,2005,clear creek,11372000,USGS,clear creek,flow,min,241
7,2005,clear creek,11372000,USGS,clear creek,flow,max,275
7,2005,clear creek,11372000,USGS,clear creek,flow,mean,239.2232142857143
7,2005,clear creek,11372000,USGS,clear creek,flow,min,220
8,2005,clear creek,11372000,USGS,clear creek,flow,max,433
8,2005,clear creek,11372000,USGS,clear creek,flow,mean,311.99107142857144
8,2005,clear creek,11372000,USGS,clear creek,flow,min,223
9,2005,clear creek,11372000,USGS,clear creek,flow,max,458
9,2005,clear creek,11372000,USGS,clear creek,flow,mean,344.97893359150885
9,2005,clear creek,11372000,USGS,clear creek,flow,min,264
10,2005,clear creek,11372000,USGS,clear creek,flow,max,319
10,2005,clear creek,11372000,USGS,clear creek,flow,mean,280.5967261904762
10,2005,clear creek,11372000,USGS,clear creek,flow,min,258
11,2005,clear creek,11372000,USGS,clear creek,flow,max,258
11,2005,clear creek,11372000,USGS,clear creek,flow,mean,249.8318452380952
11,2005,clear creek,11372000,USGS,clear creek,flow,min,244
12,2005,clear creek,11372000,USGS,clear creek,flow,max,1960
12,2005,clear creek,11372000,USGS,clear creek,flow,mean,660.8154761904761
12,2005,clear creek,11372000,USGS,clear creek,flow,min,244
13,2005,clear creek,11372000,USGS,clear creek,flow,max,670
13,2005,clear creek,11372000,USGS,clear creek,flow,mean,387.2886904761905
13,2005,clear creek,11372000,USGS,clear creek,flow,min,315
14,2005,clear creek,11372000,USGS,clear creek,flow,max,458
14,2005,clear creek,11372000,USGS,clear creek,flow,mean,321.1800595238095
14,2005,clear creek,11372000,USGS,clear creek,flow,min,296
15,2005,clear creek,11372000,USGS,clear creek,flow,max,433
15,2005,clear creek,11372000,USGS,clear creek,flow,mean,327.0476190476191
15,2005,clear creek,11372000,USGS,clear creek,flow,min,284
16,2005,clear creek,11372000,USGS,clear creek,flow,max,284
16,2005,clear creek,11372000,USGS,clear creek,flow,mean,272.41964285714283
16,2005,clear creek,11372000,USGS,clear creek,flow,min,261
17,2005,clear creek,11372000,USGS,clear creek,flow,max,284
17,2005,clear creek,11372000,USGS,clear creek,flow,mean,264.2767857142857
17,2005,clear creek,11372000,USGS,clear creek,flow,min,255
18,2005,clear creek,11372000,USGS,clear creek,flow,max,355
18,2005,clear creek,11372000,USGS,clear creek,flow,mean,266.9226190476191
18,2005,clear creek,11372000,USGS,clear creek,flow,min,250
19,2005,clear creek,11372000,USGS,clear creek,flow,max,1470
19,2005,clear creek,11372000,USGS,clear creek,flow,mean,467.4345238095238
19,2005,clear creek,11372000,USGS,clear creek,flow,min,275
20,2005,clear creek,11372000,USGS,clear creek,flow,max,2160
20,2005,clear creek,11372000,USGS,clear creek,flow,mean,537.202380952381
20,2005,clear creek,11372000,USGS,clear creek,flow,min,290
21,2005,clear creek,11372000,USGS,clear creek,flow,max,483
21,2005,clear creek,11372000,USGS,clear creek,flow,mean,344.7872023809524
21,2005,clear creek,11372000,USGS,clear creek,flow,min,284
22,2005,clear creek,11372000,USGS,clear creek,flow,max,296
22,2005,clear creek,11372000,USGS,clear creek,flow,mean,277.7232142857143
22,2005,clear creek,11372000,USGS,clear creek,flow,min,261
23,2005,clear creek,11372000,USGS,clear creek,flow,max,261
23,2005,clear creek,11372000,USGS,clear creek,flow,mean,221.8764880952381
23,2005,clear creek,11372000,USGS,clear creek,flow,min,207
24,2005,clear creek,11372000,USGS,clear creek,flow,max,258
24,2005,clear creek,11372000,USGS,clear creek,flow,mean,205.9375
24,2005,clear creek,11372000,USGS,clear creek,flow,min,194
25,2005,clear creek,11372000,USGS,clear creek,flow,max,236
25,2005,clear creek,11372000,USGS,clear creek,flow,mean,206.91815476190476
25,2005,clear creek,11372000,USGS,clear creek,flow,min,194
26,2005,clear creek,11372000,USGS,clear creek,flow,max,197
26,2005,clear creek,11372000,USGS,clear creek,flow,mean,186.13988095238096
26,2005,clear creek,11372000,USGS,clear creek,flow,min,170
27,2005,clear creek,11372000,USGS,clear creek,flow,max,170
27,2005,clear creek,11372000,USGS,clear creek,flow,mean,121.92708333333333
27,2005,clear creek,11372000,USGS,clear creek,flow,min,104
28,2005,clear creek,11372000,USGS,clear creek,flow,max,161
28,2005,clear creek,11372000,USGS,clear creek,flow,mean,135.48363095238093
28,2005,clear creek,11372000,USGS,clear creek,flow,min,116
29,2005,clear creek,11372000,USGS,clear creek,flow,max,161
29,2005,clear creek,11372000,USGS,clear creek,flow,mean,158.0327380952381
29,2005,clear creek,11372000,USGS,clear creek,flow,min,157
30,2005,clear creek,11372000,USGS,clear creek,flow,max,157
30,2005,clear creek,11372000,USGS,clear creek,flow,mean,155.79761904761907
30,2005,clear creek,11372000,USGS,clear creek,flow,min,152
31,2005,clear creek,11372000,USGS,clear creek,flow,max,152
31,2005,clear creek,11372000,USGS,clear creek,flow,mean,133.05357142857142
31,2005,clear creek,11372000,USGS,clear creek,flow,min,106
32,2005,clear creek,11372000,USGS,clear creek,flow,max,137
32,2005,clear creek,11372000,USGS,clear creek,flow,mean,125.15476190476191
32,2005,clear creek,11372000,USGS,clear creek,flow,min,104
33,2005,clear creek,11372000,USGS,clear creek,flow,max,135
33,2005,clear creek,11372000,USGS,clear creek,flow,mean,131.08779761904762
33,2005,clear creek,11372000,USGS,clear creek,flow,min,126
34,2005,clear creek,11372000,USGS,clear creek,flow,max,128
34,2005,clear creek,11372000,USGS,clear creek,flow,mean,127.39880952380952
34,2005,clear creek,11372000,USGS,clear creek,flow,min,126
35,2005,clear creek,11372000,USGS,clear creek,flow,max,135
35,2005,clear creek,11372000,USGS,clear creek,flow,mean,126.67708333333333
35,2005,clear creek,11372000,USGS,clear creek,flow,min,126
36,2005,clear creek,11372000,USGS,clear creek,flow,max,128
36,2005,clear creek,11372000,USGS,clear creek,flow,mean,126.60119047619048
36,2005,clear creek,11372000,USGS,clear creek,flow,min,126
37,2005,clear creek,11372000,USGS,clear creek,flow,max,197
37,2005,clear creek,11372000,USGS,clear creek,flow,mean,137.36458333333334
37,2005,clear creek,11372000,USGS,clear creek,flow,min,126
38,2005,clear creek,11372000,USGS,clear creek,flow,max,209
38,2005,clear creek,11372000,USGS,clear creek,flow,mean,207.5505952380952
38,2005,clear creek,11372000,USGS,clear creek,flow,min,202
39,2005,clear creek,11372000,USGS,clear creek,flow,max,209
39,2005,clear creek,11372000,USGS,clear creek,flow,mean,207.40773809523813
39,2005,clear creek,11372000,USGS,clear creek,flow,min,207
40,2005,clear creek,11372000,USGS,clear creek,flow,max,209
40,2005,clear creek,11372000,USGS,clear creek,flow,mean,207.65773809523807
40,2005,clear creek,11372000,USGS,clear creek,flow,min,207
41,2005,clear creek,11372000,USGS,clear creek,flow,max,209
41,2005,clear creek,11372000,USGS,clear creek,flow,mean,207.00595238095238
41,2005,clear creek,11372000,USGS,clear creek,flow,min,207
42,2005,clear creek,11372000,USGS,clear creek,flow,max,207
42,2005,clear creek,11372000,USGS,clear creek,flow,mean,207
42,2005,clear creek,11372000,USGS,clear creek,flow,min,207
43,2005,clear creek,11372000,USGS,clear creek,flow,max,223
43,2005,clear creek,11372000,USGS,clear creek,flow,mean,207.1755952380952
43,2005,clear creek,11372000,USGS,clear creek,flow,min,204
44,2005,clear creek,11372000,USGS,clear creek,flow,max,241
44,2005,clear creek,11372000,USGS,clear creek,flow,mean,209.52529761904762
44,2005,clear creek,11372000,USGS,clear creek,flow,min,204
45,2005,clear creek,11372000,USGS,clear creek,flow,max,393
45,2005,clear creek,11372000,USGS,clear creek,flow,mean,221.95535714285714
45,2005,clear creek,11372000,USGS,clear creek,flow,min,207
46,2005,clear creek,11372000,USGS,clear creek,flow,max,719
46,2005,clear creek,11372000,USGS,clear creek,flow,mean,278.0989348370927
46,2005,clear creek,11372000,USGS,clear creek,flow,min,187
47,2005,clear creek,11372000,USGS,clear creek,flow,max,225
47,2005,clear creek,11372000,USGS,clear creek,flow,mean,210.11160714285714
47,2005,clear creek,11372000,USGS,clear creek,flow,min,209
48,2005,clear creek,11372000,USGS,clear creek,flow,max,897
48,2005,clear creek,11372000,USGS,clear creek,flow,mean,259.02529761904765
48,2005,clear creek,11372000,USGS,clear creek,flow,min,212
49,2005,clear creek,11372000,USGS,clear creek,flow,max,255
49,2005,clear creek,11372000,USGS,clear creek,flow,mean,223.97709899749375
49,2005,clear creek,11372000,USGS,clear creek,flow,min,217
50,2005,clear creek,11372000,USGS,clear creek,flow,max,217
50,2005,clear creek,11372000,USGS,clear creek,flow,mean,215.30357142857142
50,2005,clear creek,11372000,USGS,clear creek,flow,min,215
51,2005,clear creek,11372000,USGS,clear creek,flow,max,1240
51,2005,clear creek,11372000,USGS,clear creek,flow,mean,430.6279761904762
51,2005,clear creek,11372000,USGS,clear creek,flow,min,215
52,2005,clear creek,11372000,USGS,clear creek,flow,max,4140
52,2005,clear creek,11372000,USGS,clear creek,flow,mean,813.53125
52,2005,clear creek,11372000,USGS,clear creek,flow,min,284
53,2005,clear creek,11372000,USGS,clear creek,flow,max,4210
53,2005,clear creek,11372000,USGS,clear creek,flow,mean,4210
53,2005,clear creek,11372000,USGS,clear creek,flow,min,4210
1,2006,clear creek,11372000,USGS,clear creek,flow,max,1850
1,2006,clear creek,11372000,USGS,clear creek,flow,mean,717.8824404761905
1,2006,clear creek,11372000,USGS,clear creek,flow,min,382
2,2006,clear creek,11372000,USGS,clear creek,flow,max,413
2,2006,clear creek,11372000,USGS,clear creek,flow,mean,335.5357142857143
2,2006,clear creek,11372000,USGS,clear creek,flow,min,308
3,2006,clear creek,11372000,USGS,clear creek,flow,max,425
3,2006,clear creek,11372000,USGS,clear creek,flow,mean,356.56845238095235
3,2006,clear creek,11372000,USGS,clear creek,flow,min,312
4,2006,clear creek,11372000,USGS,clear creek,flow,max,730
4,2006,clear creek,11372000,USGS,clear creek,flow,mean,306.625
4,2006,clear creek,11372000,USGS,clear creek,flow,min,281
5,2006,clear creek,11372000,USGS,clear creek,flow,max,713
5,2006,clear creek,11372000,USGS,clear creek,flow,mean,467.33035714285717
5,2006,clear creek,11372000,USGS,clear creek,flow,min,397
6,2006,clear creek,11372000,USGS,clear creek,flow,max,405
6,2006,clear creek,11372000,USGS,clear creek,flow,mean,327.4255952380953
6,2006,clear creek,11372000,USGS,clear creek,flow,min,287
7,2006,clear creek,11372000,USGS,clear creek,flow,max,287
7,2006,clear creek,11372000,USGS,clear creek,flow,mean,273.26785714285717
7,2006,clear creek,11372000,USGS,clear creek,flow,min,267
8,2006,clear creek,11372000,USGS,clear creek,flow,max,270
8,2006,clear creek,11372000,USGS,clear creek,flow,mean,257.4032738095238
8,2006,clear creek,11372000,USGS,clear creek,flow,min,253
9,2006,clear creek,11372000,USGS,clear creek,flow,max,890
9,2006,clear creek,11372000,USGS,clear creek,flow,mean,440.9375
9,2006,clear creek,11372000,USGS,clear creek,flow,min,253
10,2006,clear creek,11372000,USGS,clear creek,flow,max,1760
10,2006,clear creek,11372000,USGS,clear creek,flow,mean,660.0911706349206
10,2006,clear creek,11372000,USGS,clear creek,flow,min,363
11,2006,clear creek,11372000,USGS,clear creek,flow,max,805
11,2006,clear creek,11372000,USGS,clear creek,flow,mean,473.63170478865703
11,2006,clear creek,11372000,USGS,clear creek,flow,min,337
12,2006,clear creek,11372000,USGS,clear creek,flow,max,538
12,2006,clear creek,11372000,USGS,clear creek,flow,mean,425.90773809523813
12,2006,clear creek,11372000,USGS,clear creek,flow,min,370
13,2006,clear creek,11372000,USGS,clear creek,flow,max,922
13,2006,clear creek,11372000,USGS,clear creek,flow,mean,480.22158521303254
13,2006,clear creek,11372000,USGS,clear creek,flow,min,386
14,2006,clear creek,11372000,USGS,clear creek,flow,max,817
14,2006,clear creek,11372000,USGS,clear creek,flow,mean,576.8318452380953
14,2006,clear creek,11372000,USGS,clear creek,flow,min,454
15,2006,clear creek,11372000,USGS,clear creek,flow,max,2880
15,2006,clear creek,11372000,USGS,clear creek,flow,mean,1227.713415708559
15,2006,clear creek,11372000,USGS,clear creek,flow,min,474
16,2006,clear creek,11372000,USGS,clear creek,flow,max,897
16,2006,clear creek,11372000,USGS,clear creek,flow,mean,466.6475340136055
16,2006,clear creek,11372000,USGS,clear creek,flow,min,363
17,2006,clear creek,11372000,USGS,clear creek,flow,max,363
17,2006,clear creek,11372000,USGS,clear creek,flow,mean,332.9099374943383
17,2006,clear creek,11372000,USGS,clear creek,flow,min,312
18,2006,clear creek,11372000,USGS,clear creek,flow,max,312
18,2006,clear creek,11372000,USGS,clear creek,flow,mean,295.6343984962406
18,2006,clear creek,11372000,USGS,clear creek,flow,min,281
19,2006,clear creek,11372000,USGS,clear creek,flow,max,284
19,2006,clear creek,11372000,USGS,clear creek,flow,mean,273.62683270676695
19,2006,clear creek,11372000,USGS,clear creek,flow,min,264
20,2006,clear creek,11372000,USGS,clear creek,flow,max,296
20,2006,clear creek,11372000,USGS,clear creek,flow,mean,261.25411967418546
20,2006,clear creek,11372000,USGS,clear creek,flow,min,253
21,2006,clear creek,11372000,USGS,clear creek,flow,max,293
21,2006,clear creek,11372000,USGS,clear creek,flow,mean,267.8794642857143
21,2006,clear creek,11372000,USGS,clear creek,flow,min,255
22,2006,clear creek,11372000,USGS,clear creek,flow,max,255
22,2006,clear creek,11372000,USGS,clear creek,flow,mean,229.7046992481203
22,2006,clear creek,11372000,USGS,clear creek,flow,min,177
23,2006,clear creek,11372000,USGS,clear creek,flow,max,177
23,2006,clear creek,11372000,USGS,clear creek,flow,mean,157.57440476190476
23,2006,clear creek,11372000,USGS,clear creek,flow,min,152
24,2006,clear creek,11372000,USGS,clear creek,flow,max,164
24,2006,clear creek,11372000,USGS,clear creek,flow,mean,134.42114661654136
24,2006,clear creek,11372000,USGS,clear creek,flow,min,112
25,2006,clear creek,11372000,USGS,clear creek,flow,max,116
25,2006,clear creek,11372000,USGS,clear creek,flow,mean,108.9375
25,2006,clear creek,11372000,USGS,clear creek,flow,min,106
26,2006,clear creek,11372000,USGS,clear creek,flow,max,130
26,2006,clear creek,11372000,USGS,clear creek,flow,mean,110.14044486215539
26,2006,clear creek,11372000,USGS,clear creek,flow,min,101
27,2006,clear creek,11372000,USGS,clear creek,flow,max,116
27,2006,clear creek,11372000,USGS,clear creek,flow,mean,110.65476190476193
27,2006,clear creek,11372000,USGS,clear creek,flow,min,108
28,2006,clear creek,11372000,USGS,clear creek,flow,max,110
28,2006,clear creek,11372000,USGS,clear creek,flow,mean,96.16995614035088
28,2006,clear creek,11372000,USGS,clear creek,flow,min,90
29,2006,clear creek,11372000,USGS,clear creek,flow,max,96
29,2006,clear creek,11372000,USGS,clear creek,flow,mean,88.69196428571429
29,2006,clear creek,11372000,USGS,clear creek,flow,min,88
30,2006,clear creek,11372000,USGS,clear creek,flow,max,88
30,2006,clear creek,11372000,USGS,clear creek,flow,mean,86.58630952380953
30,2006,clear creek,11372000,USGS,clear creek,flow,min,86
31,2006,clear creek,11372000,USGS,clear creek,flow,max,104
31,2006,clear creek,11372000,USGS,clear creek,flow,mean,86.80059523809523
31,2006,clear creek,11372000,USGS,clear creek,flow,min,77
32,2006,clear creek,11372000,USGS,clear creek,flow,max,94
32,2006,clear creek,11372000,USGS,clear creek,flow,mean,83.9389880952381
32,2006,clear creek,11372000,USGS,clear creek,flow,min,80
33,2006,clear creek,11372000,USGS,clear creek,flow,max,85
33,2006,clear creek,11372000,USGS,clear creek,flow,mean,82.20684523809523
33,2006,clear creek,11372000,USGS,clear creek,flow,min,80
34,2006,clear creek,11372000,USGS,clear creek,flow,max,83
34,2006,clear creek,11372000,USGS,clear creek,flow,mean,81.64218358395989
34,2006,clear creek,11372000,USGS,clear creek,flow,min,80
35,2006,clear creek,11372000,USGS,clear creek,flow,max,83
35,2006,clear creek,11372000,USGS,clear creek,flow,mean,81.41815476190474
35,2006,clear creek,11372000,USGS,clear creek,flow,min,80
36,2006,clear creek,11372000,USGS,clear creek,flow,max,83
36,2006,clear creek,11372000,USGS,clear creek,flow,mean,81.98065476190477
36,2006,clear creek,11372000,USGS,clear creek,flow,min,80
37,2006,clear creek,11372000,USGS,clear creek,flow,max,103
37,2006,clear creek,11372000,USGS,clear creek,flow,mean,86.31994047619048
37,2006,clear creek,11372000,USGS,clear creek,flow,min,83
38,2006,clear creek,11372000,USGS,clear creek,flow,max,106
38,2006,clear creek,11372000,USGS,clear creek,flow,mean,100.37797619047619
38,2006,clear creek,11372000,USGS,clear creek,flow,min,99
39,2006,clear creek,11372000,USGS,clear creek,flow,max,204
39,2006,clear creek,11372000,USGS,clear creek,flow,mean,105.22767857142857
39,2006,clear creek,11372000,USGS,clear creek,flow,min,103
40,2006,clear creek,11372000,USGS,clear creek,flow,max,204
40,2006,clear creek,11372000,USGS,clear creek,flow,mean,185.84525375939847
40,2006,clear creek,11372000,USGS,clear creek,flow,min,112
41,2006,clear creek,11372000,USGS,clear creek,flow,max,199
41,2006,clear creek,11372000,USGS,clear creek,flow,mean,194.9404761904762
41,2006,clear creek,11372000,USGS,clear creek,flow,min,187
42,2006,clear creek,11372000,USGS,clear creek,flow,max,199
42,2006,clear creek,11372000,USGS,clear creek,flow,mean,199
42,2006,clear creek,11372000,USGS,clear creek,flow,min,199
43,2006,clear creek,11372000,USGS,clear creek,flow,max,199
43,2006,clear creek,11372000,USGS,clear creek,flow,mean,198.91369047619045
43,2006,clear creek,11372000,USGS,clear creek,flow,min,197
44,2006,clear creek,11372000,USGS,clear creek,flow,max,202
44,2006,clear creek,11372000,USGS,clear creek,flow,mean,198.15178571428572
44,2006,clear creek,11372000,USGS,clear creek,flow,min,197
45,2006,clear creek,11372000,USGS,clear creek,flow,max,758
45,2006,clear creek,11372000,USGS,clear creek,flow,mean,203.60565476190476
45,2006,clear creek,11372000,USGS,clear creek,flow,min,197
46,2006,clear creek,11372000,USGS,clear creek,flow,max,776
46,2006,clear creek,11372000,USGS,clear creek,flow,mean,281.64285714285717
46,2006,clear creek,11372000,USGS,clear creek,flow,min,197
47,2006,clear creek,11372000,USGS,clear creek,flow,max,236
47,2006,clear creek,11372000,USGS,clear creek,flow,mean,214.3943452380952
47,2006,clear creek,11372000,USGS,clear creek,flow,min,212
48,2006,clear creek,11372000,USGS,clear creek,flow,max,253
48,2006,clear creek,11372000,USGS,clear creek,flow,mean,218.1875
48,2006,clear creek,11372000,USGS,clear creek,flow,min,212
49,2006,clear creek,11372000,USGS,clear creek,flow,max,244
49,2006,clear creek,11372000,USGS,clear creek,flow,mean,217.24107142857142
49,2006,clear creek,11372000,USGS,clear creek,flow,min,187
50,2006,clear creek,11372000,USGS,clear creek,flow,max,446
50,2006,clear creek,11372000,USGS,clear creek,flow,mean,292.5654761904762
50,2006,clear creek,11372000,USGS,clear creek,flow,min,236
51,2006,clear creek,11372000,USGS,clear creek,flow,max,247
51,2006,clear creek,11372000,USGS,clear creek,flow,mean,233.1175595238095
51,2006,clear creek,11372000,USGS,clear creek,flow,min,228
52,2006,clear creek,11372000,USGS,clear creek,flow,max,770
52,2006,clear creek,11372000,USGS,clear creek,flow,mean,294.4270833333333
52,2006,clear creek,11372000,USGS,clear creek,flow,min,228
53,2006,clear creek,11372000,USGS,clear creek,flow,max,253
53,2006,clear creek,11372000,USGS,clear creek,flow,mean,251.53125
53,2006,clear creek,11372000,USGS,clear creek,flow,min,250
1,2007,clear creek,11372000,USGS,clear creek,flow,max,270
1,2007,clear creek,11372000,USGS,clear creek,flow,mean,238.78125
1,2007,clear creek,11372000,USGS,clear creek,flow,min,223
2,2007,clear creek,11372000,USGS,clear creek,flow,max,223
2,2007,clear creek,11372000,USGS,clear creek,flow,mean,218.02083333333331
2,2007,clear creek,11372000,USGS,clear creek,flow,min,215
3,2007,clear creek,11372000,USGS,clear creek,flow,max,215
3,2007,clear creek,11372000,USGS,clear creek,flow,mean,215
3,2007,clear creek,11372000,USGS,clear creek,flow,min,215
4,2007,clear creek,11372000,USGS,clear creek,flow,max,217
4,2007,clear creek,11372000,USGS,clear creek,flow,mean,215.6681547619048
4,2007,clear creek,11372000,USGS,clear creek,flow,min,212
5,2007,clear creek,11372000,USGS,clear creek,flow,max,217
5,2007,clear creek,11372000,USGS,clear creek,flow,mean,215.0386904761905
5,2007,clear creek,11372000,USGS,clear creek,flow,min,215
6,2007,clear creek,11372000,USGS,clear creek,flow,max,1300
6,2007,clear creek,11372000,USGS,clear creek,flow,mean,315.8154761904762
6,2007,clear creek,11372000,USGS,clear creek,flow,min,215
7,2007,clear creek,11372000,USGS,clear creek,flow,max,382
7,2007,clear creek,11372000,USGS,clear creek,flow,mean,262.83482142857144
7,2007,clear creek,11372000,USGS,clear creek,flow,min,233
8,2007,clear creek,11372000,USGS,clear creek,flow,max,656
8,2007,clear creek,11372000,USGS,clear creek,flow,mean,331.16220238095235
8,2007,clear creek,11372000,USGS,clear creek,flow,min,231
9,2007,clear creek,11372000,USGS,clear creek,flow,max,433
9,2007,clear creek,11372000,USGS,clear creek,flow,mean,306.0059523809524
9,2007,clear creek,11372000,USGS,clear creek,flow,min,267
10,2007,clear creek,11372000,USGS,clear creek,flow,max,267
10,2007,clear creek,11372000,USGS,clear creek,flow,mean,251.18154761904762
10,2007,clear creek,11372000,USGS,clear creek,flow,min,241
11,2007,clear creek,11372000,USGS,clear creek,flow,max,241
11,2007,clear creek,11372000,USGS,clear creek,flow,mean,235.31994047619045
11,2007,clear creek,11372000,USGS,clear creek,flow,min,231
12,2007,clear creek,11372000,USGS,clear creek,flow,max,231
12,2007,clear creek,11372000,USGS,clear creek,flow,mean,229.04017857142858
12,2007,clear creek,11372000,USGS,clear creek,flow,min,225
13,2007,clear creek,11372000,USGS,clear creek,flow,max,236
13,2007,clear creek,11372000,USGS,clear creek,flow,mean,226.41517857142858
13,2007,clear creek,11372000,USGS,clear creek,flow,min,225
14,2007,clear creek,11372000,USGS,clear creek,flow,max,241
14,2007,clear creek,11372000,USGS,clear creek,flow,mean,230.61904761904765
14,2007,clear creek,11372000,USGS,clear creek,flow,min,220
15,2007,clear creek,11372000,USGS,clear creek,flow,max,250
15,2007,clear creek,11372000,USGS,clear creek,flow,mean,239.04017857142853
15,2007,clear creek,11372000,USGS,clear creek,flow,min,236
16,2007,clear creek,11372000,USGS,clear creek,flow,max,433
16,2007,clear creek,11372000,USGS,clear creek,flow,mean,249.08184523809524
16,2007,clear creek,11372000,USGS,clear creek,flow,min,233
17,2007,clear creek,11372000,USGS,clear creek,flow,max,275
17,2007,clear creek,11372000,USGS,clear creek,flow,mean,243.46577380952382
17,2007,clear creek,11372000,USGS,clear creek,flow,min,231
18,2007,clear creek,11372000,USGS,clear creek,flow,max,239
18,2007,clear creek,11372000,USGS,clear creek,flow,mean,232.10714285714286
18,2007,clear creek,11372000,USGS,clear creek,flow,min,231
19,2007,clear creek,11372000,USGS,clear creek,flow,max,231
19,2007,clear creek,11372000,USGS,clear creek,flow,mean,228.23214285714286
19,2007,clear creek,11372000,USGS,clear creek,flow,min,228
20,2007,clear creek,11372000,USGS,clear creek,flow,max,233
20,2007,clear creek,11372000,USGS,clear creek,flow,mean,226.9672619047619
20,2007,clear creek,11372000,USGS,clear creek,flow,min,225
21,2007,clear creek,11372000,USGS,clear creek,flow,max,231
21,2007,clear creek,11372000,USGS,clear creek,flow,mean,224.69196428571428
21,2007,clear creek,11372000,USGS,clear creek,flow,min,180
22,2007,clear creek,11372000,USGS,clear creek,flow,max,220
22,2007,clear creek,11372000,USGS,clear creek,flow,mean,214.6532738095238
22,2007,clear creek,11372000,USGS,clear creek,flow,min,194
23,2007,clear creek,11372000,USGS,clear creek,flow,max,194
23,2007,clear creek,11372000,USGS,clear creek,flow,mean,171.11607142857142
23,2007,clear creek,11372000,USGS,clear creek,flow,min,166
24,2007,clear creek,11372000,USGS,clear creek,flow,max,170
24,2007,clear creek,11372000,USGS,clear creek,flow,mean,166.5119047619048
24,2007,clear creek,11372000,USGS,clear creek,flow,min,166
25,2007,clear creek,11372000,USGS,clear creek,flow,max,197
25,2007,clear creek,11372000,USGS,clear creek,flow,mean,167.21279761904762
25,2007,clear creek,11372000,USGS,clear creek,flow,min,152
26,2007,clear creek,11372000,USGS,clear creek,flow,max,155
26,2007,clear creek,11372000,USGS,clear creek,flow,mean,152.01785714285714
26,2007,clear creek,11372000,USGS,clear creek,flow,min,152
27,2007,clear creek,11372000,USGS,clear creek,flow,max,152
27,2007,clear creek,11372000,USGS,clear creek,flow,mean,132.9672619047619
27,2007,clear creek,11372000,USGS,clear creek,flow,min,112
28,2007,clear creek,11372000,USGS,clear creek,flow,max,112
28,2007,clear creek,11372000,USGS,clear creek,flow,mean,110.39285714285714
28,2007,clear creek,11372000,USGS,clear creek,flow,min,106
29,2007,clear creek,11372000,USGS,clear creek,flow,max,378
29,2007,clear creek,11372000,USGS,clear creek,flow,mean,108.4627976190476
29,2007,clear creek,11372000,USGS,clear creek,flow,min,94
30,2007,clear creek,11372000,USGS,clear creek,flow,max,94
30,2007,clear creek,11372000,USGS,clear creek,flow,mean,88.06845238095238
30,2007,clear creek,11372000,USGS,clear creek,flow,min,80
31,2007,clear creek,11372000,USGS,clear creek,flow,max,93
31,2007,clear creek,11372000,USGS,clear creek,flow,mean,83.11160714285714
31,2007,clear creek,11372000,USGS,clear creek,flow,min,80
32,2007,clear creek,11372000,USGS,clear creek,flow,max,85
32,2007,clear creek,11372000,USGS,clear creek,flow,mean,78.46130952380953
32,2007,clear creek,11372000,USGS,clear creek,flow,min,74
33,2007,clear creek,11372000,USGS,clear creek,flow,max,75
33,2007,clear creek,11372000,USGS,clear creek,flow,mean,72.23065476190476
33,2007,clear creek,11372000,USGS,clear creek,flow,min,71
34,2007,clear creek,11372000,USGS,clear creek,flow,max,80
34,2007,clear creek,11372000,USGS,clear creek,flow,mean,74.14285714285714
34,2007,clear creek,11372000,USGS,clear creek,flow,min,70
35,2007,clear creek,11372000,USGS,clear creek,flow,max,83
35,2007,clear creek,11372000,USGS,clear creek,flow,mean,80.98809523809526
35,2007,clear creek,11372000,USGS,clear creek,flow,min,79
36,2007,clear creek,11372000,USGS,clear creek,flow,max,106
36,2007,clear creek,11372000,USGS,clear creek,flow,mean,82.44047619047619
36,2007,clear creek,11372000,USGS,clear creek,flow,min,82
37,2007,clear creek,11372000,USGS,clear creek,flow,max,120
37,2007,clear creek,11372000,USGS,clear creek,flow,mean,94.57738095238096
37,2007,clear creek,11372000,USGS,clear creek,flow,min,82
38,2007,clear creek,11372000,USGS,clear creek,flow,max,168
38,2007,clear creek,11372000,USGS,clear creek,flow,mean,158.30059523809524
38,2007,clear creek,11372000,USGS,clear creek,flow,min,120
39,2007,clear creek,11372000,USGS,clear creek,flow,max,170
39,2007,clear creek,11372000,USGS,clear creek,flow,mean,167.98511904761907
39,2007,clear creek,11372000,USGS,clear creek,flow,min,166
40,2007,clear creek,11372000,USGS,clear creek,flow,max,215
40,2007,clear creek,11372000,USGS,clear creek,flow,mean,200.56398809523807
40,2007,clear creek,11372000,USGS,clear creek,flow,min,168
41,2007,clear creek,11372000,USGS,clear creek,flow,max,228
41,2007,clear creek,11372000,USGS,clear creek,flow,mean,213.49553571428572
41,2007,clear creek,11372000,USGS,clear creek,flow,min,209
42,2007,clear creek,11372000,USGS,clear creek,flow,max,273
42,2007,clear creek,11372000,USGS,clear creek,flow,mean,217.1220238095238
42,2007,clear creek,11372000,USGS,clear creek,flow,min,194
43,2007,clear creek,11372000,USGS,clear creek,flow,max,212
43,2007,clear creek,11372000,USGS,clear creek,flow,mean,210.09375
43,2007,clear creek,11372000,USGS,clear creek,flow,min,209
44,2007,clear creek,11372000,USGS,clear creek,flow,max,209
44,2007,clear creek,11372000,USGS,clear creek,flow,mean,209
44,2007,clear creek,11372000,USGS,clear creek,flow,min,209
45,2007,clear creek,11372000,USGS,clear creek,flow,max,212
45,2007,clear creek,11372000,USGS,clear creek,flow,mean,209.04910714285714
45,2007,clear creek,11372000,USGS,clear creek,flow,min,209
46,2007,clear creek,11372000,USGS,clear creek,flow,max,212
46,2007,clear creek,11372000,USGS,clear creek,flow,mean,209.08928571428572
46,2007,clear creek,11372000,USGS,clear creek,flow,min,209
47,2007,clear creek,11372000,USGS,clear creek,flow,max,215
47,2007,clear creek,11372000,USGS,clear creek,flow,mean,209.15192669172933
47,2007,clear creek,11372000,USGS,clear creek,flow,min,209
48,2007,clear creek,11372000,USGS,clear creek,flow,max,212
48,2007,clear creek,11372000,USGS,clear creek,flow,mean,209.23660714285714
48,2007,clear creek,11372000,USGS,clear creek,flow,min,209
49,2007,clear creek,11372000,USGS,clear creek,flow,max,244
49,2007,clear creek,11372000,USGS,clear creek,flow,mean,218.40029761904765
49,2007,clear creek,11372000,USGS,clear creek,flow,min,209
50,2007,clear creek,11372000,USGS,clear creek,flow,max,212
50,2007,clear creek,11372000,USGS,clear creek,flow,mean,211.32142857142858
50,2007,clear creek,11372000,USGS,clear creek,flow,min,209
51,2007,clear creek,11372000,USGS,clear creek,flow,max,934
51,2007,clear creek,11372000,USGS,clear creek,flow,mean,282.0282738095238
51,2007,clear creek,11372000,USGS,clear creek,flow,min,209
52,2007,clear creek,11372000,USGS,clear creek,flow,max,220
52,2007,clear creek,11372000,USGS,clear creek,flow,mean,215.72767857142858
52,2007,clear creek,11372000,USGS,clear creek,flow,min,212
53,2007,clear creek,11372000,USGS,clear creek,flow,max,215
53,2007,clear creek,11372000,USGS,clear creek,flow,mean,215
53,2007,clear creek,11372000,USGS,clear creek,flow,min,215
1,2008,clear creek,11372000,USGS,clear creek,flow,max,1850
1,2008,clear creek,11372000,USGS,clear creek,flow,mean,392.0431547619047
1,2008,clear creek,11372000,USGS,clear creek,flow,min,212
2,2008,clear creek,11372000,USGS,clear creek,flow,max,537
2,2008,clear creek,11372000,USGS,clear creek,flow,mean,316.5744047619047
2,2008,clear creek,11372000,USGS,clear creek,flow,min,247
3,2008,clear creek,11372000,USGS,clear creek,flow,max,247
3,2008,clear creek,11372000,USGS,clear creek,flow,mean,230.98660714285717
3,2008,clear creek,11372000,USGS,clear creek,flow,min,223
4,2008,clear creek,11372000,USGS,clear creek,flow,max,818
4,2008,clear creek,11372000,USGS,clear creek,flow,mean,334.00595238095235
4,2008,clear creek,11372000,USGS,clear creek,flow,min,220
5,2008,clear creek,11372000,USGS,clear creek,flow,max,1340
5,2008,clear creek,11372000,USGS,clear creek,flow,mean,485.02529761904765
5,2008,clear creek,11372000,USGS,clear creek,flow,min,290
6,2008,clear creek,11372000,USGS,clear creek,flow,max,384
6,2008,clear creek,11372000,USGS,clear creek,flow,mean,297.16712092731825
6,2008,clear creek,11372000,USGS,clear creek,flow,min,273
7,2008,clear creek,11372000,USGS,clear creek,flow,max,273
7,2008,clear creek,11372000,USGS,clear creek,flow,mean,257.3645833333333
7,2008,clear creek,11372000,USGS,clear creek,flow,min,244
8,2008,clear creek,11372000,USGS,clear creek,flow,max,1990
8,2008,clear creek,11372000,USGS,clear creek,flow,mean,496.9092261904762
8,2008,clear creek,11372000,USGS,clear creek,flow,min,241
9,2008,clear creek,11372000,USGS,clear creek,flow,max,601
9,2008,clear creek,11372000,USGS,clear creek,flow,mean,350.27232142857144
9,2008,clear creek,11372000,USGS,clear creek,flow,min,278
10,2008,clear creek,11372000,USGS,clear creek,flow,max,278
10,2008,clear creek,11372000,USGS,clear creek,flow,mean,259.9002976190476
10,2008,clear creek,11372000,USGS,clear creek,flow,min,247
11,2008,clear creek,11372000,USGS,clear creek,flow,max,250
11,2008,clear creek,11372000,USGS,clear creek,flow,mean,243.41815476190476
11,2008,clear creek,11372000,USGS,clear creek,flow,min,236
12,2008,clear creek,11372000,USGS,clear creek,flow,max,239
12,2008,clear creek,11372000,USGS,clear creek,flow,mean,233.48065476190476
12,2008,clear creek,11372000,USGS,clear creek,flow,min,231
13,2008,clear creek,11372000,USGS,clear creek,flow,max,233
13,2008,clear creek,11372000,USGS,clear creek,flow,mean,229.09375
13,2008,clear creek,11372000,USGS,clear creek,flow,min,225
14,2008,clear creek,11372000,USGS,clear creek,flow,max,228
14,2008,clear creek,11372000,USGS,clear creek,flow,mean,225.05135511651469
14,2008,clear creek,11372000,USGS,clear creek,flow,min,223
15,2008,clear creek,11372000,USGS,clear creek,flow,max,228
15,2008,clear creek,11372000,USGS,clear creek,flow,mean,225.31696428571428
15,2008,clear creek,11372000,USGS,clear creek,flow,min,225
16,2008,clear creek,11372000,USGS,clear creek,flow,max,231
16,2008,clear creek,11372000,USGS,clear creek,flow,mean,225.30208333333331
16,2008,clear creek,11372000,USGS,clear creek,flow,min,220
17,2008,clear creek,11372000,USGS,clear creek,flow,max,233
17,2008,clear creek,11372000,USGS,clear creek,flow,mean,225.02232142857142
17,2008,clear creek,11372000,USGS,clear creek,flow,min,223
18,2008,clear creek,11372000,USGS,clear creek,flow,max,239
18,2008,clear creek,11372000,USGS,clear creek,flow,mean,223.59970238095238
18,2008,clear creek,11372000,USGS,clear creek,flow,min,220
19,2008,clear creek,11372000,USGS,clear creek,flow,max,225
19,2008,clear creek,11372000,USGS,clear creek,flow,mean,221.74255952380955
19,2008,clear creek,11372000,USGS,clear creek,flow,min,220
20,2008,clear creek,11372000,USGS,clear creek,flow,max,223
20,2008,clear creek,11372000,USGS,clear creek,flow,mean,219.13392857142858
20,2008,clear creek,11372000,USGS,clear creek,flow,min,217
21,2008,clear creek,11372000,USGS,clear creek,flow,max,255
21,2008,clear creek,11372000,USGS,clear creek,flow,mean,221.07738095238096
21,2008,clear creek,11372000,USGS,clear creek,flow,min,217
22,2008,clear creek,11372000,USGS,clear creek,flow,max,225
22,2008,clear creek,11372000,USGS,clear creek,flow,mean,219.01041666666666
22,2008,clear creek,11372000,USGS,clear creek,flow,min,217
23,2008,clear creek,11372000,USGS,clear creek,flow,max,231
23,2008,clear creek,11372000,USGS,clear creek,flow,mean,218.52083333333334
23,2008,clear creek,11372000,USGS,clear creek,flow,min,217
24,2008,clear creek,11372000,USGS,clear creek,flow,max,220
24,2008,clear creek,11372000,USGS,clear creek,flow,mean,216.76785714285714
24,2008,clear creek,11372000,USGS,clear creek,flow,min,215
25,2008,clear creek,11372000,USGS,clear creek,flow,max,228
25,2008,clear creek,11372000,USGS,clear creek,flow,mean,200.93240914786966
25,2008,clear creek,11372000,USGS,clear creek,flow,min,175
26,2008,clear creek,11372000,USGS,clear creek,flow,max,175
26,2008,clear creek,11372000,USGS,clear creek,flow,mean,173.54166666666666
26,2008,clear creek,11372000,USGS,clear creek,flow,min,173
27,2008,clear creek,11372000,USGS,clear creek,flow,max,173
27,2008,clear creek,11372000,USGS,clear creek,flow,mean,168.48809523809524
27,2008,clear creek,11372000,USGS,clear creek,flow,min,166
28,2008,clear creek,11372000,USGS,clear creek,flow,max,233
28,2008,clear creek,11372000,USGS,clear creek,flow,mean,154.9300595238095
28,2008,clear creek,11372000,USGS,clear creek,flow,min,114
29,2008,clear creek,11372000,USGS,clear creek,flow,max,116
29,2008,clear creek,11372000,USGS,clear creek,flow,mean,106.96577380952382
29,2008,clear creek,11372000,USGS,clear creek,flow,min,101
30,2008,clear creek,11372000,USGS,clear creek,flow,max,101
30,2008,clear creek,11372000,USGS,clear creek,flow,mean,91.42778973034997
30,2008,clear creek,11372000,USGS,clear creek,flow,min,87.9
31,2008,clear creek,11372000,USGS,clear creek,flow,max,87.9
31,2008,clear creek,11372000,USGS,clear creek,flow,mean,87.19173669467789
31,2008,clear creek,11372000,USGS,clear creek,flow,min,86.3
32,2008,clear creek,11372000,USGS,clear creek,flow,max,89.5
32,2008,clear creek,11372000,USGS,clear creek,flow,mean,87.11443452380952
32,2008,clear creek,11372000,USGS,clear creek,flow,min,84.8
33,2008,clear creek,11372000,USGS,clear creek,flow,max,92.8
33,2008,clear creek,11372000,USGS,clear creek,flow,mean,87.99300595238095
33,2008,clear creek,11372000,USGS,clear creek,flow,min,86.3
34,2008,clear creek,11372000,USGS,clear creek,flow,max,92.8
34,2008,clear creek,11372000,USGS,clear creek,flow,mean,88.04300595238097
34,2008,clear creek,11372000,USGS,clear creek,flow,min,86.3
35,2008,clear creek,11372000,USGS,clear creek,flow,max,91.1
35,2008,clear creek,11372000,USGS,clear creek,flow,mean,87.72857142857143
35,2008,clear creek,11372000,USGS,clear creek,flow,min,86.3
36,2008,clear creek,11372000,USGS,clear creek,flow,max,91.1
36,2008,clear creek,11372000,USGS,clear creek,flow,mean,89.4547619047619
36,2008,clear creek,11372000,USGS,clear creek,flow,min,87.9
37,2008,clear creek,11372000,USGS,clear creek,flow,max,130
37,2008,clear creek,11372000,USGS,clear creek,flow,mean,98.6435479323308
37,2008,clear creek,11372000,USGS,clear creek,flow,min,86.3
38,2008,clear creek,11372000,USGS,clear creek,flow,max,192
38,2008,clear creek,11372000,USGS,clear creek,flow,mean,172.97916666666669
38,2008,clear creek,11372000,USGS,clear creek,flow,min,128
39,2008,clear creek,11372000,USGS,clear creek,flow,max,177
39,2008,clear creek,11372000,USGS,clear creek,flow,mean,168.02827380952382
39,2008,clear creek,11372000,USGS,clear creek,flow,min,166
40,2008,clear creek,11372000,USGS,clear creek,flow,max,358
40,2008,clear creek,11372000,USGS,clear creek,flow,mean,207.77380952380955
40,2008,clear creek,11372000,USGS,clear creek,flow,min,168
41,2008,clear creek,11372000,USGS,clear creek,flow,max,207
41,2008,clear creek,11372000,USGS,clear creek,flow,mean,203.3318452380952
41,2008,clear creek,11372000,USGS,clear creek,flow,min,202
42,2008,clear creek,11372000,USGS,clear creek,flow,max,204
42,2008,clear creek,11372000,USGS,clear creek,flow,mean,201.98363095238093
42,2008,clear creek,11372000,USGS,clear creek,flow,min,199
43,2008,clear creek,11372000,USGS,clear creek,flow,max,204
43,2008,clear creek,11372000,USGS,clear creek,flow,mean,200.74404761904765
43,2008,clear creek,11372000,USGS,clear creek,flow,min,199
44,2008,clear creek,11372000,USGS,clear creek,flow,max,489
44,2008,clear creek,11372000,USGS,clear creek,flow,mean,222.74404761904762
44,2008,clear creek,11372000,USGS,clear creek,flow,min,199
45,2008,clear creek,11372000,USGS,clear creek,flow,max,469
45,2008,clear creek,11372000,USGS,clear creek,flow,mean,219.9241071428571
45,2008,clear creek,11372000,USGS,clear creek,flow,min,202
46,2008,clear creek,11372000,USGS,clear creek,flow,max,710
46,2008,clear creek,11372000,USGS,clear creek,flow,mean,274.20684523809524
46,2008,clear creek,11372000,USGS,clear creek,flow,min,194
47,2008,clear creek,11372000,USGS,clear creek,flow,max,197
47,2008,clear creek,11372000,USGS,clear creek,flow,mean,195.81696428571428
47,2008,clear creek,11372000,USGS,clear creek,flow,min,194
48,2008,clear creek,11372000,USGS,clear creek,flow,max,197
48,2008,clear creek,11372000,USGS,clear creek,flow,mean,195.11607142857142
48,2008,clear creek,11372000,USGS,clear creek,flow,min,194
49,2008,clear creek,11372000,USGS,clear creek,flow,max,197
49,2008,clear creek,11372000,USGS,clear creek,flow,mean,194.15029761904762
49,2008,clear creek,11372000,USGS,clear creek,flow,min,192
50,2008,clear creek,11372000,USGS,clear creek,flow,max,212
50,2008,clear creek,11372000,USGS,clear creek,flow,mean,190.80401785714284
50,2008,clear creek,11372000,USGS,clear creek,flow,min,33
51,2008,clear creek,11372000,USGS,clear creek,flow,max,210
51,2008,clear creek,11372000,USGS,clear creek,flow,mean,203.80654761904765
51,2008,clear creek,11372000,USGS,clear creek,flow,min,202
52,2008,clear creek,11372000,USGS,clear creek,flow,max,300
52,2008,clear creek,11372000,USGS,clear creek,flow,mean,216.17559523809524
52,2008,clear creek,11372000,USGS,clear creek,flow,min,187
53,2008,clear creek,11372000,USGS,clear creek,flow,max,215
53,2008,clear creek,11372000,USGS,clear creek,flow,mean,211.203125
53,2008,clear creek,11372000,USGS,clear creek,flow,min,210
1,2009,clear creek,11372000,USGS,clear creek,flow,max,220
1,2009,clear creek,11372000,USGS,clear creek,flow,mean,209.15625
1,2009,clear creek,11372000,USGS,clear creek,flow,min,204
2,2009,clear creek,11372000,USGS,clear creek,flow,max,220
2,2009,clear creek,11372000,USGS,clear creek,flow,mean,218.01190476190476
2,2009,clear creek,11372000,USGS,clear creek,flow,min,215
3,2009,clear creek,11372000,USGS,clear creek,flow,max,220
3,2009,clear creek,11372000,USGS,clear creek,flow,mean,216.40922619047618
3,2009,clear creek,11372000,USGS,clear creek,flow,min,215
4,2009,clear creek,11372000,USGS,clear creek,flow,max,223
4,2009,clear creek,11372000,USGS,clear creek,flow,mean,217.10416666666669
4,2009,clear creek,11372000,USGS,clear creek,flow,min,215
5,2009,clear creek,11372000,USGS,clear creek,flow,max,218
5,2009,clear creek,11372000,USGS,clear creek,flow,mean,217.24553571428572
5,2009,clear creek,11372000,USGS,clear creek,flow,min,215
6,2009,clear creek,11372000,USGS,clear creek,flow,max,405
6,2009,clear creek,11372000,USGS,clear creek,flow,mean,233.95089285714283
6,2009,clear creek,11372000,USGS,clear creek,flow,min,202
7,2009,clear creek,11372000,USGS,clear creek,flow,max,958
7,2009,clear creek,11372000,USGS,clear creek,flow,mean,475.1711309523809
7,2009,clear creek,11372000,USGS,clear creek,flow,min,248
8,2009,clear creek,11372000,USGS,clear creek,flow,max,2870
8,2009,clear creek,11372000,USGS,clear creek,flow,mean,576.5119047619048
8,2009,clear creek,11372000,USGS,clear creek,flow,min,260
9,2009,clear creek,11372000,USGS,clear creek,flow,max,1280
9,2009,clear creek,11372000,USGS,clear creek,flow,mean,484.33184523809524
9,2009,clear creek,11372000,USGS,clear creek,flow,min,290
10,2009,clear creek,11372000,USGS,clear creek,flow,max,432
10,2009,clear creek,11372000,USGS,clear creek,flow,mean,316.8392857142857
10,2009,clear creek,11372000,USGS,clear creek,flow,min,263
11,2009,clear creek,11372000,USGS,clear creek,flow,max,1010
11,2009,clear creek,11372000,USGS,clear creek,flow,mean,365.7514880952381
11,2009,clear creek,11372000,USGS,clear creek,flow,min,260
12,2009,clear creek,11372000,USGS,clear creek,flow,max,357
12,2009,clear creek,11372000,USGS,clear creek,flow,mean,302.4523809523809
12,2009,clear creek,11372000,USGS,clear creek,flow,min,263
13,2009,clear creek,11372000,USGS,clear creek,flow,max,272
13,2009,clear creek,11372000,USGS,clear creek,flow,mean,259.375
13,2009,clear creek,11372000,USGS,clear creek,flow,min,245
14,2009,clear creek,11372000,USGS,clear creek,flow,max,269
14,2009,clear creek,11372000,USGS,clear creek,flow,mean,248.51488095238096
14,2009,clear creek,11372000,USGS,clear creek,flow,min,240
15,2009,clear creek,11372000,USGS,clear creek,flow,max,659
15,2009,clear creek,11372000,USGS,clear creek,flow,mean,297.23809523809524
15,2009,clear creek,11372000,USGS,clear creek,flow,min,248
16,2009,clear creek,11372000,USGS,clear creek,flow,max,257
16,2009,clear creek,11372000,USGS,clear creek,flow,mean,245.90625
16,2009,clear creek,11372000,USGS,clear creek,flow,min,237
17,2009,clear creek,11372000,USGS,clear creek,flow,max,240
17,2009,clear creek,11372000,USGS,clear creek,flow,mean,231.375
17,2009,clear creek,11372000,USGS,clear creek,flow,min,223
18,2009,clear creek,11372000,USGS,clear creek,flow,max,1360
18,2009,clear creek,11372000,USGS,clear creek,flow,mean,518.3244047619048
18,2009,clear creek,11372000,USGS,clear creek,flow,min,223
19,2009,clear creek,11372000,USGS,clear creek,flow,max,488
19,2009,clear creek,11372000,USGS,clear creek,flow,mean,341.5238095238096
19,2009,clear creek,11372000,USGS,clear creek,flow,min,281
20,2009,clear creek,11372000,USGS,clear creek,flow,max,284
20,2009,clear creek,11372000,USGS,clear creek,flow,mean,268.4017857142857
20,2009,clear creek,11372000,USGS,clear creek,flow,min,228
21,2009,clear creek,11372000,USGS,clear creek,flow,max,263
21,2009,clear creek,11372000,USGS,clear creek,flow,mean,250.51041666666666
21,2009,clear creek,11372000,USGS,clear creek,flow,min,228
22,2009,clear creek,11372000,USGS,clear creek,flow,max,248
22,2009,clear creek,11372000,USGS,clear creek,flow,mean,234.7901785714286
22,2009,clear creek,11372000,USGS,clear creek,flow,min,194
23,2009,clear creek,11372000,USGS,clear creek,flow,max,202
23,2009,clear creek,11372000,USGS,clear creek,flow,mean,179.82770989974938
23,2009,clear creek,11372000,USGS,clear creek,flow,min,170
24,2009,clear creek,11372000,USGS,clear creek,flow,max,412
24,2009,clear creek,11372000,USGS,clear creek,flow,mean,180.91710526315788
24,2009,clear creek,11372000,USGS,clear creek,flow,min,168
25,2009,clear creek,11372000,USGS,clear creek,flow,max,179
25,2009,clear creek,11372000,USGS,clear creek,flow,mean,169.41964285714286
25,2009,clear creek,11372000,USGS,clear creek,flow,min,148
26,2009,clear creek,11372000,USGS,clear creek,flow,max,168
26,2009,clear creek,11372000,USGS,clear creek,flow,mean,151.10863095238093
26,2009,clear creek,11372000,USGS,clear creek,flow,min,141
27,2009,clear creek,11372000,USGS,clear creek,flow,max,159
27,2009,clear creek,11372000,USGS,clear creek,flow,mean,126.37351190476191
27,2009,clear creek,11372000,USGS,clear creek,flow,min,117
28,2009,clear creek,11372000,USGS,clear creek,flow,max,121
28,2009,clear creek,11372000,USGS,clear creek,flow,mean,117.65178571428571
28,2009,clear creek,11372000,USGS,clear creek,flow,min,115
29,2009,clear creek,11372000,USGS,clear creek,flow,max,123
29,2009,clear creek,11372000,USGS,clear creek,flow,mean,115.4077380952381
29,2009,clear creek,11372000,USGS,clear creek,flow,min,113
30,2009,clear creek,11372000,USGS,clear creek,flow,max,119
30,2009,clear creek,11372000,USGS,clear creek,flow,mean,116.95833333333334
30,2009,clear creek,11372000,USGS,clear creek,flow,min,115
31,2009,clear creek,11372000,USGS,clear creek,flow,max,119
31,2009,clear creek,11372000,USGS,clear creek,flow,mean,116.48214285714286
31,2009,clear creek,11372000,USGS,clear creek,flow,min,115
32,2009,clear creek,11372000,USGS,clear creek,flow,max,143
32,2009,clear creek,11372000,USGS,clear creek,flow,mean,117.25446428571429
32,2009,clear creek,11372000,USGS,clear creek,flow,min,103
33,2009,clear creek,11372000,USGS,clear creek,flow,max,127
33,2009,clear creek,11372000,USGS,clear creek,flow,mean,115.63839285714286
33,2009,clear creek,11372000,USGS,clear creek,flow,min,103
34,2009,clear creek,11372000,USGS,clear creek,flow,max,117
34,2009,clear creek,11372000,USGS,clear creek,flow,mean,114.29315476190474
34,2009,clear creek,11372000,USGS,clear creek,flow,min,112
35,2009,clear creek,11372000,USGS,clear creek,flow,max,119
35,2009,clear creek,11372000,USGS,clear creek,flow,mean,114.32440476190474
35,2009,clear creek,11372000,USGS,clear creek,flow,min,113
36,2009,clear creek,11372000,USGS,clear creek,flow,max,119
36,2009,clear creek,11372000,USGS,clear creek,flow,mean,115.01785714285714
36,2009,clear creek,11372000,USGS,clear creek,flow,min,113
37,2009,clear creek,11372000,USGS,clear creek,flow,max,161
37,2009,clear creek,11372000,USGS,clear creek,flow,mean,126.33333333333334
37,2009,clear creek,11372000,USGS,clear creek,flow,min,113
38,2009,clear creek,11372000,USGS,clear creek,flow,max,278
38,2009,clear creek,11372000,USGS,clear creek,flow,mean,258.48958333333337
38,2009,clear creek,11372000,USGS,clear creek,flow,min,159
39,2009,clear creek,11372000,USGS,clear creek,flow,max,278
39,2009,clear creek,11372000,USGS,clear creek,flow,mean,272.83035714285717
39,2009,clear creek,11372000,USGS,clear creek,flow,min,269
40,2009,clear creek,11372000,USGS,clear creek,flow,max,278
40,2009,clear creek,11372000,USGS,clear creek,flow,mean,274.60267857142856
40,2009,clear creek,11372000,USGS,clear creek,flow,min,263
41,2009,clear creek,11372000,USGS,clear creek,flow,max,697
41,2009,clear creek,11372000,USGS,clear creek,flow,mean,298.3080357142857
41,2009,clear creek,11372000,USGS,clear creek,flow,min,272
42,2009,clear creek,11372000,USGS,clear creek,flow,max,1640
42,2009,clear creek,11372000,USGS,clear creek,flow,mean,308.9345238095238
42,2009,clear creek,11372000,USGS,clear creek,flow,min,245
43,2009,clear creek,11372000,USGS,clear creek,flow,max,245
43,2009,clear creek,11372000,USGS,clear creek,flow,mean,231.56994047619045
43,2009,clear creek,11372000,USGS,clear creek,flow,min,212
44,2009,clear creek,11372000,USGS,clear creek,flow,max,218
44,2009,clear creek,11372000,USGS,clear creek,flow,mean,214.32142857142858
44,2009,clear creek,11372000,USGS,clear creek,flow,min,212
45,2009,clear creek,11372000,USGS,clear creek,flow,max,220
45,2009,clear creek,11372000,USGS,clear creek,flow,mean,214.81845238095238
45,2009,clear creek,11372000,USGS,clear creek,flow,min,202
46,2009,clear creek,11372000,USGS,clear creek,flow,max,215
46,2009,clear creek,11372000,USGS,clear creek,flow,mean,211.1994047619048
46,2009,clear creek,11372000,USGS,clear creek,flow,min,210
47,2009,clear creek,11372000,USGS,clear creek,flow,max,228
47,2009,clear creek,11372000,USGS,clear creek,flow,mean,213.0699404761905
47,2009,clear creek,11372000,USGS,clear creek,flow,min,210
48,2009,clear creek,11372000,USGS,clear creek,flow,max,215
48,2009,clear creek,11372000,USGS,clear creek,flow,mean,212.4985119047619
48,2009,clear creek,11372000,USGS,clear creek,flow,min,207
49,2009,clear creek,11372000,USGS,clear creek,flow,max,220
49,2009,clear creek,11372000,USGS,clear creek,flow,mean,212.36011904761904
49,2009,clear creek,11372000,USGS,clear creek,flow,min,204
50,2009,clear creek,11372000,USGS,clear creek,flow,max,736
50,2009,clear creek,11372000,USGS,clear creek,flow,mean,266.4330357142857
50,2009,clear creek,11372000,USGS,clear creek,flow,min,210
51,2009,clear creek,11372000,USGS,clear creek,flow,max,432
51,2009,clear creek,11372000,USGS,clear creek,flow,mean,270.2261904761905
51,2009,clear creek,11372000,USGS,clear creek,flow,min,245
52,2009,clear creek,11372000,USGS,clear creek,flow,max,257
52,2009,clear creek,11372000,USGS,clear creek,flow,mean,243.59970238095238
52,2009,clear creek,11372000,USGS,clear creek,flow,min,237
53,2009,clear creek,11372000,USGS,clear creek,flow,max,248
53,2009,clear creek,11372000,USGS,clear creek,flow,mean,245.125
53,2009,clear creek,11372000,USGS,clear creek,flow,min,242
1,2010,clear creek,11372000,USGS,clear creek,flow,max,777
1,2010,clear creek,11372000,USGS,clear creek,flow,mean,305.40327380952385
1,2010,clear creek,11372000,USGS,clear creek,flow,min,248
2,2010,clear creek,11372000,USGS,clear creek,flow,max,529
2,2010,clear creek,11372000,USGS,clear creek,flow,mean,284.59374999999994
2,2010,clear creek,11372000,USGS,clear creek,flow,min,240
3,2010,clear creek,11372000,USGS,clear creek,flow,max,2630
3,2010,clear creek,11372000,USGS,clear creek,flow,mean,836.3705357142857
3,2010,clear creek,11372000,USGS,clear creek,flow,min,266
4,2010,clear creek,11372000,USGS,clear creek,flow,max,1620
4,2010,clear creek,11372000,USGS,clear creek,flow,mean,980.6770833333333
4,2010,clear creek,11372000,USGS,clear creek,flow,min,438
5,2010,clear creek,11372000,USGS,clear creek,flow,max,447
5,2010,clear creek,11372000,USGS,clear creek,flow,mean,350.3839285714285
5,2010,clear creek,11372000,USGS,clear creek,flow,min,308
6,2010,clear creek,11372000,USGS,clear creek,flow,max,1680
6,2010,clear creek,11372000,USGS,clear creek,flow,mean,611.3571428571429
6,2010,clear creek,11372000,USGS,clear creek,flow,min,393
7,2010,clear creek,11372000,USGS,clear creek,flow,max,652
7,2010,clear creek,11372000,USGS,clear creek,flow,mean,426.9925595238095
7,2010,clear creek,11372000,USGS,clear creek,flow,min,333
8,2010,clear creek,11372000,USGS,clear creek,flow,max,601
8,2010,clear creek,11372000,USGS,clear creek,flow,mean,343.18601190476187
8,2010,clear creek,11372000,USGS,clear creek,flow,min,288
9,2010,clear creek,11372000,USGS,clear creek,flow,max,1000
9,2010,clear creek,11372000,USGS,clear creek,flow,mean,531.78125
9,2010,clear creek,11372000,USGS,clear creek,flow,min,359
10,2010,clear creek,11372000,USGS,clear creek,flow,max,477
10,2010,clear creek,11372000,USGS,clear creek,flow,mean,364.7782738095238
10,2010,clear creek,11372000,USGS,clear creek,flow,min,305
11,2010,clear creek,11372000,USGS,clear creek,flow,max,729
11,2010,clear creek,11372000,USGS,clear creek,flow,mean,335.8050595238095
11,2010,clear creek,11372000,USGS,clear creek,flow,min,288
12,2010,clear creek,11372000,USGS,clear creek,flow,max,291
12,2010,clear creek,11372000,USGS,clear creek,flow,mean,271.8184523809524
12,2010,clear creek,11372000,USGS,clear creek,flow,min,259
13,2010,clear creek,11372000,USGS,clear creek,flow,max,288
13,2010,clear creek,11372000,USGS,clear creek,flow,mean,254.75892857142853
13,2010,clear creek,11372000,USGS,clear creek,flow,min,240
14,2010,clear creek,11372000,USGS,clear creek,flow,max,447
14,2010,clear creek,11372000,USGS,clear creek,flow,mean,280.8511904761905
14,2010,clear creek,11372000,USGS,clear creek,flow,min,243
15,2010,clear creek,11372000,USGS,clear creek,flow,max,1850
15,2010,clear creek,11372000,USGS,clear creek,flow,mean,505.7202380952381
15,2010,clear creek,11372000,USGS,clear creek,flow,min,256
16,2010,clear creek,11372000,USGS,clear creek,flow,max,443
16,2010,clear creek,11372000,USGS,clear creek,flow,mean,360.76339285714283
16,2010,clear creek,11372000,USGS,clear creek,flow,min,315
17,2010,clear creek,11372000,USGS,clear creek,flow,max,652
17,2010,clear creek,11372000,USGS,clear creek,flow,mean,341.05059523809524
17,2010,clear creek,11372000,USGS,clear creek,flow,min,294
18,2010,clear creek,11372000,USGS,clear creek,flow,max,333
18,2010,clear creek,11372000,USGS,clear creek,flow,mean,298.32142857142856
18,2010,clear creek,11372000,USGS,clear creek,flow,min,275
19,2010,clear creek,11372000,USGS,clear creek,flow,max,523
19,2010,clear creek,11372000,USGS,clear creek,flow,mean,287.17113095238096
19,2010,clear creek,11372000,USGS,clear creek,flow,min,268
20,2010,clear creek,11372000,USGS,clear creek,flow,max,581
20,2010,clear creek,11372000,USGS,clear creek,flow,mean,258.4002976190476
20,2010,clear creek,11372000,USGS,clear creek,flow,min,228
21,2010,clear creek,11372000,USGS,clear creek,flow,max,1170
21,2010,clear creek,11372000,USGS,clear creek,flow,mean,542.4196428571429
21,2010,clear creek,11372000,USGS,clear creek,flow,min,220
22,2010,clear creek,11372000,USGS,clear creek,flow,max,994
22,2010,clear creek,11372000,USGS,clear creek,flow,mean,370.2172619047619
22,2010,clear creek,11372000,USGS,clear creek,flow,min,246
23,2010,clear creek,11372000,USGS,clear creek,flow,max,701
23,2010,clear creek,11372000,USGS,clear creek,flow,mean,437.20535714285717
23,2010,clear creek,11372000,USGS,clear creek,flow,min,240
24,2010,clear creek,11372000,USGS,clear creek,flow,max,679
24,2010,clear creek,11372000,USGS,clear creek,flow,mean,276.7395833333333
24,2010,clear creek,11372000,USGS,clear creek,flow,min,174
25,2010,clear creek,11372000,USGS,clear creek,flow,max,198
25,2010,clear creek,11372000,USGS,clear creek,flow,mean,179.66220238095238
25,2010,clear creek,11372000,USGS,clear creek,flow,min,172
26,2010,clear creek,11372000,USGS,clear creek,flow,max,192
26,2010,clear creek,11372000,USGS,clear creek,flow,mean,174.38988095238096
26,2010,clear creek,11372000,USGS,clear creek,flow,min,167
27,2010,clear creek,11372000,USGS,clear creek,flow,max,177
27,2010,clear creek,11372000,USGS,clear creek,flow,mean,167.86755952380955
27,2010,clear creek,11372000,USGS,clear creek,flow,min,162
28,2010,clear creek,11372000,USGS,clear creek,flow,max,169
28,2010,clear creek,11372000,USGS,clear creek,flow,mean,162.22767857142858
28,2010,clear creek,11372000,USGS,clear creek,flow,min,148
29,2010,clear creek,11372000,USGS,clear creek,flow,max,160
29,2010,clear creek,11372000,USGS,clear creek,flow,mean,154.53125
29,2010,clear creek,11372000,USGS,clear creek,flow,min,139
30,2010,clear creek,11372000,USGS,clear creek,flow,max,143
30,2010,clear creek,11372000,USGS,clear creek,flow,mean,139.98214285714286
30,2010,clear creek,11372000,USGS,clear creek,flow,min,137
31,2010,clear creek,11372000,USGS,clear creek,flow,max,141
31,2010,clear creek,11372000,USGS,clear creek,flow,mean,121.7767857142857
31,2010,clear creek,11372000,USGS,clear creek,flow,min,101
32,2010,clear creek,11372000,USGS,clear creek,flow,max,104
32,2010,clear creek,11372000,USGS,clear creek,flow,mean,97.50654761904761
32,2010,clear creek,11372000,USGS,clear creek,flow,min,93.5
33,2010,clear creek,11372000,USGS,clear creek,flow,max,97.1
33,2010,clear creek,11372000,USGS,clear creek,flow,mean,94.99464285714285
33,2010,clear creek,11372000,USGS,clear creek,flow,min,93.5
34,2010,clear creek,11372000,USGS,clear creek,flow,max,101
34,2010,clear creek,11372000,USGS,clear creek,flow,mean,94.08928571428571
34,2010,clear creek,11372000,USGS,clear creek,flow,min,90
35,2010,clear creek,11372000,USGS,clear creek,flow,max,98.9
35,2010,clear creek,11372000,USGS,clear creek,flow,mean,95.01949404761903
35,2010,clear creek,11372000,USGS,clear creek,flow,min,91.8
36,2010,clear creek,11372000,USGS,clear creek,flow,max,101
36,2010,clear creek,11372000,USGS,clear creek,flow,mean,95.09910714285715
36,2010,clear creek,11372000,USGS,clear creek,flow,min,93.5
37,2010,clear creek,11372000,USGS,clear creek,flow,max,157
37,2010,clear creek,11372000,USGS,clear creek,flow,mean,114.5607142857143
37,2010,clear creek,11372000,USGS,clear creek,flow,min,95.3
38,2010,clear creek,11372000,USGS,clear creek,flow,max,225
38,2010,clear creek,11372000,USGS,clear creek,flow,mean,200.67410714285714
38,2010,clear creek,11372000,USGS,clear creek,flow,min,153
39,2010,clear creek,11372000,USGS,clear creek,flow,max,223
39,2010,clear creek,11372000,USGS,clear creek,flow,mean,219.32142857142858
39,2010,clear creek,11372000,USGS,clear creek,flow,min,217
40,2010,clear creek,11372000,USGS,clear creek,flow,max,225
40,2010,clear creek,11372000,USGS,clear creek,flow,mean,220.15029761904762
40,2010,clear creek,11372000,USGS,clear creek,flow,min,217
41,2010,clear creek,11372000,USGS,clear creek,flow,max,220
41,2010,clear creek,11372000,USGS,clear creek,flow,mean,218.60714285714286
41,2010,clear creek,11372000,USGS,clear creek,flow,min,217
42,2010,clear creek,11372000,USGS,clear creek,flow,max,223
42,2010,clear creek,11372000,USGS,clear creek,flow,mean,219.66517857142858
42,2010,clear creek,11372000,USGS,clear creek,flow,min,217
43,2010,clear creek,11372000,USGS,clear creek,flow,max,1080
43,2010,clear creek,11372000,USGS,clear creek,flow,mean,280.4404761904762
43,2010,clear creek,11372000,USGS,clear creek,flow,min,217
44,2010,clear creek,11372000,USGS,clear creek,flow,max,246
44,2010,clear creek,11372000,USGS,clear creek,flow,mean,230.82886904761904
44,2010,clear creek,11372000,USGS,clear creek,flow,min,220
45,2010,clear creek,11372000,USGS,clear creek,flow,max,1020
45,2010,clear creek,11372000,USGS,clear creek,flow,mean,271.9032738095238
45,2010,clear creek,11372000,USGS,clear creek,flow,min,217
46,2010,clear creek,11372000,USGS,clear creek,flow,max,234
46,2010,clear creek,11372000,USGS,clear creek,flow,mean,226.36160714285714
46,2010,clear creek,11372000,USGS,clear creek,flow,min,220
47,2010,clear creek,11372000,USGS,clear creek,flow,max,409
47,2010,clear creek,11372000,USGS,clear creek,flow,mean,256.1636904761905
47,2010,clear creek,11372000,USGS,clear creek,flow,min,220
48,2010,clear creek,11372000,USGS,clear creek,flow,max,268
48,2010,clear creek,11372000,USGS,clear creek,flow,mean,240.5625
48,2010,clear creek,11372000,USGS,clear creek,flow,min,231
49,2010,clear creek,11372000,USGS,clear creek,flow,max,571
49,2010,clear creek,11372000,USGS,clear creek,flow,mean,311.3913690476191
49,2010,clear creek,11372000,USGS,clear creek,flow,min,231
50,2010,clear creek,11372000,USGS,clear creek,flow,max,366
50,2010,clear creek,11372000,USGS,clear creek,flow,mean,294.63690476190476
50,2010,clear creek,11372000,USGS,clear creek,flow,min,262
51,2010,clear creek,11372000,USGS,clear creek,flow,max,780
51,2010,clear creek,11372000,USGS,clear creek,flow,mean,351.6041666666667
51,2010,clear creek,11372000,USGS,clear creek,flow,min,256
52,2010,clear creek,11372000,USGS,clear creek,flow,max,2440
52,2010,clear creek,11372000,USGS,clear creek,flow,mean,543.7232142857143
52,2010,clear creek,11372000,USGS,clear creek,flow,min,301
53,2010,clear creek,11372000,USGS,clear creek,flow,max,460
53,2010,clear creek,11372000,USGS,clear creek,flow,mean,406.0416666666667
53,2010,clear creek,11372000,USGS,clear creek,flow,min,370
1,2011,clear creek,11372000,USGS,clear creek,flow,max,374
1,2011,clear creek,11372000,USGS,clear creek,flow,mean,298.577380952381
1,2011,clear creek,11372000,USGS,clear creek,flow,min,259
2,2011,clear creek,11372000,USGS,clear creek,flow,max,322
2,2011,clear creek,11372000,USGS,clear creek,flow,mean,257.2529761904762
2,2011,clear creek,11372000,USGS,clear creek,flow,min,246
3,2011,clear creek,11372000,USGS,clear creek,flow,max,265
3,2011,clear creek,11372000,USGS,clear creek,flow,mean,252.63095238095235
3,2011,clear creek,11372000,USGS,clear creek,flow,min,243
4,2011,clear creek,11372000,USGS,clear creek,flow,max,246
4,2011,clear creek,11372000,USGS,clear creek,flow,mean,237.94642857142858
4,2011,clear creek,11372000,USGS,clear creek,flow,min,231
5,2011,clear creek,11372000,USGS,clear creek,flow,max,243
5,2011,clear creek,11372000,USGS,clear creek,flow,mean,229.8407738095238
5,2011,clear creek,11372000,USGS,clear creek,flow,min,223
6,2011,clear creek,11372000,USGS,clear creek,flow,max,225
6,2011,clear creek,11372000,USGS,clear creek,flow,mean,223.1547619047619
6,2011,clear creek,11372000,USGS,clear creek,flow,min,220
7,2011,clear creek,11372000,USGS,clear creek,flow,max,668
7,2011,clear creek,11372000,USGS,clear creek,flow,mean,333.0967261904762
7,2011,clear creek,11372000,USGS,clear creek,flow,min,220
8,2011,clear creek,11372000,USGS,clear creek,flow,max,422
8,2011,clear creek,11372000,USGS,clear creek,flow,mean,334.6979166666667
8,2011,clear creek,11372000,USGS,clear creek,flow,min,275
9,2011,clear creek,11372000,USGS,clear creek,flow,max,769
9,2011,clear creek,11372000,USGS,clear creek,flow,mean,353.1398809523809
9,2011,clear creek,11372000,USGS,clear creek,flow,min,262
10,2011,clear creek,11372000,USGS,clear creek,flow,max,378
10,2011,clear creek,11372000,USGS,clear creek,flow,mean,326.2202380952381
10,2011,clear creek,11372000,USGS,clear creek,flow,min,294
11,2011,clear creek,11372000,USGS,clear creek,flow,max,928
11,2011,clear creek,11372000,USGS,clear creek,flow,mean,451.1830357142857
11,2011,clear creek,11372000,USGS,clear creek,flow,min,284
12,2011,clear creek,11372000,USGS,clear creek,flow,max,2110
12,2011,clear creek,11372000,USGS,clear creek,flow,mean,969.2991071428571
12,2011,clear creek,11372000,USGS,clear creek,flow,min,556
13,2011,clear creek,11372000,USGS,clear creek,flow,max,3290
13,2011,clear creek,11372000,USGS,clear creek,flow,mean,782.2113095238097
13,2011,clear creek,11372000,USGS,clear creek,flow,min,418
14,2011,clear creek,11372000,USGS,clear creek,flow,max,434
14,2011,clear creek,11372000,USGS,clear creek,flow,mean,368.66220238095235
14,2011,clear creek,11372000,USGS,clear creek,flow,min,322
15,2011,clear creek,11372000,USGS,clear creek,flow,max,326
15,2011,clear creek,11372000,USGS,clear creek,flow,mean,302.6279761904762
15,2011,clear creek,11372000,USGS,clear creek,flow,min,284
16,2011,clear creek,11372000,USGS,clear creek,flow,max,326
16,2011,clear creek,11372000,USGS,clear creek,flow,mean,283.2886904761905
16,2011,clear creek,11372000,USGS,clear creek,flow,min,271
17,2011,clear creek,11372000,USGS,clear creek,flow,max,284
17,2011,clear creek,11372000,USGS,clear creek,flow,mean,267.0625
17,2011,clear creek,11372000,USGS,clear creek,flow,min,256
18,2011,clear creek,11372000,USGS,clear creek,flow,max,259
18,2011,clear creek,11372000,USGS,clear creek,flow,mean,252.8125
18,2011,clear creek,11372000,USGS,clear creek,flow,min,246
19,2011,clear creek,11372000,USGS,clear creek,flow,max,252
19,2011,clear creek,11372000,USGS,clear creek,flow,mean,243.57589285714286
19,2011,clear creek,11372000,USGS,clear creek,flow,min,217
20,2011,clear creek,11372000,USGS,clear creek,flow,max,571
20,2011,clear creek,11372000,USGS,clear creek,flow,mean,253.90178571428572
20,2011,clear creek,11372000,USGS,clear creek,flow,min,209
21,2011,clear creek,11372000,USGS,clear creek,flow,max,1080
21,2011,clear creek,11372000,USGS,clear creek,flow,mean,524.0982142857142
21,2011,clear creek,11372000,USGS,clear creek,flow,min,214
22,2011,clear creek,11372000,USGS,clear creek,flow,max,443
22,2011,clear creek,11372000,USGS,clear creek,flow,mean,264.4895833333333
22,2011,clear creek,11372000,USGS,clear creek,flow,min,187
23,2011,clear creek,11372000,USGS,clear creek,flow,max,775
23,2011,clear creek,11372000,USGS,clear creek,flow,mean,485.7976190476191
23,2011,clear creek,11372000,USGS,clear creek,flow,min,211
24,2011,clear creek,11372000,USGS,clear creek,flow,max,460
24,2011,clear creek,11372000,USGS,clear creek,flow,mean,242.46874999999997
24,2011,clear creek,11372000,USGS,clear creek,flow,min,179
25,2011,clear creek,11372000,USGS,clear creek,flow,max,184
25,2011,clear creek,11372000,USGS,clear creek,flow,mean,172.03571428571428
25,2011,clear creek,11372000,USGS,clear creek,flow,min,153
26,2011,clear creek,11372000,USGS,clear creek,flow,max,192
26,2011,clear creek,11372000,USGS,clear creek,flow,mean,158.48214285714286
26,2011,clear creek,11372000,USGS,clear creek,flow,min,143
27,2011,clear creek,11372000,USGS,clear creek,flow,max,162
27,2011,clear creek,11372000,USGS,clear creek,flow,mean,138.20386904761907
27,2011,clear creek,11372000,USGS,clear creek,flow,min,118
28,2011,clear creek,11372000,USGS,clear creek,flow,max,128
28,2011,clear creek,11372000,USGS,clear creek,flow,mean,122.14285714285714
28,2011,clear creek,11372000,USGS,clear creek,flow,min,118
29,2011,clear creek,11372000,USGS,clear creek,flow,max,128
29,2011,clear creek,11372000,USGS,clear creek,flow,mean,123.51488095238095
29,2011,clear creek,11372000,USGS,clear creek,flow,min,118
30,2011,clear creek,11372000,USGS,clear creek,flow,max,126
30,2011,clear creek,11372000,USGS,clear creek,flow,mean,121.92559523809521
30,2011,clear creek,11372000,USGS,clear creek,flow,min,116
31,2011,clear creek,11372000,USGS,clear creek,flow,max,124
31,2011,clear creek,11372000,USGS,clear creek,flow,mean,118.78571428571429
31,2011,clear creek,11372000,USGS,clear creek,flow,min,112
32,2011,clear creek,11372000,USGS,clear creek,flow,max,120
32,2011,clear creek,11372000,USGS,clear creek,flow,mean,118.13392857142857
32,2011,clear creek,11372000,USGS,clear creek,flow,min,114
33,2011,clear creek,11372000,USGS,clear creek,flow,max,118
33,2011,clear creek,11372000,USGS,clear creek,flow,mean,116.26785714285712
33,2011,clear creek,11372000,USGS,clear creek,flow,min,114
34,2011,clear creek,11372000,USGS,clear creek,flow,max,122
34,2011,clear creek,11372000,USGS,clear creek,flow,mean,118.26488095238096
34,2011,clear creek,11372000,USGS,clear creek,flow,min,112
35,2011,clear creek,11372000,USGS,clear creek,flow,max,120
35,2011,clear creek,11372000,USGS,clear creek,flow,mean,117.54761904761904
35,2011,clear creek,11372000,USGS,clear creek,flow,min,114
36,2011,clear creek,11372000,USGS,clear creek,flow,max,116
36,2011,clear creek,11372000,USGS,clear creek,flow,mean,114.52678571428571
36,2011,clear creek,11372000,USGS,clear creek,flow,min,112
37,2011,clear creek,11372000,USGS,clear creek,flow,max,169
37,2011,clear creek,11372000,USGS,clear creek,flow,mean,130.71279761904762
37,2011,clear creek,11372000,USGS,clear creek,flow,min,114
38,2011,clear creek,11372000,USGS,clear creek,flow,max,326
38,2011,clear creek,11372000,USGS,clear creek,flow,mean,232.98363095238093
38,2011,clear creek,11372000,USGS,clear creek,flow,min,167
39,2011,clear creek,11372000,USGS,clear creek,flow,max,256
39,2011,clear creek,11372000,USGS,clear creek,flow,mean,242.9702380952381
39,2011,clear creek,11372000,USGS,clear creek,flow,min,240
40,2011,clear creek,11372000,USGS,clear creek,flow,max,294
40,2011,clear creek,11372000,USGS,clear creek,flow,mean,251.24553571428572
40,2011,clear creek,11372000,USGS,clear creek,flow,min,243
41,2011,clear creek,11372000,USGS,clear creek,flow,max,275
41,2011,clear creek,11372000,USGS,clear creek,flow,mean,250.2797619047619
41,2011,clear creek,11372000,USGS,clear creek,flow,min,246
42,2011,clear creek,11372000,USGS,clear creek,flow,max,249
42,2011,clear creek,11372000,USGS,clear creek,flow,mean,246.82142857142858
42,2011,clear creek,11372000,USGS,clear creek,flow,min,243
43,2011,clear creek,11372000,USGS,clear creek,flow,max,249
43,2011,clear creek,11372000,USGS,clear creek,flow,mean,245.61607142857142
43,2011,clear creek,11372000,USGS,clear creek,flow,min,243
44,2011,clear creek,11372000,USGS,clear creek,flow,max,246
44,2011,clear creek,11372000,USGS,clear creek,flow,mean,235.63392857142858
44,2011,clear creek,11372000,USGS,clear creek,flow,min,225
45,2011,clear creek,11372000,USGS,clear creek,flow,max,243
45,2011,clear creek,11372000,USGS,clear creek,flow,mean,227.0922619047619
45,2011,clear creek,11372000,USGS,clear creek,flow,min,217
46,2011,clear creek,11372000,USGS,clear creek,flow,max,228
46,2011,clear creek,11372000,USGS,clear creek,flow,mean,218.76190476190476
46,2011,clear creek,11372000,USGS,clear creek,flow,min,214
47,2011,clear creek,11372000,USGS,clear creek,flow,max,333
47,2011,clear creek,11372000,USGS,clear creek,flow,mean,243.31250000000003
47,2011,clear creek,11372000,USGS,clear creek,flow,min,225
48,2011,clear creek,11372000,USGS,clear creek,flow,max,240
48,2011,clear creek,11372000,USGS,clear creek,flow,mean,232.25446428571428
48,2011,clear creek,11372000,USGS,clear creek,flow,min,225
49,2011,clear creek,11372000,USGS,clear creek,flow,max,231
49,2011,clear creek,11372000,USGS,clear creek,flow,mean,227.87053571428572
49,2011,clear creek,11372000,USGS,clear creek,flow,min,225
50,2011,clear creek,11372000,USGS,clear creek,flow,max,228
50,2011,clear creek,11372000,USGS,clear creek,flow,mean,219.13541666666666
50,2011,clear creek,11372000,USGS,clear creek,flow,min,214
51,2011,clear creek,11372000,USGS,clear creek,flow,max,223
51,2011,clear creek,11372000,USGS,clear creek,flow,mean,216.89732142857142
51,2011,clear creek,11372000,USGS,clear creek,flow,min,214
52,2011,clear creek,11372000,USGS,clear creek,flow,max,223
52,2011,clear creek,11372000,USGS,clear creek,flow,mean,216.78125
52,2011,clear creek,11372000,USGS,clear creek,flow,min,214
53,2011,clear creek,11372000,USGS,clear creek,flow,max,217
53,2011,clear creek,11372000,USGS,clear creek,flow,mean,217
53,2011,clear creek,11372000,USGS,clear creek,flow,min,217
1,2012,clear creek,11372000,USGS,clear creek,flow,max,217
1,2012,clear creek,11372000,USGS,clear creek,flow,mean,216.08928571428572
1,2012,clear creek,11372000,USGS,clear creek,flow,min,214
2,2012,clear creek,11372000,USGS,clear creek,flow,max,217
2,2012,clear creek,11372000,USGS,clear creek,flow,mean,214.87946428571428
2,2012,clear creek,11372000,USGS,clear creek,flow,min,214
3,2012,clear creek,11372000,USGS,clear creek,flow,max,859
3,2012,clear creek,11372000,USGS,clear creek,flow,mean,256.01934523809524
3,2012,clear creek,11372000,USGS,clear creek,flow,min,214
4,2012,clear creek,11372000,USGS,clear creek,flow,max,438
4,2012,clear creek,11372000,USGS,clear creek,flow,mean,273.2083333333333
4,2012,clear creek,11372000,USGS,clear creek,flow,min,234
5,2012,clear creek,11372000,USGS,clear creek,flow,max,237
5,2012,clear creek,11372000,USGS,clear creek,flow,mean,230.32589285714286
5,2012,clear creek,11372000,USGS,clear creek,flow,min,225
6,2012,clear creek,11372000,USGS,clear creek,flow,max,259
6,2012,clear creek,11372000,USGS,clear creek,flow,mean,231.39285714285714
6,2012,clear creek,11372000,USGS,clear creek,flow,min,223
7,2012,clear creek,11372000,USGS,clear creek,flow,max,252
7,2012,clear creek,11372000,USGS,clear creek,flow,mean,232.5
7,2012,clear creek,11372000,USGS,clear creek,flow,min,225
8,2012,clear creek,11372000,USGS,clear creek,flow,max,231
8,2012,clear creek,11372000,USGS,clear creek,flow,mean,226.08333333333331
8,2012,clear creek,11372000,USGS,clear creek,flow,min,223
9,2012,clear creek,11372000,USGS,clear creek,flow,max,262
9,2012,clear creek,11372000,USGS,clear creek,flow,mean,228.1175595238095
9,2012,clear creek,11372000,USGS,clear creek,flow,min,223
10,2012,clear creek,11372000,USGS,clear creek,flow,max,234
10,2012,clear creek,11372000,USGS,clear creek,flow,mean,224.88095238095238
10,2012,clear creek,11372000,USGS,clear creek,flow,min,220
11,2012,clear creek,11372000,USGS,clear creek,flow,max,1700
11,2012,clear creek,11372000,USGS,clear creek,flow,mean,408.5104166666667
11,2012,clear creek,11372000,USGS,clear creek,flow,min,220
12,2012,clear creek,11372000,USGS,clear creek,flow,max,405
12,2012,clear creek,11372000,USGS,clear creek,flow,mean,286.7604166666667
12,2012,clear creek,11372000,USGS,clear creek,flow,min,256
13,2012,clear creek,11372000,USGS,clear creek,flow,max,2090
13,2012,clear creek,11372000,USGS,clear creek,flow,mean,720.422619047619
13,2012,clear creek,11372000,USGS,clear creek,flow,min,291
14,2012,clear creek,11372000,USGS,clear creek,flow,max,816
14,2012,clear creek,11372000,USGS,clear creek,flow,mean,414.422619047619
14,2012,clear creek,11372000,USGS,clear creek,flow,min,308
15,2012,clear creek,11372000,USGS,clear creek,flow,max,601
15,2012,clear creek,11372000,USGS,clear creek,flow,mean,387.9092261904762
15,2012,clear creek,11372000,USGS,clear creek,flow,min,284
16,2012,clear creek,11372000,USGS,clear creek,flow,max,414
16,2012,clear creek,11372000,USGS,clear creek,flow,mean,319.80654761904765
16,2012,clear creek,11372000,USGS,clear creek,flow,min,275
17,2012,clear creek,11372000,USGS,clear creek,flow,max,288
17,2012,clear creek,11372000,USGS,clear creek,flow,mean,268.5595238095238
17,2012,clear creek,11372000,USGS,clear creek,flow,min,256
18,2012,clear creek,11372000,USGS,clear creek,flow,max,288
18,2012,clear creek,11372000,USGS,clear creek,flow,mean,253.5
18,2012,clear creek,11372000,USGS,clear creek,flow,min,246
19,2012,clear creek,11372000,USGS,clear creek,flow,max,252
19,2012,clear creek,11372000,USGS,clear creek,flow,mean,247.54910714285714
19,2012,clear creek,11372000,USGS,clear creek,flow,min,240
20,2012,clear creek,11372000,USGS,clear creek,flow,max,374
20,2012,clear creek,11372000,USGS,clear creek,flow,mean,242.19047619047618
20,2012,clear creek,11372000,USGS,clear creek,flow,min,223
21,2012,clear creek,11372000,USGS,clear creek,flow,max,491
21,2012,clear creek,11372000,USGS,clear creek,flow,mean,380.608630952381
21,2012,clear creek,11372000,USGS,clear creek,flow,min,234
22,2012,clear creek,11372000,USGS,clear creek,flow,max,271
22,2012,clear creek,11372000,USGS,clear creek,flow,mean,227.35119047619045
22,2012,clear creek,11372000,USGS,clear creek,flow,min,220
23,2012,clear creek,11372000,USGS,clear creek,flow,max,1010
23,2012,clear creek,11372000,USGS,clear creek,flow,mean,671.3675595238095
23,2012,clear creek,11372000,USGS,clear creek,flow,min,220
24,2012,clear creek,11372000,USGS,clear creek,flow,max,414
24,2012,clear creek,11372000,USGS,clear creek,flow,mean,245.44642857142858
24,2012,clear creek,11372000,USGS,clear creek,flow,min,203
25,2012,clear creek,11372000,USGS,clear creek,flow,max,243
25,2012,clear creek,11372000,USGS,clear creek,flow,mean,215.0029761904762
25,2012,clear creek,11372000,USGS,clear creek,flow,min,195
26,2012,clear creek,11372000,USGS,clear creek,flow,max,203
26,2012,clear creek,11372000,USGS,clear creek,flow,mean,178.16071428571428
26,2012,clear creek,11372000,USGS,clear creek,flow,min,153
27,2012,clear creek,11372000,USGS,clear creek,flow,max,157
27,2012,clear creek,11372000,USGS,clear creek,flow,mean,138.58779761904762
27,2012,clear creek,11372000,USGS,clear creek,flow,min,126
28,2012,clear creek,11372000,USGS,clear creek,flow,max,192
28,2012,clear creek,11372000,USGS,clear creek,flow,mean,168.6369047619048
28,2012,clear creek,11372000,USGS,clear creek,flow,min,139
29,2012,clear creek,11372000,USGS,clear creek,flow,max,190
29,2012,clear creek,11372000,USGS,clear creek,flow,mean,174.92113095238096
29,2012,clear creek,11372000,USGS,clear creek,flow,min,162
30,2012,clear creek,11372000,USGS,clear creek,flow,max,167
30,2012,clear creek,11372000,USGS,clear creek,flow,mean,127.86309523809523
30,2012,clear creek,11372000,USGS,clear creek,flow,min,83.3
31,2012,clear creek,11372000,USGS,clear creek,flow,max,85
31,2012,clear creek,11372000,USGS,clear creek,flow,mean,82.89791666666666
31,2012,clear creek,11372000,USGS,clear creek,flow,min,81.7
32,2012,clear creek,11372000,USGS,clear creek,flow,max,83.3
32,2012,clear creek,11372000,USGS,clear creek,flow,mean,81.85000000000001
32,2012,clear creek,11372000,USGS,clear creek,flow,min,80.1
33,2012,clear creek,11372000,USGS,clear creek,flow,max,86.6
33,2012,clear creek,11372000,USGS,clear creek,flow,mean,82.04806547619049
33,2012,clear creek,11372000,USGS,clear creek,flow,min,80.1
34,2012,clear creek,11372000,USGS,clear creek,flow,max,83.3
34,2012,clear creek,11372000,USGS,clear creek,flow,mean,81.57619047619048
34,2012,clear creek,11372000,USGS,clear creek,flow,min,80.1
35,2012,clear creek,11372000,USGS,clear creek,flow,max,83.3
35,2012,clear creek,11372000,USGS,clear creek,flow,mean,81.45
35,2012,clear creek,11372000,USGS,clear creek,flow,min,80.1
36,2012,clear creek,11372000,USGS,clear creek,flow,max,83.3
36,2012,clear creek,11372000,USGS,clear creek,flow,mean,82.15067669172933
36,2012,clear creek,11372000,USGS,clear creek,flow,min,80.1
37,2012,clear creek,11372000,USGS,clear creek,flow,max,106
37,2012,clear creek,11372000,USGS,clear creek,flow,mean,85.79047619047618
37,2012,clear creek,11372000,USGS,clear creek,flow,min,80.1
38,2012,clear creek,11372000,USGS,clear creek,flow,max,172
38,2012,clear creek,11372000,USGS,clear creek,flow,mean,125.10000000000001
38,2012,clear creek,11372000,USGS,clear creek,flow,min,97.1
39,2012,clear creek,11372000,USGS,clear creek,flow,max,246
39,2012,clear creek,11372000,USGS,clear creek,flow,mean,212.8095238095238
39,2012,clear creek,11372000,USGS,clear creek,flow,min,167
40,2012,clear creek,11372000,USGS,clear creek,flow,max,243
40,2012,clear creek,11372000,USGS,clear creek,flow,mean,240.51339285714286
40,2012,clear creek,11372000,USGS,clear creek,flow,min,211
41,2012,clear creek,11372000,USGS,clear creek,flow,max,243
41,2012,clear creek,11372000,USGS,clear creek,flow,mean,239.99107142857142
41,2012,clear creek,11372000,USGS,clear creek,flow,min,211
42,2012,clear creek,11372000,USGS,clear creek,flow,max,249
42,2012,clear creek,11372000,USGS,clear creek,flow,mean,238.34821428571428
42,2012,clear creek,11372000,USGS,clear creek,flow,min,234
43,2012,clear creek,11372000,USGS,clear creek,flow,max,249
43,2012,clear creek,11372000,USGS,clear creek,flow,mean,236.21875
43,2012,clear creek,11372000,USGS,clear creek,flow,min,231
44,2012,clear creek,11372000,USGS,clear creek,flow,max,252
44,2012,clear creek,11372000,USGS,clear creek,flow,mean,235.4389880952381
44,2012,clear creek,11372000,USGS,clear creek,flow,min,211
45,2012,clear creek,11372000,USGS,clear creek,flow,max,246
45,2012,clear creek,11372000,USGS,clear creek,flow,mean,240.86160714285714
45,2012,clear creek,11372000,USGS,clear creek,flow,min,237
46,2012,clear creek,11372000,USGS,clear creek,flow,max,278
46,2012,clear creek,11372000,USGS,clear creek,flow,mean,241.88095238095238
46,2012,clear creek,11372000,USGS,clear creek,flow,min,237
47,2012,clear creek,11372000,USGS,clear creek,flow,max,652
47,2012,clear creek,11372000,USGS,clear creek,flow,mean,277.71874999999994
47,2012,clear creek,11372000,USGS,clear creek,flow,min,240
48,2012,clear creek,11372000,USGS,clear creek,flow,max,1300
48,2012,clear creek,11372000,USGS,clear creek,flow,mean,349.3318452380953
48,2012,clear creek,11372000,USGS,clear creek,flow,min,240
49,2012,clear creek,11372000,USGS,clear creek,flow,max,4920
49,2012,clear creek,11372000,USGS,clear creek,flow,mean,545.5699404761905
49,2012,clear creek,11372000,USGS,clear creek,flow,min,270
50,2012,clear creek,11372000,USGS,clear creek,flow,max,270
50,2012,clear creek,11372000,USGS,clear creek,flow,mean,246.61607142857142
50,2012,clear creek,11372000,USGS,clear creek,flow,min,233
51,2012,clear creek,11372000,USGS,clear creek,flow,max,863
51,2012,clear creek,11372000,USGS,clear creek,flow,mean,361.40029761904765
51,2012,clear creek,11372000,USGS,clear creek,flow,min,239
52,2012,clear creek,11372000,USGS,clear creek,flow,max,1750
52,2012,clear creek,11372000,USGS,clear creek,flow,mean,477.61458333333337
52,2012,clear creek,11372000,USGS,clear creek,flow,min,307
53,2012,clear creek,11372000,USGS,clear creek,flow,max,307
53,2012,clear creek,11372000,USGS,clear creek,flow,mean,291.5
53,2012,clear creek,11372000,USGS,clear creek,flow,min,277
1,2013,clear creek,11372000,USGS,clear creek,flow,max,280
1,2013,clear creek,11372000,USGS,clear creek,flow,mean,260.1666666666667
1,2013,clear creek,11372000,USGS,clear creek,flow,min,248
2,2013,clear creek,11372000,USGS,clear creek,flow,max,254
2,2013,clear creek,11372000,USGS,clear creek,flow,mean,247.29910714285714
2,2013,clear creek,11372000,USGS,clear creek,flow,min,239
3,2013,clear creek,11372000,USGS,clear creek,flow,max,242
3,2013,clear creek,11372000,USGS,clear creek,flow,mean,236.07142857142858
3,2013,clear creek,11372000,USGS,clear creek,flow,min,230
4,2013,clear creek,11372000,USGS,clear creek,flow,max,245
4,2013,clear creek,11372000,USGS,clear creek,flow,mean,233.81696428571428
4,2013,clear creek,11372000,USGS,clear creek,flow,min,230
5,2013,clear creek,11372000,USGS,clear creek,flow,max,233
5,2013,clear creek,11372000,USGS,clear creek,flow,mean,227.83928571428572
5,2013,clear creek,11372000,USGS,clear creek,flow,min,224
6,2013,clear creek,11372000,USGS,clear creek,flow,max,297
6,2013,clear creek,11372000,USGS,clear creek,flow,mean,224.32589285714286
6,2013,clear creek,11372000,USGS,clear creek,flow,min,221
7,2013,clear creek,11372000,USGS,clear creek,flow,max,224
7,2013,clear creek,11372000,USGS,clear creek,flow,mean,218.5625
7,2013,clear creek,11372000,USGS,clear creek,flow,min,215
8,2013,clear creek,11372000,USGS,clear creek,flow,max,233
8,2013,clear creek,11372000,USGS,clear creek,flow,mean,219.04464285714286
8,2013,clear creek,11372000,USGS,clear creek,flow,min,215
9,2013,clear creek,11372000,USGS,clear creek,flow,max,221
9,2013,clear creek,11372000,USGS,clear creek,flow,mean,218.27232142857142
9,2013,clear creek,11372000,USGS,clear creek,flow,min,215
10,2013,clear creek,11372000,USGS,clear creek,flow,max,297
10,2013,clear creek,11372000,USGS,clear creek,flow,mean,227.11011904761907
10,2013,clear creek,11372000,USGS,clear creek,flow,min,218
11,2013,clear creek,11372000,USGS,clear creek,flow,max,221
11,2013,clear creek,11372000,USGS,clear creek,flow,mean,216.84375
11,2013,clear creek,11372000,USGS,clear creek,flow,min,212
12,2013,clear creek,11372000,USGS,clear creek,flow,max,239
12,2013,clear creek,11372000,USGS,clear creek,flow,mean,220.63392857142858
12,2013,clear creek,11372000,USGS,clear creek,flow,min,215
13,2013,clear creek,11372000,USGS,clear creek,flow,max,270
13,2013,clear creek,11372000,USGS,clear creek,flow,mean,223.47619047619045
13,2013,clear creek,11372000,USGS,clear creek,flow,min,215
14,2013,clear creek,11372000,USGS,clear creek,flow,max,568
14,2013,clear creek,11372000,USGS,clear creek,flow,mean,273.01339285714283
14,2013,clear creek,11372000,USGS,clear creek,flow,min,224
15,2013,clear creek,11372000,USGS,clear creek,flow,max,1000
15,2013,clear creek,11372000,USGS,clear creek,flow,mean,754.3095238095237
15,2013,clear creek,11372000,USGS,clear creek,flow,min,390
16,2013,clear creek,11372000,USGS,clear creek,flow,max,398
16,2013,clear creek,11372000,USGS,clear creek,flow,mean,231.13988095238093
16,2013,clear creek,11372000,USGS,clear creek,flow,min,193
17,2013,clear creek,11372000,USGS,clear creek,flow,max,221
17,2013,clear creek,11372000,USGS,clear creek,flow,mean,214.20386904761904
17,2013,clear creek,11372000,USGS,clear creek,flow,min,210
18,2013,clear creek,11372000,USGS,clear creek,flow,max,218
18,2013,clear creek,11372000,USGS,clear creek,flow,mean,210.46279761904762
18,2013,clear creek,11372000,USGS,clear creek,flow,min,207
19,2013,clear creek,11372000,USGS,clear creek,flow,max,215
19,2013,clear creek,11372000,USGS,clear creek,flow,mean,210.20238095238096
19,2013,clear creek,11372000,USGS,clear creek,flow,min,207
20,2013,clear creek,11372000,USGS,clear creek,flow,max,218
20,2013,clear creek,11372000,USGS,clear creek,flow,mean,209.70833333333331
20,2013,clear creek,11372000,USGS,clear creek,flow,min,204
21,2013,clear creek,11372000,USGS,clear creek,flow,max,221
21,2013,clear creek,11372000,USGS,clear creek,flow,mean,209.14732142857142
21,2013,clear creek,11372000,USGS,clear creek,flow,min,204
22,2013,clear creek,11372000,USGS,clear creek,flow,max,224
22,2013,clear creek,11372000,USGS,clear creek,flow,mean,208.85416666666669
22,2013,clear creek,11372000,USGS,clear creek,flow,min,201
23,2013,clear creek,11372000,USGS,clear creek,flow,max,207
23,2013,clear creek,11372000,USGS,clear creek,flow,mean,194.9910714285714
23,2013,clear creek,11372000,USGS,clear creek,flow,min,183
24,2013,clear creek,11372000,USGS,clear creek,flow,max,196
24,2013,clear creek,11372000,USGS,clear creek,flow,mean,181.91666666666666
24,2013,clear creek,11372000,USGS,clear creek,flow,min,173
25,2013,clear creek,11372000,USGS,clear creek,flow,max,239
25,2013,clear creek,11372000,USGS,clear creek,flow,mean,177.39136904761904
25,2013,clear creek,11372000,USGS,clear creek,flow,min,165
26,2013,clear creek,11372000,USGS,clear creek,flow,max,454
26,2013,clear creek,11372000,USGS,clear creek,flow,mean,292.88392857142856
26,2013,clear creek,11372000,USGS,clear creek,flow,min,153
27,2013,clear creek,11372000,USGS,clear creek,flow,max,183
27,2013,clear creek,11372000,USGS,clear creek,flow,mean,169.26041666666669
27,2013,clear creek,11372000,USGS,clear creek,flow,min,156
28,2013,clear creek,11372000,USGS,clear creek,flow,max,158
28,2013,clear creek,11372000,USGS,clear creek,flow,mean,133.6800595238095
28,2013,clear creek,11372000,USGS,clear creek,flow,min,115
29,2013,clear creek,11372000,USGS,clear creek,flow,max,144
29,2013,clear creek,11372000,USGS,clear creek,flow,mean,129.39434523809524
29,2013,clear creek,11372000,USGS,clear creek,flow,min,113
30,2013,clear creek,11372000,USGS,clear creek,flow,max,147
30,2013,clear creek,11372000,USGS,clear creek,flow,mean,122.01190476190477
30,2013,clear creek,11372000,USGS,clear creek,flow,min,104
31,2013,clear creek,11372000,USGS,clear creek,flow,max,107
31,2013,clear creek,11372000,USGS,clear creek,flow,mean,105.60714285714286
31,2013,clear creek,11372000,USGS,clear creek,flow,min,104
32,2013,clear creek,11372000,USGS,clear creek,flow,max,109
32,2013,clear creek,11372000,USGS,clear creek,flow,mean,107.27380952380953
32,2013,clear creek,11372000,USGS,clear creek,flow,min,104
33,2013,clear creek,11372000,USGS,clear creek,flow,max,115
33,2013,clear creek,11372000,USGS,clear creek,flow,mean,106.48958333333334
33,2013,clear creek,11372000,USGS,clear creek,flow,min,104
34,2013,clear creek,11372000,USGS,clear creek,flow,max,107
34,2013,clear creek,11372000,USGS,clear creek,flow,mean,103.94791666666667
34,2013,clear creek,11372000,USGS,clear creek,flow,min,100
35,2013,clear creek,11372000,USGS,clear creek,flow,max,106
35,2013,clear creek,11372000,USGS,clear creek,flow,mean,104.10714285714286
35,2013,clear creek,11372000,USGS,clear creek,flow,min,100
36,2013,clear creek,11372000,USGS,clear creek,flow,max,111
36,2013,clear creek,11372000,USGS,clear creek,flow,mean,104.84657738095241
36,2013,clear creek,11372000,USGS,clear creek,flow,min,86.4
37,2013,clear creek,11372000,USGS,clear creek,flow,max,210
37,2013,clear creek,11372000,USGS,clear creek,flow,mean,168.10714285714286
37,2013,clear creek,11372000,USGS,clear creek,flow,min,100
38,2013,clear creek,11372000,USGS,clear creek,flow,max,227
38,2013,clear creek,11372000,USGS,clear creek,flow,mean,209.06994047619045
38,2013,clear creek,11372000,USGS,clear creek,flow,min,207
39,2013,clear creek,11372000,USGS,clear creek,flow,max,218
39,2013,clear creek,11372000,USGS,clear creek,flow,mean,210.59226190476193
39,2013,clear creek,11372000,USGS,clear creek,flow,min,207
40,2013,clear creek,11372000,USGS,clear creek,flow,max,218
40,2013,clear creek,11372000,USGS,clear creek,flow,mean,211.51934523809524
40,2013,clear creek,11372000,USGS,clear creek,flow,min,207
41,2013,clear creek,11372000,USGS,clear creek,flow,max,218
41,2013,clear creek,11372000,USGS,clear creek,flow,mean,211.44345238095238
41,2013,clear creek,11372000,USGS,clear creek,flow,min,210
42,2013,clear creek,11372000,USGS,clear creek,flow,max,215
42,2013,clear creek,11372000,USGS,clear creek,flow,mean,212.75
42,2013,clear creek,11372000,USGS,clear creek,flow,min,207
43,2013,clear creek,11372000,USGS,clear creek,flow,max,218
43,2013,clear creek,11372000,USGS,clear creek,flow,mean,213.95089285714286
43,2013,clear creek,11372000,USGS,clear creek,flow,min,210
44,2013,clear creek,11372000,USGS,clear creek,flow,max,221
44,2013,clear creek,11372000,USGS,clear creek,flow,mean,217.65625
44,2013,clear creek,11372000,USGS,clear creek,flow,min,215
45,2013,clear creek,11372000,USGS,clear creek,flow,max,218
45,2013,clear creek,11372000,USGS,clear creek,flow,mean,213.62499999999997
45,2013,clear creek,11372000,USGS,clear creek,flow,min,180
46,2013,clear creek,11372000,USGS,clear creek,flow,max,215
46,2013,clear creek,11372000,USGS,clear creek,flow,mean,211.68303571428572
46,2013,clear creek,11372000,USGS,clear creek,flow,min,210
47,2013,clear creek,11372000,USGS,clear creek,flow,max,227
47,2013,clear creek,11372000,USGS,clear creek,flow,mean,213.96279761904762
47,2013,clear creek,11372000,USGS,clear creek,flow,min,210
48,2013,clear creek,11372000,USGS,clear creek,flow,max,212
48,2013,clear creek,11372000,USGS,clear creek,flow,mean,209.04166666666666
48,2013,clear creek,11372000,USGS,clear creek,flow,min,207
49,2013,clear creek,11372000,USGS,clear creek,flow,max,212
49,2013,clear creek,11372000,USGS,clear creek,flow,mean,207.29315476190476
49,2013,clear creek,11372000,USGS,clear creek,flow,min,207
50,2013,clear creek,11372000,USGS,clear creek,flow,max,210
50,2013,clear creek,11372000,USGS,clear creek,flow,mean,207.17410714285714
50,2013,clear creek,11372000,USGS,clear creek,flow,min,204
51,2013,clear creek,11372000,USGS,clear creek,flow,max,207
51,2013,clear creek,11372000,USGS,clear creek,flow,mean,206.99107142857142
51,2013,clear creek,11372000,USGS,clear creek,flow,min,204
52,2013,clear creek,11372000,USGS,clear creek,flow,max,207
52,2013,clear creek,11372000,USGS,clear creek,flow,mean,206.70982142857142
52,2013,clear creek,11372000,USGS,clear creek,flow,min,204
53,2013,clear creek,11372000,USGS,clear creek,flow,max,207
53,2013,clear creek,11372000,USGS,clear creek,flow,mean,206.34375
53,2013,clear creek,11372000,USGS,clear creek,flow,min,204
1,2014,clear creek,11372000,USGS,clear creek,flow,max,207
1,2014,clear creek,11372000,USGS,clear creek,flow,mean,204.66517857142858
1,2014,clear creek,11372000,USGS,clear creek,flow,min,201
2,2014,clear creek,11372000,USGS,clear creek,flow,max,207
2,2014,clear creek,11372000,USGS,clear creek,flow,mean,203.85714285714286
2,2014,clear creek,11372000,USGS,clear creek,flow,min,201
3,2014,clear creek,11372000,USGS,clear creek,flow,max,207
3,2014,clear creek,11372000,USGS,clear creek,flow,mean,203.28571428571428
3,2014,clear creek,11372000,USGS,clear creek,flow,min,201
4,2014,clear creek,11372000,USGS,clear creek,flow,max,207
4,2014,clear creek,11372000,USGS,clear creek,flow,mean,202.7574404761905
4,2014,clear creek,11372000,USGS,clear creek,flow,min,180
5,2014,clear creek,11372000,USGS,clear creek,flow,max,207
5,2014,clear creek,11372000,USGS,clear creek,flow,mean,204.25
5,2014,clear creek,11372000,USGS,clear creek,flow,min,201
6,2014,clear creek,11372000,USGS,clear creek,flow,max,332
6,2014,clear creek,11372000,USGS,clear creek,flow,mean,228.91517857142853
6,2014,clear creek,11372000,USGS,clear creek,flow,min,201
7,2014,clear creek,11372000,USGS,clear creek,flow,max,245
7,2014,clear creek,11372000,USGS,clear creek,flow,mean,209.13244047619045
7,2014,clear creek,11372000,USGS,clear creek,flow,min,204
8,2014,clear creek,11372000,USGS,clear creek,flow,max,207
8,2014,clear creek,11372000,USGS,clear creek,flow,mean,200.05357142857142
8,2014,clear creek,11372000,USGS,clear creek,flow,min,196
9,2014,clear creek,11372000,USGS,clear creek,flow,max,1730
9,2014,clear creek,11372000,USGS,clear creek,flow,mean,414.17857142857144
9,2014,clear creek,11372000,USGS,clear creek,flow,min,196
10,2014,clear creek,11372000,USGS,clear creek,flow,max,1930
10,2014,clear creek,11372000,USGS,clear creek,flow,mean,390.64732142857144
10,2014,clear creek,11372000,USGS,clear creek,flow,min,257
11,2014,clear creek,11372000,USGS,clear creek,flow,max,260
11,2014,clear creek,11372000,USGS,clear creek,flow,mean,235.60267857142858
11,2014,clear creek,11372000,USGS,clear creek,flow,min,221
12,2014,clear creek,11372000,USGS,clear creek,flow,max,227
12,2014,clear creek,11372000,USGS,clear creek,flow,mean,219.73214285714286
12,2014,clear creek,11372000,USGS,clear creek,flow,min,191
13,2014,clear creek,11372000,USGS,clear creek,flow,max,818
13,2014,clear creek,11372000,USGS,clear creek,flow,mean,368.76339285714283
13,2014,clear creek,11372000,USGS,clear creek,flow,min,218
14,2014,clear creek,11372000,USGS,clear creek,flow,max,509
14,2014,clear creek,11372000,USGS,clear creek,flow,mean,326.4925595238096
14,2014,clear creek,11372000,USGS,clear creek,flow,min,260
15,2014,clear creek,11372000,USGS,clear creek,flow,max,351
15,2014,clear creek,11372000,USGS,clear creek,flow,mean,257.23065476190476
15,2014,clear creek,11372000,USGS,clear creek,flow,min,239
16,2014,clear creek,11372000,USGS,clear creek,flow,max,436
16,2014,clear creek,11372000,USGS,clear creek,flow,mean,307.4375
16,2014,clear creek,11372000,USGS,clear creek,flow,min,224
17,2014,clear creek,11372000,USGS,clear creek,flow,max,230
17,2014,clear creek,11372000,USGS,clear creek,flow,mean,225.66964285714286
17,2014,clear creek,11372000,USGS,clear creek,flow,min,221
18,2014,clear creek,11372000,USGS,clear creek,flow,max,224
18,2014,clear creek,11372000,USGS,clear creek,flow,mean,218.32142857142858
18,2014,clear creek,11372000,USGS,clear creek,flow,min,215
19,2014,clear creek,11372000,USGS,clear creek,flow,max,233
19,2014,clear creek,11372000,USGS,clear creek,flow,mean,215.99553571428572
19,2014,clear creek,11372000,USGS,clear creek,flow,min,210
20,2014,clear creek,11372000,USGS,clear creek,flow,max,224
20,2014,clear creek,11372000,USGS,clear creek,flow,mean,212.4702380952381
20,2014,clear creek,11372000,USGS,clear creek,flow,min,207
21,2014,clear creek,11372000,USGS,clear creek,flow,max,221
21,2014,clear creek,11372000,USGS,clear creek,flow,mean,210.21577380952382
21,2014,clear creek,11372000,USGS,clear creek,flow,min,204
22,2014,clear creek,11372000,USGS,clear creek,flow,max,212
22,2014,clear creek,11372000,USGS,clear creek,flow,mean,209.32589285714283
22,2014,clear creek,11372000,USGS,clear creek,flow,min,204
23,2014,clear creek,11372000,USGS,clear creek,flow,max,210
23,2014,clear creek,11372000,USGS,clear creek,flow,mean,207.14732142857142
23,2014,clear creek,11372000,USGS,clear creek,flow,min,204
24,2014,clear creek,11372000,USGS,clear creek,flow,max,212
24,2014,clear creek,11372000,USGS,clear creek,flow,mean,206.40476190476193
24,2014,clear creek,11372000,USGS,clear creek,flow,min,204
25,2014,clear creek,11372000,USGS,clear creek,flow,max,943
25,2014,clear creek,11372000,USGS,clear creek,flow,mean,542.7693452380952
25,2014,clear creek,11372000,USGS,clear creek,flow,min,199
26,2014,clear creek,11372000,USGS,clear creek,flow,max,950
26,2014,clear creek,11372000,USGS,clear creek,flow,mean,408.11160714285705
26,2014,clear creek,11372000,USGS,clear creek,flow,min,178
27,2014,clear creek,11372000,USGS,clear creek,flow,max,207
27,2014,clear creek,11372000,USGS,clear creek,flow,mean,203.34523809523807
27,2014,clear creek,11372000,USGS,clear creek,flow,min,199
28,2014,clear creek,11372000,USGS,clear creek,flow,max,207
28,2014,clear creek,11372000,USGS,clear creek,flow,mean,189.55952380952382
28,2014,clear creek,11372000,USGS,clear creek,flow,min,180
29,2014,clear creek,11372000,USGS,clear creek,flow,max,210
29,2014,clear creek,11372000,USGS,clear creek,flow,mean,181.3363095238095
29,2014,clear creek,11372000,USGS,clear creek,flow,min,156
30,2014,clear creek,11372000,USGS,clear creek,flow,max,185
30,2014,clear creek,11372000,USGS,clear creek,flow,mean,178.53125
30,2014,clear creek,11372000,USGS,clear creek,flow,min,175
31,2014,clear creek,11372000,USGS,clear creek,flow,max,183
31,2014,clear creek,11372000,USGS,clear creek,flow,mean,178.4196428571429
31,2014,clear creek,11372000,USGS,clear creek,flow,min,136
32,2014,clear creek,11372000,USGS,clear creek,flow,max,185
32,2014,clear creek,11372000,USGS,clear creek,flow,mean,179.76041666666669
32,2014,clear creek,11372000,USGS,clear creek,flow,min,161
33,2014,clear creek,11372000,USGS,clear creek,flow,max,185
33,2014,clear creek,11372000,USGS,clear creek,flow,mean,181.89583333333334
33,2014,clear creek,11372000,USGS,clear creek,flow,min,180
34,2014,clear creek,11372000,USGS,clear creek,flow,max,183
34,2014,clear creek,11372000,USGS,clear creek,flow,mean,181.6443452380952
34,2014,clear creek,11372000,USGS,clear creek,flow,min,178
35,2014,clear creek,11372000,USGS,clear creek,flow,max,188
35,2014,clear creek,11372000,USGS,clear creek,flow,mean,181.48214285714286
35,2014,clear creek,11372000,USGS,clear creek,flow,min,175
36,2014,clear creek,11372000,USGS,clear creek,flow,max,183
36,2014,clear creek,11372000,USGS,clear creek,flow,mean,181.8095238095238
36,2014,clear creek,11372000,USGS,clear creek,flow,min,178
37,2014,clear creek,11372000,USGS,clear creek,flow,max,185
37,2014,clear creek,11372000,USGS,clear creek,flow,mean,181.50446428571428
37,2014,clear creek,11372000,USGS,clear creek,flow,min,151
38,2014,clear creek,11372000,USGS,clear creek,flow,max,193
38,2014,clear creek,11372000,USGS,clear creek,flow,mean,184.1071428571429
38,2014,clear creek,11372000,USGS,clear creek,flow,min,180
39,2014,clear creek,11372000,USGS,clear creek,flow,max,224
39,2014,clear creek,11372000,USGS,clear creek,flow,mean,188.05208333333331
39,2014,clear creek,11372000,USGS,clear creek,flow,min,183
40,2014,clear creek,11372000,USGS,clear creek,flow,max,188
40,2014,clear creek,11372000,USGS,clear creek,flow,mean,179.22916666666666
40,2014,clear creek,11372000,USGS,clear creek,flow,min,173
41,2014,clear creek,11372000,USGS,clear creek,flow,max,178
41,2014,clear creek,11372000,USGS,clear creek,flow,mean,168.2782738095238
41,2014,clear creek,11372000,USGS,clear creek,flow,min,163
42,2014,clear creek,11372000,USGS,clear creek,flow,max,175
42,2014,clear creek,11372000,USGS,clear creek,flow,mean,166.79315476190476
42,2014,clear creek,11372000,USGS,clear creek,flow,min,165
43,2014,clear creek,11372000,USGS,clear creek,flow,max,287
43,2014,clear creek,11372000,USGS,clear creek,flow,mean,164.82589285714286
43,2014,clear creek,11372000,USGS,clear creek,flow,min,144
44,2014,clear creek,11372000,USGS,clear creek,flow,max,156
44,2014,clear creek,11372000,USGS,clear creek,flow,mean,146.04761904761907
44,2014,clear creek,11372000,USGS,clear creek,flow,min,144
45,2014,clear creek,11372000,USGS,clear creek,flow,max,147
45,2014,clear creek,11372000,USGS,clear creek,flow,mean,144.80803571428572
45,2014,clear creek,11372000,USGS,clear creek,flow,min,144
46,2014,clear creek,11372000,USGS,clear creek,flow,max,151
46,2014,clear creek,11372000,USGS,clear creek,flow,mean,145.99999999999997
46,2014,clear creek,11372000,USGS,clear creek,flow,min,144
47,2014,clear creek,11372000,USGS,clear creek,flow,max,248
47,2014,clear creek,11372000,USGS,clear creek,flow,mean,155.10416666666666
47,2014,clear creek,11372000,USGS,clear creek,flow,min,144
48,2014,clear creek,11372000,USGS,clear creek,flow,max,165
48,2014,clear creek,11372000,USGS,clear creek,flow,mean,152.65327380952382
48,2014,clear creek,11372000,USGS,clear creek,flow,min,144
49,2014,clear creek,11372000,USGS,clear creek,flow,max,863
49,2014,clear creek,11372000,USGS,clear creek,flow,mean,235.20535714285714
49,2014,clear creek,11372000,USGS,clear creek,flow,min,156
50,2014,clear creek,11372000,USGS,clear creek,flow,max,3620
50,2014,clear creek,11372000,USGS,clear creek,flow,mean,541.4285714285713
50,2014,clear creek,11372000,USGS,clear creek,flow,min,204
51,2014,clear creek,11372000,USGS,clear creek,flow,max,2700
51,2014,clear creek,11372000,USGS,clear creek,flow,mean,761.983630952381
51,2014,clear creek,11372000,USGS,clear creek,flow,min,343
52,2014,clear creek,11372000,USGS,clear creek,flow,max,390
52,2014,clear creek,11372000,USGS,clear creek,flow,mean,290.95684523809524
52,2014,clear creek,11372000,USGS,clear creek,flow,min,242
53,2014,clear creek,11372000,USGS,clear creek,flow,max,242
53,2014,clear creek,11372000,USGS,clear creek,flow,mean,242
53,2014,clear creek,11372000,USGS,clear creek,flow,min,242
1,2015,clear creek,11372000,USGS,clear creek,flow,max,239
1,2015,clear creek,11372000,USGS,clear creek,flow,mean,227.12946428571428
1,2015,clear creek,11372000,USGS,clear creek,flow,min,215
2,2015,clear creek,11372000,USGS,clear creek,flow,max,218
2,2015,clear creek,11372000,USGS,clear creek,flow,mean,212.45238095238096
2,2015,clear creek,11372000,USGS,clear creek,flow,min,207
3,2015,clear creek,11372000,USGS,clear creek,flow,max,218
3,2015,clear creek,11372000,USGS,clear creek,flow,mean,207.64285714285714
3,2015,clear creek,11372000,USGS,clear creek,flow,min,201
4,2015,clear creek,11372000,USGS,clear creek,flow,max,207
4,2015,clear creek,11372000,USGS,clear creek,flow,mean,201.40625
4,2015,clear creek,11372000,USGS,clear creek,flow,min,199
5,2015,clear creek,11372000,USGS,clear creek,flow,max,210
5,2015,clear creek,11372000,USGS,clear creek,flow,mean,199.99404761904762
5,2015,clear creek,11372000,USGS,clear creek,flow,min,196
6,2015,clear creek,11372000,USGS,clear creek,flow,max,5050
6,2015,clear creek,11372000,USGS,clear creek,flow,mean,814.0565476190477
6,2015,clear creek,11372000,USGS,clear creek,flow,min,199
7,2015,clear creek,11372000,USGS,clear creek,flow,max,419
7,2015,clear creek,11372000,USGS,clear creek,flow,mean,319.5625
7,2015,clear creek,11372000,USGS,clear creek,flow,min,267
8,2015,clear creek,11372000,USGS,clear creek,flow,max,270
8,2015,clear creek,11372000,USGS,clear creek,flow,mean,251.00297619047618
8,2015,clear creek,11372000,USGS,clear creek,flow,min,233
9,2015,clear creek,11372000,USGS,clear creek,flow,max,242
9,2015,clear creek,11372000,USGS,clear creek,flow,mean,232.5625
9,2015,clear creek,11372000,USGS,clear creek,flow,min,224
10,2015,clear creek,11372000,USGS,clear creek,flow,max,227
10,2015,clear creek,11372000,USGS,clear creek,flow,mean,222.11160714285714
10,2015,clear creek,11372000,USGS,clear creek,flow,min,218
11,2015,clear creek,11372000,USGS,clear creek,flow,max,230
11,2015,clear creek,11372000,USGS,clear creek,flow,mean,220.61003151260505
11,2015,clear creek,11372000,USGS,clear creek,flow,min,215
12,2015,clear creek,11372000,USGS,clear creek,flow,max,239
12,2015,clear creek,11372000,USGS,clear creek,flow,mean,215.9375
12,2015,clear creek,11372000,USGS,clear creek,flow,min,212
13,2015,clear creek,11372000,USGS,clear creek,flow,max,218
13,2015,clear creek,11372000,USGS,clear creek,flow,mean,212.40029761904765
13,2015,clear creek,11372000,USGS,clear creek,flow,min,207
14,2015,clear creek,11372000,USGS,clear creek,flow,max,332
14,2015,clear creek,11372000,USGS,clear creek,flow,mean,224.78720238095235
14,2015,clear creek,11372000,USGS,clear creek,flow,min,207
15,2015,clear creek,11372000,USGS,clear creek,flow,max,236
15,2015,clear creek,11372000,USGS,clear creek,flow,mean,222.69345238095238
15,2015,clear creek,11372000,USGS,clear creek,flow,min,210
16,2015,clear creek,11372000,USGS,clear creek,flow,max,221
16,2015,clear creek,11372000,USGS,clear creek,flow,mean,216.38839285714286
16,2015,clear creek,11372000,USGS,clear creek,flow,min,212
17,2015,clear creek,11372000,USGS,clear creek,flow,max,221
17,2015,clear creek,11372000,USGS,clear creek,flow,mean,215.12202380952382
17,2015,clear creek,11372000,USGS,clear creek,flow,min,210
18,2015,clear creek,11372000,USGS,clear creek,flow,max,215
18,2015,clear creek,11372000,USGS,clear creek,flow,mean,212.58928571428572
18,2015,clear creek,11372000,USGS,clear creek,flow,min,210
19,2015,clear creek,11372000,USGS,clear creek,flow,max,218
19,2015,clear creek,11372000,USGS,clear creek,flow,mean,213.58184523809524
19,2015,clear creek,11372000,USGS,clear creek,flow,min,210
20,2015,clear creek,11372000,USGS,clear creek,flow,max,744
20,2015,clear creek,11372000,USGS,clear creek,flow,mean,326.2604166666667
20,2015,clear creek,11372000,USGS,clear creek,flow,min,191
21,2015,clear creek,11372000,USGS,clear creek,flow,max,889
21,2015,clear creek,11372000,USGS,clear creek,flow,mean,562.4175438596491
21,2015,clear creek,11372000,USGS,clear creek,flow,min,151
22,2015,clear creek,11372000,USGS,clear creek,flow,max,196
22,2015,clear creek,11372000,USGS,clear creek,flow,mean,187.12797619047618
22,2015,clear creek,11372000,USGS,clear creek,flow,min,156
23,2015,clear creek,11372000,USGS,clear creek,flow,max,199
23,2015,clear creek,11372000,USGS,clear creek,flow,mean,189.43005952380955
23,2015,clear creek,11372000,USGS,clear creek,flow,min,185
24,2015,clear creek,11372000,USGS,clear creek,flow,max,390
24,2015,clear creek,11372000,USGS,clear creek,flow,mean,227.13988095238093
24,2015,clear creek,11372000,USGS,clear creek,flow,min,185
25,2015,clear creek,11372000,USGS,clear creek,flow,max,390
25,2015,clear creek,11372000,USGS,clear creek,flow,mean,248.72916666666669
25,2015,clear creek,11372000,USGS,clear creek,flow,min,178
26,2015,clear creek,11372000,USGS,clear creek,flow,max,188
26,2015,clear creek,11372000,USGS,clear creek,flow,mean,179.9985119047619
26,2015,clear creek,11372000,USGS,clear creek,flow,min,178
27,2015,clear creek,11372000,USGS,clear creek,flow,max,183
27,2015,clear creek,11372000,USGS,clear creek,flow,mean,179.44345238095238
27,2015,clear creek,11372000,USGS,clear creek,flow,min,178
28,2015,clear creek,11372000,USGS,clear creek,flow,max,185
28,2015,clear creek,11372000,USGS,clear creek,flow,mean,181.60863095238096
28,2015,clear creek,11372000,USGS,clear creek,flow,min,178
29,2015,clear creek,11372000,USGS,clear creek,flow,max,183
29,2015,clear creek,11372000,USGS,clear creek,flow,mean,179.49702380952382
29,2015,clear creek,11372000,USGS,clear creek,flow,min,175
30,2015,clear creek,11372000,USGS,clear creek,flow,max,183
30,2015,clear creek,11372000,USGS,clear creek,flow,mean,180.72916666666666
30,2015,clear creek,11372000,USGS,clear creek,flow,min,178
31,2015,clear creek,11372000,USGS,clear creek,flow,max,183
31,2015,clear creek,11372000,USGS,clear creek,flow,mean,180.35119047619045
31,2015,clear creek,11372000,USGS,clear creek,flow,min,178
32,2015,clear creek,11372000,USGS,clear creek,flow,max,183
32,2015,clear creek,11372000,USGS,clear creek,flow,mean,180.79166666666669
32,2015,clear creek,11372000,USGS,clear creek,flow,min,178
33,2015,clear creek,11372000,USGS,clear creek,flow,max,188
33,2015,clear creek,11372000,USGS,clear creek,flow,mean,182.14880952380955
33,2015,clear creek,11372000,USGS,clear creek,flow,min,178
34,2015,clear creek,11372000,USGS,clear creek,flow,max,185
34,2015,clear creek,11372000,USGS,clear creek,flow,mean,182.60416666666666
34,2015,clear creek,11372000,USGS,clear creek,flow,min,180
35,2015,clear creek,11372000,USGS,clear creek,flow,max,185
35,2015,clear creek,11372000,USGS,clear creek,flow,mean,183.3452380952381
35,2015,clear creek,11372000,USGS,clear creek,flow,min,180
36,2015,clear creek,11372000,USGS,clear creek,flow,max,188
36,2015,clear creek,11372000,USGS,clear creek,flow,mean,182.35863095238096
36,2015,clear creek,11372000,USGS,clear creek,flow,min,178
37,2015,clear creek,11372000,USGS,clear creek,flow,max,248
37,2015,clear creek,11372000,USGS,clear creek,flow,mean,199.4970238095238
37,2015,clear creek,11372000,USGS,clear creek,flow,min,178
38,2015,clear creek,11372000,USGS,clear creek,flow,max,248
38,2015,clear creek,11372000,USGS,clear creek,flow,mean,240.70982142857142
38,2015,clear creek,11372000,USGS,clear creek,flow,min,236
39,2015,clear creek,11372000,USGS,clear creek,flow,max,251
39,2015,clear creek,11372000,USGS,clear creek,flow,mean,241.20982142857142
39,2015,clear creek,11372000,USGS,clear creek,flow,min,239
40,2015,clear creek,11372000,USGS,clear creek,flow,max,245
40,2015,clear creek,11372000,USGS,clear creek,flow,mean,241.41071428571428
40,2015,clear creek,11372000,USGS,clear creek,flow,min,239
41,2015,clear creek,11372000,USGS,clear creek,flow,max,245
41,2015,clear creek,11372000,USGS,clear creek,flow,mean,241.25
41,2015,clear creek,11372000,USGS,clear creek,flow,min,236
42,2015,clear creek,11372000,USGS,clear creek,flow,max,248
42,2015,clear creek,11372000,USGS,clear creek,flow,mean,241.23214285714286
42,2015,clear creek,11372000,USGS,clear creek,flow,min,239
43,2015,clear creek,11372000,USGS,clear creek,flow,max,242
43,2015,clear creek,11372000,USGS,clear creek,flow,mean,239.40625
43,2015,clear creek,11372000,USGS,clear creek,flow,min,236
44,2015,clear creek,11372000,USGS,clear creek,flow,max,248
44,2015,clear creek,11372000,USGS,clear creek,flow,mean,238.87053571428572
44,2015,clear creek,11372000,USGS,clear creek,flow,min,236
45,2015,clear creek,11372000,USGS,clear creek,flow,max,245
45,2015,clear creek,11372000,USGS,clear creek,flow,mean,239.48214285714286
45,2015,clear creek,11372000,USGS,clear creek,flow,min,236
46,2015,clear creek,11372000,USGS,clear creek,flow,max,248
46,2015,clear creek,11372000,USGS,clear creek,flow,mean,232.50446428571428
46,2015,clear creek,11372000,USGS,clear creek,flow,min,215
47,2015,clear creek,11372000,USGS,clear creek,flow,max,251
47,2015,clear creek,11372000,USGS,clear creek,flow,mean,235.01339285714286
47,2015,clear creek,11372000,USGS,clear creek,flow,min,218
48,2015,clear creek,11372000,USGS,clear creek,flow,max,245
48,2015,clear creek,11372000,USGS,clear creek,flow,mean,242.41517857142858
48,2015,clear creek,11372000,USGS,clear creek,flow,min,239
49,2015,clear creek,11372000,USGS,clear creek,flow,max,277
49,2015,clear creek,11372000,USGS,clear creek,flow,mean,248.69047619047618
49,2015,clear creek,11372000,USGS,clear creek,flow,min,242
50,2015,clear creek,11372000,USGS,clear creek,flow,max,631
50,2015,clear creek,11372000,USGS,clear creek,flow,mean,276.31249999999994
50,2015,clear creek,11372000,USGS,clear creek,flow,min,245
51,2015,clear creek,11372000,USGS,clear creek,flow,max,830
51,2015,clear creek,11372000,USGS,clear creek,flow,mean,315.65029761904765
51,2015,clear creek,11372000,USGS,clear creek,flow,min,245
52,2015,clear creek,11372000,USGS,clear creek,flow,max,280
52,2015,clear creek,11372000,USGS,clear creek,flow,mean,233.62053571428572
52,2015,clear creek,11372000,USGS,clear creek,flow,min,224
53,2015,clear creek,11372000,USGS,clear creek,flow,max,227
53,2015,clear creek,11372000,USGS,clear creek,flow,mean,224.09375
53,2015,clear creek,11372000,USGS,clear creek,flow,min,221
1,2016,clear creek,11372000,USGS,clear creek,flow,max,843
1,2016,clear creek,11372000,USGS,clear creek,flow,mean,307.0580357142857
1,2016,clear creek,11372000,USGS,clear creek,flow,min,218
2,2016,clear creek,11372000,USGS,clear creek,flow,max,686
2,2016,clear creek,11372000,USGS,clear creek,flow,mean,356.48660714285717
2,2016,clear creek,11372000,USGS,clear creek,flow,min,260
3,2016,clear creek,11372000,USGS,clear creek,flow,max,4020
3,2016,clear creek,11372000,USGS,clear creek,flow,mean,812.9747023809523
3,2016,clear creek,11372000,USGS,clear creek,flow,min,386
4,2016,clear creek,11372000,USGS,clear creek,flow,max,1080
4,2016,clear creek,11372000,USGS,clear creek,flow,mean,531.9389880952381
4,2016,clear creek,11372000,USGS,clear creek,flow,min,351
5,2016,clear creek,11372000,USGS,clear creek,flow,max,977
5,2016,clear creek,11372000,USGS,clear creek,flow,mean,418.1622023809524
5,2016,clear creek,11372000,USGS,clear creek,flow,min,307
6,2016,clear creek,11372000,USGS,clear creek,flow,max,311
6,2016,clear creek,11372000,USGS,clear creek,flow,mean,286.5699404761905
6,2016,clear creek,11372000,USGS,clear creek,flow,min,267
7,2016,clear creek,11372000,USGS,clear creek,flow,max,297
7,2016,clear creek,11372000,USGS,clear creek,flow,mean,263.82589285714283
7,2016,clear creek,11372000,USGS,clear creek,flow,min,254
8,2016,clear creek,11372000,USGS,clear creek,flow,max,407
8,2016,clear creek,11372000,USGS,clear creek,flow,mean,280.75446428571433
8,2016,clear creek,11372000,USGS,clear creek,flow,min,260
9,2016,clear creek,11372000,USGS,clear creek,flow,max,260
9,2016,clear creek,11372000,USGS,clear creek,flow,mean,255.50446428571428
9,2016,clear creek,11372000,USGS,clear creek,flow,min,248
10,2016,clear creek,11372000,USGS,clear creek,flow,max,1590
10,2016,clear creek,11372000,USGS,clear creek,flow,mean,454.3125
10,2016,clear creek,11372000,USGS,clear creek,flow,min,248
11,2016,clear creek,11372000,USGS,clear creek,flow,max,4270
11,2016,clear creek,11372000,USGS,clear creek,flow,mean,1544.8288690476195
11,2016,clear creek,11372000,USGS,clear creek,flow,min,620
12,2016,clear creek,11372000,USGS,clear creek,flow,max,625
12,2016,clear creek,11372000,USGS,clear creek,flow,mean,410.3526785714285
12,2016,clear creek,11372000,USGS,clear creek,flow,min,351
13,2016,clear creek,11372000,USGS,clear creek,flow,max,355
13,2016,clear creek,11372000,USGS,clear creek,flow,mean,319.4047619047619
13,2016,clear creek,11372000,USGS,clear creek,flow,min,293
14,2016,clear creek,11372000,USGS,clear creek,flow,max,297
14,2016,clear creek,11372000,USGS,clear creek,flow,mean,285.63392857142856
14,2016,clear creek,11372000,USGS,clear creek,flow,min,270
15,2016,clear creek,11372000,USGS,clear creek,flow,max,286
15,2016,clear creek,11372000,USGS,clear creek,flow,mean,272.14583333333337
15,2016,clear creek,11372000,USGS,clear creek,flow,min,264
16,2016,clear creek,11372000,USGS,clear creek,flow,max,270
16,2016,clear creek,11372000,USGS,clear creek,flow,mean,257.4732142857143
16,2016,clear creek,11372000,USGS,clear creek,flow,min,248
17,2016,clear creek,11372000,USGS,clear creek,flow,max,280
17,2016,clear creek,11372000,USGS,clear creek,flow,mean,253.50744047619045
17,2016,clear creek,11372000,USGS,clear creek,flow,min,242
18,2016,clear creek,11372000,USGS,clear creek,flow,max,248
18,2016,clear creek,11372000,USGS,clear creek,flow,mean,242.41517857142858
18,2016,clear creek,11372000,USGS,clear creek,flow,min,236
19,2016,clear creek,11372000,USGS,clear creek,flow,max,251
19,2016,clear creek,11372000,USGS,clear creek,flow,mean,242.00892857142858
19,2016,clear creek,11372000,USGS,clear creek,flow,min,233
20,2016,clear creek,11372000,USGS,clear creek,flow,max,242
20,2016,clear creek,11372000,USGS,clear creek,flow,mean,235.02232142857142
20,2016,clear creek,11372000,USGS,clear creek,flow,min,227
21,2016,clear creek,11372000,USGS,clear creek,flow,max,443
21,2016,clear creek,11372000,USGS,clear creek,flow,mean,292.6666666666667
21,2016,clear creek,11372000,USGS,clear creek,flow,min,227
22,2016,clear creek,11372000,USGS,clear creek,flow,max,438
22,2016,clear creek,11372000,USGS,clear creek,flow,mean,237.70535714285714
22,2016,clear creek,11372000,USGS,clear creek,flow,min,184
23,2016,clear creek,11372000,USGS,clear creek,flow,max,426
23,2016,clear creek,11372000,USGS,clear creek,flow,mean,260.01339285714283
23,2016,clear creek,11372000,USGS,clear creek,flow,min,181
24,2016,clear creek,11372000,USGS,clear creek,flow,max,422
24,2016,clear creek,11372000,USGS,clear creek,flow,mean,205.6696428571429
24,2016,clear creek,11372000,USGS,clear creek,flow,min,147
25,2016,clear creek,11372000,USGS,clear creek,flow,max,876
25,2016,clear creek,11372000,USGS,clear creek,flow,mean,380.20535714285717
25,2016,clear creek,11372000,USGS,clear creek,flow,min,138
26,2016,clear creek,11372000,USGS,clear creek,flow,max,1040
26,2016,clear creek,11372000,USGS,clear creek,flow,mean,403.52083333333337
26,2016,clear creek,11372000,USGS,clear creek,flow,min,125
27,2016,clear creek,11372000,USGS,clear creek,flow,max,130
27,2016,clear creek,11372000,USGS,clear creek,flow,mean,124.08928571428571
27,2016,clear creek,11372000,USGS,clear creek,flow,min,105
28,2016,clear creek,11372000,USGS,clear creek,flow,max,136
28,2016,clear creek,11372000,USGS,clear creek,flow,mean,98.1659226190476
28,2016,clear creek,11372000,USGS,clear creek,flow,min,75.6
29,2016,clear creek,11372000,USGS,clear creek,flow,max,105
29,2016,clear creek,11372000,USGS,clear creek,flow,mean,96.63348214285715
29,2016,clear creek,11372000,USGS,clear creek,flow,min,92.4
30,2016,clear creek,11372000,USGS,clear creek,flow,max,149
30,2016,clear creek,11372000,USGS,clear creek,flow,mean,124.125
30,2016,clear creek,11372000,USGS,clear creek,flow,min,102
31,2016,clear creek,11372000,USGS,clear creek,flow,max,149
31,2016,clear creek,11372000,USGS,clear creek,flow,mean,146.29613095238096
31,2016,clear creek,11372000,USGS,clear creek,flow,min,136
32,2016,clear creek,11372000,USGS,clear creek,flow,max,161
32,2016,clear creek,11372000,USGS,clear creek,flow,mean,150.34077380952382
32,2016,clear creek,11372000,USGS,clear creek,flow,min,147
33,2016,clear creek,11372000,USGS,clear creek,flow,max,152
33,2016,clear creek,11372000,USGS,clear creek,flow,mean,150.19196428571428
33,2016,clear creek,11372000,USGS,clear creek,flow,min,147
34,2016,clear creek,11372000,USGS,clear creek,flow,max,154
34,2016,clear creek,11372000,USGS,clear creek,flow,mean,149.85863095238096
34,2016,clear creek,11372000,USGS,clear creek,flow,min,140
35,2016,clear creek,11372000,USGS,clear creek,flow,max,159
35,2016,clear creek,11372000,USGS,clear creek,flow,mean,153.13839285714286
35,2016,clear creek,11372000,USGS,clear creek,flow,min,147
36,2016,clear creek,11372000,USGS,clear creek,flow,max,159
36,2016,clear creek,11372000,USGS,clear creek,flow,mean,152.87351190476193
36,2016,clear creek,11372000,USGS,clear creek,flow,min,143
37,2016,clear creek,11372000,USGS,clear creek,flow,max,147
37,2016,clear creek,11372000,USGS,clear creek,flow,mean,144.31845238095238
37,2016,clear creek,11372000,USGS,clear creek,flow,min,140
38,2016,clear creek,11372000,USGS,clear creek,flow,max,233
38,2016,clear creek,11372000,USGS,clear creek,flow,mean,187.17261904761907
38,2016,clear creek,11372000,USGS,clear creek,flow,min,143
39,2016,clear creek,11372000,USGS,clear creek,flow,max,293
39,2016,clear creek,11372000,USGS,clear creek,flow,mean,273.2544642857143
39,2016,clear creek,11372000,USGS,clear creek,flow,min,227
40,2016,clear creek,11372000,USGS,clear creek,flow,max,293
40,2016,clear creek,11372000,USGS,clear creek,flow,mean,254.58035714285714
40,2016,clear creek,11372000,USGS,clear creek,flow,min,242
41,2016,clear creek,11372000,USGS,clear creek,flow,max,257
41,2016,clear creek,11372000,USGS,clear creek,flow,mean,244.45089285714286
41,2016,clear creek,11372000,USGS,clear creek,flow,min,242
42,2016,clear creek,11372000,USGS,clear creek,flow,max,286
42,2016,clear creek,11372000,USGS,clear creek,flow,mean,262.01041666666663
42,2016,clear creek,11372000,USGS,clear creek,flow,min,230
43,2016,clear creek,11372000,USGS,clear creek,flow,max,367
43,2016,clear creek,11372000,USGS,clear creek,flow,mean,250.29761904761904
43,2016,clear creek,11372000,USGS,clear creek,flow,min,219
44,2016,clear creek,11372000,USGS,clear creek,flow,max,658
44,2016,clear creek,11372000,USGS,clear creek,flow,mean,303.33035714285717
44,2016,clear creek,11372000,USGS,clear creek,flow,min,254
45,2016,clear creek,11372000,USGS,clear creek,flow,max,276
45,2016,clear creek,11372000,USGS,clear creek,flow,mean,267.0044642857143
45,2016,clear creek,11372000,USGS,clear creek,flow,min,259
46,2016,clear creek,11372000,USGS,clear creek,flow,max,265
46,2016,clear creek,11372000,USGS,clear creek,flow,mean,261.0877976190476
46,2016,clear creek,11372000,USGS,clear creek,flow,min,258
47,2016,clear creek,11372000,USGS,clear creek,flow,max,588
47,2016,clear creek,11372000,USGS,clear creek,flow,mean,345.08035714285717
47,2016,clear creek,11372000,USGS,clear creek,flow,min,255
48,2016,clear creek,11372000,USGS,clear creek,flow,max,626
48,2016,clear creek,11372000,USGS,clear creek,flow,mean,327.72916666666663
48,2016,clear creek,11372000,USGS,clear creek,flow,min,282
49,2016,clear creek,11372000,USGS,clear creek,flow,max,285
49,2016,clear creek,11372000,USGS,clear creek,flow,mean,275.5729166666667
49,2016,clear creek,11372000,USGS,clear creek,flow,min,268
50,2016,clear creek,11372000,USGS,clear creek,flow,max,2860
50,2016,clear creek,11372000,USGS,clear creek,flow,mean,474.3556547619047
50,2016,clear creek,11372000,USGS,clear creek,flow,min,274
51,2016,clear creek,11372000,USGS,clear creek,flow,max,1290
51,2016,clear creek,11372000,USGS,clear creek,flow,mean,406.8705357142857
51,2016,clear creek,11372000,USGS,clear creek,flow,min,296
52,2016,clear creek,11372000,USGS,clear creek,flow,max,645
52,2016,clear creek,11372000,USGS,clear creek,flow,mean,352.7425595238095
52,2016,clear creek,11372000,USGS,clear creek,flow,min,293
53,2016,clear creek,11372000,USGS,clear creek,flow,max,303
53,2016,clear creek,11372000,USGS,clear creek,flow,mean,295.40104166666663
53,2016,clear creek,11372000,USGS,clear creek,flow,min,289
1,2017,clear creek,11372000,USGS,clear creek,flow,max,477
1,2017,clear creek,11372000,USGS,clear creek,flow,mean,325.50388198757764
1,2017,clear creek,11372000,USGS,clear creek,flow,min,283
2,2017,clear creek,11372000,USGS,clear creek,flow,max,5220
2,2017,clear creek,11372000,USGS,clear creek,flow,mean,860.2738095238094
2,2017,clear creek,11372000,USGS,clear creek,flow,min,352
3,2017,clear creek,11372000,USGS,clear creek,flow,max,2290
3,2017,clear creek,11372000,USGS,clear creek,flow,mean,701.623511904762
3,2017,clear creek,11372000,USGS,clear creek,flow,min,341
4,2017,clear creek,11372000,USGS,clear creek,flow,max,2000
4,2017,clear creek,11372000,USGS,clear creek,flow,mean,700.5758928571429
4,2017,clear creek,11372000,USGS,clear creek,flow,min,410
5,2017,clear creek,11372000,USGS,clear creek,flow,max,1180
5,2017,clear creek,11372000,USGS,clear creek,flow,mean,452.1547619047619
5,2017,clear creek,11372000,USGS,clear creek,flow,min,347
6,2017,clear creek,11372000,USGS,clear creek,flow,max,11700
6,2017,clear creek,11372000,USGS,clear creek,flow,mean,1423.638392857143
6,2017,clear creek,11372000,USGS,clear creek,flow,min,663
7,2017,clear creek,11372000,USGS,clear creek,flow,max,976
7,2017,clear creek,11372000,USGS,clear creek,flow,mean,596.5714285714286
7,2017,clear creek,11372000,USGS,clear creek,flow,min,464
8,2017,clear creek,11372000,USGS,clear creek,flow,max,2620
8,2017,clear creek,11372000,USGS,clear creek,flow,mean,1403.0937499999998
8,2017,clear creek,11372000,USGS,clear creek,flow,min,503
9,2017,clear creek,11372000,USGS,clear creek,flow,max,517
9,2017,clear creek,11372000,USGS,clear creek,flow,mean,416.4464285714285
9,2017,clear creek,11372000,USGS,clear creek,flow,min,363
10,2017,clear creek,11372000,USGS,clear creek,flow,max,375
10,2017,clear creek,11372000,USGS,clear creek,flow,mean,343.99404761904765
10,2017,clear creek,11372000,USGS,clear creek,flow,min,299
11,2017,clear creek,11372000,USGS,clear creek,flow,max,327
11,2017,clear creek,11372000,USGS,clear creek,flow,mean,315.1309523809524
11,2017,clear creek,11372000,USGS,clear creek,flow,min,306
12,2017,clear creek,11372000,USGS,clear creek,flow,max,1500
12,2017,clear creek,11372000,USGS,clear creek,flow,mean,466.77976190476187
12,2017,clear creek,11372000,USGS,clear creek,flow,min,303
13,2017,clear creek,11372000,USGS,clear creek,flow,max,813
13,2017,clear creek,11372000,USGS,clear creek,flow,mean,469.15624999999994
13,2017,clear creek,11372000,USGS,clear creek,flow,min,364
14,2017,clear creek,11372000,USGS,clear creek,flow,max,641
14,2017,clear creek,11372000,USGS,clear creek,flow,mean,394.452380952381
14,2017,clear creek,11372000,USGS,clear creek,flow,min,331
15,2017,clear creek,11372000,USGS,clear creek,flow,max,501
15,2017,clear creek,11372000,USGS,clear creek,flow,mean,420.3839285714286
15,2017,clear creek,11372000,USGS,clear creek,flow,min,380
16,2017,clear creek,11372000,USGS,clear creek,flow,max,1140
16,2017,clear creek,11372000,USGS,clear creek,flow,mean,503.3958333333333
16,2017,clear creek,11372000,USGS,clear creek,flow,min,380
17,2017,clear creek,11372000,USGS,clear creek,flow,max,408
17,2017,clear creek,11372000,USGS,clear creek,flow,mean,369.36458333333337
17,2017,clear creek,11372000,USGS,clear creek,flow,min,334
18,2017,clear creek,11372000,USGS,clear creek,flow,max,344
18,2017,clear creek,11372000,USGS,clear creek,flow,mean,326.85565476190476
18,2017,clear creek,11372000,USGS,clear creek,flow,min,311
19,2017,clear creek,11372000,USGS,clear creek,flow,max,324
19,2017,clear creek,11372000,USGS,clear creek,flow,mean,307.09970238095235
19,2017,clear creek,11372000,USGS,clear creek,flow,min,298
20,2017,clear creek,11372000,USGS,clear creek,flow,max,311
20,2017,clear creek,11372000,USGS,clear creek,flow,mean,296.4092261904762
20,2017,clear creek,11372000,USGS,clear creek,flow,min,285
21,2017,clear creek,11372000,USGS,clear creek,flow,max,291
21,2017,clear creek,11372000,USGS,clear creek,flow,mean,279.78125
21,2017,clear creek,11372000,USGS,clear creek,flow,min,214
22,2017,clear creek,11372000,USGS,clear creek,flow,max,231
22,2017,clear creek,11372000,USGS,clear creek,flow,mean,198.32291666666666
22,2017,clear creek,11372000,USGS,clear creek,flow,min,173
23,2017,clear creek,11372000,USGS,clear creek,flow,max,696
23,2017,clear creek,11372000,USGS,clear creek,flow,mean,392.23660714285717
23,2017,clear creek,11372000,USGS,clear creek,flow,min,171
24,2017,clear creek,11372000,USGS,clear creek,flow,max,188
24,2017,clear creek,11372000,USGS,clear creek,flow,mean,156.30654761904765
24,2017,clear creek,11372000,USGS,clear creek,flow,min,141
25,2017,clear creek,11372000,USGS,clear creek,flow,max,807
25,2017,clear creek,11372000,USGS,clear creek,flow,mean,474.8482142857142
25,2017,clear creek,11372000,USGS,clear creek,flow,min,163
26,2017,clear creek,11372000,USGS,clear creek,flow,max,203
26,2017,clear creek,11372000,USGS,clear creek,flow,mean,164.36755952380955
26,2017,clear creek,11372000,USGS,clear creek,flow,min,147
27,2017,clear creek,11372000,USGS,clear creek,flow,max,161
27,2017,clear creek,11372000,USGS,clear creek,flow,mean,154.3869047619048
27,2017,clear creek,11372000,USGS,clear creek,flow,min,143
28,2017,clear creek,11372000,USGS,clear creek,flow,max,154
28,2017,clear creek,11372000,USGS,clear creek,flow,mean,152.68154761904762
28,2017,clear creek,11372000,USGS,clear creek,flow,min,150
29,2017,clear creek,11372000,USGS,clear creek,flow,max,156
29,2017,clear creek,11372000,USGS,clear creek,flow,mean,149.80357142857142
29,2017,clear creek,11372000,USGS,clear creek,flow,min,143
30,2017,clear creek,11372000,USGS,clear creek,flow,max,145
30,2017,clear creek,11372000,USGS,clear creek,flow,mean,137.71875
30,2017,clear creek,11372000,USGS,clear creek,flow,min,128
31,2017,clear creek,11372000,USGS,clear creek,flow,max,145
31,2017,clear creek,11372000,USGS,clear creek,flow,mean,134.98958333333331
31,2017,clear creek,11372000,USGS,clear creek,flow,min,126
32,2017,clear creek,11372000,USGS,clear creek,flow,max,145
32,2017,clear creek,11372000,USGS,clear creek,flow,mean,142.4077380952381
32,2017,clear creek,11372000,USGS,clear creek,flow,min,139
33,2017,clear creek,11372000,USGS,clear creek,flow,max,143
33,2017,clear creek,11372000,USGS,clear creek,flow,mean,141.33035714285714
33,2017,clear creek,11372000,USGS,clear creek,flow,min,139
34,2017,clear creek,11372000,USGS,clear creek,flow,max,143
34,2017,clear creek,11372000,USGS,clear creek,flow,mean,140.859335839599
34,2017,clear creek,11372000,USGS,clear creek,flow,min,139
35,2017,clear creek,11372000,USGS,clear creek,flow,max,161
35,2017,clear creek,11372000,USGS,clear creek,flow,mean,143.72470238095238
35,2017,clear creek,11372000,USGS,clear creek,flow,min,139
36,2017,clear creek,11372000,USGS,clear creek,flow,max,168
36,2017,clear creek,11372000,USGS,clear creek,flow,mean,161.07589285714286
36,2017,clear creek,11372000,USGS,clear creek,flow,min,156
37,2017,clear creek,11372000,USGS,clear creek,flow,max,166
37,2017,clear creek,11372000,USGS,clear creek,flow,mean,162.1238354037267
37,2017,clear creek,11372000,USGS,clear creek,flow,min,159
38,2017,clear creek,11372000,USGS,clear creek,flow,max,166
38,2017,clear creek,11372000,USGS,clear creek,flow,mean,163.38839285714286
38,2017,clear creek,11372000,USGS,clear creek,flow,min,161
39,2017,clear creek,11372000,USGS,clear creek,flow,max,168
39,2017,clear creek,11372000,USGS,clear creek,flow,mean,164.6994047619048
39,2017,clear creek,11372000,USGS,clear creek,flow,min,161
40,2017,clear creek,11372000,USGS,clear creek,flow,max,201
40,2017,clear creek,11372000,USGS,clear creek,flow,mean,187.82738095238096
40,2017,clear creek,11372000,USGS,clear creek,flow,min,156
41,2017,clear creek,11372000,USGS,clear creek,flow,max,214
41,2017,clear creek,11372000,USGS,clear creek,flow,mean,199.84821428571428
41,2017,clear creek,11372000,USGS,clear creek,flow,min,196
42,2017,clear creek,11372000,USGS,clear creek,flow,max,220
42,2017,clear creek,11372000,USGS,clear creek,flow,mean,211.59375
42,2017,clear creek,11372000,USGS,clear creek,flow,min,209
43,2017,clear creek,11372000,USGS,clear creek,flow,max,214
43,2017,clear creek,11372000,USGS,clear creek,flow,mean,210.49404761904762
43,2017,clear creek,11372000,USGS,clear creek,flow,min,209
44,2017,clear creek,11372000,USGS,clear creek,flow,max,282
44,2017,clear creek,11372000,USGS,clear creek,flow,mean,212.67261904761907
44,2017,clear creek,11372000,USGS,clear creek,flow,min,209
45,2017,clear creek,11372000,USGS,clear creek,flow,max,220
45,2017,clear creek,11372000,USGS,clear creek,flow,mean,212.60863095238093
45,2017,clear creek,11372000,USGS,clear creek,flow,min,209
46,2017,clear creek,11372000,USGS,clear creek,flow,max,304
46,2017,clear creek,11372000,USGS,clear creek,flow,mean,221.0654761904762
46,2017,clear creek,11372000,USGS,clear creek,flow,min,209
47,2017,clear creek,11372000,USGS,clear creek,flow,max,242
47,2017,clear creek,11372000,USGS,clear creek,flow,mean,217.57291666666666
47,2017,clear creek,11372000,USGS,clear creek,flow,min,211
48,2017,clear creek,11372000,USGS,clear creek,flow,max,254
48,2017,clear creek,11372000,USGS,clear creek,flow,mean,218.69642857142858
48,2017,clear creek,11372000,USGS,clear creek,flow,min,211
49,2017,clear creek,11372000,USGS,clear creek,flow,max,220
49,2017,clear creek,11372000,USGS,clear creek,flow,mean,212.42410714285714
49,2017,clear creek,11372000,USGS,clear creek,flow,min,209
50,2017,clear creek,11372000,USGS,clear creek,flow,max,214
50,2017,clear creek,11372000,USGS,clear creek,flow,mean,211.79464285714286
50,2017,clear creek,11372000,USGS,clear creek,flow,min,211
51,2017,clear creek,11372000,USGS,clear creek,flow,max,214
51,2017,clear creek,11372000,USGS,clear creek,flow,mean,212.49553571428572
51,2017,clear creek,11372000,USGS,clear creek,flow,min,211
52,2017,clear creek,11372000,USGS,clear creek,flow,max,222
52,2017,clear creek,11372000,USGS,clear creek,flow,mean,212.2574404761905
52,2017,clear creek,11372000,USGS,clear creek,flow,min,211
53,2017,clear creek,11372000,USGS,clear creek,flow,max,211
53,2017,clear creek,11372000,USGS,clear creek,flow,mean,211
53,2017,clear creek,11372000,USGS,clear creek,flow,min,211
1,2018,clear creek,11372000,USGS,clear creek,flow,max,234
1,2018,clear creek,11372000,USGS,clear creek,flow,mean,216.49255952380955
1,2018,clear creek,11372000,USGS,clear creek,flow,min,211
2,2018,clear creek,11372000,USGS,clear creek,flow,max,245
2,2018,clear creek,11372000,USGS,clear creek,flow,mean,221.85416666666666
2,2018,clear creek,11372000,USGS,clear creek,flow,min,214
3,2018,clear creek,11372000,USGS,clear creek,flow,max,225
3,2018,clear creek,11372000,USGS,clear creek,flow,mean,217.38988095238096
3,2018,clear creek,11372000,USGS,clear creek,flow,min,214
4,2018,clear creek,11372000,USGS,clear creek,flow,max,266
4,2018,clear creek,11372000,USGS,clear creek,flow,mean,234.69196428571428
4,2018,clear creek,11372000,USGS,clear creek,flow,min,217
5,2018,clear creek,11372000,USGS,clear creek,flow,max,222
5,2018,clear creek,11372000,USGS,clear creek,flow,mean,217.21130952380955
5,2018,clear creek,11372000,USGS,clear creek,flow,min,156
6,2018,clear creek,11372000,USGS,clear creek,flow,max,217
6,2018,clear creek,11372000,USGS,clear creek,flow,mean,209.95684523809524
6,2018,clear creek,11372000,USGS,clear creek,flow,min,188
7,2018,clear creek,11372000,USGS,clear creek,flow,max,211
7,2018,clear creek,11372000,USGS,clear creek,flow,mean,209.04166666666666
7,2018,clear creek,11372000,USGS,clear creek,flow,min,206
8,2018,clear creek,11372000,USGS,clear creek,flow,max,211
8,2018,clear creek,11372000,USGS,clear creek,flow,mean,208.95684523809527
8,2018,clear creek,11372000,USGS,clear creek,flow,min,206
9,2018,clear creek,11372000,USGS,clear creek,flow,max,617
9,2018,clear creek,11372000,USGS,clear creek,flow,mean,236.3764880952381
9,2018,clear creek,11372000,USGS,clear creek,flow,min,198
10,2018,clear creek,11372000,USGS,clear creek,flow,max,225
10,2018,clear creek,11372000,USGS,clear creek,flow,mean,218.59226190476193
10,2018,clear creek,11372000,USGS,clear creek,flow,min,214
11,2018,clear creek,11372000,USGS,clear creek,flow,max,733
11,2018,clear creek,11372000,USGS,clear creek,flow,mean,266.89732142857144
11,2018,clear creek,11372000,USGS,clear creek,flow,min,214
12,2018,clear creek,11372000,USGS,clear creek,flow,max,360
12,2018,clear creek,11372000,USGS,clear creek,flow,mean,258.46726190476187
12,2018,clear creek,11372000,USGS,clear creek,flow,min,225
13,2018,clear creek,11372000,USGS,clear creek,flow,max,248
13,2018,clear creek,11372000,USGS,clear creek,flow,mean,231.32142857142858
13,2018,clear creek,11372000,USGS,clear creek,flow,min,222
14,2018,clear creek,11372000,USGS,clear creek,flow,max,1210
14,2018,clear creek,11372000,USGS,clear creek,flow,mean,316.1919642857143
14,2018,clear creek,11372000,USGS,clear creek,flow,min,217
15,2018,clear creek,11372000,USGS,clear creek,flow,max,304
15,2018,clear creek,11372000,USGS,clear creek,flow,mean,251.59970238095235
15,2018,clear creek,11372000,USGS,clear creek,flow,min,231
16,2018,clear creek,11372000,USGS,clear creek,flow,max,237
16,2018,clear creek,11372000,USGS,clear creek,flow,mean,215.6220238095238
16,2018,clear creek,11372000,USGS,clear creek,flow,min,183
17,2018,clear creek,11372000,USGS,clear creek,flow,max,203
17,2018,clear creek,11372000,USGS,clear creek,flow,mean,200.31845238095235
17,2018,clear creek,11372000,USGS,clear creek,flow,min,196
18,2018,clear creek,11372000,USGS,clear creek,flow,max,203
18,2018,clear creek,11372000,USGS,clear creek,flow,mean,198.71130952380955
18,2018,clear creek,11372000,USGS,clear creek,flow,min,196
19,2018,clear creek,11372000,USGS,clear creek,flow,max,201
19,2018,clear creek,11372000,USGS,clear creek,flow,mean,197.8839285714286
19,2018,clear creek,11372000,USGS,clear creek,flow,min,193
20,2018,clear creek,11372000,USGS,clear creek,flow,max,225
20,2018,clear creek,11372000,USGS,clear creek,flow,mean,196.5922619047619
20,2018,clear creek,11372000,USGS,clear creek,flow,min,168
21,2018,clear creek,11372000,USGS,clear creek,flow,max,198
21,2018,clear creek,11372000,USGS,clear creek,flow,mean,174.46726190476193
21,2018,clear creek,11372000,USGS,clear creek,flow,min,152
22,2018,clear creek,11372000,USGS,clear creek,flow,max,386
22,2018,clear creek,11372000,USGS,clear creek,flow,mean,176.39732142857142
22,2018,clear creek,11372000,USGS,clear creek,flow,min,147
23,2018,clear creek,11372000,USGS,clear creek,flow,max,687
23,2018,clear creek,11372000,USGS,clear creek,flow,mean,354.36160714285717
23,2018,clear creek,11372000,USGS,clear creek,flow,min,159
24,2018,clear creek,11372000,USGS,clear creek,flow,max,438
24,2018,clear creek,11372000,USGS,clear creek,flow,mean,178.0431547619048
24,2018,clear creek,11372000,USGS,clear creek,flow,min,145
25,2018,clear creek,11372000,USGS,clear creek,flow,max,917
25,2018,clear creek,11372000,USGS,clear creek,flow,mean,481.8511904761905
25,2018,clear creek,11372000,USGS,clear creek,flow,min,156
26,2018,clear creek,11372000,USGS,clear creek,flow,max,161
26,2018,clear creek,11372000,USGS,clear creek,flow,mean,147.99404761904765
26,2018,clear creek,11372000,USGS,clear creek,flow,min,145
27,2018,clear creek,11372000,USGS,clear creek,flow,max,150
27,2018,clear creek,11372000,USGS,clear creek,flow,mean,145.80505952380955
27,2018,clear creek,11372000,USGS,clear creek,flow,min,143
28,2018,clear creek,11372000,USGS,clear creek,flow,max,152
28,2018,clear creek,11372000,USGS,clear creek,flow,mean,145.49999999999997
28,2018,clear creek,11372000,USGS,clear creek,flow,min,143
29,2018,clear creek,11372000,USGS,clear creek,flow,max,147
29,2018,clear creek,11372000,USGS,clear creek,flow,mean,145.72619047619048
29,2018,clear creek,11372000,USGS,clear creek,flow,min,143
30,2018,clear creek,11372000,USGS,clear creek,flow,max,237
30,2018,clear creek,11372000,USGS,clear creek,flow,mean,133.83779761904762
30,2018,clear creek,11372000,USGS,clear creek,flow,min,116
31,2018,clear creek,11372000,USGS,clear creek,flow,max,120
31,2018,clear creek,11372000,USGS,clear creek,flow,mean,118.17559523809523
31,2018,clear creek,11372000,USGS,clear creek,flow,min,116
32,2018,clear creek,11372000,USGS,clear creek,flow,max,147
32,2018,clear creek,11372000,USGS,clear creek,flow,mean,135.76190476190476
32,2018,clear creek,11372000,USGS,clear creek,flow,min,116
33,2018,clear creek,11372000,USGS,clear creek,flow,max,150
33,2018,clear creek,11372000,USGS,clear creek,flow,mean,144.38690476190476
33,2018,clear creek,11372000,USGS,clear creek,flow,min,137
34,2018,clear creek,11372000,USGS,clear creek,flow,max,163
34,2018,clear creek,11372000,USGS,clear creek,flow,mean,144.65625000000003
34,2018,clear creek,11372000,USGS,clear creek,flow,min,128
35,2018,clear creek,11372000,USGS,clear creek,flow,max,193
35,2018,clear creek,11372000,USGS,clear creek,flow,mean,155.8779761904762
35,2018,clear creek,11372000,USGS,clear creek,flow,min,143
36,2018,clear creek,11372000,USGS,clear creek,flow,max,180
36,2018,clear creek,11372000,USGS,clear creek,flow,mean,177.16666666666666
36,2018,clear creek,11372000,USGS,clear creek,flow,min,173
37,2018,clear creek,11372000,USGS,clear creek,flow,max,183
37,2018,clear creek,11372000,USGS,clear creek,flow,mean,179.25595238095238
37,2018,clear creek,11372000,USGS,clear creek,flow,min,175
38,2018,clear creek,11372000,USGS,clear creek,flow,max,214
38,2018,clear creek,11372000,USGS,clear creek,flow,mean,206.80208333333331
38,2018,clear creek,11372000,USGS,clear creek,flow,min,178
39,2018,clear creek,11372000,USGS,clear creek,flow,max,214
39,2018,clear creek,11372000,USGS,clear creek,flow,mean,208.44642857142853
39,2018,clear creek,11372000,USGS,clear creek,flow,min,173
40,2018,clear creek,11372000,USGS,clear creek,flow,max,613
40,2018,clear creek,11372000,USGS,clear creek,flow,mean,207.98214285714286
40,2018,clear creek,11372000,USGS,clear creek,flow,min,185
41,2018,clear creek,11372000,USGS,clear creek,flow,max,231
41,2018,clear creek,11372000,USGS,clear creek,flow,mean,218.68154761904765
41,2018,clear creek,11372000,USGS,clear creek,flow,min,190
42,2018,clear creek,11372000,USGS,clear creek,flow,max,228
42,2018,clear creek,11372000,USGS,clear creek,flow,mean,201.81845238095238
42,2018,clear creek,11372000,USGS,clear creek,flow,min,190
43,2018,clear creek,11372000,USGS,clear creek,flow,max,239
43,2018,clear creek,11372000,USGS,clear creek,flow,mean,220.48660714285714
43,2018,clear creek,11372000,USGS,clear creek,flow,min,209
44,2018,clear creek,11372000,USGS,clear creek,flow,max,242
44,2018,clear creek,11372000,USGS,clear creek,flow,mean,235.92708333333331
44,2018,clear creek,11372000,USGS,clear creek,flow,min,231
45,2018,clear creek,11372000,USGS,clear creek,flow,max,234
45,2018,clear creek,11372000,USGS,clear creek,flow,mean,231.75892857142858
45,2018,clear creek,11372000,USGS,clear creek,flow,min,228
46,2018,clear creek,11372000,USGS,clear creek,flow,max,234
46,2018,clear creek,11372000,USGS,clear creek,flow,mean,231.99553571428572
46,2018,clear creek,11372000,USGS,clear creek,flow,min,231
47,2018,clear creek,11372000,USGS,clear creek,flow,max,526
47,2018,clear creek,11372000,USGS,clear creek,flow,mean,254.8050595238095
47,2018,clear creek,11372000,USGS,clear creek,flow,min,228
48,2018,clear creek,11372000,USGS,clear creek,flow,max,1340
48,2018,clear creek,11372000,USGS,clear creek,flow,mean,309.4017857142857
48,2018,clear creek,11372000,USGS,clear creek,flow,min,235
49,2018,clear creek,11372000,USGS,clear creek,flow,max,238
49,2018,clear creek,11372000,USGS,clear creek,flow,mean,230.52678571428572
49,2018,clear creek,11372000,USGS,clear creek,flow,min,225
50,2018,clear creek,11372000,USGS,clear creek,flow,max,520
50,2018,clear creek,11372000,USGS,clear creek,flow,mean,233.61755952380955
50,2018,clear creek,11372000,USGS,clear creek,flow,min,222
51,2018,clear creek,11372000,USGS,clear creek,flow,max,733
51,2018,clear creek,11372000,USGS,clear creek,flow,mean,265.99107142857144
51,2018,clear creek,11372000,USGS,clear creek,flow,min,209
52,2018,clear creek,11372000,USGS,clear creek,flow,max,313
52,2018,clear creek,11372000,USGS,clear creek,flow,mean,254.94345238095235
52,2018,clear creek,11372000,USGS,clear creek,flow,min,240
53,2018,clear creek,11372000,USGS,clear creek,flow,max,243
53,2018,clear creek,11372000,USGS,clear creek,flow,mean,239.82291666666666
53,2018,clear creek,11372000,USGS,clear creek,flow,min,238
1,2019,clear creek,11372000,USGS,clear creek,flow,max,508
1,2019,clear creek,11372000,USGS,clear creek,flow,mean,271.6607142857143
1,2019,clear creek,11372000,USGS,clear creek,flow,min,235
2,2019,clear creek,11372000,USGS,clear creek,flow,max,568
2,2019,clear creek,11372000,USGS,clear creek,flow,mean,318.41517857142856
2,2019,clear creek,11372000,USGS,clear creek,flow,min,258
3,2019,clear creek,11372000,USGS,clear creek,flow,max,3190
3,2019,clear creek,11372000,USGS,clear creek,flow,mean,586.5639880952382
3,2019,clear creek,11372000,USGS,clear creek,flow,min,255
4,2019,clear creek,11372000,USGS,clear creek,flow,max,430
4,2019,clear creek,11372000,USGS,clear creek,flow,mean,326.15773809523813
4,2019,clear creek,11372000,USGS,clear creek,flow,min,290
5,2019,clear creek,11372000,USGS,clear creek,flow,max,945
5,2019,clear creek,11372000,USGS,clear creek,flow,mean,419.4657738095238
5,2019,clear creek,11372000,USGS,clear creek,flow,min,276
6,2019,clear creek,11372000,USGS,clear creek,flow,max,568
6,2019,clear creek,11372000,USGS,clear creek,flow,mean,363.04464285714283
6,2019,clear creek,11372000,USGS,clear creek,flow,min,307
7,2019,clear creek,11372000,USGS,clear creek,flow,max,1430
7,2019,clear creek,11372000,USGS,clear creek,flow,mean,576.4062500000001
7,2019,clear creek,11372000,USGS,clear creek,flow,min,304
8,2019,clear creek,11372000,USGS,clear creek,flow,max,1920
8,2019,clear creek,11372000,USGS,clear creek,flow,mean,403.0922619047619
8,2019,clear creek,11372000,USGS,clear creek,flow,min,313
9,2019,clear creek,11372000,USGS,clear creek,flow,max,6120
9,2019,clear creek,11372000,USGS,clear creek,flow,mean,1911.84375
9,2019,clear creek,11372000,USGS,clear creek,flow,min,507
10,2019,clear creek,11372000,USGS,clear creek,flow,max,2110
10,2019,clear creek,11372000,USGS,clear creek,flow,mean,727.1115758145363
10,2019,clear creek,11372000,USGS,clear creek,flow,min,473
11,2019,clear creek,11372000,USGS,clear creek,flow,max,524
11,2019,clear creek,11372000,USGS,clear creek,flow,mean,407.3854166666667
11,2019,clear creek,11372000,USGS,clear creek,flow,min,352
12,2019,clear creek,11372000,USGS,clear creek,flow,max,903
12,2019,clear creek,11372000,USGS,clear creek,flow,mean,471.0532738095238
12,2019,clear creek,11372000,USGS,clear creek,flow,min,343
13,2019,clear creek,11372000,USGS,clear creek,flow,max,1480
13,2019,clear creek,11372000,USGS,clear creek,flow,mean,649.080936716792
13,2019,clear creek,11372000,USGS,clear creek,flow,min,444
14,2019,clear creek,11372000,USGS,clear creek,flow,max,5130
14,2019,clear creek,11372000,USGS,clear creek,flow,mean,691.7619047619048
14,2019,clear creek,11372000,USGS,clear creek,flow,min,405
15,2019,clear creek,11372000,USGS,clear creek,flow,max,802
15,2019,clear creek,11372000,USGS,clear creek,flow,mean,474.87132936507936
15,2019,clear creek,11372000,USGS,clear creek,flow,min,372
16,2019,clear creek,11372000,USGS,clear creek,flow,max,565
16,2019,clear creek,11372000,USGS,clear creek,flow,mean,369.70535714285717
16,2019,clear creek,11372000,USGS,clear creek,flow,min,329
17,2019,clear creek,11372000,USGS,clear creek,flow,max,338
17,2019,clear creek,11372000,USGS,clear creek,flow,mean,321.09375
17,2019,clear creek,11372000,USGS,clear creek,flow,min,305
18,2019,clear creek,11372000,USGS,clear creek,flow,max,314
18,2019,clear creek,11372000,USGS,clear creek,flow,mean,295.5327380952381
18,2019,clear creek,11372000,USGS,clear creek,flow,min,286
19,2019,clear creek,11372000,USGS,clear creek,flow,max,806
19,2019,clear creek,11372000,USGS,clear creek,flow,mean,377.2162280701755
19,2019,clear creek,11372000,USGS,clear creek,flow,min,231
20,2019,clear creek,11372000,USGS,clear creek,flow,max,956
20,2019,clear creek,11372000,USGS,clear creek,flow,mean,373.3258928571428
20,2019,clear creek,11372000,USGS,clear creek,flow,min,260
21,2019,clear creek,11372000,USGS,clear creek,flow,max,653
21,2019,clear creek,11372000,USGS,clear creek,flow,mean,317.37648809523813
21,2019,clear creek,11372000,USGS,clear creek,flow,min,277
22,2019,clear creek,11372000,USGS,clear creek,flow,max,325
22,2019,clear creek,11372000,USGS,clear creek,flow,mean,258.23809523809524
22,2019,clear creek,11372000,USGS,clear creek,flow,min,213
23,2019,clear creek,11372000,USGS,clear creek,flow,max,328
23,2019,clear creek,11372000,USGS,clear creek,flow,mean,195.68749999999997
23,2019,clear creek,11372000,USGS,clear creek,flow,min,173
24,2019,clear creek,11372000,USGS,clear creek,flow,max,182
24,2019,clear creek,11372000,USGS,clear creek,flow,mean,173.5342261904762
24,2019,clear creek,11372000,USGS,clear creek,flow,min,165
25,2019,clear creek,11372000,USGS,clear creek,flow,max,568
25,2019,clear creek,11372000,USGS,clear creek,flow,mean,247.43898809523807
25,2019,clear creek,11372000,USGS,clear creek,flow,min,154
26,2019,clear creek,11372000,USGS,clear creek,flow,max,217
26,2019,clear creek,11372000,USGS,clear creek,flow,mean,168.94791666666666
26,2019,clear creek,11372000,USGS,clear creek,flow,min,155
27,2019,clear creek,11372000,USGS,clear creek,flow,max,162
27,2019,clear creek,11372000,USGS,clear creek,flow,mean,155.1688492063492
27,2019,clear creek,11372000,USGS,clear creek,flow,min,150
28,2019,clear creek,11372000,USGS,clear creek,flow,max,161
28,2019,clear creek,11372000,USGS,clear creek,flow,mean,158.25892857142858
28,2019,clear creek,11372000,USGS,clear creek,flow,min,154
29,2019,clear creek,11372000,USGS,clear creek,flow,max,171
29,2019,clear creek,11372000,USGS,clear creek,flow,mean,161.7886904761905
29,2019,clear creek,11372000,USGS,clear creek,flow,min,150
30,2019,clear creek,11372000,USGS,clear creek,flow,max,168
30,2019,clear creek,11372000,USGS,clear creek,flow,mean,166.85416666666669
30,2019,clear creek,11372000,USGS,clear creek,flow,min,166
31,2019,clear creek,11372000,USGS,clear creek,flow,max,168
31,2019,clear creek,11372000,USGS,clear creek,flow,mean,167.0386904761905
31,2019,clear creek,11372000,USGS,clear creek,flow,min,166
32,2019,clear creek,11372000,USGS,clear creek,flow,max,176
32,2019,clear creek,11372000,USGS,clear creek,flow,mean,168.22321428571428
32,2019,clear creek,11372000,USGS,clear creek,flow,min,166
33,2019,clear creek,11372000,USGS,clear creek,flow,max,168
33,2019,clear creek,11372000,USGS,clear creek,flow,mean,167.01785714285714
33,2019,clear creek,11372000,USGS,clear creek,flow,min,166
34,2019,clear creek,11372000,USGS,clear creek,flow,max,168
34,2019,clear creek,11372000,USGS,clear creek,flow,mean,165.52827380952382
34,2019,clear creek,11372000,USGS,clear creek,flow,min,163
35,2019,clear creek,11372000,USGS,clear creek,flow,max,168
35,2019,clear creek,11372000,USGS,clear creek,flow,mean,165.66220238095235
35,2019,clear creek,11372000,USGS,clear creek,flow,min,163
36,2019,clear creek,11372000,USGS,clear creek,flow,max,176
36,2019,clear creek,11372000,USGS,clear creek,flow,mean,166.2217261904762
36,2019,clear creek,11372000,USGS,clear creek,flow,min,163
37,2019,clear creek,11372000,USGS,clear creek,flow,max,188
37,2019,clear creek,11372000,USGS,clear creek,flow,mean,166.32589285714286
37,2019,clear creek,11372000,USGS,clear creek,flow,min,163
38,2019,clear creek,11372000,USGS,clear creek,flow,max,226
38,2019,clear creek,11372000,USGS,clear creek,flow,mean,220.13392857142858
38,2019,clear creek,11372000,USGS,clear creek,flow,min,208
39,2019,clear creek,11372000,USGS,clear creek,flow,max,294
39,2019,clear creek,11372000,USGS,clear creek,flow,mean,275.9940476190476
39,2019,clear creek,11372000,USGS,clear creek,flow,min,217
40,2019,clear creek,11372000,USGS,clear creek,flow,max,297
40,2019,clear creek,11372000,USGS,clear creek,flow,mean,293.0625
40,2019,clear creek,11372000,USGS,clear creek,flow,min,291
41,2019,clear creek,11372000,USGS,clear creek,flow,max,303
41,2019,clear creek,11372000,USGS,clear creek,flow,mean,296.9017857142857
41,2019,clear creek,11372000,USGS,clear creek,flow,min,291
42,2019,clear creek,11372000,USGS,clear creek,flow,max,305
42,2019,clear creek,11372000,USGS,clear creek,flow,mean,301.41220238095235
42,2019,clear creek,11372000,USGS,clear creek,flow,min,297
43,2019,clear creek,11372000,USGS,clear creek,flow,max,305
43,2019,clear creek,11372000,USGS,clear creek,flow,mean,302.6056547619047
43,2019,clear creek,11372000,USGS,clear creek,flow,min,300
44,2019,clear creek,11372000,USGS,clear creek,flow,max,303
44,2019,clear creek,11372000,USGS,clear creek,flow,mean,300.79910714285717
44,2019,clear creek,11372000,USGS,clear creek,flow,min,297
45,2019,clear creek,11372000,USGS,clear creek,flow,max,311
45,2019,clear creek,11372000,USGS,clear creek,flow,mean,305.15922619047615
45,2019,clear creek,11372000,USGS,clear creek,flow,min,297
46,2019,clear creek,11372000,USGS,clear creek,flow,max,311
46,2019,clear creek,11372000,USGS,clear creek,flow,mean,307.0044642857143
46,2019,clear creek,11372000,USGS,clear creek,flow,min,305
47,2019,clear creek,11372000,USGS,clear creek,flow,max,308
47,2019,clear creek,11372000,USGS,clear creek,flow,mean,306.54464285714283
47,2019,clear creek,11372000,USGS,clear creek,flow,min,305
48,2019,clear creek,11372000,USGS,clear creek,flow,max,355
48,2019,clear creek,11372000,USGS,clear creek,flow,mean,319.54224896480326
48,2019,clear creek,11372000,USGS,clear creek,flow,min,305
49,2019,clear creek,11372000,USGS,clear creek,flow,max,1590
49,2019,clear creek,11372000,USGS,clear creek,flow,mean,398.0610119047619
49,2019,clear creek,11372000,USGS,clear creek,flow,min,305
50,2019,clear creek,11372000,USGS,clear creek,flow,max,308
50,2019,clear creek,11372000,USGS,clear creek,flow,mean,297.33333333333337
50,2019,clear creek,11372000,USGS,clear creek,flow,min,291
51,2019,clear creek,11372000,USGS,clear creek,flow,max,421
51,2019,clear creek,11372000,USGS,clear creek,flow,mean,310.43601190476187
51,2019,clear creek,11372000,USGS,clear creek,flow,min,288
52,2019,clear creek,11372000,USGS,clear creek,flow,max,326
52,2019,clear creek,11372000,USGS,clear creek,flow,mean,307.2202380952381
52,2019,clear creek,11372000,USGS,clear creek,flow,min,296
53,2019,clear creek,11372000,USGS,clear creek,flow,max,298
53,2019,clear creek,11372000,USGS,clear creek,flow,mean,294.1145833333333
53,2019,clear creek,11372000,USGS,clear creek,flow,min,293
1,2020,clear creek,11372000,USGS,clear creek,flow,max,296
1,2020,clear creek,11372000,USGS,clear creek,flow,mean,289.8065476190476
1,2020,clear creek,11372000,USGS,clear creek,flow,min,286
2,2020,clear creek,11372000,USGS,clear creek,flow,max,303
2,2020,clear creek,11372000,USGS,clear creek,flow,mean,289.4226190476191
2,2020,clear creek,11372000,USGS,clear creek,flow,min,283
3,2020,clear creek,11372000,USGS,clear creek,flow,max,523
3,2020,clear creek,11372000,USGS,clear creek,flow,mean,319.08779761904765
3,2020,clear creek,11372000,USGS,clear creek,flow,min,288
4,2020,clear creek,11372000,USGS,clear creek,flow,max,455
4,2020,clear creek,11372000,USGS,clear creek,flow,mean,348.72916666666663
4,2020,clear creek,11372000,USGS,clear creek,flow,min,323
5,2020,clear creek,11372000,USGS,clear creek,flow,max,350
5,2020,clear creek,11372000,USGS,clear creek,flow,mean,318.86607142857144
5,2020,clear creek,11372000,USGS,clear creek,flow,min,300
6,2020,clear creek,11372000,USGS,clear creek,flow,max,303
6,2020,clear creek,11372000,USGS,clear creek,flow,mean,296.98660714285717
6,2020,clear creek,11372000,USGS,clear creek,flow,min,293
7,2020,clear creek,11372000,USGS,clear creek,flow,max,296
7,2020,clear creek,11372000,USGS,clear creek,flow,mean,291.45684523809524
7,2020,clear creek,11372000,USGS,clear creek,flow,min,288
8,2020,clear creek,11372000,USGS,clear creek,flow,max,291
8,2020,clear creek,11372000,USGS,clear creek,flow,mean,288.22767857142856
8,2020,clear creek,11372000,USGS,clear creek,flow,min,286
9,2020,clear creek,11372000,USGS,clear creek,flow,max,288
9,2020,clear creek,11372000,USGS,clear creek,flow,mean,286.41964285714283
9,2020,clear creek,11372000,USGS,clear creek,flow,min,283
10,2020,clear creek,11372000,USGS,clear creek,flow,max,293
10,2020,clear creek,11372000,USGS,clear creek,flow,mean,286.43898809523813
10,2020,clear creek,11372000,USGS,clear creek,flow,min,283
11,2020,clear creek,11372000,USGS,clear creek,flow,max,326
11,2020,clear creek,11372000,USGS,clear creek,flow,mean,289.48065476190476
11,2020,clear creek,11372000,USGS,clear creek,flow,min,283
12,2020,clear creek,11372000,USGS,clear creek,flow,max,321
12,2020,clear creek,11372000,USGS,clear creek,flow,mean,297.61458333333337
12,2020,clear creek,11372000,USGS,clear creek,flow,min,288
13,2020,clear creek,11372000,USGS,clear creek,flow,max,296
13,2020,clear creek,11372000,USGS,clear creek,flow,mean,289.33184523809524
13,2020,clear creek,11372000,USGS,clear creek,flow,min,286
14,2020,clear creek,11372000,USGS,clear creek,flow,max,523
14,2020,clear creek,11372000,USGS,clear creek,flow,mean,276.57886904761904
14,2020,clear creek,11372000,USGS,clear creek,flow,min,225
15,2020,clear creek,11372000,USGS,clear creek,flow,max,291
15,2020,clear creek,11372000,USGS,clear creek,flow,mean,262.47023809523813
15,2020,clear creek,11372000,USGS,clear creek,flow,min,248
16,2020,clear creek,11372000,USGS,clear creek,flow,max,248
16,2020,clear creek,11372000,USGS,clear creek,flow,mean,240.57291666666669
16,2020,clear creek,11372000,USGS,clear creek,flow,min,237
17,2020,clear creek,11372000,USGS,clear creek,flow,max,237
17,2020,clear creek,11372000,USGS,clear creek,flow,mean,234.69642857142858
17,2020,clear creek,11372000,USGS,clear creek,flow,min,231
18,2020,clear creek,11372000,USGS,clear creek,flow,max,245
18,2020,clear creek,11372000,USGS,clear creek,flow,mean,230.2202380952381
18,2020,clear creek,11372000,USGS,clear creek,flow,min,201
19,2020,clear creek,11372000,USGS,clear creek,flow,max,1060
19,2020,clear creek,11372000,USGS,clear creek,flow,mean,550.2276785714286
19,2020,clear creek,11372000,USGS,clear creek,flow,min,217
20,2020,clear creek,11372000,USGS,clear creek,flow,max,316
20,2020,clear creek,11372000,USGS,clear creek,flow,mean,249.4300595238095
20,2020,clear creek,11372000,USGS,clear creek,flow,min,231
21,2020,clear creek,11372000,USGS,clear creek,flow,max,231
21,2020,clear creek,11372000,USGS,clear creek,flow,mean,223.74107142857142
21,2020,clear creek,11372000,USGS,clear creek,flow,min,220
22,2020,clear creek,11372000,USGS,clear creek,flow,max,251
22,2020,clear creek,11372000,USGS,clear creek,flow,mean,213.16964285714283
22,2020,clear creek,11372000,USGS,clear creek,flow,min,171
23,2020,clear creek,11372000,USGS,clear creek,flow,max,180
23,2020,clear creek,11372000,USGS,clear creek,flow,mean,169.18898809523807
23,2020,clear creek,11372000,USGS,clear creek,flow,min,166
24,2020,clear creek,11372000,USGS,clear creek,flow,max,175
24,2020,clear creek,11372000,USGS,clear creek,flow,mean,168.3943452380952
24,2020,clear creek,11372000,USGS,clear creek,flow,min,166
25,2020,clear creek,11372000,USGS,clear creek,flow,max,619
25,2020,clear creek,11372000,USGS,clear creek,flow,mean,348.202380952381
25,2020,clear creek,11372000,USGS,clear creek,flow,min,168
26,2020,clear creek,11372000,USGS,clear creek,flow,max,234
26,2020,clear creek,11372000,USGS,clear creek,flow,mean,180.6130952380952
26,2020,clear creek,11372000,USGS,clear creek,flow,min,163
27,2020,clear creek,11372000,USGS,clear creek,flow,max,166
27,2020,clear creek,11372000,USGS,clear creek,flow,mean,162.99107142857142
27,2020,clear creek,11372000,USGS,clear creek,flow,min,159
28,2020,clear creek,11372000,USGS,clear creek,flow,max,166
28,2020,clear creek,11372000,USGS,clear creek,flow,mean,161.40327380952382
28,2020,clear creek,11372000,USGS,clear creek,flow,min,159
29,2020,clear creek,11372000,USGS,clear creek,flow,max,163
29,2020,clear creek,11372000,USGS,clear creek,flow,mean,161.2738095238095
29,2020,clear creek,11372000,USGS,clear creek,flow,min,159
30,2020,clear creek,11372000,USGS,clear creek,flow,max,163
30,2020,clear creek,11372000,USGS,clear creek,flow,mean,161.1220238095238
30,2020,clear creek,11372000,USGS,clear creek,flow,min,159
31,2020,clear creek,11372000,USGS,clear creek,flow,max,163
31,2020,clear creek,11372000,USGS,clear creek,flow,mean,158.88839285714286
31,2020,clear creek,11372000,USGS,clear creek,flow,min,156
32,2020,clear creek,11372000,USGS,clear creek,flow,max,161
32,2020,clear creek,11372000,USGS,clear creek,flow,mean,158.99851190476193
32,2020,clear creek,11372000,USGS,clear creek,flow,min,156
33,2020,clear creek,11372000,USGS,clear creek,flow,max,161
33,2020,clear creek,11372000,USGS,clear creek,flow,mean,159.5535714285714
33,2020,clear creek,11372000,USGS,clear creek,flow,min,159
34,2020,clear creek,11372000,USGS,clear creek,flow,max,163
34,2020,clear creek,11372000,USGS,clear creek,flow,mean,161.70833333333334
34,2020,clear creek,11372000,USGS,clear creek,flow,min,159
35,2020,clear creek,11372000,USGS,clear creek,flow,max,163
35,2020,clear creek,11372000,USGS,clear creek,flow,mean,162.94642857142858
35,2020,clear creek,11372000,USGS,clear creek,flow,min,161
36,2020,clear creek,11372000,USGS,clear creek,flow,max,166
36,2020,clear creek,11372000,USGS,clear creek,flow,mean,162.97619047619045
36,2020,clear creek,11372000,USGS,clear creek,flow,min,161
37,2020,clear creek,11372000,USGS,clear creek,flow,max,163
37,2020,clear creek,11372000,USGS,clear creek,flow,mean,161.34821428571428
37,2020,clear creek,11372000,USGS,clear creek,flow,min,159
38,2020,clear creek,11372000,USGS,clear creek,flow,max,217
38,2020,clear creek,11372000,USGS,clear creek,flow,mean,182.3214285714286
38,2020,clear creek,11372000,USGS,clear creek,flow,min,159
39,2020,clear creek,11372000,USGS,clear creek,flow,max,239
39,2020,clear creek,11372000,USGS,clear creek,flow,mean,219.29613095238096
39,2020,clear creek,11372000,USGS,clear creek,flow,min,211
40,2020,clear creek,11372000,USGS,clear creek,flow,max,239
40,2020,clear creek,11372000,USGS,clear creek,flow,mean,236.72321428571425
40,2020,clear creek,11372000,USGS,clear creek,flow,min,220
41,2020,clear creek,11372000,USGS,clear creek,flow,max,237
41,2020,clear creek,11372000,USGS,clear creek,flow,mean,214.38988095238093
41,2020,clear creek,11372000,USGS,clear creek,flow,min,178
42,2020,clear creek,11372000,USGS,clear creek,flow,max,228
42,2020,clear creek,11372000,USGS,clear creek,flow,mean,218.45386904761907
42,2020,clear creek,11372000,USGS,clear creek,flow,min,198
43,2020,clear creek,11372000,USGS,clear creek,flow,max,225
43,2020,clear creek,11372000,USGS,clear creek,flow,mean,222.07440476190476
43,2020,clear creek,11372000,USGS,clear creek,flow,min,220
44,2020,clear creek,11372000,USGS,clear creek,flow,max,222
44,2020,clear creek,11372000,USGS,clear creek,flow,mean,221.4047619047619
44,2020,clear creek,11372000,USGS,clear creek,flow,min,220
45,2020,clear creek,11372000,USGS,clear creek,flow,max,222
45,2020,clear creek,11372000,USGS,clear creek,flow,mean,220.10267857142858
45,2020,clear creek,11372000,USGS,clear creek,flow,min,217
46,2020,clear creek,11372000,USGS,clear creek,flow,max,231
46,2020,clear creek,11372000,USGS,clear creek,flow,mean,220.74404761904762
46,2020,clear creek,11372000,USGS,clear creek,flow,min,217
47,2020,clear creek,11372000,USGS,clear creek,flow,max,239
47,2020,clear creek,11372000,USGS,clear creek,flow,mean,221.93750000000003
47,2020,clear creek,11372000,USGS,clear creek,flow,min,217
48,2020,clear creek,11372000,USGS,clear creek,flow,max,222
48,2020,clear creek,11372000,USGS,clear creek,flow,mean,220.91071428571428
48,2020,clear creek,11372000,USGS,clear creek,flow,min,220
49,2020,clear creek,11372000,USGS,clear creek,flow,max,225
49,2020,clear creek,11372000,USGS,clear creek,flow,mean,221.47172619047618
49,2020,clear creek,11372000,USGS,clear creek,flow,min,220
50,2020,clear creek,11372000,USGS,clear creek,flow,max,239
50,2020,clear creek,11372000,USGS,clear creek,flow,mean,222.62797619047618
50,2020,clear creek,11372000,USGS,clear creek,flow,min,220
51,2020,clear creek,11372000,USGS,clear creek,flow,max,242
51,2020,clear creek,11372000,USGS,clear creek,flow,mean,222.79315476190476
51,2020,clear creek,11372000,USGS,clear creek,flow,min,220
52,2020,clear creek,11372000,USGS,clear creek,flow,max,228
52,2020,clear creek,11372000,USGS,clear creek,flow,mean,222.4285714285714
52,2020,clear creek,11372000,USGS,clear creek,flow,min,220
53,2020,clear creek,11372000,USGS,clear creek,flow,max,222
53,2020,clear creek,11372000,USGS,clear creek,flow,mean,221.45833333333331
53,2020,clear creek,11372000,USGS,clear creek,flow,min,220
1,2021,clear creek,11372000,USGS,clear creek,flow,max,608
1,2021,clear creek,11372000,USGS,clear creek,flow,mean,238.90922619047618
1,2021,clear creek,11372000,USGS,clear creek,flow,min,220
2,2021,clear creek,11372000,USGS,clear creek,flow,max,245
2,2021,clear creek,11372000,USGS,clear creek,flow,mean,230.5610119047619
2,2021,clear creek,11372000,USGS,clear creek,flow,min,225
3,2021,clear creek,11372000,USGS,clear creek,flow,max,231
3,2021,clear creek,11372000,USGS,clear creek,flow,mean,225.27678571428572
3,2021,clear creek,11372000,USGS,clear creek,flow,min,222
4,2021,clear creek,11372000,USGS,clear creek,flow,max,323
4,2021,clear creek,11372000,USGS,clear creek,flow,mean,233.94196428571428
4,2021,clear creek,11372000,USGS,clear creek,flow,min,220
5,2021,clear creek,11372000,USGS,clear creek,flow,max,308
5,2021,clear creek,11372000,USGS,clear creek,flow,mean,262.125
5,2021,clear creek,11372000,USGS,clear creek,flow,min,234
6,2021,clear creek,11372000,USGS,clear creek,flow,max,237
6,2021,clear creek,11372000,USGS,clear creek,flow,mean,225.73958333333331
6,2021,clear creek,11372000,USGS,clear creek,flow,min,220
7,2021,clear creek,11372000,USGS,clear creek,flow,max,272
7,2021,clear creek,11372000,USGS,clear creek,flow,mean,239.5625
7,2021,clear creek,11372000,USGS,clear creek,flow,min,231
8,2021,clear creek,11372000,USGS,clear creek,flow,max,239
8,2021,clear creek,11372000,USGS,clear creek,flow,mean,228.34970238095235
8,2021,clear creek,11372000,USGS,clear creek,flow,min,196
9,2021,clear creek,11372000,USGS,clear creek,flow,max,225
9,2021,clear creek,11372000,USGS,clear creek,flow,mean,222.15029761904765
9,2021,clear creek,11372000,USGS,clear creek,flow,min,220
10,2021,clear creek,11372000,USGS,clear creek,flow,max,245
10,2021,clear creek,11372000,USGS,clear creek,flow,mean,225.09821428571428
10,2021,clear creek,11372000,USGS,clear creek,flow,min,220
11,2021,clear creek,11372000,USGS,clear creek,flow,max,279
11,2021,clear creek,11372000,USGS,clear creek,flow,mean,226.16815476190473
11,2021,clear creek,11372000,USGS,clear creek,flow,min,201
12,2021,clear creek,11372000,USGS,clear creek,flow,max,310
12,2021,clear creek,11372000,USGS,clear creek,flow,mean,238.45386904761907
12,2021,clear creek,11372000,USGS,clear creek,flow,min,220
13,2021,clear creek,11372000,USGS,clear creek,flow,max,220
13,2021,clear creek,11372000,USGS,clear creek,flow,mean,215.9375
13,2021,clear creek,11372000,USGS,clear creek,flow,min,211
14,2021,clear creek,11372000,USGS,clear creek,flow,max,214
14,2021,clear creek,11372000,USGS,clear creek,flow,mean,212.57142857142858
14,2021,clear creek,11372000,USGS,clear creek,flow,min,211
15,2021,clear creek,11372000,USGS,clear creek,flow,max,214
15,2021,clear creek,11372000,USGS,clear creek,flow,mean,211.125
15,2021,clear creek,11372000,USGS,clear creek,flow,min,211
16,2021,clear creek,11372000,USGS,clear creek,flow,max,245
16,2021,clear creek,11372000,USGS,clear creek,flow,mean,215.31696428571428
16,2021,clear creek,11372000,USGS,clear creek,flow,min,211
17,2021,clear creek,11372000,USGS,clear creek,flow,max,237
17,2021,clear creek,11372000,USGS,clear creek,flow,mean,225.65773809523807
17,2021,clear creek,11372000,USGS,clear creek,flow,min,193
18,2021,clear creek,11372000,USGS,clear creek,flow,max,228
18,2021,clear creek,11372000,USGS,clear creek,flow,mean,225.12053571428572
18,2021,clear creek,11372000,USGS,clear creek,flow,min,225
19,2021,clear creek,11372000,USGS,clear creek,flow,max,1050
19,2021,clear creek,11372000,USGS,clear creek,flow,mean,691.7931547619047
19,2021,clear creek,11372000,USGS,clear creek,flow,min,222
20,2021,clear creek,11372000,USGS,clear creek,flow,max,334
20,2021,clear creek,11372000,USGS,clear creek,flow,mean,231.58035714285714
20,2021,clear creek,11372000,USGS,clear creek,flow,min,206
21,2021,clear creek,11372000,USGS,clear creek,flow,max,211
21,2021,clear creek,11372000,USGS,clear creek,flow,mean,202.91964285714286
21,2021,clear creek,11372000,USGS,clear creek,flow,min,134
22,2021,clear creek,11372000,USGS,clear creek,flow,max,134
22,2021,clear creek,11372000,USGS,clear creek,flow,mean,133.82738095238093
22,2021,clear creek,11372000,USGS,clear creek,flow,min,132
23,2021,clear creek,11372000,USGS,clear creek,flow,max,228
23,2021,clear creek,11372000,USGS,clear creek,flow,mean,133.16369047619048
23,2021,clear creek,11372000,USGS,clear creek,flow,min,112
24,2021,clear creek,11372000,USGS,clear creek,flow,max,134
24,2021,clear creek,11372000,USGS,clear creek,flow,mean,133.8422619047619
24,2021,clear creek,11372000,USGS,clear creek,flow,min,132
25,2021,clear creek,11372000,USGS,clear creek,flow,max,606
25,2021,clear creek,11372000,USGS,clear creek,flow,mean,310.95982142857144
25,2021,clear creek,11372000,USGS,clear creek,flow,min,132
26,2021,clear creek,11372000,USGS,clear creek,flow,max,227
26,2021,clear creek,11372000,USGS,clear creek,flow,mean,132.5922619047619
26,2021,clear creek,11372000,USGS,clear creek,flow,min,115
27,2021,clear creek,11372000,USGS,clear creek,flow,max,160
27,2021,clear creek,11372000,USGS,clear creek,flow,mean,158.49107142857142
27,2021,clear creek,11372000,USGS,clear creek,flow,min,158
28,2021,clear creek,11372000,USGS,clear creek,flow,max,167
28,2021,clear creek,11372000,USGS,clear creek,flow,mean,158.95833333333334
28,2021,clear creek,11372000,USGS,clear creek,flow,min,150
29,2021,clear creek,11372000,USGS,clear creek,flow,max,258
29,2021,clear creek,11372000,USGS,clear creek,flow,mean,161.73065476190476
29,2021,clear creek,11372000,USGS,clear creek,flow,min,141
30,2021,clear creek,11372000,USGS,clear creek,flow,max,167
30,2021,clear creek,11372000,USGS,clear creek,flow,mean,159.1532738095238
30,2021,clear creek,11372000,USGS,clear creek,flow,min,121
31,2021,clear creek,11372000,USGS,clear creek,flow,max,163
31,2021,clear creek,11372000,USGS,clear creek,flow,mean,161.5654761904762
31,2021,clear creek,11372000,USGS,clear creek,flow,min,158
32,2021,clear creek,11372000,USGS,clear creek,flow,max,164
32,2021,clear creek,11372000,USGS,clear creek,flow,mean,161.05505952380955
32,2021,clear creek,11372000,USGS,clear creek,flow,min,159
33,2021,clear creek,11372000,USGS,clear creek,flow,max,162
33,2021,clear creek,11372000,USGS,clear creek,flow,mean,161.88095238095238
33,2021,clear creek,11372000,USGS,clear creek,flow,min,160
34,2021,clear creek,11372000,USGS,clear creek,flow,max,163
34,2021,clear creek,11372000,USGS,clear creek,flow,mean,161.80357142857142
34,2021,clear creek,11372000,USGS,clear creek,flow,min,158
35,2021,clear creek,11372000,USGS,clear creek,flow,max,163
35,2021,clear creek,11372000,USGS,clear creek,flow,mean,160.32142857142858
35,2021,clear creek,11372000,USGS,clear creek,flow,min,156
36,2021,clear creek,11372000,USGS,clear creek,flow,max,164
36,2021,clear creek,11372000,USGS,clear creek,flow,mean,160.66369047619045
36,2021,clear creek,11372000,USGS,clear creek,flow,min,159
37,2021,clear creek,11372000,USGS,clear creek,flow,max,252
37,2021,clear creek,11372000,USGS,clear creek,flow,mean,159.0625
37,2021,clear creek,11372000,USGS,clear creek,flow,min,138
38,2021,clear creek,11372000,USGS,clear creek,flow,max,218
38,2021,clear creek,11372000,USGS,clear creek,flow,mean,172.1056547619048
38,2021,clear creek,11372000,USGS,clear creek,flow,min,155
39,2021,clear creek,11372000,USGS,clear creek,flow,max,217
39,2021,clear creek,11372000,USGS,clear creek,flow,mean,214.47023809523807
39,2021,clear creek,11372000,USGS,clear creek,flow,min,211
40,2021,clear creek,11372000,USGS,clear creek,flow,max,217
40,2021,clear creek,11372000,USGS,clear creek,flow,mean,213.87946428571428
40,2021,clear creek,11372000,USGS,clear creek,flow,min,211
41,2021,clear creek,11372000,USGS,clear creek,flow,max,218
41,2021,clear creek,11372000,USGS,clear creek,flow,mean,213.2142857142857
41,2021,clear creek,11372000,USGS,clear creek,flow,min,210
42,2021,clear creek,11372000,USGS,clear creek,flow,max,233
42,2021,clear creek,11372000,USGS,clear creek,flow,mean,217.64583333333331
42,2021,clear creek,11372000,USGS,clear creek,flow,min,210
43,2021,clear creek,11372000,USGS,clear creek,flow,max,1780
43,2021,clear creek,11372000,USGS,clear creek,flow,mean,310.35267857142856
43,2021,clear creek,11372000,USGS,clear creek,flow,min,224
44,2021,clear creek,11372000,USGS,clear creek,flow,max,732
44,2021,clear creek,11372000,USGS,clear creek,flow,mean,275.86011904761904
44,2021,clear creek,11372000,USGS,clear creek,flow,min,224
45,2021,clear creek,11372000,USGS,clear creek,flow,max,651
45,2021,clear creek,11372000,USGS,clear creek,flow,mean,279.92410714285717
45,2021,clear creek,11372000,USGS,clear creek,flow,min,233
46,2021,clear creek,11372000,USGS,clear creek,flow,max,267
46,2021,clear creek,11372000,USGS,clear creek,flow,mean,242.72023809523813
46,2021,clear creek,11372000,USGS,clear creek,flow,min,233
47,2021,clear creek,11372000,USGS,clear creek,flow,max,235
47,2021,clear creek,11372000,USGS,clear creek,flow,mean,228.15625
47,2021,clear creek,11372000,USGS,clear creek,flow,min,224
48,2021,clear creek,11372000,USGS,clear creek,flow,max,302
48,2021,clear creek,11372000,USGS,clear creek,flow,mean,224.53125
48,2021,clear creek,11372000,USGS,clear creek,flow,min,196
49,2021,clear creek,11372000,USGS,clear creek,flow,max,230
49,2021,clear creek,11372000,USGS,clear creek,flow,mean,223.78125
49,2021,clear creek,11372000,USGS,clear creek,flow,min,218
50,2021,clear creek,11372000,USGS,clear creek,flow,max,1600
50,2021,clear creek,11372000,USGS,clear creek,flow,mean,402.1577380952381
50,2021,clear creek,11372000,USGS,clear creek,flow,min,221
51,2021,clear creek,11372000,USGS,clear creek,flow,max,484
51,2021,clear creek,11372000,USGS,clear creek,flow,mean,301.7485119047619
51,2021,clear creek,11372000,USGS,clear creek,flow,min,261
52,2021,clear creek,11372000,USGS,clear creek,flow,max,323
52,2021,clear creek,11372000,USGS,clear creek,flow,mean,292.9122023809524
52,2021,clear creek,11372000,USGS,clear creek,flow,min,272
53,2021,clear creek,11372000,USGS,clear creek,flow,max,272
53,2021,clear creek,11372000,USGS,clear creek,flow,mean,269.21875
53,2021,clear creek,11372000,USGS,clear creek,flow,min,267
1,2022,clear creek,11372000,USGS,clear creek,flow,max,839
1,2022,clear creek,11372000,USGS,clear creek,flow,mean,335.5669642857143
1,2022,clear creek,11372000,USGS,clear creek,flow,min,255
2,2022,clear creek,11372000,USGS,clear creek,flow,max,380
2,2022,clear creek,11372000,USGS,clear creek,flow,mean,300.39285714285717
2,2022,clear creek,11372000,USGS,clear creek,flow,min,270
3,2022,clear creek,11372000,USGS,clear creek,flow,max,270
3,2022,clear creek,11372000,USGS,clear creek,flow,mean,257.2217261904762
3,2022,clear creek,11372000,USGS,clear creek,flow,min,247
4,2022,clear creek,11372000,USGS,clear creek,flow,max,249
4,2022,clear creek,11372000,USGS,clear creek,flow,mean,242.9136904761905
4,2022,clear creek,11372000,USGS,clear creek,flow,min,235
5,2022,clear creek,11372000,USGS,clear creek,flow,max,238
5,2022,clear creek,11372000,USGS,clear creek,flow,mean,234.76785714285717
5,2022,clear creek,11372000,USGS,clear creek,flow,min,233
6,2022,clear creek,11372000,USGS,clear creek,flow,max,233
6,2022,clear creek,11372000,USGS,clear creek,flow,mean,229.63541666666669
6,2022,clear creek,11372000,USGS,clear creek,flow,min,180
7,2022,clear creek,11372000,USGS,clear creek,flow,max,233
7,2022,clear creek,11372000,USGS,clear creek,flow,mean,228.99553571428572
7,2022,clear creek,11372000,USGS,clear creek,flow,min,224
8,2022,clear creek,11372000,USGS,clear creek,flow,max,230
8,2022,clear creek,11372000,USGS,clear creek,flow,mean,224.46577380952382
8,2022,clear creek,11372000,USGS,clear creek,flow,min,191
9,2022,clear creek,11372000,USGS,clear creek,flow,max,224
9,2022,clear creek,11372000,USGS,clear creek,flow,mean,221.97767857142858
9,2022,clear creek,11372000,USGS,clear creek,flow,min,218
10,2022,clear creek,11372000,USGS,clear creek,flow,max,224
10,2022,clear creek,11372000,USGS,clear creek,flow,mean,220.04910714285714
10,2022,clear creek,11372000,USGS,clear creek,flow,min,218
11,2022,clear creek,11372000,USGS,clear creek,flow,max,227
11,2022,clear creek,11372000,USGS,clear creek,flow,mean,219.47321428571428
11,2022,clear creek,11372000,USGS,clear creek,flow,min,218
12,2022,clear creek,11372000,USGS,clear creek,flow,max,224
12,2022,clear creek,11372000,USGS,clear creek,flow,mean,218.77232142857142
12,2022,clear creek,11372000,USGS,clear creek,flow,min,218
13,2022,clear creek,11372000,USGS,clear creek,flow,max,230
13,2022,clear creek,11372000,USGS,clear creek,flow,mean,219.3125
13,2022,clear creek,11372000,USGS,clear creek,flow,min,218
14,2022,clear creek,11372000,USGS,clear creek,flow,max,221
14,2022,clear creek,11372000,USGS,clear creek,flow,mean,215.89732142857142
14,2022,clear creek,11372000,USGS,clear creek,flow,min,180
15,2022,clear creek,11372000,USGS,clear creek,flow,max,244
15,2022,clear creek,11372000,USGS,clear creek,flow,mean,219.51636904761907
15,2022,clear creek,11372000,USGS,clear creek,flow,min,216
16,2022,clear creek,11372000,USGS,clear creek,flow,max,247
16,2022,clear creek,11372000,USGS,clear creek,flow,mean,226.10416666666666
16,2022,clear creek,11372000,USGS,clear creek,flow,min,199
17,2022,clear creek,11372000,USGS,clear creek,flow,max,227
17,2022,clear creek,11372000,USGS,clear creek,flow,mean,221.47321428571428
17,2022,clear creek,11372000,USGS,clear creek,flow,min,218
18,2022,clear creek,11372000,USGS,clear creek,flow,max,221
18,2022,clear creek,11372000,USGS,clear creek,flow,mean,204.86011904761907
18,2022,clear creek,11372000,USGS,clear creek,flow,min,185
19,2022,clear creek,11372000,USGS,clear creek,flow,max,233
19,2022,clear creek,11372000,USGS,clear creek,flow,mean,206.64732142857142
19,2022,clear creek,11372000,USGS,clear creek,flow,min,193
20,2022,clear creek,11372000,USGS,clear creek,flow,max,221
20,2022,clear creek,11372000,USGS,clear creek,flow,mean,217.73660714285714
20,2022,clear creek,11372000,USGS,clear creek,flow,min,216
21,2022,clear creek,11372000,USGS,clear creek,flow,max,218
21,2022,clear creek,11372000,USGS,clear creek,flow,mean,217.05952380952382
21,2022,clear creek,11372000,USGS,clear creek,flow,min,216
22,2022,clear creek,11372000,USGS,clear creek,flow,max,218
22,2022,clear creek,11372000,USGS,clear creek,flow,mean,196.59970238095238
22,2022,clear creek,11372000,USGS,clear creek,flow,min,160
23,2022,clear creek,11372000,USGS,clear creek,flow,max,178
23,2022,clear creek,11372000,USGS,clear creek,flow,mean,165.14136904761907
23,2022,clear creek,11372000,USGS,clear creek,flow,min,162
24,2022,clear creek,11372000,USGS,clear creek,flow,max,170
24,2022,clear creek,11372000,USGS,clear creek,flow,mean,163.26339285714286
24,2022,clear creek,11372000,USGS,clear creek,flow,min,162
25,2022,clear creek,11372000,USGS,clear creek,flow,max,536
25,2022,clear creek,11372000,USGS,clear creek,flow,mean,365.84523809523813
25,2022,clear creek,11372000,USGS,clear creek,flow,min,162
26,2022,clear creek,11372000,USGS,clear creek,flow,max,238
26,2022,clear creek,11372000,USGS,clear creek,flow,mean,175.8943452380952
26,2022,clear creek,11372000,USGS,clear creek,flow,min,158
27,2022,clear creek,11372000,USGS,clear creek,flow,max,162
27,2022,clear creek,11372000,USGS,clear creek,flow,mean,159.33630952380955
27,2022,clear creek,11372000,USGS,clear creek,flow,min,141
28,2022,clear creek,11372000,USGS,clear creek,flow,max,162
28,2022,clear creek,11372000,USGS,clear creek,flow,mean,160.04761904761904
28,2022,clear creek,11372000,USGS,clear creek,flow,min,160
29,2022,clear creek,11372000,USGS,clear creek,flow,max,162
29,2022,clear creek,11372000,USGS,clear creek,flow,mean,160.00892857142858
29,2022,clear creek,11372000,USGS,clear creek,flow,min,160
30,2022,clear creek,11372000,USGS,clear creek,flow,max,160
30,2022,clear creek,11372000,USGS,clear creek,flow,mean,159.92261904761904
30,2022,clear creek,11372000,USGS,clear creek,flow,min,158
31,2022,clear creek,11372000,USGS,clear creek,flow,max,165
31,2022,clear creek,11372000,USGS,clear creek,flow,mean,160.44494047619045
31,2022,clear creek,11372000,USGS,clear creek,flow,min,158
32,2022,clear creek,11372000,USGS,clear creek,flow,max,165
32,2022,clear creek,11372000,USGS,clear creek,flow,mean,162.87946428571428
32,2022,clear creek,11372000,USGS,clear creek,flow,min,162
33,2022,clear creek,11372000,USGS,clear creek,flow,max,167
33,2022,clear creek,11372000,USGS,clear creek,flow,mean,165.07589285714286
33,2022,clear creek,11372000,USGS,clear creek,flow,min,162
34,2022,clear creek,11372000,USGS,clear creek,flow,max,167
34,2022,clear creek,11372000,USGS,clear creek,flow,mean,166.08630952380955
34,2022,clear creek,11372000,USGS,clear creek,flow,min,165
35,2022,clear creek,11372000,USGS,clear creek,flow,max,167
35,2022,clear creek,11372000,USGS,clear creek,flow,mean,165.00892857142858
35,2022,clear creek,11372000,USGS,clear creek,flow,min,162
36,2022,clear creek,11372000,USGS,clear creek,flow,max,167
36,2022,clear creek,11372000,USGS,clear creek,flow,mean,165.00892857142858
36,2022,clear creek,11372000,USGS,clear creek,flow,min,165
37,2022,clear creek,11372000,USGS,clear creek,flow,max,170
37,2022,clear creek,11372000,USGS,clear creek,flow,mean,165.24553571428572
37,2022,clear creek,11372000,USGS,clear creek,flow,min,165
38,2022,clear creek,11372000,USGS,clear creek,flow,max,202
38,2022,clear creek,11372000,USGS,clear creek,flow,mean,169.5193452380952
38,2022,clear creek,11372000,USGS,clear creek,flow,min,165
39,2022,clear creek,11372000,USGS,clear creek,flow,max,221
39,2022,clear creek,11372000,USGS,clear creek,flow,mean,167.46577380952382
39,2022,clear creek,11372000,USGS,clear creek,flow,min,162
40,2022,clear creek,11372000,USGS,clear creek,flow,max,221
40,2022,clear creek,11372000,USGS,clear creek,flow,mean,217.28869047619045
40,2022,clear creek,11372000,USGS,clear creek,flow,min,216
41,2022,clear creek,11372000,USGS,clear creek,flow,max,221
41,2022,clear creek,11372000,USGS,clear creek,flow,mean,217.88244047619045
41,2022,clear creek,11372000,USGS,clear creek,flow,min,216
42,2022,clear creek,11372000,USGS,clear creek,flow,max,218
42,2022,clear creek,11372000,USGS,clear creek,flow,mean,205.21577380952382
42,2022,clear creek,11372000,USGS,clear creek,flow,min,180
43,2022,clear creek,11372000,USGS,clear creek,flow,max,218
43,2022,clear creek,11372000,USGS,clear creek,flow,mean,217.4047619047619
43,2022,clear creek,11372000,USGS,clear creek,flow,min,196
44,2022,clear creek,11372000,USGS,clear creek,flow,max,230
44,2022,clear creek,11372000,USGS,clear creek,flow,mean,218.13839285714286
44,2022,clear creek,11372000,USGS,clear creek,flow,min,216
45,2022,clear creek,11372000,USGS,clear creek,flow,max,264
45,2022,clear creek,11372000,USGS,clear creek,flow,mean,225.09970238095235
45,2022,clear creek,11372000,USGS,clear creek,flow,min,218
46,2022,clear creek,11372000,USGS,clear creek,flow,max,227
46,2022,clear creek,11372000,USGS,clear creek,flow,mean,221.38392857142858
46,2022,clear creek,11372000,USGS,clear creek,flow,min,218
47,2022,clear creek,11372000,USGS,clear creek,flow,max,227
47,2022,clear creek,11372000,USGS,clear creek,flow,mean,224.76339285714286
47,2022,clear creek,11372000,USGS,clear creek,flow,min,224
48,2022,clear creek,11372000,USGS,clear creek,flow,max,244
48,2022,clear creek,11372000,USGS,clear creek,flow,mean,226.22321428571428
48,2022,clear creek,11372000,USGS,clear creek,flow,min,221
49,2022,clear creek,11372000,USGS,clear creek,flow,max,267
49,2022,clear creek,11372000,USGS,clear creek,flow,mean,231.01041666666669
49,2022,clear creek,11372000,USGS,clear creek,flow,min,224
50,2022,clear creek,11372000,USGS,clear creek,flow,max,372
50,2022,clear creek,11372000,USGS,clear creek,flow,mean,234.5119047619048
50,2022,clear creek,11372000,USGS,clear creek,flow,min,218
51,2022,clear creek,11372000,USGS,clear creek,flow,max,221
51,2022,clear creek,11372000,USGS,clear creek,flow,mean,218.26636904761907
51,2022,clear creek,11372000,USGS,clear creek,flow,min,216
52,2022,clear creek,11372000,USGS,clear creek,flow,max,1680
52,2022,clear creek,11372000,USGS,clear creek,flow,mean,308.10267857142856
52,2022,clear creek,11372000,USGS,clear creek,flow,min,218
53,2022,clear creek,11372000,USGS,clear creek,flow,max,932
53,2022,clear creek,11372000,USGS,clear creek,flow,mean,470.6354166666667
53,2022,clear creek,11372000,USGS,clear creek,flow,min,313
1,2023,clear creek,11372000,USGS,clear creek,flow,max,2480
1,2023,clear creek,11372000,USGS,clear creek,flow,mean,460.889880952381
1,2023,clear creek,11372000,USGS,clear creek,flow,min,233
2,2023,clear creek,11372000,USGS,clear creek,flow,max,7490
2,2023,clear creek,11372000,USGS,clear creek,flow,mean,3311.370535714286
2,2023,clear creek,11372000,USGS,clear creek,flow,min,673
3,2023,clear creek,11372000,USGS,clear creek,flow,max,8020
3,2023,clear creek,11372000,USGS,clear creek,flow,mean,2039.375
3,2023,clear creek,11372000,USGS,clear creek,flow,min,312
4,2023,clear creek,11372000,USGS,clear creek,flow,max,312
4,2023,clear creek,11372000,USGS,clear creek,flow,mean,272.15476190476187
4,2023,clear creek,11372000,USGS,clear creek,flow,min,233
5,2023,clear creek,11372000,USGS,clear creek,flow,max,252
5,2023,clear creek,11372000,USGS,clear creek,flow,mean,238.04017857142858
5,2023,clear creek,11372000,USGS,clear creek,flow,min,230
6,2023,clear creek,11372000,USGS,clear creek,flow,max,275
6,2023,clear creek,11372000,USGS,clear creek,flow,mean,236.0029761904762
6,2023,clear creek,11372000,USGS,clear creek,flow,min,227
7,2023,clear creek,11372000,USGS,clear creek,flow,max,230
7,2023,clear creek,11372000,USGS,clear creek,flow,mean,220.9136904761905
7,2023,clear creek,11372000,USGS,clear creek,flow,min,216
8,2023,clear creek,11372000,USGS,clear creek,flow,max,235
8,2023,clear creek,11372000,USGS,clear creek,flow,mean,217.81696428571428
8,2023,clear creek,11372000,USGS,clear creek,flow,min,213
9,2023,clear creek,11372000,USGS,clear creek,flow,max,484
9,2023,clear creek,11372000,USGS,clear creek,flow,mean,316.26339285714283
9,2023,clear creek,11372000,USGS,clear creek,flow,min,235
10,2023,clear creek,11372000,USGS,clear creek,flow,max,1330
10,2023,clear creek,11372000,USGS,clear creek,flow,mean,406.13839285714283
10,2023,clear creek,11372000,USGS,clear creek,flow,min,284
11,2023,clear creek,11372000,USGS,clear creek,flow,max,3350
11,2023,clear creek,11372000,USGS,clear creek,flow,mean,818.1666666666669
11,2023,clear creek,11372000,USGS,clear creek,flow,min,365
12,2023,clear creek,11372000,USGS,clear creek,flow,max,1930
12,2023,clear creek,11372000,USGS,clear creek,flow,mean,561.7857142857143
12,2023,clear creek,11372000,USGS,clear creek,flow,min,377
13,2023,clear creek,11372000,USGS,clear creek,flow,max,1540
13,2023,clear creek,11372000,USGS,clear creek,flow,mean,818.5892857142856
13,2023,clear creek,11372000,USGS,clear creek,flow,min,344
14,2023,clear creek,11372000,USGS,clear creek,flow,max,1690
14,2023,clear creek,11372000,USGS,clear creek,flow,mean,609.0654761904761
14,2023,clear creek,11372000,USGS,clear creek,flow,min,324
15,2023,clear creek,11372000,USGS,clear creek,flow,max,723
15,2023,clear creek,11372000,USGS,clear creek,flow,mean,419.06101190476187
15,2023,clear creek,11372000,USGS,clear creek,flow,min,334
16,2023,clear creek,11372000,USGS,clear creek,flow,max,334
16,2023,clear creek,11372000,USGS,clear creek,flow,mean,308.82589285714283
16,2023,clear creek,11372000,USGS,clear creek,flow,min,289
17,2023,clear creek,11372000,USGS,clear creek,flow,max,292
17,2023,clear creek,11372000,USGS,clear creek,flow,mean,277.8392857142857
17,2023,clear creek,11372000,USGS,clear creek,flow,min,265
18,2023,clear creek,11372000,USGS,clear creek,flow,max,1210
18,2023,clear creek,11372000,USGS,clear creek,flow,mean,397.27232142857144
18,2023,clear creek,11372000,USGS,clear creek,flow,min,259
19,2023,clear creek,11372000,USGS,clear creek,flow,max,1100
19,2023,clear creek,11372000,USGS,clear creek,flow,mean,584.0178571428571
19,2023,clear creek,11372000,USGS,clear creek,flow,min,265
20,2023,clear creek,11372000,USGS,clear creek,flow,max,268
20,2023,clear creek,11372000,USGS,clear creek,flow,mean,245.47619047619045
20,2023,clear creek,11372000,USGS,clear creek,flow,min,215
21,2023,clear creek,11372000,USGS,clear creek,flow,max,248
21,2023,clear creek,11372000,USGS,clear creek,flow,mean,241.91517857142858
21,2023,clear creek,11372000,USGS,clear creek,flow,min,210
22,2023,clear creek,11372000,USGS,clear creek,flow,max,245
22,2023,clear creek,11372000,USGS,clear creek,flow,mean,220.99553571428572
22,2023,clear creek,11372000,USGS,clear creek,flow,min,181
23,2023,clear creek,11372000,USGS,clear creek,flow,max,274
23,2023,clear creek,11372000,USGS,clear creek,flow,mean,184.94345238095238
23,2023,clear creek,11372000,USGS,clear creek,flow,min,178
24,2023,clear creek,11372000,USGS,clear creek,flow,max,588
24,2023,clear creek,11372000,USGS,clear creek,flow,mean,255.21875
24,2023,clear creek,11372000,USGS,clear creek,flow,min,176
25,2023,clear creek,11372000,USGS,clear creek,flow,max,625
25,2023,clear creek,11372000,USGS,clear creek,flow,mean,401.79464285714295
25,2023,clear creek,11372000,USGS,clear creek,flow,min,200
26,2023,clear creek,11372000,USGS,clear creek,flow,max,202
26,2023,clear creek,11372000,USGS,clear creek,flow,mean,179.30952380952382
26,2023,clear creek,11372000,USGS,clear creek,flow,min,169
27,2023,clear creek,11372000,USGS,clear creek,flow,max,174
27,2023,clear creek,11372000,USGS,clear creek,flow,mean,169.79613095238096
27,2023,clear creek,11372000,USGS,clear creek,flow,min,167
28,2023,clear creek,11372000,USGS,clear creek,flow,max,181
28,2023,clear creek,11372000,USGS,clear creek,flow,mean,169.39732142857142
28,2023,clear creek,11372000,USGS,clear creek,flow,min,158
29,2023,clear creek,11372000,USGS,clear creek,flow,max,183
29,2023,clear creek,11372000,USGS,clear creek,flow,mean,168.6443452380952
29,2023,clear creek,11372000,USGS,clear creek,flow,min,167
30,2023,clear creek,11372000,USGS,clear creek,flow,max,171
30,2023,clear creek,11372000,USGS,clear creek,flow,mean,167.23809523809524
30,2023,clear creek,11372000,USGS,clear creek,flow,min,165
31,2023,clear creek,11372000,USGS,clear creek,flow,max,169
31,2023,clear creek,11372000,USGS,clear creek,flow,mean,166.37202380952382
31,2023,clear creek,11372000,USGS,clear creek,flow,min,165
32,2023,clear creek,11372000,USGS,clear creek,flow,max,181
32,2023,clear creek,11372000,USGS,clear creek,flow,mean,167.20089285714283
32,2023,clear creek,11372000,USGS,clear creek,flow,min,165
33,2023,clear creek,11372000,USGS,clear creek,flow,max,174
33,2023,clear creek,11372000,USGS,clear creek,flow,mean,167.36458333333331
33,2023,clear creek,11372000,USGS,clear creek,flow,min,167
34,2023,clear creek,11372000,USGS,clear creek,flow,max,198
34,2023,clear creek,11372000,USGS,clear creek,flow,mean,169.54315476190476
34,2023,clear creek,11372000,USGS,clear creek,flow,min,167
35,2023,clear creek,11372000,USGS,clear creek,flow,max,234
35,2023,clear creek,11372000,USGS,clear creek,flow,mean,167.87202380952382
35,2023,clear creek,11372000,USGS,clear creek,flow,min,150
36,2023,clear creek,11372000,USGS,clear creek,flow,max,176
36,2023,clear creek,11372000,USGS,clear creek,flow,mean,169.8735119047619
36,2023,clear creek,11372000,USGS,clear creek,flow,min,162
37,2023,clear creek,11372000,USGS,clear creek,flow,max,171
37,2023,clear creek,11372000,USGS,clear creek,flow,mean,169.10119047619045
37,2023,clear creek,11372000,USGS,clear creek,flow,min,167
38,2023,clear creek,11372000,USGS,clear creek,flow,max,171
38,2023,clear creek,11372000,USGS,clear creek,flow,mean,168.75595238095235
38,2023,clear creek,11372000,USGS,clear creek,flow,min,167
39,2023,clear creek,11372000,USGS,clear creek,flow,max,223
39,2023,clear creek,11372000,USGS,clear creek,flow,mean,184.56696428571428
39,2023,clear creek,11372000,USGS,clear creek,flow,min,167
40,2023,clear creek,11372000,USGS,clear creek,flow,max,223
40,2023,clear creek,11372000,USGS,clear creek,flow,mean,219.7008928571429
40,2023,clear creek,11372000,USGS,clear creek,flow,min,218
41,2023,clear creek,11372000,USGS,clear creek,flow,max,226
41,2023,clear creek,11372000,USGS,clear creek,flow,mean,220.20982142857142
41,2023,clear creek,11372000,USGS,clear creek,flow,min,220
42,2023,clear creek,11372000,USGS,clear creek,flow,max,223
42,2023,clear creek,11372000,USGS,clear creek,flow,mean,220.5
42,2023,clear creek,11372000,USGS,clear creek,flow,min,220
43,2023,clear creek,11372000,USGS,clear creek,flow,max,223
43,2023,clear creek,11372000,USGS,clear creek,flow,mean,220.2276785714286
43,2023,clear creek,11372000,USGS,clear creek,flow,min,218
44,2023,clear creek,11372000,USGS,clear creek,flow,max,302
44,2023,clear creek,11372000,USGS,clear creek,flow,mean,217.86755952380955
44,2023,clear creek,11372000,USGS,clear creek,flow,min,190
45,2023,clear creek,11372000,USGS,clear creek,flow,max,226
45,2023,clear creek,11372000,USGS,clear creek,flow,mean,220.48511904761904
45,2023,clear creek,11372000,USGS,clear creek,flow,min,218
46,2023,clear creek,11372000,USGS,clear creek,flow,max,302
46,2023,clear creek,11372000,USGS,clear creek,flow,mean,222.2589285714286
46,2023,clear creek,11372000,USGS,clear creek,flow,min,218
47,2023,clear creek,11372000,USGS,clear creek,flow,max,548
47,2023,clear creek,11372000,USGS,clear creek,flow,mean,233.1011904761905
47,2023,clear creek,11372000,USGS,clear creek,flow,min,222
48,2023,clear creek,11372000,USGS,clear creek,flow,max,225
48,2023,clear creek,11372000,USGS,clear creek,flow,mean,221.94345238095238
48,2023,clear creek,11372000,USGS,clear creek,flow,min,220
49,2023,clear creek,11372000,USGS,clear creek,flow,max,233
49,2023,clear creek,11372000,USGS,clear creek,flow,mean,224.9568452380952
49,2023,clear creek,11372000,USGS,clear creek,flow,min,209
50,2023,clear creek,11372000,USGS,clear creek,flow,max,225
50,2023,clear creek,11372000,USGS,clear creek,flow,mean,221.36458333333331
50,2023,clear creek,11372000,USGS,clear creek,flow,min,220
51,2023,clear creek,11372000,USGS,clear creek,flow,max,678
51,2023,clear creek,11372000,USGS,clear creek,flow,mean,289.7470238095238
51,2023,clear creek,11372000,USGS,clear creek,flow,min,220
52,2023,clear creek,11372000,USGS,clear creek,flow,max,734
52,2023,clear creek,11372000,USGS,clear creek,flow,mean,308.8586309523809
52,2023,clear creek,11372000,USGS,clear creek,flow,min,227
53,2023,clear creek,11372000,USGS,clear creek,flow,max,477
53,2023,clear creek,11372000,USGS,clear creek,flow,mean,477
53,2023,clear creek,11372000,USGS,clear creek,flow,min,477
1,2024,clear creek,11372000,USGS,clear creek,flow,max,482
1,2024,clear creek,11372000,USGS,clear creek,flow,mean,302.38095238095235
1,2024,clear creek,11372000,USGS,clear creek,flow,min,260
2,2024,clear creek,11372000,USGS,clear creek,flow,max,823
2,2024,clear creek,11372000,USGS,clear creek,flow,mean,298.8392857142857
2,2024,clear creek,11372000,USGS,clear creek,flow,min,249
3,2024,clear creek,11372000,USGS,clear creek,flow,max,1250
3,2024,clear creek,11372000,USGS,clear creek,flow,mean,429.36160714285705
3,2024,clear creek,11372000,USGS,clear creek,flow,min,290
4,2024,clear creek,11372000,USGS,clear creek,flow,max,1750
4,2024,clear creek,11372000,USGS,clear creek,flow,mean,689.2991071428572
4,2024,clear creek,11372000,USGS,clear creek,flow,min,363
5,2024,clear creek,11372000,USGS,clear creek,flow,max,828
5,2024,clear creek,11372000,USGS,clear creek,flow,mean,460.06398809523813
5,2024,clear creek,11372000,USGS,clear creek,flow,min,315
6,2024,clear creek,11372000,USGS,clear creek,flow,max,1610
6,2024,clear creek,11372000,USGS,clear creek,flow,mean,557.2261904761905
6,2024,clear creek,11372000,USGS,clear creek,flow,min,351
7,2024,clear creek,11372000,USGS,clear creek,flow,max,1190
7,2024,clear creek,11372000,USGS,clear creek,flow,mean,470.7172619047619
7,2024,clear creek,11372000,USGS,clear creek,flow,min,315
8,2024,clear creek,11372000,USGS,clear creek,flow,max,3120
8,2024,clear creek,11372000,USGS,clear creek,flow,mean,1749.5119047619046
8,2024,clear creek,11372000,USGS,clear creek,flow,min,646
9,2024,clear creek,11372000,USGS,clear creek,flow,max,1100
9,2024,clear creek,11372000,USGS,clear creek,flow,mean,433.5238095238096
9,2024,clear creek,11372000,USGS,clear creek,flow,min,318
10,2024,clear creek,11372000,USGS,clear creek,flow,max,866
10,2024,clear creek,11372000,USGS,clear creek,flow,mean,458.9449404761905
10,2024,clear creek,11372000,USGS,clear creek,flow,min,331
11,2024,clear creek,11372000,USGS,clear creek,flow,max,605
11,2024,clear creek,11372000,USGS,clear creek,flow,mean,415.5892857142857
11,2024,clear creek,11372000,USGS,clear creek,flow,min,337
12,2024,clear creek,11372000,USGS,clear creek,flow,max,1290
12,2024,clear creek,11372000,USGS,clear creek,flow,mean,691.4925595238095
12,2024,clear creek,11372000,USGS,clear creek,flow,min,305
13,2024,clear creek,11372000,USGS,clear creek,flow,max,1150
13,2024,clear creek,11372000,USGS,clear creek,flow,mean,809.6711309523808
13,2024,clear creek,11372000,USGS,clear creek,flow,min,546
14,2024,clear creek,11372000,USGS,clear creek,flow,max,585
14,2024,clear creek,11372000,USGS,clear creek,flow,mean,360.3288690476191
14,2024,clear creek,11372000,USGS,clear creek,flow,min,290
15,2024,clear creek,11372000,USGS,clear creek,flow,max,334
15,2024,clear creek,11372000,USGS,clear creek,flow,mean,277.70535714285717
15,2024,clear creek,11372000,USGS,clear creek,flow,min,244
16,2024,clear creek,11372000,USGS,clear creek,flow,max,299
16,2024,clear creek,11372000,USGS,clear creek,flow,mean,270.97023809523813
16,2024,clear creek,11372000,USGS,clear creek,flow,min,258
17,2024,clear creek,11372000,USGS,clear creek,flow,max,260
17,2024,clear creek,11372000,USGS,clear creek,flow,mean,254.98958333333331
17,2024,clear creek,11372000,USGS,clear creek,flow,min,249
18,2024,clear creek,11372000,USGS,clear creek,flow,max,281
18,2024,clear creek,11372000,USGS,clear creek,flow,mean,249.03571428571428
18,2024,clear creek,11372000,USGS,clear creek,flow,min,244
19,2024,clear creek,11372000,USGS,clear creek,flow,max,249
19,2024,clear creek,11372000,USGS,clear creek,flow,mean,242.32440476190476
19,2024,clear creek,11372000,USGS,clear creek,flow,min,238
20,2024,clear creek,11372000,USGS,clear creek,flow,max,992
20,2024,clear creek,11372000,USGS,clear creek,flow,mean,466.75
20,2024,clear creek,11372000,USGS,clear creek,flow,min,233
21,2024,clear creek,11372000,USGS,clear creek,flow,max,992
21,2024,clear creek,11372000,USGS,clear creek,flow,mean,474.9880952380953
21,2024,clear creek,11372000,USGS,clear creek,flow,min,278
22,2024,clear creek,11372000,USGS,clear creek,flow,max,287
22,2024,clear creek,11372000,USGS,clear creek,flow,mean,243.10416666666666
22,2024,clear creek,11372000,USGS,clear creek,flow,min,197
23,2024,clear creek,11372000,USGS,clear creek,flow,max,238
23,2024,clear creek,11372000,USGS,clear creek,flow,mean,182.01934523809524
23,2024,clear creek,11372000,USGS,clear creek,flow,min,171
24,2024,clear creek,11372000,USGS,clear creek,flow,max,585
24,2024,clear creek,11372000,USGS,clear creek,flow,mean,306.15773809523813
24,2024,clear creek,11372000,USGS,clear creek,flow,min,171
25,2024,clear creek,11372000,USGS,clear creek,flow,max,580
25,2024,clear creek,11372000,USGS,clear creek,flow,mean,348.05208333333337
25,2024,clear creek,11372000,USGS,clear creek,flow,min,244
26,2024,clear creek,11372000,USGS,clear creek,flow,max,246
26,2024,clear creek,11372000,USGS,clear creek,flow,mean,183.4761904761905
26,2024,clear creek,11372000,USGS,clear creek,flow,min,171
27,2024,clear creek,11372000,USGS,clear creek,flow,max,222
27,2024,clear creek,11372000,USGS,clear creek,flow,mean,199.9702380952381
27,2024,clear creek,11372000,USGS,clear creek,flow,min,169
28,2024,clear creek,11372000,USGS,clear creek,flow,max,222
28,2024,clear creek,11372000,USGS,clear creek,flow,mean,220.0863095238095
28,2024,clear creek,11372000,USGS,clear creek,flow,min,220
29,2024,clear creek,11372000,USGS,clear creek,flow,max,222
29,2024,clear creek,11372000,USGS,clear creek,flow,mean,207.77678571428572
29,2024,clear creek,11372000,USGS,clear creek,flow,min,192
30,2024,clear creek,11372000,USGS,clear creek,flow,max,194
30,2024,clear creek,11372000,USGS,clear creek,flow,mean,184.0029761904762
30,2024,clear creek,11372000,USGS,clear creek,flow,min,166
31,2024,clear creek,11372000,USGS,clear creek,flow,max,169
31,2024,clear creek,11372000,USGS,clear creek,flow,mean,166.125
31,2024,clear creek,11372000,USGS,clear creek,flow,min,166
32,2024,clear creek,11372000,USGS,clear creek,flow,max,166
32,2024,clear creek,11372000,USGS,clear creek,flow,mean,165.67857142857142
32,2024,clear creek,11372000,USGS,clear creek,flow,min,164
33,2024,clear creek,11372000,USGS,clear creek,flow,max,171
33,2024,clear creek,11372000,USGS,clear creek,flow,mean,165.70089285714286
33,2024,clear creek,11372000,USGS,clear creek,flow,min,164
34,2024,clear creek,11372000,USGS,clear creek,flow,max,169
34,2024,clear creek,11372000,USGS,clear creek,flow,mean,165.69642857142858
34,2024,clear creek,11372000,USGS,clear creek,flow,min,164
35,2024,clear creek,11372000,USGS,clear creek,flow,max,166
35,2024,clear creek,11372000,USGS,clear creek,flow,mean,164.51388888888889
35,2024,clear creek,11372000,USGS,clear creek,flow,min,164
41,2024,clear creek,11372000,USGS,clear creek,flow,max,NA
41,2024,clear creek,11372000,USGS,clear creek,flow,mean,NA
41,2024,clear creek,11372000,USGS,clear creek,flow,min,NA
42,2024,clear creek,11372000,USGS,clear creek,flow,max,NA
42,2024,clear creek,11372000,USGS,clear creek,flow,mean,NA
42,2024,clear creek,11372000,USGS,clear creek,flow,min,NA
43,2024,clear creek,11372000,USGS,clear creek,flow,max,NA
43,2024,clear creek,11372000,USGS,clear creek,flow,mean,NA
43,2024,clear creek,11372000,USGS,clear creek,flow,min,NA
44,2024,clear creek,11372000,USGS,clear creek,flow,max,NA
44,2024,clear creek,11372000,USGS,clear creek,flow,mean,NA
44,2024,clear creek,11372000,USGS,clear creek,flow,min,NA
45,2024,clear creek,11372000,USGS,clear creek,flow,max,NA
45,2024,clear creek,11372000,USGS,clear creek,flow,mean,NA
45,2024,clear creek,11372000,USGS,clear creek,flow,min,NA
46,2024,clear creek,11372000,USGS,clear creek,flow,max,NA
46,2024,clear creek,11372000,USGS,clear creek,flow,mean,NA
46,2024,clear creek,11372000,USGS,clear creek,flow,min,NA
47,2024,clear creek,11372000,USGS,clear creek,flow,max,NA
47,2024,clear creek,11372000,USGS,clear creek,flow,mean,NA
47,2024,clear creek,11372000,USGS,clear creek,flow,min,NA
48,2024,clear creek,11372000,USGS,clear creek,flow,max,NA
48,2024,clear creek,11372000,USGS,clear creek,flow,mean,NA
48,2024,clear creek,11372000,USGS,clear creek,flow,min,NA
49,2024,clear creek,11372000,USGS,clear creek,flow,max,NA
49,2024,clear creek,11372000,USGS,clear creek,flow,mean,NA
49,2024,clear creek,11372000,USGS,clear creek,flow,min,NA
50,2024,clear creek,11372000,USGS,clear creek,flow,max,NA
50,2024,clear creek,11372000,USGS,clear creek,flow,mean,NA
50,2024,clear creek,11372000,USGS,clear creek,flow,min,NA
51,2024,clear creek,11372000,USGS,clear creek,flow,max,NA
51,2024,clear creek,11372000,USGS,clear creek,flow,mean,NA
51,2024,clear creek,11372000,USGS,clear creek,flow,min,NA
52,2024,clear creek,11372000,USGS,clear creek,flow,max,NA
52,2024,clear creek,11372000,USGS,clear creek,flow,mean,NA
52,2024,clear creek,11372000,USGS,clear creek,flow,min,NA
53,2024,clear creek,11372000,USGS,clear creek,flow,max,NA
53,2024,clear creek,11372000,USGS,clear creek,flow,mean,NA
53,2024,clear creek,11372000,USGS,clear creek,flow,min,NA
1,2025,clear creek,11372000,USGS,clear creek,flow,max,NA
1,2025,clear creek,11372000,USGS,clear creek,flow,mean,NA
1,2025,clear creek,11372000,USGS,clear creek,flow,min,NA
2,2025,clear creek,11372000,USGS,clear creek,flow,max,NA
2,2025,clear creek,11372000,USGS,clear creek,flow,mean,NA
2,2025,clear creek,11372000,USGS,clear creek,flow,min,NA
3,2025,clear creek,11372000,USGS,clear creek,flow,max,NA
3,2025,clear creek,11372000,USGS,clear creek,flow,mean,NA
3,2025,clear creek,11372000,USGS,clear creek,flow,min,NA
4,2025,clear creek,11372000,USGS,clear creek,flow,max,NA
4,2025,clear creek,11372000,USGS,clear creek,flow,mean,NA
4,2025,clear creek,11372000,USGS,clear creek,flow,min,NA
5,2025,clear creek,11372000,USGS,clear creek,flow,max,NA
5,2025,clear creek,11372000,USGS,clear creek,flow,mean,NA
5,2025,clear creek,11372000,USGS,clear creek,flow,min,NA
6,2025,clear creek,11372000,USGS,clear creek,flow,max,NA
6,2025,clear creek,11372000,USGS,clear creek,flow,mean,NA
6,2025,clear creek,11372000,USGS,clear creek,flow,min,NA
7,2025,clear creek,11372000,USGS,clear creek,flow,max,NA
7,2025,clear creek,11372000,USGS,clear creek,flow,mean,NA
7,2025,clear creek,11372000,USGS,clear creek,flow,min,NA
8,2025,clear creek,11372000,USGS,clear creek,flow,max,NA
8,2025,clear creek,11372000,USGS,clear creek,flow,mean,NA
8,2025,clear creek,11372000,USGS,clear creek,flow,min,NA
9,2025,clear creek,11372000,USGS,clear creek,flow,max,NA
9,2025,clear creek,11372000,USGS,clear creek,flow,mean,NA
9,2025,clear creek,11372000,USGS,clear creek,flow,min,NA
10,2025,clear creek,11372000,USGS,clear creek,flow,max,NA
10,2025,clear creek,11372000,USGS,clear creek,flow,mean,NA
10,2025,clear creek,11372000,USGS,clear creek,flow,min,NA
11,2025,clear creek,11372000,USGS,clear creek,flow,max,NA
11,2025,clear creek,11372000,USGS,clear creek,flow,mean,NA
11,2025,clear creek,11372000,USGS,clear creek,flow,min,NA
12,2025,clear creek,11372000,USGS,clear creek,flow,max,NA
12,2025,clear creek,11372000,USGS,clear creek,flow,mean,NA
12,2025,clear creek,11372000,USGS,clear creek,flow,min,NA
13,2025,clear creek,11372000,USGS,clear creek,flow,max,NA
13,2025,clear creek,11372000,USGS,clear creek,flow,mean,NA
13,2025,clear creek,11372000,USGS,clear creek,flow,min,NA
14,2025,clear creek,11372000,USGS,clear creek,flow,max,NA
14,2025,clear creek,11372000,USGS,clear creek,flow,mean,NA
14,2025,clear creek,11372000,USGS,clear creek,flow,min,NA
15,2025,clear creek,11372000,USGS,clear creek,flow,max,NA
15,2025,clear creek,11372000,USGS,clear creek,flow,mean,NA
15,2025,clear creek,11372000,USGS,clear creek,flow,min,NA
16,2025,clear creek,11372000,USGS,clear creek,flow,max,NA
16,2025,clear creek,11372000,USGS,clear creek,flow,mean,NA
16,2025,clear creek,11372000,USGS,clear creek,flow,min,NA
17,2025,clear creek,11372000,USGS,clear creek,flow,max,NA
17,2025,clear creek,11372000,USGS,clear creek,flow,mean,NA
17,2025,clear creek,11372000,USGS,clear creek,flow,min,NA
18,2025,clear creek,11372000,USGS,clear creek,flow,max,NA
18,2025,clear creek,11372000,USGS,clear creek,flow,mean,NA
18,2025,clear creek,11372000,USGS,clear creek,flow,min,NA
19,2025,clear creek,11372000,USGS,clear creek,flow,max,NA
19,2025,clear creek,11372000,USGS,clear creek,flow,mean,NA
19,2025,clear creek,11372000,USGS,clear creek,flow,min,NA
20,2025,clear creek,11372000,USGS,clear creek,flow,max,NA
20,2025,clear creek,11372000,USGS,clear creek,flow,mean,NA
20,2025,clear creek,11372000,USGS,clear creek,flow,min,NA
21,2025,clear creek,11372000,USGS,clear creek,flow,max,NA
21,2025,clear creek,11372000,USGS,clear creek,flow,mean,NA
21,2025,clear creek,11372000,USGS,clear creek,flow,min,NA
22,2025,clear creek,11372000,USGS,clear creek,flow,max,NA
22,2025,clear creek,11372000,USGS,clear creek,flow,mean,NA
22,2025,clear creek,11372000,USGS,clear creek,flow,min,NA
23,2025,clear creek,11372000,USGS,clear creek,flow,max,NA
23,2025,clear creek,11372000,USGS,clear creek,flow,mean,NA
23,2025,clear creek,11372000,USGS,clear creek,flow,min,NA
24,2025,clear creek,11372000,USGS,clear creek,flow,max,NA
24,2025,clear creek,11372000,USGS,clear creek,flow,mean,NA
24,2025,clear creek,11372000,USGS,clear creek,flow,min,NA
25,2025,clear creek,11372000,USGS,clear creek,flow,max,NA
25,2025,clear creek,11372000,USGS,clear creek,flow,mean,NA
25,2025,clear creek,11372000,USGS,clear creek,flow,min,NA
26,2025,clear creek,11372000,USGS,clear creek,flow,max,NA
26,2025,clear creek,11372000,USGS,clear creek,flow,mean,NA
26,2025,clear creek,11372000,USGS,clear creek,flow,min,NA
27,2025,clear creek,11372000,USGS,clear creek,flow,max,NA
27,2025,clear creek,11372000,USGS,clear creek,flow,mean,NA
27,2025,clear creek,11372000,USGS,clear creek,flow,min,NA
28,2025,clear creek,11372000,USGS,clear creek,flow,max,NA
28,2025,clear creek,11372000,USGS,clear creek,flow,mean,NA
28,2025,clear creek,11372000,USGS,clear creek,flow,min,NA
29,2025,clear creek,11372000,USGS,clear creek,flow,max,NA
29,2025,clear creek,11372000,USGS,clear creek,flow,mean,NA
29,2025,clear creek,11372000,USGS,clear creek,flow,min,NA
30,2025,clear creek,11372000,USGS,clear creek,flow,max,NA
30,2025,clear creek,11372000,USGS,clear creek,flow,mean,NA
30,2025,clear creek,11372000,USGS,clear creek,flow,min,NA
31,2025,clear creek,11372000,USGS,clear creek,flow,max,NA
31,2025,clear creek,11372000,USGS,clear creek,flow,mean,NA
31,2025,clear creek,11372000,USGS,clear creek,flow,min,NA
32,2025,clear creek,11372000,USGS,clear creek,flow,max,NA
32,2025,clear creek,11372000,USGS,clear creek,flow,mean,NA
32,2025,clear creek,11372000,USGS,clear creek,flow,min,NA
33,2025,clear creek,11372000,USGS,clear creek,flow,max,NA
33,2025,clear creek,11372000,USGS,clear creek,flow,mean,NA
33,2025,clear creek,11372000,USGS,clear creek,flow,min,NA
34,2025,clear creek,11372000,USGS,clear creek,flow,max,NA
34,2025,clear creek,11372000,USGS,clear creek,flow,mean,NA
34,2025,clear creek,11372000,USGS,clear creek,flow,min,NA
35,2025,clear creek,11372000,USGS,clear creek,flow,max,NA
35,2025,clear creek,11372000,USGS,clear creek,flow,mean,NA
35,2025,clear creek,11372000,USGS,clear creek,flow,min,NA
36,2025,clear creek,11372000,USGS,clear creek,flow,max,NA
36,2025,clear creek,11372000,USGS,clear creek,flow,mean,NA
36,2025,clear creek,11372000,USGS,clear creek,flow,min,NA
37,2025,clear creek,11372000,USGS,clear creek,flow,max,NA
37,2025,clear creek,11372000,USGS,clear creek,flow,mean,NA
37,2025,clear creek,11372000,USGS,clear creek,flow,min,NA
38,2025,clear creek,11372000,USGS,clear creek,flow,max,NA
38,2025,clear creek,11372000,USGS,clear creek,flow,mean,NA
38,2025,clear creek,11372000,USGS,clear creek,flow,min,NA
39,2025,clear creek,11372000,USGS,clear creek,flow,max,NA
39,2025,clear creek,11372000,USGS,clear creek,flow,mean,NA
39,2025,clear creek,11372000,USGS,clear creek,flow,min,NA
40,2025,clear creek,11372000,USGS,clear creek,flow,max,NA
40,2025,clear creek,11372000,USGS,clear creek,flow,mean,NA
40,2025,clear creek,11372000,USGS,clear creek,flow,min,NA
41,2025,clear creek,11372000,USGS,clear creek,flow,max,NA
41,2025,clear creek,11372000,USGS,clear creek,flow,mean,NA
41,2025,clear creek,11372000,USGS,clear creek,flow,min,NA
42,2025,clear creek,11372000,USGS,clear creek,flow,max,NA
42,2025,clear creek,11372000,USGS,clear creek,flow,mean,NA
42,2025,clear creek,11372000,USGS,clear creek,flow,min,NA
43,2025,clear creek,11372000,USGS,clear creek,flow,max,NA
43,2025,clear creek,11372000,USGS,clear creek,flow,mean,NA
43,2025,clear creek,11372000,USGS,clear creek,flow,min,NA
44,2025,clear creek,11372000,USGS,clear creek,flow,max,NA
44,2025,clear creek,11372000,USGS,clear creek,flow,mean,NA
44,2025,clear creek,11372000,USGS,clear creek,flow,min,NA
45,2025,clear creek,11372000,USGS,clear creek,flow,max,NA
45,2025,clear creek,11372000,USGS,clear creek,flow,mean,NA
45,2025,clear creek,11372000,USGS,clear creek,flow,min,NA
46,2025,clear creek,11372000,USGS,clear creek,flow,max,NA
46,2025,clear creek,11372000,USGS,clear creek,flow,mean,NA
46,2025,clear creek,11372000,USGS,clear creek,flow,min,NA
47,2025,clear creek,11372000,USGS,clear creek,flow,max,NA
47,2025,clear creek,11372000,USGS,clear creek,flow,mean,NA
47,2025,clear creek,11372000,USGS,clear creek,flow,min,NA
48,2025,clear creek,11372000,USGS,clear creek,flow,max,NA
48,2025,clear creek,11372000,USGS,clear creek,flow,mean,NA
48,2025,clear creek,11372000,USGS,clear creek,flow,min,NA
49,2025,clear creek,11372000,USGS,clear creek,flow,max,NA
49,2025,clear creek,11372000,USGS,clear creek,flow,mean,NA
49,2025,clear creek,11372000,USGS,clear creek,flow,min,NA
50,2025,clear creek,11372000,USGS,clear creek,flow,max,NA
50,2025,clear creek,11372000,USGS,clear creek,flow,mean,NA
50,2025,clear creek,11372000,USGS,clear creek,flow,min,NA
51,2025,clear creek,11372000,USGS,clear creek,flow,max,NA
51,2025,clear creek,11372000,USGS,clear creek,flow,mean,NA
51,2025,clear creek,11372000,USGS,clear creek,flow,min,NA
52,2025,clear creek,11372000,USGS,clear creek,flow,max,NA
52,2025,clear creek,11372000,USGS,clear creek,flow,mean,NA
52,2025,clear creek,11372000,USGS,clear creek,flow,min,NA
53,2025,clear creek,11372000,USGS,clear creek,flow,max,NA
53,2025,clear creek,11372000,USGS,clear creek,flow,mean,NA
53,2025,clear creek,11372000,USGS,clear creek,flow,min,NA
1,2026,clear creek,11372000,USGS,clear creek,flow,max,NA
1,2026,clear creek,11372000,USGS,clear creek,flow,mean,NA
1,2026,clear creek,11372000,USGS,clear creek,flow,min,NA
2,2026,clear creek,11372000,USGS,clear creek,flow,max,NA
2,2026,clear creek,11372000,USGS,clear creek,flow,mean,NA
2,2026,clear creek,11372000,USGS,clear creek,flow,min,NA
3,2026,clear creek,11372000,USGS,clear creek,flow,max,NA
3,2026,clear creek,11372000,USGS,clear creek,flow,mean,NA
3,2026,clear creek,11372000,USGS,clear creek,flow,min,NA
4,2026,clear creek,11372000,USGS,clear creek,flow,max,NA
4,2026,clear creek,11372000,USGS,clear creek,flow,mean,NA
4,2026,clear creek,11372000,USGS,clear creek,flow,min,NA
5,2026,clear creek,11372000,USGS,clear creek,flow,max,NA
5,2026,clear creek,11372000,USGS,clear creek,flow,mean,NA
5,2026,clear creek,11372000,USGS,clear creek,flow,min,NA
6,2026,clear creek,11372000,USGS,clear creek,flow,max,NA
6,2026,clear creek,11372000,USGS,clear creek,flow,mean,NA
6,2026,clear creek,11372000,USGS,clear creek,flow,min,NA
7,2026,clear creek,11372000,USGS,clear creek,flow,max,NA
7,2026,clear creek,11372000,USGS,clear creek,flow,mean,NA
7,2026,clear creek,11372000,USGS,clear creek,flow,min,NA
8,2026,clear creek,11372000,USGS,clear creek,flow,max,NA
8,2026,clear creek,11372000,USGS,clear creek,flow,mean,NA
8,2026,clear creek,11372000,USGS,clear creek,flow,min,NA
9,2026,clear creek,11372000,USGS,clear creek,flow,max,NA
9,2026,clear creek,11372000,USGS,clear creek,flow,mean,NA
9,2026,clear creek,11372000,USGS,clear creek,flow,min,NA
10,2026,clear creek,11372000,USGS,clear creek,flow,max,NA
10,2026,clear creek,11372000,USGS,clear creek,flow,mean,NA
10,2026,clear creek,11372000,USGS,clear creek,flow,min,NA
11,2026,clear creek,11372000,USGS,clear creek,flow,max,NA
11,2026,clear creek,11372000,USGS,clear creek,flow,mean,NA
11,2026,clear creek,11372000,USGS,clear creek,flow,min,NA
12,2026,clear creek,11372000,USGS,clear creek,flow,max,NA
12,2026,clear creek,11372000,USGS,clear creek,flow,mean,NA
12,2026,clear creek,11372000,USGS,clear creek,flow,min,NA
13,2026,clear creek,11372000,USGS,clear creek,flow,max,NA
13,2026,clear creek,11372000,USGS,clear creek,flow,mean,NA
13,2026,clear creek,11372000,USGS,clear creek,flow,min,NA
14,2026,clear creek,11372000,USGS,clear creek,flow,max,NA
14,2026,clear creek,11372000,USGS,clear creek,flow,mean,NA
14,2026,clear creek,11372000,USGS,clear creek,flow,min,NA
15,2026,clear creek,11372000,USGS,clear creek,flow,max,NA
15,2026,clear creek,11372000,USGS,clear creek,flow,mean,NA
15,2026,clear creek,11372000,USGS,clear creek,flow,min,NA
16,2026,clear creek,11372000,USGS,clear creek,flow,max,NA
16,2026,clear creek,11372000,USGS,clear creek,flow,mean,NA
16,2026,clear creek,11372000,USGS,clear creek,flow,min,NA
17,2026,clear creek,11372000,USGS,clear creek,flow,max,NA
17,2026,clear creek,11372000,USGS,clear creek,flow,mean,NA
17,2026,clear creek,11372000,USGS,clear creek,flow,min,NA
18,2026,clear creek,11372000,USGS,clear creek,flow,max,NA
18,2026,clear creek,11372000,USGS,clear creek,flow,mean,NA
18,2026,clear creek,11372000,USGS,clear creek,flow,min,NA
19,2026,clear creek,11372000,USGS,clear creek,flow,max,NA
19,2026,clear creek,11372000,USGS,clear creek,flow,mean,NA
19,2026,clear creek,11372000,USGS,clear creek,flow,min,NA
20,2026,clear creek,11372000,USGS,clear creek,flow,max,NA
20,2026,clear creek,11372000,USGS,clear creek,flow,mean,NA
20,2026,clear creek,11372000,USGS,clear creek,flow,min,NA
21,2026,clear creek,11372000,USGS,clear creek,flow,max,NA
21,2026,clear creek,11372000,USGS,clear creek,flow,mean,NA
21,2026,clear creek,11372000,USGS,clear creek,flow,min,NA
22,2026,clear creek,11372000,USGS,clear creek,flow,max,NA
22,2026,clear creek,11372000,USGS,clear creek,flow,mean,NA
22,2026,clear creek,11372000,USGS,clear creek,flow,min,NA
23,2026,clear creek,11372000,USGS,clear creek,flow,max,NA
23,2026,clear creek,11372000,USGS,clear creek,flow,mean,NA
23,2026,clear creek,11372000,USGS,clear creek,flow,min,NA
24,2026,clear creek,11372000,USGS,clear creek,flow,max,NA
24,2026,clear creek,11372000,USGS,clear creek,flow,mean,NA
24,2026,clear creek,11372000,USGS,clear creek,flow,min,NA
25,2026,clear creek,11372000,USGS,clear creek,flow,max,NA
25,2026,clear creek,11372000,USGS,clear creek,flow,mean,NA
25,2026,clear creek,11372000,USGS,clear creek,flow,min,NA
26,2026,clear creek,11372000,USGS,clear creek,flow,max,NA
26,2026,clear creek,11372000,USGS,clear creek,flow,mean,NA
26,2026,clear creek,11372000,USGS,clear creek,flow,min,NA
27,2026,clear creek,11372000,USGS,clear creek,flow,max,NA
27,2026,clear creek,11372000,USGS,clear creek,flow,mean,NA
27,2026,clear creek,11372000,USGS,clear creek,flow,min,NA
28,2026,clear creek,11372000,USGS,clear creek,flow,max,NA
28,2026,clear creek,11372000,USGS,clear creek,flow,mean,NA
28,2026,clear creek,11372000,USGS,clear creek,flow,min,NA
29,2026,clear creek,11372000,USGS,clear creek,flow,max,NA
29,2026,clear creek,11372000,USGS,clear creek,flow,mean,NA
29,2026,clear creek,11372000,USGS,clear creek,flow,min,NA
30,2026,clear creek,11372000,USGS,clear creek,flow,max,NA
30,2026,clear creek,11372000,USGS,clear creek,flow,mean,NA
30,2026,clear creek,11372000,USGS,clear creek,flow,min,NA
31,2026,clear creek,11372000,USGS,clear creek,flow,max,NA
31,2026,clear creek,11372000,USGS,clear creek,flow,mean,NA
31,2026,clear creek,11372000,USGS,clear creek,flow,min,NA
32,2026,clear creek,11372000,USGS,clear creek,flow,max,NA
32,2026,clear creek,11372000,USGS,clear creek,flow,mean,NA
32,2026,clear creek,11372000,USGS,clear creek,flow,min,NA
33,2026,clear creek,11372000,USGS,clear creek,flow,max,NA
33,2026,clear creek,11372000,USGS,clear creek,flow,mean,NA
33,2026,clear creek,11372000,USGS,clear creek,flow,min,NA
34,2026,clear creek,11372000,USGS,clear creek,flow,max,NA
34,2026,clear creek,11372000,USGS,clear creek,flow,mean,NA
34,2026,clear creek,11372000,USGS,clear creek,flow,min,NA
35,2026,clear creek,11372000,USGS,clear creek,flow,max,NA
35,2026,clear creek,11372000,USGS,clear creek,flow,mean,NA
35,2026,clear creek,11372000,USGS,clear creek,flow,min,NA
36,2026,clear creek,11372000,USGS,clear creek,flow,max,NA
36,2026,clear creek,11372000,USGS,clear creek,flow,mean,NA
36,2026,clear creek,11372000,USGS,clear creek,flow,min,NA
37,2026,clear creek,11372000,USGS,clear creek,flow,max,NA
37,2026,clear creek,11372000,USGS,clear creek,flow,mean,NA
37,2026,clear creek,11372000,USGS,clear creek,flow,min,NA
38,2026,clear creek,11372000,USGS,clear creek,flow,max,NA
38,2026,clear creek,11372000,USGS,clear creek,flow,mean,NA
38,2026,clear creek,11372000,USGS,clear creek,flow,min,NA
39,2026,clear creek,11372000,USGS,clear creek,flow,max,NA
39,2026,clear creek,11372000,USGS,clear creek,flow,mean,NA
39,2026,clear creek,11372000,USGS,clear creek,flow,min,NA
40,2026,clear creek,11372000,USGS,clear creek,flow,max,NA
40,2026,clear creek,11372000,USGS,clear creek,flow,mean,NA
40,2026,clear creek,11372000,USGS,clear creek,flow,min,NA
41,2026,clear creek,11372000,USGS,clear creek,flow,max,NA
41,2026,clear creek,11372000,USGS,clear creek,flow,mean,NA
41,2026,clear creek,11372000,USGS,clear creek,flow,min,NA
