week,year,stream,gage_number,gage_agency,site_group,parameter,statistic,value
7,2001,clear creek,LCC,USFWS,clear creek,temperature,max,7.77
7,2001,clear creek,LCC,USFWS,clear creek,temperature,mean,7.109097222222222
7,2001,clear creek,LCC,USFWS,clear creek,temperature,min,6.53
8,2001,clear creek,LCC,USFWS,clear creek,temperature,max,8.99
8,2001,clear creek,LCC,USFWS,clear creek,temperature,mean,7.795654761904761
8,2001,clear creek,LCC,USFWS,clear creek,temperature,min,6.68
9,2001,clear creek,LCC,USFWS,clear creek,temperature,max,9.61
9,2001,clear creek,LCC,USFWS,clear creek,temperature,mean,7.981220238095238
9,2001,clear creek,LCC,USFWS,clear creek,temperature,min,6.68
10,2001,clear creek,LCC,USFWS,clear creek,temperature,max,11.94
10,2001,clear creek,LCC,USFWS,clear creek,temperature,mean,9.674438956433637
10,2001,clear creek,LCC,USFWS,clear creek,temperature,min,7.77
11,2001,clear creek,LCC,USFWS,clear creek,temperature,max,13.03
11,2001,clear creek,LCC,USFWS,clear creek,temperature,mean,10.19737145390071
11,2001,clear creek,LCC,USFWS,clear creek,temperature,min,8.23
12,2001,clear creek,LCC,USFWS,clear creek,temperature,max,14.26
12,2001,clear creek,LCC,USFWS,clear creek,temperature,mean,11.71297302431611
12,2001,clear creek,LCC,USFWS,clear creek,temperature,min,9.77
13,2001,clear creek,LCC,USFWS,clear creek,temperature,max,14.89
13,2001,clear creek,LCC,USFWS,clear creek,temperature,mean,11.891768617021276
13,2001,clear creek,LCC,USFWS,clear creek,temperature,min,9.46
14,2001,clear creek,LCC,USFWS,clear creek,temperature,max,12.87
14,2001,clear creek,LCC,USFWS,clear creek,temperature,mean,9.96324531408308
14,2001,clear creek,LCC,USFWS,clear creek,temperature,min,8.07
15,2001,clear creek,LCC,USFWS,clear creek,temperature,max,13.34
15,2001,clear creek,LCC,USFWS,clear creek,temperature,mean,10.791031746031747
15,2001,clear creek,LCC,USFWS,clear creek,temperature,min,8.23
16,2001,clear creek,LCC,USFWS,clear creek,temperature,max,14.57
16,2001,clear creek,LCC,USFWS,clear creek,temperature,mean,11.167355623100304
16,2001,clear creek,LCC,USFWS,clear creek,temperature,min,7.92
17,2001,clear creek,LCC,USFWS,clear creek,temperature,max,17.27
17,2001,clear creek,LCC,USFWS,clear creek,temperature,mean,13.939289513677812
17,2001,clear creek,LCC,USFWS,clear creek,temperature,min,11.01
18,2001,clear creek,LCC,USFWS,clear creek,temperature,max,17.11
18,2001,clear creek,LCC,USFWS,clear creek,temperature,mean,13.820259575569358
18,2001,clear creek,LCC,USFWS,clear creek,temperature,min,11.32
19,2001,clear creek,LCC,USFWS,clear creek,temperature,max,18.39
19,2001,clear creek,LCC,USFWS,clear creek,temperature,mean,15.553000886524822
19,2001,clear creek,LCC,USFWS,clear creek,temperature,min,12.87
20,2001,clear creek,LCC,USFWS,clear creek,temperature,max,19.53
20,2001,clear creek,LCC,USFWS,clear creek,temperature,mean,15.174292679837892
20,2001,clear creek,LCC,USFWS,clear creek,temperature,min,12.09
21,2001,clear creek,LCC,USFWS,clear creek,temperature,max,20.02
21,2001,clear creek,LCC,USFWS,clear creek,temperature,mean,16.78125
21,2001,clear creek,LCC,USFWS,clear creek,temperature,min,14.11
22,2001,clear creek,LCC,USFWS,clear creek,temperature,max,20.5
22,2001,clear creek,LCC,USFWS,clear creek,temperature,mean,16.459285714285713
22,2001,clear creek,LCC,USFWS,clear creek,temperature,min,13.34
23,2001,clear creek,LCC,USFWS,clear creek,temperature,max,19.86
23,2001,clear creek,LCC,USFWS,clear creek,temperature,mean,16.433988095238096
23,2001,clear creek,LCC,USFWS,clear creek,temperature,min,13.03
24,2001,clear creek,LCC,USFWS,clear creek,temperature,max,20.18
24,2001,clear creek,LCC,USFWS,clear creek,temperature,mean,16.47058827254306
24,2001,clear creek,LCC,USFWS,clear creek,temperature,min,13.34
25,2001,clear creek,LCC,USFWS,clear creek,temperature,max,21.16
25,2001,clear creek,LCC,USFWS,clear creek,temperature,mean,17.620747847011145
25,2001,clear creek,LCC,USFWS,clear creek,temperature,min,14.73
26,2001,clear creek,LCC,USFWS,clear creek,temperature,max,20.83
26,2001,clear creek,LCC,USFWS,clear creek,temperature,mean,15.855833333333333
26,2001,clear creek,LCC,USFWS,clear creek,temperature,min,12.87
27,2001,clear creek,LCC,USFWS,clear creek,temperature,max,23.68
27,2001,clear creek,LCC,USFWS,clear creek,temperature,mean,18.815386904761905
27,2001,clear creek,LCC,USFWS,clear creek,temperature,min,15.68
28,2001,clear creek,LCC,USFWS,clear creek,temperature,max,23.85
28,2001,clear creek,LCC,USFWS,clear creek,temperature,mean,20.225782041540022
28,2001,clear creek,LCC,USFWS,clear creek,temperature,min,16.47
29,2001,clear creek,LCC,USFWS,clear creek,temperature,max,23.33
29,2001,clear creek,LCC,USFWS,clear creek,temperature,mean,20.02088842451874
29,2001,clear creek,LCC,USFWS,clear creek,temperature,min,16.63
30,2001,clear creek,LCC,USFWS,clear creek,temperature,max,24.72
30,2001,clear creek,LCC,USFWS,clear creek,temperature,mean,20.911598277608917
30,2001,clear creek,LCC,USFWS,clear creek,temperature,min,16.95
31,2001,clear creek,LCC,USFWS,clear creek,temperature,max,23.51
31,2001,clear creek,LCC,USFWS,clear creek,temperature,mean,20.45394060283688
31,2001,clear creek,LCC,USFWS,clear creek,temperature,min,17.11
32,2001,clear creek,LCC,USFWS,clear creek,temperature,max,24.02
32,2001,clear creek,LCC,USFWS,clear creek,temperature,mean,20.575724417426546
32,2001,clear creek,LCC,USFWS,clear creek,temperature,min,17.11
33,2001,clear creek,LCC,USFWS,clear creek,temperature,max,22.49
33,2001,clear creek,LCC,USFWS,clear creek,temperature,mean,19.438380825734548
33,2001,clear creek,LCC,USFWS,clear creek,temperature,min,16.16
34,2001,clear creek,LCC,USFWS,clear creek,temperature,max,22.66
34,2001,clear creek,LCC,USFWS,clear creek,temperature,mean,19.429340805471124
34,2001,clear creek,LCC,USFWS,clear creek,temperature,min,16.47
35,2001,clear creek,LCC,USFWS,clear creek,temperature,max,23.16
35,2001,clear creek,LCC,USFWS,clear creek,temperature,mean,19.96028052178318
35,2001,clear creek,LCC,USFWS,clear creek,temperature,min,16.79
36,2001,clear creek,LCC,USFWS,clear creek,temperature,max,21.99
36,2001,clear creek,LCC,USFWS,clear creek,temperature,mean,17.992508865248226
36,2001,clear creek,LCC,USFWS,clear creek,temperature,min,14.57
37,2001,clear creek,LCC,USFWS,clear creek,temperature,max,19.86
37,2001,clear creek,LCC,USFWS,clear creek,temperature,mean,16.46961056231003
37,2001,clear creek,LCC,USFWS,clear creek,temperature,min,13.49
38,2001,clear creek,LCC,USFWS,clear creek,temperature,max,19.04
38,2001,clear creek,LCC,USFWS,clear creek,temperature,mean,16.19759561803445
38,2001,clear creek,LCC,USFWS,clear creek,temperature,min,13.95
39,2001,clear creek,LCC,USFWS,clear creek,temperature,max,17.74
39,2001,clear creek,LCC,USFWS,clear creek,temperature,mean,15.07605749746707
39,2001,clear creek,LCC,USFWS,clear creek,temperature,min,13.03
40,2001,clear creek,LCC,USFWS,clear creek,temperature,max,17.58
40,2001,clear creek,LCC,USFWS,clear creek,temperature,mean,14.787756458966566
40,2001,clear creek,LCC,USFWS,clear creek,temperature,min,13.03
41,2001,clear creek,LCC,USFWS,clear creek,temperature,max,15.52
41,2001,clear creek,LCC,USFWS,clear creek,temperature,mean,13.397935030395137
41,2001,clear creek,LCC,USFWS,clear creek,temperature,min,11.63
42,2001,clear creek,LCC,USFWS,clear creek,temperature,max,14.57
42,2001,clear creek,LCC,USFWS,clear creek,temperature,mean,12.854400962512665
42,2001,clear creek,LCC,USFWS,clear creek,temperature,min,11.32
43,2001,clear creek,LCC,USFWS,clear creek,temperature,max,13.64
43,2001,clear creek,LCC,USFWS,clear creek,temperature,mean,12.086973784194528
43,2001,clear creek,LCC,USFWS,clear creek,temperature,min,10.86
44,2001,clear creek,LCC,USFWS,clear creek,temperature,max,13.18
44,2001,clear creek,LCC,USFWS,clear creek,temperature,mean,11.688361828774063
44,2001,clear creek,LCC,USFWS,clear creek,temperature,min,10.24
45,2001,clear creek,LCC,USFWS,clear creek,temperature,max,12.25
45,2001,clear creek,LCC,USFWS,clear creek,temperature,mean,11.13695858662614
45,2001,clear creek,LCC,USFWS,clear creek,temperature,min,9.61
46,2001,clear creek,LCC,USFWS,clear creek,temperature,max,12.56
46,2001,clear creek,LCC,USFWS,clear creek,temperature,mean,12.017777777777777
46,2001,clear creek,LCC,USFWS,clear creek,temperature,min,11.78
47,2001,clear creek,LCC,USFWS,clear creek,temperature,max,12.25
47,2001,clear creek,LCC,USFWS,clear creek,temperature,mean,10.865483894799056
47,2001,clear creek,LCC,USFWS,clear creek,temperature,min,9.31
48,2001,clear creek,LCC,USFWS,clear creek,temperature,max,10.39
48,2001,clear creek,LCC,USFWS,clear creek,temperature,mean,9.56254495947315
48,2001,clear creek,LCC,USFWS,clear creek,temperature,min,8.53
49,2001,clear creek,LCC,USFWS,clear creek,temperature,max,10.55
49,2001,clear creek,LCC,USFWS,clear creek,temperature,mean,9.381036600810537
49,2001,clear creek,LCC,USFWS,clear creek,temperature,min,8.23
50,2001,clear creek,LCC,USFWS,clear creek,temperature,max,8.99
50,2001,clear creek,LCC,USFWS,clear creek,temperature,mean,8.165782674772036
50,2001,clear creek,LCC,USFWS,clear creek,temperature,min,7.15
51,2001,clear creek,LCC,USFWS,clear creek,temperature,max,9.77
51,2001,clear creek,LCC,USFWS,clear creek,temperature,mean,8.967133358662615
51,2001,clear creek,LCC,USFWS,clear creek,temperature,min,8.38
52,2001,clear creek,LCC,USFWS,clear creek,temperature,max,10.24
52,2001,clear creek,LCC,USFWS,clear creek,temperature,mean,9.1896054964539
52,2001,clear creek,LCC,USFWS,clear creek,temperature,min,7.77
53,2001,clear creek,LCC,USFWS,clear creek,temperature,max,10.71
53,2001,clear creek,LCC,USFWS,clear creek,temperature,mean,10.454583333333334
53,2001,clear creek,LCC,USFWS,clear creek,temperature,min,10.24
1,2002,clear creek,LCC,USFWS,clear creek,temperature,max,11.32
1,2002,clear creek,LCC,USFWS,clear creek,temperature,mean,9.92756838905775
1,2002,clear creek,LCC,USFWS,clear creek,temperature,min,8.53
2,2002,clear creek,LCC,USFWS,clear creek,temperature,max,10.39
2,2002,clear creek,LCC,USFWS,clear creek,temperature,mean,9.005260258358662
2,2002,clear creek,LCC,USFWS,clear creek,temperature,min,7.61
3,2002,clear creek,LCC,USFWS,clear creek,temperature,max,8.38
3,2002,clear creek,LCC,USFWS,clear creek,temperature,mean,7.155063956433637
3,2002,clear creek,LCC,USFWS,clear creek,temperature,min,6.06
4,2002,clear creek,LCC,USFWS,clear creek,temperature,max,8.23
4,2002,clear creek,LCC,USFWS,clear creek,temperature,mean,6.2547568389057755
4,2002,clear creek,LCC,USFWS,clear creek,temperature,min,4.97
5,2002,clear creek,LCC,USFWS,clear creek,temperature,max,7.61
5,2002,clear creek,LCC,USFWS,clear creek,temperature,mean,5.916299392097264
5,2002,clear creek,LCC,USFWS,clear creek,temperature,min,4.34
6,2002,clear creek,LCC,USFWS,clear creek,temperature,max,7.77
6,2002,clear creek,LCC,USFWS,clear creek,temperature,mean,6.46356446301925
6,2002,clear creek,LCC,USFWS,clear creek,temperature,min,4.97
7,2002,clear creek,LCC,USFWS,clear creek,temperature,max,8.99
7,2002,clear creek,LCC,USFWS,clear creek,temperature,mean,7.527257582265099
7,2002,clear creek,LCC,USFWS,clear creek,temperature,min,5.9
8,2002,clear creek,LCC,USFWS,clear creek,temperature,max,10.71
8,2002,clear creek,LCC,USFWS,clear creek,temperature,mean,8.957109295845997
8,2002,clear creek,LCC,USFWS,clear creek,temperature,min,7.31
9,2002,clear creek,LCC,USFWS,clear creek,temperature,max,10.71
9,2002,clear creek,LCC,USFWS,clear creek,temperature,mean,8.390910587639311
9,2002,clear creek,LCC,USFWS,clear creek,temperature,min,6.68
10,2002,clear creek,LCC,USFWS,clear creek,temperature,max,11.02
10,2002,clear creek,LCC,USFWS,clear creek,temperature,mean,8.39536600810537
10,2002,clear creek,LCC,USFWS,clear creek,temperature,min,6.21
11,2002,clear creek,LCC,USFWS,clear creek,temperature,max,11.17
11,2002,clear creek,LCC,USFWS,clear creek,temperature,mean,8.37922302431611
11,2002,clear creek,LCC,USFWS,clear creek,temperature,min,6.21
12,2002,clear creek,LCC,USFWS,clear creek,temperature,max,11.79
12,2002,clear creek,LCC,USFWS,clear creek,temperature,mean,9.40823518237082
12,2002,clear creek,LCC,USFWS,clear creek,temperature,min,6.84
13,2002,clear creek,LCC,USFWS,clear creek,temperature,max,14.26
13,2002,clear creek,LCC,USFWS,clear creek,temperature,mean,11.119332573454914
13,2002,clear creek,LCC,USFWS,clear creek,temperature,min,8.07
14,2002,clear creek,LCC,USFWS,clear creek,temperature,max,14.89
14,2002,clear creek,LCC,USFWS,clear creek,temperature,mean,12.092017477203648
14,2002,clear creek,LCC,USFWS,clear creek,temperature,min,10.08
15,2002,clear creek,LCC,USFWS,clear creek,temperature,max,16
15,2002,clear creek,LCC,USFWS,clear creek,temperature,mean,12.365540146909828
15,2002,clear creek,LCC,USFWS,clear creek,temperature,min,10.08
16,2002,clear creek,LCC,USFWS,clear creek,temperature,max,15.05
16,2002,clear creek,LCC,USFWS,clear creek,temperature,mean,11.10575396825397
16,2002,clear creek,LCC,USFWS,clear creek,temperature,min,8.07
17,2002,clear creek,LCC,USFWS,clear creek,temperature,max,16
17,2002,clear creek,LCC,USFWS,clear creek,temperature,mean,12.412686170212766
17,2002,clear creek,LCC,USFWS,clear creek,temperature,min,10.08
18,2002,clear creek,LCC,USFWS,clear creek,temperature,max,16.32
18,2002,clear creek,LCC,USFWS,clear creek,temperature,mean,13.013815856129685
18,2002,clear creek,LCC,USFWS,clear creek,temperature,min,10.24
19,2002,clear creek,LCC,USFWS,clear creek,temperature,max,17.11
19,2002,clear creek,LCC,USFWS,clear creek,temperature,mean,13.413056610942249
19,2002,clear creek,LCC,USFWS,clear creek,temperature,min,10.86
20,2002,clear creek,LCC,USFWS,clear creek,temperature,max,17.75
20,2002,clear creek,LCC,USFWS,clear creek,temperature,mean,13.967742733457019
20,2002,clear creek,LCC,USFWS,clear creek,temperature,min,10.55
21,2002,clear creek,LCC,USFWS,clear creek,temperature,max,17.91
21,2002,clear creek,LCC,USFWS,clear creek,temperature,mean,14.055524316109423
21,2002,clear creek,LCC,USFWS,clear creek,temperature,min,10.24
22,2002,clear creek,LCC,USFWS,clear creek,temperature,max,19.21
22,2002,clear creek,LCC,USFWS,clear creek,temperature,mean,15.952064969604864
22,2002,clear creek,LCC,USFWS,clear creek,temperature,min,13.03
23,2002,clear creek,LCC,USFWS,clear creek,temperature,max,19.53
23,2002,clear creek,LCC,USFWS,clear creek,temperature,mean,15.675297619047619
23,2002,clear creek,LCC,USFWS,clear creek,temperature,min,12.25
24,2002,clear creek,LCC,USFWS,clear creek,temperature,max,19.04
24,2002,clear creek,LCC,USFWS,clear creek,temperature,mean,16.068035714285713
24,2002,clear creek,LCC,USFWS,clear creek,temperature,min,13.33
25,2002,clear creek,LCC,USFWS,clear creek,temperature,max,19.53
25,2002,clear creek,LCC,USFWS,clear creek,temperature,mean,16.47623299319728
25,2002,clear creek,LCC,USFWS,clear creek,temperature,min,14.11
26,2002,clear creek,LCC,USFWS,clear creek,temperature,max,20.99
26,2002,clear creek,LCC,USFWS,clear creek,temperature,mean,17.009975414078674
26,2002,clear creek,LCC,USFWS,clear creek,temperature,min,14.42
27,2002,clear creek,LCC,USFWS,clear creek,temperature,max,24.89
27,2002,clear creek,LCC,USFWS,clear creek,temperature,mean,20.526272163120566
27,2002,clear creek,LCC,USFWS,clear creek,temperature,min,15.53
28,2002,clear creek,LCC,USFWS,clear creek,temperature,max,25.58
28,2002,clear creek,LCC,USFWS,clear creek,temperature,mean,21.00428300865801
28,2002,clear creek,LCC,USFWS,clear creek,temperature,min,17.11
29,2002,clear creek,LCC,USFWS,clear creek,temperature,max,25.06
29,2002,clear creek,LCC,USFWS,clear creek,temperature,mean,20.58125
29,2002,clear creek,LCC,USFWS,clear creek,temperature,min,16
30,2002,clear creek,LCC,USFWS,clear creek,temperature,max,24.37
30,2002,clear creek,LCC,USFWS,clear creek,temperature,mean,20.516434903748735
30,2002,clear creek,LCC,USFWS,clear creek,temperature,min,16.79
31,2002,clear creek,LCC,USFWS,clear creek,temperature,max,24.02
31,2002,clear creek,LCC,USFWS,clear creek,temperature,mean,19.66689169570267
31,2002,clear creek,LCC,USFWS,clear creek,temperature,min,14.26
32,2002,clear creek,LCC,USFWS,clear creek,temperature,max,23.5
32,2002,clear creek,LCC,USFWS,clear creek,temperature,mean,18.945507852077
32,2002,clear creek,LCC,USFWS,clear creek,temperature,min,14.89
33,2002,clear creek,LCC,USFWS,clear creek,temperature,max,23.67
33,2002,clear creek,LCC,USFWS,clear creek,temperature,mean,19.73873353596758
33,2002,clear creek,LCC,USFWS,clear creek,temperature,min,16.32
34,2002,clear creek,LCC,USFWS,clear creek,temperature,max,22.16
34,2002,clear creek,LCC,USFWS,clear creek,temperature,mean,18.60757662107396
34,2002,clear creek,LCC,USFWS,clear creek,temperature,min,15.37
35,2002,clear creek,LCC,USFWS,clear creek,temperature,max,23.16
35,2002,clear creek,LCC,USFWS,clear creek,temperature,mean,19.73234612462006
35,2002,clear creek,LCC,USFWS,clear creek,temperature,min,16.47
36,2002,clear creek,LCC,USFWS,clear creek,temperature,max,21.82
36,2002,clear creek,LCC,USFWS,clear creek,temperature,mean,17.612036474164135
36,2002,clear creek,LCC,USFWS,clear creek,temperature,min,13.95
37,2002,clear creek,LCC,USFWS,clear creek,temperature,max,20.67
37,2002,clear creek,LCC,USFWS,clear creek,temperature,mean,16.24574024822695
37,2002,clear creek,LCC,USFWS,clear creek,temperature,min,12.41
38,2002,clear creek,LCC,USFWS,clear creek,temperature,max,16.79
38,2002,clear creek,LCC,USFWS,clear creek,temperature,mean,14.494592198581561
38,2002,clear creek,LCC,USFWS,clear creek,temperature,min,12.41
39,2002,clear creek,LCC,USFWS,clear creek,temperature,max,16.16
39,2002,clear creek,LCC,USFWS,clear creek,temperature,mean,13.856381712259372
39,2002,clear creek,LCC,USFWS,clear creek,temperature,min,11.94
40,2002,clear creek,LCC,USFWS,clear creek,temperature,max,15.84
40,2002,clear creek,LCC,USFWS,clear creek,temperature,mean,13.276579365079366
40,2002,clear creek,LCC,USFWS,clear creek,temperature,min,11.02
41,2002,clear creek,LCC,USFWS,clear creek,temperature,max,14.73
41,2002,clear creek,LCC,USFWS,clear creek,temperature,mean,12.291959219858157
41,2002,clear creek,LCC,USFWS,clear creek,temperature,min,10.39
42,2002,clear creek,LCC,USFWS,clear creek,temperature,max,13.49
42,2002,clear creek,LCC,USFWS,clear creek,temperature,mean,11.981064958592132
42,2002,clear creek,LCC,USFWS,clear creek,temperature,min,10.55
43,2002,clear creek,LCC,USFWS,clear creek,temperature,max,13.18
43,2002,clear creek,LCC,USFWS,clear creek,temperature,mean,11.440892857142858
43,2002,clear creek,LCC,USFWS,clear creek,temperature,min,9.92
44,2002,clear creek,LCC,USFWS,clear creek,temperature,max,12.25
44,2002,clear creek,LCC,USFWS,clear creek,temperature,mean,10.114710317460318
44,2002,clear creek,LCC,USFWS,clear creek,temperature,min,8.53
45,2002,clear creek,LCC,USFWS,clear creek,temperature,max,12.09
45,2002,clear creek,LCC,USFWS,clear creek,temperature,mean,10.833436550151976
45,2002,clear creek,LCC,USFWS,clear creek,temperature,min,9.15
46,2002,clear creek,LCC,USFWS,clear creek,temperature,max,11.94
46,2002,clear creek,LCC,USFWS,clear creek,temperature,mean,10.533541666666666
46,2002,clear creek,LCC,USFWS,clear creek,temperature,min,9.15
47,2002,clear creek,LCC,USFWS,clear creek,temperature,max,11.79
47,2002,clear creek,LCC,USFWS,clear creek,temperature,mean,10.441394376899696
47,2002,clear creek,LCC,USFWS,clear creek,temperature,min,9.15
48,2002,clear creek,LCC,USFWS,clear creek,temperature,max,10.86
48,2002,clear creek,LCC,USFWS,clear creek,temperature,mean,9.499812370600415
48,2002,clear creek,LCC,USFWS,clear creek,temperature,min,8.53
49,2002,clear creek,LCC,USFWS,clear creek,temperature,max,11.02
49,2002,clear creek,LCC,USFWS,clear creek,temperature,mean,9.451073961499494
49,2002,clear creek,LCC,USFWS,clear creek,temperature,min,8.23
50,2002,clear creek,LCC,USFWS,clear creek,temperature,max,10.86
50,2002,clear creek,LCC,USFWS,clear creek,temperature,mean,10.0460429331307
50,2002,clear creek,LCC,USFWS,clear creek,temperature,min,9.31
51,2002,clear creek,LCC,USFWS,clear creek,temperature,max,10.08
51,2002,clear creek,LCC,USFWS,clear creek,temperature,mean,8.725041160081053
51,2002,clear creek,LCC,USFWS,clear creek,temperature,min,7.46
52,2002,clear creek,LCC,USFWS,clear creek,temperature,max,9.77
52,2002,clear creek,LCC,USFWS,clear creek,temperature,mean,8.653042679837894
52,2002,clear creek,LCC,USFWS,clear creek,temperature,min,7.61
53,2002,clear creek,LCC,USFWS,clear creek,temperature,max,9.77
53,2002,clear creek,LCC,USFWS,clear creek,temperature,mean,9.196041666666666
53,2002,clear creek,LCC,USFWS,clear creek,temperature,min,8.69
1,2003,clear creek,LCC,USFWS,clear creek,temperature,max,9.61
1,2003,clear creek,LCC,USFWS,clear creek,temperature,mean,8.795625000000001
1,2003,clear creek,LCC,USFWS,clear creek,temperature,min,7.31
2,2003,clear creek,LCC,USFWS,clear creek,temperature,max,11.02
2,2003,clear creek,LCC,USFWS,clear creek,temperature,mean,9.455029761904761
2,2003,clear creek,LCC,USFWS,clear creek,temperature,min,7.77
3,2003,clear creek,LCC,USFWS,clear creek,temperature,max,10.24
3,2003,clear creek,LCC,USFWS,clear creek,temperature,mean,9.220471757852076
3,2003,clear creek,LCC,USFWS,clear creek,temperature,min,8.23
4,2003,clear creek,LCC,USFWS,clear creek,temperature,max,10.86
4,2003,clear creek,LCC,USFWS,clear creek,temperature,mean,9.554140070921987
4,2003,clear creek,LCC,USFWS,clear creek,temperature,min,8.53
5,2003,clear creek,LCC,USFWS,clear creek,temperature,max,9.92
5,2003,clear creek,LCC,USFWS,clear creek,temperature,mean,8.537083333333333
5,2003,clear creek,LCC,USFWS,clear creek,temperature,min,7.15
6,2003,clear creek,LCC,USFWS,clear creek,temperature,max,9.15
6,2003,clear creek,LCC,USFWS,clear creek,temperature,mean,7.8559375
6,2003,clear creek,LCC,USFWS,clear creek,temperature,min,6.68
7,2003,clear creek,LCC,USFWS,clear creek,temperature,max,10.55
7,2003,clear creek,LCC,USFWS,clear creek,temperature,mean,8.721458333333333
7,2003,clear creek,LCC,USFWS,clear creek,temperature,min,7.15
8,2003,clear creek,LCC,USFWS,clear creek,temperature,max,10.71
8,2003,clear creek,LCC,USFWS,clear creek,temperature,mean,8.919595997973657
8,2003,clear creek,LCC,USFWS,clear creek,temperature,min,7.31
9,2003,clear creek,LCC,USFWS,clear creek,temperature,max,10.39
9,2003,clear creek,LCC,USFWS,clear creek,temperature,mean,8.34905585106383
9,2003,clear creek,LCC,USFWS,clear creek,temperature,min,6.68
10,2003,clear creek,LCC,USFWS,clear creek,temperature,max,10.71
10,2003,clear creek,LCC,USFWS,clear creek,temperature,mean,8.826041666666667
10,2003,clear creek,LCC,USFWS,clear creek,temperature,min,7.15
11,2003,clear creek,LCC,USFWS,clear creek,temperature,max,11.82
11,2003,clear creek,LCC,USFWS,clear creek,temperature,mean,10.190471207215541
11,2003,clear creek,LCC,USFWS,clear creek,temperature,min,8.26
12,2003,clear creek,LCC,USFWS,clear creek,temperature,max,12.59
12,2003,clear creek,LCC,USFWS,clear creek,temperature,mean,10.420410334346505
12,2003,clear creek,LCC,USFWS,clear creek,temperature,min,8.42
13,2003,clear creek,LCC,USFWS,clear creek,temperature,max,14.29
13,2003,clear creek,LCC,USFWS,clear creek,temperature,mean,11.453292806484296
13,2003,clear creek,LCC,USFWS,clear creek,temperature,min,8.72
14,2003,clear creek,LCC,USFWS,clear creek,temperature,max,14.13
14,2003,clear creek,LCC,USFWS,clear creek,temperature,mean,10.457752246597066
14,2003,clear creek,LCC,USFWS,clear creek,temperature,min,8.26
15,2003,clear creek,LCC,USFWS,clear creek,temperature,max,14.13
15,2003,clear creek,LCC,USFWS,clear creek,temperature,mean,10.899229272205336
15,2003,clear creek,LCC,USFWS,clear creek,temperature,min,8.72
16,2003,clear creek,LCC,USFWS,clear creek,temperature,max,13.67
16,2003,clear creek,LCC,USFWS,clear creek,temperature,mean,11.123911474164133
16,2003,clear creek,LCC,USFWS,clear creek,temperature,min,9.34
17,2003,clear creek,LCC,USFWS,clear creek,temperature,max,12.9
17,2003,clear creek,LCC,USFWS,clear creek,temperature,mean,10.790049392097265
17,2003,clear creek,LCC,USFWS,clear creek,temperature,min,9.34
18,2003,clear creek,LCC,USFWS,clear creek,temperature,max,14.13
18,2003,clear creek,LCC,USFWS,clear creek,temperature,mean,12.093065476190477
18,2003,clear creek,LCC,USFWS,clear creek,temperature,min,10.89
19,2003,clear creek,LCC,USFWS,clear creek,temperature,max,16.18
19,2003,clear creek,LCC,USFWS,clear creek,temperature,mean,12.604880952380952
19,2003,clear creek,LCC,USFWS,clear creek,temperature,min,9.64
20,2003,clear creek,LCC,USFWS,clear creek,temperature,max,16.81
20,2003,clear creek,LCC,USFWS,clear creek,temperature,mean,13.657034574468085
20,2003,clear creek,LCC,USFWS,clear creek,temperature,min,10.58
21,2003,clear creek,LCC,USFWS,clear creek,temperature,max,18.26
21,2003,clear creek,LCC,USFWS,clear creek,temperature,mean,15.238739868287741
21,2003,clear creek,LCC,USFWS,clear creek,temperature,min,12.43
22,2003,clear creek,LCC,USFWS,clear creek,temperature,max,19.87
22,2003,clear creek,LCC,USFWS,clear creek,temperature,mean,15.838511271529889
22,2003,clear creek,LCC,USFWS,clear creek,temperature,min,13.21
23,2003,clear creek,LCC,USFWS,clear creek,temperature,max,20.52
23,2003,clear creek,LCC,USFWS,clear creek,temperature,mean,17.4775
23,2003,clear creek,LCC,USFWS,clear creek,temperature,min,14.6
24,2003,clear creek,LCC,USFWS,clear creek,temperature,max,21.01
24,2003,clear creek,LCC,USFWS,clear creek,temperature,mean,17.478526469098277
24,2003,clear creek,LCC,USFWS,clear creek,temperature,min,14.92
25,2003,clear creek,LCC,USFWS,clear creek,temperature,max,20.36
25,2003,clear creek,LCC,USFWS,clear creek,temperature,mean,16.931336119554203
25,2003,clear creek,LCC,USFWS,clear creek,temperature,min,14.13
26,2003,clear creek,LCC,USFWS,clear creek,temperature,max,22.51
26,2003,clear creek,LCC,USFWS,clear creek,temperature,mean,18.01120187436677
26,2003,clear creek,LCC,USFWS,clear creek,temperature,min,14.44
27,2003,clear creek,LCC,USFWS,clear creek,temperature,max,23.68
27,2003,clear creek,LCC,USFWS,clear creek,temperature,mean,19.147460739614996
27,2003,clear creek,LCC,USFWS,clear creek,temperature,min,15.07
28,2003,clear creek,LCC,USFWS,clear creek,temperature,max,24.55
28,2003,clear creek,LCC,USFWS,clear creek,temperature,mean,19.934315476190477
28,2003,clear creek,LCC,USFWS,clear creek,temperature,min,15.87
29,2003,clear creek,LCC,USFWS,clear creek,temperature,max,25.42
29,2003,clear creek,LCC,USFWS,clear creek,temperature,mean,20.52413880445795
29,2003,clear creek,LCC,USFWS,clear creek,temperature,min,16.66
30,2003,clear creek,LCC,USFWS,clear creek,temperature,max,25.59
30,2003,clear creek,LCC,USFWS,clear creek,temperature,mean,20.56394883485309
30,2003,clear creek,LCC,USFWS,clear creek,temperature,min,16.97
31,2003,clear creek,LCC,USFWS,clear creek,temperature,max,24.89
31,2003,clear creek,LCC,USFWS,clear creek,temperature,mean,19.772460739614996
31,2003,clear creek,LCC,USFWS,clear creek,temperature,min,16.49
32,2003,clear creek,LCC,USFWS,clear creek,temperature,max,23.01
32,2003,clear creek,LCC,USFWS,clear creek,temperature,mean,18.97884561803445
32,2003,clear creek,LCC,USFWS,clear creek,temperature,min,15.71
33,2003,clear creek,LCC,USFWS,clear creek,temperature,max,23.17
33,2003,clear creek,LCC,USFWS,clear creek,temperature,mean,18.73524886018237
33,2003,clear creek,LCC,USFWS,clear creek,temperature,min,15.07
34,2003,clear creek,LCC,USFWS,clear creek,temperature,max,23.01
34,2003,clear creek,LCC,USFWS,clear creek,temperature,mean,18.381414640324216
34,2003,clear creek,LCC,USFWS,clear creek,temperature,min,15.07
35,2003,clear creek,LCC,USFWS,clear creek,temperature,max,22.84
35,2003,clear creek,LCC,USFWS,clear creek,temperature,mean,18.64403938703141
35,2003,clear creek,LCC,USFWS,clear creek,temperature,min,15.39
36,2003,clear creek,LCC,USFWS,clear creek,temperature,max,21.51
36,2003,clear creek,LCC,USFWS,clear creek,temperature,mean,16.624314209726442
36,2003,clear creek,LCC,USFWS,clear creek,temperature,min,13.52
37,2003,clear creek,LCC,USFWS,clear creek,temperature,max,19.06
37,2003,clear creek,LCC,USFWS,clear creek,temperature,mean,15.311163880445795
37,2003,clear creek,LCC,USFWS,clear creek,temperature,min,12.59
38,2003,clear creek,LCC,USFWS,clear creek,temperature,max,17.29
38,2003,clear creek,LCC,USFWS,clear creek,temperature,mean,14.517163120567377
38,2003,clear creek,LCC,USFWS,clear creek,temperature,min,12.43
39,2003,clear creek,LCC,USFWS,clear creek,temperature,max,16.81
39,2003,clear creek,LCC,USFWS,clear creek,temperature,mean,14.337235309017224
39,2003,clear creek,LCC,USFWS,clear creek,temperature,min,12.12
40,2003,clear creek,LCC,USFWS,clear creek,temperature,max,16.02
40,2003,clear creek,LCC,USFWS,clear creek,temperature,mean,13.915934650455927
40,2003,clear creek,LCC,USFWS,clear creek,temperature,min,12.12
41,2003,clear creek,LCC,USFWS,clear creek,temperature,max,15.39
41,2003,clear creek,LCC,USFWS,clear creek,temperature,mean,13.486875
41,2003,clear creek,LCC,USFWS,clear creek,temperature,min,11.97
42,2003,clear creek,LCC,USFWS,clear creek,temperature,max,14.12
42,2003,clear creek,LCC,USFWS,clear creek,temperature,mean,12.228713382670367
42,2003,clear creek,LCC,USFWS,clear creek,temperature,min,10.72
42,2003,clear creek,UCC,USFWS,clear creek,temperature,max,12.56
42,2003,clear creek,UCC,USFWS,clear creek,temperature,mean,11.52648556231003
42,2003,clear creek,UCC,USFWS,clear creek,temperature,min,10.4
43,2003,clear creek,LCC,USFWS,clear creek,temperature,max,14.43
43,2003,clear creek,LCC,USFWS,clear creek,temperature,mean,12.432594604863223
43,2003,clear creek,LCC,USFWS,clear creek,temperature,min,10.72
43,2003,clear creek,UCC,USFWS,clear creek,temperature,max,12.72
43,2003,clear creek,UCC,USFWS,clear creek,temperature,mean,11.643857396149949
43,2003,clear creek,UCC,USFWS,clear creek,temperature,min,10.56
44,2003,clear creek,LCC,USFWS,clear creek,temperature,max,13.19
44,2003,clear creek,LCC,USFWS,clear creek,temperature,mean,10.574983766233766
44,2003,clear creek,LCC,USFWS,clear creek,temperature,min,8.86
44,2003,clear creek,UCC,USFWS,clear creek,temperature,max,11.94
44,2003,clear creek,UCC,USFWS,clear creek,temperature,mean,10.419596631205675
44,2003,clear creek,UCC,USFWS,clear creek,temperature,min,9.31
45,2003,clear creek,LCC,USFWS,clear creek,temperature,max,12.27
45,2003,clear creek,LCC,USFWS,clear creek,temperature,mean,10.975848393242588
45,2003,clear creek,LCC,USFWS,clear creek,temperature,min,9.94
45,2003,clear creek,UCC,USFWS,clear creek,temperature,max,11.48
45,2003,clear creek,UCC,USFWS,clear creek,temperature,mean,10.803988095238095
45,2003,clear creek,UCC,USFWS,clear creek,temperature,min,10.09
46,2003,clear creek,LCC,USFWS,clear creek,temperature,max,12.12
46,2003,clear creek,LCC,USFWS,clear creek,temperature,mean,10.864763804457954
46,2003,clear creek,LCC,USFWS,clear creek,temperature,min,9.33
46,2003,clear creek,UCC,USFWS,clear creek,temperature,max,11.48
46,2003,clear creek,UCC,USFWS,clear creek,temperature,mean,10.651190476190477
46,2003,clear creek,UCC,USFWS,clear creek,temperature,min,9.62
47,2003,clear creek,LCC,USFWS,clear creek,temperature,max,11.34
47,2003,clear creek,LCC,USFWS,clear creek,temperature,mean,9.485516717325227
47,2003,clear creek,LCC,USFWS,clear creek,temperature,min,8.09
47,2003,clear creek,UCC,USFWS,clear creek,temperature,max,10.87
47,2003,clear creek,UCC,USFWS,clear creek,temperature,mean,9.773761398176292
47,2003,clear creek,UCC,USFWS,clear creek,temperature,min,8.84
48,2003,clear creek,LCC,USFWS,clear creek,temperature,max,10.41
48,2003,clear creek,LCC,USFWS,clear creek,temperature,mean,9.63910587639311
48,2003,clear creek,LCC,USFWS,clear creek,temperature,min,8.09
48,2003,clear creek,UCC,USFWS,clear creek,temperature,max,10.09
48,2003,clear creek,UCC,USFWS,clear creek,temperature,mean,9.620307750759878
48,2003,clear creek,UCC,USFWS,clear creek,temperature,min,8.84
49,2003,clear creek,LCC,USFWS,clear creek,temperature,max,11.49
49,2003,clear creek,LCC,USFWS,clear creek,temperature,mean,9.689594098277608
49,2003,clear creek,LCC,USFWS,clear creek,temperature,min,7.94
49,2003,clear creek,UCC,USFWS,clear creek,temperature,max,11.48
49,2003,clear creek,UCC,USFWS,clear creek,temperature,mean,9.507530395136778
49,2003,clear creek,UCC,USFWS,clear creek,temperature,min,8.08
50,2003,clear creek,LCC,USFWS,clear creek,temperature,max,9.94
50,2003,clear creek,LCC,USFWS,clear creek,temperature,mean,9.033845618034448
50,2003,clear creek,LCC,USFWS,clear creek,temperature,min,7.63
50,2003,clear creek,UCC,USFWS,clear creek,temperature,max,9.77
50,2003,clear creek,UCC,USFWS,clear creek,temperature,mean,8.89967261904762
50,2003,clear creek,UCC,USFWS,clear creek,temperature,min,7.77
51,2003,clear creek,LCC,USFWS,clear creek,temperature,max,9.94
51,2003,clear creek,LCC,USFWS,clear creek,temperature,mean,8.39914466873706
51,2003,clear creek,LCC,USFWS,clear creek,temperature,min,7.32
51,2003,clear creek,UCC,USFWS,clear creek,temperature,max,9.16
51,2003,clear creek,UCC,USFWS,clear creek,temperature,mean,8.307857142857143
51,2003,clear creek,UCC,USFWS,clear creek,temperature,min,7.62
52,2003,clear creek,LCC,USFWS,clear creek,temperature,max,10.41
52,2003,clear creek,LCC,USFWS,clear creek,temperature,mean,7.404211626139817
52,2003,clear creek,LCC,USFWS,clear creek,temperature,min,3.43
52,2003,clear creek,UCC,USFWS,clear creek,temperature,max,10.24
52,2003,clear creek,UCC,USFWS,clear creek,temperature,mean,7.516902228976697
52,2003,clear creek,UCC,USFWS,clear creek,temperature,min,4.52
53,2003,clear creek,LCC,USFWS,clear creek,temperature,max,7.47
53,2003,clear creek,LCC,USFWS,clear creek,temperature,mean,7.204130434782609
53,2003,clear creek,LCC,USFWS,clear creek,temperature,min,6.86
53,2003,clear creek,UCC,USFWS,clear creek,temperature,max,7.47
53,2003,clear creek,UCC,USFWS,clear creek,temperature,mean,7.269148936170213
53,2003,clear creek,UCC,USFWS,clear creek,temperature,min,7.01
1,2004,clear creek,LCC,USFWS,clear creek,temperature,max,7.94
1,2004,clear creek,LCC,USFWS,clear creek,temperature,mean,6.992037740628167
1,2004,clear creek,LCC,USFWS,clear creek,temperature,min,5.77
1,2004,clear creek,UCC,USFWS,clear creek,temperature,max,8.08
1,2004,clear creek,UCC,USFWS,clear creek,temperature,mean,6.894255952380952
1,2004,clear creek,UCC,USFWS,clear creek,temperature,min,5.76
2,2004,clear creek,LCC,USFWS,clear creek,temperature,max,8.86
2,2004,clear creek,LCC,USFWS,clear creek,temperature,mean,7.9057047872340425
2,2004,clear creek,LCC,USFWS,clear creek,temperature,min,7.01
2,2004,clear creek,UCC,USFWS,clear creek,temperature,max,8.84
2,2004,clear creek,UCC,USFWS,clear creek,temperature,mean,7.6709992401215805
2,2004,clear creek,UCC,USFWS,clear creek,temperature,min,6.85
3,2004,clear creek,UCC,USFWS,clear creek,temperature,max,8.08
3,2004,clear creek,UCC,USFWS,clear creek,temperature,mean,7.2237822948328265
3,2004,clear creek,UCC,USFWS,clear creek,temperature,min,6.38
3,2004,clear creek,LCC,USFWS,clear creek,temperature,max,8.86
3,2004,clear creek,LCC,USFWS,clear creek,temperature,mean,7.514384604018913
3,2004,clear creek,LCC,USFWS,clear creek,temperature,min,6.39
4,2004,clear creek,LCC,USFWS,clear creek,temperature,max,8.24
4,2004,clear creek,LCC,USFWS,clear creek,temperature,mean,6.801629939209726
4,2004,clear creek,LCC,USFWS,clear creek,temperature,min,5.62
4,2004,clear creek,UCC,USFWS,clear creek,temperature,max,7.77
4,2004,clear creek,UCC,USFWS,clear creek,temperature,mean,6.749354736575481
4,2004,clear creek,UCC,USFWS,clear creek,temperature,min,5.76
5,2004,clear creek,LCC,USFWS,clear creek,temperature,max,9.02
5,2004,clear creek,LCC,USFWS,clear creek,temperature,mean,7.432538627152989
5,2004,clear creek,LCC,USFWS,clear creek,temperature,min,5.93
5,2004,clear creek,UCC,USFWS,clear creek,temperature,max,8.39
5,2004,clear creek,UCC,USFWS,clear creek,temperature,mean,7.2941071428571425
5,2004,clear creek,UCC,USFWS,clear creek,temperature,min,6.23
6,2004,clear creek,LCC,USFWS,clear creek,temperature,max,8.86
6,2004,clear creek,LCC,USFWS,clear creek,temperature,mean,7.471683143547274
6,2004,clear creek,LCC,USFWS,clear creek,temperature,min,5.93
6,2004,clear creek,UCC,USFWS,clear creek,temperature,max,8.39
6,2004,clear creek,UCC,USFWS,clear creek,temperature,mean,7.1847321428571425
6,2004,clear creek,UCC,USFWS,clear creek,temperature,min,5.92
7,2004,clear creek,LCC,USFWS,clear creek,temperature,max,10.72
7,2004,clear creek,LCC,USFWS,clear creek,temperature,mean,8.535320415400202
7,2004,clear creek,LCC,USFWS,clear creek,temperature,min,6.08
7,2004,clear creek,UCC,USFWS,clear creek,temperature,max,10.24
7,2004,clear creek,UCC,USFWS,clear creek,temperature,mean,8.278379917184264
7,2004,clear creek,UCC,USFWS,clear creek,temperature,min,6.23
8,2004,clear creek,LCC,USFWS,clear creek,temperature,max,10.41
8,2004,clear creek,LCC,USFWS,clear creek,temperature,mean,9.153704407294834
8,2004,clear creek,LCC,USFWS,clear creek,temperature,min,8.09
8,2004,clear creek,UCC,USFWS,clear creek,temperature,max,10.09
8,2004,clear creek,UCC,USFWS,clear creek,temperature,mean,8.654407928064844
8,2004,clear creek,UCC,USFWS,clear creek,temperature,min,7.77
9,2004,clear creek,LCC,USFWS,clear creek,temperature,max,10.57
9,2004,clear creek,LCC,USFWS,clear creek,temperature,mean,9.070505952380953
9,2004,clear creek,LCC,USFWS,clear creek,temperature,min,7.78
9,2004,clear creek,UCC,USFWS,clear creek,temperature,max,9.93
9,2004,clear creek,UCC,USFWS,clear creek,temperature,mean,8.72452380952381
9,2004,clear creek,UCC,USFWS,clear creek,temperature,min,7.62
10,2004,clear creek,LCC,USFWS,clear creek,temperature,max,12.73
10,2004,clear creek,LCC,USFWS,clear creek,temperature,mean,10.111840805471125
10,2004,clear creek,LCC,USFWS,clear creek,temperature,min,7.78
10,2004,clear creek,UCC,USFWS,clear creek,temperature,max,11.48
10,2004,clear creek,UCC,USFWS,clear creek,temperature,mean,9.424179964539007
10,2004,clear creek,UCC,USFWS,clear creek,temperature,min,7.62
11,2004,clear creek,LCC,USFWS,clear creek,temperature,max,13.35
11,2004,clear creek,LCC,USFWS,clear creek,temperature,mean,11.006465298885512
11,2004,clear creek,LCC,USFWS,clear creek,temperature,min,8.86
11,2004,clear creek,UCC,USFWS,clear creek,temperature,max,11.48
11,2004,clear creek,UCC,USFWS,clear creek,temperature,mean,9.95003166160081
11,2004,clear creek,UCC,USFWS,clear creek,temperature,min,8.39
12,2004,clear creek,LCC,USFWS,clear creek,temperature,max,13.81
12,2004,clear creek,LCC,USFWS,clear creek,temperature,mean,11.41970934650456
12,2004,clear creek,LCC,USFWS,clear creek,temperature,min,9.02
12,2004,clear creek,UCC,USFWS,clear creek,temperature,max,11.79
12,2004,clear creek,UCC,USFWS,clear creek,temperature,mean,10.149213525835867
12,2004,clear creek,UCC,USFWS,clear creek,temperature,min,8.39
13,2004,clear creek,LCC,USFWS,clear creek,temperature,max,13.66
13,2004,clear creek,LCC,USFWS,clear creek,temperature,mean,10.316879432624113
13,2004,clear creek,LCC,USFWS,clear creek,temperature,min,8.4
13,2004,clear creek,UCC,USFWS,clear creek,temperature,max,11.79
13,2004,clear creek,UCC,USFWS,clear creek,temperature,mean,9.727410714285714
13,2004,clear creek,UCC,USFWS,clear creek,temperature,min,7.93
14,2004,clear creek,UCC,USFWS,clear creek,temperature,max,12.25
14,2004,clear creek,UCC,USFWS,clear creek,temperature,mean,10.467416248182898
14,2004,clear creek,UCC,USFWS,clear creek,temperature,min,8.39
14,2004,clear creek,LCC,USFWS,clear creek,temperature,max,14.43
14,2004,clear creek,LCC,USFWS,clear creek,temperature,mean,11.8279240136876
14,2004,clear creek,LCC,USFWS,clear creek,temperature,min,8.86
15,2004,clear creek,LCC,USFWS,clear creek,temperature,max,15.07
15,2004,clear creek,LCC,USFWS,clear creek,temperature,mean,12.133894841269841
15,2004,clear creek,LCC,USFWS,clear creek,temperature,min,10.1
15,2004,clear creek,UCC,USFWS,clear creek,temperature,max,12.72
15,2004,clear creek,UCC,USFWS,clear creek,temperature,mean,10.757887510462094
15,2004,clear creek,UCC,USFWS,clear creek,temperature,min,9.16
16,2004,clear creek,LCC,USFWS,clear creek,temperature,max,14.12
16,2004,clear creek,LCC,USFWS,clear creek,temperature,mean,10.949036220871328
16,2004,clear creek,LCC,USFWS,clear creek,temperature,min,9.17
16,2004,clear creek,UCC,USFWS,clear creek,temperature,max,12.25
16,2004,clear creek,UCC,USFWS,clear creek,temperature,mean,10.106208839918946
16,2004,clear creek,UCC,USFWS,clear creek,temperature,min,8.69
17,2004,clear creek,UCC,USFWS,clear creek,temperature,max,14.26
17,2004,clear creek,UCC,USFWS,clear creek,temperature,mean,11.62656408308004
17,2004,clear creek,UCC,USFWS,clear creek,temperature,min,9
18,2004,clear creek,LCC,USFWS,clear creek,temperature,max,17.12
18,2004,clear creek,LCC,USFWS,clear creek,temperature,mean,13.858473718118145
18,2004,clear creek,LCC,USFWS,clear creek,temperature,min,10.73
18,2004,clear creek,UCC,USFWS,clear creek,temperature,max,16.81
18,2004,clear creek,UCC,USFWS,clear creek,temperature,mean,13.084929793201406
18,2004,clear creek,UCC,USFWS,clear creek,temperature,min,9.77
19,2004,clear creek,LCC,USFWS,clear creek,temperature,max,16.17
19,2004,clear creek,LCC,USFWS,clear creek,temperature,mean,13.05389880952381
19,2004,clear creek,LCC,USFWS,clear creek,temperature,min,10.42
19,2004,clear creek,UCC,USFWS,clear creek,temperature,max,13.79
19,2004,clear creek,UCC,USFWS,clear creek,temperature,mean,11.574611195542046
19,2004,clear creek,UCC,USFWS,clear creek,temperature,min,9.62
20,2004,clear creek,LCC,USFWS,clear creek,temperature,max,17.12
20,2004,clear creek,LCC,USFWS,clear creek,temperature,mean,13.77325354609929
20,2004,clear creek,LCC,USFWS,clear creek,temperature,min,11.03
20,2004,clear creek,UCC,USFWS,clear creek,temperature,max,14.41
20,2004,clear creek,UCC,USFWS,clear creek,temperature,mean,12.044991134751774
20,2004,clear creek,UCC,USFWS,clear creek,temperature,min,10.09
21,2004,clear creek,LCC,USFWS,clear creek,temperature,max,17.44
21,2004,clear creek,LCC,USFWS,clear creek,temperature,mean,14.108955800405269
21,2004,clear creek,LCC,USFWS,clear creek,temperature,min,11.34
21,2004,clear creek,UCC,USFWS,clear creek,temperature,max,14.72
21,2004,clear creek,UCC,USFWS,clear creek,temperature,mean,12.273452380952381
21,2004,clear creek,UCC,USFWS,clear creek,temperature,min,10.24
22,2004,clear creek,LCC,USFWS,clear creek,temperature,max,18.25
22,2004,clear creek,LCC,USFWS,clear creek,temperature,mean,14.571409574468085
22,2004,clear creek,LCC,USFWS,clear creek,temperature,min,11.49
22,2004,clear creek,UCC,USFWS,clear creek,temperature,max,15.2
22,2004,clear creek,UCC,USFWS,clear creek,temperature,mean,12.613796225937183
22,2004,clear creek,UCC,USFWS,clear creek,temperature,min,10.4
23,2004,clear creek,LCC,USFWS,clear creek,temperature,max,18.9
23,2004,clear creek,LCC,USFWS,clear creek,temperature,mean,15.323303571428571
23,2004,clear creek,LCC,USFWS,clear creek,temperature,min,12.58
23,2004,clear creek,UCC,USFWS,clear creek,temperature,max,15.36
23,2004,clear creek,UCC,USFWS,clear creek,temperature,mean,13.049915780141843
23,2004,clear creek,UCC,USFWS,clear creek,temperature,min,10.56
24,2004,clear creek,LCC,USFWS,clear creek,temperature,max,19.87
24,2004,clear creek,LCC,USFWS,clear creek,temperature,mean,16.111325354609928
24,2004,clear creek,LCC,USFWS,clear creek,temperature,min,12.74
24,2004,clear creek,UCC,USFWS,clear creek,temperature,max,15.99
24,2004,clear creek,UCC,USFWS,clear creek,temperature,mean,13.591190476190476
24,2004,clear creek,UCC,USFWS,clear creek,temperature,min,11.02
25,2004,clear creek,LCC,USFWS,clear creek,temperature,max,21.34
25,2004,clear creek,LCC,USFWS,clear creek,temperature,mean,16.94094604863222
25,2004,clear creek,LCC,USFWS,clear creek,temperature,min,14.28
25,2004,clear creek,UCC,USFWS,clear creek,temperature,max,16.15
25,2004,clear creek,UCC,USFWS,clear creek,temperature,mean,14.025419832826747
25,2004,clear creek,UCC,USFWS,clear creek,temperature,min,11.63
26,2004,clear creek,LCC,USFWS,clear creek,temperature,max,21.51
26,2004,clear creek,LCC,USFWS,clear creek,temperature,mean,17.271361448834853
26,2004,clear creek,LCC,USFWS,clear creek,temperature,min,14.28
26,2004,clear creek,UCC,USFWS,clear creek,temperature,max,16.15
26,2004,clear creek,UCC,USFWS,clear creek,temperature,mean,14.204166666666666
26,2004,clear creek,UCC,USFWS,clear creek,temperature,min,11.63
27,2004,clear creek,LCC,USFWS,clear creek,temperature,max,24.56
27,2004,clear creek,LCC,USFWS,clear creek,temperature,mean,19.666618541033433
27,2004,clear creek,LCC,USFWS,clear creek,temperature,min,15.86
28,2004,clear creek,LCC,USFWS,clear creek,temperature,max,24.38
28,2004,clear creek,LCC,USFWS,clear creek,temperature,mean,20.053137664640325
28,2004,clear creek,LCC,USFWS,clear creek,temperature,min,16.02
29,2004,clear creek,LCC,USFWS,clear creek,temperature,max,25.59
29,2004,clear creek,LCC,USFWS,clear creek,temperature,mean,20.853801291793314
29,2004,clear creek,LCC,USFWS,clear creek,temperature,min,16.49
30,2004,clear creek,LCC,USFWS,clear creek,temperature,max,25.94
30,2004,clear creek,LCC,USFWS,clear creek,temperature,mean,20.80422619047619
30,2004,clear creek,LCC,USFWS,clear creek,temperature,min,16.33
31,2004,clear creek,LCC,USFWS,clear creek,temperature,max,24.73
31,2004,clear creek,LCC,USFWS,clear creek,temperature,mean,19.965272289766972
31,2004,clear creek,LCC,USFWS,clear creek,temperature,min,16.02
32,2004,clear creek,LCC,USFWS,clear creek,temperature,max,24.21
32,2004,clear creek,LCC,USFWS,clear creek,temperature,mean,19.470387537993922
32,2004,clear creek,LCC,USFWS,clear creek,temperature,min,15.7
33,2004,clear creek,LCC,USFWS,clear creek,temperature,max,23.52
33,2004,clear creek,LCC,USFWS,clear creek,temperature,mean,19.071173537234042
33,2004,clear creek,LCC,USFWS,clear creek,temperature,min,15.54
34,2004,clear creek,LCC,USFWS,clear creek,temperature,max,23.69
34,2004,clear creek,LCC,USFWS,clear creek,temperature,mean,18.845122340425533
34,2004,clear creek,LCC,USFWS,clear creek,temperature,min,15.23
35,2004,clear creek,LCC,USFWS,clear creek,temperature,max,23.17
35,2004,clear creek,LCC,USFWS,clear creek,temperature,mean,18.649849290780143
35,2004,clear creek,LCC,USFWS,clear creek,temperature,min,15.07
36,2004,clear creek,LCC,USFWS,clear creek,temperature,max,22.51
36,2004,clear creek,LCC,USFWS,clear creek,temperature,mean,18.219208459979736
36,2004,clear creek,LCC,USFWS,clear creek,temperature,min,14.59
37,2004,clear creek,LCC,USFWS,clear creek,temperature,max,22.17
37,2004,clear creek,LCC,USFWS,clear creek,temperature,mean,17.020654761904762
37,2004,clear creek,LCC,USFWS,clear creek,temperature,min,13.97
38,2004,clear creek,LCC,USFWS,clear creek,temperature,max,18.73
38,2004,clear creek,LCC,USFWS,clear creek,temperature,mean,14.769052051671732
38,2004,clear creek,LCC,USFWS,clear creek,temperature,min,12.27
39,2004,clear creek,LCC,USFWS,clear creek,temperature,max,16.81
39,2004,clear creek,LCC,USFWS,clear creek,temperature,mean,14.148641084093212
39,2004,clear creek,LCC,USFWS,clear creek,temperature,min,12.12
40,2004,clear creek,LCC,USFWS,clear creek,temperature,max,15.86
40,2004,clear creek,LCC,USFWS,clear creek,temperature,mean,13.652433451641526
40,2004,clear creek,LCC,USFWS,clear creek,temperature,min,11.65
41,2004,clear creek,LCC,USFWS,clear creek,temperature,max,15.54
41,2004,clear creek,LCC,USFWS,clear creek,temperature,mean,12.938091438703141
41,2004,clear creek,LCC,USFWS,clear creek,temperature,min,11.19
42,2004,clear creek,LCC,USFWS,clear creek,temperature,max,14.59
42,2004,clear creek,LCC,USFWS,clear creek,temperature,mean,11.828012284701114
42,2004,clear creek,LCC,USFWS,clear creek,temperature,min,10.57
43,2004,clear creek,LCC,USFWS,clear creek,temperature,max,12.89
43,2004,clear creek,LCC,USFWS,clear creek,temperature,mean,11.03464095744681
43,2004,clear creek,LCC,USFWS,clear creek,temperature,min,9.64
43,2004,clear creek,UCC,USFWS,clear creek,temperature,max,11.81
43,2004,clear creek,UCC,USFWS,clear creek,temperature,mean,10.928846631205674
43,2004,clear creek,UCC,USFWS,clear creek,temperature,min,9.94
44,2004,clear creek,LCC,USFWS,clear creek,temperature,max,12.58
44,2004,clear creek,LCC,USFWS,clear creek,temperature,mean,10.601822882251883
44,2004,clear creek,LCC,USFWS,clear creek,temperature,min,9.02
44,2004,clear creek,UCC,USFWS,clear creek,temperature,max,11.81
44,2004,clear creek,UCC,USFWS,clear creek,temperature,mean,10.729519927536233
44,2004,clear creek,UCC,USFWS,clear creek,temperature,min,9.63
45,2004,clear creek,LCC,USFWS,clear creek,temperature,max,11.96
45,2004,clear creek,LCC,USFWS,clear creek,temperature,mean,10.580587006079027
45,2004,clear creek,LCC,USFWS,clear creek,temperature,min,9.02
45,2004,clear creek,UCC,USFWS,clear creek,temperature,max,11.49
45,2004,clear creek,UCC,USFWS,clear creek,temperature,mean,10.719311676798378
45,2004,clear creek,UCC,USFWS,clear creek,temperature,min,9.79
46,2004,clear creek,LCC,USFWS,clear creek,temperature,max,12.27
46,2004,clear creek,LCC,USFWS,clear creek,temperature,mean,10.804684017223911
46,2004,clear creek,LCC,USFWS,clear creek,temperature,min,9.48
46,2004,clear creek,UCC,USFWS,clear creek,temperature,max,11.65
46,2004,clear creek,UCC,USFWS,clear creek,temperature,mean,10.906815476190477
46,2004,clear creek,UCC,USFWS,clear creek,temperature,min,9.94
47,2004,clear creek,LCC,USFWS,clear creek,temperature,max,11.34
47,2004,clear creek,LCC,USFWS,clear creek,temperature,mean,9.743302938196555
47,2004,clear creek,LCC,USFWS,clear creek,temperature,min,8.56
47,2004,clear creek,UCC,USFWS,clear creek,temperature,max,11.34
47,2004,clear creek,UCC,USFWS,clear creek,temperature,mean,10.2875
47,2004,clear creek,UCC,USFWS,clear creek,temperature,min,9.32
48,2004,clear creek,LCC,USFWS,clear creek,temperature,max,10.88
48,2004,clear creek,LCC,USFWS,clear creek,temperature,mean,9.282559523809523
48,2004,clear creek,LCC,USFWS,clear creek,temperature,min,7.78
48,2004,clear creek,UCC,USFWS,clear creek,temperature,max,11.03
48,2004,clear creek,UCC,USFWS,clear creek,temperature,mean,10.02721567882472
48,2004,clear creek,UCC,USFWS,clear creek,temperature,min,9.01
49,2004,clear creek,LCC,USFWS,clear creek,temperature,max,10.11
49,2004,clear creek,LCC,USFWS,clear creek,temperature,mean,8.792677304964538
49,2004,clear creek,LCC,USFWS,clear creek,temperature,min,7.47
49,2004,clear creek,UCC,USFWS,clear creek,temperature,max,10.41
49,2004,clear creek,UCC,USFWS,clear creek,temperature,mean,9.475718085106383
49,2004,clear creek,UCC,USFWS,clear creek,temperature,min,8.39
50,2004,clear creek,LCC,USFWS,clear creek,temperature,max,10.73
50,2004,clear creek,LCC,USFWS,clear creek,temperature,mean,9.69587386018237
50,2004,clear creek,LCC,USFWS,clear creek,temperature,min,8.24
50,2004,clear creek,UCC,USFWS,clear creek,temperature,max,10.57
50,2004,clear creek,UCC,USFWS,clear creek,temperature,mean,9.78189336372847
50,2004,clear creek,UCC,USFWS,clear creek,temperature,min,8.71
51,2004,clear creek,LCC,USFWS,clear creek,temperature,max,9.64
51,2004,clear creek,LCC,USFWS,clear creek,temperature,mean,8.402118161094226
51,2004,clear creek,LCC,USFWS,clear creek,temperature,min,7.47
51,2004,clear creek,UCC,USFWS,clear creek,temperature,max,9.63
51,2004,clear creek,UCC,USFWS,clear creek,temperature,mean,8.918466945288754
51,2004,clear creek,UCC,USFWS,clear creek,temperature,min,8.24
52,2004,clear creek,LCC,USFWS,clear creek,temperature,max,9.33
52,2004,clear creek,LCC,USFWS,clear creek,temperature,mean,8.227934397163121
52,2004,clear creek,LCC,USFWS,clear creek,temperature,min,6.86
52,2004,clear creek,UCC,USFWS,clear creek,temperature,max,9.79
52,2004,clear creek,UCC,USFWS,clear creek,temperature,mean,8.713912740628166
52,2004,clear creek,UCC,USFWS,clear creek,temperature,min,7.78
53,2004,clear creek,LCC,USFWS,clear creek,temperature,max,8.86
53,2004,clear creek,LCC,USFWS,clear creek,temperature,mean,8.499479166666667
53,2004,clear creek,LCC,USFWS,clear creek,temperature,min,8.09
53,2004,clear creek,UCC,USFWS,clear creek,temperature,max,9.01
53,2004,clear creek,UCC,USFWS,clear creek,temperature,mean,8.641562500000001
53,2004,clear creek,UCC,USFWS,clear creek,temperature,min,8.24
1,2005,clear creek,LCC,USFWS,clear creek,temperature,max,8.86
1,2005,clear creek,LCC,USFWS,clear creek,temperature,mean,7.834019756838906
1,2005,clear creek,LCC,USFWS,clear creek,temperature,min,6.86
1,2005,clear creek,UCC,USFWS,clear creek,temperature,max,8.71
1,2005,clear creek,UCC,USFWS,clear creek,temperature,mean,8.09511208206687
1,2005,clear creek,UCC,USFWS,clear creek,temperature,min,7.31
2,2005,clear creek,LCC,USFWS,clear creek,temperature,max,8.71
2,2005,clear creek,LCC,USFWS,clear creek,temperature,mean,7.426607142857143
2,2005,clear creek,LCC,USFWS,clear creek,temperature,min,6.23
2,2005,clear creek,UCC,USFWS,clear creek,temperature,max,8.71
2,2005,clear creek,UCC,USFWS,clear creek,temperature,mean,7.710646529888551
2,2005,clear creek,UCC,USFWS,clear creek,temperature,min,6.69
3,2005,clear creek,LCC,USFWS,clear creek,temperature,max,9.17
3,2005,clear creek,LCC,USFWS,clear creek,temperature,mean,7.9313988095238095
3,2005,clear creek,LCC,USFWS,clear creek,temperature,min,6.86
3,2005,clear creek,UCC,USFWS,clear creek,temperature,max,8.71
3,2005,clear creek,UCC,USFWS,clear creek,temperature,mean,7.999613095238095
3,2005,clear creek,UCC,USFWS,clear creek,temperature,min,7
4,2005,clear creek,LCC,USFWS,clear creek,temperature,max,9.17
4,2005,clear creek,LCC,USFWS,clear creek,temperature,mean,8.119269883485309
4,2005,clear creek,LCC,USFWS,clear creek,temperature,min,6.54
4,2005,clear creek,UCC,USFWS,clear creek,temperature,max,9.17
4,2005,clear creek,UCC,USFWS,clear creek,temperature,mean,8.133488447645478
4,2005,clear creek,UCC,USFWS,clear creek,temperature,min,6.84
5,2005,clear creek,LCC,USFWS,clear creek,temperature,max,9.79
5,2005,clear creek,LCC,USFWS,clear creek,temperature,mean,8.158389690982776
5,2005,clear creek,LCC,USFWS,clear creek,temperature,min,6.86
5,2005,clear creek,UCC,USFWS,clear creek,temperature,max,9.17
5,2005,clear creek,UCC,USFWS,clear creek,temperature,mean,8.246636271529889
5,2005,clear creek,UCC,USFWS,clear creek,temperature,min,7.31
6,2005,clear creek,LCC,USFWS,clear creek,temperature,max,9.64
6,2005,clear creek,LCC,USFWS,clear creek,temperature,mean,8.019946175278623
6,2005,clear creek,LCC,USFWS,clear creek,temperature,min,6.7
6,2005,clear creek,UCC,USFWS,clear creek,temperature,max,9.01
6,2005,clear creek,UCC,USFWS,clear creek,temperature,mean,8.096886398176292
6,2005,clear creek,UCC,USFWS,clear creek,temperature,min,7.16
7,2005,clear creek,LCC,USFWS,clear creek,temperature,max,10.73
7,2005,clear creek,LCC,USFWS,clear creek,temperature,mean,8.606449468085106
7,2005,clear creek,LCC,USFWS,clear creek,temperature,min,6.7
7,2005,clear creek,UCC,USFWS,clear creek,temperature,max,9.63
7,2005,clear creek,UCC,USFWS,clear creek,temperature,mean,8.550497720364742
7,2005,clear creek,UCC,USFWS,clear creek,temperature,min,7.16
8,2005,clear creek,LCC,USFWS,clear creek,temperature,max,10.88
8,2005,clear creek,LCC,USFWS,clear creek,temperature,mean,9.284434523809523
8,2005,clear creek,LCC,USFWS,clear creek,temperature,min,7.63
8,2005,clear creek,UCC,USFWS,clear creek,temperature,max,10.1
8,2005,clear creek,UCC,USFWS,clear creek,temperature,mean,9.106844604863221
8,2005,clear creek,UCC,USFWS,clear creek,temperature,min,7.93
9,2005,clear creek,LCC,USFWS,clear creek,temperature,max,11.65
9,2005,clear creek,LCC,USFWS,clear creek,temperature,mean,9.37493984295846
9,2005,clear creek,LCC,USFWS,clear creek,temperature,min,7.78
9,2005,clear creek,UCC,USFWS,clear creek,temperature,max,10.72
9,2005,clear creek,UCC,USFWS,clear creek,temperature,mean,9.285873226950354
9,2005,clear creek,UCC,USFWS,clear creek,temperature,min,8.09
10,2005,clear creek,LCC,USFWS,clear creek,temperature,max,12.89
10,2005,clear creek,LCC,USFWS,clear creek,temperature,mean,10.524522543059778
10,2005,clear creek,LCC,USFWS,clear creek,temperature,min,8.56
10,2005,clear creek,UCC,USFWS,clear creek,temperature,max,11.49
10,2005,clear creek,UCC,USFWS,clear creek,temperature,mean,10.031302558257345
10,2005,clear creek,UCC,USFWS,clear creek,temperature,min,8.71
11,2005,clear creek,LCC,USFWS,clear creek,temperature,max,12.89
11,2005,clear creek,LCC,USFWS,clear creek,temperature,mean,9.948660714285714
11,2005,clear creek,LCC,USFWS,clear creek,temperature,min,7.63
11,2005,clear creek,UCC,USFWS,clear creek,temperature,max,11.49
11,2005,clear creek,UCC,USFWS,clear creek,temperature,mean,9.55984612462006
11,2005,clear creek,UCC,USFWS,clear creek,temperature,min,7.78
12,2005,clear creek,LCC,USFWS,clear creek,temperature,max,12.12
12,2005,clear creek,LCC,USFWS,clear creek,temperature,mean,10.032797619047619
12,2005,clear creek,LCC,USFWS,clear creek,temperature,min,8.24
12,2005,clear creek,UCC,USFWS,clear creek,temperature,max,11.96
12,2005,clear creek,UCC,USFWS,clear creek,temperature,mean,9.90551988348531
12,2005,clear creek,UCC,USFWS,clear creek,temperature,min,8.39
13,2005,clear creek,LCC,USFWS,clear creek,temperature,max,12.74
13,2005,clear creek,LCC,USFWS,clear creek,temperature,mean,10.434497213779128
13,2005,clear creek,LCC,USFWS,clear creek,temperature,min,8.24
13,2005,clear creek,UCC,USFWS,clear creek,temperature,max,11.81
13,2005,clear creek,UCC,USFWS,clear creek,temperature,mean,10.092142857142857
13,2005,clear creek,UCC,USFWS,clear creek,temperature,min,8.24
14,2005,clear creek,LCC,USFWS,clear creek,temperature,max,13.36
14,2005,clear creek,LCC,USFWS,clear creek,temperature,mean,10.672158632879608
14,2005,clear creek,LCC,USFWS,clear creek,temperature,min,8.71
14,2005,clear creek,UCC,USFWS,clear creek,temperature,max,12.43
14,2005,clear creek,UCC,USFWS,clear creek,temperature,mean,10.232140654596714
14,2005,clear creek,UCC,USFWS,clear creek,temperature,min,8.55
15,2005,clear creek,LCC,USFWS,clear creek,temperature,max,13.97
15,2005,clear creek,LCC,USFWS,clear creek,temperature,mean,10.889461119554205
15,2005,clear creek,LCC,USFWS,clear creek,temperature,min,8.09
15,2005,clear creek,UCC,USFWS,clear creek,temperature,max,12.89
15,2005,clear creek,UCC,USFWS,clear creek,temperature,mean,10.445654761904763
15,2005,clear creek,UCC,USFWS,clear creek,temperature,min,8.39
16,2005,clear creek,LCC,USFWS,clear creek,temperature,max,14.91
16,2005,clear creek,LCC,USFWS,clear creek,temperature,mean,11.96237968591692
16,2005,clear creek,LCC,USFWS,clear creek,temperature,min,9.17
16,2005,clear creek,UCC,USFWS,clear creek,temperature,max,13.52
16,2005,clear creek,UCC,USFWS,clear creek,temperature,mean,11.2611797112462
16,2005,clear creek,UCC,USFWS,clear creek,temperature,min,9.32
17,2005,clear creek,LCC,USFWS,clear creek,temperature,max,15.07
17,2005,clear creek,LCC,USFWS,clear creek,temperature,mean,12.318896276595746
17,2005,clear creek,LCC,USFWS,clear creek,temperature,min,10.42
17,2005,clear creek,UCC,USFWS,clear creek,temperature,max,13.67
17,2005,clear creek,UCC,USFWS,clear creek,temperature,mean,11.524710612968592
17,2005,clear creek,UCC,USFWS,clear creek,temperature,min,10.1
18,2005,clear creek,LCC,USFWS,clear creek,temperature,max,16.02
18,2005,clear creek,LCC,USFWS,clear creek,temperature,mean,12.854440856129687
18,2005,clear creek,LCC,USFWS,clear creek,temperature,min,11.03
18,2005,clear creek,UCC,USFWS,clear creek,temperature,max,13.82
18,2005,clear creek,UCC,USFWS,clear creek,temperature,mean,11.971904761904762
18,2005,clear creek,UCC,USFWS,clear creek,temperature,min,10.57
19,2005,clear creek,LCC,USFWS,clear creek,temperature,max,16.17
19,2005,clear creek,LCC,USFWS,clear creek,temperature,mean,12.688095238095238
19,2005,clear creek,LCC,USFWS,clear creek,temperature,min,10.42
19,2005,clear creek,UCC,USFWS,clear creek,temperature,max,15.24
19,2005,clear creek,UCC,USFWS,clear creek,temperature,mean,12.269221124620062
19,2005,clear creek,UCC,USFWS,clear creek,temperature,min,10.57
20,2005,clear creek,LCC,USFWS,clear creek,temperature,max,16.17
20,2005,clear creek,LCC,USFWS,clear creek,temperature,mean,13.029404761904761
20,2005,clear creek,LCC,USFWS,clear creek,temperature,min,10.88
20,2005,clear creek,UCC,USFWS,clear creek,temperature,max,15.08
20,2005,clear creek,UCC,USFWS,clear creek,temperature,mean,12.564375633232016
20,2005,clear creek,UCC,USFWS,clear creek,temperature,min,10.88
21,2005,clear creek,LCC,USFWS,clear creek,temperature,max,18.25
21,2005,clear creek,LCC,USFWS,clear creek,temperature,mean,14.692053571428572
21,2005,clear creek,LCC,USFWS,clear creek,temperature,min,11.34
21,2005,clear creek,UCC,USFWS,clear creek,temperature,max,16.35
21,2005,clear creek,UCC,USFWS,clear creek,temperature,mean,13.702013044579534
21,2005,clear creek,UCC,USFWS,clear creek,temperature,min,11.19
22,2005,clear creek,LCC,USFWS,clear creek,temperature,max,17.44
22,2005,clear creek,LCC,USFWS,clear creek,temperature,mean,14.592589285714286
22,2005,clear creek,LCC,USFWS,clear creek,temperature,min,11.81
22,2005,clear creek,UCC,USFWS,clear creek,temperature,max,16.03
22,2005,clear creek,UCC,USFWS,clear creek,temperature,mean,13.430746580547112
22,2005,clear creek,UCC,USFWS,clear creek,temperature,min,11.49
23,2005,clear creek,LCC,USFWS,clear creek,temperature,max,18.41
23,2005,clear creek,LCC,USFWS,clear creek,temperature,mean,14.160294452887538
23,2005,clear creek,LCC,USFWS,clear creek,temperature,min,11.19
23,2005,clear creek,UCC,USFWS,clear creek,temperature,max,15.87
23,2005,clear creek,UCC,USFWS,clear creek,temperature,mean,13.091675531914893
23,2005,clear creek,UCC,USFWS,clear creek,temperature,min,10.88
24,2005,clear creek,LCC,USFWS,clear creek,temperature,max,18.9
24,2005,clear creek,LCC,USFWS,clear creek,temperature,mean,15.24860119047619
24,2005,clear creek,LCC,USFWS,clear creek,temperature,min,12.27
24,2005,clear creek,UCC,USFWS,clear creek,temperature,max,16.51
24,2005,clear creek,UCC,USFWS,clear creek,temperature,mean,13.881309523809524
24,2005,clear creek,UCC,USFWS,clear creek,temperature,min,11.96
25,2005,clear creek,LCC,USFWS,clear creek,temperature,max,19.06
25,2005,clear creek,LCC,USFWS,clear creek,temperature,mean,15.229102077001013
25,2005,clear creek,LCC,USFWS,clear creek,temperature,min,12.12
25,2005,clear creek,UCC,USFWS,clear creek,temperature,max,16.67
25,2005,clear creek,UCC,USFWS,clear creek,temperature,mean,13.956478596757853
25,2005,clear creek,UCC,USFWS,clear creek,temperature,min,11.81
26,2005,clear creek,LCC,USFWS,clear creek,temperature,max,20.84
26,2005,clear creek,LCC,USFWS,clear creek,temperature,mean,17.023035714285715
26,2005,clear creek,LCC,USFWS,clear creek,temperature,min,14.13
26,2005,clear creek,UCC,USFWS,clear creek,temperature,max,17.46
26,2005,clear creek,UCC,USFWS,clear creek,temperature,mean,15.068450481256333
26,2005,clear creek,UCC,USFWS,clear creek,temperature,min,12.74
27,2005,clear creek,LCC,USFWS,clear creek,temperature,max,23.86
27,2005,clear creek,LCC,USFWS,clear creek,temperature,mean,19.20250316616008
27,2005,clear creek,LCC,USFWS,clear creek,temperature,min,15.54
27,2005,clear creek,UCC,USFWS,clear creek,temperature,max,18.27
27,2005,clear creek,UCC,USFWS,clear creek,temperature,mean,16.527890070921988
27,2005,clear creek,UCC,USFWS,clear creek,temperature,min,13.36
28,2005,clear creek,LCC,USFWS,clear creek,temperature,max,23.01
28,2005,clear creek,LCC,USFWS,clear creek,temperature,mean,19.12386904761905
28,2005,clear creek,LCC,USFWS,clear creek,temperature,min,16.33
28,2005,clear creek,UCC,USFWS,clear creek,temperature,max,17.94
28,2005,clear creek,UCC,USFWS,clear creek,temperature,mean,16.33633928571429
28,2005,clear creek,UCC,USFWS,clear creek,temperature,min,13.98
29,2005,clear creek,LCC,USFWS,clear creek,temperature,max,22.01
29,2005,clear creek,LCC,USFWS,clear creek,temperature,mean,18.389785334346506
29,2005,clear creek,LCC,USFWS,clear creek,temperature,min,14.59
29,2005,clear creek,UCC,USFWS,clear creek,temperature,max,17.62
29,2005,clear creek,UCC,USFWS,clear creek,temperature,mean,15.79762537993921
29,2005,clear creek,UCC,USFWS,clear creek,temperature,min,13.36
30,2005,clear creek,LCC,USFWS,clear creek,temperature,max,21.01
30,2005,clear creek,LCC,USFWS,clear creek,temperature,mean,17.871690729483284
30,2005,clear creek,LCC,USFWS,clear creek,temperature,min,15.23
30,2005,clear creek,UCC,USFWS,clear creek,temperature,max,17.3
30,2005,clear creek,UCC,USFWS,clear creek,temperature,mean,15.503392857142858
30,2005,clear creek,UCC,USFWS,clear creek,temperature,min,13.21
31,2005,clear creek,LCC,USFWS,clear creek,temperature,max,22.34
31,2005,clear creek,LCC,USFWS,clear creek,temperature,mean,18.448970997973657
31,2005,clear creek,LCC,USFWS,clear creek,temperature,min,15.23
31,2005,clear creek,UCC,USFWS,clear creek,temperature,max,17.46
31,2005,clear creek,UCC,USFWS,clear creek,temperature,mean,15.893303571428572
31,2005,clear creek,UCC,USFWS,clear creek,temperature,min,13.21
32,2005,clear creek,LCC,USFWS,clear creek,temperature,max,22.34
32,2005,clear creek,LCC,USFWS,clear creek,temperature,mean,18.54241957953394
32,2005,clear creek,LCC,USFWS,clear creek,temperature,min,15.54
32,2005,clear creek,UCC,USFWS,clear creek,temperature,max,17.14
32,2005,clear creek,UCC,USFWS,clear creek,temperature,mean,16.00636904761905
32,2005,clear creek,UCC,USFWS,clear creek,temperature,min,13.67
33,2005,clear creek,LCC,USFWS,clear creek,temperature,max,21.34
33,2005,clear creek,LCC,USFWS,clear creek,temperature,mean,17.929559903748732
33,2005,clear creek,LCC,USFWS,clear creek,temperature,min,15.38
33,2005,clear creek,UCC,USFWS,clear creek,temperature,max,16.98
33,2005,clear creek,UCC,USFWS,clear creek,temperature,mean,15.665505952380954
33,2005,clear creek,UCC,USFWS,clear creek,temperature,min,13.52
34,2005,clear creek,LCC,USFWS,clear creek,temperature,max,21.01
34,2005,clear creek,LCC,USFWS,clear creek,temperature,mean,17.561071428571427
34,2005,clear creek,LCC,USFWS,clear creek,temperature,min,14.59
34,2005,clear creek,UCC,USFWS,clear creek,temperature,max,16.82
34,2005,clear creek,UCC,USFWS,clear creek,temperature,mean,15.504630192502534
34,2005,clear creek,UCC,USFWS,clear creek,temperature,min,13.36
35,2005,clear creek,LCC,USFWS,clear creek,temperature,max,20.52
35,2005,clear creek,LCC,USFWS,clear creek,temperature,mean,16.91232459473151
35,2005,clear creek,LCC,USFWS,clear creek,temperature,min,14.44
35,2005,clear creek,UCC,USFWS,clear creek,temperature,max,16.51
35,2005,clear creek,UCC,USFWS,clear creek,temperature,mean,15.220702887537994
35,2005,clear creek,UCC,USFWS,clear creek,temperature,min,13.36
36,2005,clear creek,LCC,USFWS,clear creek,temperature,max,19.71
36,2005,clear creek,LCC,USFWS,clear creek,temperature,mean,16.5826367781155
36,2005,clear creek,LCC,USFWS,clear creek,temperature,min,14.13
36,2005,clear creek,UCC,USFWS,clear creek,temperature,max,16.03
36,2005,clear creek,UCC,USFWS,clear creek,temperature,mean,15.13715425531915
36,2005,clear creek,UCC,USFWS,clear creek,temperature,min,13.36
37,2005,clear creek,LCC,USFWS,clear creek,temperature,max,18.73
37,2005,clear creek,LCC,USFWS,clear creek,temperature,mean,15.299247087132725
37,2005,clear creek,LCC,USFWS,clear creek,temperature,min,13.05
37,2005,clear creek,UCC,USFWS,clear creek,temperature,max,16.03
37,2005,clear creek,UCC,USFWS,clear creek,temperature,mean,14.51246010638298
37,2005,clear creek,UCC,USFWS,clear creek,temperature,min,12.89
38,2005,clear creek,LCC,USFWS,clear creek,temperature,max,17.61
38,2005,clear creek,LCC,USFWS,clear creek,temperature,mean,14.819903748733536
38,2005,clear creek,LCC,USFWS,clear creek,temperature,min,12.43
38,2005,clear creek,UCC,USFWS,clear creek,temperature,max,16.03
38,2005,clear creek,UCC,USFWS,clear creek,temperature,mean,14.510731382978724
38,2005,clear creek,UCC,USFWS,clear creek,temperature,min,12.89
39,2005,clear creek,LCC,USFWS,clear creek,temperature,max,16.97
39,2005,clear creek,LCC,USFWS,clear creek,temperature,mean,14.293513171225937
39,2005,clear creek,LCC,USFWS,clear creek,temperature,min,12.43
39,2005,clear creek,UCC,USFWS,clear creek,temperature,max,15.56
39,2005,clear creek,UCC,USFWS,clear creek,temperature,mean,14.199003292806484
39,2005,clear creek,UCC,USFWS,clear creek,temperature,min,12.89
40,2005,clear creek,LCC,USFWS,clear creek,temperature,max,15.7
40,2005,clear creek,LCC,USFWS,clear creek,temperature,mean,13.67965359263448
40,2005,clear creek,LCC,USFWS,clear creek,temperature,min,11.81
40,2005,clear creek,UCC,USFWS,clear creek,temperature,max,14.92
40,2005,clear creek,UCC,USFWS,clear creek,temperature,mean,13.782410714285714
40,2005,clear creek,UCC,USFWS,clear creek,temperature,min,12.43
41,2005,clear creek,LCC,USFWS,clear creek,temperature,max,15.7
41,2005,clear creek,LCC,USFWS,clear creek,temperature,mean,13.560587006079027
41,2005,clear creek,LCC,USFWS,clear creek,temperature,min,11.65
41,2005,clear creek,UCC,USFWS,clear creek,temperature,max,14.76
41,2005,clear creek,UCC,USFWS,clear creek,temperature,mean,13.74333396656535
41,2005,clear creek,UCC,USFWS,clear creek,temperature,min,12.43
42,2005,clear creek,LCC,USFWS,clear creek,temperature,max,15.38
42,2005,clear creek,LCC,USFWS,clear creek,temperature,mean,13.277420212765957
42,2005,clear creek,LCC,USFWS,clear creek,temperature,min,11.65
42,2005,clear creek,UCC,USFWS,clear creek,temperature,max,14.76
42,2005,clear creek,UCC,USFWS,clear creek,temperature,mean,13.640442629179331
42,2005,clear creek,UCC,USFWS,clear creek,temperature,min,12.58
43,2005,clear creek,LCC,USFWS,clear creek,temperature,max,14.59
43,2005,clear creek,LCC,USFWS,clear creek,temperature,mean,12.924078647416414
43,2005,clear creek,LCC,USFWS,clear creek,temperature,min,11.65
43,2005,clear creek,UCC,USFWS,clear creek,temperature,max,14.44
43,2005,clear creek,UCC,USFWS,clear creek,temperature,mean,13.454038120567375
43,2005,clear creek,UCC,USFWS,clear creek,temperature,min,12.43
44,2005,clear creek,LCC,USFWS,clear creek,temperature,max,13.82
44,2005,clear creek,LCC,USFWS,clear creek,temperature,mean,12.333916666666667
44,2005,clear creek,LCC,USFWS,clear creek,temperature,min,10.88
44,2005,clear creek,UCC,USFWS,clear creek,temperature,max,14.13
44,2005,clear creek,UCC,USFWS,clear creek,temperature,mean,13.082208333333334
44,2005,clear creek,UCC,USFWS,clear creek,temperature,min,12.12
46,2005,clear creek,LCC,USFWS,clear creek,temperature,max,11.65
46,2005,clear creek,LCC,USFWS,clear creek,temperature,mean,10.448177083333334
46,2005,clear creek,LCC,USFWS,clear creek,temperature,min,9.17
46,2005,clear creek,UCC,USFWS,clear creek,temperature,max,12.12
46,2005,clear creek,UCC,USFWS,clear creek,temperature,mean,11.222267287234043
46,2005,clear creek,UCC,USFWS,clear creek,temperature,min,10.41
47,2005,clear creek,LCC,USFWS,clear creek,temperature,max,11.19
47,2005,clear creek,LCC,USFWS,clear creek,temperature,mean,9.695518617021277
47,2005,clear creek,LCC,USFWS,clear creek,temperature,min,8.4
47,2005,clear creek,UCC,USFWS,clear creek,temperature,max,11.49
47,2005,clear creek,UCC,USFWS,clear creek,temperature,mean,10.614497213779128
47,2005,clear creek,UCC,USFWS,clear creek,temperature,min,9.63
48,2005,clear creek,LCC,USFWS,clear creek,temperature,max,9.64
48,2005,clear creek,LCC,USFWS,clear creek,temperature,mean,8.701979166666668
48,2005,clear creek,LCC,USFWS,clear creek,temperature,min,7.63
48,2005,clear creek,UCC,USFWS,clear creek,temperature,max,10.57
48,2005,clear creek,UCC,USFWS,clear creek,temperature,mean,9.497321428571428
48,2005,clear creek,UCC,USFWS,clear creek,temperature,min,8.55
49,2005,clear creek,UCC,USFWS,clear creek,temperature,max,9.32
49,2005,clear creek,UCC,USFWS,clear creek,temperature,mean,8.566815476190476
49,2005,clear creek,UCC,USFWS,clear creek,temperature,min,7.62
49,2005,clear creek,LCC,USFWS,clear creek,temperature,max,9.91
49,2005,clear creek,LCC,USFWS,clear creek,temperature,mean,8.121169377633878
49,2005,clear creek,LCC,USFWS,clear creek,temperature,min,6.5
50,2005,clear creek,LCC,USFWS,clear creek,temperature,max,8.97
50,2005,clear creek,LCC,USFWS,clear creek,temperature,mean,7.406112588652483
50,2005,clear creek,LCC,USFWS,clear creek,temperature,min,6.19
50,2005,clear creek,UCC,USFWS,clear creek,temperature,max,9.01
50,2005,clear creek,UCC,USFWS,clear creek,temperature,mean,8.059698581560284
50,2005,clear creek,UCC,USFWS,clear creek,temperature,min,7.16
51,2005,clear creek,LCC,USFWS,clear creek,temperature,max,11.45
51,2005,clear creek,LCC,USFWS,clear creek,temperature,mean,9.356118287740628
51,2005,clear creek,LCC,USFWS,clear creek,temperature,min,7.12
51,2005,clear creek,UCC,USFWS,clear creek,temperature,max,11.34
51,2005,clear creek,UCC,USFWS,clear creek,temperature,mean,9.645949848024316
51,2005,clear creek,UCC,USFWS,clear creek,temperature,min,7.78
52,2005,clear creek,LCC,USFWS,clear creek,temperature,max,11.61
52,2005,clear creek,LCC,USFWS,clear creek,temperature,mean,10.32150582573455
52,2005,clear creek,LCC,USFWS,clear creek,temperature,min,9.13
52,2005,clear creek,UCC,USFWS,clear creek,temperature,max,11.65
52,2005,clear creek,UCC,USFWS,clear creek,temperature,mean,10.367082066869301
52,2005,clear creek,UCC,USFWS,clear creek,temperature,min,9.17
53,2005,clear creek,LCC,USFWS,clear creek,temperature,max,11.45
53,2005,clear creek,LCC,USFWS,clear creek,temperature,mean,10.940625
53,2005,clear creek,LCC,USFWS,clear creek,temperature,min,10.06
53,2005,clear creek,UCC,USFWS,clear creek,temperature,max,13.36
53,2005,clear creek,UCC,USFWS,clear creek,temperature,mean,9.71125
53,2005,clear creek,UCC,USFWS,clear creek,temperature,min,4.34
1,2006,clear creek,LCC,USFWS,clear creek,temperature,max,10.84
1,2006,clear creek,LCC,USFWS,clear creek,temperature,mean,10.03493984295846
1,2006,clear creek,LCC,USFWS,clear creek,temperature,min,9.13
1,2006,clear creek,UCC,USFWS,clear creek,temperature,max,14.92
1,2006,clear creek,UCC,USFWS,clear creek,temperature,mean,9.78275175070028
1,2006,clear creek,UCC,USFWS,clear creek,temperature,min,4.34
2,2006,clear creek,LCC,USFWS,clear creek,temperature,max,10.53
2,2006,clear creek,LCC,USFWS,clear creek,temperature,mean,9.035970111448835
2,2006,clear creek,LCC,USFWS,clear creek,temperature,min,7.89
2,2006,clear creek,UCC,USFWS,clear creek,temperature,max,10.26
2,2006,clear creek,UCC,USFWS,clear creek,temperature,mean,9.156815476190477
2,2006,clear creek,UCC,USFWS,clear creek,temperature,min,8.09
3,2006,clear creek,LCC,USFWS,clear creek,temperature,max,9.28
3,2006,clear creek,LCC,USFWS,clear creek,temperature,mean,8.35553001519757
3,2006,clear creek,LCC,USFWS,clear creek,temperature,min,7.28
3,2006,clear creek,UCC,USFWS,clear creek,temperature,max,9.32
3,2006,clear creek,UCC,USFWS,clear creek,temperature,mean,8.536928824721377
3,2006,clear creek,UCC,USFWS,clear creek,temperature,min,7.62
4,2006,clear creek,LCC,USFWS,clear creek,temperature,max,9.44
4,2006,clear creek,LCC,USFWS,clear creek,temperature,mean,8.140892857142857
4,2006,clear creek,LCC,USFWS,clear creek,temperature,min,7.12
4,2006,clear creek,UCC,USFWS,clear creek,temperature,max,9.32
4,2006,clear creek,UCC,USFWS,clear creek,temperature,mean,8.28617147922999
4,2006,clear creek,UCC,USFWS,clear creek,temperature,min,7.31
5,2006,clear creek,LCC,USFWS,clear creek,temperature,max,10.99
5,2006,clear creek,LCC,USFWS,clear creek,temperature,mean,9.159057971014493
5,2006,clear creek,LCC,USFWS,clear creek,temperature,min,7.74
5,2006,clear creek,UCC,USFWS,clear creek,temperature,max,10.72
5,2006,clear creek,UCC,USFWS,clear creek,temperature,mean,9.335165906788246
5,2006,clear creek,UCC,USFWS,clear creek,temperature,min,8.09
6,2006,clear creek,LCC,USFWS,clear creek,temperature,max,10.53
6,2006,clear creek,LCC,USFWS,clear creek,temperature,mean,8.824077380952382
6,2006,clear creek,LCC,USFWS,clear creek,temperature,min,7.43
6,2006,clear creek,UCC,USFWS,clear creek,temperature,max,10.1
6,2006,clear creek,UCC,USFWS,clear creek,temperature,mean,8.862232142857144
6,2006,clear creek,UCC,USFWS,clear creek,temperature,min,7.62
7,2006,clear creek,LCC,USFWS,clear creek,temperature,max,10.84
7,2006,clear creek,LCC,USFWS,clear creek,temperature,mean,8.346966780097793
7,2006,clear creek,LCC,USFWS,clear creek,temperature,min,6.03
7,2006,clear creek,UCC,USFWS,clear creek,temperature,max,10.1
7,2006,clear creek,UCC,USFWS,clear creek,temperature,mean,8.403392857142856
7,2006,clear creek,UCC,USFWS,clear creek,temperature,min,6.53
8,2006,clear creek,LCC,USFWS,clear creek,temperature,max,10.06
8,2006,clear creek,LCC,USFWS,clear creek,temperature,mean,7.744563703140831
8,2006,clear creek,LCC,USFWS,clear creek,temperature,min,5.72
8,2006,clear creek,UCC,USFWS,clear creek,temperature,max,9.32
8,2006,clear creek,UCC,USFWS,clear creek,temperature,mean,7.794880952380953
8,2006,clear creek,UCC,USFWS,clear creek,temperature,min,6.38
9,2006,clear creek,LCC,USFWS,clear creek,temperature,max,9.91
9,2006,clear creek,LCC,USFWS,clear creek,temperature,mean,8.545208333333333
9,2006,clear creek,LCC,USFWS,clear creek,temperature,min,7.43
9,2006,clear creek,UCC,USFWS,clear creek,temperature,max,9.79
9,2006,clear creek,UCC,USFWS,clear creek,temperature,mean,8.62360119047619
9,2006,clear creek,UCC,USFWS,clear creek,temperature,min,7.47
10,2006,clear creek,LCC,USFWS,clear creek,temperature,max,10.53
10,2006,clear creek,LCC,USFWS,clear creek,temperature,mean,8.458440349544073
10,2006,clear creek,LCC,USFWS,clear creek,temperature,min,6.34
10,2006,clear creek,UCC,USFWS,clear creek,temperature,max,10.57
10,2006,clear creek,UCC,USFWS,clear creek,temperature,mean,8.564927811550152
10,2006,clear creek,UCC,USFWS,clear creek,temperature,min,6.53
11,2006,clear creek,LCC,USFWS,clear creek,temperature,max,10.53
11,2006,clear creek,LCC,USFWS,clear creek,temperature,mean,8.27270580040527
11,2006,clear creek,LCC,USFWS,clear creek,temperature,min,6.66
11,2006,clear creek,UCC,USFWS,clear creek,temperature,max,10.57
11,2006,clear creek,UCC,USFWS,clear creek,temperature,mean,8.343168059777103
11,2006,clear creek,UCC,USFWS,clear creek,temperature,min,6.84
12,2006,clear creek,LCC,USFWS,clear creek,temperature,max,10.99
12,2006,clear creek,LCC,USFWS,clear creek,temperature,mean,9.02032738095238
12,2006,clear creek,LCC,USFWS,clear creek,temperature,min,7.12
12,2006,clear creek,UCC,USFWS,clear creek,temperature,max,10.57
12,2006,clear creek,UCC,USFWS,clear creek,temperature,mean,8.966190476190476
12,2006,clear creek,UCC,USFWS,clear creek,temperature,min,7.31
13,2006,clear creek,LCC,USFWS,clear creek,temperature,max,10.99
13,2006,clear creek,LCC,USFWS,clear creek,temperature,mean,9.17424645390071
13,2006,clear creek,LCC,USFWS,clear creek,temperature,min,7.58
13,2006,clear creek,UCC,USFWS,clear creek,temperature,max,10.88
13,2006,clear creek,UCC,USFWS,clear creek,temperature,mean,9.109047619047619
13,2006,clear creek,UCC,USFWS,clear creek,temperature,min,7.78
14,2006,clear creek,LCC,USFWS,clear creek,temperature,max,11.61
14,2006,clear creek,LCC,USFWS,clear creek,temperature,mean,9.827548998785453
14,2006,clear creek,LCC,USFWS,clear creek,temperature,min,8.97
14,2006,clear creek,UCC,USFWS,clear creek,temperature,max,10.72
14,2006,clear creek,UCC,USFWS,clear creek,temperature,mean,9.71891433747412
14,2006,clear creek,UCC,USFWS,clear creek,temperature,min,8.86
15,2006,clear creek,LCC,USFWS,clear creek,temperature,max,13.16
15,2006,clear creek,LCC,USFWS,clear creek,temperature,mean,10.30031408308004
15,2006,clear creek,LCC,USFWS,clear creek,temperature,min,9.28
15,2006,clear creek,UCC,USFWS,clear creek,temperature,max,12.58
15,2006,clear creek,UCC,USFWS,clear creek,temperature,mean,10.199464285714285
15,2006,clear creek,UCC,USFWS,clear creek,temperature,min,9.17
16,2006,clear creek,LCC,USFWS,clear creek,temperature,max,13.62
16,2006,clear creek,LCC,USFWS,clear creek,temperature,mean,10.978750633232016
16,2006,clear creek,LCC,USFWS,clear creek,temperature,min,8.2
16,2006,clear creek,UCC,USFWS,clear creek,temperature,max,13.21
16,2006,clear creek,UCC,USFWS,clear creek,temperature,mean,10.468423885511651
16,2006,clear creek,UCC,USFWS,clear creek,temperature,min,8.09
17,2006,clear creek,LCC,USFWS,clear creek,temperature,max,16.29
17,2006,clear creek,LCC,USFWS,clear creek,temperature,mean,12.779970238095238
17,2006,clear creek,LCC,USFWS,clear creek,temperature,min,9.75
17,2006,clear creek,UCC,USFWS,clear creek,temperature,max,14.92
17,2006,clear creek,UCC,USFWS,clear creek,temperature,mean,11.867478470111449
17,2006,clear creek,UCC,USFWS,clear creek,temperature,min,9.63
18,2006,clear creek,LCC,USFWS,clear creek,temperature,max,15.98
18,2006,clear creek,LCC,USFWS,clear creek,temperature,mean,13.461369047619048
18,2006,clear creek,LCC,USFWS,clear creek,temperature,min,10.84
18,2006,clear creek,UCC,USFWS,clear creek,temperature,max,14.29
18,2006,clear creek,UCC,USFWS,clear creek,temperature,mean,12.173363095238095
18,2006,clear creek,UCC,USFWS,clear creek,temperature,min,10.26
19,2006,clear creek,LCC,USFWS,clear creek,temperature,max,16.61
19,2006,clear creek,LCC,USFWS,clear creek,temperature,mean,13.697082066869301
19,2006,clear creek,LCC,USFWS,clear creek,temperature,min,10.99
19,2006,clear creek,UCC,USFWS,clear creek,temperature,max,14.76
19,2006,clear creek,UCC,USFWS,clear creek,temperature,mean,12.332481003039513
19,2006,clear creek,UCC,USFWS,clear creek,temperature,min,10.41
20,2006,clear creek,LCC,USFWS,clear creek,temperature,max,18.05
20,2006,clear creek,LCC,USFWS,clear creek,temperature,mean,14.550405268490374
20,2006,clear creek,LCC,USFWS,clear creek,temperature,min,11.92
20,2006,clear creek,UCC,USFWS,clear creek,temperature,max,15.72
20,2006,clear creek,UCC,USFWS,clear creek,temperature,mean,12.962410714285713
20,2006,clear creek,UCC,USFWS,clear creek,temperature,min,10.88
21,2006,clear creek,LCC,USFWS,clear creek,temperature,max,16.14
21,2006,clear creek,LCC,USFWS,clear creek,temperature,mean,12.887163120567376
21,2006,clear creek,LCC,USFWS,clear creek,temperature,min,10.53
21,2006,clear creek,UCC,USFWS,clear creek,temperature,max,14.44
21,2006,clear creek,UCC,USFWS,clear creek,temperature,mean,11.939345238095237
21,2006,clear creek,UCC,USFWS,clear creek,temperature,min,10.26
22,2006,clear creek,LCC,USFWS,clear creek,temperature,max,17.24
22,2006,clear creek,LCC,USFWS,clear creek,temperature,mean,13.990505952380953
22,2006,clear creek,LCC,USFWS,clear creek,temperature,min,10.68
22,2006,clear creek,UCC,USFWS,clear creek,temperature,max,15.08
22,2006,clear creek,UCC,USFWS,clear creek,temperature,mean,12.715148809523809
22,2006,clear creek,UCC,USFWS,clear creek,temperature,min,10.41
23,2006,clear creek,LCC,USFWS,clear creek,temperature,max,20.16
23,2006,clear creek,LCC,USFWS,clear creek,temperature,mean,16.715978343465046
23,2006,clear creek,LCC,USFWS,clear creek,temperature,min,13.93
23,2006,clear creek,UCC,USFWS,clear creek,temperature,max,16.35
23,2006,clear creek,UCC,USFWS,clear creek,temperature,mean,14.415415400202635
23,2006,clear creek,UCC,USFWS,clear creek,temperature,min,12.12
24,2006,clear creek,LCC,USFWS,clear creek,temperature,max,22.31
24,2006,clear creek,LCC,USFWS,clear creek,temperature,mean,16.622286600810536
24,2006,clear creek,LCC,USFWS,clear creek,temperature,min,13.32
24,2006,clear creek,UCC,USFWS,clear creek,temperature,max,17.14
24,2006,clear creek,UCC,USFWS,clear creek,temperature,mean,14.39514880952381
24,2006,clear creek,UCC,USFWS,clear creek,temperature,min,12.27
25,2006,clear creek,LCC,USFWS,clear creek,temperature,max,23.31
25,2006,clear creek,LCC,USFWS,clear creek,temperature,mean,19.036678698074976
25,2006,clear creek,LCC,USFWS,clear creek,temperature,min,15.66
25,2006,clear creek,UCC,USFWS,clear creek,temperature,max,17.62
25,2006,clear creek,UCC,USFWS,clear creek,temperature,mean,15.908154761904763
25,2006,clear creek,UCC,USFWS,clear creek,temperature,min,13.82
26,2006,clear creek,LCC,USFWS,clear creek,temperature,max,23.99
26,2006,clear creek,LCC,USFWS,clear creek,temperature,mean,19.312083333333334
26,2006,clear creek,LCC,USFWS,clear creek,temperature,min,15.51
26,2006,clear creek,UCC,USFWS,clear creek,temperature,max,17.62
26,2006,clear creek,UCC,USFWS,clear creek,temperature,mean,15.893541666666668
26,2006,clear creek,UCC,USFWS,clear creek,temperature,min,13.67
27,2006,clear creek,LCC,USFWS,clear creek,temperature,max,23.14
27,2006,clear creek,LCC,USFWS,clear creek,temperature,mean,18.976427938196554
27,2006,clear creek,LCC,USFWS,clear creek,temperature,min,15.66
27,2006,clear creek,UCC,USFWS,clear creek,temperature,max,16.82
27,2006,clear creek,UCC,USFWS,clear creek,temperature,mean,15.550892857142857
27,2006,clear creek,UCC,USFWS,clear creek,temperature,min,13.52
28,2006,clear creek,LCC,USFWS,clear creek,temperature,max,23.99
28,2006,clear creek,LCC,USFWS,clear creek,temperature,mean,19.751488095238095
28,2006,clear creek,LCC,USFWS,clear creek,temperature,min,16.14
28,2006,clear creek,UCC,USFWS,clear creek,temperature,max,17.46
28,2006,clear creek,UCC,USFWS,clear creek,temperature,mean,16.146130952380954
28,2006,clear creek,UCC,USFWS,clear creek,temperature,min,14.13
29,2006,clear creek,LCC,USFWS,clear creek,temperature,max,25.04
29,2006,clear creek,LCC,USFWS,clear creek,temperature,mean,20.419583333333332
29,2006,clear creek,LCC,USFWS,clear creek,temperature,min,16.45
29,2006,clear creek,UCC,USFWS,clear creek,temperature,max,18.27
29,2006,clear creek,UCC,USFWS,clear creek,temperature,mean,16.49919642857143
29,2006,clear creek,UCC,USFWS,clear creek,temperature,min,14.44
30,2006,clear creek,LCC,USFWS,clear creek,temperature,max,25.91
30,2006,clear creek,LCC,USFWS,clear creek,temperature,mean,21.187976190476192
30,2006,clear creek,LCC,USFWS,clear creek,temperature,min,16.93
30,2006,clear creek,UCC,USFWS,clear creek,temperature,max,18.43
30,2006,clear creek,UCC,USFWS,clear creek,temperature,mean,16.950863095238095
30,2006,clear creek,UCC,USFWS,clear creek,temperature,min,15.24
31,2006,clear creek,LCC,USFWS,clear creek,temperature,max,23.82
31,2006,clear creek,LCC,USFWS,clear creek,temperature,mean,19.172797619047618
31,2006,clear creek,LCC,USFWS,clear creek,temperature,min,15.34
31,2006,clear creek,UCC,USFWS,clear creek,temperature,max,17.14
31,2006,clear creek,UCC,USFWS,clear creek,temperature,mean,15.757559523809524
31,2006,clear creek,UCC,USFWS,clear creek,temperature,min,13.82
32,2006,clear creek,LCC,USFWS,clear creek,temperature,max,23.99
32,2006,clear creek,LCC,USFWS,clear creek,temperature,mean,19.613065476190478
32,2006,clear creek,LCC,USFWS,clear creek,temperature,min,15.66
32,2006,clear creek,UCC,USFWS,clear creek,temperature,max,17.3
32,2006,clear creek,UCC,USFWS,clear creek,temperature,mean,16.02357142857143
32,2006,clear creek,UCC,USFWS,clear creek,temperature,min,14.61
33,2006,clear creek,LCC,USFWS,clear creek,temperature,max,23.14
33,2006,clear creek,LCC,USFWS,clear creek,temperature,mean,18.855357142857144
33,2006,clear creek,LCC,USFWS,clear creek,temperature,min,14.87
33,2006,clear creek,UCC,USFWS,clear creek,temperature,max,16.67
33,2006,clear creek,UCC,USFWS,clear creek,temperature,mean,15.561279761904762
33,2006,clear creek,UCC,USFWS,clear creek,temperature,min,14.61
34,2006,clear creek,LCC,USFWS,clear creek,temperature,max,22.64
34,2006,clear creek,LCC,USFWS,clear creek,temperature,mean,18.395386904761903
34,2006,clear creek,LCC,USFWS,clear creek,temperature,min,14.55
34,2006,clear creek,UCC,USFWS,clear creek,temperature,max,16.35
34,2006,clear creek,UCC,USFWS,clear creek,temperature,mean,15.331785714285715
34,2006,clear creek,UCC,USFWS,clear creek,temperature,min,14.29
35,2006,clear creek,LCC,USFWS,clear creek,temperature,max,22.64
35,2006,clear creek,LCC,USFWS,clear creek,temperature,mean,18.154761904761905
35,2006,clear creek,LCC,USFWS,clear creek,temperature,min,14.24
35,2006,clear creek,UCC,USFWS,clear creek,temperature,max,16.51
35,2006,clear creek,UCC,USFWS,clear creek,temperature,mean,15.209077380952381
35,2006,clear creek,UCC,USFWS,clear creek,temperature,min,14.13
36,2006,clear creek,LCC,USFWS,clear creek,temperature,max,21.81
36,2006,clear creek,LCC,USFWS,clear creek,temperature,mean,17.592291666666668
36,2006,clear creek,LCC,USFWS,clear creek,temperature,min,14.08
36,2006,clear creek,UCC,USFWS,clear creek,temperature,max,16.19
36,2006,clear creek,UCC,USFWS,clear creek,temperature,mean,14.953869047619047
36,2006,clear creek,UCC,USFWS,clear creek,temperature,min,13.98
37,2006,clear creek,LCC,USFWS,clear creek,temperature,max,21.14
37,2006,clear creek,LCC,USFWS,clear creek,temperature,mean,16.66298252279635
37,2006,clear creek,LCC,USFWS,clear creek,temperature,min,12.07
37,2006,clear creek,UCC,USFWS,clear creek,temperature,max,15.87
37,2006,clear creek,UCC,USFWS,clear creek,temperature,mean,14.532113095238095
37,2006,clear creek,UCC,USFWS,clear creek,temperature,min,12.27
38,2006,clear creek,LCC,USFWS,clear creek,temperature,max,18.86
38,2006,clear creek,LCC,USFWS,clear creek,temperature,mean,15.026934523809524
38,2006,clear creek,LCC,USFWS,clear creek,temperature,min,12.69
38,2006,clear creek,UCC,USFWS,clear creek,temperature,max,14.76
38,2006,clear creek,UCC,USFWS,clear creek,temperature,mean,13.567083333333333
38,2006,clear creek,UCC,USFWS,clear creek,temperature,min,12.12
39,2006,clear creek,LCC,USFWS,clear creek,temperature,max,17.57
39,2006,clear creek,LCC,USFWS,clear creek,temperature,mean,14.269791666666666
39,2006,clear creek,LCC,USFWS,clear creek,temperature,min,11.92
39,2006,clear creek,UCC,USFWS,clear creek,temperature,max,13.67
39,2006,clear creek,UCC,USFWS,clear creek,temperature,mean,12.934464285714286
39,2006,clear creek,UCC,USFWS,clear creek,temperature,min,11.65
40,2006,clear creek,LCC,USFWS,clear creek,temperature,max,15.98
40,2006,clear creek,LCC,USFWS,clear creek,temperature,mean,12.872529761904762
40,2006,clear creek,LCC,USFWS,clear creek,temperature,min,11.14
40,2006,clear creek,UCC,USFWS,clear creek,temperature,max,13.52
40,2006,clear creek,UCC,USFWS,clear creek,temperature,mean,12.290416666666667
40,2006,clear creek,UCC,USFWS,clear creek,temperature,min,11.19
41,2006,clear creek,LCC,USFWS,clear creek,temperature,max,15.19
41,2006,clear creek,LCC,USFWS,clear creek,temperature,mean,12.454940476190476
41,2006,clear creek,LCC,USFWS,clear creek,temperature,min,10.68
41,2006,clear creek,UCC,USFWS,clear creek,temperature,max,13.36
41,2006,clear creek,UCC,USFWS,clear creek,temperature,mean,12.055208333333333
41,2006,clear creek,UCC,USFWS,clear creek,temperature,min,10.88
42,2006,clear creek,LCC,USFWS,clear creek,temperature,max,14.08
42,2006,clear creek,LCC,USFWS,clear creek,temperature,mean,12.12657738095238
42,2006,clear creek,LCC,USFWS,clear creek,temperature,min,10.37
42,2006,clear creek,UCC,USFWS,clear creek,temperature,max,13.05
42,2006,clear creek,UCC,USFWS,clear creek,temperature,mean,11.881874999999999
42,2006,clear creek,UCC,USFWS,clear creek,temperature,min,10.72
43,2006,clear creek,LCC,USFWS,clear creek,temperature,max,13.32
43,2006,clear creek,LCC,USFWS,clear creek,temperature,mean,11.314702380952381
43,2006,clear creek,LCC,USFWS,clear creek,temperature,min,9.59
43,2006,clear creek,UCC,USFWS,clear creek,temperature,max,12.74
43,2006,clear creek,UCC,USFWS,clear creek,temperature,mean,11.455863095238096
43,2006,clear creek,UCC,USFWS,clear creek,temperature,min,10.26
44,2006,clear creek,LCC,USFWS,clear creek,temperature,max,13.16
44,2006,clear creek,LCC,USFWS,clear creek,temperature,mean,11.059761904761904
44,2006,clear creek,LCC,USFWS,clear creek,temperature,min,9.44
44,2006,clear creek,UCC,USFWS,clear creek,temperature,max,12.58
44,2006,clear creek,UCC,USFWS,clear creek,temperature,mean,11.390565476190476
44,2006,clear creek,UCC,USFWS,clear creek,temperature,min,10.1
45,2006,clear creek,LCC,USFWS,clear creek,temperature,max,13.47
45,2006,clear creek,LCC,USFWS,clear creek,temperature,mean,11.51297619047619
45,2006,clear creek,LCC,USFWS,clear creek,temperature,min,9.28
45,2006,clear creek,UCC,USFWS,clear creek,temperature,max,12.89
45,2006,clear creek,UCC,USFWS,clear creek,temperature,mean,11.684077380952381
45,2006,clear creek,UCC,USFWS,clear creek,temperature,min,10.26
46,2006,clear creek,LCC,USFWS,clear creek,temperature,max,12.07
46,2006,clear creek,LCC,USFWS,clear creek,temperature,mean,10.969315476190475
46,2006,clear creek,LCC,USFWS,clear creek,temperature,min,9.13
46,2006,clear creek,UCC,USFWS,clear creek,temperature,max,12.27
46,2006,clear creek,UCC,USFWS,clear creek,temperature,mean,11.408988095238096
46,2006,clear creek,UCC,USFWS,clear creek,temperature,min,10.26
47,2006,clear creek,LCC,USFWS,clear creek,temperature,max,11.76
47,2006,clear creek,LCC,USFWS,clear creek,temperature,mean,10.346795212765958
47,2006,clear creek,LCC,USFWS,clear creek,temperature,min,8.2
47,2006,clear creek,UCC,USFWS,clear creek,temperature,max,11.81
47,2006,clear creek,UCC,USFWS,clear creek,temperature,mean,10.799910714285714
47,2006,clear creek,UCC,USFWS,clear creek,temperature,min,9.48
48,2006,clear creek,LCC,USFWS,clear creek,temperature,max,10.53
48,2006,clear creek,LCC,USFWS,clear creek,temperature,mean,8.83391507475083
48,2006,clear creek,LCC,USFWS,clear creek,temperature,min,7.74
48,2006,clear creek,UCC,USFWS,clear creek,temperature,max,10.41
48,2006,clear creek,UCC,USFWS,clear creek,temperature,mean,9.764107142857144
48,2006,clear creek,UCC,USFWS,clear creek,temperature,min,9.01
49,2006,clear creek,LCC,USFWS,clear creek,temperature,max,9.46
49,2006,clear creek,LCC,USFWS,clear creek,temperature,mean,8.345760416666668
49,2006,clear creek,LCC,USFWS,clear creek,temperature,min,7.318
49,2006,clear creek,UCC,USFWS,clear creek,temperature,max,9.94
49,2006,clear creek,UCC,USFWS,clear creek,temperature,mean,9.25747023809524
49,2006,clear creek,UCC,USFWS,clear creek,temperature,min,8.39
50,2006,clear creek,UCC,USFWS,clear creek,temperature,max,10.72
50,2006,clear creek,UCC,USFWS,clear creek,temperature,mean,9.686636904761905
50,2006,clear creek,UCC,USFWS,clear creek,temperature,min,8.09
51,2006,clear creek,UCC,USFWS,clear creek,temperature,max,8.86
51,2006,clear creek,UCC,USFWS,clear creek,temperature,mean,8.276354166666668
51,2006,clear creek,UCC,USFWS,clear creek,temperature,min,7.78
1,2007,clear creek,LCC,USFWS,clear creek,temperature,max,8.02
1,2007,clear creek,LCC,USFWS,clear creek,temperature,mean,6.568230676328502
1,2007,clear creek,LCC,USFWS,clear creek,temperature,min,5.69
1,2007,clear creek,UCC,USFWS,clear creek,temperature,max,9.139
1,2007,clear creek,UCC,USFWS,clear creek,temperature,mean,8.551148788416075
1,2007,clear creek,UCC,USFWS,clear creek,temperature,min,7.945
2,2007,clear creek,LCC,USFWS,clear creek,temperature,max,8.94
2,2007,clear creek,LCC,USFWS,clear creek,temperature,mean,6.508839285714286
2,2007,clear creek,LCC,USFWS,clear creek,temperature,min,4.44
2,2007,clear creek,UCC,USFWS,clear creek,temperature,max,10.198
2,2007,clear creek,UCC,USFWS,clear creek,temperature,mean,9.320806547619048
2,2007,clear creek,UCC,USFWS,clear creek,temperature,min,8.195
3,2007,clear creek,LCC,USFWS,clear creek,temperature,max,7.72
3,2007,clear creek,LCC,USFWS,clear creek,temperature,mean,6.094538690476191
3,2007,clear creek,LCC,USFWS,clear creek,temperature,min,4.844
3,2007,clear creek,UCC,USFWS,clear creek,temperature,max,8.369
3,2007,clear creek,UCC,USFWS,clear creek,temperature,mean,6.7951500126646405
3,2007,clear creek,UCC,USFWS,clear creek,temperature,min,5.102
4,2007,clear creek,LCC,USFWS,clear creek,temperature,max,7.318
4,2007,clear creek,LCC,USFWS,clear creek,temperature,mean,5.769142857142858
4,2007,clear creek,LCC,USFWS,clear creek,temperature,min,4.584
4,2007,clear creek,UCC,USFWS,clear creek,temperature,max,6.712
4,2007,clear creek,UCC,USFWS,clear creek,temperature,mean,5.791598214285714
4,2007,clear creek,UCC,USFWS,clear creek,temperature,min,5.024
5,2007,clear creek,LCC,USFWS,clear creek,temperature,max,7.945
5,2007,clear creek,LCC,USFWS,clear creek,temperature,mean,5.9768928571428575
5,2007,clear creek,LCC,USFWS,clear creek,temperature,min,4.532
5,2007,clear creek,UCC,USFWS,clear creek,temperature,max,7.116
5,2007,clear creek,UCC,USFWS,clear creek,temperature,mean,5.861505952380952
5,2007,clear creek,UCC,USFWS,clear creek,temperature,min,4.818
6,2007,clear creek,LCC,USFWS,clear creek,temperature,max,10.198
6,2007,clear creek,LCC,USFWS,clear creek,temperature,mean,7.474803571428572
6,2007,clear creek,LCC,USFWS,clear creek,temperature,min,5.668
6,2007,clear creek,UCC,USFWS,clear creek,temperature,max,9.608
6,2007,clear creek,UCC,USFWS,clear creek,temperature,mean,7.1305684523809525
6,2007,clear creek,UCC,USFWS,clear creek,temperature,min,5.642
7,2007,clear creek,LCC,USFWS,clear creek,temperature,max,9.903
7,2007,clear creek,LCC,USFWS,clear creek,temperature,mean,7.9229375
7,2007,clear creek,LCC,USFWS,clear creek,temperature,min,6.408
7,2007,clear creek,UCC,USFWS,clear creek,temperature,max,8.543
7,2007,clear creek,UCC,USFWS,clear creek,temperature,mean,7.336607142857143
7,2007,clear creek,UCC,USFWS,clear creek,temperature,min,6.281
8,2007,clear creek,LCC,USFWS,clear creek,temperature,max,9.534
8,2007,clear creek,LCC,USFWS,clear creek,temperature,mean,7.687491071428571
8,2007,clear creek,LCC,USFWS,clear creek,temperature,min,6.128
8,2007,clear creek,UCC,USFWS,clear creek,temperature,max,8.767
8,2007,clear creek,UCC,USFWS,clear creek,temperature,mean,7.3446517857142855
8,2007,clear creek,UCC,USFWS,clear creek,temperature,min,6.153
9,2007,clear creek,LCC,USFWS,clear creek,temperature,max,10.59
9,2007,clear creek,LCC,USFWS,clear creek,temperature,mean,7.681327380952381
9,2007,clear creek,LCC,USFWS,clear creek,temperature,min,6.23
10,2007,clear creek,LCC,USFWS,clear creek,temperature,max,12.074
10,2007,clear creek,LCC,USFWS,clear creek,temperature,mean,8.880131599378881
10,2007,clear creek,LCC,USFWS,clear creek,temperature,min,6.889
11,2007,clear creek,LCC,USFWS,clear creek,temperature,max,12.799
11,2007,clear creek,LCC,USFWS,clear creek,temperature,mean,10.247517857142858
11,2007,clear creek,LCC,USFWS,clear creek,temperature,min,8.145
12,2007,clear creek,LCC,USFWS,clear creek,temperature,max,13.04
12,2007,clear creek,LCC,USFWS,clear creek,temperature,mean,10.319455357142857
12,2007,clear creek,LCC,USFWS,clear creek,temperature,min,7.92
12,2007,clear creek,UCC,USFWS,clear creek,temperature,max,10.883
12,2007,clear creek,UCC,USFWS,clear creek,temperature,mean,9.208686170212765
12,2007,clear creek,UCC,USFWS,clear creek,temperature,min,7.419
13,2007,clear creek,LCC,USFWS,clear creek,temperature,max,12.992
13,2007,clear creek,LCC,USFWS,clear creek,temperature,mean,9.926443452380953
13,2007,clear creek,LCC,USFWS,clear creek,temperature,min,7.091
13,2007,clear creek,UCC,USFWS,clear creek,temperature,max,11.005
13,2007,clear creek,UCC,USFWS,clear creek,temperature,mean,8.901178571428572
13,2007,clear creek,UCC,USFWS,clear creek,temperature,min,6.914
14,2007,clear creek,LCC,USFWS,clear creek,temperature,max,13.954
14,2007,clear creek,LCC,USFWS,clear creek,temperature,mean,10.999645833333334
14,2007,clear creek,LCC,USFWS,clear creek,temperature,min,8.12
14,2007,clear creek,UCC,USFWS,clear creek,temperature,max,11.662
14,2007,clear creek,UCC,USFWS,clear creek,temperature,mean,9.620934523809524
14,2007,clear creek,UCC,USFWS,clear creek,temperature,min,7.594
15,2007,clear creek,LCC,USFWS,clear creek,temperature,max,13.209
15,2007,clear creek,LCC,USFWS,clear creek,temperature,mean,10.463419642857144
15,2007,clear creek,LCC,USFWS,clear creek,temperature,min,7.745
15,2007,clear creek,UCC,USFWS,clear creek,temperature,max,11.297
15,2007,clear creek,UCC,USFWS,clear creek,temperature,mean,9.341514374366769
15,2007,clear creek,UCC,USFWS,clear creek,temperature,min,7.469
16,2007,clear creek,LCC,USFWS,clear creek,temperature,max,13.906
16,2007,clear creek,LCC,USFWS,clear creek,temperature,mean,10.252556547619047
16,2007,clear creek,LCC,USFWS,clear creek,temperature,min,7.745
16,2007,clear creek,UCC,USFWS,clear creek,temperature,max,11.783
16,2007,clear creek,UCC,USFWS,clear creek,temperature,mean,9.312690476190475
16,2007,clear creek,UCC,USFWS,clear creek,temperature,min,7.645
17,2007,clear creek,LCC,USFWS,clear creek,temperature,max,15.629
17,2007,clear creek,LCC,USFWS,clear creek,temperature,mean,12.309883928571429
17,2007,clear creek,LCC,USFWS,clear creek,temperature,min,8.668
17,2007,clear creek,UCC,USFWS,clear creek,temperature,max,13.161
17,2007,clear creek,UCC,USFWS,clear creek,temperature,mean,10.74392261904762
17,2007,clear creek,UCC,USFWS,clear creek,temperature,min,8.295
18,2007,clear creek,UCC,USFWS,clear creek,temperature,max,13.233
18,2007,clear creek,UCC,USFWS,clear creek,temperature,mean,10.343498465516836
18,2007,clear creek,UCC,USFWS,clear creek,temperature,min,8.5
20,2007,clear creek,UCC,USFWS,clear creek,temperature,max,13.762
20,2007,clear creek,UCC,USFWS,clear creek,temperature,mean,11.559573064420803
20,2007,clear creek,UCC,USFWS,clear creek,temperature,min,9.485
21,2007,clear creek,UCC,USFWS,clear creek,temperature,max,14.266
21,2007,clear creek,UCC,USFWS,clear creek,temperature,mean,11.778919642857142
21,2007,clear creek,UCC,USFWS,clear creek,temperature,min,9.435
21,2007,clear creek,LCC,USFWS,clear creek,temperature,max,17.27
21,2007,clear creek,LCC,USFWS,clear creek,temperature,mean,14.406041666666667
21,2007,clear creek,LCC,USFWS,clear creek,temperature,min,11.79
22,2007,clear creek,LCC,USFWS,clear creek,temperature,max,17.75
22,2007,clear creek,LCC,USFWS,clear creek,temperature,mean,14.669285714285715
22,2007,clear creek,LCC,USFWS,clear creek,temperature,min,11.48
22,2007,clear creek,UCC,USFWS,clear creek,temperature,max,14.697
22,2007,clear creek,UCC,USFWS,clear creek,temperature,mean,12.321824404761905
22,2007,clear creek,UCC,USFWS,clear creek,temperature,min,10.026
23,2007,clear creek,LCC,USFWS,clear creek,temperature,max,18.56
23,2007,clear creek,LCC,USFWS,clear creek,temperature,mean,14.36486132218845
23,2007,clear creek,LCC,USFWS,clear creek,temperature,min,11.18
23,2007,clear creek,UCC,USFWS,clear creek,temperature,max,14.721
23,2007,clear creek,UCC,USFWS,clear creek,temperature,mean,12.198145833333333
23,2007,clear creek,UCC,USFWS,clear creek,temperature,min,9.706
24,2007,clear creek,LCC,USFWS,clear creek,temperature,max,20.01
24,2007,clear creek,LCC,USFWS,clear creek,temperature,mean,16.442773556231003
24,2007,clear creek,LCC,USFWS,clear creek,temperature,min,13.03
24,2007,clear creek,UCC,USFWS,clear creek,temperature,max,15.48
24,2007,clear creek,UCC,USFWS,clear creek,temperature,mean,13.328920972644378
24,2007,clear creek,UCC,USFWS,clear creek,temperature,min,10.67
25,2007,clear creek,LCC,USFWS,clear creek,temperature,max,19.53
25,2007,clear creek,LCC,USFWS,clear creek,temperature,mean,16.05218275075988
25,2007,clear creek,LCC,USFWS,clear creek,temperature,min,13.18
25,2007,clear creek,UCC,USFWS,clear creek,temperature,max,15.32
25,2007,clear creek,UCC,USFWS,clear creek,temperature,mean,13.14646447568389
25,2007,clear creek,UCC,USFWS,clear creek,temperature,min,10.82
26,2007,clear creek,LCC,USFWS,clear creek,temperature,max,20.01
26,2007,clear creek,LCC,USFWS,clear creek,temperature,mean,16.750684523809525
26,2007,clear creek,LCC,USFWS,clear creek,temperature,min,13.65
26,2007,clear creek,UCC,USFWS,clear creek,temperature,max,15.724
26,2007,clear creek,UCC,USFWS,clear creek,temperature,mean,13.838660714285714
26,2007,clear creek,UCC,USFWS,clear creek,temperature,min,11.346
27,2007,clear creek,LCC,USFWS,clear creek,temperature,max,23.33
27,2007,clear creek,LCC,USFWS,clear creek,temperature,mean,18.37932180851064
27,2007,clear creek,LCC,USFWS,clear creek,temperature,min,14.58
27,2007,clear creek,UCC,USFWS,clear creek,temperature,max,16.75
27,2007,clear creek,UCC,USFWS,clear creek,temperature,mean,14.742879939209727
27,2007,clear creek,UCC,USFWS,clear creek,temperature,min,11.832
28,2007,clear creek,LCC,USFWS,clear creek,temperature,max,23.37
28,2007,clear creek,LCC,USFWS,clear creek,temperature,mean,18.83847619047619
28,2007,clear creek,LCC,USFWS,clear creek,temperature,min,14.44
28,2007,clear creek,UCC,USFWS,clear creek,temperature,max,16.59
28,2007,clear creek,UCC,USFWS,clear creek,temperature,mean,15.09518002786221
28,2007,clear creek,UCC,USFWS,clear creek,temperature,min,12.606
29,2007,clear creek,LCC,USFWS,clear creek,temperature,max,24.195
29,2007,clear creek,LCC,USFWS,clear creek,temperature,mean,18.84323511904762
29,2007,clear creek,LCC,USFWS,clear creek,temperature,min,14.673
29,2007,clear creek,UCC,USFWS,clear creek,temperature,max,17.296
29,2007,clear creek,UCC,USFWS,clear creek,temperature,mean,15.444342261904762
29,2007,clear creek,UCC,USFWS,clear creek,temperature,min,13.522
30,2007,clear creek,LCC,USFWS,clear creek,temperature,max,24.944
30,2007,clear creek,LCC,USFWS,clear creek,temperature,mean,20.380053571428572
30,2007,clear creek,LCC,USFWS,clear creek,temperature,min,16.201
30,2007,clear creek,UCC,USFWS,clear creek,temperature,max,17.843
30,2007,clear creek,UCC,USFWS,clear creek,temperature,mean,16.223095238095237
30,2007,clear creek,UCC,USFWS,clear creek,temperature,min,14.768
31,2007,clear creek,LCC,USFWS,clear creek,temperature,max,24.677
31,2007,clear creek,LCC,USFWS,clear creek,temperature,mean,20.16682738095238
31,2007,clear creek,LCC,USFWS,clear creek,temperature,min,15.939
31,2007,clear creek,UCC,USFWS,clear creek,temperature,max,17.296
31,2007,clear creek,UCC,USFWS,clear creek,temperature,mean,15.94504761904762
31,2007,clear creek,UCC,USFWS,clear creek,temperature,min,14.649
32,2007,clear creek,LCC,USFWS,clear creek,temperature,max,23.641
32,2007,clear creek,LCC,USFWS,clear creek,temperature,mean,19.40184226190476
32,2007,clear creek,LCC,USFWS,clear creek,temperature,min,15.581
32,2007,clear creek,UCC,USFWS,clear creek,temperature,max,17.082
32,2007,clear creek,UCC,USFWS,clear creek,temperature,mean,15.630916666666666
32,2007,clear creek,UCC,USFWS,clear creek,temperature,min,14.385
33,2007,clear creek,LCC,USFWS,clear creek,temperature,max,23.016
33,2007,clear creek,LCC,USFWS,clear creek,temperature,mean,19.18049107142857
33,2007,clear creek,LCC,USFWS,clear creek,temperature,min,15.247
33,2007,clear creek,UCC,USFWS,clear creek,temperature,max,16.987
33,2007,clear creek,UCC,USFWS,clear creek,temperature,mean,15.594752976190476
33,2007,clear creek,UCC,USFWS,clear creek,temperature,min,14.577
34,2007,clear creek,LCC,USFWS,clear creek,temperature,max,24.243
34,2007,clear creek,LCC,USFWS,clear creek,temperature,mean,20.277580357142856
34,2007,clear creek,LCC,USFWS,clear creek,temperature,min,16.392
34,2007,clear creek,UCC,USFWS,clear creek,temperature,max,18.271
34,2007,clear creek,UCC,USFWS,clear creek,temperature,mean,16.383502976190478
34,2007,clear creek,UCC,USFWS,clear creek,temperature,min,14.984
35,2007,clear creek,LCC,USFWS,clear creek,temperature,max,23.545
35,2007,clear creek,LCC,USFWS,clear creek,temperature,mean,19.370797619047618
35,2007,clear creek,LCC,USFWS,clear creek,temperature,min,15.915
35,2007,clear creek,UCC,USFWS,clear creek,temperature,max,17.463
35,2007,clear creek,UCC,USFWS,clear creek,temperature,mean,15.837755952380952
35,2007,clear creek,UCC,USFWS,clear creek,temperature,min,14.721
36,2007,clear creek,LCC,USFWS,clear creek,temperature,max,22.705
36,2007,clear creek,LCC,USFWS,clear creek,temperature,mean,18.559824404761905
36,2007,clear creek,LCC,USFWS,clear creek,temperature,min,15.103
36,2007,clear creek,UCC,USFWS,clear creek,temperature,max,16.749
36,2007,clear creek,UCC,USFWS,clear creek,temperature,mean,15.44814880952381
36,2007,clear creek,UCC,USFWS,clear creek,temperature,min,14.242
37,2007,clear creek,LCC,USFWS,clear creek,temperature,max,21.772
37,2007,clear creek,LCC,USFWS,clear creek,temperature,mean,17.21033630952381
37,2007,clear creek,LCC,USFWS,clear creek,temperature,min,13.762
37,2007,clear creek,UCC,USFWS,clear creek,temperature,max,16.249
37,2007,clear creek,UCC,USFWS,clear creek,temperature,mean,14.618389880952382
37,2007,clear creek,UCC,USFWS,clear creek,temperature,min,12.437
38,2007,clear creek,LCC,USFWS,clear creek,temperature,max,18.961
38,2007,clear creek,LCC,USFWS,clear creek,temperature,mean,14.849169642857143
38,2007,clear creek,LCC,USFWS,clear creek,temperature,min,12.678
38,2007,clear creek,UCC,USFWS,clear creek,temperature,max,15.031
38,2007,clear creek,UCC,USFWS,clear creek,temperature,mean,13.46550892857143
38,2007,clear creek,UCC,USFWS,clear creek,temperature,min,12.001
39,2007,clear creek,LCC,USFWS,clear creek,temperature,max,16.582
39,2007,clear creek,LCC,USFWS,clear creek,temperature,mean,13.680880952380953
39,2007,clear creek,LCC,USFWS,clear creek,temperature,min,11.346
39,2007,clear creek,UCC,USFWS,clear creek,temperature,max,14.266
39,2007,clear creek,UCC,USFWS,clear creek,temperature,mean,12.795247023809523
39,2007,clear creek,UCC,USFWS,clear creek,temperature,min,11.053
40,2007,clear creek,LCC,USFWS,clear creek,temperature,max,16.225
40,2007,clear creek,LCC,USFWS,clear creek,temperature,mean,13.349232142857144
40,2007,clear creek,LCC,USFWS,clear creek,temperature,min,11.078
40,2007,clear creek,UCC,USFWS,clear creek,temperature,max,14.074
40,2007,clear creek,UCC,USFWS,clear creek,temperature,mean,12.747068452380953
40,2007,clear creek,UCC,USFWS,clear creek,temperature,min,11.346
41,2007,clear creek,LCC,USFWS,clear creek,temperature,max,15.079
41,2007,clear creek,LCC,USFWS,clear creek,temperature,mean,13.047625
41,2007,clear creek,LCC,USFWS,clear creek,temperature,min,11.613
41,2007,clear creek,UCC,USFWS,clear creek,temperature,max,13.714
41,2007,clear creek,UCC,USFWS,clear creek,temperature,mean,12.580601190476191
41,2007,clear creek,UCC,USFWS,clear creek,temperature,min,11.492
42,2007,clear creek,LCC,USFWS,clear creek,temperature,max,14.074
42,2007,clear creek,LCC,USFWS,clear creek,temperature,mean,12.7929375
42,2007,clear creek,LCC,USFWS,clear creek,temperature,min,10.98
42,2007,clear creek,UCC,USFWS,clear creek,temperature,max,13.233
42,2007,clear creek,UCC,USFWS,clear creek,temperature,mean,12.442654761904762
42,2007,clear creek,UCC,USFWS,clear creek,temperature,min,11.273
43,2007,clear creek,LCC,USFWS,clear creek,temperature,max,14.649
43,2007,clear creek,LCC,USFWS,clear creek,temperature,mean,12.87847619047619
43,2007,clear creek,LCC,USFWS,clear creek,temperature,min,11.492
43,2007,clear creek,UCC,USFWS,clear creek,temperature,max,13.666
43,2007,clear creek,UCC,USFWS,clear creek,temperature,mean,12.505538690476191
43,2007,clear creek,UCC,USFWS,clear creek,temperature,min,11.419
44,2007,clear creek,LCC,USFWS,clear creek,temperature,max,14.625
44,2007,clear creek,LCC,USFWS,clear creek,temperature,mean,12.535158385093167
44,2007,clear creek,LCC,USFWS,clear creek,temperature,min,10.565
44,2007,clear creek,UCC,USFWS,clear creek,temperature,max,13.281
44,2007,clear creek,UCC,USFWS,clear creek,temperature,mean,12.160461697722567
44,2007,clear creek,UCC,USFWS,clear creek,temperature,min,10.663
45,2007,clear creek,LCC,USFWS,clear creek,temperature,max,12.944
45,2007,clear creek,LCC,USFWS,clear creek,temperature,mean,11.490681547619047
45,2007,clear creek,LCC,USFWS,clear creek,temperature,min,10.222
45,2007,clear creek,UCC,USFWS,clear creek,temperature,max,12.292
45,2007,clear creek,UCC,USFWS,clear creek,temperature,mean,11.30875
45,2007,clear creek,UCC,USFWS,clear creek,temperature,min,10.394
46,2007,clear creek,LCC,USFWS,clear creek,temperature,max,12.992
46,2007,clear creek,LCC,USFWS,clear creek,temperature,mean,11.590973214285714
46,2007,clear creek,LCC,USFWS,clear creek,temperature,min,10.32
46,2007,clear creek,UCC,USFWS,clear creek,temperature,max,12.025
46,2007,clear creek,UCC,USFWS,clear creek,temperature,mean,11.236708333333334
46,2007,clear creek,UCC,USFWS,clear creek,temperature,min,10.32
47,2007,clear creek,LCC,USFWS,clear creek,temperature,max,12.219
47,2007,clear creek,LCC,USFWS,clear creek,temperature,mean,9.893208333333334
47,2007,clear creek,LCC,USFWS,clear creek,temperature,min,8.344
47,2007,clear creek,UCC,USFWS,clear creek,temperature,max,11.346
47,2007,clear creek,UCC,USFWS,clear creek,temperature,mean,10.074026785714286
47,2007,clear creek,UCC,USFWS,clear creek,temperature,min,9.04
48,2007,clear creek,LCC,USFWS,clear creek,temperature,max,10.59
48,2007,clear creek,LCC,USFWS,clear creek,temperature,mean,8.717738095238095
48,2007,clear creek,LCC,USFWS,clear creek,temperature,min,6.99
48,2007,clear creek,UCC,USFWS,clear creek,temperature,max,10.296
48,2007,clear creek,UCC,USFWS,clear creek,temperature,mean,8.986541666666668
48,2007,clear creek,UCC,USFWS,clear creek,temperature,min,7.845
49,2007,clear creek,LCC,USFWS,clear creek,temperature,max,10.32
49,2007,clear creek,LCC,USFWS,clear creek,temperature,mean,8.987473214285714
49,2007,clear creek,LCC,USFWS,clear creek,temperature,min,7.318
49,2007,clear creek,UCC,USFWS,clear creek,temperature,max,9.879
49,2007,clear creek,UCC,USFWS,clear creek,temperature,mean,8.998580357142858
49,2007,clear creek,UCC,USFWS,clear creek,temperature,min,7.845
50,2007,clear creek,LCC,USFWS,clear creek,temperature,max,9.262
50,2007,clear creek,LCC,USFWS,clear creek,temperature,mean,8.240747023809524
50,2007,clear creek,LCC,USFWS,clear creek,temperature,min,7.142
50,2007,clear creek,UCC,USFWS,clear creek,temperature,max,9.238
50,2007,clear creek,UCC,USFWS,clear creek,temperature,mean,8.57970238095238
50,2007,clear creek,UCC,USFWS,clear creek,temperature,min,7.895
51,2007,clear creek,LCC,USFWS,clear creek,temperature,max,9.41
51,2007,clear creek,LCC,USFWS,clear creek,temperature,mean,8.316443452380952
51,2007,clear creek,LCC,USFWS,clear creek,temperature,min,6.839
51,2007,clear creek,UCC,USFWS,clear creek,temperature,max,9.336
51,2007,clear creek,UCC,USFWS,clear creek,temperature,mean,8.406610119047619
51,2007,clear creek,UCC,USFWS,clear creek,temperature,min,7.343
52,2007,clear creek,LCC,USFWS,clear creek,temperature,max,8.866
52,2007,clear creek,LCC,USFWS,clear creek,temperature,mean,7.111952380952381
52,2007,clear creek,LCC,USFWS,clear creek,temperature,min,5.821
52,2007,clear creek,UCC,USFWS,clear creek,temperature,max,8.817
52,2007,clear creek,UCC,USFWS,clear creek,temperature,mean,7.361758928571429
52,2007,clear creek,UCC,USFWS,clear creek,temperature,min,6.382
53,2007,clear creek,LCC,USFWS,clear creek,temperature,max,7.444
53,2007,clear creek,LCC,USFWS,clear creek,temperature,mean,6.644395833333333
53,2007,clear creek,LCC,USFWS,clear creek,temperature,min,5.949
53,2007,clear creek,UCC,USFWS,clear creek,temperature,max,7.569
53,2007,clear creek,UCC,USFWS,clear creek,temperature,mean,7.0268749999999995
53,2007,clear creek,UCC,USFWS,clear creek,temperature,min,6.585
1,2008,clear creek,LCC,USFWS,clear creek,temperature,max,8.12
1,2008,clear creek,LCC,USFWS,clear creek,temperature,mean,7.158877976190476
1,2008,clear creek,LCC,USFWS,clear creek,temperature,min,6.077
1,2008,clear creek,UCC,USFWS,clear creek,temperature,max,8.07
1,2008,clear creek,UCC,USFWS,clear creek,temperature,mean,7.130169642857143
1,2008,clear creek,UCC,USFWS,clear creek,temperature,min,6.357
2,2008,clear creek,LCC,USFWS,clear creek,temperature,max,8.593
2,2008,clear creek,LCC,USFWS,clear creek,temperature,mean,7.281529761904761
2,2008,clear creek,LCC,USFWS,clear creek,temperature,min,6.102
2,2008,clear creek,UCC,USFWS,clear creek,temperature,max,7.995
2,2008,clear creek,UCC,USFWS,clear creek,temperature,mean,7.062122023809524
2,2008,clear creek,UCC,USFWS,clear creek,temperature,min,5.949
3,2008,clear creek,LCC,USFWS,clear creek,temperature,max,7.695
3,2008,clear creek,LCC,USFWS,clear creek,temperature,mean,6.332083333333333
3,2008,clear creek,LCC,USFWS,clear creek,temperature,min,5.282
3,2008,clear creek,UCC,USFWS,clear creek,temperature,max,7.192
3,2008,clear creek,UCC,USFWS,clear creek,temperature,mean,6.29271130952381
3,2008,clear creek,UCC,USFWS,clear creek,temperature,min,5.514
4,2008,clear creek,LCC,USFWS,clear creek,temperature,max,7.995
4,2008,clear creek,LCC,USFWS,clear creek,temperature,mean,6.522681547619047
4,2008,clear creek,LCC,USFWS,clear creek,temperature,min,5.282
4,2008,clear creek,UCC,USFWS,clear creek,temperature,max,7.795
4,2008,clear creek,UCC,USFWS,clear creek,temperature,mean,6.371851190476191
4,2008,clear creek,UCC,USFWS,clear creek,temperature,min,5.514
5,2008,clear creek,LCC,USFWS,clear creek,temperature,max,7.494
5,2008,clear creek,LCC,USFWS,clear creek,temperature,mean,6.308279761904762
5,2008,clear creek,LCC,USFWS,clear creek,temperature,min,5.591
5,2008,clear creek,UCC,USFWS,clear creek,temperature,max,7.469
5,2008,clear creek,UCC,USFWS,clear creek,temperature,mean,6.211577380952381
5,2008,clear creek,UCC,USFWS,clear creek,temperature,min,5.154
6,2008,clear creek,LCC,USFWS,clear creek,temperature,max,8.891
6,2008,clear creek,LCC,USFWS,clear creek,temperature,mean,6.967217261904762
6,2008,clear creek,LCC,USFWS,clear creek,temperature,min,5.539
6,2008,clear creek,UCC,USFWS,clear creek,temperature,max,7.594
6,2008,clear creek,UCC,USFWS,clear creek,temperature,mean,6.497398809523809
6,2008,clear creek,UCC,USFWS,clear creek,temperature,min,5.36
7,2008,clear creek,LCC,USFWS,clear creek,temperature,max,8.792
7,2008,clear creek,LCC,USFWS,clear creek,temperature,mean,6.9520654761904765
7,2008,clear creek,LCC,USFWS,clear creek,temperature,min,5.282
7,2008,clear creek,UCC,USFWS,clear creek,temperature,max,7.594
7,2008,clear creek,UCC,USFWS,clear creek,temperature,mean,6.5387454318936875
7,2008,clear creek,UCC,USFWS,clear creek,temperature,min,5.36
8,2008,clear creek,LCC,USFWS,clear creek,temperature,max,10.075
8,2008,clear creek,LCC,USFWS,clear creek,temperature,mean,7.650258928571429
8,2008,clear creek,LCC,USFWS,clear creek,temperature,min,6.051
8,2008,clear creek,UCC,USFWS,clear creek,temperature,max,9.361
8,2008,clear creek,UCC,USFWS,clear creek,temperature,mean,7.281800595238095
8,2008,clear creek,UCC,USFWS,clear creek,temperature,min,5.693
9,2008,clear creek,LCC,USFWS,clear creek,temperature,max,10.736
9,2008,clear creek,LCC,USFWS,clear creek,temperature,mean,8.547297619047619
9,2008,clear creek,LCC,USFWS,clear creek,temperature,min,6.611
9,2008,clear creek,UCC,USFWS,clear creek,temperature,max,9.46
9,2008,clear creek,UCC,USFWS,clear creek,temperature,mean,7.891182065217391
9,2008,clear creek,UCC,USFWS,clear creek,temperature,min,6.331
10,2008,clear creek,LCC,USFWS,clear creek,temperature,max,11.49
10,2008,clear creek,LCC,USFWS,clear creek,temperature,mean,8.423097696687371
10,2008,clear creek,LCC,USFWS,clear creek,temperature,min,6.458
10,2008,clear creek,UCC,USFWS,clear creek,temperature,max,9.386
10,2008,clear creek,UCC,USFWS,clear creek,temperature,mean,7.635886904761905
10,2008,clear creek,UCC,USFWS,clear creek,temperature,min,6.23
11,2008,clear creek,LCC,USFWS,clear creek,temperature,max,11.81
11,2008,clear creek,LCC,USFWS,clear creek,temperature,mean,9.119166666666667
11,2008,clear creek,LCC,USFWS,clear creek,temperature,min,7
11,2008,clear creek,UCC,USFWS,clear creek,temperature,max,9.756
11,2008,clear creek,UCC,USFWS,clear creek,temperature,mean,8.0132827380952385
11,2008,clear creek,UCC,USFWS,clear creek,temperature,min,6.535
12,2008,clear creek,LCC,USFWS,clear creek,temperature,max,12.27
12,2008,clear creek,LCC,USFWS,clear creek,temperature,mean,9.590119047619048
12,2008,clear creek,LCC,USFWS,clear creek,temperature,min,7.31
12,2008,clear creek,UCC,USFWS,clear creek,temperature,max,10.173
12,2008,clear creek,UCC,USFWS,clear creek,temperature,mean,8.410327380952381
12,2008,clear creek,UCC,USFWS,clear creek,temperature,min,6.763
13,2008,clear creek,LCC,USFWS,clear creek,temperature,max,12.12
13,2008,clear creek,LCC,USFWS,clear creek,temperature,mean,9.440535714285714
13,2008,clear creek,LCC,USFWS,clear creek,temperature,min,7.31
13,2008,clear creek,UCC,USFWS,clear creek,temperature,max,10.516
13,2008,clear creek,UCC,USFWS,clear creek,temperature,mean,8.386303571428572
13,2008,clear creek,UCC,USFWS,clear creek,temperature,min,6.813
14,2008,clear creek,LCC,USFWS,clear creek,temperature,max,13.05
14,2008,clear creek,LCC,USFWS,clear creek,temperature,mean,10.167298315602837
14,2008,clear creek,LCC,USFWS,clear creek,temperature,min,7.619
14,2008,clear creek,UCC,USFWS,clear creek,temperature,max,10.907
14,2008,clear creek,UCC,USFWS,clear creek,temperature,mean,9.019267857142857
14,2008,clear creek,UCC,USFWS,clear creek,temperature,min,7.167
15,2008,clear creek,LCC,USFWS,clear creek,temperature,max,14.625
15,2008,clear creek,LCC,USFWS,clear creek,temperature,mean,11.23492261904762
15,2008,clear creek,LCC,USFWS,clear creek,temperature,min,7.895
15,2008,clear creek,UCC,USFWS,clear creek,temperature,max,12.292
15,2008,clear creek,UCC,USFWS,clear creek,temperature,mean,9.865499999999999
15,2008,clear creek,UCC,USFWS,clear creek,temperature,min,7.594
16,2008,clear creek,LCC,USFWS,clear creek,temperature,max,14.625
16,2008,clear creek,LCC,USFWS,clear creek,temperature,mean,10.946458333333334
16,2008,clear creek,LCC,USFWS,clear creek,temperature,min,7.895
16,2008,clear creek,UCC,USFWS,clear creek,temperature,max,12.219
16,2008,clear creek,UCC,USFWS,clear creek,temperature,mean,9.737848214285714
16,2008,clear creek,UCC,USFWS,clear creek,temperature,min,7.544
17,2008,clear creek,LCC,USFWS,clear creek,temperature,max,15.986
17,2008,clear creek,LCC,USFWS,clear creek,temperature,mean,11.780205673758866
17,2008,clear creek,LCC,USFWS,clear creek,temperature,min,8.369
17,2008,clear creek,UCC,USFWS,clear creek,temperature,max,13.305
17,2008,clear creek,UCC,USFWS,clear creek,temperature,mean,10.488779761904762
17,2008,clear creek,UCC,USFWS,clear creek,temperature,min,8.07
18,2008,clear creek,LCC,USFWS,clear creek,temperature,max,16.82
18,2008,clear creek,LCC,USFWS,clear creek,temperature,mean,12.695654761904763
18,2008,clear creek,LCC,USFWS,clear creek,temperature,min,9.238
18,2008,clear creek,UCC,USFWS,clear creek,temperature,max,14.05
18,2008,clear creek,UCC,USFWS,clear creek,temperature,mean,11.200936106889564
18,2008,clear creek,UCC,USFWS,clear creek,temperature,min,8.593
19,2008,clear creek,LCC,USFWS,clear creek,temperature,max,16.487
19,2008,clear creek,LCC,USFWS,clear creek,temperature,mean,13.719705357142857
19,2008,clear creek,LCC,USFWS,clear creek,temperature,min,11.127
19,2008,clear creek,UCC,USFWS,clear creek,temperature,max,13.906
19,2008,clear creek,UCC,USFWS,clear creek,temperature,mean,11.940119047619048
19,2008,clear creek,UCC,USFWS,clear creek,temperature,min,9.977
20,2008,clear creek,LCC,USFWS,clear creek,temperature,max,18.747
20,2008,clear creek,LCC,USFWS,clear creek,temperature,mean,15.280744047619047
20,2008,clear creek,LCC,USFWS,clear creek,temperature,min,11.224
20,2008,clear creek,UCC,USFWS,clear creek,temperature,max,15.39
20,2008,clear creek,UCC,USFWS,clear creek,temperature,mean,12.89253869047619
20,2008,clear creek,UCC,USFWS,clear creek,temperature,min,10.173
21,2008,clear creek,LCC,USFWS,clear creek,temperature,max,16.868
21,2008,clear creek,LCC,USFWS,clear creek,temperature,mean,13.180238095238096
21,2008,clear creek,LCC,USFWS,clear creek,temperature,min,10.98
21,2008,clear creek,UCC,USFWS,clear creek,temperature,max,14.098
21,2008,clear creek,UCC,USFWS,clear creek,temperature,mean,11.73280357142857
21,2008,clear creek,UCC,USFWS,clear creek,temperature,min,10.149
22,2008,clear creek,LCC,USFWS,clear creek,temperature,max,17.677
22,2008,clear creek,LCC,USFWS,clear creek,temperature,mean,14.314916666666667
22,2008,clear creek,LCC,USFWS,clear creek,temperature,min,12.001
22,2008,clear creek,UCC,USFWS,clear creek,temperature,max,14.745
22,2008,clear creek,UCC,USFWS,clear creek,temperature,mean,12.44578869047619
22,2008,clear creek,UCC,USFWS,clear creek,temperature,min,10.712
23,2008,clear creek,LCC,USFWS,clear creek,temperature,max,18.652
23,2008,clear creek,LCC,USFWS,clear creek,temperature,mean,14.794285714285715
23,2008,clear creek,LCC,USFWS,clear creek,temperature,min,11.856
23,2008,clear creek,UCC,USFWS,clear creek,temperature,max,15.557
23,2008,clear creek,UCC,USFWS,clear creek,temperature,mean,12.763898809523809
23,2008,clear creek,UCC,USFWS,clear creek,temperature,min,10.638
24,2008,clear creek,LCC,USFWS,clear creek,temperature,max,18.58
24,2008,clear creek,LCC,USFWS,clear creek,temperature,mean,15.358032738095238
24,2008,clear creek,LCC,USFWS,clear creek,temperature,min,12.122
24,2008,clear creek,UCC,USFWS,clear creek,temperature,max,15.485
24,2008,clear creek,UCC,USFWS,clear creek,temperature,mean,13.071752976190476
24,2008,clear creek,UCC,USFWS,clear creek,temperature,min,10.565
25,2008,clear creek,LCC,USFWS,clear creek,temperature,max,18.794
25,2008,clear creek,LCC,USFWS,clear creek,temperature,mean,15.36452380952381
25,2008,clear creek,LCC,USFWS,clear creek,temperature,min,12.751
25,2008,clear creek,UCC,USFWS,clear creek,temperature,max,15.557
25,2008,clear creek,UCC,USFWS,clear creek,temperature,mean,13.120991071428572
25,2008,clear creek,UCC,USFWS,clear creek,temperature,min,11.102
26,2008,clear creek,LCC,USFWS,clear creek,temperature,max,19.365
26,2008,clear creek,LCC,USFWS,clear creek,temperature,mean,15.864639880952382
26,2008,clear creek,LCC,USFWS,clear creek,temperature,min,13.233
26,2008,clear creek,UCC,USFWS,clear creek,temperature,max,15.318
26,2008,clear creek,UCC,USFWS,clear creek,temperature,mean,13.46294218591692
26,2008,clear creek,UCC,USFWS,clear creek,temperature,min,11.613
27,2008,clear creek,LCC,USFWS,clear creek,temperature,max,20.817
27,2008,clear creek,LCC,USFWS,clear creek,temperature,mean,16.581467261904763
27,2008,clear creek,LCC,USFWS,clear creek,temperature,min,13.834
27,2008,clear creek,UCC,USFWS,clear creek,temperature,max,16.201
27,2008,clear creek,UCC,USFWS,clear creek,temperature,mean,13.896690476190477
27,2008,clear creek,UCC,USFWS,clear creek,temperature,min,11.71
28,2008,clear creek,LCC,USFWS,clear creek,temperature,max,21.437
28,2008,clear creek,LCC,USFWS,clear creek,temperature,mean,17.070529761904762
28,2008,clear creek,LCC,USFWS,clear creek,temperature,min,14.026
28,2008,clear creek,UCC,USFWS,clear creek,temperature,max,16.463
28,2008,clear creek,UCC,USFWS,clear creek,temperature,mean,14.358547619047618
28,2008,clear creek,UCC,USFWS,clear creek,temperature,min,12.122
29,2008,clear creek,LCC,USFWS,clear creek,temperature,max,21.437
29,2008,clear creek,LCC,USFWS,clear creek,temperature,mean,18.427574404761906
29,2008,clear creek,LCC,USFWS,clear creek,temperature,min,15.748
29,2008,clear creek,UCC,USFWS,clear creek,temperature,max,16.439
29,2008,clear creek,UCC,USFWS,clear creek,temperature,mean,15.210214285714287
29,2008,clear creek,UCC,USFWS,clear creek,temperature,min,13.642
30,2008,clear creek,LCC,USFWS,clear creek,temperature,max,21.581
30,2008,clear creek,LCC,USFWS,clear creek,temperature,mean,18.109065476190477
30,2008,clear creek,LCC,USFWS,clear creek,temperature,min,15.151
30,2008,clear creek,UCC,USFWS,clear creek,temperature,max,16.392
30,2008,clear creek,UCC,USFWS,clear creek,temperature,mean,15.080232142857142
30,2008,clear creek,UCC,USFWS,clear creek,temperature,min,13.329
31,2008,clear creek,LCC,USFWS,clear creek,temperature,max,22.657
31,2008,clear creek,LCC,USFWS,clear creek,temperature,mean,19.140116071428572
31,2008,clear creek,LCC,USFWS,clear creek,temperature,min,16.296
31,2008,clear creek,UCC,USFWS,clear creek,temperature,max,16.892
31,2008,clear creek,UCC,USFWS,clear creek,temperature,mean,15.671708333333333
31,2008,clear creek,UCC,USFWS,clear creek,temperature,min,14.337
32,2008,clear creek,LCC,USFWS,clear creek,temperature,max,23.641
32,2008,clear creek,LCC,USFWS,clear creek,temperature,mean,19.25877782091097
32,2008,clear creek,LCC,USFWS,clear creek,temperature,min,15.438
32,2008,clear creek,UCC,USFWS,clear creek,temperature,max,17.106
32,2008,clear creek,UCC,USFWS,clear creek,temperature,mean,15.682642857142858
32,2008,clear creek,UCC,USFWS,clear creek,temperature,min,14.242
33,2008,clear creek,LCC,USFWS,clear creek,temperature,max,24.171
33,2008,clear creek,LCC,USFWS,clear creek,temperature,mean,19.935699404761905
33,2008,clear creek,LCC,USFWS,clear creek,temperature,min,16.582
33,2008,clear creek,UCC,USFWS,clear creek,temperature,max,17.486
33,2008,clear creek,UCC,USFWS,clear creek,temperature,mean,16.17471130952381
33,2008,clear creek,UCC,USFWS,clear creek,temperature,min,15.008
34,2008,clear creek,LCC,USFWS,clear creek,temperature,max,23.208
34,2008,clear creek,LCC,USFWS,clear creek,temperature,mean,19.21199107142857
34,2008,clear creek,LCC,USFWS,clear creek,temperature,min,15.939
34,2008,clear creek,UCC,USFWS,clear creek,temperature,max,16.82
34,2008,clear creek,UCC,USFWS,clear creek,temperature,mean,15.78660119047619
34,2008,clear creek,UCC,USFWS,clear creek,temperature,min,14.433
35,2008,clear creek,LCC,USFWS,clear creek,temperature,max,22.992
35,2008,clear creek,LCC,USFWS,clear creek,temperature,mean,18.504416666666668
35,2008,clear creek,LCC,USFWS,clear creek,temperature,min,13.906
35,2008,clear creek,UCC,USFWS,clear creek,temperature,max,17.082
35,2008,clear creek,UCC,USFWS,clear creek,temperature,mean,15.40758630952381
35,2008,clear creek,UCC,USFWS,clear creek,temperature,min,13.185
36,2008,clear creek,LCC,USFWS,clear creek,temperature,max,22.082
36,2008,clear creek,LCC,USFWS,clear creek,temperature,mean,17.987904761904762
36,2008,clear creek,LCC,USFWS,clear creek,temperature,min,13.978
36,2008,clear creek,UCC,USFWS,clear creek,temperature,max,16.368
36,2008,clear creek,UCC,USFWS,clear creek,temperature,mean,15.178752976190475
36,2008,clear creek,UCC,USFWS,clear creek,temperature,min,13.546
37,2008,clear creek,LCC,USFWS,clear creek,temperature,max,20.77
37,2008,clear creek,LCC,USFWS,clear creek,temperature,mean,17.129363095238094
37,2008,clear creek,LCC,USFWS,clear creek,temperature,min,14.242
37,2008,clear creek,UCC,USFWS,clear creek,temperature,max,15.629
37,2008,clear creek,UCC,USFWS,clear creek,temperature,mean,14.635735119047618
37,2008,clear creek,UCC,USFWS,clear creek,temperature,min,12.678
38,2008,clear creek,LCC,USFWS,clear creek,temperature,max,17.915
38,2008,clear creek,LCC,USFWS,clear creek,temperature,mean,14.99064880952381
38,2008,clear creek,LCC,USFWS,clear creek,temperature,min,12.847
38,2008,clear creek,UCC,USFWS,clear creek,temperature,max,15.127
38,2008,clear creek,UCC,USFWS,clear creek,temperature,mean,13.597276785714286
38,2008,clear creek,UCC,USFWS,clear creek,temperature,min,11.953
39,2008,clear creek,LCC,USFWS,clear creek,temperature,max,17.249
39,2008,clear creek,LCC,USFWS,clear creek,temperature,mean,14.656011904761904
39,2008,clear creek,LCC,USFWS,clear creek,temperature,min,12.582
39,2008,clear creek,UCC,USFWS,clear creek,temperature,max,14.577
39,2008,clear creek,UCC,USFWS,clear creek,temperature,mean,13.446845238095237
39,2008,clear creek,UCC,USFWS,clear creek,temperature,min,11.807
40,2008,clear creek,LCC,USFWS,clear creek,temperature,max,17.344
40,2008,clear creek,LCC,USFWS,clear creek,temperature,mean,14.314369047619047
40,2008,clear creek,LCC,USFWS,clear creek,temperature,min,12.292
40,2008,clear creek,UCC,USFWS,clear creek,temperature,max,14.625
40,2008,clear creek,UCC,USFWS,clear creek,temperature,mean,13.34797619047619
40,2008,clear creek,UCC,USFWS,clear creek,temperature,min,12.025
41,2008,clear creek,LCC,USFWS,clear creek,temperature,max,15.915
41,2008,clear creek,LCC,USFWS,clear creek,temperature,mean,12.760047619047619
41,2008,clear creek,LCC,USFWS,clear creek,temperature,min,10.149
41,2008,clear creek,UCC,USFWS,clear creek,temperature,max,14.05
41,2008,clear creek,UCC,USFWS,clear creek,temperature,mean,12.32829761904762
41,2008,clear creek,UCC,USFWS,clear creek,temperature,min,10.565
42,2008,clear creek,LCC,USFWS,clear creek,temperature,max,15.366
42,2008,clear creek,LCC,USFWS,clear creek,temperature,mean,13.184818452380952
42,2008,clear creek,LCC,USFWS,clear creek,temperature,min,11.759
42,2008,clear creek,UCC,USFWS,clear creek,temperature,max,13.738
42,2008,clear creek,UCC,USFWS,clear creek,temperature,mean,12.647065476190477
42,2008,clear creek,UCC,USFWS,clear creek,temperature,min,11.565
43,2008,clear creek,LCC,USFWS,clear creek,temperature,max,14.242
43,2008,clear creek,LCC,USFWS,clear creek,temperature,mean,12.463967261904763
43,2008,clear creek,LCC,USFWS,clear creek,temperature,min,11.005
43,2008,clear creek,UCC,USFWS,clear creek,temperature,max,13.161
43,2008,clear creek,UCC,USFWS,clear creek,temperature,mean,12.147669642857142
43,2008,clear creek,UCC,USFWS,clear creek,temperature,min,11.053
44,2008,clear creek,LCC,USFWS,clear creek,temperature,max,14.05
44,2008,clear creek,LCC,USFWS,clear creek,temperature,mean,12.430238095238096
44,2008,clear creek,LCC,USFWS,clear creek,temperature,min,11.005
44,2008,clear creek,UCC,USFWS,clear creek,temperature,max,12.968
44,2008,clear creek,UCC,USFWS,clear creek,temperature,mean,12.156044642857143
44,2008,clear creek,UCC,USFWS,clear creek,temperature,min,11.029
45,2008,clear creek,LCC,USFWS,clear creek,temperature,max,13.329
45,2008,clear creek,LCC,USFWS,clear creek,temperature,mean,11.470270833333334
45,2008,clear creek,LCC,USFWS,clear creek,temperature,min,10.173
45,2008,clear creek,UCC,USFWS,clear creek,temperature,max,12.582
45,2008,clear creek,UCC,USFWS,clear creek,temperature,mean,11.39007738095238
45,2008,clear creek,UCC,USFWS,clear creek,temperature,min,10.418
46,2008,clear creek,LCC,USFWS,clear creek,temperature,max,12.823
46,2008,clear creek,LCC,USFWS,clear creek,temperature,mean,11.373761904761905
46,2008,clear creek,LCC,USFWS,clear creek,temperature,min,10.271
46,2008,clear creek,UCC,USFWS,clear creek,temperature,max,12.001
46,2008,clear creek,UCC,USFWS,clear creek,temperature,mean,11.191669642857143
46,2008,clear creek,UCC,USFWS,clear creek,temperature,min,10.369
47,2008,clear creek,LCC,USFWS,clear creek,temperature,max,12.171
47,2008,clear creek,LCC,USFWS,clear creek,temperature,mean,10.48120238095238
47,2008,clear creek,LCC,USFWS,clear creek,temperature,min,9.188
47,2008,clear creek,UCC,USFWS,clear creek,temperature,max,11.54
47,2008,clear creek,UCC,USFWS,clear creek,temperature,mean,10.629910714285714
47,2008,clear creek,UCC,USFWS,clear creek,temperature,min,9.731
48,2008,clear creek,LCC,USFWS,clear creek,temperature,max,11.856
48,2008,clear creek,LCC,USFWS,clear creek,temperature,mean,10.489791666666667
48,2008,clear creek,LCC,USFWS,clear creek,temperature,min,9.064
48,2008,clear creek,UCC,USFWS,clear creek,temperature,max,11.467
48,2008,clear creek,UCC,USFWS,clear creek,temperature,mean,10.538869435817805
48,2008,clear creek,UCC,USFWS,clear creek,temperature,min,9.485
49,2008,clear creek,LCC,USFWS,clear creek,temperature,max,11.37
49,2008,clear creek,LCC,USFWS,clear creek,temperature,mean,9.53697619047619
49,2008,clear creek,LCC,USFWS,clear creek,temperature,min,8.295
49,2008,clear creek,UCC,USFWS,clear creek,temperature,max,10.98
49,2008,clear creek,UCC,USFWS,clear creek,temperature,mean,9.911318452380952
49,2008,clear creek,UCC,USFWS,clear creek,temperature,min,8.965
50,2008,clear creek,LCC,USFWS,clear creek,temperature,max,10.198
50,2008,clear creek,LCC,USFWS,clear creek,temperature,mean,8.725502976190477
50,2008,clear creek,LCC,USFWS,clear creek,temperature,min,7.444
50,2008,clear creek,UCC,USFWS,clear creek,temperature,max,10.345
50,2008,clear creek,UCC,USFWS,clear creek,temperature,mean,9.257294642857143
50,2008,clear creek,UCC,USFWS,clear creek,temperature,min,8.17
51,2008,clear creek,LCC,USFWS,clear creek,temperature,max,9.386
51,2008,clear creek,LCC,USFWS,clear creek,temperature,mean,7.910059523809523
51,2008,clear creek,LCC,USFWS,clear creek,temperature,min,6.433
51,2008,clear creek,UCC,USFWS,clear creek,temperature,max,9.188
51,2008,clear creek,UCC,USFWS,clear creek,temperature,mean,8.493258799171842
51,2008,clear creek,UCC,USFWS,clear creek,temperature,min,7.67
52,2008,clear creek,LCC,USFWS,clear creek,temperature,max,8.295
52,2008,clear creek,LCC,USFWS,clear creek,temperature,mean,7.549595238095238
52,2008,clear creek,LCC,USFWS,clear creek,temperature,min,5.872
52,2008,clear creek,UCC,USFWS,clear creek,temperature,max,8.394
52,2008,clear creek,UCC,USFWS,clear creek,temperature,mean,7.738380952380952
52,2008,clear creek,UCC,USFWS,clear creek,temperature,min,6.788
53,2008,clear creek,LCC,USFWS,clear creek,temperature,max,8.195
53,2008,clear creek,LCC,USFWS,clear creek,temperature,mean,7.313208333333334
53,2008,clear creek,LCC,USFWS,clear creek,temperature,min,6.535
53,2008,clear creek,UCC,USFWS,clear creek,temperature,max,7.97
53,2008,clear creek,UCC,USFWS,clear creek,temperature,mean,7.39575
53,2008,clear creek,UCC,USFWS,clear creek,temperature,min,6.914
1,2009,clear creek,LCC,USFWS,clear creek,temperature,max,8.519
1,2009,clear creek,LCC,USFWS,clear creek,temperature,mean,7.154502976190476
1,2009,clear creek,LCC,USFWS,clear creek,temperature,min,5.462
1,2009,clear creek,UCC,USFWS,clear creek,temperature,max,8.095
1,2009,clear creek,UCC,USFWS,clear creek,temperature,mean,7.305211309523809
1,2009,clear creek,UCC,USFWS,clear creek,temperature,min,6.306
2,2009,clear creek,LCC,USFWS,clear creek,temperature,max,9.558
2,2009,clear creek,LCC,USFWS,clear creek,temperature,mean,7.457636904761904
2,2009,clear creek,LCC,USFWS,clear creek,temperature,min,5.924
2,2009,clear creek,UCC,USFWS,clear creek,temperature,max,8.717
2,2009,clear creek,UCC,USFWS,clear creek,temperature,mean,7.511464285714285
2,2009,clear creek,UCC,USFWS,clear creek,temperature,min,6.382
3,2009,clear creek,LCC,USFWS,clear creek,temperature,max,8.866
3,2009,clear creek,LCC,USFWS,clear creek,temperature,mean,7.359866071428572
3,2009,clear creek,LCC,USFWS,clear creek,temperature,min,6.102
3,2009,clear creek,UCC,USFWS,clear creek,temperature,max,8.419
3,2009,clear creek,UCC,USFWS,clear creek,temperature,mean,7.493071428571429
3,2009,clear creek,UCC,USFWS,clear creek,temperature,min,6.585
4,2009,clear creek,LCC,USFWS,clear creek,temperature,max,9.534
4,2009,clear creek,LCC,USFWS,clear creek,temperature,mean,7.762821428571429
4,2009,clear creek,LCC,USFWS,clear creek,temperature,min,5.668
4,2009,clear creek,UCC,USFWS,clear creek,temperature,max,8.618
4,2009,clear creek,UCC,USFWS,clear creek,temperature,mean,7.601550595238095
4,2009,clear creek,UCC,USFWS,clear creek,temperature,min,6.204
5,2009,clear creek,LCC,USFWS,clear creek,temperature,max,9.238
5,2009,clear creek,LCC,USFWS,clear creek,temperature,mean,7.70897619047619
5,2009,clear creek,LCC,USFWS,clear creek,temperature,min,6.306
5,2009,clear creek,UCC,USFWS,clear creek,temperature,max,8.618
5,2009,clear creek,UCC,USFWS,clear creek,temperature,mean,7.6431547619047615
5,2009,clear creek,UCC,USFWS,clear creek,temperature,min,6.712
6,2009,clear creek,LCC,USFWS,clear creek,temperature,max,9.682
6,2009,clear creek,LCC,USFWS,clear creek,temperature,mean,7.642074404761905
6,2009,clear creek,LCC,USFWS,clear creek,temperature,min,6.051
6,2009,clear creek,UCC,USFWS,clear creek,temperature,max,8.693
6,2009,clear creek,UCC,USFWS,clear creek,temperature,mean,7.561904761904762
6,2009,clear creek,UCC,USFWS,clear creek,temperature,min,6.509
7,2009,clear creek,LCC,USFWS,clear creek,temperature,max,8.891
7,2009,clear creek,LCC,USFWS,clear creek,temperature,mean,7.191071428571429
7,2009,clear creek,LCC,USFWS,clear creek,temperature,min,6.23
7,2009,clear creek,UCC,USFWS,clear creek,temperature,max,8.27
7,2009,clear creek,UCC,USFWS,clear creek,temperature,mean,7.084645833333333
7,2009,clear creek,UCC,USFWS,clear creek,temperature,min,6.051
8,2009,clear creek,LCC,USFWS,clear creek,temperature,max,9.854
8,2009,clear creek,LCC,USFWS,clear creek,temperature,mean,8.308645833333333
8,2009,clear creek,LCC,USFWS,clear creek,temperature,min,6.509
8,2009,clear creek,UCC,USFWS,clear creek,temperature,max,9.336
8,2009,clear creek,UCC,USFWS,clear creek,temperature,mean,7.910577769151138
8,2009,clear creek,UCC,USFWS,clear creek,temperature,min,6.357
9,2009,clear creek,LCC,USFWS,clear creek,temperature,max,10.198
9,2009,clear creek,LCC,USFWS,clear creek,temperature,mean,8.631150232919254
9,2009,clear creek,LCC,USFWS,clear creek,temperature,min,6.661
9,2009,clear creek,UCC,USFWS,clear creek,temperature,max,9.756
9,2009,clear creek,UCC,USFWS,clear creek,temperature,mean,8.201199404761905
9,2009,clear creek,UCC,USFWS,clear creek,temperature,min,6.458
10,2009,clear creek,LCC,USFWS,clear creek,temperature,max,10.345
10,2009,clear creek,LCC,USFWS,clear creek,temperature,mean,8.175508928571428
10,2009,clear creek,LCC,USFWS,clear creek,temperature,min,6.128
10,2009,clear creek,UCC,USFWS,clear creek,temperature,max,9.213
10,2009,clear creek,UCC,USFWS,clear creek,temperature,mean,7.679764880952381
10,2009,clear creek,UCC,USFWS,clear creek,temperature,min,6.128
11,2009,clear creek,LCC,USFWS,clear creek,temperature,max,11.734
11,2009,clear creek,LCC,USFWS,clear creek,temperature,mean,9.264994047619048
11,2009,clear creek,LCC,USFWS,clear creek,temperature,min,6.763
11,2009,clear creek,UCC,USFWS,clear creek,temperature,max,10.883
11,2009,clear creek,UCC,USFWS,clear creek,temperature,mean,8.727199404761905
11,2009,clear creek,UCC,USFWS,clear creek,temperature,min,6.712
12,2009,clear creek,LCC,USFWS,clear creek,temperature,max,12.582
12,2009,clear creek,LCC,USFWS,clear creek,temperature,mean,9.90611011904762
12,2009,clear creek,LCC,USFWS,clear creek,temperature,min,6.839
12,2009,clear creek,UCC,USFWS,clear creek,temperature,max,11.2
12,2009,clear creek,UCC,USFWS,clear creek,temperature,mean,9.083973214285715
12,2009,clear creek,UCC,USFWS,clear creek,temperature,min,6.737
13,2009,clear creek,LCC,USFWS,clear creek,temperature,max,13.714
13,2009,clear creek,LCC,USFWS,clear creek,temperature,mean,10.736092261904762
13,2009,clear creek,LCC,USFWS,clear creek,temperature,min,7.695
13,2009,clear creek,UCC,USFWS,clear creek,temperature,max,11.807
13,2009,clear creek,UCC,USFWS,clear creek,temperature,mean,9.709660714285715
13,2009,clear creek,UCC,USFWS,clear creek,temperature,min,7.368
14,2009,clear creek,LCC,USFWS,clear creek,temperature,max,13.642
14,2009,clear creek,LCC,USFWS,clear creek,temperature,mean,10.721324404761905
14,2009,clear creek,LCC,USFWS,clear creek,temperature,min,8.095
14,2009,clear creek,UCC,USFWS,clear creek,temperature,max,12.05
14,2009,clear creek,UCC,USFWS,clear creek,temperature,mean,9.815053571428571
14,2009,clear creek,UCC,USFWS,clear creek,temperature,min,7.845
15,2009,clear creek,LCC,USFWS,clear creek,temperature,max,14.29
15,2009,clear creek,LCC,USFWS,clear creek,temperature,mean,11.030446428571429
15,2009,clear creek,LCC,USFWS,clear creek,temperature,min,8.543
15,2009,clear creek,UCC,USFWS,clear creek,temperature,max,12.558
15,2009,clear creek,UCC,USFWS,clear creek,temperature,mean,10.205104166666667
15,2009,clear creek,UCC,USFWS,clear creek,temperature,min,8.469
16,2009,clear creek,LCC,USFWS,clear creek,temperature,max,16.511
16,2009,clear creek,LCC,USFWS,clear creek,temperature,mean,12.880639880952382
16,2009,clear creek,LCC,USFWS,clear creek,temperature,min,8.767
16,2009,clear creek,UCC,USFWS,clear creek,temperature,max,14.098
16,2009,clear creek,UCC,USFWS,clear creek,temperature,mean,11.506342261904763
16,2009,clear creek,UCC,USFWS,clear creek,temperature,min,8.444
17,2009,clear creek,LCC,USFWS,clear creek,temperature,max,15.39
17,2009,clear creek,LCC,USFWS,clear creek,temperature,mean,12.236973214285715
17,2009,clear creek,LCC,USFWS,clear creek,temperature,min,9.608
17,2009,clear creek,UCC,USFWS,clear creek,temperature,max,13.233
17,2009,clear creek,UCC,USFWS,clear creek,temperature,mean,10.989613095238095
17,2009,clear creek,UCC,USFWS,clear creek,temperature,min,9.04
18,2009,clear creek,LCC,USFWS,clear creek,temperature,max,14.218
18,2009,clear creek,LCC,USFWS,clear creek,temperature,mean,12.07822619047619
18,2009,clear creek,LCC,USFWS,clear creek,temperature,min,10.296
18,2009,clear creek,UCC,USFWS,clear creek,temperature,max,13.978
18,2009,clear creek,UCC,USFWS,clear creek,temperature,mean,11.387988095238095
18,2009,clear creek,UCC,USFWS,clear creek,temperature,min,9.632
19,2009,clear creek,LCC,USFWS,clear creek,temperature,max,16.558
19,2009,clear creek,LCC,USFWS,clear creek,temperature,mean,13.59173511904762
19,2009,clear creek,LCC,USFWS,clear creek,temperature,min,10.883
19,2009,clear creek,UCC,USFWS,clear creek,temperature,max,14.697
19,2009,clear creek,UCC,USFWS,clear creek,temperature,mean,12.288720238095237
19,2009,clear creek,UCC,USFWS,clear creek,temperature,min,10.271
20,2009,clear creek,LCC,USFWS,clear creek,temperature,max,17.962
20,2009,clear creek,LCC,USFWS,clear creek,temperature,mean,14.817925595238094
20,2009,clear creek,LCC,USFWS,clear creek,temperature,min,11.759
20,2009,clear creek,UCC,USFWS,clear creek,temperature,max,15.533
20,2009,clear creek,UCC,USFWS,clear creek,temperature,mean,12.95664880952381
20,2009,clear creek,UCC,USFWS,clear creek,temperature,min,10.834
21,2009,clear creek,LCC,USFWS,clear creek,temperature,max,18.438
21,2009,clear creek,LCC,USFWS,clear creek,temperature,mean,15.06584416160081
21,2009,clear creek,LCC,USFWS,clear creek,temperature,min,11.637
21,2009,clear creek,UCC,USFWS,clear creek,temperature,max,15.724
21,2009,clear creek,UCC,USFWS,clear creek,temperature,mean,13.096363095238095
21,2009,clear creek,UCC,USFWS,clear creek,temperature,min,10.516
22,2009,clear creek,LCC,USFWS,clear creek,temperature,max,18.557
22,2009,clear creek,LCC,USFWS,clear creek,temperature,mean,15.498276785714285
22,2009,clear creek,LCC,USFWS,clear creek,temperature,min,13.04
22,2009,clear creek,UCC,USFWS,clear creek,temperature,max,15.867
22,2009,clear creek,UCC,USFWS,clear creek,temperature,mean,13.41477380952381
22,2009,clear creek,UCC,USFWS,clear creek,temperature,min,11.686
23,2009,clear creek,LCC,USFWS,clear creek,temperature,max,19.222
23,2009,clear creek,LCC,USFWS,clear creek,temperature,mean,15.457357142857143
23,2009,clear creek,LCC,USFWS,clear creek,temperature,min,12.751
23,2009,clear creek,UCC,USFWS,clear creek,temperature,max,15.772
23,2009,clear creek,UCC,USFWS,clear creek,temperature,mean,13.465360119047618
23,2009,clear creek,UCC,USFWS,clear creek,temperature,min,11.759
24,2009,clear creek,LCC,USFWS,clear creek,temperature,max,20.341
24,2009,clear creek,LCC,USFWS,clear creek,temperature,mean,16.28202380952381
24,2009,clear creek,LCC,USFWS,clear creek,temperature,min,13.281
24,2009,clear creek,UCC,USFWS,clear creek,temperature,max,16.392
24,2009,clear creek,UCC,USFWS,clear creek,temperature,mean,13.987288690476191
24,2009,clear creek,UCC,USFWS,clear creek,temperature,min,11.832
25,2009,clear creek,LCC,USFWS,clear creek,temperature,max,20.484
25,2009,clear creek,LCC,USFWS,clear creek,temperature,mean,16.898604166666665
25,2009,clear creek,LCC,USFWS,clear creek,temperature,min,13.834
25,2009,clear creek,UCC,USFWS,clear creek,temperature,max,16.677
25,2009,clear creek,UCC,USFWS,clear creek,temperature,mean,14.325217261904761
25,2009,clear creek,UCC,USFWS,clear creek,temperature,min,11.686
26,2009,clear creek,LCC,USFWS,clear creek,temperature,max,22.345
26,2009,clear creek,LCC,USFWS,clear creek,temperature,mean,18.284229166666666
26,2009,clear creek,LCC,USFWS,clear creek,temperature,min,15.151
26,2009,clear creek,UCC,USFWS,clear creek,temperature,max,17.249
26,2009,clear creek,UCC,USFWS,clear creek,temperature,mean,15.196991071428572
26,2009,clear creek,UCC,USFWS,clear creek,temperature,min,12.606
27,2009,clear creek,LCC,USFWS,clear creek,temperature,max,22.705
27,2009,clear creek,LCC,USFWS,clear creek,temperature,mean,18.49464880952381
27,2009,clear creek,LCC,USFWS,clear creek,temperature,min,15.031
27,2009,clear creek,UCC,USFWS,clear creek,temperature,max,16.915
27,2009,clear creek,UCC,USFWS,clear creek,temperature,mean,15.198642857142858
27,2009,clear creek,UCC,USFWS,clear creek,temperature,min,12.727
28,2009,clear creek,LCC,USFWS,clear creek,temperature,max,22.872
28,2009,clear creek,LCC,USFWS,clear creek,temperature,mean,18.24005357142857
28,2009,clear creek,LCC,USFWS,clear creek,temperature,min,14.864
28,2009,clear creek,UCC,USFWS,clear creek,temperature,max,16.796
28,2009,clear creek,UCC,USFWS,clear creek,temperature,mean,15.059708333333333
28,2009,clear creek,UCC,USFWS,clear creek,temperature,min,12.896
29,2009,clear creek,LCC,USFWS,clear creek,temperature,max,23.617
29,2009,clear creek,LCC,USFWS,clear creek,temperature,mean,19.558407738095237
29,2009,clear creek,LCC,USFWS,clear creek,temperature,min,16.058
29,2009,clear creek,UCC,USFWS,clear creek,temperature,max,17.32
29,2009,clear creek,UCC,USFWS,clear creek,temperature,mean,15.82047619047619
29,2009,clear creek,UCC,USFWS,clear creek,temperature,min,13.666
30,2009,clear creek,LCC,USFWS,clear creek,temperature,max,23.593
30,2009,clear creek,LCC,USFWS,clear creek,temperature,mean,19.36603869047619
30,2009,clear creek,LCC,USFWS,clear creek,temperature,min,15.796
30,2009,clear creek,UCC,USFWS,clear creek,temperature,max,17.13
30,2009,clear creek,UCC,USFWS,clear creek,temperature,mean,15.653095238095238
30,2009,clear creek,UCC,USFWS,clear creek,temperature,min,13.353
31,2009,clear creek,LCC,USFWS,clear creek,temperature,max,23.424
31,2009,clear creek,LCC,USFWS,clear creek,temperature,mean,18.95694345238095
31,2009,clear creek,LCC,USFWS,clear creek,temperature,min,15.079
31,2009,clear creek,UCC,USFWS,clear creek,temperature,max,17.201
31,2009,clear creek,UCC,USFWS,clear creek,temperature,mean,15.414916983282675
31,2009,clear creek,UCC,USFWS,clear creek,temperature,min,12.944
32,2009,clear creek,LCC,USFWS,clear creek,temperature,max,21.987
32,2009,clear creek,LCC,USFWS,clear creek,temperature,mean,17.602589285714288
32,2009,clear creek,LCC,USFWS,clear creek,temperature,min,13.978
32,2009,clear creek,UCC,USFWS,clear creek,temperature,max,16.344
32,2009,clear creek,UCC,USFWS,clear creek,temperature,mean,14.741270833333333
32,2009,clear creek,UCC,USFWS,clear creek,temperature,min,12.606
33,2009,clear creek,LCC,USFWS,clear creek,temperature,max,22.13
33,2009,clear creek,LCC,USFWS,clear creek,temperature,mean,18.158565476190475
33,2009,clear creek,LCC,USFWS,clear creek,temperature,min,14.792
33,2009,clear creek,UCC,USFWS,clear creek,temperature,max,16.773
33,2009,clear creek,UCC,USFWS,clear creek,temperature,mean,15.158127976190476
33,2009,clear creek,UCC,USFWS,clear creek,temperature,min,13.137
34,2009,clear creek,LCC,USFWS,clear creek,temperature,max,22.321
34,2009,clear creek,LCC,USFWS,clear creek,temperature,mean,18.035497023809523
34,2009,clear creek,LCC,USFWS,clear creek,temperature,min,14.17
34,2009,clear creek,UCC,USFWS,clear creek,temperature,max,16.511
34,2009,clear creek,UCC,USFWS,clear creek,temperature,mean,15.04053869047619
34,2009,clear creek,UCC,USFWS,clear creek,temperature,min,12.775
35,2009,clear creek,LCC,USFWS,clear creek,temperature,max,21.509
35,2009,clear creek,LCC,USFWS,clear creek,temperature,mean,17.332080357142857
35,2009,clear creek,LCC,USFWS,clear creek,temperature,min,14.242
35,2009,clear creek,UCC,USFWS,clear creek,temperature,max,16.368
35,2009,clear creek,UCC,USFWS,clear creek,temperature,mean,14.736166666666666
35,2009,clear creek,UCC,USFWS,clear creek,temperature,min,12.871
36,2009,clear creek,LCC,USFWS,clear creek,temperature,max,20.984
36,2009,clear creek,LCC,USFWS,clear creek,temperature,mean,16.788788690476192
36,2009,clear creek,LCC,USFWS,clear creek,temperature,min,13.786
36,2009,clear creek,UCC,USFWS,clear creek,temperature,max,15.819
36,2009,clear creek,UCC,USFWS,clear creek,temperature,mean,14.536973214285714
36,2009,clear creek,UCC,USFWS,clear creek,temperature,min,12.896
37,2009,clear creek,LCC,USFWS,clear creek,temperature,max,20.484
37,2009,clear creek,LCC,USFWS,clear creek,temperature,mean,16.715440476190476
37,2009,clear creek,LCC,USFWS,clear creek,temperature,min,14.146
37,2009,clear creek,UCC,USFWS,clear creek,temperature,max,15.796
37,2009,clear creek,UCC,USFWS,clear creek,temperature,mean,14.74826488095238
37,2009,clear creek,UCC,USFWS,clear creek,temperature,min,12.896
38,2009,clear creek,LCC,USFWS,clear creek,temperature,max,17.915
38,2009,clear creek,LCC,USFWS,clear creek,temperature,mean,15.262876690821257
38,2009,clear creek,LCC,USFWS,clear creek,temperature,min,13.016
38,2009,clear creek,UCC,USFWS,clear creek,temperature,max,15.915
38,2009,clear creek,UCC,USFWS,clear creek,temperature,mean,14.427651785714286
38,2009,clear creek,UCC,USFWS,clear creek,temperature,min,12.92
39,2009,clear creek,UCC,USFWS,clear creek,temperature,max,15.819
39,2009,clear creek,UCC,USFWS,clear creek,temperature,mean,14.09991369047619
39,2009,clear creek,UCC,USFWS,clear creek,temperature,min,12.654
39,2009,clear creek,LCC,USFWS,clear creek,temperature,max,17.796
39,2009,clear creek,LCC,USFWS,clear creek,temperature,mean,14.807357638888888
39,2009,clear creek,LCC,USFWS,clear creek,temperature,min,12.316
40,2009,clear creek,LCC,USFWS,clear creek,temperature,max,16.392
40,2009,clear creek,LCC,USFWS,clear creek,temperature,mean,13.768910714285715
40,2009,clear creek,LCC,USFWS,clear creek,temperature,min,11.88
40,2009,clear creek,UCC,USFWS,clear creek,temperature,max,14.912
40,2009,clear creek,UCC,USFWS,clear creek,temperature,mean,13.441651785714285
40,2009,clear creek,UCC,USFWS,clear creek,temperature,min,12.268
41,2009,clear creek,LCC,USFWS,clear creek,temperature,max,15.724
41,2009,clear creek,LCC,USFWS,clear creek,temperature,mean,13.64
41,2009,clear creek,LCC,USFWS,clear creek,temperature,min,12.001
41,2009,clear creek,UCC,USFWS,clear creek,temperature,max,14.649
41,2009,clear creek,UCC,USFWS,clear creek,temperature,mean,13.39300892857143
41,2009,clear creek,UCC,USFWS,clear creek,temperature,min,12.316
42,2009,clear creek,LCC,USFWS,clear creek,temperature,max,16.32
42,2009,clear creek,LCC,USFWS,clear creek,temperature,mean,14.283166666666666
42,2009,clear creek,LCC,USFWS,clear creek,temperature,min,12.34
42,2009,clear creek,UCC,USFWS,clear creek,temperature,max,15.079
42,2009,clear creek,UCC,USFWS,clear creek,temperature,mean,13.919300595238095
42,2009,clear creek,UCC,USFWS,clear creek,temperature,min,12.582
43,2009,clear creek,LCC,USFWS,clear creek,temperature,max,16.01
43,2009,clear creek,LCC,USFWS,clear creek,temperature,mean,13.712389880952381
43,2009,clear creek,LCC,USFWS,clear creek,temperature,min,11.297
43,2009,clear creek,UCC,USFWS,clear creek,temperature,max,14.936
43,2009,clear creek,UCC,USFWS,clear creek,temperature,mean,13.535419642857143
43,2009,clear creek,UCC,USFWS,clear creek,temperature,min,12.025
44,2009,clear creek,LCC,USFWS,clear creek,temperature,max,15.27
44,2009,clear creek,LCC,USFWS,clear creek,temperature,mean,13.358252976190476
44,2009,clear creek,LCC,USFWS,clear creek,temperature,min,11.321
44,2009,clear creek,UCC,USFWS,clear creek,temperature,max,14.481
44,2009,clear creek,UCC,USFWS,clear creek,temperature,mean,13.408464285714286
44,2009,clear creek,UCC,USFWS,clear creek,temperature,min,12.025
45,2009,clear creek,LCC,USFWS,clear creek,temperature,max,14.721
45,2009,clear creek,LCC,USFWS,clear creek,temperature,mean,12.83553869047619
45,2009,clear creek,LCC,USFWS,clear creek,temperature,min,11.053
45,2009,clear creek,UCC,USFWS,clear creek,temperature,max,14.098
45,2009,clear creek,UCC,USFWS,clear creek,temperature,mean,13.094419642857142
45,2009,clear creek,UCC,USFWS,clear creek,temperature,min,11.977
46,2009,clear creek,LCC,USFWS,clear creek,temperature,max,13.377
46,2009,clear creek,LCC,USFWS,clear creek,temperature,mean,11.532157738095238
46,2009,clear creek,LCC,USFWS,clear creek,temperature,min,10.026
46,2009,clear creek,UCC,USFWS,clear creek,temperature,max,13.329
46,2009,clear creek,UCC,USFWS,clear creek,temperature,mean,12.085071428571428
46,2009,clear creek,UCC,USFWS,clear creek,temperature,min,10.907
47,2009,clear creek,LCC,USFWS,clear creek,temperature,max,12.34
47,2009,clear creek,LCC,USFWS,clear creek,temperature,mean,10.847860119047619
47,2009,clear creek,LCC,USFWS,clear creek,temperature,min,9.46
47,2009,clear creek,UCC,USFWS,clear creek,temperature,max,12.147
47,2009,clear creek,UCC,USFWS,clear creek,temperature,mean,11.312395833333333
47,2009,clear creek,UCC,USFWS,clear creek,temperature,min,10.443
48,2009,clear creek,LCC,USFWS,clear creek,temperature,max,12.268
48,2009,clear creek,LCC,USFWS,clear creek,temperature,mean,10.394386904761905
48,2009,clear creek,LCC,USFWS,clear creek,temperature,min,8.717
48,2009,clear creek,UCC,USFWS,clear creek,temperature,max,11.807
48,2009,clear creek,UCC,USFWS,clear creek,temperature,mean,10.774425595238096
48,2009,clear creek,UCC,USFWS,clear creek,temperature,min,9.632
49,2009,clear creek,LCC,USFWS,clear creek,temperature,max,10.834
49,2009,clear creek,LCC,USFWS,clear creek,temperature,mean,8.407592261904762
49,2009,clear creek,LCC,USFWS,clear creek,temperature,min,6.382
49,2009,clear creek,UCC,USFWS,clear creek,temperature,max,10.907
49,2009,clear creek,UCC,USFWS,clear creek,temperature,mean,9.33167261904762
49,2009,clear creek,UCC,USFWS,clear creek,temperature,min,8.045
50,2009,clear creek,LCC,USFWS,clear creek,temperature,max,9.928
50,2009,clear creek,LCC,USFWS,clear creek,temperature,mean,8.816407738095238
50,2009,clear creek,LCC,USFWS,clear creek,temperature,min,6.712
50,2009,clear creek,UCC,USFWS,clear creek,temperature,max,9.534
50,2009,clear creek,UCC,USFWS,clear creek,temperature,mean,8.95667261904762
50,2009,clear creek,UCC,USFWS,clear creek,temperature,min,8.02
51,2009,clear creek,LCC,USFWS,clear creek,temperature,max,9.78
51,2009,clear creek,LCC,USFWS,clear creek,temperature,mean,8.573315476190476
51,2009,clear creek,LCC,USFWS,clear creek,temperature,min,6.585
51,2009,clear creek,UCC,USFWS,clear creek,temperature,max,9.534
51,2009,clear creek,UCC,USFWS,clear creek,temperature,mean,8.591443452380952
51,2009,clear creek,UCC,USFWS,clear creek,temperature,min,7.192
52,2009,clear creek,LCC,USFWS,clear creek,temperature,max,9.04
52,2009,clear creek,LCC,USFWS,clear creek,temperature,mean,7.861788690476191
52,2009,clear creek,LCC,USFWS,clear creek,temperature,min,6.56
52,2009,clear creek,UCC,USFWS,clear creek,temperature,max,8.941
52,2009,clear creek,UCC,USFWS,clear creek,temperature,mean,8.117244047619048
52,2009,clear creek,UCC,USFWS,clear creek,temperature,min,7.192
53,2009,clear creek,LCC,USFWS,clear creek,temperature,max,8.295
53,2009,clear creek,LCC,USFWS,clear creek,temperature,mean,8.0996875
53,2009,clear creek,LCC,USFWS,clear creek,temperature,min,7.87
53,2009,clear creek,UCC,USFWS,clear creek,temperature,max,8.295
53,2009,clear creek,UCC,USFWS,clear creek,temperature,mean,8.1184375
53,2009,clear creek,UCC,USFWS,clear creek,temperature,min,7.97
1,2010,clear creek,LCC,USFWS,clear creek,temperature,max,9.188
1,2010,clear creek,LCC,USFWS,clear creek,temperature,mean,8.251092261904763
1,2010,clear creek,LCC,USFWS,clear creek,temperature,min,7.041
1,2010,clear creek,UCC,USFWS,clear creek,temperature,max,8.941
1,2010,clear creek,UCC,USFWS,clear creek,temperature,mean,8.251577380952382
1,2010,clear creek,UCC,USFWS,clear creek,temperature,min,7.343
2,2010,clear creek,LCC,USFWS,clear creek,temperature,max,10.222
2,2010,clear creek,LCC,USFWS,clear creek,temperature,mean,8.714500000000001
2,2010,clear creek,LCC,USFWS,clear creek,temperature,min,7.594
2,2010,clear creek,UCC,USFWS,clear creek,temperature,max,9.731
2,2010,clear creek,UCC,USFWS,clear creek,temperature,mean,8.508654761904763
2,2010,clear creek,UCC,USFWS,clear creek,temperature,min,7.645
3,2010,clear creek,LCC,USFWS,clear creek,temperature,max,9.78
3,2010,clear creek,LCC,USFWS,clear creek,temperature,mean,8.892565476190477
3,2010,clear creek,LCC,USFWS,clear creek,temperature,min,7.97
3,2010,clear creek,UCC,USFWS,clear creek,temperature,max,9.756
3,2010,clear creek,UCC,USFWS,clear creek,temperature,mean,8.772497023809525
3,2010,clear creek,UCC,USFWS,clear creek,temperature,min,7.745
4,2010,clear creek,LCC,USFWS,clear creek,temperature,max,9.608
4,2010,clear creek,LCC,USFWS,clear creek,temperature,mean,8.650410714285714
4,2010,clear creek,LCC,USFWS,clear creek,temperature,min,7.795
4,2010,clear creek,UCC,USFWS,clear creek,temperature,max,9.435
4,2010,clear creek,UCC,USFWS,clear creek,temperature,mean,8.58453869047619
4,2010,clear creek,UCC,USFWS,clear creek,temperature,min,7.87
5,2010,clear creek,LCC,USFWS,clear creek,temperature,max,10.001
5,2010,clear creek,LCC,USFWS,clear creek,temperature,mean,8.808110119047619
5,2010,clear creek,LCC,USFWS,clear creek,temperature,min,7.569
5,2010,clear creek,UCC,USFWS,clear creek,temperature,max,9.336
5,2010,clear creek,UCC,USFWS,clear creek,temperature,mean,8.572279761904761
5,2010,clear creek,UCC,USFWS,clear creek,temperature,min,7.494
6,2010,clear creek,LCC,USFWS,clear creek,temperature,max,10.149
6,2010,clear creek,LCC,USFWS,clear creek,temperature,mean,9.080630952380952
6,2010,clear creek,LCC,USFWS,clear creek,temperature,min,7.444
6,2010,clear creek,UCC,USFWS,clear creek,temperature,max,9.805
6,2010,clear creek,UCC,USFWS,clear creek,temperature,mean,8.888360119047618
6,2010,clear creek,UCC,USFWS,clear creek,temperature,min,7.469
7,2010,clear creek,LCC,USFWS,clear creek,temperature,max,11.443
7,2010,clear creek,LCC,USFWS,clear creek,temperature,mean,9.59870238095238
7,2010,clear creek,LCC,USFWS,clear creek,temperature,min,8.27
7,2010,clear creek,UCC,USFWS,clear creek,temperature,max,10.614
7,2010,clear creek,UCC,USFWS,clear creek,temperature,mean,9.299083333333334
7,2010,clear creek,UCC,USFWS,clear creek,temperature,min,8.195
8,2010,clear creek,LCC,USFWS,clear creek,temperature,max,11.078
8,2010,clear creek,LCC,USFWS,clear creek,temperature,mean,9.172199404761905
8,2010,clear creek,LCC,USFWS,clear creek,temperature,min,7.142
8,2010,clear creek,UCC,USFWS,clear creek,temperature,max,10.124
8,2010,clear creek,UCC,USFWS,clear creek,temperature,mean,8.752119047619047
8,2010,clear creek,UCC,USFWS,clear creek,temperature,min,7.167
9,2010,clear creek,LCC,USFWS,clear creek,temperature,max,11.175
9,2010,clear creek,LCC,USFWS,clear creek,temperature,mean,9.579622023809524
9,2010,clear creek,LCC,USFWS,clear creek,temperature,min,7.494
9,2010,clear creek,UCC,USFWS,clear creek,temperature,max,10.663
9,2010,clear creek,UCC,USFWS,clear creek,temperature,mean,9.237845238095238
9,2010,clear creek,UCC,USFWS,clear creek,temperature,min,7.469
10,2010,clear creek,LCC,USFWS,clear creek,temperature,max,11.783
10,2010,clear creek,LCC,USFWS,clear creek,temperature,mean,9.402916666666666
10,2010,clear creek,LCC,USFWS,clear creek,temperature,min,7.469
10,2010,clear creek,UCC,USFWS,clear creek,temperature,max,10.98
10,2010,clear creek,UCC,USFWS,clear creek,temperature,mean,8.96410119047619
10,2010,clear creek,UCC,USFWS,clear creek,temperature,min,7.368
11,2010,clear creek,LCC,USFWS,clear creek,temperature,max,12.582
11,2010,clear creek,LCC,USFWS,clear creek,temperature,mean,9.621735119047619
11,2010,clear creek,LCC,USFWS,clear creek,temperature,min,6.99
11,2010,clear creek,UCC,USFWS,clear creek,temperature,max,10.565
11,2010,clear creek,UCC,USFWS,clear creek,temperature,mean,8.663921875
11,2010,clear creek,UCC,USFWS,clear creek,temperature,min,7.091
12,2010,clear creek,LCC,USFWS,clear creek,temperature,max,12.847
12,2010,clear creek,LCC,USFWS,clear creek,temperature,mean,10.488747023809523
12,2010,clear creek,LCC,USFWS,clear creek,temperature,min,8.295
12,2010,clear creek,UCC,USFWS,clear creek,temperature,max,11.419
12,2010,clear creek,UCC,USFWS,clear creek,temperature,mean,9.712101654846336
12,2010,clear creek,UCC,USFWS,clear creek,temperature,min,8.22
13,2010,clear creek,LCC,USFWS,clear creek,temperature,max,12.63
13,2010,clear creek,LCC,USFWS,clear creek,temperature,mean,10.084428571428571
13,2010,clear creek,LCC,USFWS,clear creek,temperature,min,7.82
13,2010,clear creek,UCC,USFWS,clear creek,temperature,max,11.273
13,2010,clear creek,UCC,USFWS,clear creek,temperature,mean,9.484702380952381
13,2010,clear creek,UCC,USFWS,clear creek,temperature,min,7.795
14,2010,clear creek,LCC,USFWS,clear creek,temperature,max,13.57
14,2010,clear creek,LCC,USFWS,clear creek,temperature,mean,9.783598214285714
14,2010,clear creek,LCC,USFWS,clear creek,temperature,min,7.544
14,2010,clear creek,UCC,USFWS,clear creek,temperature,max,12.268
14,2010,clear creek,UCC,USFWS,clear creek,temperature,mean,9.263065476190476
14,2010,clear creek,UCC,USFWS,clear creek,temperature,min,7.569
15,2010,clear creek,LCC,USFWS,clear creek,temperature,max,13.04
15,2010,clear creek,LCC,USFWS,clear creek,temperature,mean,10.272267857142857
15,2010,clear creek,LCC,USFWS,clear creek,temperature,min,8.593
15,2010,clear creek,UCC,USFWS,clear creek,temperature,max,12.292
15,2010,clear creek,UCC,USFWS,clear creek,temperature,mean,9.785327380952381
15,2010,clear creek,UCC,USFWS,clear creek,temperature,min,8.543
16,2010,clear creek,LCC,USFWS,clear creek,temperature,max,14.385
16,2010,clear creek,LCC,USFWS,clear creek,temperature,mean,11.611324404761904
16,2010,clear creek,LCC,USFWS,clear creek,temperature,min,9.46
16,2010,clear creek,UCC,USFWS,clear creek,temperature,max,13.257
16,2010,clear creek,UCC,USFWS,clear creek,temperature,mean,10.787252717391304
16,2010,clear creek,UCC,USFWS,clear creek,temperature,min,9.139
17,2010,clear creek,LCC,USFWS,clear creek,temperature,max,15.008
17,2010,clear creek,LCC,USFWS,clear creek,temperature,mean,11.916363095238095
17,2010,clear creek,LCC,USFWS,clear creek,temperature,min,8.742
17,2010,clear creek,UCC,USFWS,clear creek,temperature,max,13.546
17,2010,clear creek,UCC,USFWS,clear creek,temperature,mean,10.959657738095238
17,2010,clear creek,UCC,USFWS,clear creek,temperature,min,8.593
18,2010,clear creek,LCC,USFWS,clear creek,temperature,max,15.199
18,2010,clear creek,LCC,USFWS,clear creek,temperature,mean,12.432470238095238
18,2010,clear creek,LCC,USFWS,clear creek,temperature,min,9.336
18,2010,clear creek,UCC,USFWS,clear creek,temperature,max,13.906
18,2010,clear creek,UCC,USFWS,clear creek,temperature,mean,11.377574404761905
18,2010,clear creek,UCC,USFWS,clear creek,temperature,min,9.064
19,2010,clear creek,LCC,USFWS,clear creek,temperature,max,16.368
19,2010,clear creek,LCC,USFWS,clear creek,temperature,mean,12.616238095238096
19,2010,clear creek,LCC,USFWS,clear creek,temperature,min,9.188
19,2010,clear creek,UCC,USFWS,clear creek,temperature,max,14.505
19,2010,clear creek,UCC,USFWS,clear creek,temperature,mean,11.543988095238095
19,2010,clear creek,UCC,USFWS,clear creek,temperature,min,8.891
20,2010,clear creek,LCC,USFWS,clear creek,temperature,max,16.915
20,2010,clear creek,LCC,USFWS,clear creek,temperature,mean,13.414160714285714
20,2010,clear creek,LCC,USFWS,clear creek,temperature,min,9.977
20,2010,clear creek,UCC,USFWS,clear creek,temperature,max,14.816
20,2010,clear creek,UCC,USFWS,clear creek,temperature,mean,12.112410714285714
20,2010,clear creek,UCC,USFWS,clear creek,temperature,min,9.534
21,2010,clear creek,LCC,USFWS,clear creek,temperature,max,15.581
21,2010,clear creek,LCC,USFWS,clear creek,temperature,mean,11.669255952380952
21,2010,clear creek,LCC,USFWS,clear creek,temperature,min,9.312
21,2010,clear creek,UCC,USFWS,clear creek,temperature,max,13.642
21,2010,clear creek,UCC,USFWS,clear creek,temperature,mean,10.892348214285715
21,2010,clear creek,UCC,USFWS,clear creek,temperature,min,9.04
22,2010,clear creek,LCC,USFWS,clear creek,temperature,max,16.963
22,2010,clear creek,LCC,USFWS,clear creek,temperature,mean,13.684877976190476
22,2010,clear creek,LCC,USFWS,clear creek,temperature,min,10.492
22,2010,clear creek,UCC,USFWS,clear creek,temperature,max,15.055
22,2010,clear creek,UCC,USFWS,clear creek,temperature,mean,12.556383928571428
22,2010,clear creek,UCC,USFWS,clear creek,temperature,min,10.296
23,2010,clear creek,LCC,USFWS,clear creek,temperature,max,18.533
23,2010,clear creek,LCC,USFWS,clear creek,temperature,mean,14.032208333333333
23,2010,clear creek,LCC,USFWS,clear creek,temperature,min,11.175
23,2010,clear creek,UCC,USFWS,clear creek,temperature,max,16.01
23,2010,clear creek,UCC,USFWS,clear creek,temperature,mean,12.750657738095239
23,2010,clear creek,UCC,USFWS,clear creek,temperature,min,11.005
24,2010,clear creek,LCC,USFWS,clear creek,temperature,max,19.912
24,2010,clear creek,LCC,USFWS,clear creek,temperature,mean,15.430095238095237
24,2010,clear creek,LCC,USFWS,clear creek,temperature,min,11.346
24,2010,clear creek,UCC,USFWS,clear creek,temperature,max,16.987
24,2010,clear creek,UCC,USFWS,clear creek,temperature,mean,13.675839285714286
24,2010,clear creek,UCC,USFWS,clear creek,temperature,min,11.102
25,2010,clear creek,LCC,USFWS,clear creek,temperature,max,19.746
25,2010,clear creek,LCC,USFWS,clear creek,temperature,mean,16.364080357142857
25,2010,clear creek,LCC,USFWS,clear creek,temperature,min,13.401
25,2010,clear creek,UCC,USFWS,clear creek,temperature,max,16.439
25,2010,clear creek,UCC,USFWS,clear creek,temperature,mean,14.24977380952381
25,2010,clear creek,UCC,USFWS,clear creek,temperature,min,11.71
26,2010,clear creek,LCC,USFWS,clear creek,temperature,max,21.27
26,2010,clear creek,LCC,USFWS,clear creek,temperature,mean,17.61078869047619
26,2010,clear creek,LCC,USFWS,clear creek,temperature,min,14.17
26,2010,clear creek,UCC,USFWS,clear creek,temperature,max,17.843
26,2010,clear creek,UCC,USFWS,clear creek,temperature,mean,15.023252976190475
26,2010,clear creek,UCC,USFWS,clear creek,temperature,min,12.34
27,2010,clear creek,LCC,USFWS,clear creek,temperature,max,20.913
27,2010,clear creek,LCC,USFWS,clear creek,temperature,mean,17.543431547619047
27,2010,clear creek,LCC,USFWS,clear creek,temperature,min,14.457
27,2010,clear creek,UCC,USFWS,clear creek,temperature,max,17.034
27,2010,clear creek,UCC,USFWS,clear creek,temperature,mean,14.843973214285715
27,2010,clear creek,UCC,USFWS,clear creek,temperature,min,12.268
28,2010,clear creek,LCC,USFWS,clear creek,temperature,max,21.581
28,2010,clear creek,LCC,USFWS,clear creek,temperature,mean,18.26626488095238
28,2010,clear creek,LCC,USFWS,clear creek,temperature,min,15.581
28,2010,clear creek,UCC,USFWS,clear creek,temperature,max,17.415
28,2010,clear creek,UCC,USFWS,clear creek,temperature,mean,15.329017857142857
28,2010,clear creek,UCC,USFWS,clear creek,temperature,min,13.04
29,2010,clear creek,LCC,USFWS,clear creek,temperature,max,21.963
29,2010,clear creek,LCC,USFWS,clear creek,temperature,mean,18.469511904761905
29,2010,clear creek,LCC,USFWS,clear creek,temperature,min,15.485
29,2010,clear creek,UCC,USFWS,clear creek,temperature,max,17.439
29,2010,clear creek,UCC,USFWS,clear creek,temperature,mean,15.359392857142858
29,2010,clear creek,UCC,USFWS,clear creek,temperature,min,12.847
30,2010,clear creek,LCC,USFWS,clear creek,temperature,max,21.987
30,2010,clear creek,LCC,USFWS,clear creek,temperature,mean,18.539348214285713
30,2010,clear creek,LCC,USFWS,clear creek,temperature,min,15.079
30,2010,clear creek,UCC,USFWS,clear creek,temperature,max,17.272
30,2010,clear creek,UCC,USFWS,clear creek,temperature,mean,15.445949404761905
30,2010,clear creek,UCC,USFWS,clear creek,temperature,min,12.606
31,2010,clear creek,LCC,USFWS,clear creek,temperature,max,22.681
31,2010,clear creek,LCC,USFWS,clear creek,temperature,mean,18.38026488095238
31,2010,clear creek,LCC,USFWS,clear creek,temperature,min,15.247
31,2010,clear creek,UCC,USFWS,clear creek,temperature,max,17.391
31,2010,clear creek,UCC,USFWS,clear creek,temperature,mean,15.377181547619047
31,2010,clear creek,UCC,USFWS,clear creek,temperature,min,12.799
32,2010,clear creek,LCC,USFWS,clear creek,temperature,max,23.28
32,2010,clear creek,LCC,USFWS,clear creek,temperature,mean,19.135386904761905
32,2010,clear creek,LCC,USFWS,clear creek,temperature,min,15.629
32,2010,clear creek,UCC,USFWS,clear creek,temperature,max,17.558
32,2010,clear creek,UCC,USFWS,clear creek,temperature,mean,15.925363095238094
32,2010,clear creek,UCC,USFWS,clear creek,temperature,min,14.05
33,2010,clear creek,LCC,USFWS,clear creek,temperature,max,23.472
33,2010,clear creek,LCC,USFWS,clear creek,temperature,mean,19.088559523809522
33,2010,clear creek,LCC,USFWS,clear creek,temperature,min,14.697
33,2010,clear creek,UCC,USFWS,clear creek,temperature,max,17.629
33,2010,clear creek,UCC,USFWS,clear creek,temperature,mean,15.89482142857143
33,2010,clear creek,UCC,USFWS,clear creek,temperature,min,13.497
34,2010,clear creek,LCC,USFWS,clear creek,temperature,max,22.872
34,2010,clear creek,LCC,USFWS,clear creek,temperature,mean,18.569854166666666
34,2010,clear creek,LCC,USFWS,clear creek,temperature,min,15.199
34,2010,clear creek,UCC,USFWS,clear creek,temperature,max,17.201
34,2010,clear creek,UCC,USFWS,clear creek,temperature,mean,15.631428571428572
34,2010,clear creek,UCC,USFWS,clear creek,temperature,min,13.834
35,2010,clear creek,LCC,USFWS,clear creek,temperature,max,22.465
35,2010,clear creek,LCC,USFWS,clear creek,temperature,mean,17.45375
35,2010,clear creek,LCC,USFWS,clear creek,temperature,min,13.834
35,2010,clear creek,UCC,USFWS,clear creek,temperature,max,17.249
35,2010,clear creek,UCC,USFWS,clear creek,temperature,mean,15.0539375
35,2010,clear creek,UCC,USFWS,clear creek,temperature,min,13.088
36,2010,clear creek,LCC,USFWS,clear creek,temperature,max,22.13
36,2010,clear creek,LCC,USFWS,clear creek,temperature,mean,17.270122023809524
36,2010,clear creek,LCC,USFWS,clear creek,temperature,min,13.858
36,2010,clear creek,UCC,USFWS,clear creek,temperature,max,16.844
36,2010,clear creek,UCC,USFWS,clear creek,temperature,mean,14.963113095238095
36,2010,clear creek,UCC,USFWS,clear creek,temperature,min,12.92
37,2010,clear creek,LCC,USFWS,clear creek,temperature,max,19.96
37,2010,clear creek,LCC,USFWS,clear creek,temperature,mean,16.160467261904763
37,2010,clear creek,LCC,USFWS,clear creek,temperature,min,13.401
37,2010,clear creek,UCC,USFWS,clear creek,temperature,max,15.676
37,2010,clear creek,UCC,USFWS,clear creek,temperature,mean,14.378494047619048
37,2010,clear creek,UCC,USFWS,clear creek,temperature,min,12.558
38,2010,clear creek,LCC,USFWS,clear creek,temperature,max,17.724
38,2010,clear creek,LCC,USFWS,clear creek,temperature,mean,14.986711309523809
38,2010,clear creek,LCC,USFWS,clear creek,temperature,min,12.823
38,2010,clear creek,UCC,USFWS,clear creek,temperature,max,15.079
38,2010,clear creek,UCC,USFWS,clear creek,temperature,mean,13.849104166666667
38,2010,clear creek,UCC,USFWS,clear creek,temperature,min,12.534
39,2010,clear creek,LCC,USFWS,clear creek,temperature,max,18.01
39,2010,clear creek,LCC,USFWS,clear creek,temperature,mean,15.156857142857143
39,2010,clear creek,LCC,USFWS,clear creek,temperature,min,12.799
39,2010,clear creek,UCC,USFWS,clear creek,temperature,max,15.915
39,2010,clear creek,UCC,USFWS,clear creek,temperature,mean,14.264184523809524
39,2010,clear creek,UCC,USFWS,clear creek,temperature,min,12.582
40,2010,clear creek,LCC,USFWS,clear creek,temperature,max,17.796
40,2010,clear creek,LCC,USFWS,clear creek,temperature,mean,15.171473214285713
40,2010,clear creek,LCC,USFWS,clear creek,temperature,min,13.016
40,2010,clear creek,UCC,USFWS,clear creek,temperature,max,15.867
40,2010,clear creek,UCC,USFWS,clear creek,temperature,mean,14.476925595238095
40,2010,clear creek,UCC,USFWS,clear creek,temperature,min,13.112
41,2010,clear creek,LCC,USFWS,clear creek,temperature,max,17.486
41,2010,clear creek,LCC,USFWS,clear creek,temperature,mean,14.661345238095238
41,2010,clear creek,LCC,USFWS,clear creek,temperature,min,12.582
41,2010,clear creek,UCC,USFWS,clear creek,temperature,max,15.509
41,2010,clear creek,UCC,USFWS,clear creek,temperature,mean,14.018583333333334
41,2010,clear creek,UCC,USFWS,clear creek,temperature,min,12.558
42,2010,clear creek,LCC,USFWS,clear creek,temperature,max,15.867
42,2010,clear creek,LCC,USFWS,clear creek,temperature,mean,13.9434375
42,2010,clear creek,LCC,USFWS,clear creek,temperature,min,12.219
42,2010,clear creek,UCC,USFWS,clear creek,temperature,max,14.649
42,2010,clear creek,UCC,USFWS,clear creek,temperature,mean,13.487705357142858
42,2010,clear creek,UCC,USFWS,clear creek,temperature,min,12.292
43,2010,clear creek,LCC,USFWS,clear creek,temperature,max,14.122
43,2010,clear creek,LCC,USFWS,clear creek,temperature,mean,12.695360119047619
43,2010,clear creek,LCC,USFWS,clear creek,temperature,min,10.516
43,2010,clear creek,UCC,USFWS,clear creek,temperature,max,13.81
43,2010,clear creek,UCC,USFWS,clear creek,temperature,mean,12.577068452380953
43,2010,clear creek,UCC,USFWS,clear creek,temperature,min,11.175
44,2010,clear creek,LCC,USFWS,clear creek,temperature,max,14.649
44,2010,clear creek,LCC,USFWS,clear creek,temperature,mean,12.961869047619048
44,2010,clear creek,LCC,USFWS,clear creek,temperature,min,11.807
44,2010,clear creek,UCC,USFWS,clear creek,temperature,max,13.69
44,2010,clear creek,UCC,USFWS,clear creek,temperature,mean,12.74325
44,2010,clear creek,UCC,USFWS,clear creek,temperature,min,11.929
45,2010,clear creek,LCC,USFWS,clear creek,temperature,max,14.29
45,2010,clear creek,LCC,USFWS,clear creek,temperature,mean,12.25067857142857
45,2010,clear creek,LCC,USFWS,clear creek,temperature,min,10.32
45,2010,clear creek,UCC,USFWS,clear creek,temperature,max,13.546
45,2010,clear creek,UCC,USFWS,clear creek,temperature,mean,12.220863095238094
45,2010,clear creek,UCC,USFWS,clear creek,temperature,min,10.932
46,2010,clear creek,LCC,USFWS,clear creek,temperature,max,13.93
46,2010,clear creek,LCC,USFWS,clear creek,temperature,mean,11.928267857142858
46,2010,clear creek,LCC,USFWS,clear creek,temperature,min,10.271
46,2010,clear creek,UCC,USFWS,clear creek,temperature,max,13.257
46,2010,clear creek,UCC,USFWS,clear creek,temperature,mean,12.051282738095239
46,2010,clear creek,UCC,USFWS,clear creek,temperature,min,10.907
47,2010,clear creek,LCC,USFWS,clear creek,temperature,max,12.05
47,2010,clear creek,LCC,USFWS,clear creek,temperature,mean,10.387014880952382
47,2010,clear creek,LCC,USFWS,clear creek,temperature,min,8.295
47,2010,clear creek,UCC,USFWS,clear creek,temperature,max,12.074
47,2010,clear creek,UCC,USFWS,clear creek,temperature,mean,10.762083333333333
47,2010,clear creek,UCC,USFWS,clear creek,temperature,min,9.41
48,2010,clear creek,LCC,USFWS,clear creek,temperature,max,10.883
48,2010,clear creek,LCC,USFWS,clear creek,temperature,mean,9.467244047619047
48,2010,clear creek,LCC,USFWS,clear creek,temperature,min,7.67
48,2010,clear creek,UCC,USFWS,clear creek,temperature,max,10.736
48,2010,clear creek,UCC,USFWS,clear creek,temperature,mean,9.846190476190475
48,2010,clear creek,UCC,USFWS,clear creek,temperature,min,8.742
49,2010,clear creek,LCC,USFWS,clear creek,temperature,max,11.2
49,2010,clear creek,LCC,USFWS,clear creek,temperature,mean,10.37219642857143
49,2010,clear creek,LCC,USFWS,clear creek,temperature,min,9.558
49,2010,clear creek,UCC,USFWS,clear creek,temperature,max,10.883
49,2010,clear creek,UCC,USFWS,clear creek,temperature,mean,10.232196428571429
49,2010,clear creek,UCC,USFWS,clear creek,temperature,min,9.583
50,2010,clear creek,LCC,USFWS,clear creek,temperature,max,11.759
50,2010,clear creek,LCC,USFWS,clear creek,temperature,mean,10.188309523809524
50,2010,clear creek,LCC,USFWS,clear creek,temperature,min,7.594
50,2010,clear creek,UCC,USFWS,clear creek,temperature,max,11.175
50,2010,clear creek,UCC,USFWS,clear creek,temperature,mean,10.064654761904762
50,2010,clear creek,UCC,USFWS,clear creek,temperature,min,8.17
51,2010,clear creek,LCC,USFWS,clear creek,temperature,max,10.247
51,2010,clear creek,LCC,USFWS,clear creek,temperature,mean,9.232232142857143
51,2010,clear creek,LCC,USFWS,clear creek,temperature,min,7.67
51,2010,clear creek,UCC,USFWS,clear creek,temperature,max,10.149
51,2010,clear creek,UCC,USFWS,clear creek,temperature,mean,9.217202380952381
51,2010,clear creek,UCC,USFWS,clear creek,temperature,min,8.095
52,2010,clear creek,LCC,USFWS,clear creek,temperature,max,9.829
52,2010,clear creek,LCC,USFWS,clear creek,temperature,mean,9.195925595238096
52,2010,clear creek,LCC,USFWS,clear creek,temperature,min,7.091
52,2010,clear creek,UCC,USFWS,clear creek,temperature,max,9.756
52,2010,clear creek,UCC,USFWS,clear creek,temperature,mean,9.073773809523809
52,2010,clear creek,UCC,USFWS,clear creek,temperature,min,7.242
53,2010,clear creek,LCC,USFWS,clear creek,temperature,max,7.97
53,2010,clear creek,LCC,USFWS,clear creek,temperature,mean,7.469541666666666
53,2010,clear creek,LCC,USFWS,clear creek,temperature,min,6.788
53,2010,clear creek,UCC,USFWS,clear creek,temperature,max,8.22
53,2010,clear creek,UCC,USFWS,clear creek,temperature,mean,7.636479166666667
53,2010,clear creek,UCC,USFWS,clear creek,temperature,min,7.091
1,2011,clear creek,LCC,USFWS,clear creek,temperature,max,9.015
1,2011,clear creek,LCC,USFWS,clear creek,temperature,mean,7.270297619047619
1,2011,clear creek,LCC,USFWS,clear creek,temperature,min,6.026
1,2011,clear creek,UCC,USFWS,clear creek,temperature,max,8.593
1,2011,clear creek,UCC,USFWS,clear creek,temperature,mean,7.394511904761905
1,2011,clear creek,UCC,USFWS,clear creek,temperature,min,6.484
2,2011,clear creek,LCC,USFWS,clear creek,temperature,max,8.99
2,2011,clear creek,LCC,USFWS,clear creek,temperature,mean,7.129372023809524
2,2011,clear creek,LCC,USFWS,clear creek,temperature,min,5.205
2,2011,clear creek,UCC,USFWS,clear creek,temperature,max,8.519
2,2011,clear creek,UCC,USFWS,clear creek,temperature,mean,7.20697619047619
2,2011,clear creek,UCC,USFWS,clear creek,temperature,min,5.872
3,2011,clear creek,LCC,USFWS,clear creek,temperature,max,9.706
3,2011,clear creek,LCC,USFWS,clear creek,temperature,mean,8.206157738095238
3,2011,clear creek,LCC,USFWS,clear creek,temperature,min,6.611
3,2011,clear creek,UCC,USFWS,clear creek,temperature,max,9.114
3,2011,clear creek,UCC,USFWS,clear creek,temperature,mean,7.993363095238095
3,2011,clear creek,UCC,USFWS,clear creek,temperature,min,7.041
4,2011,clear creek,LCC,USFWS,clear creek,temperature,max,9.336
4,2011,clear creek,LCC,USFWS,clear creek,temperature,mean,7.947264880952381
4,2011,clear creek,LCC,USFWS,clear creek,temperature,min,6.535
4,2011,clear creek,UCC,USFWS,clear creek,temperature,max,8.767
4,2011,clear creek,UCC,USFWS,clear creek,temperature,mean,7.859869047619047
4,2011,clear creek,UCC,USFWS,clear creek,temperature,min,6.839
5,2011,clear creek,LCC,USFWS,clear creek,temperature,max,9.583
5,2011,clear creek,LCC,USFWS,clear creek,temperature,mean,7.6165714285714285
5,2011,clear creek,LCC,USFWS,clear creek,temperature,min,5.924
5,2011,clear creek,UCC,USFWS,clear creek,temperature,max,8.841
5,2011,clear creek,UCC,USFWS,clear creek,temperature,mean,7.62397619047619
5,2011,clear creek,UCC,USFWS,clear creek,temperature,min,6.484
6,2011,clear creek,LCC,USFWS,clear creek,temperature,max,10.198
6,2011,clear creek,LCC,USFWS,clear creek,temperature,mean,8.04845238095238
6,2011,clear creek,LCC,USFWS,clear creek,temperature,min,6.281
6,2011,clear creek,UCC,USFWS,clear creek,temperature,max,9.386
6,2011,clear creek,UCC,USFWS,clear creek,temperature,mean,7.874633928571429
6,2011,clear creek,UCC,USFWS,clear creek,temperature,min,6.636
7,2011,clear creek,LCC,USFWS,clear creek,temperature,max,9.534
7,2011,clear creek,LCC,USFWS,clear creek,temperature,mean,7.723202380952381
7,2011,clear creek,LCC,USFWS,clear creek,temperature,min,6.179
7,2011,clear creek,UCC,USFWS,clear creek,temperature,max,8.668
7,2011,clear creek,UCC,USFWS,clear creek,temperature,mean,7.592181547619048
7,2011,clear creek,UCC,USFWS,clear creek,temperature,min,6.255
8,2011,clear creek,LCC,USFWS,clear creek,temperature,max,8.99
8,2011,clear creek,LCC,USFWS,clear creek,temperature,mean,7.490038690476191
8,2011,clear creek,LCC,USFWS,clear creek,temperature,min,5.872
8,2011,clear creek,UCC,USFWS,clear creek,temperature,max,8.419
8,2011,clear creek,UCC,USFWS,clear creek,temperature,mean,7.299836309523809
8,2011,clear creek,UCC,USFWS,clear creek,temperature,min,6.102
9,2011,clear creek,LCC,USFWS,clear creek,temperature,max,9.805
9,2011,clear creek,LCC,USFWS,clear creek,temperature,mean,7.839377976190476
9,2011,clear creek,LCC,USFWS,clear creek,temperature,min,5.539
9,2011,clear creek,UCC,USFWS,clear creek,temperature,max,9.386
9,2011,clear creek,UCC,USFWS,clear creek,temperature,mean,7.572166666666667
9,2011,clear creek,UCC,USFWS,clear creek,temperature,min,5.745
10,2011,clear creek,LCC,USFWS,clear creek,temperature,max,10.98
10,2011,clear creek,LCC,USFWS,clear creek,temperature,mean,9.159672619047619
10,2011,clear creek,LCC,USFWS,clear creek,temperature,min,7.845
10,2011,clear creek,UCC,USFWS,clear creek,temperature,max,9.903
10,2011,clear creek,UCC,USFWS,clear creek,temperature,mean,8.617059523809523
10,2011,clear creek,UCC,USFWS,clear creek,temperature,min,7.444
11,2011,clear creek,LCC,USFWS,clear creek,temperature,max,11.2
11,2011,clear creek,LCC,USFWS,clear creek,temperature,mean,9.141872023809524
11,2011,clear creek,LCC,USFWS,clear creek,temperature,min,7.645
11,2011,clear creek,UCC,USFWS,clear creek,temperature,max,10.443
11,2011,clear creek,UCC,USFWS,clear creek,temperature,mean,8.772794642857143
11,2011,clear creek,UCC,USFWS,clear creek,temperature,min,7.444
12,2011,clear creek,LCC,USFWS,clear creek,temperature,max,10.32
12,2011,clear creek,LCC,USFWS,clear creek,temperature,mean,8.853038690476192
12,2011,clear creek,LCC,USFWS,clear creek,temperature,min,7.544
12,2011,clear creek,UCC,USFWS,clear creek,temperature,max,9.928
12,2011,clear creek,UCC,USFWS,clear creek,temperature,mean,8.571169642857143
12,2011,clear creek,UCC,USFWS,clear creek,temperature,min,7.142
13,2011,clear creek,LCC,USFWS,clear creek,temperature,max,13.425
13,2011,clear creek,LCC,USFWS,clear creek,temperature,mean,10.259223214285715
13,2011,clear creek,LCC,USFWS,clear creek,temperature,min,7.845
13,2011,clear creek,UCC,USFWS,clear creek,temperature,max,12.606
13,2011,clear creek,UCC,USFWS,clear creek,temperature,mean,9.711958333333333
13,2011,clear creek,UCC,USFWS,clear creek,temperature,min,7.569
14,2011,clear creek,LCC,USFWS,clear creek,temperature,max,13.281
14,2011,clear creek,LCC,USFWS,clear creek,temperature,mean,10.51163392857143
14,2011,clear creek,LCC,USFWS,clear creek,temperature,min,7.469
14,2011,clear creek,UCC,USFWS,clear creek,temperature,max,12.147
14,2011,clear creek,UCC,USFWS,clear creek,temperature,mean,9.643520833333334
14,2011,clear creek,UCC,USFWS,clear creek,temperature,min,7.242
15,2011,clear creek,LCC,USFWS,clear creek,temperature,max,13.449
15,2011,clear creek,LCC,USFWS,clear creek,temperature,mean,10.65678869047619
15,2011,clear creek,LCC,USFWS,clear creek,temperature,min,8.045
15,2011,clear creek,UCC,USFWS,clear creek,temperature,max,12.122
15,2011,clear creek,UCC,USFWS,clear creek,temperature,mean,9.756258928571429
15,2011,clear creek,UCC,USFWS,clear creek,temperature,min,7.645
16,2011,clear creek,LCC,USFWS,clear creek,temperature,max,13.954
16,2011,clear creek,LCC,USFWS,clear creek,temperature,mean,11.47622619047619
16,2011,clear creek,LCC,USFWS,clear creek,temperature,min,9.287
16,2011,clear creek,UCC,USFWS,clear creek,temperature,max,12.316
16,2011,clear creek,UCC,USFWS,clear creek,temperature,mean,10.463517857142858
16,2011,clear creek,UCC,USFWS,clear creek,temperature,min,8.841
17,2011,clear creek,LCC,USFWS,clear creek,temperature,max,14.697
17,2011,clear creek,LCC,USFWS,clear creek,temperature,mean,11.62435119047619
17,2011,clear creek,LCC,USFWS,clear creek,temperature,min,8.792
17,2011,clear creek,UCC,USFWS,clear creek,temperature,max,13.04
17,2011,clear creek,UCC,USFWS,clear creek,temperature,mean,10.540333333333333
17,2011,clear creek,UCC,USFWS,clear creek,temperature,min,8.394
18,2011,clear creek,LCC,USFWS,clear creek,temperature,max,16.106
18,2011,clear creek,LCC,USFWS,clear creek,temperature,mean,12.604425595238094
18,2011,clear creek,LCC,USFWS,clear creek,temperature,min,8.668
18,2011,clear creek,UCC,USFWS,clear creek,temperature,max,13.906
18,2011,clear creek,UCC,USFWS,clear creek,temperature,mean,11.255729166666667
18,2011,clear creek,UCC,USFWS,clear creek,temperature,min,8.419
19,2011,clear creek,LCC,USFWS,clear creek,temperature,max,16.32
19,2011,clear creek,LCC,USFWS,clear creek,temperature,mean,12.898892857142856
19,2011,clear creek,LCC,USFWS,clear creek,temperature,min,9.879
19,2011,clear creek,UCC,USFWS,clear creek,temperature,max,13.978
19,2011,clear creek,UCC,USFWS,clear creek,temperature,mean,11.487059523809524
19,2011,clear creek,UCC,USFWS,clear creek,temperature,min,9.336
20,2011,clear creek,LCC,USFWS,clear creek,temperature,max,16.654
20,2011,clear creek,LCC,USFWS,clear creek,temperature,mean,12.028580357142857
20,2011,clear creek,LCC,USFWS,clear creek,temperature,min,9.829
20,2011,clear creek,UCC,USFWS,clear creek,temperature,max,14.625
20,2011,clear creek,UCC,USFWS,clear creek,temperature,mean,11.021678571428572
20,2011,clear creek,UCC,USFWS,clear creek,temperature,min,9.435
21,2011,clear creek,LCC,USFWS,clear creek,temperature,max,17.344
21,2011,clear creek,LCC,USFWS,clear creek,temperature,mean,12.529145453394124
21,2011,clear creek,LCC,USFWS,clear creek,temperature,min,10.1
21,2011,clear creek,UCC,USFWS,clear creek,temperature,max,14.745
21,2011,clear creek,UCC,USFWS,clear creek,temperature,mean,11.352392857142858
21,2011,clear creek,UCC,USFWS,clear creek,temperature,min,9.977
22,2011,clear creek,LCC,USFWS,clear creek,temperature,max,15.39
22,2011,clear creek,LCC,USFWS,clear creek,temperature,mean,12.06202380952381
22,2011,clear creek,LCC,USFWS,clear creek,temperature,min,9.756
22,2011,clear creek,UCC,USFWS,clear creek,temperature,max,13.81
22,2011,clear creek,UCC,USFWS,clear creek,temperature,mean,11.196238095238096
22,2011,clear creek,UCC,USFWS,clear creek,temperature,min,9.583
23,2011,clear creek,LCC,USFWS,clear creek,temperature,max,16.153
23,2011,clear creek,LCC,USFWS,clear creek,temperature,mean,12.890622023809524
23,2011,clear creek,LCC,USFWS,clear creek,temperature,min,10.956
23,2011,clear creek,UCC,USFWS,clear creek,temperature,max,14.433
23,2011,clear creek,UCC,USFWS,clear creek,temperature,mean,11.937610309017224
23,2011,clear creek,UCC,USFWS,clear creek,temperature,min,10.663
24,2011,clear creek,LCC,USFWS,clear creek,temperature,max,19.651
24,2011,clear creek,LCC,USFWS,clear creek,temperature,mean,15.676252976190476
24,2011,clear creek,LCC,USFWS,clear creek,temperature,min,11.904
24,2011,clear creek,UCC,USFWS,clear creek,temperature,max,16.939
24,2011,clear creek,UCC,USFWS,clear creek,temperature,mean,13.916482142857143
24,2011,clear creek,UCC,USFWS,clear creek,temperature,min,11.419
25,2011,clear creek,LCC,USFWS,clear creek,temperature,max,21.246
25,2011,clear creek,LCC,USFWS,clear creek,temperature,mean,17.443693452380952
25,2011,clear creek,LCC,USFWS,clear creek,temperature,min,14.074
25,2011,clear creek,UCC,USFWS,clear creek,temperature,max,17.653
25,2011,clear creek,UCC,USFWS,clear creek,temperature,mean,15.076571428571429
25,2011,clear creek,UCC,USFWS,clear creek,temperature,min,12.316
26,2011,clear creek,LCC,USFWS,clear creek,temperature,max,20.865
26,2011,clear creek,LCC,USFWS,clear creek,temperature,mean,17.15251488095238
26,2011,clear creek,LCC,USFWS,clear creek,temperature,min,14.29
26,2011,clear creek,UCC,USFWS,clear creek,temperature,max,17.201
26,2011,clear creek,UCC,USFWS,clear creek,temperature,mean,14.847130952380953
26,2011,clear creek,UCC,USFWS,clear creek,temperature,min,12.074
27,2011,clear creek,LCC,USFWS,clear creek,temperature,max,22.345
27,2011,clear creek,LCC,USFWS,clear creek,temperature,mean,18.54041964285714
27,2011,clear creek,LCC,USFWS,clear creek,temperature,min,15.318
27,2011,clear creek,UCC,USFWS,clear creek,temperature,max,17.272
27,2011,clear creek,UCC,USFWS,clear creek,temperature,mean,15.314354166666666
27,2011,clear creek,UCC,USFWS,clear creek,temperature,min,12.461
28,2011,clear creek,LCC,USFWS,clear creek,temperature,max,22.106
28,2011,clear creek,LCC,USFWS,clear creek,temperature,mean,18.425973214285715
28,2011,clear creek,LCC,USFWS,clear creek,temperature,min,15.199
28,2011,clear creek,UCC,USFWS,clear creek,temperature,max,17.082
28,2011,clear creek,UCC,USFWS,clear creek,temperature,mean,15.131654761904763
28,2011,clear creek,UCC,USFWS,clear creek,temperature,min,12.485
29,2011,clear creek,LCC,USFWS,clear creek,temperature,max,22.058
29,2011,clear creek,LCC,USFWS,clear creek,temperature,mean,17.797122023809525
29,2011,clear creek,LCC,USFWS,clear creek,temperature,min,14.218
29,2011,clear creek,UCC,USFWS,clear creek,temperature,max,16.963
29,2011,clear creek,UCC,USFWS,clear creek,temperature,mean,14.727675595238095
29,2011,clear creek,UCC,USFWS,clear creek,temperature,min,12.485
30,2011,clear creek,LCC,USFWS,clear creek,temperature,max,22.082
30,2011,clear creek,LCC,USFWS,clear creek,temperature,mean,18.50555357142857
30,2011,clear creek,LCC,USFWS,clear creek,temperature,min,15.342
30,2011,clear creek,UCC,USFWS,clear creek,temperature,max,16.844
30,2011,clear creek,UCC,USFWS,clear creek,temperature,mean,15.140383928571428
30,2011,clear creek,UCC,USFWS,clear creek,temperature,min,12.703
31,2011,clear creek,LCC,USFWS,clear creek,temperature,max,22.226
31,2011,clear creek,LCC,USFWS,clear creek,temperature,mean,18.493580357142857
31,2011,clear creek,LCC,USFWS,clear creek,temperature,min,15.366
31,2011,clear creek,UCC,USFWS,clear creek,temperature,max,16.987
31,2011,clear creek,UCC,USFWS,clear creek,temperature,mean,15.140529761904762
31,2011,clear creek,UCC,USFWS,clear creek,temperature,min,12.703
32,2011,clear creek,LCC,USFWS,clear creek,temperature,max,21.604
32,2011,clear creek,LCC,USFWS,clear creek,temperature,mean,18.225502976190477
32,2011,clear creek,LCC,USFWS,clear creek,temperature,min,15.485
32,2011,clear creek,UCC,USFWS,clear creek,temperature,max,16.511
32,2011,clear creek,UCC,USFWS,clear creek,temperature,mean,15.010863095238095
32,2011,clear creek,UCC,USFWS,clear creek,temperature,min,12.871
33,2011,clear creek,LCC,USFWS,clear creek,temperature,max,21.533
33,2011,clear creek,LCC,USFWS,clear creek,temperature,mean,17.979877976190476
33,2011,clear creek,LCC,USFWS,clear creek,temperature,min,14.792
33,2011,clear creek,UCC,USFWS,clear creek,temperature,max,16.463
33,2011,clear creek,UCC,USFWS,clear creek,temperature,mean,14.918407738095238
33,2011,clear creek,UCC,USFWS,clear creek,temperature,min,12.606
34,2011,clear creek,LCC,USFWS,clear creek,temperature,max,21.27
34,2011,clear creek,LCC,USFWS,clear creek,temperature,mean,17.413300595238095
34,2011,clear creek,LCC,USFWS,clear creek,temperature,min,14.673
34,2011,clear creek,UCC,USFWS,clear creek,temperature,max,16.249
34,2011,clear creek,UCC,USFWS,clear creek,temperature,mean,14.606416666666666
34,2011,clear creek,UCC,USFWS,clear creek,temperature,min,12.461
35,2011,clear creek,LCC,USFWS,clear creek,temperature,max,20.674
35,2011,clear creek,LCC,USFWS,clear creek,temperature,mean,17.271497023809523
35,2011,clear creek,LCC,USFWS,clear creek,temperature,min,14.529
35,2011,clear creek,UCC,USFWS,clear creek,temperature,max,16.034
35,2011,clear creek,UCC,USFWS,clear creek,temperature,mean,14.66091369047619
35,2011,clear creek,UCC,USFWS,clear creek,temperature,min,12.582
36,2011,clear creek,LCC,USFWS,clear creek,temperature,max,20.198
36,2011,clear creek,LCC,USFWS,clear creek,temperature,mean,16.875190476190475
36,2011,clear creek,LCC,USFWS,clear creek,temperature,min,14.29
36,2011,clear creek,UCC,USFWS,clear creek,temperature,max,16.201
36,2011,clear creek,UCC,USFWS,clear creek,temperature,mean,14.55438392857143
36,2011,clear creek,UCC,USFWS,clear creek,temperature,min,12.558
37,2011,clear creek,LCC,USFWS,clear creek,temperature,max,20.198
37,2011,clear creek,LCC,USFWS,clear creek,temperature,mean,16.892627976190475
37,2011,clear creek,LCC,USFWS,clear creek,temperature,min,14.002
37,2011,clear creek,UCC,USFWS,clear creek,temperature,max,16.034
37,2011,clear creek,UCC,USFWS,clear creek,temperature,mean,14.730544642857144
37,2011,clear creek,UCC,USFWS,clear creek,temperature,min,13.088
38,2011,clear creek,LCC,USFWS,clear creek,temperature,max,17.605
38,2011,clear creek,LCC,USFWS,clear creek,temperature,mean,15.132214285714285
38,2011,clear creek,LCC,USFWS,clear creek,temperature,min,12.847
38,2011,clear creek,UCC,USFWS,clear creek,temperature,max,15.342
38,2011,clear creek,UCC,USFWS,clear creek,temperature,mean,13.870130952380952
38,2011,clear creek,UCC,USFWS,clear creek,temperature,min,12.389
39,2011,clear creek,LCC,USFWS,clear creek,temperature,max,17.486
39,2011,clear creek,LCC,USFWS,clear creek,temperature,mean,15.022065476190477
39,2011,clear creek,LCC,USFWS,clear creek,temperature,min,13.064
39,2011,clear creek,UCC,USFWS,clear creek,temperature,max,15.39
39,2011,clear creek,UCC,USFWS,clear creek,temperature,mean,14.053803571428572
39,2011,clear creek,UCC,USFWS,clear creek,temperature,min,12.823
40,2011,clear creek,LCC,USFWS,clear creek,temperature,max,15.318
40,2011,clear creek,LCC,USFWS,clear creek,temperature,mean,13.59019642857143
40,2011,clear creek,LCC,USFWS,clear creek,temperature,min,11.734
40,2011,clear creek,UCC,USFWS,clear creek,temperature,max,14.242
40,2011,clear creek,UCC,USFWS,clear creek,temperature,mean,13.189633928571428
40,2011,clear creek,UCC,USFWS,clear creek,temperature,min,11.977
41,2011,clear creek,LCC,USFWS,clear creek,temperature,max,15.557
41,2011,clear creek,LCC,USFWS,clear creek,temperature,mean,13.547232142857142
41,2011,clear creek,LCC,USFWS,clear creek,temperature,min,11.88
41,2011,clear creek,UCC,USFWS,clear creek,temperature,max,14.026
41,2011,clear creek,UCC,USFWS,clear creek,temperature,mean,12.907639880952381
41,2011,clear creek,UCC,USFWS,clear creek,temperature,min,11.88
42,2011,clear creek,LCC,USFWS,clear creek,temperature,max,15.676
42,2011,clear creek,LCC,USFWS,clear creek,temperature,mean,13.577797619047619
42,2011,clear creek,LCC,USFWS,clear creek,temperature,min,11.88
42,2011,clear creek,UCC,USFWS,clear creek,temperature,max,13.978
42,2011,clear creek,UCC,USFWS,clear creek,temperature,mean,12.877377976190477
42,2011,clear creek,UCC,USFWS,clear creek,temperature,min,11.783
43,2011,clear creek,LCC,USFWS,clear creek,temperature,max,14.984
43,2011,clear creek,LCC,USFWS,clear creek,temperature,mean,12.406154761904762
43,2011,clear creek,LCC,USFWS,clear creek,temperature,min,10.222
43,2011,clear creek,UCC,USFWS,clear creek,temperature,max,13.642
43,2011,clear creek,UCC,USFWS,clear creek,temperature,mean,12.126574404761904
43,2011,clear creek,UCC,USFWS,clear creek,temperature,min,10.638
44,2011,clear creek,LCC,USFWS,clear creek,temperature,max,14.026
44,2011,clear creek,LCC,USFWS,clear creek,temperature,mean,11.411017857142857
44,2011,clear creek,LCC,USFWS,clear creek,temperature,min,9.509
44,2011,clear creek,UCC,USFWS,clear creek,temperature,max,12.847
44,2011,clear creek,UCC,USFWS,clear creek,temperature,mean,11.301366071428571
44,2011,clear creek,UCC,USFWS,clear creek,temperature,min,9.903
45,2011,clear creek,LCC,USFWS,clear creek,temperature,max,11.273
45,2011,clear creek,LCC,USFWS,clear creek,temperature,mean,9.94141369047619
45,2011,clear creek,LCC,USFWS,clear creek,temperature,min,8.419
45,2011,clear creek,UCC,USFWS,clear creek,temperature,max,10.98
45,2011,clear creek,UCC,USFWS,clear creek,temperature,mean,10.122571428571428
45,2011,clear creek,UCC,USFWS,clear creek,temperature,min,8.916
46,2011,clear creek,LCC,USFWS,clear creek,temperature,max,11.516
46,2011,clear creek,LCC,USFWS,clear creek,temperature,mean,10.036217261904762
46,2011,clear creek,LCC,USFWS,clear creek,temperature,min,8.568
46,2011,clear creek,UCC,USFWS,clear creek,temperature,max,10.761
46,2011,clear creek,UCC,USFWS,clear creek,temperature,mean,9.93702380952381
46,2011,clear creek,UCC,USFWS,clear creek,temperature,min,8.99
47,2011,clear creek,LCC,USFWS,clear creek,temperature,max,10.956
47,2011,clear creek,LCC,USFWS,clear creek,temperature,mean,9.563404761904762
47,2011,clear creek,LCC,USFWS,clear creek,temperature,min,7.645
47,2011,clear creek,UCC,USFWS,clear creek,temperature,max,10.149
47,2011,clear creek,UCC,USFWS,clear creek,temperature,mean,9.536630952380953
47,2011,clear creek,UCC,USFWS,clear creek,temperature,min,8.295
48,2011,clear creek,LCC,USFWS,clear creek,temperature,max,10.59
48,2011,clear creek,LCC,USFWS,clear creek,temperature,mean,8.895860119047619
48,2011,clear creek,LCC,USFWS,clear creek,temperature,min,7.318
48,2011,clear creek,UCC,USFWS,clear creek,temperature,max,10.026
48,2011,clear creek,UCC,USFWS,clear creek,temperature,mean,8.97717857142857
48,2011,clear creek,UCC,USFWS,clear creek,temperature,min,7.87
49,2011,clear creek,LCC,USFWS,clear creek,temperature,max,8.891
49,2011,clear creek,LCC,USFWS,clear creek,temperature,mean,7.629872023809524
49,2011,clear creek,LCC,USFWS,clear creek,temperature,min,6.458
49,2011,clear creek,UCC,USFWS,clear creek,temperature,max,8.891
49,2011,clear creek,UCC,USFWS,clear creek,temperature,mean,7.951014880952381
49,2011,clear creek,UCC,USFWS,clear creek,temperature,min,7.116
50,2011,clear creek,LCC,USFWS,clear creek,temperature,max,8.742
50,2011,clear creek,LCC,USFWS,clear creek,temperature,mean,7.252113095238095
50,2011,clear creek,LCC,USFWS,clear creek,temperature,min,5.745
50,2011,clear creek,UCC,USFWS,clear creek,temperature,max,8.419
50,2011,clear creek,UCC,USFWS,clear creek,temperature,mean,7.571892857142857
50,2011,clear creek,UCC,USFWS,clear creek,temperature,min,6.56
51,2011,clear creek,LCC,USFWS,clear creek,temperature,max,8.891
51,2011,clear creek,LCC,USFWS,clear creek,temperature,mean,7.168660714285714
51,2011,clear creek,LCC,USFWS,clear creek,temperature,min,5.591
51,2011,clear creek,UCC,USFWS,clear creek,temperature,max,8.444
51,2011,clear creek,UCC,USFWS,clear creek,temperature,mean,7.408142857142857
51,2011,clear creek,UCC,USFWS,clear creek,temperature,min,6.306
52,2011,clear creek,LCC,USFWS,clear creek,temperature,max,8.717
52,2011,clear creek,LCC,USFWS,clear creek,temperature,mean,7.173386904761905
52,2011,clear creek,LCC,USFWS,clear creek,temperature,min,5.668
52,2011,clear creek,UCC,USFWS,clear creek,temperature,max,8.195
52,2011,clear creek,UCC,USFWS,clear creek,temperature,mean,7.360476190476191
52,2011,clear creek,UCC,USFWS,clear creek,temperature,min,6.382
53,2011,clear creek,LCC,USFWS,clear creek,temperature,max,7.67
53,2011,clear creek,LCC,USFWS,clear creek,temperature,mean,6.77
53,2011,clear creek,LCC,USFWS,clear creek,temperature,min,5.872
53,2011,clear creek,UCC,USFWS,clear creek,temperature,max,7.619
53,2011,clear creek,UCC,USFWS,clear creek,temperature,mean,6.984
53,2011,clear creek,UCC,USFWS,clear creek,temperature,min,6.458
1,2012,clear creek,LCC,USFWS,clear creek,temperature,max,8.27
1,2012,clear creek,LCC,USFWS,clear creek,temperature,mean,6.991116071428571
1,2012,clear creek,LCC,USFWS,clear creek,temperature,min,6.026
1,2012,clear creek,UCC,USFWS,clear creek,temperature,max,7.995
1,2012,clear creek,UCC,USFWS,clear creek,temperature,mean,7.187955357142857
1,2012,clear creek,UCC,USFWS,clear creek,temperature,min,6.509
2,2012,clear creek,LCC,USFWS,clear creek,temperature,max,8.145
2,2012,clear creek,LCC,USFWS,clear creek,temperature,mean,6.684526785714286
2,2012,clear creek,LCC,USFWS,clear creek,temperature,min,5.385
2,2012,clear creek,UCC,USFWS,clear creek,temperature,max,7.87
2,2012,clear creek,UCC,USFWS,clear creek,temperature,mean,7.020169642857143
2,2012,clear creek,UCC,USFWS,clear creek,temperature,min,6.102
3,2012,clear creek,LCC,USFWS,clear creek,temperature,max,8.344
3,2012,clear creek,LCC,USFWS,clear creek,temperature,mean,6.2745565476190475
3,2012,clear creek,LCC,USFWS,clear creek,temperature,min,4.428
3,2012,clear creek,UCC,USFWS,clear creek,temperature,max,7.318
3,2012,clear creek,UCC,USFWS,clear creek,temperature,mean,6.582863095238095
3,2012,clear creek,UCC,USFWS,clear creek,temperature,min,5.514
4,2012,clear creek,LCC,USFWS,clear creek,temperature,max,8.543
4,2012,clear creek,LCC,USFWS,clear creek,temperature,mean,6.892133928571428
4,2012,clear creek,LCC,USFWS,clear creek,temperature,min,5.128
4,2012,clear creek,UCC,USFWS,clear creek,temperature,max,7.318
4,2012,clear creek,UCC,USFWS,clear creek,temperature,mean,6.534031150793651
4,2012,clear creek,UCC,USFWS,clear creek,temperature,min,5.514
5,2012,clear creek,LCC,USFWS,clear creek,temperature,max,8.543
5,2012,clear creek,LCC,USFWS,clear creek,temperature,mean,6.695714285714286
5,2012,clear creek,LCC,USFWS,clear creek,temperature,min,5.076
5,2012,clear creek,UCC,USFWS,clear creek,temperature,max,7.544
5,2012,clear creek,UCC,USFWS,clear creek,temperature,mean,6.4514817967884825
5,2012,clear creek,UCC,USFWS,clear creek,temperature,min,5.411
6,2012,clear creek,LCC,USFWS,clear creek,temperature,max,9.41
6,2012,clear creek,LCC,USFWS,clear creek,temperature,mean,7.175455357142857
6,2012,clear creek,LCC,USFWS,clear creek,temperature,min,5.102
6,2012,clear creek,UCC,USFWS,clear creek,temperature,max,7.97
6,2012,clear creek,UCC,USFWS,clear creek,temperature,mean,6.8248452380952385
6,2012,clear creek,UCC,USFWS,clear creek,temperature,min,5.437
7,2012,clear creek,LCC,USFWS,clear creek,temperature,max,9.139
7,2012,clear creek,LCC,USFWS,clear creek,temperature,mean,7.171630952380952
7,2012,clear creek,LCC,USFWS,clear creek,temperature,min,5.539
7,2012,clear creek,UCC,USFWS,clear creek,temperature,max,8.045
7,2012,clear creek,UCC,USFWS,clear creek,temperature,mean,6.865172619047619
7,2012,clear creek,UCC,USFWS,clear creek,temperature,min,5.77
8,2012,clear creek,LCC,USFWS,clear creek,temperature,max,10.614
8,2012,clear creek,LCC,USFWS,clear creek,temperature,mean,7.916479166666667
8,2012,clear creek,LCC,USFWS,clear creek,temperature,min,5.847
8,2012,clear creek,UCC,USFWS,clear creek,temperature,max,8.866
8,2012,clear creek,UCC,USFWS,clear creek,temperature,mean,7.465818452380952
8,2012,clear creek,UCC,USFWS,clear creek,temperature,min,6.077
9,2012,clear creek,LCC,USFWS,clear creek,temperature,max,11.053
9,2012,clear creek,LCC,USFWS,clear creek,temperature,mean,7.757973214285714
9,2012,clear creek,LCC,USFWS,clear creek,temperature,min,6.077
9,2012,clear creek,UCC,USFWS,clear creek,temperature,max,9.608
9,2012,clear creek,UCC,USFWS,clear creek,temperature,mean,7.603059523809524
9,2012,clear creek,UCC,USFWS,clear creek,temperature,min,6.408
10,2012,clear creek,LCC,USFWS,clear creek,temperature,max,11.078
10,2012,clear creek,LCC,USFWS,clear creek,temperature,mean,8.711622023809523
10,2012,clear creek,LCC,USFWS,clear creek,temperature,min,6.153
10,2012,clear creek,UCC,USFWS,clear creek,temperature,max,9.731
10,2012,clear creek,UCC,USFWS,clear creek,temperature,mean,8.176116071428572
10,2012,clear creek,UCC,USFWS,clear creek,temperature,min,6.458
11,2012,clear creek,LCC,USFWS,clear creek,temperature,max,11.248
11,2012,clear creek,LCC,USFWS,clear creek,temperature,mean,9.06375
11,2012,clear creek,LCC,USFWS,clear creek,temperature,min,6.813
11,2012,clear creek,UCC,USFWS,clear creek,temperature,max,10.271
11,2012,clear creek,UCC,USFWS,clear creek,temperature,mean,8.623958333333334
11,2012,clear creek,UCC,USFWS,clear creek,temperature,min,6.839
12,2012,clear creek,LCC,USFWS,clear creek,temperature,max,11.078
12,2012,clear creek,LCC,USFWS,clear creek,temperature,mean,8.77245238095238
12,2012,clear creek,LCC,USFWS,clear creek,temperature,min,6.737
12,2012,clear creek,UCC,USFWS,clear creek,temperature,max,9.854
12,2012,clear creek,UCC,USFWS,clear creek,temperature,mean,8.377568452380952
12,2012,clear creek,UCC,USFWS,clear creek,temperature,min,6.763
13,2012,clear creek,LCC,USFWS,clear creek,temperature,max,10.638
13,2012,clear creek,LCC,USFWS,clear creek,temperature,mean,9.144604166666667
13,2012,clear creek,LCC,USFWS,clear creek,temperature,min,7.895
13,2012,clear creek,UCC,USFWS,clear creek,temperature,max,10.345
13,2012,clear creek,UCC,USFWS,clear creek,temperature,mean,8.86995238095238
13,2012,clear creek,UCC,USFWS,clear creek,temperature,min,7.619
14,2012,clear creek,LCC,USFWS,clear creek,temperature,max,11.589
14,2012,clear creek,LCC,USFWS,clear creek,temperature,mean,9.46275
14,2012,clear creek,LCC,USFWS,clear creek,temperature,min,7.167
14,2012,clear creek,UCC,USFWS,clear creek,temperature,max,10.785
14,2012,clear creek,UCC,USFWS,clear creek,temperature,mean,8.924127976190476
14,2012,clear creek,UCC,USFWS,clear creek,temperature,min,7.142
15,2012,clear creek,LCC,USFWS,clear creek,temperature,max,12.582
15,2012,clear creek,LCC,USFWS,clear creek,temperature,mean,9.943360119047618
15,2012,clear creek,LCC,USFWS,clear creek,temperature,min,8.07
15,2012,clear creek,UCC,USFWS,clear creek,temperature,max,11.904
15,2012,clear creek,UCC,USFWS,clear creek,temperature,mean,9.385559523809524
15,2012,clear creek,UCC,USFWS,clear creek,temperature,min,7.87
16,2012,clear creek,LCC,USFWS,clear creek,temperature,max,15.963
16,2012,clear creek,LCC,USFWS,clear creek,temperature,mean,12.029446428571429
16,2012,clear creek,LCC,USFWS,clear creek,temperature,min,9.188
16,2012,clear creek,UCC,USFWS,clear creek,temperature,max,13.906
16,2012,clear creek,UCC,USFWS,clear creek,temperature,mean,10.938279761904761
16,2012,clear creek,UCC,USFWS,clear creek,temperature,min,8.891
17,2012,clear creek,LCC,USFWS,clear creek,temperature,max,16.344
17,2012,clear creek,LCC,USFWS,clear creek,temperature,mean,12.551785714285714
17,2012,clear creek,LCC,USFWS,clear creek,temperature,min,9.089
17,2012,clear creek,UCC,USFWS,clear creek,temperature,max,14.194
17,2012,clear creek,UCC,USFWS,clear creek,temperature,mean,11.1705625
17,2012,clear creek,UCC,USFWS,clear creek,temperature,min,8.568
18,2012,clear creek,LCC,USFWS,clear creek,temperature,max,15.581
18,2012,clear creek,LCC,USFWS,clear creek,temperature,mean,12.174443452380952
18,2012,clear creek,LCC,USFWS,clear creek,temperature,min,9.657
18,2012,clear creek,UCC,USFWS,clear creek,temperature,max,13.57
18,2012,clear creek,UCC,USFWS,clear creek,temperature,mean,10.805717261904762
18,2012,clear creek,UCC,USFWS,clear creek,temperature,min,8.941
19,2012,clear creek,LCC,USFWS,clear creek,temperature,max,16.511
19,2012,clear creek,LCC,USFWS,clear creek,temperature,mean,13.232845238095237
19,2012,clear creek,LCC,USFWS,clear creek,temperature,min,10.124
19,2012,clear creek,UCC,USFWS,clear creek,temperature,max,14.05
19,2012,clear creek,UCC,USFWS,clear creek,temperature,mean,11.520020833333334
19,2012,clear creek,UCC,USFWS,clear creek,temperature,min,9.361
20,2012,clear creek,LCC,USFWS,clear creek,temperature,max,17.058
20,2012,clear creek,LCC,USFWS,clear creek,temperature,mean,13.595020833333333
20,2012,clear creek,LCC,USFWS,clear creek,temperature,min,10.443
20,2012,clear creek,UCC,USFWS,clear creek,temperature,max,14.481
20,2012,clear creek,UCC,USFWS,clear creek,temperature,mean,11.774779761904762
20,2012,clear creek,UCC,USFWS,clear creek,temperature,min,9.583
21,2012,clear creek,LCC,USFWS,clear creek,temperature,max,17.011
21,2012,clear creek,LCC,USFWS,clear creek,temperature,mean,12.518913690476191
21,2012,clear creek,LCC,USFWS,clear creek,temperature,min,9.756
21,2012,clear creek,UCC,USFWS,clear creek,temperature,max,14.385
21,2012,clear creek,UCC,USFWS,clear creek,temperature,mean,11.150565476190476
21,2012,clear creek,UCC,USFWS,clear creek,temperature,min,9.558
22,2012,clear creek,LCC,USFWS,clear creek,temperature,max,18.461
22,2012,clear creek,LCC,USFWS,clear creek,temperature,mean,14.287291666666667
22,2012,clear creek,LCC,USFWS,clear creek,temperature,min,10.883
22,2012,clear creek,UCC,USFWS,clear creek,temperature,max,15.294
22,2012,clear creek,UCC,USFWS,clear creek,temperature,mean,12.246324404761905
22,2012,clear creek,UCC,USFWS,clear creek,temperature,min,9.805
23,2012,clear creek,LCC,USFWS,clear creek,temperature,max,17.463
23,2012,clear creek,LCC,USFWS,clear creek,temperature,mean,12.426107142857143
23,2012,clear creek,LCC,USFWS,clear creek,temperature,min,10.345
23,2012,clear creek,UCC,USFWS,clear creek,temperature,max,14.457
23,2012,clear creek,UCC,USFWS,clear creek,temperature,mean,11.371130952380952
23,2012,clear creek,UCC,USFWS,clear creek,temperature,min,10.198
24,2012,clear creek,LCC,USFWS,clear creek,temperature,max,18.604
24,2012,clear creek,LCC,USFWS,clear creek,temperature,mean,15.055071428571429
24,2012,clear creek,LCC,USFWS,clear creek,temperature,min,10.858
24,2012,clear creek,UCC,USFWS,clear creek,temperature,max,15.461
24,2012,clear creek,UCC,USFWS,clear creek,temperature,mean,12.91992261904762
24,2012,clear creek,UCC,USFWS,clear creek,temperature,min,10.614
25,2012,clear creek,LCC,USFWS,clear creek,temperature,max,19.103
25,2012,clear creek,LCC,USFWS,clear creek,temperature,mean,15.139422619047618
25,2012,clear creek,LCC,USFWS,clear creek,temperature,min,12.074
25,2012,clear creek,UCC,USFWS,clear creek,temperature,max,16.01
25,2012,clear creek,UCC,USFWS,clear creek,temperature,mean,13.004431547619047
25,2012,clear creek,UCC,USFWS,clear creek,temperature,min,11.175
26,2012,clear creek,LCC,USFWS,clear creek,temperature,max,19.484
26,2012,clear creek,LCC,USFWS,clear creek,temperature,mean,15.561116071428572
26,2012,clear creek,LCC,USFWS,clear creek,temperature,min,11.807
26,2012,clear creek,UCC,USFWS,clear creek,temperature,max,15.915
26,2012,clear creek,UCC,USFWS,clear creek,temperature,mean,13.443309523809525
26,2012,clear creek,UCC,USFWS,clear creek,temperature,min,10.81
27,2012,clear creek,LCC,USFWS,clear creek,temperature,max,22.178
27,2012,clear creek,LCC,USFWS,clear creek,temperature,mean,18.332821428571428
27,2012,clear creek,LCC,USFWS,clear creek,temperature,min,15.031
27,2012,clear creek,UCC,USFWS,clear creek,temperature,max,17.772
27,2012,clear creek,UCC,USFWS,clear creek,temperature,mean,15.550297619047619
27,2012,clear creek,UCC,USFWS,clear creek,temperature,min,12.606
28,2012,clear creek,LCC,USFWS,clear creek,temperature,max,22.106
28,2012,clear creek,LCC,USFWS,clear creek,temperature,mean,18.4499375
28,2012,clear creek,LCC,USFWS,clear creek,temperature,min,15.103
28,2012,clear creek,UCC,USFWS,clear creek,temperature,max,18.033
28,2012,clear creek,UCC,USFWS,clear creek,temperature,mean,15.56246130952381
28,2012,clear creek,UCC,USFWS,clear creek,temperature,min,12.243
29,2012,clear creek,UCC,USFWS,clear creek,temperature,max,16.868
29,2012,clear creek,UCC,USFWS,clear creek,temperature,mean,14.341607142857143
29,2012,clear creek,UCC,USFWS,clear creek,temperature,min,12.219
30,2012,clear creek,UCC,USFWS,clear creek,temperature,max,16.963
30,2012,clear creek,UCC,USFWS,clear creek,temperature,mean,14.55247619047619
30,2012,clear creek,UCC,USFWS,clear creek,temperature,min,11.492
30,2012,clear creek,LCC,USFWS,clear creek,temperature,max,22.8
30,2012,clear creek,LCC,USFWS,clear creek,temperature,mean,18.637108695652174
30,2012,clear creek,LCC,USFWS,clear creek,temperature,min,14.984
31,2012,clear creek,LCC,USFWS,clear creek,temperature,max,23.954
31,2012,clear creek,LCC,USFWS,clear creek,temperature,mean,19.54641369047619
31,2012,clear creek,LCC,USFWS,clear creek,temperature,min,15.223
31,2012,clear creek,UCC,USFWS,clear creek,temperature,max,17.034
31,2012,clear creek,UCC,USFWS,clear creek,temperature,mean,15.422785714285714
31,2012,clear creek,UCC,USFWS,clear creek,temperature,min,13.762
32,2012,clear creek,LCC,USFWS,clear creek,temperature,max,23.689
32,2012,clear creek,LCC,USFWS,clear creek,temperature,mean,19.376589285714285
32,2012,clear creek,LCC,USFWS,clear creek,temperature,min,15.366
32,2012,clear creek,UCC,USFWS,clear creek,temperature,max,17.034
32,2012,clear creek,UCC,USFWS,clear creek,temperature,mean,15.276300595238096
32,2012,clear creek,UCC,USFWS,clear creek,temperature,min,13.618
33,2012,clear creek,LCC,USFWS,clear creek,temperature,max,23.352
33,2012,clear creek,LCC,USFWS,clear creek,temperature,mean,19.20282142857143
33,2012,clear creek,LCC,USFWS,clear creek,temperature,min,15.27
33,2012,clear creek,UCC,USFWS,clear creek,temperature,max,16.868
33,2012,clear creek,UCC,USFWS,clear creek,temperature,mean,15.154309523809523
33,2012,clear creek,UCC,USFWS,clear creek,temperature,min,13.353
34,2012,clear creek,LCC,USFWS,clear creek,temperature,max,23.088
34,2012,clear creek,LCC,USFWS,clear creek,temperature,mean,18.357276785714287
34,2012,clear creek,LCC,USFWS,clear creek,temperature,min,14.337
34,2012,clear creek,UCC,USFWS,clear creek,temperature,max,16.439
34,2012,clear creek,UCC,USFWS,clear creek,temperature,mean,14.701544642857144
34,2012,clear creek,UCC,USFWS,clear creek,temperature,min,12.92
35,2012,clear creek,LCC,USFWS,clear creek,temperature,max,20.96
35,2012,clear creek,LCC,USFWS,clear creek,temperature,mean,17.0768125
35,2012,clear creek,LCC,USFWS,clear creek,temperature,min,13.714
35,2012,clear creek,UCC,USFWS,clear creek,temperature,max,15.485
35,2012,clear creek,UCC,USFWS,clear creek,temperature,mean,14.064068452380953
35,2012,clear creek,UCC,USFWS,clear creek,temperature,min,12.509
36,2012,clear creek,LCC,USFWS,clear creek,temperature,max,21.079
36,2012,clear creek,LCC,USFWS,clear creek,temperature,mean,17.12722619047619
36,2012,clear creek,LCC,USFWS,clear creek,temperature,min,13.497
36,2012,clear creek,UCC,USFWS,clear creek,temperature,max,15.724
36,2012,clear creek,UCC,USFWS,clear creek,temperature,mean,14.235815476190476
36,2012,clear creek,UCC,USFWS,clear creek,temperature,min,12.606
37,2012,clear creek,LCC,USFWS,clear creek,temperature,max,20.579
37,2012,clear creek,LCC,USFWS,clear creek,temperature,mean,16.88111011904762
37,2012,clear creek,LCC,USFWS,clear creek,temperature,min,13.738
37,2012,clear creek,UCC,USFWS,clear creek,temperature,max,15.438
37,2012,clear creek,UCC,USFWS,clear creek,temperature,mean,14.170553571428572
37,2012,clear creek,UCC,USFWS,clear creek,temperature,min,12.703
38,2012,clear creek,LCC,USFWS,clear creek,temperature,max,19.032
38,2012,clear creek,LCC,USFWS,clear creek,temperature,mean,15.637520833333333
38,2012,clear creek,LCC,USFWS,clear creek,temperature,min,13.04
38,2012,clear creek,UCC,USFWS,clear creek,temperature,max,14.84
38,2012,clear creek,UCC,USFWS,clear creek,temperature,mean,13.646943452380953
38,2012,clear creek,UCC,USFWS,clear creek,temperature,min,11.88
39,2012,clear creek,LCC,USFWS,clear creek,temperature,max,17.605
39,2012,clear creek,LCC,USFWS,clear creek,temperature,mean,15.000767857142858
39,2012,clear creek,LCC,USFWS,clear creek,temperature,min,12.944
39,2012,clear creek,UCC,USFWS,clear creek,temperature,max,15.008
39,2012,clear creek,UCC,USFWS,clear creek,temperature,mean,13.79267261904762
39,2012,clear creek,UCC,USFWS,clear creek,temperature,min,12.558
40,2012,clear creek,LCC,USFWS,clear creek,temperature,max,16.963
40,2012,clear creek,LCC,USFWS,clear creek,temperature,mean,14.510056547619048
40,2012,clear creek,LCC,USFWS,clear creek,temperature,min,12.364
40,2012,clear creek,UCC,USFWS,clear creek,temperature,max,14.96
40,2012,clear creek,UCC,USFWS,clear creek,temperature,mean,13.561285714285715
40,2012,clear creek,UCC,USFWS,clear creek,temperature,min,12.195
41,2012,clear creek,LCC,USFWS,clear creek,temperature,max,15.796
41,2012,clear creek,LCC,USFWS,clear creek,temperature,mean,13.754449404761905
41,2012,clear creek,LCC,USFWS,clear creek,temperature,min,12.147
41,2012,clear creek,UCC,USFWS,clear creek,temperature,max,14.266
41,2012,clear creek,UCC,USFWS,clear creek,temperature,mean,13.121398809523809
41,2012,clear creek,UCC,USFWS,clear creek,temperature,min,12.098
42,2012,clear creek,LCC,USFWS,clear creek,temperature,max,16.344
42,2012,clear creek,LCC,USFWS,clear creek,temperature,mean,13.952836309523809
42,2012,clear creek,LCC,USFWS,clear creek,temperature,min,12.122
42,2012,clear creek,UCC,USFWS,clear creek,temperature,max,14.553
42,2012,clear creek,UCC,USFWS,clear creek,temperature,mean,13.287247023809524
42,2012,clear creek,UCC,USFWS,clear creek,temperature,min,12.195
43,2012,clear creek,LCC,USFWS,clear creek,temperature,max,14.888
43,2012,clear creek,LCC,USFWS,clear creek,temperature,mean,12.876217261904761
43,2012,clear creek,LCC,USFWS,clear creek,temperature,min,11.273
43,2012,clear creek,UCC,USFWS,clear creek,temperature,max,14.074
43,2012,clear creek,UCC,USFWS,clear creek,temperature,mean,12.674005952380952
43,2012,clear creek,UCC,USFWS,clear creek,temperature,min,11.589
44,2012,clear creek,LCC,USFWS,clear creek,temperature,max,15.055
44,2012,clear creek,LCC,USFWS,clear creek,temperature,mean,13.193574404761906
44,2012,clear creek,LCC,USFWS,clear creek,temperature,min,11.759
44,2012,clear creek,UCC,USFWS,clear creek,temperature,max,14.026
44,2012,clear creek,UCC,USFWS,clear creek,temperature,mean,12.80171130952381
44,2012,clear creek,UCC,USFWS,clear creek,temperature,min,11.783
45,2012,clear creek,LCC,USFWS,clear creek,temperature,max,14.768
45,2012,clear creek,LCC,USFWS,clear creek,temperature,mean,12.317815476190477
45,2012,clear creek,LCC,USFWS,clear creek,temperature,min,9.903
45,2012,clear creek,UCC,USFWS,clear creek,temperature,max,13.642
45,2012,clear creek,UCC,USFWS,clear creek,temperature,mean,12.174008928571428
45,2012,clear creek,UCC,USFWS,clear creek,temperature,min,10.565
46,2012,clear creek,LCC,USFWS,clear creek,temperature,max,13.064
46,2012,clear creek,LCC,USFWS,clear creek,temperature,mean,11.632994047619048
46,2012,clear creek,LCC,USFWS,clear creek,temperature,min,9.608
46,2012,clear creek,UCC,USFWS,clear creek,temperature,max,12.606
46,2012,clear creek,UCC,USFWS,clear creek,temperature,mean,11.764110119047618
46,2012,clear creek,UCC,USFWS,clear creek,temperature,min,10.443
47,2012,clear creek,LCC,USFWS,clear creek,temperature,max,13.088
47,2012,clear creek,LCC,USFWS,clear creek,temperature,mean,11.516592261904762
47,2012,clear creek,LCC,USFWS,clear creek,temperature,min,10.051
47,2012,clear creek,UCC,USFWS,clear creek,temperature,max,12.34
47,2012,clear creek,UCC,USFWS,clear creek,temperature,mean,11.516535714285714
47,2012,clear creek,UCC,USFWS,clear creek,temperature,min,10.614
48,2012,clear creek,LCC,USFWS,clear creek,temperature,max,12.751
48,2012,clear creek,LCC,USFWS,clear creek,temperature,mean,11.494619047619048
48,2012,clear creek,LCC,USFWS,clear creek,temperature,min,10.149
48,2012,clear creek,UCC,USFWS,clear creek,temperature,max,12.364
48,2012,clear creek,UCC,USFWS,clear creek,temperature,mean,11.412229166666666
48,2012,clear creek,UCC,USFWS,clear creek,temperature,min,10.443
49,2012,clear creek,LCC,USFWS,clear creek,temperature,max,12.727
49,2012,clear creek,LCC,USFWS,clear creek,temperature,mean,11.124630952380953
49,2012,clear creek,LCC,USFWS,clear creek,temperature,min,9.089
49,2012,clear creek,UCC,USFWS,clear creek,temperature,max,12.558
49,2012,clear creek,UCC,USFWS,clear creek,temperature,mean,10.86296130952381
49,2012,clear creek,UCC,USFWS,clear creek,temperature,min,9.287
50,2012,clear creek,LCC,USFWS,clear creek,temperature,max,11.224
50,2012,clear creek,LCC,USFWS,clear creek,temperature,mean,9.26852380952381
50,2012,clear creek,LCC,USFWS,clear creek,temperature,min,7.67
50,2012,clear creek,UCC,USFWS,clear creek,temperature,max,10.663
50,2012,clear creek,UCC,USFWS,clear creek,temperature,mean,9.32423511904762
50,2012,clear creek,UCC,USFWS,clear creek,temperature,min,8.095
51,2012,clear creek,LCC,USFWS,clear creek,temperature,max,9.928
51,2012,clear creek,LCC,USFWS,clear creek,temperature,mean,8.078619047619048
51,2012,clear creek,LCC,USFWS,clear creek,temperature,min,6.788
51,2012,clear creek,UCC,USFWS,clear creek,temperature,max,9.386
51,2012,clear creek,UCC,USFWS,clear creek,temperature,mean,8.172711309523809
51,2012,clear creek,UCC,USFWS,clear creek,temperature,min,6.99
52,2012,clear creek,LCC,USFWS,clear creek,temperature,max,8.693
52,2012,clear creek,LCC,USFWS,clear creek,temperature,mean,7.5949672619047615
52,2012,clear creek,LCC,USFWS,clear creek,temperature,min,6.611
52,2012,clear creek,UCC,USFWS,clear creek,temperature,max,8.717
52,2012,clear creek,UCC,USFWS,clear creek,temperature,mean,7.425330357142857
52,2012,clear creek,UCC,USFWS,clear creek,temperature,min,6.611
53,2012,clear creek,LCC,USFWS,clear creek,temperature,max,7.619
53,2012,clear creek,LCC,USFWS,clear creek,temperature,mean,6.79834375
53,2012,clear creek,LCC,USFWS,clear creek,temperature,min,5.872
53,2012,clear creek,UCC,USFWS,clear creek,temperature,max,7.268
53,2012,clear creek,UCC,USFWS,clear creek,temperature,mean,6.708291666666667
53,2012,clear creek,UCC,USFWS,clear creek,temperature,min,6.026
1,2013,clear creek,LCC,USFWS,clear creek,temperature,max,8.195
1,2013,clear creek,LCC,USFWS,clear creek,temperature,mean,6.6382232142857145
1,2013,clear creek,LCC,USFWS,clear creek,temperature,min,5.36
1,2013,clear creek,UCC,USFWS,clear creek,temperature,max,7.645
1,2013,clear creek,UCC,USFWS,clear creek,temperature,mean,6.582345238095238
1,2013,clear creek,UCC,USFWS,clear creek,temperature,min,5.668
2,2013,clear creek,LCC,USFWS,clear creek,temperature,max,8.319
2,2013,clear creek,LCC,USFWS,clear creek,temperature,mean,6.34716369047619
2,2013,clear creek,LCC,USFWS,clear creek,temperature,min,4.818
2,2013,clear creek,UCC,USFWS,clear creek,temperature,max,7.645
2,2013,clear creek,UCC,USFWS,clear creek,temperature,mean,6.2317559523809525
2,2013,clear creek,UCC,USFWS,clear creek,temperature,min,5.154
3,2013,clear creek,LCC,USFWS,clear creek,temperature,max,7.544
3,2013,clear creek,LCC,USFWS,clear creek,temperature,mean,5.908565476190477
3,2013,clear creek,LCC,USFWS,clear creek,temperature,min,4.532
3,2013,clear creek,UCC,USFWS,clear creek,temperature,max,7.015
3,2013,clear creek,UCC,USFWS,clear creek,temperature,mean,5.898869047619048
3,2013,clear creek,UCC,USFWS,clear creek,temperature,min,4.869
4,2013,clear creek,LCC,USFWS,clear creek,temperature,max,8.145
4,2013,clear creek,LCC,USFWS,clear creek,temperature,mean,6.629595238095238
4,2013,clear creek,LCC,USFWS,clear creek,temperature,min,4.818
4,2013,clear creek,UCC,USFWS,clear creek,temperature,max,7.242
4,2013,clear creek,UCC,USFWS,clear creek,temperature,mean,6.288982142857143
4,2013,clear creek,UCC,USFWS,clear creek,temperature,min,5.076
5,2013,clear creek,LCC,USFWS,clear creek,temperature,max,8.045
5,2013,clear creek,LCC,USFWS,clear creek,temperature,mean,6.535172619047619
5,2013,clear creek,LCC,USFWS,clear creek,temperature,min,5.257
5,2013,clear creek,UCC,USFWS,clear creek,temperature,max,7.318
5,2013,clear creek,UCC,USFWS,clear creek,temperature,mean,6.271041666666667
5,2013,clear creek,UCC,USFWS,clear creek,temperature,min,5.385
6,2013,clear creek,LCC,USFWS,clear creek,temperature,max,8.344
6,2013,clear creek,LCC,USFWS,clear creek,temperature,mean,6.786318452380952
6,2013,clear creek,LCC,USFWS,clear creek,temperature,min,5.257
6,2013,clear creek,UCC,USFWS,clear creek,temperature,max,7.469
6,2013,clear creek,UCC,USFWS,clear creek,temperature,mean,6.494497023809524
6,2013,clear creek,UCC,USFWS,clear creek,temperature,min,5.488
7,2013,clear creek,LCC,USFWS,clear creek,temperature,max,9.558
7,2013,clear creek,LCC,USFWS,clear creek,temperature,mean,7.390800595238095
7,2013,clear creek,LCC,USFWS,clear creek,temperature,min,5.565
7,2013,clear creek,UCC,USFWS,clear creek,temperature,max,8.27
7,2013,clear creek,UCC,USFWS,clear creek,temperature,mean,6.963720238095238
7,2013,clear creek,UCC,USFWS,clear creek,temperature,min,5.719
8,2013,clear creek,LCC,USFWS,clear creek,temperature,max,9.731
8,2013,clear creek,LCC,USFWS,clear creek,temperature,mean,7.42941369047619
8,2013,clear creek,LCC,USFWS,clear creek,temperature,min,5.616
8,2013,clear creek,UCC,USFWS,clear creek,temperature,max,8.444
8,2013,clear creek,UCC,USFWS,clear creek,temperature,mean,7.081818452380952
8,2013,clear creek,UCC,USFWS,clear creek,temperature,min,5.949
9,2013,clear creek,LCC,USFWS,clear creek,temperature,max,11.175
9,2013,clear creek,LCC,USFWS,clear creek,temperature,mean,8.547270833333332
9,2013,clear creek,LCC,USFWS,clear creek,temperature,min,6.051
9,2013,clear creek,UCC,USFWS,clear creek,temperature,max,9.262
9,2013,clear creek,UCC,USFWS,clear creek,temperature,mean,7.889508928571428
9,2013,clear creek,UCC,USFWS,clear creek,temperature,min,6.179
10,2013,clear creek,LCC,USFWS,clear creek,temperature,max,11.88
10,2013,clear creek,LCC,USFWS,clear creek,temperature,mean,8.707568452380952
10,2013,clear creek,LCC,USFWS,clear creek,temperature,min,6.433
10,2013,clear creek,UCC,USFWS,clear creek,temperature,max,9.928
10,2013,clear creek,UCC,USFWS,clear creek,temperature,mean,8.011488095238095
10,2013,clear creek,UCC,USFWS,clear creek,temperature,min,6.585
11,2013,clear creek,LCC,USFWS,clear creek,temperature,max,12.389
11,2013,clear creek,LCC,USFWS,clear creek,temperature,mean,9.747526785714285
11,2013,clear creek,LCC,USFWS,clear creek,temperature,min,7.544
11,2013,clear creek,UCC,USFWS,clear creek,temperature,max,10.271
11,2013,clear creek,UCC,USFWS,clear creek,temperature,mean,8.751008928571428
11,2013,clear creek,UCC,USFWS,clear creek,temperature,min,7.318
12,2013,clear creek,LCC,USFWS,clear creek,temperature,max,12.243
12,2013,clear creek,LCC,USFWS,clear creek,temperature,mean,9.446392857142857
12,2013,clear creek,LCC,USFWS,clear creek,temperature,min,6.965
12,2013,clear creek,UCC,USFWS,clear creek,temperature,max,10.516
12,2013,clear creek,UCC,USFWS,clear creek,temperature,mean,8.633169642857142
12,2013,clear creek,UCC,USFWS,clear creek,temperature,min,6.94
13,2013,clear creek,LCC,USFWS,clear creek,temperature,max,13.377
13,2013,clear creek,LCC,USFWS,clear creek,temperature,mean,10.458696428571429
13,2013,clear creek,LCC,USFWS,clear creek,temperature,min,8.593
13,2013,clear creek,UCC,USFWS,clear creek,temperature,max,11.127
13,2013,clear creek,UCC,USFWS,clear creek,temperature,mean,9.353142857142856
13,2013,clear creek,UCC,USFWS,clear creek,temperature,min,8.17
14,2013,clear creek,LCC,USFWS,clear creek,temperature,max,13.762
14,2013,clear creek,LCC,USFWS,clear creek,temperature,mean,11.046514880952381
14,2013,clear creek,LCC,USFWS,clear creek,temperature,min,8.817
14,2013,clear creek,UCC,USFWS,clear creek,temperature,max,11.589
14,2013,clear creek,UCC,USFWS,clear creek,temperature,mean,9.932339285714287
14,2013,clear creek,UCC,USFWS,clear creek,temperature,min,8.245
15,2013,clear creek,LCC,USFWS,clear creek,temperature,max,13.954
15,2013,clear creek,LCC,USFWS,clear creek,temperature,mean,10.646261904761905
15,2013,clear creek,LCC,USFWS,clear creek,temperature,min,8.792
15,2013,clear creek,UCC,USFWS,clear creek,temperature,max,12.243
15,2013,clear creek,UCC,USFWS,clear creek,temperature,mean,9.99909181864235
15,2013,clear creek,UCC,USFWS,clear creek,temperature,min,8.792
16,2013,clear creek,LCC,USFWS,clear creek,temperature,max,15.629
16,2013,clear creek,LCC,USFWS,clear creek,temperature,mean,11.945863095238096
16,2013,clear creek,LCC,USFWS,clear creek,temperature,min,8.668
16,2013,clear creek,UCC,USFWS,clear creek,temperature,max,13.161
16,2013,clear creek,UCC,USFWS,clear creek,temperature,mean,10.642026785714286
16,2013,clear creek,UCC,USFWS,clear creek,temperature,min,8.394
17,2013,clear creek,LCC,USFWS,clear creek,temperature,max,16.272
17,2013,clear creek,LCC,USFWS,clear creek,temperature,mean,13.099267857142857
17,2013,clear creek,LCC,USFWS,clear creek,temperature,min,9.879
17,2013,clear creek,UCC,USFWS,clear creek,temperature,max,13.642
17,2013,clear creek,UCC,USFWS,clear creek,temperature,mean,11.33078869047619
17,2013,clear creek,UCC,USFWS,clear creek,temperature,min,9.114
18,2013,clear creek,LCC,USFWS,clear creek,temperature,max,16.487
18,2013,clear creek,LCC,USFWS,clear creek,temperature,mean,13.0235
18,2013,clear creek,LCC,USFWS,clear creek,temperature,min,10.1
18,2013,clear creek,UCC,USFWS,clear creek,temperature,max,13.81
18,2013,clear creek,UCC,USFWS,clear creek,temperature,mean,11.279372023809524
18,2013,clear creek,UCC,USFWS,clear creek,temperature,min,9.188
19,2013,clear creek,LCC,USFWS,clear creek,temperature,max,17.463
19,2013,clear creek,LCC,USFWS,clear creek,temperature,mean,13.863217261904762
19,2013,clear creek,LCC,USFWS,clear creek,temperature,min,11.029
19,2013,clear creek,UCC,USFWS,clear creek,temperature,max,14.457
19,2013,clear creek,UCC,USFWS,clear creek,temperature,mean,11.89125
19,2013,clear creek,UCC,USFWS,clear creek,temperature,min,10.124
20,2013,clear creek,LCC,USFWS,clear creek,temperature,max,17.344
20,2013,clear creek,LCC,USFWS,clear creek,temperature,mean,13.748598214285714
20,2013,clear creek,LCC,USFWS,clear creek,temperature,min,10.834
20,2013,clear creek,UCC,USFWS,clear creek,temperature,max,14.337
20,2013,clear creek,UCC,USFWS,clear creek,temperature,mean,11.727946428571428
20,2013,clear creek,UCC,USFWS,clear creek,temperature,min,9.657
21,2013,clear creek,LCC,USFWS,clear creek,temperature,max,16.606
21,2013,clear creek,LCC,USFWS,clear creek,temperature,mean,13.321827380952382
21,2013,clear creek,LCC,USFWS,clear creek,temperature,min,10.1
21,2013,clear creek,UCC,USFWS,clear creek,temperature,max,14.122
21,2013,clear creek,UCC,USFWS,clear creek,temperature,mean,11.591925595238095
21,2013,clear creek,UCC,USFWS,clear creek,temperature,min,9.139
22,2013,clear creek,LCC,USFWS,clear creek,temperature,max,18.557
22,2013,clear creek,LCC,USFWS,clear creek,temperature,mean,14.912208333333334
22,2013,clear creek,LCC,USFWS,clear creek,temperature,min,11.516
22,2013,clear creek,UCC,USFWS,clear creek,temperature,max,15.533
22,2013,clear creek,UCC,USFWS,clear creek,temperature,mean,12.779074404761905
22,2013,clear creek,UCC,USFWS,clear creek,temperature,min,10.394
23,2013,clear creek,LCC,USFWS,clear creek,temperature,max,19.984
23,2013,clear creek,LCC,USFWS,clear creek,temperature,mean,16.241565476190477
23,2013,clear creek,LCC,USFWS,clear creek,temperature,min,12.727
23,2013,clear creek,UCC,USFWS,clear creek,temperature,max,16.344
23,2013,clear creek,UCC,USFWS,clear creek,temperature,mean,13.551943452380952
23,2013,clear creek,UCC,USFWS,clear creek,temperature,min,11.053
24,2013,clear creek,LCC,USFWS,clear creek,temperature,max,19.056
24,2013,clear creek,LCC,USFWS,clear creek,temperature,mean,15.778458333333333
24,2013,clear creek,LCC,USFWS,clear creek,temperature,min,12.896
24,2013,clear creek,UCC,USFWS,clear creek,temperature,max,15.7
24,2013,clear creek,UCC,USFWS,clear creek,temperature,mean,13.371166666666667
24,2013,clear creek,UCC,USFWS,clear creek,temperature,min,11.078
25,2013,clear creek,LCC,USFWS,clear creek,temperature,max,19.246
25,2013,clear creek,LCC,USFWS,clear creek,temperature,mean,15.409642857142856
25,2013,clear creek,LCC,USFWS,clear creek,temperature,min,12.654
25,2013,clear creek,UCC,USFWS,clear creek,temperature,max,15.843
25,2013,clear creek,UCC,USFWS,clear creek,temperature,mean,13.195282738095239
25,2013,clear creek,UCC,USFWS,clear creek,temperature,min,11.078
26,2013,clear creek,LCC,USFWS,clear creek,temperature,max,21.891
26,2013,clear creek,LCC,USFWS,clear creek,temperature,mean,16.25119642857143
26,2013,clear creek,LCC,USFWS,clear creek,temperature,min,13.185
26,2013,clear creek,UCC,USFWS,clear creek,temperature,max,17.915
26,2013,clear creek,UCC,USFWS,clear creek,temperature,mean,14.410928571428572
26,2013,clear creek,UCC,USFWS,clear creek,temperature,min,12.654
27,2013,clear creek,LCC,USFWS,clear creek,temperature,max,20.889
27,2013,clear creek,LCC,USFWS,clear creek,temperature,mean,17.278238095238095
27,2013,clear creek,LCC,USFWS,clear creek,temperature,min,14.29
27,2013,clear creek,UCC,USFWS,clear creek,temperature,max,16.534
27,2013,clear creek,UCC,USFWS,clear creek,temperature,mean,14.084720238095239
27,2013,clear creek,UCC,USFWS,clear creek,temperature,min,11.637
28,2013,clear creek,LCC,USFWS,clear creek,temperature,max,20.984
28,2013,clear creek,LCC,USFWS,clear creek,temperature,mean,17.228175595238095
28,2013,clear creek,LCC,USFWS,clear creek,temperature,min,14.05
28,2013,clear creek,UCC,USFWS,clear creek,temperature,max,16.058
28,2013,clear creek,UCC,USFWS,clear creek,temperature,mean,14.1409375
28,2013,clear creek,UCC,USFWS,clear creek,temperature,min,11.467
29,2013,clear creek,LCC,USFWS,clear creek,temperature,max,22.154
29,2013,clear creek,LCC,USFWS,clear creek,temperature,mean,18.118470238095238
29,2013,clear creek,LCC,USFWS,clear creek,temperature,min,14.481
29,2013,clear creek,UCC,USFWS,clear creek,temperature,max,16.82
29,2013,clear creek,UCC,USFWS,clear creek,temperature,mean,14.790619047619048
29,2013,clear creek,UCC,USFWS,clear creek,temperature,min,11.904
30,2013,clear creek,LCC,USFWS,clear creek,temperature,max,23.785
30,2013,clear creek,LCC,USFWS,clear creek,temperature,mean,19.144782738095238
30,2013,clear creek,LCC,USFWS,clear creek,temperature,min,16.01
30,2013,clear creek,UCC,USFWS,clear creek,temperature,max,17.629
30,2013,clear creek,UCC,USFWS,clear creek,temperature,mean,15.524857142857142
30,2013,clear creek,UCC,USFWS,clear creek,temperature,min,12.992
31,2013,clear creek,LCC,USFWS,clear creek,temperature,max,21.939
31,2013,clear creek,LCC,USFWS,clear creek,temperature,mean,18.22923511904762
31,2013,clear creek,LCC,USFWS,clear creek,temperature,min,14.912
31,2013,clear creek,UCC,USFWS,clear creek,temperature,max,16.725
31,2013,clear creek,UCC,USFWS,clear creek,temperature,mean,15.008922619047619
31,2013,clear creek,UCC,USFWS,clear creek,temperature,min,12.944
32,2013,clear creek,LCC,USFWS,clear creek,temperature,max,21.461
32,2013,clear creek,LCC,USFWS,clear creek,temperature,mean,17.659583333333334
32,2013,clear creek,LCC,USFWS,clear creek,temperature,min,14.721
32,2013,clear creek,UCC,USFWS,clear creek,temperature,max,16.344
32,2013,clear creek,UCC,USFWS,clear creek,temperature,mean,14.740005952380953
32,2013,clear creek,UCC,USFWS,clear creek,temperature,min,12.654
33,2013,clear creek,LCC,USFWS,clear creek,temperature,max,22.848
33,2013,clear creek,LCC,USFWS,clear creek,temperature,mean,18.74313988095238
33,2013,clear creek,LCC,USFWS,clear creek,temperature,min,15.223
33,2013,clear creek,UCC,USFWS,clear creek,temperature,max,17.201
33,2013,clear creek,UCC,USFWS,clear creek,temperature,mean,15.458261904761905
33,2013,clear creek,UCC,USFWS,clear creek,temperature,min,13.088
34,2013,clear creek,LCC,USFWS,clear creek,temperature,max,21.676
34,2013,clear creek,LCC,USFWS,clear creek,temperature,mean,18.025776785714285
34,2013,clear creek,LCC,USFWS,clear creek,temperature,min,15.008
34,2013,clear creek,UCC,USFWS,clear creek,temperature,max,16.773
34,2013,clear creek,UCC,USFWS,clear creek,temperature,mean,15.074660714285715
34,2013,clear creek,UCC,USFWS,clear creek,temperature,min,13.161
35,2013,clear creek,LCC,USFWS,clear creek,temperature,max,21.533
35,2013,clear creek,LCC,USFWS,clear creek,temperature,mean,17.837693452380954
35,2013,clear creek,LCC,USFWS,clear creek,temperature,min,14.745
35,2013,clear creek,UCC,USFWS,clear creek,temperature,max,16.534
35,2013,clear creek,UCC,USFWS,clear creek,temperature,mean,14.976892857142857
35,2013,clear creek,UCC,USFWS,clear creek,temperature,min,13.016
36,2013,clear creek,LCC,USFWS,clear creek,temperature,max,20.913
36,2013,clear creek,LCC,USFWS,clear creek,temperature,mean,17.376419642857144
36,2013,clear creek,LCC,USFWS,clear creek,temperature,min,14.649
36,2013,clear creek,UCC,USFWS,clear creek,temperature,max,16.201
36,2013,clear creek,UCC,USFWS,clear creek,temperature,mean,14.788630952380952
36,2013,clear creek,UCC,USFWS,clear creek,temperature,min,12.944
37,2013,clear creek,LCC,USFWS,clear creek,temperature,max,20.96
37,2013,clear creek,LCC,USFWS,clear creek,temperature,mean,16.322854166666666
37,2013,clear creek,LCC,USFWS,clear creek,temperature,min,13.233
37,2013,clear creek,UCC,USFWS,clear creek,temperature,max,16.201
37,2013,clear creek,UCC,USFWS,clear creek,temperature,mean,14.224351190476192
37,2013,clear creek,UCC,USFWS,clear creek,temperature,min,12.34
38,2013,clear creek,LCC,USFWS,clear creek,temperature,max,17.463
38,2013,clear creek,LCC,USFWS,clear creek,temperature,mean,14.295416666666666
38,2013,clear creek,LCC,USFWS,clear creek,temperature,min,12.001
38,2013,clear creek,UCC,USFWS,clear creek,temperature,max,14.768
38,2013,clear creek,UCC,USFWS,clear creek,temperature,mean,13.073532738095238
38,2013,clear creek,UCC,USFWS,clear creek,temperature,min,11.662
39,2013,clear creek,LCC,USFWS,clear creek,temperature,max,15.963
39,2013,clear creek,LCC,USFWS,clear creek,temperature,mean,13.694342261904762
39,2013,clear creek,LCC,USFWS,clear creek,temperature,min,11.516
39,2013,clear creek,UCC,USFWS,clear creek,temperature,max,14.098
39,2013,clear creek,UCC,USFWS,clear creek,temperature,mean,12.853556547619048
39,2013,clear creek,UCC,USFWS,clear creek,temperature,min,11.54
40,2013,clear creek,LCC,USFWS,clear creek,temperature,max,15.867
40,2013,clear creek,LCC,USFWS,clear creek,temperature,mean,13.358488095238094
40,2013,clear creek,LCC,USFWS,clear creek,temperature,min,11.273
40,2013,clear creek,UCC,USFWS,clear creek,temperature,max,13.954
40,2013,clear creek,UCC,USFWS,clear creek,temperature,mean,12.700130952380952
40,2013,clear creek,UCC,USFWS,clear creek,temperature,min,11.321
41,2013,clear creek,LCC,USFWS,clear creek,temperature,max,14.792
41,2013,clear creek,LCC,USFWS,clear creek,temperature,mean,12.888380952380952
41,2013,clear creek,LCC,USFWS,clear creek,temperature,min,11.297
41,2013,clear creek,UCC,USFWS,clear creek,temperature,max,13.522
41,2013,clear creek,UCC,USFWS,clear creek,temperature,mean,12.405729166666667
41,2013,clear creek,UCC,USFWS,clear creek,temperature,min,11.321
42,2013,clear creek,LCC,USFWS,clear creek,temperature,max,14.433
42,2013,clear creek,LCC,USFWS,clear creek,temperature,mean,12.491818452380953
42,2013,clear creek,LCC,USFWS,clear creek,temperature,min,10.761
42,2013,clear creek,UCC,USFWS,clear creek,temperature,max,13.281
42,2013,clear creek,UCC,USFWS,clear creek,temperature,mean,12.103541666666667
42,2013,clear creek,UCC,USFWS,clear creek,temperature,min,11.005
43,2013,clear creek,LCC,USFWS,clear creek,temperature,max,13.978
43,2013,clear creek,LCC,USFWS,clear creek,temperature,mean,11.9603125
43,2013,clear creek,LCC,USFWS,clear creek,temperature,min,10.394
43,2013,clear creek,UCC,USFWS,clear creek,temperature,max,12.968
43,2013,clear creek,UCC,USFWS,clear creek,temperature,mean,11.686738095238095
43,2013,clear creek,UCC,USFWS,clear creek,temperature,min,10.59
44,2013,clear creek,LCC,USFWS,clear creek,temperature,max,13.257
44,2013,clear creek,LCC,USFWS,clear creek,temperature,mean,11.512357142857143
44,2013,clear creek,LCC,USFWS,clear creek,temperature,min,9.903
44,2013,clear creek,UCC,USFWS,clear creek,temperature,max,12.654
44,2013,clear creek,UCC,USFWS,clear creek,temperature,mean,11.4204375
44,2013,clear creek,UCC,USFWS,clear creek,temperature,min,10.369
45,2013,clear creek,LCC,USFWS,clear creek,temperature,max,12.968
45,2013,clear creek,LCC,USFWS,clear creek,temperature,mean,11.401038690476192
45,2013,clear creek,LCC,USFWS,clear creek,temperature,min,9.952
45,2013,clear creek,UCC,USFWS,clear creek,temperature,max,12.389
45,2013,clear creek,UCC,USFWS,clear creek,temperature,mean,11.334889880952382
45,2013,clear creek,UCC,USFWS,clear creek,temperature,min,10.345
46,2013,clear creek,LCC,USFWS,clear creek,temperature,max,13.209
46,2013,clear creek,LCC,USFWS,clear creek,temperature,mean,11.199458333333334
46,2013,clear creek,LCC,USFWS,clear creek,temperature,min,9.583
46,2013,clear creek,UCC,USFWS,clear creek,temperature,max,12.461
46,2013,clear creek,UCC,USFWS,clear creek,temperature,mean,11.282074404761905
46,2013,clear creek,UCC,USFWS,clear creek,temperature,min,10.222
47,2013,clear creek,LCC,USFWS,clear creek,temperature,max,12.485
47,2013,clear creek,LCC,USFWS,clear creek,temperature,mean,10.624934523809523
47,2013,clear creek,LCC,USFWS,clear creek,temperature,min,8.792
47,2013,clear creek,UCC,USFWS,clear creek,temperature,max,12.098
47,2013,clear creek,UCC,USFWS,clear creek,temperature,mean,10.94664880952381
47,2013,clear creek,UCC,USFWS,clear creek,temperature,min,9.706
48,2013,clear creek,LCC,USFWS,clear creek,temperature,max,11.613
48,2013,clear creek,LCC,USFWS,clear creek,temperature,mean,10.433017857142858
48,2013,clear creek,LCC,USFWS,clear creek,temperature,min,9.163
48,2013,clear creek,UCC,USFWS,clear creek,temperature,max,11.662
48,2013,clear creek,UCC,USFWS,clear creek,temperature,mean,10.74832738095238
48,2013,clear creek,UCC,USFWS,clear creek,temperature,min,9.854
49,2013,clear creek,LCC,USFWS,clear creek,temperature,max,10.663
49,2013,clear creek,LCC,USFWS,clear creek,temperature,mean,8.228967261904762
49,2013,clear creek,LCC,USFWS,clear creek,temperature,min,6.535
49,2013,clear creek,UCC,USFWS,clear creek,temperature,max,10.785
49,2013,clear creek,UCC,USFWS,clear creek,temperature,mean,9.043440476190476
49,2013,clear creek,UCC,USFWS,clear creek,temperature,min,7.72
50,2013,clear creek,LCC,USFWS,clear creek,temperature,max,8.841
50,2013,clear creek,LCC,USFWS,clear creek,temperature,mean,7.5620119047619045
50,2013,clear creek,LCC,USFWS,clear creek,temperature,min,6.306
50,2013,clear creek,UCC,USFWS,clear creek,temperature,max,9.114
50,2013,clear creek,UCC,USFWS,clear creek,temperature,mean,8.027035714285715
50,2013,clear creek,UCC,USFWS,clear creek,temperature,min,7.041
51,2013,clear creek,LCC,USFWS,clear creek,temperature,max,8.767
51,2013,clear creek,LCC,USFWS,clear creek,temperature,mean,7.407125
51,2013,clear creek,LCC,USFWS,clear creek,temperature,min,6.077
51,2013,clear creek,UCC,USFWS,clear creek,temperature,max,8.543
51,2013,clear creek,UCC,USFWS,clear creek,temperature,mean,7.624610119047619
51,2013,clear creek,UCC,USFWS,clear creek,temperature,min,6.661
52,2013,clear creek,LCC,USFWS,clear creek,temperature,max,8.742
52,2013,clear creek,LCC,USFWS,clear creek,temperature,mean,7.321565476190476
52,2013,clear creek,LCC,USFWS,clear creek,temperature,min,6.23
52,2013,clear creek,UCC,USFWS,clear creek,temperature,max,8.469
52,2013,clear creek,UCC,USFWS,clear creek,temperature,mean,7.595800595238095
52,2013,clear creek,UCC,USFWS,clear creek,temperature,min,6.813
53,2013,clear creek,LCC,USFWS,clear creek,temperature,max,8.419
53,2013,clear creek,LCC,USFWS,clear creek,temperature,mean,7.5498125
53,2013,clear creek,LCC,USFWS,clear creek,temperature,min,6.94
53,2013,clear creek,UCC,USFWS,clear creek,temperature,max,8.295
53,2013,clear creek,UCC,USFWS,clear creek,temperature,mean,7.6929791666666665
53,2013,clear creek,UCC,USFWS,clear creek,temperature,min,7.192
1,2014,clear creek,LCC,USFWS,clear creek,temperature,max,8.767
1,2014,clear creek,LCC,USFWS,clear creek,temperature,mean,7.455125
1,2014,clear creek,LCC,USFWS,clear creek,temperature,min,6.357
1,2014,clear creek,UCC,USFWS,clear creek,temperature,max,8.593
1,2014,clear creek,UCC,USFWS,clear creek,temperature,mean,7.601684523809523
1,2014,clear creek,UCC,USFWS,clear creek,temperature,min,6.763
2,2014,clear creek,LCC,USFWS,clear creek,temperature,max,8.891
2,2014,clear creek,LCC,USFWS,clear creek,temperature,mean,7.491877976190477
2,2014,clear creek,LCC,USFWS,clear creek,temperature,min,6.179
2,2014,clear creek,UCC,USFWS,clear creek,temperature,max,8.568
2,2014,clear creek,UCC,USFWS,clear creek,temperature,mean,7.635916666666667
2,2014,clear creek,UCC,USFWS,clear creek,temperature,min,6.687
3,2014,clear creek,LCC,USFWS,clear creek,temperature,max,9.015
3,2014,clear creek,LCC,USFWS,clear creek,temperature,mean,7.4814404761904765
3,2014,clear creek,LCC,USFWS,clear creek,temperature,min,5.949
3,2014,clear creek,UCC,USFWS,clear creek,temperature,max,8.693
3,2014,clear creek,UCC,USFWS,clear creek,temperature,mean,7.690267857142857
3,2014,clear creek,UCC,USFWS,clear creek,temperature,min,6.509
4,2014,clear creek,LCC,USFWS,clear creek,temperature,max,9.509
4,2014,clear creek,LCC,USFWS,clear creek,temperature,mean,7.796821428571429
4,2014,clear creek,LCC,USFWS,clear creek,temperature,min,6.23
4,2014,clear creek,UCC,USFWS,clear creek,temperature,max,8.742
4,2014,clear creek,UCC,USFWS,clear creek,temperature,mean,7.675782738095238
4,2014,clear creek,UCC,USFWS,clear creek,temperature,min,6.687
5,2014,clear creek,LCC,USFWS,clear creek,temperature,max,9.238
5,2014,clear creek,LCC,USFWS,clear creek,temperature,mean,7.620172619047619
5,2014,clear creek,LCC,USFWS,clear creek,temperature,min,5.77
5,2014,clear creek,UCC,USFWS,clear creek,temperature,max,8.643
5,2014,clear creek,UCC,USFWS,clear creek,temperature,mean,7.546517857142857
5,2014,clear creek,UCC,USFWS,clear creek,temperature,min,6.433
6,2014,clear creek,LCC,USFWS,clear creek,temperature,max,10.026
6,2014,clear creek,LCC,USFWS,clear creek,temperature,mean,8.196863095238095
6,2014,clear creek,LCC,USFWS,clear creek,temperature,min,5.719
6,2014,clear creek,UCC,USFWS,clear creek,temperature,max,9.163
6,2014,clear creek,UCC,USFWS,clear creek,temperature,mean,8.004497023809524
6,2014,clear creek,UCC,USFWS,clear creek,temperature,min,6.357
7,2014,clear creek,LCC,USFWS,clear creek,temperature,max,10.271
7,2014,clear creek,LCC,USFWS,clear creek,temperature,mean,8.932416666666667
7,2014,clear creek,LCC,USFWS,clear creek,temperature,min,6.889
7,2014,clear creek,UCC,USFWS,clear creek,temperature,max,9.336
7,2014,clear creek,UCC,USFWS,clear creek,temperature,mean,8.400943452380952
7,2014,clear creek,UCC,USFWS,clear creek,temperature,min,7.015
8,2014,clear creek,LCC,USFWS,clear creek,temperature,max,10.834
8,2014,clear creek,LCC,USFWS,clear creek,temperature,mean,8.856059523809524
8,2014,clear creek,LCC,USFWS,clear creek,temperature,min,6.99
8,2014,clear creek,UCC,USFWS,clear creek,temperature,max,9.706
8,2014,clear creek,UCC,USFWS,clear creek,temperature,mean,8.342360119047619
8,2014,clear creek,UCC,USFWS,clear creek,temperature,min,7.116
9,2014,clear creek,LCC,USFWS,clear creek,temperature,max,11.394
9,2014,clear creek,LCC,USFWS,clear creek,temperature,mean,9.748571428571429
9,2014,clear creek,LCC,USFWS,clear creek,temperature,min,8.469
9,2014,clear creek,UCC,USFWS,clear creek,temperature,max,10.59
9,2014,clear creek,UCC,USFWS,clear creek,temperature,mean,9.289916666666667
9,2014,clear creek,UCC,USFWS,clear creek,temperature,min,7.995
10,2014,clear creek,LCC,USFWS,clear creek,temperature,max,12.147
10,2014,clear creek,LCC,USFWS,clear creek,temperature,mean,10.243863095238096
10,2014,clear creek,LCC,USFWS,clear creek,temperature,min,8.095
10,2014,clear creek,UCC,USFWS,clear creek,temperature,max,11.151
10,2014,clear creek,UCC,USFWS,clear creek,temperature,mean,9.580916666666667
10,2014,clear creek,UCC,USFWS,clear creek,temperature,min,7.845
11,2014,clear creek,LCC,USFWS,clear creek,temperature,max,12.727
11,2014,clear creek,LCC,USFWS,clear creek,temperature,mean,10.239806547619049
11,2014,clear creek,LCC,USFWS,clear creek,temperature,min,7.945
11,2014,clear creek,UCC,USFWS,clear creek,temperature,max,10.956
11,2014,clear creek,UCC,USFWS,clear creek,temperature,mean,9.362660714285715
11,2014,clear creek,UCC,USFWS,clear creek,temperature,min,7.745
12,2014,clear creek,LCC,USFWS,clear creek,temperature,max,12.992
12,2014,clear creek,LCC,USFWS,clear creek,temperature,mean,10.352166666666667
12,2014,clear creek,LCC,USFWS,clear creek,temperature,min,7.995
12,2014,clear creek,UCC,USFWS,clear creek,temperature,max,11.2
12,2014,clear creek,UCC,USFWS,clear creek,temperature,mean,9.4543125
12,2014,clear creek,UCC,USFWS,clear creek,temperature,min,7.795
13,2014,clear creek,LCC,USFWS,clear creek,temperature,max,11.759
13,2014,clear creek,LCC,USFWS,clear creek,temperature,mean,10.00761011904762
13,2014,clear creek,LCC,USFWS,clear creek,temperature,min,8.941
13,2014,clear creek,UCC,USFWS,clear creek,temperature,max,11.2
13,2014,clear creek,UCC,USFWS,clear creek,temperature,mean,9.47830357142857
13,2014,clear creek,UCC,USFWS,clear creek,temperature,min,8.519
14,2014,clear creek,LCC,USFWS,clear creek,temperature,max,14.409
14,2014,clear creek,LCC,USFWS,clear creek,temperature,mean,11.033684523809525
14,2014,clear creek,LCC,USFWS,clear creek,temperature,min,8.668
14,2014,clear creek,UCC,USFWS,clear creek,temperature,max,12.63
14,2014,clear creek,UCC,USFWS,clear creek,temperature,mean,10.219193452380953
14,2014,clear creek,UCC,USFWS,clear creek,temperature,min,8.344
15,2014,clear creek,LCC,USFWS,clear creek,temperature,max,15.629
15,2014,clear creek,LCC,USFWS,clear creek,temperature,mean,12.720014880952382
15,2014,clear creek,LCC,USFWS,clear creek,temperature,min,10.051
15,2014,clear creek,UCC,USFWS,clear creek,temperature,max,13.522
15,2014,clear creek,UCC,USFWS,clear creek,temperature,mean,11.331705357142857
15,2014,clear creek,UCC,USFWS,clear creek,temperature,min,9.46
16,2014,clear creek,LCC,USFWS,clear creek,temperature,max,15.533
16,2014,clear creek,LCC,USFWS,clear creek,temperature,mean,12.196255952380954
16,2014,clear creek,LCC,USFWS,clear creek,temperature,min,9.805
16,2014,clear creek,UCC,USFWS,clear creek,temperature,max,13.281
16,2014,clear creek,UCC,USFWS,clear creek,temperature,mean,11.031300595238095
16,2014,clear creek,UCC,USFWS,clear creek,temperature,min,9.435
17,2014,clear creek,LCC,USFWS,clear creek,temperature,max,16.272
17,2014,clear creek,LCC,USFWS,clear creek,temperature,mean,12.116958333333333
17,2014,clear creek,LCC,USFWS,clear creek,temperature,min,9.558
17,2014,clear creek,UCC,USFWS,clear creek,temperature,max,14.002
17,2014,clear creek,UCC,USFWS,clear creek,temperature,mean,11.035247023809523
17,2014,clear creek,UCC,USFWS,clear creek,temperature,min,9.213
18,2014,clear creek,LCC,USFWS,clear creek,temperature,max,16.582
18,2014,clear creek,LCC,USFWS,clear creek,temperature,mean,13.508949404761905
18,2014,clear creek,LCC,USFWS,clear creek,temperature,min,10.712
18,2014,clear creek,UCC,USFWS,clear creek,temperature,max,14.122
18,2014,clear creek,UCC,USFWS,clear creek,temperature,mean,11.872404761904761
18,2014,clear creek,UCC,USFWS,clear creek,temperature,min,9.952
19,2014,clear creek,LCC,USFWS,clear creek,temperature,max,17.391
19,2014,clear creek,LCC,USFWS,clear creek,temperature,mean,13.512550595238094
19,2014,clear creek,LCC,USFWS,clear creek,temperature,min,10.614
19,2014,clear creek,UCC,USFWS,clear creek,temperature,max,14.768
19,2014,clear creek,UCC,USFWS,clear creek,temperature,mean,12.027984600948697
19,2014,clear creek,UCC,USFWS,clear creek,temperature,min,9.903
20,2014,clear creek,LCC,USFWS,clear creek,temperature,max,17.724
20,2014,clear creek,LCC,USFWS,clear creek,temperature,mean,14.505306547619048
20,2014,clear creek,LCC,USFWS,clear creek,temperature,min,11.637
20,2014,clear creek,UCC,USFWS,clear creek,temperature,max,15.031
20,2014,clear creek,UCC,USFWS,clear creek,temperature,mean,12.623723214285715
20,2014,clear creek,UCC,USFWS,clear creek,temperature,min,10.663
21,2014,clear creek,LCC,USFWS,clear creek,temperature,max,18.652
21,2014,clear creek,LCC,USFWS,clear creek,temperature,mean,15.206517857142858
21,2014,clear creek,LCC,USFWS,clear creek,temperature,min,12.171
21,2014,clear creek,UCC,USFWS,clear creek,temperature,max,15.557
21,2014,clear creek,UCC,USFWS,clear creek,temperature,mean,13.065788690476191
21,2014,clear creek,UCC,USFWS,clear creek,temperature,min,10.81
22,2014,clear creek,LCC,USFWS,clear creek,temperature,max,18.224
22,2014,clear creek,LCC,USFWS,clear creek,temperature,mean,14.90767261904762
22,2014,clear creek,LCC,USFWS,clear creek,temperature,min,11.759
22,2014,clear creek,UCC,USFWS,clear creek,temperature,max,15.485
22,2014,clear creek,UCC,USFWS,clear creek,temperature,mean,12.942589285714286
22,2014,clear creek,UCC,USFWS,clear creek,temperature,min,10.565
23,2014,clear creek,LCC,USFWS,clear creek,temperature,max,19.508
23,2014,clear creek,LCC,USFWS,clear creek,temperature,mean,16.162761904761904
23,2014,clear creek,LCC,USFWS,clear creek,temperature,min,12.678
23,2014,clear creek,UCC,USFWS,clear creek,temperature,max,16.225
23,2014,clear creek,UCC,USFWS,clear creek,temperature,mean,13.766217261904762
23,2014,clear creek,UCC,USFWS,clear creek,temperature,min,11.248
24,2014,clear creek,LCC,USFWS,clear creek,temperature,max,19.318
24,2014,clear creek,LCC,USFWS,clear creek,temperature,mean,15.745312499999999
24,2014,clear creek,LCC,USFWS,clear creek,temperature,min,12.799
24,2014,clear creek,UCC,USFWS,clear creek,temperature,max,16.249
24,2014,clear creek,UCC,USFWS,clear creek,temperature,mean,13.709410714285715
24,2014,clear creek,UCC,USFWS,clear creek,temperature,min,11.686
25,2014,clear creek,LCC,USFWS,clear creek,temperature,max,19.103
25,2014,clear creek,LCC,USFWS,clear creek,temperature,mean,14.459964285714285
25,2014,clear creek,LCC,USFWS,clear creek,temperature,min,11.589
25,2014,clear creek,UCC,USFWS,clear creek,temperature,max,16.344
25,2014,clear creek,UCC,USFWS,clear creek,temperature,mean,12.981544642857143
25,2014,clear creek,UCC,USFWS,clear creek,temperature,min,11.346
26,2014,clear creek,LCC,USFWS,clear creek,temperature,max,20.436
26,2014,clear creek,LCC,USFWS,clear creek,temperature,mean,15.179255952380952
26,2014,clear creek,LCC,USFWS,clear creek,temperature,min,12.05
26,2014,clear creek,UCC,USFWS,clear creek,temperature,max,17.32
26,2014,clear creek,UCC,USFWS,clear creek,temperature,mean,13.580553571428572
26,2014,clear creek,UCC,USFWS,clear creek,temperature,min,11.637
27,2014,clear creek,LCC,USFWS,clear creek,temperature,max,20.341
27,2014,clear creek,LCC,USFWS,clear creek,temperature,mean,17.190895833333332
27,2014,clear creek,LCC,USFWS,clear creek,temperature,min,14.242
27,2014,clear creek,UCC,USFWS,clear creek,temperature,max,17.344
27,2014,clear creek,UCC,USFWS,clear creek,temperature,mean,14.907735119047619
27,2014,clear creek,UCC,USFWS,clear creek,temperature,min,12.63
28,2014,clear creek,LCC,USFWS,clear creek,temperature,max,21.437
28,2014,clear creek,LCC,USFWS,clear creek,temperature,mean,17.642532738095237
28,2014,clear creek,LCC,USFWS,clear creek,temperature,min,14.864
28,2014,clear creek,UCC,USFWS,clear creek,temperature,max,17.51
28,2014,clear creek,UCC,USFWS,clear creek,temperature,mean,15.202017857142858
28,2014,clear creek,UCC,USFWS,clear creek,temperature,min,13.04
29,2014,clear creek,LCC,USFWS,clear creek,temperature,max,21.032
29,2014,clear creek,LCC,USFWS,clear creek,temperature,mean,17.65839880952381
29,2014,clear creek,LCC,USFWS,clear creek,temperature,min,15.031
29,2014,clear creek,UCC,USFWS,clear creek,temperature,max,17.629
29,2014,clear creek,UCC,USFWS,clear creek,temperature,mean,15.345008928571428
29,2014,clear creek,UCC,USFWS,clear creek,temperature,min,13.449
30,2014,clear creek,LCC,USFWS,clear creek,temperature,max,20.841
30,2014,clear creek,LCC,USFWS,clear creek,temperature,mean,17.589416666666665
30,2014,clear creek,LCC,USFWS,clear creek,temperature,min,14.888
30,2014,clear creek,UCC,USFWS,clear creek,temperature,max,17.415
30,2014,clear creek,UCC,USFWS,clear creek,temperature,mean,15.273604166666667
30,2014,clear creek,UCC,USFWS,clear creek,temperature,min,13.233
31,2014,clear creek,LCC,USFWS,clear creek,temperature,max,21.008
31,2014,clear creek,LCC,USFWS,clear creek,temperature,mean,17.41642261904762
31,2014,clear creek,LCC,USFWS,clear creek,temperature,min,15.127
31,2014,clear creek,UCC,USFWS,clear creek,temperature,max,17.391
31,2014,clear creek,UCC,USFWS,clear creek,temperature,mean,15.180119047619048
31,2014,clear creek,UCC,USFWS,clear creek,temperature,min,13.185
32,2014,clear creek,LCC,USFWS,clear creek,temperature,max,20.627
32,2014,clear creek,LCC,USFWS,clear creek,temperature,mean,17.462645833333333
32,2014,clear creek,LCC,USFWS,clear creek,temperature,min,14.792
32,2014,clear creek,UCC,USFWS,clear creek,temperature,max,17.201
32,2014,clear creek,UCC,USFWS,clear creek,temperature,mean,15.315071428571429
32,2014,clear creek,UCC,USFWS,clear creek,temperature,min,13.353
33,2014,clear creek,LCC,USFWS,clear creek,temperature,max,20.174
33,2014,clear creek,LCC,USFWS,clear creek,temperature,mean,17.12711607142857
33,2014,clear creek,LCC,USFWS,clear creek,temperature,min,14.673
33,2014,clear creek,UCC,USFWS,clear creek,temperature,max,16.963
33,2014,clear creek,UCC,USFWS,clear creek,temperature,mean,15.139916666666666
33,2014,clear creek,UCC,USFWS,clear creek,temperature,min,13.233
34,2014,clear creek,LCC,USFWS,clear creek,temperature,max,20.007
34,2014,clear creek,LCC,USFWS,clear creek,temperature,mean,17.18022619047619
34,2014,clear creek,LCC,USFWS,clear creek,temperature,min,14.625
34,2014,clear creek,UCC,USFWS,clear creek,temperature,max,16.963
34,2014,clear creek,UCC,USFWS,clear creek,temperature,mean,15.258122023809523
34,2014,clear creek,UCC,USFWS,clear creek,temperature,min,13.305
35,2014,clear creek,LCC,USFWS,clear creek,temperature,max,19.984
35,2014,clear creek,LCC,USFWS,clear creek,temperature,mean,17.08829761904762
35,2014,clear creek,LCC,USFWS,clear creek,temperature,min,14.721
35,2014,clear creek,UCC,USFWS,clear creek,temperature,max,16.963
35,2014,clear creek,UCC,USFWS,clear creek,temperature,mean,15.303940476190476
35,2014,clear creek,UCC,USFWS,clear creek,temperature,min,13.522
36,2014,clear creek,LCC,USFWS,clear creek,temperature,max,19.318
36,2014,clear creek,LCC,USFWS,clear creek,temperature,mean,16.526940476190475
36,2014,clear creek,LCC,USFWS,clear creek,temperature,min,13.93
36,2014,clear creek,UCC,USFWS,clear creek,temperature,max,16.511
36,2014,clear creek,UCC,USFWS,clear creek,temperature,mean,15.01886607142857
36,2014,clear creek,UCC,USFWS,clear creek,temperature,min,13.161
37,2014,clear creek,LCC,USFWS,clear creek,temperature,max,19.341
37,2014,clear creek,LCC,USFWS,clear creek,temperature,mean,16.48014583333333
37,2014,clear creek,LCC,USFWS,clear creek,temperature,min,14.17
37,2014,clear creek,UCC,USFWS,clear creek,temperature,max,16.677
37,2014,clear creek,UCC,USFWS,clear creek,temperature,mean,15.04632738095238
37,2014,clear creek,UCC,USFWS,clear creek,temperature,min,13.209
38,2014,clear creek,LCC,USFWS,clear creek,temperature,max,18.699
38,2014,clear creek,LCC,USFWS,clear creek,temperature,mean,16.229321428571428
38,2014,clear creek,LCC,USFWS,clear creek,temperature,min,14.122
38,2014,clear creek,UCC,USFWS,clear creek,temperature,max,16.249
38,2014,clear creek,UCC,USFWS,clear creek,temperature,mean,14.918910714285714
38,2014,clear creek,UCC,USFWS,clear creek,temperature,min,13.281
39,2014,clear creek,LCC,USFWS,clear creek,temperature,max,17.629
39,2014,clear creek,LCC,USFWS,clear creek,temperature,mean,15.474717261904763
39,2014,clear creek,LCC,USFWS,clear creek,temperature,min,13.762
39,2014,clear creek,UCC,USFWS,clear creek,temperature,max,15.819
39,2014,clear creek,UCC,USFWS,clear creek,temperature,mean,14.556089285714286
39,2014,clear creek,UCC,USFWS,clear creek,temperature,min,13.401
40,2014,clear creek,LCC,USFWS,clear creek,temperature,max,17.843
40,2014,clear creek,LCC,USFWS,clear creek,temperature,mean,15.415544642857142
40,2014,clear creek,LCC,USFWS,clear creek,temperature,min,13.329
40,2014,clear creek,UCC,USFWS,clear creek,temperature,max,15.867
40,2014,clear creek,UCC,USFWS,clear creek,temperature,mean,14.586907738095238
40,2014,clear creek,UCC,USFWS,clear creek,temperature,min,13.233
41,2014,clear creek,LCC,USFWS,clear creek,temperature,max,17.439
41,2014,clear creek,LCC,USFWS,clear creek,temperature,mean,15.033050595238095
41,2014,clear creek,LCC,USFWS,clear creek,temperature,min,13.161
41,2014,clear creek,UCC,USFWS,clear creek,temperature,max,15.581
41,2014,clear creek,UCC,USFWS,clear creek,temperature,mean,14.387782738095238
41,2014,clear creek,UCC,USFWS,clear creek,temperature,min,12.992
42,2014,clear creek,LCC,USFWS,clear creek,temperature,max,17.011
42,2014,clear creek,LCC,USFWS,clear creek,temperature,mean,14.779747023809524
42,2014,clear creek,LCC,USFWS,clear creek,temperature,min,12.92
42,2014,clear creek,UCC,USFWS,clear creek,temperature,max,15.39
42,2014,clear creek,UCC,USFWS,clear creek,temperature,mean,14.251627976190477
42,2014,clear creek,UCC,USFWS,clear creek,temperature,min,12.799
43,2014,clear creek,LCC,USFWS,clear creek,temperature,max,16.32
43,2014,clear creek,LCC,USFWS,clear creek,temperature,mean,14.038473214285714
43,2014,clear creek,LCC,USFWS,clear creek,temperature,min,12.461
43,2014,clear creek,UCC,USFWS,clear creek,temperature,max,15.055
43,2014,clear creek,UCC,USFWS,clear creek,temperature,mean,13.847044642857142
43,2014,clear creek,UCC,USFWS,clear creek,temperature,min,12.703
44,2014,clear creek,LCC,USFWS,clear creek,temperature,max,15.843
44,2014,clear creek,LCC,USFWS,clear creek,temperature,mean,13.747958333333333
44,2014,clear creek,LCC,USFWS,clear creek,temperature,min,11.856
44,2014,clear creek,UCC,USFWS,clear creek,temperature,max,14.984
44,2014,clear creek,UCC,USFWS,clear creek,temperature,mean,13.675238365800865
44,2014,clear creek,UCC,USFWS,clear creek,temperature,min,12.243
45,2014,clear creek,LCC,USFWS,clear creek,temperature,max,15.127
45,2014,clear creek,LCC,USFWS,clear creek,temperature,mean,13.473767857142857
45,2014,clear creek,LCC,USFWS,clear creek,temperature,min,11.492
45,2014,clear creek,UCC,USFWS,clear creek,temperature,max,14.601
45,2014,clear creek,UCC,USFWS,clear creek,temperature,mean,13.510431547619048
45,2014,clear creek,UCC,USFWS,clear creek,temperature,min,11.953
46,2014,clear creek,LCC,USFWS,clear creek,temperature,max,14.577
46,2014,clear creek,LCC,USFWS,clear creek,temperature,mean,12.550172619047618
46,2014,clear creek,LCC,USFWS,clear creek,temperature,min,9.928
46,2014,clear creek,UCC,USFWS,clear creek,temperature,max,13.978
46,2014,clear creek,UCC,USFWS,clear creek,temperature,mean,12.858495250759878
46,2014,clear creek,UCC,USFWS,clear creek,temperature,min,10.907
47,2014,clear creek,LCC,USFWS,clear creek,temperature,max,13.546
47,2014,clear creek,LCC,USFWS,clear creek,temperature,mean,12.170098214285714
47,2014,clear creek,LCC,USFWS,clear creek,temperature,min,10.663
47,2014,clear creek,UCC,USFWS,clear creek,temperature,max,13.353
47,2014,clear creek,UCC,USFWS,clear creek,temperature,mean,12.565455357142858
47,2014,clear creek,UCC,USFWS,clear creek,temperature,min,11.492
48,2014,clear creek,LCC,USFWS,clear creek,temperature,max,12.871
48,2014,clear creek,LCC,USFWS,clear creek,temperature,mean,12.19207738095238
48,2014,clear creek,LCC,USFWS,clear creek,temperature,min,10.907
48,2014,clear creek,UCC,USFWS,clear creek,temperature,max,12.92
48,2014,clear creek,UCC,USFWS,clear creek,temperature,mean,12.35790773809524
48,2014,clear creek,UCC,USFWS,clear creek,temperature,min,11.589
49,2014,clear creek,LCC,USFWS,clear creek,temperature,max,13.546
49,2014,clear creek,LCC,USFWS,clear creek,temperature,mean,12.890872023809525
49,2014,clear creek,LCC,USFWS,clear creek,temperature,min,11.977
49,2014,clear creek,UCC,USFWS,clear creek,temperature,max,13.137
49,2014,clear creek,UCC,USFWS,clear creek,temperature,mean,12.712
49,2014,clear creek,UCC,USFWS,clear creek,temperature,min,12.025
50,2014,clear creek,LCC,USFWS,clear creek,temperature,max,13.112
50,2014,clear creek,LCC,USFWS,clear creek,temperature,mean,11.65110119047619
50,2014,clear creek,LCC,USFWS,clear creek,temperature,min,10.418
50,2014,clear creek,UCC,USFWS,clear creek,temperature,max,12.944
50,2014,clear creek,UCC,USFWS,clear creek,temperature,mean,11.51183630952381
50,2014,clear creek,UCC,USFWS,clear creek,temperature,min,10.638
51,2014,clear creek,LCC,USFWS,clear creek,temperature,max,12.751
51,2014,clear creek,LCC,USFWS,clear creek,temperature,mean,11.844895833333332
51,2014,clear creek,LCC,USFWS,clear creek,temperature,min,11.127
51,2014,clear creek,UCC,USFWS,clear creek,temperature,max,12.413
51,2014,clear creek,UCC,USFWS,clear creek,temperature,mean,11.6643125
51,2014,clear creek,UCC,USFWS,clear creek,temperature,min,11.005
52,2014,clear creek,LCC,USFWS,clear creek,temperature,max,12.074
52,2014,clear creek,LCC,USFWS,clear creek,temperature,mean,9.366193452380953
52,2014,clear creek,LCC,USFWS,clear creek,temperature,min,7.645
52,2014,clear creek,UCC,USFWS,clear creek,temperature,max,11.734
52,2014,clear creek,UCC,USFWS,clear creek,temperature,mean,9.511229166666666
52,2014,clear creek,UCC,USFWS,clear creek,temperature,min,8.195
53,2014,clear creek,LCC,USFWS,clear creek,temperature,max,8.568
53,2014,clear creek,LCC,USFWS,clear creek,temperature,mean,7.782979166666666
53,2014,clear creek,LCC,USFWS,clear creek,temperature,min,7.167
53,2014,clear creek,UCC,USFWS,clear creek,temperature,max,8.841
53,2014,clear creek,UCC,USFWS,clear creek,temperature,mean,8.2425625
53,2014,clear creek,UCC,USFWS,clear creek,temperature,min,7.745
1,2015,clear creek,LCC,USFWS,clear creek,temperature,max,9.78
1,2015,clear creek,LCC,USFWS,clear creek,temperature,mean,8.315898809523809
1,2015,clear creek,LCC,USFWS,clear creek,temperature,min,7.041
1,2015,clear creek,UCC,USFWS,clear creek,temperature,max,9.632
1,2015,clear creek,UCC,USFWS,clear creek,temperature,mean,8.597791666666668
1,2015,clear creek,UCC,USFWS,clear creek,temperature,min,7.619
2,2015,clear creek,LCC,USFWS,clear creek,temperature,max,10.59
2,2015,clear creek,LCC,USFWS,clear creek,temperature,mean,9.16325
2,2015,clear creek,LCC,USFWS,clear creek,temperature,min,7.67
2,2015,clear creek,UCC,USFWS,clear creek,temperature,max,10.051
2,2015,clear creek,UCC,USFWS,clear creek,temperature,mean,9.207157738095237
2,2015,clear creek,UCC,USFWS,clear creek,temperature,min,8.045
3,2015,clear creek,LCC,USFWS,clear creek,temperature,max,10.492
3,2015,clear creek,LCC,USFWS,clear creek,temperature,mean,9.38161607142857
3,2015,clear creek,LCC,USFWS,clear creek,temperature,min,7.995
3,2015,clear creek,UCC,USFWS,clear creek,temperature,max,10.1
3,2015,clear creek,UCC,USFWS,clear creek,temperature,mean,9.337005952380952
3,2015,clear creek,UCC,USFWS,clear creek,temperature,min,8.369
4,2015,clear creek,LCC,USFWS,clear creek,temperature,max,11.2
4,2015,clear creek,LCC,USFWS,clear creek,temperature,mean,9.547080357142857
4,2015,clear creek,LCC,USFWS,clear creek,temperature,min,8.02
4,2015,clear creek,UCC,USFWS,clear creek,temperature,max,10.467
4,2015,clear creek,UCC,USFWS,clear creek,temperature,mean,9.425101190476191
4,2015,clear creek,UCC,USFWS,clear creek,temperature,min,8.444
5,2015,clear creek,LCC,USFWS,clear creek,temperature,max,11.151
5,2015,clear creek,LCC,USFWS,clear creek,temperature,mean,9.669678571428571
5,2015,clear creek,LCC,USFWS,clear creek,temperature,min,8.295
5,2015,clear creek,UCC,USFWS,clear creek,temperature,max,10.32
5,2015,clear creek,UCC,USFWS,clear creek,temperature,mean,9.537354166666667
5,2015,clear creek,UCC,USFWS,clear creek,temperature,min,8.469
6,2015,clear creek,LCC,USFWS,clear creek,temperature,max,12.292
6,2015,clear creek,LCC,USFWS,clear creek,temperature,mean,11.010523809523809
6,2015,clear creek,LCC,USFWS,clear creek,temperature,min,9.534
7,2015,clear creek,LCC,USFWS,clear creek,temperature,max,12.243
7,2015,clear creek,LCC,USFWS,clear creek,temperature,mean,10.742940476190476
7,2015,clear creek,LCC,USFWS,clear creek,temperature,min,9.287
7,2015,clear creek,UCC,USFWS,clear creek,temperature,max,11.492
7,2015,clear creek,UCC,USFWS,clear creek,temperature,mean,10.362389479905437
7,2015,clear creek,UCC,USFWS,clear creek,temperature,min,9.139
8,2015,clear creek,LCC,USFWS,clear creek,temperature,max,12.098
8,2015,clear creek,LCC,USFWS,clear creek,temperature,mean,10.055869047619048
8,2015,clear creek,LCC,USFWS,clear creek,temperature,min,7.795
8,2015,clear creek,UCC,USFWS,clear creek,temperature,max,11.273
8,2015,clear creek,UCC,USFWS,clear creek,temperature,mean,9.739973214285714
8,2015,clear creek,UCC,USFWS,clear creek,temperature,min,8.045
9,2015,clear creek,LCC,USFWS,clear creek,temperature,max,12.413
9,2015,clear creek,LCC,USFWS,clear creek,temperature,mean,10.285113095238096
9,2015,clear creek,LCC,USFWS,clear creek,temperature,min,8.295
9,2015,clear creek,UCC,USFWS,clear creek,temperature,max,11.394
9,2015,clear creek,UCC,USFWS,clear creek,temperature,mean,9.91896130952381
9,2015,clear creek,UCC,USFWS,clear creek,temperature,min,8.568
10,2015,clear creek,LCC,USFWS,clear creek,temperature,max,13.497
10,2015,clear creek,LCC,USFWS,clear creek,temperature,mean,10.92197489648033
10,2015,clear creek,LCC,USFWS,clear creek,temperature,min,8.419
10,2015,clear creek,UCC,USFWS,clear creek,temperature,max,12.074
10,2015,clear creek,UCC,USFWS,clear creek,temperature,mean,10.391413043478261
10,2015,clear creek,UCC,USFWS,clear creek,temperature,min,8.444
11,2015,clear creek,LCC,USFWS,clear creek,temperature,max,14.601
11,2015,clear creek,LCC,USFWS,clear creek,temperature,mean,11.981875
11,2015,clear creek,LCC,USFWS,clear creek,temperature,min,10.369
11,2015,clear creek,UCC,USFWS,clear creek,temperature,max,12.558
11,2015,clear creek,UCC,USFWS,clear creek,temperature,mean,11.159536361283644
11,2015,clear creek,UCC,USFWS,clear creek,temperature,min,9.854
12,2015,clear creek,LCC,USFWS,clear creek,temperature,max,14.721
12,2015,clear creek,LCC,USFWS,clear creek,temperature,mean,12.055279761904762
12,2015,clear creek,LCC,USFWS,clear creek,temperature,min,10.124
12,2015,clear creek,UCC,USFWS,clear creek,temperature,max,12.968
12,2015,clear creek,UCC,USFWS,clear creek,temperature,mean,11.11633630952381
12,2015,clear creek,UCC,USFWS,clear creek,temperature,min,9.731
13,2015,clear creek,LCC,USFWS,clear creek,temperature,max,15.652
13,2015,clear creek,LCC,USFWS,clear creek,temperature,mean,12.9379375
13,2015,clear creek,LCC,USFWS,clear creek,temperature,min,10.198
13,2015,clear creek,UCC,USFWS,clear creek,temperature,max,13.522
13,2015,clear creek,UCC,USFWS,clear creek,temperature,mean,11.786
13,2015,clear creek,UCC,USFWS,clear creek,temperature,min,9.731
14,2015,clear creek,LCC,USFWS,clear creek,temperature,max,14.433
14,2015,clear creek,LCC,USFWS,clear creek,temperature,mean,11.575380952380952
14,2015,clear creek,LCC,USFWS,clear creek,temperature,min,9.558
14,2015,clear creek,UCC,USFWS,clear creek,temperature,max,13.161
14,2015,clear creek,UCC,USFWS,clear creek,temperature,mean,10.921973214285714
14,2015,clear creek,UCC,USFWS,clear creek,temperature,min,9.336
15,2015,clear creek,LCC,USFWS,clear creek,temperature,max,15.843
15,2015,clear creek,LCC,USFWS,clear creek,temperature,mean,12.658127976190476
15,2015,clear creek,LCC,USFWS,clear creek,temperature,min,9.534
15,2015,clear creek,UCC,USFWS,clear creek,temperature,max,13.906
15,2015,clear creek,UCC,USFWS,clear creek,temperature,mean,11.704526785714286
15,2015,clear creek,UCC,USFWS,clear creek,temperature,min,9.386
16,2015,clear creek,LCC,USFWS,clear creek,temperature,max,17.463
16,2015,clear creek,LCC,USFWS,clear creek,temperature,mean,14.256797619047619
16,2015,clear creek,LCC,USFWS,clear creek,temperature,min,10.907
16,2015,clear creek,UCC,USFWS,clear creek,temperature,max,14.984
16,2015,clear creek,UCC,USFWS,clear creek,temperature,mean,12.787639880952382
16,2015,clear creek,UCC,USFWS,clear creek,temperature,min,10.296
17,2015,clear creek,LCC,USFWS,clear creek,temperature,max,18.01
17,2015,clear creek,LCC,USFWS,clear creek,temperature,mean,14.462241071428572
17,2015,clear creek,LCC,USFWS,clear creek,temperature,min,11.613
17,2015,clear creek,UCC,USFWS,clear creek,temperature,max,15.247
17,2015,clear creek,UCC,USFWS,clear creek,temperature,mean,12.899669642857143
17,2015,clear creek,UCC,USFWS,clear creek,temperature,min,10.834
18,2015,clear creek,LCC,USFWS,clear creek,temperature,max,18.01
18,2015,clear creek,LCC,USFWS,clear creek,temperature,mean,15.096119047619048
18,2015,clear creek,LCC,USFWS,clear creek,temperature,min,12.509
18,2015,clear creek,UCC,USFWS,clear creek,temperature,max,15.366
18,2015,clear creek,UCC,USFWS,clear creek,temperature,mean,13.298196428571428
18,2015,clear creek,UCC,USFWS,clear creek,temperature,min,11.346
19,2015,clear creek,LCC,USFWS,clear creek,temperature,max,17.986
19,2015,clear creek,LCC,USFWS,clear creek,temperature,mean,14.700723214285714
19,2015,clear creek,LCC,USFWS,clear creek,temperature,min,12.122
19,2015,clear creek,UCC,USFWS,clear creek,temperature,max,15.438
19,2015,clear creek,UCC,USFWS,clear creek,temperature,mean,13.083461309523809
19,2015,clear creek,UCC,USFWS,clear creek,temperature,min,11.127
20,2015,clear creek,LCC,USFWS,clear creek,temperature,max,17.249
20,2015,clear creek,LCC,USFWS,clear creek,temperature,mean,14.321044642857142
20,2015,clear creek,LCC,USFWS,clear creek,temperature,min,12.413
20,2015,clear creek,UCC,USFWS,clear creek,temperature,max,14.888
20,2015,clear creek,UCC,USFWS,clear creek,temperature,mean,13.021892857142857
20,2015,clear creek,UCC,USFWS,clear creek,temperature,min,11.492
21,2015,clear creek,LCC,USFWS,clear creek,temperature,max,19.651
21,2015,clear creek,LCC,USFWS,clear creek,temperature,mean,14.299568452380953
21,2015,clear creek,LCC,USFWS,clear creek,temperature,min,12.001
21,2015,clear creek,UCC,USFWS,clear creek,temperature,max,16.439
21,2015,clear creek,UCC,USFWS,clear creek,temperature,mean,13.14164880952381
21,2015,clear creek,UCC,USFWS,clear creek,temperature,min,11.856
22,2015,clear creek,LCC,USFWS,clear creek,temperature,max,19.96
22,2015,clear creek,LCC,USFWS,clear creek,temperature,mean,16.217958333333332
22,2015,clear creek,LCC,USFWS,clear creek,temperature,min,13.762
22,2015,clear creek,UCC,USFWS,clear creek,temperature,max,16.701
22,2015,clear creek,UCC,USFWS,clear creek,temperature,mean,14.17077380952381
22,2015,clear creek,UCC,USFWS,clear creek,temperature,min,12.171
23,2015,clear creek,LCC,USFWS,clear creek,temperature,max,20.507
23,2015,clear creek,LCC,USFWS,clear creek,temperature,mean,17.25623511904762
23,2015,clear creek,LCC,USFWS,clear creek,temperature,min,13.978
23,2015,clear creek,UCC,USFWS,clear creek,temperature,max,17.153
23,2015,clear creek,UCC,USFWS,clear creek,temperature,mean,14.80358656832298
23,2015,clear creek,UCC,USFWS,clear creek,temperature,min,12.63
24,2015,clear creek,LCC,USFWS,clear creek,temperature,max,20.817
24,2015,clear creek,LCC,USFWS,clear creek,temperature,mean,17.213395833333333
24,2015,clear creek,LCC,USFWS,clear creek,temperature,min,13.377
24,2015,clear creek,UCC,USFWS,clear creek,temperature,max,17.296
24,2015,clear creek,UCC,USFWS,clear creek,temperature,mean,14.694315476190477
24,2015,clear creek,UCC,USFWS,clear creek,temperature,min,12.509
25,2015,clear creek,LCC,USFWS,clear creek,temperature,max,20.436
25,2015,clear creek,LCC,USFWS,clear creek,temperature,mean,16.509377976190475
25,2015,clear creek,LCC,USFWS,clear creek,temperature,min,12.992
25,2015,clear creek,UCC,USFWS,clear creek,temperature,max,17.272
25,2015,clear creek,UCC,USFWS,clear creek,temperature,mean,14.477193452380952
25,2015,clear creek,UCC,USFWS,clear creek,temperature,min,12.364
26,2015,clear creek,LCC,USFWS,clear creek,temperature,max,21.342
26,2015,clear creek,LCC,USFWS,clear creek,temperature,mean,18.0204375
26,2015,clear creek,LCC,USFWS,clear creek,temperature,min,15.39
26,2015,clear creek,UCC,USFWS,clear creek,temperature,max,17.724
26,2015,clear creek,UCC,USFWS,clear creek,temperature,mean,15.416497023809523
26,2015,clear creek,UCC,USFWS,clear creek,temperature,min,13.257
27,2015,clear creek,LCC,USFWS,clear creek,temperature,max,21.581
27,2015,clear creek,LCC,USFWS,clear creek,temperature,mean,18.394035714285714
27,2015,clear creek,LCC,USFWS,clear creek,temperature,min,16.01
27,2015,clear creek,UCC,USFWS,clear creek,temperature,max,17.938
27,2015,clear creek,UCC,USFWS,clear creek,temperature,mean,15.766190476190475
27,2015,clear creek,UCC,USFWS,clear creek,temperature,min,13.762
28,2015,clear creek,LCC,USFWS,clear creek,temperature,max,21.342
28,2015,clear creek,LCC,USFWS,clear creek,temperature,mean,17.476389880952382
28,2015,clear creek,LCC,USFWS,clear creek,temperature,min,15.055
28,2015,clear creek,UCC,USFWS,clear creek,temperature,max,17.962
28,2015,clear creek,UCC,USFWS,clear creek,temperature,mean,15.333815476190477
28,2015,clear creek,UCC,USFWS,clear creek,temperature,min,13.666
29,2015,clear creek,LCC,USFWS,clear creek,temperature,max,21.748
29,2015,clear creek,LCC,USFWS,clear creek,temperature,mean,18.537401785714287
29,2015,clear creek,LCC,USFWS,clear creek,temperature,min,15.748
29,2015,clear creek,UCC,USFWS,clear creek,temperature,max,18.2
29,2015,clear creek,UCC,USFWS,clear creek,temperature,mean,15.913491071428572
29,2015,clear creek,UCC,USFWS,clear creek,temperature,min,13.546
30,2015,clear creek,LCC,USFWS,clear creek,temperature,max,20.793
30,2015,clear creek,LCC,USFWS,clear creek,temperature,mean,17.385943452380953
30,2015,clear creek,LCC,USFWS,clear creek,temperature,min,14.697
30,2015,clear creek,UCC,USFWS,clear creek,temperature,max,17.344
30,2015,clear creek,UCC,USFWS,clear creek,temperature,mean,15.079529761904762
30,2015,clear creek,UCC,USFWS,clear creek,temperature,min,12.944
31,2015,clear creek,LCC,USFWS,clear creek,temperature,max,20.46
31,2015,clear creek,LCC,USFWS,clear creek,temperature,mean,17.187318452380953
31,2015,clear creek,LCC,USFWS,clear creek,temperature,min,14.697
31,2015,clear creek,UCC,USFWS,clear creek,temperature,max,17.201
31,2015,clear creek,UCC,USFWS,clear creek,temperature,mean,15.061464285714285
31,2015,clear creek,UCC,USFWS,clear creek,temperature,min,13.257
32,2015,clear creek,LCC,USFWS,clear creek,temperature,max,19.912
32,2015,clear creek,LCC,USFWS,clear creek,temperature,mean,16.943285714285715
32,2015,clear creek,LCC,USFWS,clear creek,temperature,min,14.577
32,2015,clear creek,UCC,USFWS,clear creek,temperature,max,16.773
32,2015,clear creek,UCC,USFWS,clear creek,temperature,mean,14.99308630952381
32,2015,clear creek,UCC,USFWS,clear creek,temperature,min,13.185
33,2015,clear creek,LCC,USFWS,clear creek,temperature,max,20.174
33,2015,clear creek,LCC,USFWS,clear creek,temperature,mean,16.940806547619047
33,2015,clear creek,LCC,USFWS,clear creek,temperature,min,14.481
33,2015,clear creek,UCC,USFWS,clear creek,temperature,max,17.011
33,2015,clear creek,UCC,USFWS,clear creek,temperature,mean,15.032392857142858
33,2015,clear creek,UCC,USFWS,clear creek,temperature,min,13.112
34,2015,clear creek,LCC,USFWS,clear creek,temperature,max,19.936
34,2015,clear creek,LCC,USFWS,clear creek,temperature,mean,17.059059523809523
34,2015,clear creek,LCC,USFWS,clear creek,temperature,min,14.768
34,2015,clear creek,UCC,USFWS,clear creek,temperature,max,16.796
34,2015,clear creek,UCC,USFWS,clear creek,temperature,mean,15.160794642857143
34,2015,clear creek,UCC,USFWS,clear creek,temperature,min,13.449
35,2015,clear creek,LCC,USFWS,clear creek,temperature,max,20.198
35,2015,clear creek,LCC,USFWS,clear creek,temperature,mean,17.134732142857143
35,2015,clear creek,LCC,USFWS,clear creek,temperature,min,14.385
35,2015,clear creek,UCC,USFWS,clear creek,temperature,max,17.177
35,2015,clear creek,UCC,USFWS,clear creek,temperature,mean,15.444526785714286
35,2015,clear creek,UCC,USFWS,clear creek,temperature,min,13.618
36,2015,clear creek,LCC,USFWS,clear creek,temperature,max,19.246
36,2015,clear creek,LCC,USFWS,clear creek,temperature,mean,16.40189880952381
36,2015,clear creek,LCC,USFWS,clear creek,temperature,min,13.978
36,2015,clear creek,UCC,USFWS,clear creek,temperature,max,16.677
36,2015,clear creek,UCC,USFWS,clear creek,temperature,mean,15.094404761904762
36,2015,clear creek,UCC,USFWS,clear creek,temperature,min,13.281
37,2015,clear creek,LCC,USFWS,clear creek,temperature,max,19.389
37,2015,clear creek,LCC,USFWS,clear creek,temperature,mean,15.985407738095239
37,2015,clear creek,LCC,USFWS,clear creek,temperature,min,13.546
37,2015,clear creek,UCC,USFWS,clear creek,temperature,max,16.725
37,2015,clear creek,UCC,USFWS,clear creek,temperature,mean,14.90160119047619
37,2015,clear creek,UCC,USFWS,clear creek,temperature,min,13.305
38,2015,clear creek,LCC,USFWS,clear creek,temperature,max,18.58
38,2015,clear creek,LCC,USFWS,clear creek,temperature,mean,15.993880952380952
38,2015,clear creek,LCC,USFWS,clear creek,temperature,min,13.834
38,2015,clear creek,UCC,USFWS,clear creek,temperature,max,16.677
38,2015,clear creek,UCC,USFWS,clear creek,temperature,mean,15.096422619047619
38,2015,clear creek,UCC,USFWS,clear creek,temperature,min,13.738
39,2015,clear creek,LCC,USFWS,clear creek,temperature,max,17.986
39,2015,clear creek,LCC,USFWS,clear creek,temperature,mean,15.604806547619047
39,2015,clear creek,LCC,USFWS,clear creek,temperature,min,13.353
39,2015,clear creek,UCC,USFWS,clear creek,temperature,max,16.296
39,2015,clear creek,UCC,USFWS,clear creek,temperature,mean,14.82119642857143
39,2015,clear creek,UCC,USFWS,clear creek,temperature,min,13.377
40,2015,clear creek,LCC,USFWS,clear creek,temperature,max,17.368
40,2015,clear creek,LCC,USFWS,clear creek,temperature,mean,15.245583333333334
40,2015,clear creek,LCC,USFWS,clear creek,temperature,min,13.473
40,2015,clear creek,UCC,USFWS,clear creek,temperature,max,15.891
40,2015,clear creek,UCC,USFWS,clear creek,temperature,mean,14.648988095238096
40,2015,clear creek,UCC,USFWS,clear creek,temperature,min,13.594
41,2015,clear creek,LCC,USFWS,clear creek,temperature,max,17.201
41,2015,clear creek,LCC,USFWS,clear creek,temperature,mean,15.166327380952382
41,2015,clear creek,LCC,USFWS,clear creek,temperature,min,13.377
41,2015,clear creek,UCC,USFWS,clear creek,temperature,max,15.7
41,2015,clear creek,UCC,USFWS,clear creek,temperature,mean,14.560315476190477
41,2015,clear creek,UCC,USFWS,clear creek,temperature,min,13.401
42,2015,clear creek,LCC,USFWS,clear creek,temperature,max,16.654
42,2015,clear creek,LCC,USFWS,clear creek,temperature,mean,14.871431547619048
42,2015,clear creek,LCC,USFWS,clear creek,temperature,min,13.161
42,2015,clear creek,UCC,USFWS,clear creek,temperature,max,15.676
42,2015,clear creek,UCC,USFWS,clear creek,temperature,mean,14.406238095238095
42,2015,clear creek,UCC,USFWS,clear creek,temperature,min,13.257
43,2015,clear creek,LCC,USFWS,clear creek,temperature,max,16.129
43,2015,clear creek,LCC,USFWS,clear creek,temperature,mean,14.39311607142857
43,2015,clear creek,LCC,USFWS,clear creek,temperature,min,12.968
43,2015,clear creek,UCC,USFWS,clear creek,temperature,max,15.199
43,2015,clear creek,UCC,USFWS,clear creek,temperature,mean,14.170958333333333
43,2015,clear creek,UCC,USFWS,clear creek,temperature,min,13.257
44,2015,clear creek,LCC,USFWS,clear creek,temperature,max,15.533
44,2015,clear creek,LCC,USFWS,clear creek,temperature,mean,13.860970238095238
44,2015,clear creek,LCC,USFWS,clear creek,temperature,min,11.734
44,2015,clear creek,UCC,USFWS,clear creek,temperature,max,15.031
44,2015,clear creek,UCC,USFWS,clear creek,temperature,mean,13.867410714285715
44,2015,clear creek,UCC,USFWS,clear creek,temperature,min,12.461
45,2015,clear creek,LCC,USFWS,clear creek,temperature,max,13.93
45,2015,clear creek,LCC,USFWS,clear creek,temperature,mean,12.585848214285715
45,2015,clear creek,LCC,USFWS,clear creek,temperature,min,10.81
45,2015,clear creek,UCC,USFWS,clear creek,temperature,max,14.29
45,2015,clear creek,UCC,USFWS,clear creek,temperature,mean,13.033794642857142
45,2015,clear creek,UCC,USFWS,clear creek,temperature,min,11.856
46,2015,clear creek,LCC,USFWS,clear creek,temperature,max,13.594
46,2015,clear creek,LCC,USFWS,clear creek,temperature,mean,11.964142857142857
46,2015,clear creek,LCC,USFWS,clear creek,temperature,min,10.296
46,2015,clear creek,UCC,USFWS,clear creek,temperature,max,13.738
46,2015,clear creek,UCC,USFWS,clear creek,temperature,mean,12.419800595238096
46,2015,clear creek,UCC,USFWS,clear creek,temperature,min,11.224
47,2015,clear creek,LCC,USFWS,clear creek,temperature,max,13.329
47,2015,clear creek,LCC,USFWS,clear creek,temperature,mean,11.643428571428572
47,2015,clear creek,LCC,USFWS,clear creek,temperature,min,9.731
47,2015,clear creek,UCC,USFWS,clear creek,temperature,max,13.185
47,2015,clear creek,UCC,USFWS,clear creek,temperature,mean,11.940377976190476
47,2015,clear creek,UCC,USFWS,clear creek,temperature,min,10.59
48,2015,clear creek,LCC,USFWS,clear creek,temperature,max,11.492
48,2015,clear creek,LCC,USFWS,clear creek,temperature,mean,9.881627976190476
48,2015,clear creek,LCC,USFWS,clear creek,temperature,min,8.319
48,2015,clear creek,UCC,USFWS,clear creek,temperature,max,11.394
48,2015,clear creek,UCC,USFWS,clear creek,temperature,mean,10.600860119047619
48,2015,clear creek,UCC,USFWS,clear creek,temperature,min,9.583
49,2015,clear creek,LCC,USFWS,clear creek,temperature,max,11.419
49,2015,clear creek,LCC,USFWS,clear creek,temperature,mean,10.484776785714285
49,2015,clear creek,LCC,USFWS,clear creek,temperature,min,9.238
49,2015,clear creek,UCC,USFWS,clear creek,temperature,max,11.005
49,2015,clear creek,UCC,USFWS,clear creek,temperature,mean,10.379407738095239
49,2015,clear creek,UCC,USFWS,clear creek,temperature,min,9.657
50,2015,clear creek,LCC,USFWS,clear creek,temperature,max,11.053
50,2015,clear creek,LCC,USFWS,clear creek,temperature,mean,9.404860119047619
50,2015,clear creek,LCC,USFWS,clear creek,temperature,min,7.895
50,2015,clear creek,UCC,USFWS,clear creek,temperature,max,10.712
50,2015,clear creek,UCC,USFWS,clear creek,temperature,mean,9.566339285714285
50,2015,clear creek,UCC,USFWS,clear creek,temperature,min,8.519
51,2015,clear creek,LCC,USFWS,clear creek,temperature,max,10.198
51,2015,clear creek,LCC,USFWS,clear creek,temperature,mean,9.200992346938776
51,2015,clear creek,LCC,USFWS,clear creek,temperature,min,8.195
51,2015,clear creek,UCC,USFWS,clear creek,temperature,max,10.026
51,2015,clear creek,UCC,USFWS,clear creek,temperature,mean,9.241553571428572
51,2015,clear creek,UCC,USFWS,clear creek,temperature,min,8.344
52,2015,clear creek,LCC,USFWS,clear creek,temperature,max,9.361
52,2015,clear creek,LCC,USFWS,clear creek,temperature,mean,7.857952380952381
52,2015,clear creek,LCC,USFWS,clear creek,temperature,min,6.636
52,2015,clear creek,UCC,USFWS,clear creek,temperature,max,8.99
52,2015,clear creek,UCC,USFWS,clear creek,temperature,mean,8.123026785714286
52,2015,clear creek,UCC,USFWS,clear creek,temperature,min,7.393
53,2015,clear creek,LCC,USFWS,clear creek,temperature,max,7.82
53,2015,clear creek,LCC,USFWS,clear creek,temperature,mean,7.0834375
53,2015,clear creek,LCC,USFWS,clear creek,temperature,min,6.408
53,2015,clear creek,UCC,USFWS,clear creek,temperature,max,8.095
53,2015,clear creek,UCC,USFWS,clear creek,temperature,mean,7.6206875
53,2015,clear creek,UCC,USFWS,clear creek,temperature,min,7.217
1,2016,clear creek,LCC,USFWS,clear creek,temperature,max,8.941
1,2016,clear creek,LCC,USFWS,clear creek,temperature,mean,7.830854166666667
1,2016,clear creek,LCC,USFWS,clear creek,temperature,min,6.204
1,2016,clear creek,UCC,USFWS,clear creek,temperature,max,8.568
1,2016,clear creek,UCC,USFWS,clear creek,temperature,mean,7.870131944444444
1,2016,clear creek,UCC,USFWS,clear creek,temperature,min,6.889
2,2016,clear creek,LCC,USFWS,clear creek,temperature,max,9.534
2,2016,clear creek,LCC,USFWS,clear creek,temperature,mean,8.330389880952382
2,2016,clear creek,LCC,USFWS,clear creek,temperature,min,7.368
2,2016,clear creek,UCC,USFWS,clear creek,temperature,max,9.139
2,2016,clear creek,UCC,USFWS,clear creek,temperature,mean,8.109056547619048
2,2016,clear creek,UCC,USFWS,clear creek,temperature,min,7.242
3,2016,clear creek,LCC,USFWS,clear creek,temperature,max,10.663
3,2016,clear creek,LCC,USFWS,clear creek,temperature,mean,9.485223214285714
3,2016,clear creek,LCC,USFWS,clear creek,temperature,min,7.77
3,2016,clear creek,UCC,USFWS,clear creek,temperature,max,10.565
3,2016,clear creek,UCC,USFWS,clear creek,temperature,mean,9.256607142857144
3,2016,clear creek,UCC,USFWS,clear creek,temperature,min,7.469
4,2016,clear creek,LCC,USFWS,clear creek,temperature,max,10.761
4,2016,clear creek,LCC,USFWS,clear creek,temperature,mean,9.531291666666666
4,2016,clear creek,LCC,USFWS,clear creek,temperature,min,8.319
4,2016,clear creek,UCC,USFWS,clear creek,temperature,max,10.418
4,2016,clear creek,UCC,USFWS,clear creek,temperature,mean,9.24402380952381
4,2016,clear creek,UCC,USFWS,clear creek,temperature,min,8.27
5,2016,clear creek,LCC,USFWS,clear creek,temperature,max,10.492
5,2016,clear creek,LCC,USFWS,clear creek,temperature,mean,8.654785714285714
5,2016,clear creek,LCC,USFWS,clear creek,temperature,min,7.167
5,2016,clear creek,UCC,USFWS,clear creek,temperature,max,10.394
5,2016,clear creek,UCC,USFWS,clear creek,temperature,mean,8.410461309523809
5,2016,clear creek,UCC,USFWS,clear creek,temperature,min,7.167
6,2016,clear creek,LCC,USFWS,clear creek,temperature,max,11.005
6,2016,clear creek,LCC,USFWS,clear creek,temperature,mean,9.187261904761904
6,2016,clear creek,LCC,USFWS,clear creek,temperature,min,7.469
6,2016,clear creek,UCC,USFWS,clear creek,temperature,max,10.026
6,2016,clear creek,UCC,USFWS,clear creek,temperature,mean,8.727104546605876
6,2016,clear creek,UCC,USFWS,clear creek,temperature,min,7.544
7,2016,clear creek,LCC,USFWS,clear creek,temperature,max,11.783
7,2016,clear creek,LCC,USFWS,clear creek,temperature,mean,9.681077380952381
7,2016,clear creek,LCC,USFWS,clear creek,temperature,min,8.12
7,2016,clear creek,UCC,USFWS,clear creek,temperature,max,10.467
7,2016,clear creek,UCC,USFWS,clear creek,temperature,mean,9.12573511904762
7,2016,clear creek,UCC,USFWS,clear creek,temperature,min,8.045
8,2016,clear creek,LCC,USFWS,clear creek,temperature,max,11.224
8,2016,clear creek,LCC,USFWS,clear creek,temperature,mean,9.384377976190477
8,2016,clear creek,LCC,USFWS,clear creek,temperature,min,7.67
8,2016,clear creek,UCC,USFWS,clear creek,temperature,max,10.271
8,2016,clear creek,UCC,USFWS,clear creek,temperature,mean,8.9760625
8,2016,clear creek,UCC,USFWS,clear creek,temperature,min,7.645
9,2016,clear creek,LCC,USFWS,clear creek,temperature,max,11.88
9,2016,clear creek,LCC,USFWS,clear creek,temperature,mean,9.915973214285714
9,2016,clear creek,LCC,USFWS,clear creek,temperature,min,8.22
9,2016,clear creek,UCC,USFWS,clear creek,temperature,max,10.516
9,2016,clear creek,UCC,USFWS,clear creek,temperature,mean,9.370431547619047
9,2016,clear creek,UCC,USFWS,clear creek,temperature,min,8.145
10,2016,clear creek,LCC,USFWS,clear creek,temperature,max,11.297
10,2016,clear creek,LCC,USFWS,clear creek,temperature,mean,10.329875
10,2016,clear creek,LCC,USFWS,clear creek,temperature,min,8.916
10,2016,clear creek,UCC,USFWS,clear creek,temperature,max,11.151
10,2016,clear creek,UCC,USFWS,clear creek,temperature,mean,9.945119047619048
10,2016,clear creek,UCC,USFWS,clear creek,temperature,min,8.767
11,2016,clear creek,LCC,USFWS,clear creek,temperature,max,13.112
11,2016,clear creek,LCC,USFWS,clear creek,temperature,mean,10.849372023809524
11,2016,clear creek,LCC,USFWS,clear creek,temperature,min,9.706
11,2016,clear creek,UCC,USFWS,clear creek,temperature,max,12.316
11,2016,clear creek,UCC,USFWS,clear creek,temperature,mean,10.536687500000001
11,2016,clear creek,UCC,USFWS,clear creek,temperature,min,9.485
12,2016,clear creek,LCC,USFWS,clear creek,temperature,max,13.858
12,2016,clear creek,LCC,USFWS,clear creek,temperature,mean,11.401776785714286
12,2016,clear creek,LCC,USFWS,clear creek,temperature,min,9.139
12,2016,clear creek,UCC,USFWS,clear creek,temperature,max,12.678
12,2016,clear creek,UCC,USFWS,clear creek,temperature,mean,10.695089285714285
12,2016,clear creek,UCC,USFWS,clear creek,temperature,min,8.916
13,2016,clear creek,LCC,USFWS,clear creek,temperature,max,14.194
13,2016,clear creek,LCC,USFWS,clear creek,temperature,mean,11.438669642857143
13,2016,clear creek,LCC,USFWS,clear creek,temperature,min,9.287
13,2016,clear creek,UCC,USFWS,clear creek,temperature,max,12.823
13,2016,clear creek,UCC,USFWS,clear creek,temperature,mean,10.617169642857142
13,2016,clear creek,UCC,USFWS,clear creek,temperature,min,8.965
14,2016,clear creek,LCC,USFWS,clear creek,temperature,max,15.676
14,2016,clear creek,LCC,USFWS,clear creek,temperature,mean,12.965803571428571
14,2016,clear creek,LCC,USFWS,clear creek,temperature,min,10.394
14,2016,clear creek,UCC,USFWS,clear creek,temperature,max,13.81
14,2016,clear creek,UCC,USFWS,clear creek,temperature,mean,11.731041666666666
14,2016,clear creek,UCC,USFWS,clear creek,temperature,min,9.854
15,2016,clear creek,LCC,USFWS,clear creek,temperature,max,15.461
15,2016,clear creek,LCC,USFWS,clear creek,temperature,mean,12.59817261904762
15,2016,clear creek,LCC,USFWS,clear creek,temperature,min,10.247
15,2016,clear creek,UCC,USFWS,clear creek,temperature,max,13.642
15,2016,clear creek,UCC,USFWS,clear creek,temperature,mean,11.511080357142857
15,2016,clear creek,UCC,USFWS,clear creek,temperature,min,9.731
16,2016,clear creek,LCC,USFWS,clear creek,temperature,max,16.272
16,2016,clear creek,LCC,USFWS,clear creek,temperature,mean,13.137574404761905
16,2016,clear creek,LCC,USFWS,clear creek,temperature,min,9.657
16,2016,clear creek,UCC,USFWS,clear creek,temperature,max,14.05
16,2016,clear creek,UCC,USFWS,clear creek,temperature,mean,11.777369047619047
16,2016,clear creek,UCC,USFWS,clear creek,temperature,min,9.41
17,2016,clear creek,LCC,USFWS,clear creek,temperature,max,15.986
17,2016,clear creek,LCC,USFWS,clear creek,temperature,mean,12.389238095238095
17,2016,clear creek,LCC,USFWS,clear creek,temperature,min,10.075
17,2016,clear creek,UCC,USFWS,clear creek,temperature,max,13.93
17,2016,clear creek,UCC,USFWS,clear creek,temperature,mean,11.27991369047619
17,2016,clear creek,UCC,USFWS,clear creek,temperature,min,9.657
18,2016,clear creek,LCC,USFWS,clear creek,temperature,max,16.606
18,2016,clear creek,LCC,USFWS,clear creek,temperature,mean,13.489910714285715
18,2016,clear creek,LCC,USFWS,clear creek,temperature,min,10.883
18,2016,clear creek,UCC,USFWS,clear creek,temperature,max,14.29
18,2016,clear creek,UCC,USFWS,clear creek,temperature,mean,12.04080357142857
18,2016,clear creek,UCC,USFWS,clear creek,temperature,min,10.296
19,2016,clear creek,LCC,USFWS,clear creek,temperature,max,17.153
19,2016,clear creek,LCC,USFWS,clear creek,temperature,mean,13.662214285714285
19,2016,clear creek,LCC,USFWS,clear creek,temperature,min,11.589
19,2016,clear creek,UCC,USFWS,clear creek,temperature,max,14.768
19,2016,clear creek,UCC,USFWS,clear creek,temperature,mean,12.194556547619047
19,2016,clear creek,UCC,USFWS,clear creek,temperature,min,10.663
20,2016,clear creek,LCC,USFWS,clear creek,temperature,max,17.867
20,2016,clear creek,LCC,USFWS,clear creek,temperature,mean,14.683238095238096
20,2016,clear creek,LCC,USFWS,clear creek,temperature,min,11.734
20,2016,clear creek,UCC,USFWS,clear creek,temperature,max,15.247
20,2016,clear creek,UCC,USFWS,clear creek,temperature,mean,12.727500000000001
20,2016,clear creek,UCC,USFWS,clear creek,temperature,min,10.712
21,2016,clear creek,LCC,USFWS,clear creek,temperature,max,16.272
21,2016,clear creek,LCC,USFWS,clear creek,temperature,mean,13.16161011904762
21,2016,clear creek,LCC,USFWS,clear creek,temperature,min,11.321
21,2016,clear creek,UCC,USFWS,clear creek,temperature,max,14.218
21,2016,clear creek,UCC,USFWS,clear creek,temperature,mean,11.871642857142858
21,2016,clear creek,UCC,USFWS,clear creek,temperature,min,10.638
22,2016,clear creek,LCC,USFWS,clear creek,temperature,max,19.341
22,2016,clear creek,LCC,USFWS,clear creek,temperature,mean,15.339238095238095
22,2016,clear creek,LCC,USFWS,clear creek,temperature,min,11.589
22,2016,clear creek,UCC,USFWS,clear creek,temperature,max,16.034
22,2016,clear creek,UCC,USFWS,clear creek,temperature,mean,13.261931547619048
22,2016,clear creek,UCC,USFWS,clear creek,temperature,min,11.005
23,2016,clear creek,LCC,USFWS,clear creek,temperature,max,20.007
23,2016,clear creek,LCC,USFWS,clear creek,temperature,mean,15.57375
23,2016,clear creek,LCC,USFWS,clear creek,temperature,min,11.977
23,2016,clear creek,UCC,USFWS,clear creek,temperature,max,16.296
23,2016,clear creek,UCC,USFWS,clear creek,temperature,mean,13.350910714285714
23,2016,clear creek,UCC,USFWS,clear creek,temperature,min,11.273
24,2016,clear creek,LCC,USFWS,clear creek,temperature,max,19.651
24,2016,clear creek,LCC,USFWS,clear creek,temperature,mean,15.223002976190477
24,2016,clear creek,LCC,USFWS,clear creek,temperature,min,12.098
24,2016,clear creek,UCC,USFWS,clear creek,temperature,max,16.177
24,2016,clear creek,UCC,USFWS,clear creek,temperature,mean,13.255369047619048
24,2016,clear creek,UCC,USFWS,clear creek,temperature,min,11.248
25,2016,clear creek,LCC,USFWS,clear creek,temperature,max,20.126
25,2016,clear creek,LCC,USFWS,clear creek,temperature,mean,14.835910714285713
25,2016,clear creek,LCC,USFWS,clear creek,temperature,min,11.565
25,2016,clear creek,UCC,USFWS,clear creek,temperature,max,16.106
25,2016,clear creek,UCC,USFWS,clear creek,temperature,mean,13.046285714285714
25,2016,clear creek,UCC,USFWS,clear creek,temperature,min,11.273
26,2016,clear creek,LCC,USFWS,clear creek,temperature,max,22.178
26,2016,clear creek,LCC,USFWS,clear creek,temperature,mean,15.725898809523809
26,2016,clear creek,LCC,USFWS,clear creek,temperature,min,11.662
26,2016,clear creek,UCC,USFWS,clear creek,temperature,max,17.106
26,2016,clear creek,UCC,USFWS,clear creek,temperature,mean,13.725779761904763
26,2016,clear creek,UCC,USFWS,clear creek,temperature,min,11.346
27,2016,clear creek,LCC,USFWS,clear creek,temperature,max,22.537
27,2016,clear creek,LCC,USFWS,clear creek,temperature,mean,18.82898511904762
27,2016,clear creek,LCC,USFWS,clear creek,temperature,min,15.986
27,2016,clear creek,UCC,USFWS,clear creek,temperature,max,17.106
27,2016,clear creek,UCC,USFWS,clear creek,temperature,mean,15.387279761904763
27,2016,clear creek,UCC,USFWS,clear creek,temperature,min,12.896
28,2016,clear creek,LCC,USFWS,clear creek,temperature,max,24.219
28,2016,clear creek,LCC,USFWS,clear creek,temperature,mean,19.106184523809524
28,2016,clear creek,LCC,USFWS,clear creek,temperature,min,15.509
28,2016,clear creek,UCC,USFWS,clear creek,temperature,max,17.962
28,2016,clear creek,UCC,USFWS,clear creek,temperature,mean,15.940041666666666
28,2016,clear creek,UCC,USFWS,clear creek,temperature,min,13.161
29,2016,clear creek,LCC,USFWS,clear creek,temperature,max,24.412
29,2016,clear creek,LCC,USFWS,clear creek,temperature,mean,19.876083333333334
29,2016,clear creek,LCC,USFWS,clear creek,temperature,min,16.106
29,2016,clear creek,UCC,USFWS,clear creek,temperature,max,18.129
29,2016,clear creek,UCC,USFWS,clear creek,temperature,mean,16.395142857142858
29,2016,clear creek,UCC,USFWS,clear creek,temperature,min,13.906
30,2016,clear creek,LCC,USFWS,clear creek,temperature,max,23.905
30,2016,clear creek,LCC,USFWS,clear creek,temperature,mean,19.251199404761905
30,2016,clear creek,LCC,USFWS,clear creek,temperature,min,16.034
30,2016,clear creek,UCC,USFWS,clear creek,temperature,max,17.867
30,2016,clear creek,UCC,USFWS,clear creek,temperature,mean,16.02053869047619
30,2016,clear creek,UCC,USFWS,clear creek,temperature,min,13.449
31,2016,clear creek,LCC,USFWS,clear creek,temperature,max,21.843
31,2016,clear creek,LCC,USFWS,clear creek,temperature,mean,18.267053571428573
31,2016,clear creek,LCC,USFWS,clear creek,temperature,min,15.438
31,2016,clear creek,UCC,USFWS,clear creek,temperature,max,17.32
31,2016,clear creek,UCC,USFWS,clear creek,temperature,mean,15.458550595238094
31,2016,clear creek,UCC,USFWS,clear creek,temperature,min,13.112
32,2016,clear creek,LCC,USFWS,clear creek,temperature,max,20.96
32,2016,clear creek,LCC,USFWS,clear creek,temperature,mean,17.659723214285712
32,2016,clear creek,LCC,USFWS,clear creek,temperature,min,15.175
32,2016,clear creek,UCC,USFWS,clear creek,temperature,max,16.915
32,2016,clear creek,UCC,USFWS,clear creek,temperature,mean,15.222978649068324
32,2016,clear creek,UCC,USFWS,clear creek,temperature,min,13.04
33,2016,clear creek,LCC,USFWS,clear creek,temperature,max,21.27
33,2016,clear creek,LCC,USFWS,clear creek,temperature,mean,18.013270833333333
33,2016,clear creek,LCC,USFWS,clear creek,temperature,min,15.438
33,2016,clear creek,UCC,USFWS,clear creek,temperature,max,17.177
33,2016,clear creek,UCC,USFWS,clear creek,temperature,mean,15.494178571428572
33,2016,clear creek,UCC,USFWS,clear creek,temperature,min,13.281
34,2016,clear creek,LCC,USFWS,clear creek,temperature,max,20.865
34,2016,clear creek,LCC,USFWS,clear creek,temperature,mean,17.859211309523808
34,2016,clear creek,LCC,USFWS,clear creek,temperature,min,15.247
34,2016,clear creek,UCC,USFWS,clear creek,temperature,max,16.915
34,2016,clear creek,UCC,USFWS,clear creek,temperature,mean,15.471220238095238
34,2016,clear creek,UCC,USFWS,clear creek,temperature,min,13.425
35,2016,clear creek,LCC,USFWS,clear creek,temperature,max,20.079
35,2016,clear creek,LCC,USFWS,clear creek,temperature,mean,16.933770833333334
35,2016,clear creek,LCC,USFWS,clear creek,temperature,min,14.745
35,2016,clear creek,UCC,USFWS,clear creek,temperature,max,16.463
35,2016,clear creek,UCC,USFWS,clear creek,temperature,mean,15.003833333333333
35,2016,clear creek,UCC,USFWS,clear creek,temperature,min,13.185
36,2016,clear creek,LCC,USFWS,clear creek,temperature,max,19.222
36,2016,clear creek,LCC,USFWS,clear creek,temperature,mean,16.365901785714286
36,2016,clear creek,LCC,USFWS,clear creek,temperature,min,14.074
36,2016,clear creek,UCC,USFWS,clear creek,temperature,max,16.129
36,2016,clear creek,UCC,USFWS,clear creek,temperature,mean,14.599604166666667
36,2016,clear creek,UCC,USFWS,clear creek,temperature,min,12.534
37,2016,clear creek,LCC,USFWS,clear creek,temperature,max,18.889
37,2016,clear creek,LCC,USFWS,clear creek,temperature,mean,15.652788690476191
37,2016,clear creek,LCC,USFWS,clear creek,temperature,min,13.112
37,2016,clear creek,UCC,USFWS,clear creek,temperature,max,15.342
37,2016,clear creek,UCC,USFWS,clear creek,temperature,mean,13.847970238095238
37,2016,clear creek,UCC,USFWS,clear creek,temperature,min,11.88
38,2016,clear creek,LCC,USFWS,clear creek,temperature,max,18.247
38,2016,clear creek,LCC,USFWS,clear creek,temperature,mean,15.039910714285714
38,2016,clear creek,LCC,USFWS,clear creek,temperature,min,12.461
38,2016,clear creek,UCC,USFWS,clear creek,temperature,max,15.509
38,2016,clear creek,UCC,USFWS,clear creek,temperature,mean,13.662639880952382
38,2016,clear creek,UCC,USFWS,clear creek,temperature,min,11.807
39,2016,clear creek,LCC,USFWS,clear creek,temperature,max,16.892
39,2016,clear creek,LCC,USFWS,clear creek,temperature,mean,14.551497023809524
39,2016,clear creek,LCC,USFWS,clear creek,temperature,min,12.001
39,2016,clear creek,UCC,USFWS,clear creek,temperature,max,15.247
39,2016,clear creek,UCC,USFWS,clear creek,temperature,mean,13.716717261904762
39,2016,clear creek,UCC,USFWS,clear creek,temperature,min,11.977
40,2016,clear creek,LCC,USFWS,clear creek,temperature,max,15.939
40,2016,clear creek,LCC,USFWS,clear creek,temperature,mean,13.69852380952381
40,2016,clear creek,LCC,USFWS,clear creek,temperature,min,11.929
40,2016,clear creek,UCC,USFWS,clear creek,temperature,max,14.84
40,2016,clear creek,UCC,USFWS,clear creek,temperature,mean,13.473613095238095
40,2016,clear creek,UCC,USFWS,clear creek,temperature,min,12.316
41,2016,clear creek,LCC,USFWS,clear creek,temperature,max,16.511
41,2016,clear creek,LCC,USFWS,clear creek,temperature,mean,14.451491071428572
41,2016,clear creek,LCC,USFWS,clear creek,temperature,min,12.509
41,2016,clear creek,UCC,USFWS,clear creek,temperature,max,15.27
41,2016,clear creek,UCC,USFWS,clear creek,temperature,mean,14.091369047619049
41,2016,clear creek,UCC,USFWS,clear creek,temperature,min,12.896
42,2016,clear creek,LCC,USFWS,clear creek,temperature,max,15.748
42,2016,clear creek,LCC,USFWS,clear creek,temperature,mean,14.148651785714286
42,2016,clear creek,LCC,USFWS,clear creek,temperature,min,12.461
42,2016,clear creek,UCC,USFWS,clear creek,temperature,max,15.008
42,2016,clear creek,UCC,USFWS,clear creek,temperature,mean,13.986675595238095
42,2016,clear creek,UCC,USFWS,clear creek,temperature,min,13.04
43,2016,clear creek,LCC,USFWS,clear creek,temperature,max,16.01
43,2016,clear creek,LCC,USFWS,clear creek,temperature,mean,14.255845238095239
43,2016,clear creek,LCC,USFWS,clear creek,temperature,min,12.968
43,2016,clear creek,UCC,USFWS,clear creek,temperature,max,15.199
43,2016,clear creek,UCC,USFWS,clear creek,temperature,mean,14.137821428571428
43,2016,clear creek,UCC,USFWS,clear creek,temperature,min,13.233
44,2016,clear creek,LCC,USFWS,clear creek,temperature,max,15.151
44,2016,clear creek,LCC,USFWS,clear creek,temperature,mean,13.962011904761905
44,2016,clear creek,LCC,USFWS,clear creek,temperature,min,12.219
44,2016,clear creek,UCC,USFWS,clear creek,temperature,max,14.745
44,2016,clear creek,UCC,USFWS,clear creek,temperature,mean,13.926580357142857
44,2016,clear creek,UCC,USFWS,clear creek,temperature,min,12.799
45,2016,clear creek,LCC,USFWS,clear creek,temperature,max,15.103
45,2016,clear creek,LCC,USFWS,clear creek,temperature,mean,13.799190476190477
45,2016,clear creek,LCC,USFWS,clear creek,temperature,min,12.268
45,2016,clear creek,UCC,USFWS,clear creek,temperature,max,14.625
45,2016,clear creek,UCC,USFWS,clear creek,temperature,mean,13.76535882505176
45,2016,clear creek,UCC,USFWS,clear creek,temperature,min,12.751
46,2016,clear creek,LCC,USFWS,clear creek,temperature,max,15.247
46,2016,clear creek,LCC,USFWS,clear creek,temperature,mean,13.466616071428572
46,2016,clear creek,LCC,USFWS,clear creek,temperature,min,11.419
46,2016,clear creek,UCC,USFWS,clear creek,temperature,max,14.553
46,2016,clear creek,UCC,USFWS,clear creek,temperature,mean,13.598104166666667
46,2016,clear creek,UCC,USFWS,clear creek,temperature,min,12.364
47,2016,clear creek,LCC,USFWS,clear creek,temperature,max,13.281
47,2016,clear creek,LCC,USFWS,clear creek,temperature,mean,12.191520833333334
47,2016,clear creek,LCC,USFWS,clear creek,temperature,min,10.467
47,2016,clear creek,UCC,USFWS,clear creek,temperature,max,13.714
47,2016,clear creek,UCC,USFWS,clear creek,temperature,mean,12.40385119047619
47,2016,clear creek,UCC,USFWS,clear creek,temperature,min,11.102
48,2016,clear creek,LCC,USFWS,clear creek,temperature,max,11.88
48,2016,clear creek,LCC,USFWS,clear creek,temperature,mean,10.934235119047619
48,2016,clear creek,LCC,USFWS,clear creek,temperature,min,9.632
48,2016,clear creek,UCC,USFWS,clear creek,temperature,max,11.929
48,2016,clear creek,UCC,USFWS,clear creek,temperature,mean,11.153229166666668
48,2016,clear creek,UCC,USFWS,clear creek,temperature,min,10.247
49,2016,clear creek,LCC,USFWS,clear creek,temperature,max,11.346
49,2016,clear creek,LCC,USFWS,clear creek,temperature,mean,9.820598214285715
49,2016,clear creek,LCC,USFWS,clear creek,temperature,min,8.394
49,2016,clear creek,UCC,USFWS,clear creek,temperature,max,11.297
49,2016,clear creek,UCC,USFWS,clear creek,temperature,mean,10.257782738095239
49,2016,clear creek,UCC,USFWS,clear creek,temperature,min,9.312
50,2016,clear creek,LCC,USFWS,clear creek,temperature,max,11.053
50,2016,clear creek,LCC,USFWS,clear creek,temperature,mean,9.755315476190477
50,2016,clear creek,LCC,USFWS,clear creek,temperature,min,8.394
50,2016,clear creek,UCC,USFWS,clear creek,temperature,max,11.029
50,2016,clear creek,UCC,USFWS,clear creek,temperature,mean,9.834547619047619
50,2016,clear creek,UCC,USFWS,clear creek,temperature,min,8.742
51,2016,clear creek,LCC,USFWS,clear creek,temperature,max,10.81
51,2016,clear creek,LCC,USFWS,clear creek,temperature,mean,8.230866071428572
51,2016,clear creek,LCC,USFWS,clear creek,temperature,min,7.041
51,2016,clear creek,UCC,USFWS,clear creek,temperature,max,10.59
51,2016,clear creek,UCC,USFWS,clear creek,temperature,mean,8.318276785714286
51,2016,clear creek,UCC,USFWS,clear creek,temperature,min,7.469
52,2016,clear creek,LCC,USFWS,clear creek,temperature,max,8.17
52,2016,clear creek,LCC,USFWS,clear creek,temperature,mean,7.199139880952381
52,2016,clear creek,LCC,USFWS,clear creek,temperature,min,5.77
52,2016,clear creek,UCC,USFWS,clear creek,temperature,max,8.195
52,2016,clear creek,UCC,USFWS,clear creek,temperature,mean,7.394654761904762
52,2016,clear creek,UCC,USFWS,clear creek,temperature,min,6.408
53,2016,clear creek,LCC,USFWS,clear creek,temperature,max,8.07
53,2016,clear creek,LCC,USFWS,clear creek,temperature,mean,7.2494375
53,2016,clear creek,LCC,USFWS,clear creek,temperature,min,6.281
53,2016,clear creek,UCC,USFWS,clear creek,temperature,max,7.82
53,2016,clear creek,UCC,USFWS,clear creek,temperature,mean,7.312489583333333
53,2016,clear creek,UCC,USFWS,clear creek,temperature,min,6.712
1,2017,clear creek,LCC,USFWS,clear creek,temperature,max,7.92
1,2017,clear creek,LCC,USFWS,clear creek,temperature,mean,6.643077380952381
1,2017,clear creek,LCC,USFWS,clear creek,temperature,min,5.179
1,2017,clear creek,UCC,USFWS,clear creek,temperature,max,7.72
1,2017,clear creek,UCC,USFWS,clear creek,temperature,mean,6.757223214285714
1,2017,clear creek,UCC,USFWS,clear creek,temperature,min,5.719
2,2017,clear creek,LCC,USFWS,clear creek,temperature,max,9.287
2,2017,clear creek,LCC,USFWS,clear creek,temperature,mean,7.924714285714286
2,2017,clear creek,LCC,USFWS,clear creek,temperature,min,6.357
2,2017,clear creek,UCC,USFWS,clear creek,temperature,max,9.435
2,2017,clear creek,UCC,USFWS,clear creek,temperature,mean,7.8735654761904765
2,2017,clear creek,UCC,USFWS,clear creek,temperature,min,6.56
3,2017,clear creek,LCC,USFWS,clear creek,temperature,max,9.139
3,2017,clear creek,LCC,USFWS,clear creek,temperature,mean,7.778979166666667
3,2017,clear creek,LCC,USFWS,clear creek,temperature,min,6.153
3,2017,clear creek,UCC,USFWS,clear creek,temperature,max,9.089
3,2017,clear creek,UCC,USFWS,clear creek,temperature,mean,7.738717261904762
3,2017,clear creek,UCC,USFWS,clear creek,temperature,min,6.281
4,2017,clear creek,LCC,USFWS,clear creek,temperature,max,9.386
4,2017,clear creek,LCC,USFWS,clear creek,temperature,mean,8.090407738095237
4,2017,clear creek,LCC,USFWS,clear creek,temperature,min,6.687
4,2017,clear creek,UCC,USFWS,clear creek,temperature,max,9.361
4,2017,clear creek,UCC,USFWS,clear creek,temperature,mean,7.65075992063492
4,2017,clear creek,UCC,USFWS,clear creek,temperature,min,4.298
5,2017,clear creek,LCC,USFWS,clear creek,temperature,max,9.829
5,2017,clear creek,LCC,USFWS,clear creek,temperature,mean,8.226872023809523
5,2017,clear creek,LCC,USFWS,clear creek,temperature,min,6.636
5,2017,clear creek,UCC,USFWS,clear creek,temperature,max,9.706
5,2017,clear creek,UCC,USFWS,clear creek,temperature,mean,8.1355
5,2017,clear creek,UCC,USFWS,clear creek,temperature,min,6.763
6,2017,clear creek,LCC,USFWS,clear creek,temperature,max,11.443
6,2017,clear creek,LCC,USFWS,clear creek,temperature,mean,10.311827380952382
6,2017,clear creek,LCC,USFWS,clear creek,temperature,min,8.792
6,2017,clear creek,UCC,USFWS,clear creek,temperature,max,11.419
6,2017,clear creek,UCC,USFWS,clear creek,temperature,mean,10.076136904761904
6,2017,clear creek,UCC,USFWS,clear creek,temperature,min,8.494
7,2017,clear creek,LCC,USFWS,clear creek,temperature,max,11.2
7,2017,clear creek,LCC,USFWS,clear creek,temperature,mean,9.474877976190477
7,2017,clear creek,LCC,USFWS,clear creek,temperature,min,7.97
7,2017,clear creek,UCC,USFWS,clear creek,temperature,max,10.736
7,2017,clear creek,UCC,USFWS,clear creek,temperature,mean,9.153244047619047
7,2017,clear creek,UCC,USFWS,clear creek,temperature,min,7.845
8,2017,clear creek,LCC,USFWS,clear creek,temperature,max,10.541
8,2017,clear creek,LCC,USFWS,clear creek,temperature,mean,9.070160714285715
8,2017,clear creek,LCC,USFWS,clear creek,temperature,min,7.192
8,2017,clear creek,UCC,USFWS,clear creek,temperature,max,9.977
8,2017,clear creek,UCC,USFWS,clear creek,temperature,mean,8.843377976190476
8,2017,clear creek,UCC,USFWS,clear creek,temperature,min,7.268
9,2017,clear creek,LCC,USFWS,clear creek,temperature,max,10.075
9,2017,clear creek,LCC,USFWS,clear creek,temperature,mean,8.283818452380952
9,2017,clear creek,LCC,USFWS,clear creek,temperature,min,6.611
9,2017,clear creek,UCC,USFWS,clear creek,temperature,max,9.583
9,2017,clear creek,UCC,USFWS,clear creek,temperature,mean,7.993181547619048
9,2017,clear creek,UCC,USFWS,clear creek,temperature,min,6.661
10,2017,clear creek,LCC,USFWS,clear creek,temperature,max,12.001
10,2017,clear creek,LCC,USFWS,clear creek,temperature,mean,9.095904761904762
10,2017,clear creek,LCC,USFWS,clear creek,temperature,min,6.94
10,2017,clear creek,UCC,USFWS,clear creek,temperature,max,10.761
10,2017,clear creek,UCC,USFWS,clear creek,temperature,mean,8.631282738095239
10,2017,clear creek,UCC,USFWS,clear creek,temperature,min,6.889
11,2017,clear creek,LCC,USFWS,clear creek,temperature,max,12.34
11,2017,clear creek,LCC,USFWS,clear creek,temperature,mean,10.184729166666667
11,2017,clear creek,LCC,USFWS,clear creek,temperature,min,8.27
11,2017,clear creek,UCC,USFWS,clear creek,temperature,max,11.053
11,2017,clear creek,UCC,USFWS,clear creek,temperature,mean,9.537821428571428
11,2017,clear creek,UCC,USFWS,clear creek,temperature,min,8.22
12,2017,clear creek,LCC,USFWS,clear creek,temperature,max,12.847
12,2017,clear creek,LCC,USFWS,clear creek,temperature,mean,10.314422619047619
12,2017,clear creek,LCC,USFWS,clear creek,temperature,min,8.17
12,2017,clear creek,UCC,USFWS,clear creek,temperature,max,12.074
12,2017,clear creek,UCC,USFWS,clear creek,temperature,mean,9.876607142857143
12,2017,clear creek,UCC,USFWS,clear creek,temperature,min,8.07
13,2017,clear creek,LCC,USFWS,clear creek,temperature,max,13.281
13,2017,clear creek,LCC,USFWS,clear creek,temperature,mean,10.731229166666667
13,2017,clear creek,LCC,USFWS,clear creek,temperature,min,8.593
13,2017,clear creek,UCC,USFWS,clear creek,temperature,max,12.413
13,2017,clear creek,UCC,USFWS,clear creek,temperature,mean,10.180532738095238
13,2017,clear creek,UCC,USFWS,clear creek,temperature,min,8.519
14,2017,clear creek,LCC,USFWS,clear creek,temperature,max,13.858
14,2017,clear creek,LCC,USFWS,clear creek,temperature,mean,10.916285714285713
14,2017,clear creek,LCC,USFWS,clear creek,temperature,min,9.064
14,2017,clear creek,UCC,USFWS,clear creek,temperature,max,12.534
14,2017,clear creek,UCC,USFWS,clear creek,temperature,mean,10.251696428571428
14,2017,clear creek,UCC,USFWS,clear creek,temperature,min,8.792
15,2017,clear creek,LCC,USFWS,clear creek,temperature,max,12.751
15,2017,clear creek,LCC,USFWS,clear creek,temperature,mean,10.493738095238095
15,2017,clear creek,LCC,USFWS,clear creek,temperature,min,8.27
15,2017,clear creek,UCC,USFWS,clear creek,temperature,max,12.122
15,2017,clear creek,UCC,USFWS,clear creek,temperature,mean,10.022895833333333
15,2017,clear creek,UCC,USFWS,clear creek,temperature,min,8.22
16,2017,clear creek,LCC,USFWS,clear creek,temperature,max,13.978
16,2017,clear creek,LCC,USFWS,clear creek,temperature,mean,11.370776785714286
16,2017,clear creek,LCC,USFWS,clear creek,temperature,min,9.361
16,2017,clear creek,UCC,USFWS,clear creek,temperature,max,13.257
16,2017,clear creek,UCC,USFWS,clear creek,temperature,mean,10.87666369047619
16,2017,clear creek,UCC,USFWS,clear creek,temperature,min,9.139
17,2017,clear creek,LCC,USFWS,clear creek,temperature,max,14.577
17,2017,clear creek,LCC,USFWS,clear creek,temperature,mean,11.706607142857143
17,2017,clear creek,LCC,USFWS,clear creek,temperature,min,9.558
17,2017,clear creek,UCC,USFWS,clear creek,temperature,max,13.449
17,2017,clear creek,UCC,USFWS,clear creek,temperature,mean,10.970053571428572
17,2017,clear creek,UCC,USFWS,clear creek,temperature,min,9.435
18,2017,clear creek,LCC,USFWS,clear creek,temperature,max,16.796
18,2017,clear creek,LCC,USFWS,clear creek,temperature,mean,13.645800595238095
18,2017,clear creek,LCC,USFWS,clear creek,temperature,min,10.369
18,2017,clear creek,UCC,USFWS,clear creek,temperature,max,15.055
18,2017,clear creek,UCC,USFWS,clear creek,temperature,mean,12.303169642857144
18,2017,clear creek,UCC,USFWS,clear creek,temperature,min,10.124
19,2017,clear creek,LCC,USFWS,clear creek,temperature,max,16.439
19,2017,clear creek,LCC,USFWS,clear creek,temperature,mean,13.031166666666667
19,2017,clear creek,LCC,USFWS,clear creek,temperature,min,9.731
19,2017,clear creek,UCC,USFWS,clear creek,temperature,max,14.792
19,2017,clear creek,UCC,USFWS,clear creek,temperature,mean,11.824520833333334
19,2017,clear creek,UCC,USFWS,clear creek,temperature,min,9.682
20,2017,clear creek,LCC,USFWS,clear creek,temperature,max,16.511
20,2017,clear creek,LCC,USFWS,clear creek,temperature,mean,12.68122023809524
20,2017,clear creek,LCC,USFWS,clear creek,temperature,min,9.46
20,2017,clear creek,UCC,USFWS,clear creek,temperature,max,14.505
20,2017,clear creek,UCC,USFWS,clear creek,temperature,mean,11.42777380952381
20,2017,clear creek,UCC,USFWS,clear creek,temperature,min,9.287
21,2017,clear creek,LCC,USFWS,clear creek,temperature,max,17.296
21,2017,clear creek,LCC,USFWS,clear creek,temperature,mean,14.016767857142858
21,2017,clear creek,LCC,USFWS,clear creek,temperature,min,11.053
21,2017,clear creek,UCC,USFWS,clear creek,temperature,max,14.84
21,2017,clear creek,UCC,USFWS,clear creek,temperature,mean,12.231455357142858
21,2017,clear creek,UCC,USFWS,clear creek,temperature,min,10.418
22,2017,clear creek,LCC,USFWS,clear creek,temperature,max,18.057
22,2017,clear creek,LCC,USFWS,clear creek,temperature,mean,14.961857142857143
22,2017,clear creek,LCC,USFWS,clear creek,temperature,min,11.977
22,2017,clear creek,UCC,USFWS,clear creek,temperature,max,15.223
22,2017,clear creek,UCC,USFWS,clear creek,temperature,mean,12.82492261904762
22,2017,clear creek,UCC,USFWS,clear creek,temperature,min,10.736
23,2017,clear creek,LCC,USFWS,clear creek,temperature,max,17.058
23,2017,clear creek,LCC,USFWS,clear creek,temperature,mean,13.024511904761905
23,2017,clear creek,LCC,USFWS,clear creek,temperature,min,10.565
23,2017,clear creek,UCC,USFWS,clear creek,temperature,max,14.433
23,2017,clear creek,UCC,USFWS,clear creek,temperature,mean,11.801970238095238
23,2017,clear creek,UCC,USFWS,clear creek,temperature,min,10.369
24,2017,clear creek,LCC,USFWS,clear creek,temperature,max,20.698
24,2017,clear creek,LCC,USFWS,clear creek,temperature,mean,15.586372023809524
24,2017,clear creek,LCC,USFWS,clear creek,temperature,min,11.759
24,2017,clear creek,UCC,USFWS,clear creek,temperature,max,16.749
24,2017,clear creek,UCC,USFWS,clear creek,temperature,mean,13.458122023809524
24,2017,clear creek,UCC,USFWS,clear creek,temperature,min,10.785
25,2017,clear creek,LCC,USFWS,clear creek,temperature,max,19.484
25,2017,clear creek,LCC,USFWS,clear creek,temperature,mean,14.470479166666667
25,2017,clear creek,LCC,USFWS,clear creek,temperature,min,11.467
25,2017,clear creek,UCC,USFWS,clear creek,temperature,max,16.439
25,2017,clear creek,UCC,USFWS,clear creek,temperature,mean,12.745092261904762
25,2017,clear creek,UCC,USFWS,clear creek,temperature,min,11.102
26,2017,clear creek,LCC,USFWS,clear creek,temperature,max,20.722
26,2017,clear creek,LCC,USFWS,clear creek,temperature,mean,17.24511904761905
26,2017,clear creek,LCC,USFWS,clear creek,temperature,min,14.242
26,2017,clear creek,UCC,USFWS,clear creek,temperature,max,16.701
26,2017,clear creek,UCC,USFWS,clear creek,temperature,mean,14.47302380952381
26,2017,clear creek,UCC,USFWS,clear creek,temperature,min,12.05
27,2017,clear creek,LCC,USFWS,clear creek,temperature,max,20.889
27,2017,clear creek,LCC,USFWS,clear creek,temperature,mean,17.58992261904762
27,2017,clear creek,LCC,USFWS,clear creek,temperature,min,14.768
27,2017,clear creek,UCC,USFWS,clear creek,temperature,max,16.796
27,2017,clear creek,UCC,USFWS,clear creek,temperature,mean,14.595026785714285
27,2017,clear creek,UCC,USFWS,clear creek,temperature,min,12.05
28,2017,clear creek,LCC,USFWS,clear creek,temperature,max,21.056
28,2017,clear creek,LCC,USFWS,clear creek,temperature,mean,17.71553869047619
28,2017,clear creek,LCC,USFWS,clear creek,temperature,min,15.103
28,2017,clear creek,UCC,USFWS,clear creek,temperature,max,16.82
28,2017,clear creek,UCC,USFWS,clear creek,temperature,mean,14.712434523809524
28,2017,clear creek,UCC,USFWS,clear creek,temperature,min,12.34
29,2017,clear creek,LCC,USFWS,clear creek,temperature,max,21.939
29,2017,clear creek,LCC,USFWS,clear creek,temperature,mean,17.731675595238094
29,2017,clear creek,LCC,USFWS,clear creek,temperature,min,14.721
29,2017,clear creek,UCC,USFWS,clear creek,temperature,max,17.724
29,2017,clear creek,UCC,USFWS,clear creek,temperature,mean,14.93835119047619
29,2017,clear creek,UCC,USFWS,clear creek,temperature,min,12.268
30,2017,clear creek,LCC,USFWS,clear creek,temperature,max,22.298
30,2017,clear creek,LCC,USFWS,clear creek,temperature,mean,18.65502083333333
30,2017,clear creek,LCC,USFWS,clear creek,temperature,min,15.772
30,2017,clear creek,UCC,USFWS,clear creek,temperature,max,17.629
30,2017,clear creek,UCC,USFWS,clear creek,temperature,mean,15.790008928571428
30,2017,clear creek,UCC,USFWS,clear creek,temperature,min,13.257
31,2017,clear creek,LCC,USFWS,clear creek,temperature,max,22.705
31,2017,clear creek,LCC,USFWS,clear creek,temperature,mean,18.98303945035461
31,2017,clear creek,LCC,USFWS,clear creek,temperature,min,16.32
31,2017,clear creek,UCC,USFWS,clear creek,temperature,max,17.819
31,2017,clear creek,UCC,USFWS,clear creek,temperature,mean,16.055473214285715
31,2017,clear creek,UCC,USFWS,clear creek,temperature,min,13.642
32,2017,clear creek,LCC,USFWS,clear creek,temperature,max,21.724
32,2017,clear creek,LCC,USFWS,clear creek,temperature,mean,18.292752976190478
32,2017,clear creek,LCC,USFWS,clear creek,temperature,min,16.01
32,2017,clear creek,UCC,USFWS,clear creek,temperature,max,17.344
32,2017,clear creek,UCC,USFWS,clear creek,temperature,mean,15.725764880952381
32,2017,clear creek,UCC,USFWS,clear creek,temperature,min,13.81
33,2017,clear creek,LCC,USFWS,clear creek,temperature,max,21.246
33,2017,clear creek,LCC,USFWS,clear creek,temperature,mean,18.189645833333334
33,2017,clear creek,LCC,USFWS,clear creek,temperature,min,15.963
33,2017,clear creek,UCC,USFWS,clear creek,temperature,max,17.177
33,2017,clear creek,UCC,USFWS,clear creek,temperature,mean,15.682964285714286
33,2017,clear creek,UCC,USFWS,clear creek,temperature,min,13.618
34,2017,clear creek,LCC,USFWS,clear creek,temperature,max,20.77
34,2017,clear creek,LCC,USFWS,clear creek,temperature,mean,17.819616071428573
34,2017,clear creek,LCC,USFWS,clear creek,temperature,min,15.079
34,2017,clear creek,UCC,USFWS,clear creek,temperature,max,17.058
34,2017,clear creek,UCC,USFWS,clear creek,temperature,mean,15.579145833333333
34,2017,clear creek,UCC,USFWS,clear creek,temperature,min,13.305
35,2017,clear creek,LCC,USFWS,clear creek,temperature,max,20.817
35,2017,clear creek,LCC,USFWS,clear creek,temperature,mean,17.505446428571428
35,2017,clear creek,LCC,USFWS,clear creek,temperature,min,15.031
35,2017,clear creek,UCC,USFWS,clear creek,temperature,max,16.987
35,2017,clear creek,UCC,USFWS,clear creek,temperature,mean,15.376383928571428
35,2017,clear creek,UCC,USFWS,clear creek,temperature,min,13.473
36,2017,clear creek,LCC,USFWS,clear creek,temperature,max,19.722
36,2017,clear creek,LCC,USFWS,clear creek,temperature,mean,17.014199404761904
36,2017,clear creek,LCC,USFWS,clear creek,temperature,min,14.625
36,2017,clear creek,UCC,USFWS,clear creek,temperature,max,16.63
36,2017,clear creek,UCC,USFWS,clear creek,temperature,mean,15.15475
36,2017,clear creek,UCC,USFWS,clear creek,temperature,min,13.522
37,2017,clear creek,LCC,USFWS,clear creek,temperature,max,19.912
37,2017,clear creek,LCC,USFWS,clear creek,temperature,mean,16.24436011904762
37,2017,clear creek,LCC,USFWS,clear creek,temperature,min,12.678
37,2017,clear creek,UCC,USFWS,clear creek,temperature,max,16.654
37,2017,clear creek,UCC,USFWS,clear creek,temperature,mean,14.431410714285715
37,2017,clear creek,UCC,USFWS,clear creek,temperature,min,11.783
38,2017,clear creek,LCC,USFWS,clear creek,temperature,max,16.749
38,2017,clear creek,LCC,USFWS,clear creek,temperature,mean,13.88476488095238
38,2017,clear creek,LCC,USFWS,clear creek,temperature,min,11.297
38,2017,clear creek,UCC,USFWS,clear creek,temperature,max,14.385
38,2017,clear creek,UCC,USFWS,clear creek,temperature,mean,12.836395833333334
38,2017,clear creek,UCC,USFWS,clear creek,temperature,min,11.053
39,2017,clear creek,LCC,USFWS,clear creek,temperature,max,16.773
39,2017,clear creek,LCC,USFWS,clear creek,temperature,mean,13.912785714285715
39,2017,clear creek,LCC,USFWS,clear creek,temperature,min,11.613
39,2017,clear creek,UCC,USFWS,clear creek,temperature,max,14.361
39,2017,clear creek,UCC,USFWS,clear creek,temperature,mean,12.928184523809524
39,2017,clear creek,UCC,USFWS,clear creek,temperature,min,11.2
40,2017,clear creek,LCC,USFWS,clear creek,temperature,max,15.461
40,2017,clear creek,LCC,USFWS,clear creek,temperature,mean,12.980782738095238
40,2017,clear creek,LCC,USFWS,clear creek,temperature,min,10.785
40,2017,clear creek,UCC,USFWS,clear creek,temperature,max,13.81
40,2017,clear creek,UCC,USFWS,clear creek,temperature,mean,12.455511904761906
40,2017,clear creek,UCC,USFWS,clear creek,temperature,min,11.005
41,2017,clear creek,LCC,USFWS,clear creek,temperature,max,14.697
41,2017,clear creek,LCC,USFWS,clear creek,temperature,mean,12.493354166666666
41,2017,clear creek,LCC,USFWS,clear creek,temperature,min,10.516
41,2017,clear creek,UCC,USFWS,clear creek,temperature,max,13.546
41,2017,clear creek,UCC,USFWS,clear creek,temperature,mean,12.247970238095238
41,2017,clear creek,UCC,USFWS,clear creek,temperature,min,11.005
42,2017,clear creek,LCC,USFWS,clear creek,temperature,max,14.098
42,2017,clear creek,LCC,USFWS,clear creek,temperature,mean,12.151803571428571
42,2017,clear creek,LCC,USFWS,clear creek,temperature,min,10.492
42,2017,clear creek,UCC,USFWS,clear creek,temperature,max,13.377
42,2017,clear creek,UCC,USFWS,clear creek,temperature,mean,12.126107142857142
42,2017,clear creek,UCC,USFWS,clear creek,temperature,min,11.005
43,2017,clear creek,LCC,USFWS,clear creek,temperature,max,15.509
43,2017,clear creek,LCC,USFWS,clear creek,temperature,mean,13.129604166666667
43,2017,clear creek,LCC,USFWS,clear creek,temperature,min,10.858
43,2017,clear creek,UCC,USFWS,clear creek,temperature,max,14.218
43,2017,clear creek,UCC,USFWS,clear creek,temperature,mean,12.852607142857144
43,2017,clear creek,UCC,USFWS,clear creek,temperature,min,11.419
44,2017,clear creek,LCC,USFWS,clear creek,temperature,max,14.266
44,2017,clear creek,LCC,USFWS,clear creek,temperature,mean,12.46185119047619
44,2017,clear creek,LCC,USFWS,clear creek,temperature,min,10.858
44,2017,clear creek,UCC,USFWS,clear creek,temperature,max,13.57
44,2017,clear creek,UCC,USFWS,clear creek,temperature,mean,12.4296875
44,2017,clear creek,UCC,USFWS,clear creek,temperature,min,11.321
45,2017,clear creek,LCC,USFWS,clear creek,temperature,max,13.04
45,2017,clear creek,LCC,USFWS,clear creek,temperature,mean,11.649767598343685
45,2017,clear creek,LCC,USFWS,clear creek,temperature,min,9.879
45,2017,clear creek,UCC,USFWS,clear creek,temperature,max,12.703
45,2017,clear creek,UCC,USFWS,clear creek,temperature,mean,11.928572075569358
45,2017,clear creek,UCC,USFWS,clear creek,temperature,min,10.907
46,2017,clear creek,LCC,USFWS,clear creek,temperature,max,12.727
46,2017,clear creek,LCC,USFWS,clear creek,temperature,mean,11.511559523809524
46,2017,clear creek,LCC,USFWS,clear creek,temperature,min,9.41
46,2017,clear creek,UCC,USFWS,clear creek,temperature,max,12.558
46,2017,clear creek,UCC,USFWS,clear creek,temperature,mean,11.775202380952381
46,2017,clear creek,UCC,USFWS,clear creek,temperature,min,10.516
47,2017,clear creek,LCC,USFWS,clear creek,temperature,max,13.064
47,2017,clear creek,LCC,USFWS,clear creek,temperature,mean,11.791467261904762
47,2017,clear creek,LCC,USFWS,clear creek,temperature,min,9.509
47,2017,clear creek,UCC,USFWS,clear creek,temperature,max,12.678
47,2017,clear creek,UCC,USFWS,clear creek,temperature,mean,11.85538392857143
47,2017,clear creek,UCC,USFWS,clear creek,temperature,min,10.467
48,2017,clear creek,LCC,USFWS,clear creek,temperature,max,12.364
48,2017,clear creek,LCC,USFWS,clear creek,temperature,mean,10.670300595238096
48,2017,clear creek,LCC,USFWS,clear creek,temperature,min,9.336
48,2017,clear creek,UCC,USFWS,clear creek,temperature,max,12.098
48,2017,clear creek,UCC,USFWS,clear creek,temperature,mean,10.996464285714286
48,2017,clear creek,UCC,USFWS,clear creek,temperature,min,10.124
49,2017,clear creek,LCC,USFWS,clear creek,temperature,max,10.785
49,2017,clear creek,LCC,USFWS,clear creek,temperature,mean,9.489339285714285
49,2017,clear creek,LCC,USFWS,clear creek,temperature,min,8.369
49,2017,clear creek,UCC,USFWS,clear creek,temperature,max,11.029
49,2017,clear creek,UCC,USFWS,clear creek,temperature,mean,10.133940476190476
49,2017,clear creek,UCC,USFWS,clear creek,temperature,min,9.386
50,2017,clear creek,LCC,USFWS,clear creek,temperature,max,10.369
50,2017,clear creek,LCC,USFWS,clear creek,temperature,mean,8.849574404761904
50,2017,clear creek,LCC,USFWS,clear creek,temperature,min,7.594
50,2017,clear creek,UCC,USFWS,clear creek,temperature,max,10.32
50,2017,clear creek,UCC,USFWS,clear creek,temperature,mean,9.425068452380952
50,2017,clear creek,UCC,USFWS,clear creek,temperature,min,8.717
51,2017,clear creek,LCC,USFWS,clear creek,temperature,max,9.977
51,2017,clear creek,LCC,USFWS,clear creek,temperature,mean,8.506925595238094
51,2017,clear creek,LCC,USFWS,clear creek,temperature,min,6.889
51,2017,clear creek,UCC,USFWS,clear creek,temperature,max,10.1
51,2017,clear creek,UCC,USFWS,clear creek,temperature,mean,8.994199404761906
51,2017,clear creek,UCC,USFWS,clear creek,temperature,min,8.045
52,2017,clear creek,LCC,USFWS,clear creek,temperature,max,9.386
52,2017,clear creek,LCC,USFWS,clear creek,temperature,mean,8.175791666666667
52,2017,clear creek,LCC,USFWS,clear creek,temperature,min,6.99
52,2017,clear creek,UCC,USFWS,clear creek,temperature,max,9.435
52,2017,clear creek,UCC,USFWS,clear creek,temperature,mean,8.626630952380953
52,2017,clear creek,UCC,USFWS,clear creek,temperature,min,7.82
53,2017,clear creek,LCC,USFWS,clear creek,temperature,max,9.312
53,2017,clear creek,LCC,USFWS,clear creek,temperature,mean,8.553958333333334
53,2017,clear creek,LCC,USFWS,clear creek,temperature,min,7.72
53,2017,clear creek,UCC,USFWS,clear creek,temperature,max,9.336
53,2017,clear creek,UCC,USFWS,clear creek,temperature,mean,8.766875
53,2017,clear creek,UCC,USFWS,clear creek,temperature,min,8.245
1,2018,clear creek,LCC,USFWS,clear creek,temperature,max,10.001
1,2018,clear creek,LCC,USFWS,clear creek,temperature,mean,8.969002976190476
1,2018,clear creek,LCC,USFWS,clear creek,temperature,min,7.343
1,2018,clear creek,UCC,USFWS,clear creek,temperature,max,9.46
1,2018,clear creek,UCC,USFWS,clear creek,temperature,mean,8.92128869047619
1,2018,clear creek,UCC,USFWS,clear creek,temperature,min,7.87
2,2018,clear creek,LCC,USFWS,clear creek,temperature,max,10.418
2,2018,clear creek,LCC,USFWS,clear creek,temperature,mean,9.191821428571428
2,2018,clear creek,LCC,USFWS,clear creek,temperature,min,7.745
2,2018,clear creek,UCC,USFWS,clear creek,temperature,max,9.731
2,2018,clear creek,UCC,USFWS,clear creek,temperature,mean,9.063297619047619
2,2018,clear creek,UCC,USFWS,clear creek,temperature,min,8.295
3,2018,clear creek,LCC,USFWS,clear creek,temperature,max,10.516
3,2018,clear creek,LCC,USFWS,clear creek,temperature,mean,8.926571428571428
3,2018,clear creek,LCC,USFWS,clear creek,temperature,min,6.965
3,2018,clear creek,UCC,USFWS,clear creek,temperature,max,9.977
3,2018,clear creek,UCC,USFWS,clear creek,temperature,mean,8.913824404761906
3,2018,clear creek,UCC,USFWS,clear creek,temperature,min,7.745
4,2018,clear creek,LCC,USFWS,clear creek,temperature,max,10.173
4,2018,clear creek,LCC,USFWS,clear creek,temperature,mean,8.672529761904762
4,2018,clear creek,LCC,USFWS,clear creek,temperature,min,7.519
4,2018,clear creek,UCC,USFWS,clear creek,temperature,max,9.682
4,2018,clear creek,UCC,USFWS,clear creek,temperature,mean,8.726508928571429
4,2018,clear creek,UCC,USFWS,clear creek,temperature,min,7.895
5,2018,clear creek,LCC,USFWS,clear creek,temperature,max,11.346
5,2018,clear creek,LCC,USFWS,clear creek,temperature,mean,9.218886904761904
5,2018,clear creek,LCC,USFWS,clear creek,temperature,min,7.242
5,2018,clear creek,UCC,USFWS,clear creek,temperature,max,10.198
5,2018,clear creek,UCC,USFWS,clear creek,temperature,mean,9.003410714285714
5,2018,clear creek,UCC,USFWS,clear creek,temperature,min,7.67
6,2018,clear creek,LCC,USFWS,clear creek,temperature,max,11.2
6,2018,clear creek,LCC,USFWS,clear creek,temperature,mean,9.12735119047619
6,2018,clear creek,LCC,USFWS,clear creek,temperature,min,7.217
6,2018,clear creek,UCC,USFWS,clear creek,temperature,max,10.222
6,2018,clear creek,UCC,USFWS,clear creek,temperature,mean,9.000255952380952
6,2018,clear creek,UCC,USFWS,clear creek,temperature,min,7.795
7,2018,clear creek,LCC,USFWS,clear creek,temperature,max,11.102
7,2018,clear creek,LCC,USFWS,clear creek,temperature,mean,8.604002976190475
7,2018,clear creek,LCC,USFWS,clear creek,temperature,min,7.041
7,2018,clear creek,UCC,USFWS,clear creek,temperature,max,10.222
7,2018,clear creek,UCC,USFWS,clear creek,temperature,mean,8.674690476190476
7,2018,clear creek,UCC,USFWS,clear creek,temperature,min,7.569
8,2018,clear creek,LCC,USFWS,clear creek,temperature,max,9.977
8,2018,clear creek,LCC,USFWS,clear creek,temperature,mean,7.7177886904761905
8,2018,clear creek,LCC,USFWS,clear creek,temperature,min,6.026
8,2018,clear creek,UCC,USFWS,clear creek,temperature,max,9.583
8,2018,clear creek,UCC,USFWS,clear creek,temperature,mean,8.097598214285714
8,2018,clear creek,UCC,USFWS,clear creek,temperature,min,7.091
9,2018,clear creek,LCC,USFWS,clear creek,temperature,max,9.952
9,2018,clear creek,LCC,USFWS,clear creek,temperature,mean,8.036696428571428
9,2018,clear creek,LCC,USFWS,clear creek,temperature,min,6.331
9,2018,clear creek,UCC,USFWS,clear creek,temperature,max,9.139
9,2018,clear creek,UCC,USFWS,clear creek,temperature,mean,8.006175595238094
9,2018,clear creek,UCC,USFWS,clear creek,temperature,min,6.56
10,2018,clear creek,LCC,USFWS,clear creek,temperature,max,12.074
10,2018,clear creek,LCC,USFWS,clear creek,temperature,mean,9.192842261904762
10,2018,clear creek,LCC,USFWS,clear creek,temperature,min,6.23
10,2018,clear creek,UCC,USFWS,clear creek,temperature,max,10.443
10,2018,clear creek,UCC,USFWS,clear creek,temperature,mean,8.802997023809525
10,2018,clear creek,UCC,USFWS,clear creek,temperature,min,6.889
11,2018,clear creek,LCC,USFWS,clear creek,temperature,max,11.175
11,2018,clear creek,LCC,USFWS,clear creek,temperature,mean,9.038389880952382
11,2018,clear creek,LCC,USFWS,clear creek,temperature,min,7.268
11,2018,clear creek,UCC,USFWS,clear creek,temperature,max,10.149
11,2018,clear creek,UCC,USFWS,clear creek,temperature,mean,8.675889880952381
11,2018,clear creek,UCC,USFWS,clear creek,temperature,min,7.343
12,2018,clear creek,LCC,USFWS,clear creek,temperature,max,11.783
12,2018,clear creek,LCC,USFWS,clear creek,temperature,mean,9.29991369047619
12,2018,clear creek,LCC,USFWS,clear creek,temperature,min,7.519
12,2018,clear creek,UCC,USFWS,clear creek,temperature,max,10.492
12,2018,clear creek,UCC,USFWS,clear creek,temperature,mean,8.938541666666666
12,2018,clear creek,UCC,USFWS,clear creek,temperature,min,7.645
13,2018,clear creek,LCC,USFWS,clear creek,temperature,max,14.146
13,2018,clear creek,LCC,USFWS,clear creek,temperature,mean,10.94053869047619
13,2018,clear creek,LCC,USFWS,clear creek,temperature,min,7.393
13,2018,clear creek,UCC,USFWS,clear creek,temperature,max,12.171
13,2018,clear creek,UCC,USFWS,clear creek,temperature,mean,10.091449404761905
13,2018,clear creek,UCC,USFWS,clear creek,temperature,min,7.695
14,2018,clear creek,LCC,USFWS,clear creek,temperature,max,14.074
14,2018,clear creek,LCC,USFWS,clear creek,temperature,mean,11.35104761904762
14,2018,clear creek,LCC,USFWS,clear creek,temperature,min,8.519
14,2018,clear creek,UCC,USFWS,clear creek,temperature,max,13.329
14,2018,clear creek,UCC,USFWS,clear creek,temperature,mean,10.586818452380953
14,2018,clear creek,UCC,USFWS,clear creek,temperature,min,8.394
15,2018,clear creek,LCC,USFWS,clear creek,temperature,max,14.721
15,2018,clear creek,LCC,USFWS,clear creek,temperature,mean,11.185093167701863
15,2018,clear creek,LCC,USFWS,clear creek,temperature,min,8.344
15,2018,clear creek,UCC,USFWS,clear creek,temperature,max,12.847
15,2018,clear creek,UCC,USFWS,clear creek,temperature,mean,10.40437554112554
15,2018,clear creek,UCC,USFWS,clear creek,temperature,min,8.344
16,2018,clear creek,LCC,USFWS,clear creek,temperature,max,15.986
16,2018,clear creek,LCC,USFWS,clear creek,temperature,mean,11.615904761904762
16,2018,clear creek,LCC,USFWS,clear creek,temperature,min,8.394
16,2018,clear creek,UCC,USFWS,clear creek,temperature,max,13.738
16,2018,clear creek,UCC,USFWS,clear creek,temperature,mean,10.658172619047619
16,2018,clear creek,UCC,USFWS,clear creek,temperature,min,8.344
17,2018,clear creek,LCC,USFWS,clear creek,temperature,max,16.558
17,2018,clear creek,LCC,USFWS,clear creek,temperature,mean,12.814764880952382
17,2018,clear creek,LCC,USFWS,clear creek,temperature,min,10.247
17,2018,clear creek,UCC,USFWS,clear creek,temperature,max,14.098
17,2018,clear creek,UCC,USFWS,clear creek,temperature,mean,11.472467261904761
17,2018,clear creek,UCC,USFWS,clear creek,temperature,min,9.78
18,2018,clear creek,LCC,USFWS,clear creek,temperature,max,16.796
18,2018,clear creek,LCC,USFWS,clear creek,temperature,mean,13.380309523809524
18,2018,clear creek,LCC,USFWS,clear creek,temperature,min,10.271
18,2018,clear creek,UCC,USFWS,clear creek,temperature,max,14.194
18,2018,clear creek,UCC,USFWS,clear creek,temperature,mean,11.848877976190476
18,2018,clear creek,UCC,USFWS,clear creek,temperature,min,9.682
19,2018,clear creek,LCC,USFWS,clear creek,temperature,max,17.344
19,2018,clear creek,LCC,USFWS,clear creek,temperature,mean,14.11808630952381
19,2018,clear creek,LCC,USFWS,clear creek,temperature,min,11.273
19,2018,clear creek,UCC,USFWS,clear creek,temperature,max,14.601
19,2018,clear creek,UCC,USFWS,clear creek,temperature,mean,12.299020833333334
19,2018,clear creek,UCC,USFWS,clear creek,temperature,min,10.247
20,2018,clear creek,LCC,USFWS,clear creek,temperature,max,18.152
20,2018,clear creek,LCC,USFWS,clear creek,temperature,mean,14.72086607142857
20,2018,clear creek,LCC,USFWS,clear creek,temperature,min,11.953
20,2018,clear creek,UCC,USFWS,clear creek,temperature,max,14.912
20,2018,clear creek,UCC,USFWS,clear creek,temperature,mean,12.731627976190476
20,2018,clear creek,UCC,USFWS,clear creek,temperature,min,10.614
21,2018,clear creek,LCC,USFWS,clear creek,temperature,max,18.913
21,2018,clear creek,LCC,USFWS,clear creek,temperature,mean,14.945755952380953
21,2018,clear creek,LCC,USFWS,clear creek,temperature,min,11.904
21,2018,clear creek,UCC,USFWS,clear creek,temperature,max,15.438
21,2018,clear creek,UCC,USFWS,clear creek,temperature,mean,12.900589285714286
21,2018,clear creek,UCC,USFWS,clear creek,temperature,min,11.005
22,2018,clear creek,LCC,USFWS,clear creek,temperature,max,19.793
22,2018,clear creek,LCC,USFWS,clear creek,temperature,mean,15.722854166666666
22,2018,clear creek,LCC,USFWS,clear creek,temperature,min,12.05
22,2018,clear creek,UCC,USFWS,clear creek,temperature,max,15.867
22,2018,clear creek,UCC,USFWS,clear creek,temperature,mean,13.280636904761906
22,2018,clear creek,UCC,USFWS,clear creek,temperature,min,10.663
23,2018,clear creek,LCC,USFWS,clear creek,temperature,max,17.867
23,2018,clear creek,LCC,USFWS,clear creek,temperature,mean,13.68917261904762
23,2018,clear creek,LCC,USFWS,clear creek,temperature,min,10.736
23,2018,clear creek,UCC,USFWS,clear creek,temperature,max,15.055
23,2018,clear creek,UCC,USFWS,clear creek,temperature,mean,12.182678571428571
23,2018,clear creek,UCC,USFWS,clear creek,temperature,min,10.516
24,2018,clear creek,LCC,USFWS,clear creek,temperature,max,20.436
24,2018,clear creek,LCC,USFWS,clear creek,temperature,mean,16.37002355072464
24,2018,clear creek,LCC,USFWS,clear creek,temperature,min,11.953
24,2018,clear creek,UCC,USFWS,clear creek,temperature,max,16.368
24,2018,clear creek,UCC,USFWS,clear creek,temperature,mean,13.861252976190476
24,2018,clear creek,UCC,USFWS,clear creek,temperature,min,10.956
25,2018,clear creek,LCC,USFWS,clear creek,temperature,max,19.603
25,2018,clear creek,LCC,USFWS,clear creek,temperature,mean,14.378976190476191
25,2018,clear creek,LCC,USFWS,clear creek,temperature,min,11.005
25,2018,clear creek,UCC,USFWS,clear creek,temperature,max,16.415
25,2018,clear creek,UCC,USFWS,clear creek,temperature,mean,12.899401785714286
25,2018,clear creek,UCC,USFWS,clear creek,temperature,min,10.785
26,2018,clear creek,LCC,USFWS,clear creek,temperature,max,22.106
26,2018,clear creek,LCC,USFWS,clear creek,temperature,mean,17.959592261904763
26,2018,clear creek,LCC,USFWS,clear creek,temperature,min,14.577
26,2018,clear creek,UCC,USFWS,clear creek,temperature,max,18.01
26,2018,clear creek,UCC,USFWS,clear creek,temperature,mean,15.387872023809523
26,2018,clear creek,UCC,USFWS,clear creek,temperature,min,11.977
27,2018,clear creek,LCC,USFWS,clear creek,temperature,max,22.178
27,2018,clear creek,LCC,USFWS,clear creek,temperature,mean,17.96147619047619
27,2018,clear creek,LCC,USFWS,clear creek,temperature,min,14.625
27,2018,clear creek,UCC,USFWS,clear creek,temperature,max,17.986
27,2018,clear creek,UCC,USFWS,clear creek,temperature,mean,15.636425595238094
27,2018,clear creek,UCC,USFWS,clear creek,temperature,min,13.257
28,2018,clear creek,LCC,USFWS,clear creek,temperature,max,22.896
28,2018,clear creek,LCC,USFWS,clear creek,temperature,mean,18.832458333333335
28,2018,clear creek,LCC,USFWS,clear creek,temperature,min,15.843
28,2018,clear creek,UCC,USFWS,clear creek,temperature,max,18.557
28,2018,clear creek,UCC,USFWS,clear creek,temperature,mean,16.239654761904763
28,2018,clear creek,UCC,USFWS,clear creek,temperature,min,13.618
29,2018,clear creek,LCC,USFWS,clear creek,temperature,max,22.417
29,2018,clear creek,LCC,USFWS,clear creek,temperature,mean,18.670160714285714
29,2018,clear creek,LCC,USFWS,clear creek,temperature,min,15.724
29,2018,clear creek,UCC,USFWS,clear creek,temperature,max,17.439
29,2018,clear creek,UCC,USFWS,clear creek,temperature,mean,15.416738095238095
29,2018,clear creek,UCC,USFWS,clear creek,temperature,min,12.896
30,2018,clear creek,LCC,USFWS,clear creek,temperature,max,22.058
30,2018,clear creek,LCC,USFWS,clear creek,temperature,mean,17.97396726190476
30,2018,clear creek,LCC,USFWS,clear creek,temperature,min,15.247
30,2018,clear creek,UCC,USFWS,clear creek,temperature,max,17.368
30,2018,clear creek,UCC,USFWS,clear creek,temperature,mean,15.143535714285715
30,2018,clear creek,UCC,USFWS,clear creek,temperature,min,13.185
31,2018,clear creek,LCC,USFWS,clear creek,temperature,max,19.96
31,2018,clear creek,LCC,USFWS,clear creek,temperature,mean,16.972035714285713
31,2018,clear creek,LCC,USFWS,clear creek,temperature,min,14.745
31,2018,clear creek,UCC,USFWS,clear creek,temperature,max,15.867
31,2018,clear creek,UCC,USFWS,clear creek,temperature,mean,14.702723214285715
31,2018,clear creek,UCC,USFWS,clear creek,temperature,min,13.185
32,2018,clear creek,LCC,USFWS,clear creek,temperature,max,20.15
32,2018,clear creek,LCC,USFWS,clear creek,temperature,mean,16.897377976190477
32,2018,clear creek,LCC,USFWS,clear creek,temperature,min,14.745
32,2018,clear creek,UCC,USFWS,clear creek,temperature,max,16.32
32,2018,clear creek,UCC,USFWS,clear creek,temperature,mean,14.7153125
32,2018,clear creek,UCC,USFWS,clear creek,temperature,min,12.968
33,2018,clear creek,LCC,USFWS,clear creek,temperature,max,19.984
33,2018,clear creek,LCC,USFWS,clear creek,temperature,mean,16.74391369047619
33,2018,clear creek,LCC,USFWS,clear creek,temperature,min,14.577
33,2018,clear creek,UCC,USFWS,clear creek,temperature,max,16.177
33,2018,clear creek,UCC,USFWS,clear creek,temperature,mean,14.609145833333333
33,2018,clear creek,UCC,USFWS,clear creek,temperature,min,12.775
34,2018,clear creek,LCC,USFWS,clear creek,temperature,max,19.413
34,2018,clear creek,LCC,USFWS,clear creek,temperature,mean,16.30327380952381
34,2018,clear creek,LCC,USFWS,clear creek,temperature,min,13.834
34,2018,clear creek,UCC,USFWS,clear creek,temperature,max,16.725
34,2018,clear creek,UCC,USFWS,clear creek,temperature,mean,14.554925595238094
34,2018,clear creek,UCC,USFWS,clear creek,temperature,min,12.001
35,2018,clear creek,LCC,USFWS,clear creek,temperature,max,20.507
35,2018,clear creek,LCC,USFWS,clear creek,temperature,mean,17.21992857142857
35,2018,clear creek,LCC,USFWS,clear creek,temperature,min,14.721
35,2018,clear creek,UCC,USFWS,clear creek,temperature,max,17.344
35,2018,clear creek,UCC,USFWS,clear creek,temperature,mean,15.729732142857143
35,2018,clear creek,UCC,USFWS,clear creek,temperature,min,13.906
36,2018,clear creek,LCC,USFWS,clear creek,temperature,max,19.817
36,2018,clear creek,LCC,USFWS,clear creek,temperature,mean,16.764857142857142
36,2018,clear creek,LCC,USFWS,clear creek,temperature,min,14.481
36,2018,clear creek,UCC,USFWS,clear creek,temperature,max,17.153
36,2018,clear creek,UCC,USFWS,clear creek,temperature,mean,15.520607142857143
36,2018,clear creek,UCC,USFWS,clear creek,temperature,min,14.026
37,2018,clear creek,LCC,USFWS,clear creek,temperature,max,18.509
37,2018,clear creek,LCC,USFWS,clear creek,temperature,mean,15.412002976190477
37,2018,clear creek,LCC,USFWS,clear creek,temperature,min,12.485
37,2018,clear creek,UCC,USFWS,clear creek,temperature,max,16.487
37,2018,clear creek,UCC,USFWS,clear creek,temperature,mean,14.404854166666667
37,2018,clear creek,UCC,USFWS,clear creek,temperature,min,12.098
38,2018,clear creek,LCC,USFWS,clear creek,temperature,max,16.987
38,2018,clear creek,LCC,USFWS,clear creek,temperature,mean,14.18385119047619
38,2018,clear creek,LCC,USFWS,clear creek,temperature,min,11.88
38,2018,clear creek,UCC,USFWS,clear creek,temperature,max,14.936
38,2018,clear creek,UCC,USFWS,clear creek,temperature,mean,13.193470238095237
38,2018,clear creek,UCC,USFWS,clear creek,temperature,min,11.321
39,2018,clear creek,LCC,USFWS,clear creek,temperature,max,15.891
39,2018,clear creek,LCC,USFWS,clear creek,temperature,mean,13.387589285714286
39,2018,clear creek,LCC,USFWS,clear creek,temperature,min,11.37
39,2018,clear creek,UCC,USFWS,clear creek,temperature,max,13.81
39,2018,clear creek,UCC,USFWS,clear creek,temperature,mean,12.502985119047619
39,2018,clear creek,UCC,USFWS,clear creek,temperature,min,11.175
40,2018,clear creek,LCC,USFWS,clear creek,temperature,max,15.724
40,2018,clear creek,LCC,USFWS,clear creek,temperature,mean,13.776720238095239
40,2018,clear creek,LCC,USFWS,clear creek,temperature,min,11.977
40,2018,clear creek,UCC,USFWS,clear creek,temperature,max,15.199
40,2018,clear creek,UCC,USFWS,clear creek,temperature,mean,13.12673511904762
40,2018,clear creek,UCC,USFWS,clear creek,temperature,min,11.977
41,2018,clear creek,LCC,USFWS,clear creek,temperature,max,16.177
41,2018,clear creek,LCC,USFWS,clear creek,temperature,mean,13.578
41,2018,clear creek,LCC,USFWS,clear creek,temperature,min,11.589
41,2018,clear creek,UCC,USFWS,clear creek,temperature,max,14.601
41,2018,clear creek,UCC,USFWS,clear creek,temperature,mean,13.196056547619047
41,2018,clear creek,UCC,USFWS,clear creek,temperature,min,12.05
42,2018,clear creek,LCC,USFWS,clear creek,temperature,max,15.247
42,2018,clear creek,LCC,USFWS,clear creek,temperature,mean,13.203032738095239
42,2018,clear creek,LCC,USFWS,clear creek,temperature,min,11.248
42,2018,clear creek,UCC,USFWS,clear creek,temperature,max,14.529
42,2018,clear creek,UCC,USFWS,clear creek,temperature,mean,13.19196130952381
42,2018,clear creek,UCC,USFWS,clear creek,temperature,min,11.977
43,2018,clear creek,LCC,USFWS,clear creek,temperature,max,15.247
43,2018,clear creek,LCC,USFWS,clear creek,temperature,mean,13.415077380952381
43,2018,clear creek,LCC,USFWS,clear creek,temperature,min,11.662
43,2018,clear creek,UCC,USFWS,clear creek,temperature,max,14.625
43,2018,clear creek,UCC,USFWS,clear creek,temperature,mean,13.442154761904762
43,2018,clear creek,UCC,USFWS,clear creek,temperature,min,12.268
44,2018,clear creek,LCC,USFWS,clear creek,temperature,max,15.461
44,2018,clear creek,LCC,USFWS,clear creek,temperature,mean,13.385261387163562
44,2018,clear creek,LCC,USFWS,clear creek,temperature,min,11.977
44,2018,clear creek,UCC,USFWS,clear creek,temperature,max,14.792
44,2018,clear creek,UCC,USFWS,clear creek,temperature,mean,13.53083566252588
44,2018,clear creek,UCC,USFWS,clear creek,temperature,min,12.63
45,2018,clear creek,LCC,USFWS,clear creek,temperature,max,14.194
45,2018,clear creek,LCC,USFWS,clear creek,temperature,mean,11.921080357142857
45,2018,clear creek,LCC,USFWS,clear creek,temperature,min,9.952
45,2018,clear creek,UCC,USFWS,clear creek,temperature,max,13.858
45,2018,clear creek,UCC,USFWS,clear creek,temperature,mean,12.439877976190477
45,2018,clear creek,UCC,USFWS,clear creek,temperature,min,11.127
46,2018,clear creek,LCC,USFWS,clear creek,temperature,max,12.437
46,2018,clear creek,LCC,USFWS,clear creek,temperature,mean,11.131077380952382
46,2018,clear creek,LCC,USFWS,clear creek,temperature,min,9.879
46,2018,clear creek,UCC,USFWS,clear creek,temperature,max,12.992
46,2018,clear creek,UCC,USFWS,clear creek,temperature,mean,11.920392857142858
46,2018,clear creek,UCC,USFWS,clear creek,temperature,min,11.005
47,2018,clear creek,LCC,USFWS,clear creek,temperature,max,12.823
47,2018,clear creek,LCC,USFWS,clear creek,temperature,mean,11.512830357142857
47,2018,clear creek,LCC,USFWS,clear creek,temperature,min,9.731
47,2018,clear creek,UCC,USFWS,clear creek,temperature,max,12.775
47,2018,clear creek,UCC,USFWS,clear creek,temperature,mean,11.909458333333333
47,2018,clear creek,UCC,USFWS,clear creek,temperature,min,10.785
48,2018,clear creek,LCC,USFWS,clear creek,temperature,max,12.437
48,2018,clear creek,LCC,USFWS,clear creek,temperature,mean,11.20657738095238
48,2018,clear creek,LCC,USFWS,clear creek,temperature,min,9.361
48,2018,clear creek,UCC,USFWS,clear creek,temperature,max,12.268
48,2018,clear creek,UCC,USFWS,clear creek,temperature,mean,11.429416666666667
48,2018,clear creek,UCC,USFWS,clear creek,temperature,min,10.345
49,2018,clear creek,LCC,USFWS,clear creek,temperature,max,11.734
49,2018,clear creek,LCC,USFWS,clear creek,temperature,mean,10.35255357142857
49,2018,clear creek,LCC,USFWS,clear creek,temperature,min,9.015
49,2018,clear creek,UCC,USFWS,clear creek,temperature,max,11.734
49,2018,clear creek,UCC,USFWS,clear creek,temperature,mean,10.883041666666667
49,2018,clear creek,UCC,USFWS,clear creek,temperature,min,9.977
50,2018,clear creek,LCC,USFWS,clear creek,temperature,max,11.394
50,2018,clear creek,LCC,USFWS,clear creek,temperature,mean,9.9838125
50,2018,clear creek,LCC,USFWS,clear creek,temperature,min,8.792
50,2018,clear creek,UCC,USFWS,clear creek,temperature,max,11.273
50,2018,clear creek,UCC,USFWS,clear creek,temperature,mean,10.395529761904761
50,2018,clear creek,UCC,USFWS,clear creek,temperature,min,9.657
51,2018,clear creek,LCC,USFWS,clear creek,temperature,max,11.273
51,2018,clear creek,LCC,USFWS,clear creek,temperature,mean,10.106318452380952
51,2018,clear creek,LCC,USFWS,clear creek,temperature,min,8.17
51,2018,clear creek,UCC,USFWS,clear creek,temperature,max,10.834
51,2018,clear creek,UCC,USFWS,clear creek,temperature,mean,10.181529761904763
51,2018,clear creek,UCC,USFWS,clear creek,temperature,min,9.089
52,2018,clear creek,LCC,USFWS,clear creek,temperature,max,9.952
52,2018,clear creek,LCC,USFWS,clear creek,temperature,mean,8.842815476190477
52,2018,clear creek,LCC,USFWS,clear creek,temperature,min,7.444
52,2018,clear creek,UCC,USFWS,clear creek,temperature,max,9.977
52,2018,clear creek,UCC,USFWS,clear creek,temperature,mean,9.224690476190476
52,2018,clear creek,UCC,USFWS,clear creek,temperature,min,8.27
53,2018,clear creek,LCC,USFWS,clear creek,temperature,max,8.742
53,2018,clear creek,LCC,USFWS,clear creek,temperature,mean,8.070895833333333
53,2018,clear creek,LCC,USFWS,clear creek,temperature,min,7.494
53,2018,clear creek,UCC,USFWS,clear creek,temperature,max,9.089
53,2018,clear creek,UCC,USFWS,clear creek,temperature,mean,8.64775
53,2018,clear creek,UCC,USFWS,clear creek,temperature,min,8.319
1,2019,clear creek,LCC,USFWS,clear creek,temperature,max,9.089
1,2019,clear creek,LCC,USFWS,clear creek,temperature,mean,8.020172619047619
1,2019,clear creek,LCC,USFWS,clear creek,temperature,min,7.066
1,2019,clear creek,UCC,USFWS,clear creek,temperature,max,9.312
1,2019,clear creek,UCC,USFWS,clear creek,temperature,mean,8.410824404761906
1,2019,clear creek,UCC,USFWS,clear creek,temperature,min,7.368
2,2019,clear creek,LCC,USFWS,clear creek,temperature,max,10.271
2,2019,clear creek,LCC,USFWS,clear creek,temperature,mean,9.058803571428571
2,2019,clear creek,LCC,USFWS,clear creek,temperature,min,7.242
2,2019,clear creek,UCC,USFWS,clear creek,temperature,max,9.952
2,2019,clear creek,UCC,USFWS,clear creek,temperature,mean,9.056982142857143
2,2019,clear creek,UCC,USFWS,clear creek,temperature,min,7.82
3,2019,clear creek,LCC,USFWS,clear creek,temperature,max,10.663
3,2019,clear creek,LCC,USFWS,clear creek,temperature,mean,9.405369047619047
3,2019,clear creek,LCC,USFWS,clear creek,temperature,min,8.643
3,2019,clear creek,UCC,USFWS,clear creek,temperature,max,10.492
3,2019,clear creek,UCC,USFWS,clear creek,temperature,mean,9.321166666666667
3,2019,clear creek,UCC,USFWS,clear creek,temperature,min,8.419
4,2019,clear creek,LCC,USFWS,clear creek,temperature,max,10.173
4,2019,clear creek,LCC,USFWS,clear creek,temperature,mean,8.81045238095238
4,2019,clear creek,LCC,USFWS,clear creek,temperature,min,7.619
4,2019,clear creek,UCC,USFWS,clear creek,temperature,max,9.952
4,2019,clear creek,UCC,USFWS,clear creek,temperature,mean,8.85771130952381
4,2019,clear creek,UCC,USFWS,clear creek,temperature,min,7.82
5,2019,clear creek,LCC,USFWS,clear creek,temperature,max,10.565
5,2019,clear creek,LCC,USFWS,clear creek,temperature,mean,9.540270833333333
5,2019,clear creek,LCC,USFWS,clear creek,temperature,min,8.369
5,2019,clear creek,UCC,USFWS,clear creek,temperature,max,10.222
5,2019,clear creek,UCC,USFWS,clear creek,temperature,mean,9.370247023809524
5,2019,clear creek,UCC,USFWS,clear creek,temperature,min,8.12
6,2019,clear creek,LCC,USFWS,clear creek,temperature,max,9.089
6,2019,clear creek,LCC,USFWS,clear creek,temperature,mean,7.891074404761905
6,2019,clear creek,LCC,USFWS,clear creek,temperature,min,6.331
6,2019,clear creek,UCC,USFWS,clear creek,temperature,max,8.99
6,2019,clear creek,UCC,USFWS,clear creek,temperature,mean,7.942666666666667
6,2019,clear creek,UCC,USFWS,clear creek,temperature,min,6.737
7,2019,clear creek,LCC,USFWS,clear creek,temperature,max,9.163
7,2019,clear creek,LCC,USFWS,clear creek,temperature,mean,7.106505952380952
7,2019,clear creek,LCC,USFWS,clear creek,temperature,min,3.274
7,2019,clear creek,UCC,USFWS,clear creek,temperature,max,8.767
7,2019,clear creek,UCC,USFWS,clear creek,temperature,mean,7.247827380952381
7,2019,clear creek,UCC,USFWS,clear creek,temperature,min,4.324
8,2019,clear creek,LCC,USFWS,clear creek,temperature,max,8.841
8,2019,clear creek,LCC,USFWS,clear creek,temperature,mean,7.3717500000000005
8,2019,clear creek,LCC,USFWS,clear creek,temperature,min,5.821
8,2019,clear creek,UCC,USFWS,clear creek,temperature,max,8.369
8,2019,clear creek,UCC,USFWS,clear creek,temperature,mean,7.308047619047619
8,2019,clear creek,UCC,USFWS,clear creek,temperature,min,6.179
9,2019,clear creek,UCC,USFWS,clear creek,temperature,max,9.509
9,2019,clear creek,UCC,USFWS,clear creek,temperature,mean,8.564473958333334
9,2019,clear creek,UCC,USFWS,clear creek,temperature,min,7.695
10,2019,clear creek,UCC,USFWS,clear creek,temperature,max,10.565
10,2019,clear creek,UCC,USFWS,clear creek,temperature,mean,9.119708407210402
10,2019,clear creek,UCC,USFWS,clear creek,temperature,min,7.795
11,2019,clear creek,UCC,USFWS,clear creek,temperature,max,11.346
11,2019,clear creek,UCC,USFWS,clear creek,temperature,mean,9.112339285714286
11,2019,clear creek,UCC,USFWS,clear creek,temperature,min,7.318
12,2019,clear creek,UCC,USFWS,clear creek,temperature,max,11.37
12,2019,clear creek,UCC,USFWS,clear creek,temperature,mean,9.626595238095238
12,2019,clear creek,UCC,USFWS,clear creek,temperature,min,8.668
13,2019,clear creek,UCC,USFWS,clear creek,temperature,max,12.558
13,2019,clear creek,UCC,USFWS,clear creek,temperature,mean,10.166880952380954
13,2019,clear creek,UCC,USFWS,clear creek,temperature,min,8.792
14,2019,clear creek,UCC,USFWS,clear creek,temperature,max,12.968
14,2019,clear creek,UCC,USFWS,clear creek,temperature,mean,10.783678183229814
14,2019,clear creek,UCC,USFWS,clear creek,temperature,min,7.594
15,2019,clear creek,UCC,USFWS,clear creek,temperature,max,13.786
15,2019,clear creek,UCC,USFWS,clear creek,temperature,mean,10.913178571428572
15,2019,clear creek,UCC,USFWS,clear creek,temperature,min,9.114
16,2019,clear creek,UCC,USFWS,clear creek,temperature,max,15.151
16,2019,clear creek,UCC,USFWS,clear creek,temperature,mean,12.047619047619047
16,2019,clear creek,UCC,USFWS,clear creek,temperature,min,9.583
17,2019,clear creek,UCC,USFWS,clear creek,temperature,max,16.058
17,2019,clear creek,UCC,USFWS,clear creek,temperature,mean,12.996360119047619
17,2019,clear creek,UCC,USFWS,clear creek,temperature,min,10.81
18,2019,clear creek,UCC,USFWS,clear creek,temperature,max,15.27
18,2019,clear creek,UCC,USFWS,clear creek,temperature,mean,12.33873511904762
18,2019,clear creek,UCC,USFWS,clear creek,temperature,min,9.952
19,2019,clear creek,UCC,USFWS,clear creek,temperature,max,15.676
19,2019,clear creek,UCC,USFWS,clear creek,temperature,mean,12.536038690476191
19,2019,clear creek,UCC,USFWS,clear creek,temperature,min,10.565
20,2019,clear creek,UCC,USFWS,clear creek,temperature,max,14.002
20,2019,clear creek,UCC,USFWS,clear creek,temperature,mean,11.954723214285714
20,2019,clear creek,UCC,USFWS,clear creek,temperature,min,10.858
21,2019,clear creek,UCC,USFWS,clear creek,temperature,max,16.32
21,2019,clear creek,UCC,USFWS,clear creek,temperature,mean,13.25391369047619
21,2019,clear creek,UCC,USFWS,clear creek,temperature,min,10.907
22,2019,clear creek,UCC,USFWS,clear creek,temperature,max,18.509
22,2019,clear creek,UCC,USFWS,clear creek,temperature,mean,14.843604166666667
22,2019,clear creek,UCC,USFWS,clear creek,temperature,min,11.88
23,2019,clear creek,UCC,USFWS,clear creek,temperature,max,18.652
23,2019,clear creek,UCC,USFWS,clear creek,temperature,mean,14.704833333333333
23,2019,clear creek,UCC,USFWS,clear creek,temperature,min,11.492
24,2019,clear creek,UCC,USFWS,clear creek,temperature,max,18.866
24,2019,clear creek,UCC,USFWS,clear creek,temperature,mean,15.737494047619048
24,2019,clear creek,UCC,USFWS,clear creek,temperature,min,12.703
25,2019,clear creek,UCC,USFWS,clear creek,temperature,max,18.794
25,2019,clear creek,UCC,USFWS,clear creek,temperature,mean,14.911583333333333
25,2019,clear creek,UCC,USFWS,clear creek,temperature,min,12.219
26,2019,clear creek,UCC,USFWS,clear creek,temperature,max,17.772
26,2019,clear creek,UCC,USFWS,clear creek,temperature,mean,14.795955357142857
26,2019,clear creek,UCC,USFWS,clear creek,temperature,min,12.243
27,2019,clear creek,UCC,USFWS,clear creek,temperature,max,18.39
27,2019,clear creek,UCC,USFWS,clear creek,temperature,mean,15.560488095238096
27,2019,clear creek,UCC,USFWS,clear creek,temperature,min,12.896
28,2019,clear creek,UCC,USFWS,clear creek,temperature,max,18.985
28,2019,clear creek,UCC,USFWS,clear creek,temperature,mean,15.81621130952381
28,2019,clear creek,UCC,USFWS,clear creek,temperature,min,13.329
29,2019,clear creek,UCC,USFWS,clear creek,temperature,max,18.438
29,2019,clear creek,UCC,USFWS,clear creek,temperature,mean,15.6211875
29,2019,clear creek,UCC,USFWS,clear creek,temperature,min,12.944
30,2019,clear creek,UCC,USFWS,clear creek,temperature,max,18.033
30,2019,clear creek,UCC,USFWS,clear creek,temperature,mean,15.233110119047618
30,2019,clear creek,UCC,USFWS,clear creek,temperature,min,12.606
31,2019,clear creek,UCC,USFWS,clear creek,temperature,max,17.915
31,2019,clear creek,UCC,USFWS,clear creek,temperature,mean,15.128657738095239
31,2019,clear creek,UCC,USFWS,clear creek,temperature,min,12.751
31,2019,clear creek,LCC,USFWS,clear creek,temperature,max,21.199
31,2019,clear creek,LCC,USFWS,clear creek,temperature,mean,17.807390625
31,2019,clear creek,LCC,USFWS,clear creek,temperature,min,14.936
32,2019,clear creek,LCC,USFWS,clear creek,temperature,max,20.507
32,2019,clear creek,LCC,USFWS,clear creek,temperature,mean,16.902505952380952
32,2019,clear creek,LCC,USFWS,clear creek,temperature,min,13.666
32,2019,clear creek,UCC,USFWS,clear creek,temperature,max,17.415
32,2019,clear creek,UCC,USFWS,clear creek,temperature,mean,14.726547619047619
32,2019,clear creek,UCC,USFWS,clear creek,temperature,min,12.582
33,2019,clear creek,LCC,USFWS,clear creek,temperature,max,21.151
33,2019,clear creek,LCC,USFWS,clear creek,temperature,mean,17.770297619047618
33,2019,clear creek,LCC,USFWS,clear creek,temperature,min,14.816
33,2019,clear creek,UCC,USFWS,clear creek,temperature,max,17.915
33,2019,clear creek,UCC,USFWS,clear creek,temperature,mean,15.281693452380953
33,2019,clear creek,UCC,USFWS,clear creek,temperature,min,12.896
34,2019,clear creek,LCC,USFWS,clear creek,temperature,max,20.817
34,2019,clear creek,LCC,USFWS,clear creek,temperature,mean,17.701428571428572
34,2019,clear creek,LCC,USFWS,clear creek,temperature,min,14.912
34,2019,clear creek,UCC,USFWS,clear creek,temperature,max,17.748
34,2019,clear creek,UCC,USFWS,clear creek,temperature,mean,15.311997023809523
34,2019,clear creek,UCC,USFWS,clear creek,temperature,min,13.016
35,2019,clear creek,LCC,USFWS,clear creek,temperature,max,20.293
35,2019,clear creek,LCC,USFWS,clear creek,temperature,mean,17.303464285714284
35,2019,clear creek,LCC,USFWS,clear creek,temperature,min,14.649
35,2019,clear creek,UCC,USFWS,clear creek,temperature,max,17.368
35,2019,clear creek,UCC,USFWS,clear creek,temperature,mean,15.034169642857142
35,2019,clear creek,UCC,USFWS,clear creek,temperature,min,12.944
36,2019,clear creek,LCC,USFWS,clear creek,temperature,max,19.627
36,2019,clear creek,LCC,USFWS,clear creek,temperature,mean,16.439577380952382
36,2019,clear creek,LCC,USFWS,clear creek,temperature,min,13.834
36,2019,clear creek,UCC,USFWS,clear creek,temperature,max,16.749
36,2019,clear creek,UCC,USFWS,clear creek,temperature,mean,14.707610119047619
36,2019,clear creek,UCC,USFWS,clear creek,temperature,min,12.727
37,2019,clear creek,LCC,USFWS,clear creek,temperature,max,19.008
37,2019,clear creek,LCC,USFWS,clear creek,temperature,mean,16.07190476190476
37,2019,clear creek,LCC,USFWS,clear creek,temperature,min,13.666
37,2019,clear creek,UCC,USFWS,clear creek,temperature,max,16.558
37,2019,clear creek,UCC,USFWS,clear creek,temperature,mean,14.505062500000001
37,2019,clear creek,UCC,USFWS,clear creek,temperature,min,12.63
38,2019,clear creek,LCC,USFWS,clear creek,temperature,max,17.391
38,2019,clear creek,LCC,USFWS,clear creek,temperature,mean,14.719922619047619
38,2019,clear creek,LCC,USFWS,clear creek,temperature,min,12.34
38,2019,clear creek,UCC,USFWS,clear creek,temperature,max,15.533
38,2019,clear creek,UCC,USFWS,clear creek,temperature,mean,13.744110119047619
38,2019,clear creek,UCC,USFWS,clear creek,temperature,min,12.122
39,2019,clear creek,LCC,USFWS,clear creek,temperature,max,18.271
39,2019,clear creek,LCC,USFWS,clear creek,temperature,mean,14.681815476190476
39,2019,clear creek,LCC,USFWS,clear creek,temperature,min,11.759
39,2019,clear creek,UCC,USFWS,clear creek,temperature,max,16.106
39,2019,clear creek,UCC,USFWS,clear creek,temperature,mean,13.8670625
39,2019,clear creek,UCC,USFWS,clear creek,temperature,min,12.147
40,2019,clear creek,LCC,USFWS,clear creek,temperature,max,15.772
40,2019,clear creek,LCC,USFWS,clear creek,temperature,mean,13.615755952380953
40,2019,clear creek,LCC,USFWS,clear creek,temperature,min,11.565
40,2019,clear creek,UCC,USFWS,clear creek,temperature,max,14.84
40,2019,clear creek,UCC,USFWS,clear creek,temperature,mean,13.280866071428571
40,2019,clear creek,UCC,USFWS,clear creek,temperature,min,12.098
41,2019,clear creek,LCC,USFWS,clear creek,temperature,max,15.724
41,2019,clear creek,LCC,USFWS,clear creek,temperature,mean,12.743559523809523
41,2019,clear creek,LCC,USFWS,clear creek,temperature,min,10.736
41,2019,clear creek,UCC,USFWS,clear creek,temperature,max,14.625
41,2019,clear creek,UCC,USFWS,clear creek,temperature,mean,12.589747023809524
41,2019,clear creek,UCC,USFWS,clear creek,temperature,min,11.297
42,2019,clear creek,LCC,USFWS,clear creek,temperature,max,14.122
42,2019,clear creek,LCC,USFWS,clear creek,temperature,mean,12.490428571428572
42,2019,clear creek,LCC,USFWS,clear creek,temperature,min,10.81
42,2019,clear creek,UCC,USFWS,clear creek,temperature,max,13.522
42,2019,clear creek,UCC,USFWS,clear creek,temperature,mean,12.225907738095238
42,2019,clear creek,UCC,USFWS,clear creek,temperature,min,11.175
43,2019,clear creek,LCC,USFWS,clear creek,temperature,max,14.433
43,2019,clear creek,LCC,USFWS,clear creek,temperature,mean,12.113458333333334
43,2019,clear creek,LCC,USFWS,clear creek,temperature,min,9.903
43,2019,clear creek,UCC,USFWS,clear creek,temperature,max,13.473
43,2019,clear creek,UCC,USFWS,clear creek,temperature,mean,11.845916666666666
43,2019,clear creek,UCC,USFWS,clear creek,temperature,min,10.492
44,2019,clear creek,LCC,USFWS,clear creek,temperature,max,13.04
44,2019,clear creek,LCC,USFWS,clear creek,temperature,mean,11.012893245341616
44,2019,clear creek,LCC,USFWS,clear creek,temperature,min,9.238
44,2019,clear creek,UCC,USFWS,clear creek,temperature,max,12.823
44,2019,clear creek,UCC,USFWS,clear creek,temperature,mean,11.266906444099378
44,2019,clear creek,UCC,USFWS,clear creek,temperature,min,10.075
45,2019,clear creek,LCC,USFWS,clear creek,temperature,max,13.209
45,2019,clear creek,LCC,USFWS,clear creek,temperature,mean,11.504142857142858
45,2019,clear creek,LCC,USFWS,clear creek,temperature,min,10.001
45,2019,clear creek,UCC,USFWS,clear creek,temperature,max,12.751
45,2019,clear creek,UCC,USFWS,clear creek,temperature,mean,11.47797619047619
45,2019,clear creek,UCC,USFWS,clear creek,temperature,min,10.467
46,2019,clear creek,LCC,USFWS,clear creek,temperature,max,12.896
46,2019,clear creek,LCC,USFWS,clear creek,temperature,mean,11.63935119047619
46,2019,clear creek,LCC,USFWS,clear creek,temperature,min,10.565
46,2019,clear creek,UCC,USFWS,clear creek,temperature,max,12.413
46,2019,clear creek,UCC,USFWS,clear creek,temperature,mean,11.529071428571429
46,2019,clear creek,UCC,USFWS,clear creek,temperature,min,10.883
47,2019,clear creek,LCC,USFWS,clear creek,temperature,max,12.364
47,2019,clear creek,LCC,USFWS,clear creek,temperature,mean,10.58507738095238
47,2019,clear creek,LCC,USFWS,clear creek,temperature,min,9.139
47,2019,clear creek,UCC,USFWS,clear creek,temperature,max,12.001
47,2019,clear creek,UCC,USFWS,clear creek,temperature,mean,10.818142857142858
47,2019,clear creek,UCC,USFWS,clear creek,temperature,min,9.977
48,2019,clear creek,LCC,USFWS,clear creek,temperature,max,10.369
48,2019,clear creek,LCC,USFWS,clear creek,temperature,mean,9.257401785714286
48,2019,clear creek,LCC,USFWS,clear creek,temperature,min,7.92
48,2019,clear creek,UCC,USFWS,clear creek,temperature,max,10.565
48,2019,clear creek,UCC,USFWS,clear creek,temperature,mean,9.622928571428572
48,2019,clear creek,UCC,USFWS,clear creek,temperature,min,7.97
49,2019,clear creek,LCC,USFWS,clear creek,temperature,max,11.346
49,2019,clear creek,LCC,USFWS,clear creek,temperature,mean,10.286485119047619
49,2019,clear creek,LCC,USFWS,clear creek,temperature,min,8.99
49,2019,clear creek,UCC,USFWS,clear creek,temperature,max,10.956
49,2019,clear creek,UCC,USFWS,clear creek,temperature,mean,10.162395833333333
49,2019,clear creek,UCC,USFWS,clear creek,temperature,min,9.46
50,2019,clear creek,LCC,USFWS,clear creek,temperature,max,10.932
50,2019,clear creek,LCC,USFWS,clear creek,temperature,mean,9.772083333333333
50,2019,clear creek,LCC,USFWS,clear creek,temperature,min,8.07
50,2019,clear creek,UCC,USFWS,clear creek,temperature,max,10.736
50,2019,clear creek,UCC,USFWS,clear creek,temperature,mean,9.836517857142857
50,2019,clear creek,UCC,USFWS,clear creek,temperature,min,8.792
51,2019,clear creek,LCC,USFWS,clear creek,temperature,max,10.222
51,2019,clear creek,LCC,USFWS,clear creek,temperature,mean,9.216800595238094
51,2019,clear creek,LCC,USFWS,clear creek,temperature,min,7.995
51,2019,clear creek,UCC,USFWS,clear creek,temperature,max,10.075
51,2019,clear creek,UCC,USFWS,clear creek,temperature,mean,9.375482142857143
51,2019,clear creek,UCC,USFWS,clear creek,temperature,min,8.419
52,2019,clear creek,LCC,USFWS,clear creek,temperature,max,9.509
52,2019,clear creek,LCC,USFWS,clear creek,temperature,mean,8.585869047619047
52,2019,clear creek,LCC,USFWS,clear creek,temperature,min,7.544
52,2019,clear creek,UCC,USFWS,clear creek,temperature,max,9.435
52,2019,clear creek,UCC,USFWS,clear creek,temperature,mean,8.800678571428572
52,2019,clear creek,UCC,USFWS,clear creek,temperature,min,8.095
53,2019,clear creek,LCC,USFWS,clear creek,temperature,max,9.928
53,2019,clear creek,LCC,USFWS,clear creek,temperature,mean,9.072125
53,2019,clear creek,LCC,USFWS,clear creek,temperature,min,8.469
53,2019,clear creek,UCC,USFWS,clear creek,temperature,max,9.583
53,2019,clear creek,UCC,USFWS,clear creek,temperature,mean,8.99
53,2019,clear creek,UCC,USFWS,clear creek,temperature,min,8.543
1,2020,clear creek,LCC,USFWS,clear creek,temperature,max,9.879
1,2020,clear creek,LCC,USFWS,clear creek,temperature,mean,8.31035119047619
1,2020,clear creek,LCC,USFWS,clear creek,temperature,min,6.788
1,2020,clear creek,UCC,USFWS,clear creek,temperature,max,9.534
1,2020,clear creek,UCC,USFWS,clear creek,temperature,mean,8.410244047619049
1,2020,clear creek,UCC,USFWS,clear creek,temperature,min,7.368
2,2020,clear creek,LCC,USFWS,clear creek,temperature,max,9.583
2,2020,clear creek,LCC,USFWS,clear creek,temperature,mean,8.152369047619048
2,2020,clear creek,LCC,USFWS,clear creek,temperature,min,6.99
2,2020,clear creek,UCC,USFWS,clear creek,temperature,max,11.929
2,2020,clear creek,UCC,USFWS,clear creek,temperature,mean,8.212416666666666
2,2020,clear creek,UCC,USFWS,clear creek,temperature,min,7.444
3,2020,clear creek,LCC,USFWS,clear creek,temperature,max,8.643
3,2020,clear creek,LCC,USFWS,clear creek,temperature,mean,7.878166666666666
3,2020,clear creek,LCC,USFWS,clear creek,temperature,min,6.788
3,2020,clear creek,UCC,USFWS,clear creek,temperature,max,8.742
3,2020,clear creek,UCC,USFWS,clear creek,temperature,mean,7.927276785714286
3,2020,clear creek,UCC,USFWS,clear creek,temperature,min,7.192
4,2020,clear creek,LCC,USFWS,clear creek,temperature,max,10.173
4,2020,clear creek,LCC,USFWS,clear creek,temperature,mean,8.873955357142858
4,2020,clear creek,LCC,USFWS,clear creek,temperature,min,7.444
4,2020,clear creek,UCC,USFWS,clear creek,temperature,max,9.657
4,2020,clear creek,UCC,USFWS,clear creek,temperature,mean,8.643705357142856
4,2020,clear creek,UCC,USFWS,clear creek,temperature,min,7.569
5,2020,clear creek,LCC,USFWS,clear creek,temperature,max,10.271
5,2020,clear creek,LCC,USFWS,clear creek,temperature,mean,8.471297619047618
5,2020,clear creek,LCC,USFWS,clear creek,temperature,min,6.509
5,2020,clear creek,UCC,USFWS,clear creek,temperature,max,9.756
5,2020,clear creek,UCC,USFWS,clear creek,temperature,mean,8.380473214285715
5,2020,clear creek,UCC,USFWS,clear creek,temperature,min,7.041
6,2020,clear creek,LCC,USFWS,clear creek,temperature,max,10.173
6,2020,clear creek,LCC,USFWS,clear creek,temperature,mean,8.34447619047619
6,2020,clear creek,LCC,USFWS,clear creek,temperature,min,6.914
6,2020,clear creek,UCC,USFWS,clear creek,temperature,max,9.583
6,2020,clear creek,UCC,USFWS,clear creek,temperature,mean,8.262389880952382
6,2020,clear creek,UCC,USFWS,clear creek,temperature,min,7.293
7,2020,clear creek,LCC,USFWS,clear creek,temperature,max,10.345
7,2020,clear creek,LCC,USFWS,clear creek,temperature,mean,8.691113095238094
7,2020,clear creek,LCC,USFWS,clear creek,temperature,min,6.864
7,2020,clear creek,UCC,USFWS,clear creek,temperature,max,10.026
7,2020,clear creek,UCC,USFWS,clear creek,temperature,mean,8.492904761904763
7,2020,clear creek,UCC,USFWS,clear creek,temperature,min,7.242
8,2020,clear creek,LCC,USFWS,clear creek,temperature,max,11.224
8,2020,clear creek,LCC,USFWS,clear creek,temperature,mean,8.801845238095238
8,2020,clear creek,LCC,USFWS,clear creek,temperature,min,6.737
8,2020,clear creek,UCC,USFWS,clear creek,temperature,max,10.492
8,2020,clear creek,UCC,USFWS,clear creek,temperature,mean,8.644669642857144
8,2020,clear creek,UCC,USFWS,clear creek,temperature,min,7.368
9,2020,clear creek,LCC,USFWS,clear creek,temperature,max,12.34
9,2020,clear creek,LCC,USFWS,clear creek,temperature,mean,9.337675595238096
9,2020,clear creek,LCC,USFWS,clear creek,temperature,min,7.368
9,2020,clear creek,UCC,USFWS,clear creek,temperature,max,11.078
9,2020,clear creek,UCC,USFWS,clear creek,temperature,mean,9.057458333333333
9,2020,clear creek,UCC,USFWS,clear creek,temperature,min,7.92
10,2020,clear creek,LCC,USFWS,clear creek,temperature,max,12.461
10,2020,clear creek,LCC,USFWS,clear creek,temperature,mean,9.881982142857144
10,2020,clear creek,LCC,USFWS,clear creek,temperature,min,7.87
10,2020,clear creek,UCC,USFWS,clear creek,temperature,max,11.224
10,2020,clear creek,UCC,USFWS,clear creek,temperature,mean,9.41814990942029
10,2020,clear creek,UCC,USFWS,clear creek,temperature,min,8.394
11,2020,clear creek,LCC,USFWS,clear creek,temperature,max,12.703
11,2020,clear creek,LCC,USFWS,clear creek,temperature,mean,9.629407738095239
11,2020,clear creek,LCC,USFWS,clear creek,temperature,min,7.544
11,2020,clear creek,UCC,USFWS,clear creek,temperature,max,11.297
11,2020,clear creek,UCC,USFWS,clear creek,temperature,mean,9.063708333333333
11,2020,clear creek,UCC,USFWS,clear creek,temperature,min,7.77
12,2020,clear creek,LCC,USFWS,clear creek,temperature,max,12.968
12,2020,clear creek,LCC,USFWS,clear creek,temperature,mean,9.841520833333332
12,2020,clear creek,LCC,USFWS,clear creek,temperature,min,7.393
12,2020,clear creek,UCC,USFWS,clear creek,temperature,max,11.783
12,2020,clear creek,UCC,USFWS,clear creek,temperature,mean,9.466294642857143
12,2020,clear creek,UCC,USFWS,clear creek,temperature,min,7.87
13,2020,clear creek,LCC,USFWS,clear creek,temperature,max,13.305
13,2020,clear creek,LCC,USFWS,clear creek,temperature,mean,10.087806547619047
13,2020,clear creek,LCC,USFWS,clear creek,temperature,min,7.594
13,2020,clear creek,UCC,USFWS,clear creek,temperature,max,11.565
13,2020,clear creek,UCC,USFWS,clear creek,temperature,mean,9.645181547619048
13,2020,clear creek,UCC,USFWS,clear creek,temperature,min,8.02
14,2020,clear creek,LCC,USFWS,clear creek,temperature,max,13.714
14,2020,clear creek,LCC,USFWS,clear creek,temperature,mean,10.559366071428572
14,2020,clear creek,LCC,USFWS,clear creek,temperature,min,8.344
14,2020,clear creek,UCC,USFWS,clear creek,temperature,max,13.016
14,2020,clear creek,UCC,USFWS,clear creek,temperature,mean,10.097244047619048
14,2020,clear creek,UCC,USFWS,clear creek,temperature,min,8.593
15,2020,clear creek,LCC,USFWS,clear creek,temperature,max,15.27
15,2020,clear creek,LCC,USFWS,clear creek,temperature,mean,12.294083333333333
15,2020,clear creek,LCC,USFWS,clear creek,temperature,min,9.04
15,2020,clear creek,UCC,USFWS,clear creek,temperature,max,13.954
15,2020,clear creek,UCC,USFWS,clear creek,temperature,mean,11.213979166666666
15,2020,clear creek,UCC,USFWS,clear creek,temperature,min,8.941
16,2020,clear creek,LCC,USFWS,clear creek,temperature,max,15.748
16,2020,clear creek,LCC,USFWS,clear creek,temperature,mean,12.452833333333334
16,2020,clear creek,LCC,USFWS,clear creek,temperature,min,9.756
16,2020,clear creek,UCC,USFWS,clear creek,temperature,max,14.026
16,2020,clear creek,UCC,USFWS,clear creek,temperature,mean,11.294425595238096
16,2020,clear creek,UCC,USFWS,clear creek,temperature,min,9.509
17,2020,clear creek,LCC,USFWS,clear creek,temperature,max,17.391
17,2020,clear creek,LCC,USFWS,clear creek,temperature,mean,13.622839285714285
17,2020,clear creek,LCC,USFWS,clear creek,temperature,min,10.345
17,2020,clear creek,UCC,USFWS,clear creek,temperature,max,15.079
17,2020,clear creek,UCC,USFWS,clear creek,temperature,mean,12.064455357142858
17,2020,clear creek,UCC,USFWS,clear creek,temperature,min,9.928
18,2020,clear creek,LCC,USFWS,clear creek,temperature,max,16.868
18,2020,clear creek,LCC,USFWS,clear creek,temperature,mean,13.329830357142857
18,2020,clear creek,LCC,USFWS,clear creek,temperature,min,9.829
18,2020,clear creek,UCC,USFWS,clear creek,temperature,max,14.505
18,2020,clear creek,UCC,USFWS,clear creek,temperature,mean,11.837779761904763
18,2020,clear creek,UCC,USFWS,clear creek,temperature,min,9.583
19,2020,clear creek,LCC,USFWS,clear creek,temperature,max,17.867
19,2020,clear creek,LCC,USFWS,clear creek,temperature,mean,12.76809365079365
19,2020,clear creek,LCC,USFWS,clear creek,temperature,min,10.614
19,2020,clear creek,UCC,USFWS,clear creek,temperature,max,15.772
19,2020,clear creek,UCC,USFWS,clear creek,temperature,mean,11.696725155279504
19,2020,clear creek,UCC,USFWS,clear creek,temperature,min,10.345
20,2020,clear creek,LCC,USFWS,clear creek,temperature,max,16.01
20,2020,clear creek,LCC,USFWS,clear creek,temperature,mean,12.611428571428572
20,2020,clear creek,LCC,USFWS,clear creek,temperature,min,10.369
20,2020,clear creek,UCC,USFWS,clear creek,temperature,max,14.361
20,2020,clear creek,UCC,USFWS,clear creek,temperature,mean,11.736654761904761
20,2020,clear creek,UCC,USFWS,clear creek,temperature,min,10.173
21,2020,clear creek,LCC,USFWS,clear creek,temperature,max,18.771
21,2020,clear creek,LCC,USFWS,clear creek,temperature,mean,14.509505952380954
21,2020,clear creek,LCC,USFWS,clear creek,temperature,min,10.883
21,2020,clear creek,UCC,USFWS,clear creek,temperature,max,16.344
21,2020,clear creek,UCC,USFWS,clear creek,temperature,mean,12.844791666666666
21,2020,clear creek,UCC,USFWS,clear creek,temperature,min,10.467
22,2020,clear creek,LCC,USFWS,clear creek,temperature,max,20.103
22,2020,clear creek,LCC,USFWS,clear creek,temperature,mean,15.53147619047619
22,2020,clear creek,LCC,USFWS,clear creek,temperature,min,12.074
22,2020,clear creek,UCC,USFWS,clear creek,temperature,max,17.201
22,2020,clear creek,UCC,USFWS,clear creek,temperature,mean,13.592869047619049
22,2020,clear creek,UCC,USFWS,clear creek,temperature,min,11.419
23,2020,clear creek,LCC,USFWS,clear creek,temperature,max,20.531
23,2020,clear creek,LCC,USFWS,clear creek,temperature,mean,16.05703869047619
23,2020,clear creek,LCC,USFWS,clear creek,temperature,min,12.074
23,2020,clear creek,UCC,USFWS,clear creek,temperature,max,17.391
23,2020,clear creek,UCC,USFWS,clear creek,temperature,mean,13.835247023809524
23,2020,clear creek,UCC,USFWS,clear creek,temperature,min,10.907
24,2020,clear creek,LCC,USFWS,clear creek,temperature,max,20.126
24,2020,clear creek,LCC,USFWS,clear creek,temperature,mean,15.690005952380952
24,2020,clear creek,LCC,USFWS,clear creek,temperature,min,12.703
24,2020,clear creek,UCC,USFWS,clear creek,temperature,max,17.106
24,2020,clear creek,UCC,USFWS,clear creek,temperature,mean,13.761488095238095
24,2020,clear creek,UCC,USFWS,clear creek,temperature,min,11.565
25,2020,clear creek,LCC,USFWS,clear creek,temperature,max,20.412
25,2020,clear creek,LCC,USFWS,clear creek,temperature,mean,15.535956547619048
25,2020,clear creek,LCC,USFWS,clear creek,temperature,min,11.953
25,2020,clear creek,UCC,USFWS,clear creek,temperature,max,17.463
25,2020,clear creek,UCC,USFWS,clear creek,temperature,mean,13.617440734989648
25,2020,clear creek,UCC,USFWS,clear creek,temperature,min,11.492
26,2020,clear creek,LCC,USFWS,clear creek,temperature,max,21.342
26,2020,clear creek,LCC,USFWS,clear creek,temperature,mean,17.50379761904762
26,2020,clear creek,LCC,USFWS,clear creek,temperature,min,14.098
26,2020,clear creek,UCC,USFWS,clear creek,temperature,max,18.129
26,2020,clear creek,UCC,USFWS,clear creek,temperature,mean,14.939464285714285
26,2020,clear creek,UCC,USFWS,clear creek,temperature,min,12.074
27,2020,clear creek,LCC,USFWS,clear creek,temperature,max,20.841
27,2020,clear creek,LCC,USFWS,clear creek,temperature,mean,17.545818452380953
27,2020,clear creek,LCC,USFWS,clear creek,temperature,min,14.505
27,2020,clear creek,UCC,USFWS,clear creek,temperature,max,17.605
27,2020,clear creek,UCC,USFWS,clear creek,temperature,mean,14.711502976190475
27,2020,clear creek,UCC,USFWS,clear creek,temperature,min,12.509
28,2020,clear creek,LCC,USFWS,clear creek,temperature,max,21.915
28,2020,clear creek,LCC,USFWS,clear creek,temperature,mean,18.215095238095238
28,2020,clear creek,LCC,USFWS,clear creek,temperature,min,15.079
29,2020,clear creek,LCC,USFWS,clear creek,temperature,max,21.843
29,2020,clear creek,LCC,USFWS,clear creek,temperature,mean,18.68758630952381
29,2020,clear creek,LCC,USFWS,clear creek,temperature,min,15.652
30,2020,clear creek,LCC,USFWS,clear creek,temperature,max,21.676
30,2020,clear creek,LCC,USFWS,clear creek,temperature,mean,18.30442857142857
30,2020,clear creek,LCC,USFWS,clear creek,temperature,min,15.247
31,2020,clear creek,LCC,USFWS,clear creek,temperature,max,21.581
31,2020,clear creek,LCC,USFWS,clear creek,temperature,mean,18.23082738095238
31,2020,clear creek,LCC,USFWS,clear creek,temperature,min,15.175
32,2020,clear creek,LCC,USFWS,clear creek,temperature,max,21.676
32,2020,clear creek,LCC,USFWS,clear creek,temperature,mean,18.541645833333334
32,2020,clear creek,LCC,USFWS,clear creek,temperature,min,15.796
33,2020,clear creek,LCC,USFWS,clear creek,temperature,max,21.628
33,2020,clear creek,LCC,USFWS,clear creek,temperature,mean,17.871910714285715
33,2020,clear creek,LCC,USFWS,clear creek,temperature,min,15.509
34,2020,clear creek,LCC,USFWS,clear creek,temperature,max,19.674
34,2020,clear creek,LCC,USFWS,clear creek,temperature,mean,16.69929761904762
34,2020,clear creek,LCC,USFWS,clear creek,temperature,min,14.625
35,2020,clear creek,LCC,USFWS,clear creek,temperature,max,20.222
35,2020,clear creek,LCC,USFWS,clear creek,temperature,mean,17.200785714285715
35,2020,clear creek,LCC,USFWS,clear creek,temperature,min,14.888
36,2020,clear creek,LCC,USFWS,clear creek,temperature,max,19.698
36,2020,clear creek,LCC,USFWS,clear creek,temperature,mean,16.723514880952383
36,2020,clear creek,LCC,USFWS,clear creek,temperature,min,14.649
37,2020,clear creek,LCC,USFWS,clear creek,temperature,max,17.986
37,2020,clear creek,LCC,USFWS,clear creek,temperature,mean,15.120925595238095
37,2020,clear creek,LCC,USFWS,clear creek,temperature,min,12.823
38,2020,clear creek,LCC,USFWS,clear creek,temperature,max,17.653
38,2020,clear creek,LCC,USFWS,clear creek,temperature,mean,15.182946428571428
38,2020,clear creek,LCC,USFWS,clear creek,temperature,min,13.185
39,2020,clear creek,LCC,USFWS,clear creek,temperature,max,17.13
39,2020,clear creek,LCC,USFWS,clear creek,temperature,mean,14.720068452380952
39,2020,clear creek,LCC,USFWS,clear creek,temperature,min,12.678
40,2020,clear creek,LCC,USFWS,clear creek,temperature,max,16.439
40,2020,clear creek,LCC,USFWS,clear creek,temperature,mean,13.8993125
40,2020,clear creek,LCC,USFWS,clear creek,temperature,min,11.637
41,2020,clear creek,LCC,USFWS,clear creek,temperature,max,16.129
41,2020,clear creek,LCC,USFWS,clear creek,temperature,mean,13.36507738095238
41,2020,clear creek,LCC,USFWS,clear creek,temperature,min,11.492
42,2020,clear creek,LCC,USFWS,clear creek,temperature,max,16.177
42,2020,clear creek,LCC,USFWS,clear creek,temperature,mean,13.967297619047619
42,2020,clear creek,LCC,USFWS,clear creek,temperature,min,12.025
43,2020,clear creek,LCC,USFWS,clear creek,temperature,max,15.461
43,2020,clear creek,LCC,USFWS,clear creek,temperature,mean,12.370377976190477
43,2020,clear creek,LCC,USFWS,clear creek,temperature,min,10.026
44,2020,clear creek,LCC,USFWS,clear creek,temperature,max,13.642
44,2020,clear creek,LCC,USFWS,clear creek,temperature,mean,12.027791537267081
44,2020,clear creek,LCC,USFWS,clear creek,temperature,min,10.418
45,2020,clear creek,LCC,USFWS,clear creek,temperature,max,13.882
45,2020,clear creek,LCC,USFWS,clear creek,temperature,mean,11.43010119047619
45,2020,clear creek,LCC,USFWS,clear creek,temperature,min,9.262
46,2020,clear creek,LCC,USFWS,clear creek,temperature,max,12.558
46,2020,clear creek,LCC,USFWS,clear creek,temperature,mean,11.011348214285714
46,2020,clear creek,LCC,USFWS,clear creek,temperature,min,8.99
47,2020,clear creek,LCC,USFWS,clear creek,temperature,max,12.751
47,2020,clear creek,LCC,USFWS,clear creek,temperature,mean,10.680839285714287
47,2020,clear creek,LCC,USFWS,clear creek,temperature,min,9.188
47,2020,clear creek,UCC,USFWS,clear creek,temperature,max,11.759
47,2020,clear creek,UCC,USFWS,clear creek,temperature,mean,10.818355590062112
47,2020,clear creek,UCC,USFWS,clear creek,temperature,min,10.001
48,2020,clear creek,LCC,USFWS,clear creek,temperature,max,11.029
48,2020,clear creek,LCC,USFWS,clear creek,temperature,mean,9.609279761904762
48,2020,clear creek,LCC,USFWS,clear creek,temperature,min,8.319
48,2020,clear creek,UCC,USFWS,clear creek,temperature,max,11.053
48,2020,clear creek,UCC,USFWS,clear creek,temperature,mean,10.009425595238095
48,2020,clear creek,UCC,USFWS,clear creek,temperature,min,9.089
49,2020,clear creek,LCC,USFWS,clear creek,temperature,max,10.492
49,2020,clear creek,LCC,USFWS,clear creek,temperature,mean,9.244526785714285
49,2020,clear creek,LCC,USFWS,clear creek,temperature,min,8.045
49,2020,clear creek,UCC,USFWS,clear creek,temperature,max,10.761
49,2020,clear creek,UCC,USFWS,clear creek,temperature,mean,9.648872023809524
49,2020,clear creek,UCC,USFWS,clear creek,temperature,min,8.841
50,2020,clear creek,LCC,USFWS,clear creek,temperature,max,10.345
50,2020,clear creek,LCC,USFWS,clear creek,temperature,mean,9.353523809523809
50,2020,clear creek,LCC,USFWS,clear creek,temperature,min,7.945
50,2020,clear creek,UCC,USFWS,clear creek,temperature,max,10.516
50,2020,clear creek,UCC,USFWS,clear creek,temperature,mean,9.716782738095239
50,2020,clear creek,UCC,USFWS,clear creek,temperature,min,8.742
51,2020,clear creek,LCC,USFWS,clear creek,temperature,max,10.051
51,2020,clear creek,LCC,USFWS,clear creek,temperature,mean,8.779583333333333
51,2020,clear creek,LCC,USFWS,clear creek,temperature,min,7.519
51,2020,clear creek,UCC,USFWS,clear creek,temperature,max,10.026
51,2020,clear creek,UCC,USFWS,clear creek,temperature,mean,9.042341071428572
51,2020,clear creek,UCC,USFWS,clear creek,temperature,min,8.195
52,2020,clear creek,LCC,USFWS,clear creek,temperature,max,9.805
52,2020,clear creek,LCC,USFWS,clear creek,temperature,mean,8.161098214285714
52,2020,clear creek,LCC,USFWS,clear creek,temperature,min,6.712
53,2020,clear creek,LCC,USFWS,clear creek,temperature,max,9.089
53,2020,clear creek,LCC,USFWS,clear creek,temperature,mean,8.151875
53,2020,clear creek,LCC,USFWS,clear creek,temperature,min,7.242
1,2021,clear creek,LCC,USFWS,clear creek,temperature,max,9.435
1,2021,clear creek,LCC,USFWS,clear creek,temperature,mean,8.507291666666667
1,2021,clear creek,LCC,USFWS,clear creek,temperature,min,7.142
2,2021,clear creek,LCC,USFWS,clear creek,temperature,max,10.051
2,2021,clear creek,LCC,USFWS,clear creek,temperature,mean,8.530485119047619
2,2021,clear creek,LCC,USFWS,clear creek,temperature,min,6.839
3,2021,clear creek,LCC,USFWS,clear creek,temperature,max,10.345
3,2021,clear creek,LCC,USFWS,clear creek,temperature,mean,8.57160119047619
3,2021,clear creek,LCC,USFWS,clear creek,temperature,min,6.94
4,2021,clear creek,LCC,USFWS,clear creek,temperature,max,9.361
4,2021,clear creek,LCC,USFWS,clear creek,temperature,mean,7.302375
4,2021,clear creek,LCC,USFWS,clear creek,temperature,min,3.932
4,2021,clear creek,UCC,USFWS,clear creek,temperature,max,8.543
4,2021,clear creek,UCC,USFWS,clear creek,temperature,mean,7.088217686229001
4,2021,clear creek,UCC,USFWS,clear creek,temperature,min,5.154
5,2021,clear creek,LCC,USFWS,clear creek,temperature,max,9.903
5,2021,clear creek,LCC,USFWS,clear creek,temperature,mean,7.979482142857143
5,2021,clear creek,LCC,USFWS,clear creek,temperature,min,6.077
5,2021,clear creek,UCC,USFWS,clear creek,temperature,max,8.99
5,2021,clear creek,UCC,USFWS,clear creek,temperature,mean,7.764380952380952
5,2021,clear creek,UCC,USFWS,clear creek,temperature,min,6.636
6,2021,clear creek,LCC,USFWS,clear creek,temperature,max,9.903
6,2021,clear creek,LCC,USFWS,clear creek,temperature,mean,8.113732142857144
6,2021,clear creek,LCC,USFWS,clear creek,temperature,min,6.433
6,2021,clear creek,UCC,USFWS,clear creek,temperature,max,9.287
6,2021,clear creek,UCC,USFWS,clear creek,temperature,mean,7.973488095238095
6,2021,clear creek,UCC,USFWS,clear creek,temperature,min,6.889
7,2021,clear creek,LCC,USFWS,clear creek,temperature,max,10.418
7,2021,clear creek,LCC,USFWS,clear creek,temperature,mean,8.37438392857143
7,2021,clear creek,LCC,USFWS,clear creek,temperature,min,6.535
7,2021,clear creek,UCC,USFWS,clear creek,temperature,max,9.485
7,2021,clear creek,UCC,USFWS,clear creek,temperature,mean,8.166205357142857
7,2021,clear creek,UCC,USFWS,clear creek,temperature,min,6.99
8,2021,clear creek,LCC,USFWS,clear creek,temperature,max,11.151
8,2021,clear creek,LCC,USFWS,clear creek,temperature,mean,8.7628125
8,2021,clear creek,LCC,USFWS,clear creek,temperature,min,6.864
8,2021,clear creek,UCC,USFWS,clear creek,temperature,max,10.149
8,2021,clear creek,UCC,USFWS,clear creek,temperature,mean,8.486244047619047
8,2021,clear creek,UCC,USFWS,clear creek,temperature,min,7.318
9,2021,clear creek,LCC,USFWS,clear creek,temperature,max,11.273
9,2021,clear creek,LCC,USFWS,clear creek,temperature,mean,8.907931547619048
9,2021,clear creek,LCC,USFWS,clear creek,temperature,min,6.839
9,2021,clear creek,UCC,USFWS,clear creek,temperature,max,10.369
9,2021,clear creek,UCC,USFWS,clear creek,temperature,mean,8.639092261904763
9,2021,clear creek,UCC,USFWS,clear creek,temperature,min,7.268
10,2021,clear creek,LCC,USFWS,clear creek,temperature,max,11.492
10,2021,clear creek,LCC,USFWS,clear creek,temperature,mean,9.088517857142858
10,2021,clear creek,LCC,USFWS,clear creek,temperature,min,7.293
10,2021,clear creek,UCC,USFWS,clear creek,temperature,max,10.614
10,2021,clear creek,UCC,USFWS,clear creek,temperature,mean,8.745895833333334
10,2021,clear creek,UCC,USFWS,clear creek,temperature,min,7.594
11,2021,clear creek,LCC,USFWS,clear creek,temperature,max,12.147
11,2021,clear creek,LCC,USFWS,clear creek,temperature,mean,9.345318452380953
11,2021,clear creek,LCC,USFWS,clear creek,temperature,min,7.393
11,2021,clear creek,UCC,USFWS,clear creek,temperature,max,11.078
11,2021,clear creek,UCC,USFWS,clear creek,temperature,mean,8.800070833333333
11,2021,clear creek,UCC,USFWS,clear creek,temperature,min,7.519
12,2021,clear creek,LCC,USFWS,clear creek,temperature,max,12.944
12,2021,clear creek,LCC,USFWS,clear creek,temperature,mean,10.376767857142857
12,2021,clear creek,LCC,USFWS,clear creek,temperature,min,7.795
12,2021,clear creek,UCC,USFWS,clear creek,temperature,max,11.856
12,2021,clear creek,UCC,USFWS,clear creek,temperature,mean,10.080166666666667
12,2021,clear creek,UCC,USFWS,clear creek,temperature,min,8.344
13,2021,clear creek,LCC,USFWS,clear creek,temperature,max,14.577
13,2021,clear creek,LCC,USFWS,clear creek,temperature,mean,11.464854166666667
13,2021,clear creek,LCC,USFWS,clear creek,temperature,min,8.419
13,2021,clear creek,UCC,USFWS,clear creek,temperature,max,12.968
13,2021,clear creek,UCC,USFWS,clear creek,temperature,mean,10.581357142857144
13,2021,clear creek,UCC,USFWS,clear creek,temperature,min,8.593
14,2021,clear creek,LCC,USFWS,clear creek,temperature,max,15.175
14,2021,clear creek,LCC,USFWS,clear creek,temperature,mean,12.154261904761904
14,2021,clear creek,LCC,USFWS,clear creek,temperature,min,9.312
14,2021,clear creek,UCC,USFWS,clear creek,temperature,max,13.281
14,2021,clear creek,UCC,USFWS,clear creek,temperature,mean,11.01132738095238
14,2021,clear creek,UCC,USFWS,clear creek,temperature,min,9.04
15,2021,clear creek,LCC,USFWS,clear creek,temperature,max,15.342
15,2021,clear creek,LCC,USFWS,clear creek,temperature,mean,12.407261904761905
15,2021,clear creek,LCC,USFWS,clear creek,temperature,min,9.41
15,2021,clear creek,UCC,USFWS,clear creek,temperature,max,13.449
15,2021,clear creek,UCC,USFWS,clear creek,temperature,mean,11.153035714285714
15,2021,clear creek,UCC,USFWS,clear creek,temperature,min,9.139
16,2021,clear creek,LCC,USFWS,clear creek,temperature,max,16.487
16,2021,clear creek,LCC,USFWS,clear creek,temperature,mean,13.090047619047619
16,2021,clear creek,LCC,USFWS,clear creek,temperature,min,9.731
16,2021,clear creek,UCC,USFWS,clear creek,temperature,max,14.29
16,2021,clear creek,UCC,USFWS,clear creek,temperature,mean,11.618449404761904
16,2021,clear creek,UCC,USFWS,clear creek,temperature,min,9.386
17,2021,clear creek,LCC,USFWS,clear creek,temperature,max,16.606
17,2021,clear creek,LCC,USFWS,clear creek,temperature,mean,12.501901785714285
17,2021,clear creek,LCC,USFWS,clear creek,temperature,min,8.941
17,2021,clear creek,UCC,USFWS,clear creek,temperature,max,14.649
17,2021,clear creek,UCC,USFWS,clear creek,temperature,mean,11.30116369047619
17,2021,clear creek,UCC,USFWS,clear creek,temperature,min,9.04
18,2021,clear creek,LCC,USFWS,clear creek,temperature,max,17.391
18,2021,clear creek,LCC,USFWS,clear creek,temperature,mean,14.069348214285714
18,2021,clear creek,LCC,USFWS,clear creek,temperature,min,10.932
18,2021,clear creek,UCC,USFWS,clear creek,temperature,max,14.768
18,2021,clear creek,UCC,USFWS,clear creek,temperature,mean,11.872358333333333
18,2021,clear creek,UCC,USFWS,clear creek,temperature,min,10.32
19,2021,clear creek,LCC,USFWS,clear creek,temperature,max,16.606
19,2021,clear creek,LCC,USFWS,clear creek,temperature,mean,12.508142857142857
19,2021,clear creek,LCC,USFWS,clear creek,temperature,min,10.418
20,2021,clear creek,LCC,USFWS,clear creek,temperature,max,17.701
20,2021,clear creek,LCC,USFWS,clear creek,temperature,mean,14.013970238095238
20,2021,clear creek,LCC,USFWS,clear creek,temperature,min,10.516
20,2021,clear creek,UCC,USFWS,clear creek,temperature,max,14.577
20,2021,clear creek,UCC,USFWS,clear creek,temperature,mean,12.515870923913043
20,2021,clear creek,UCC,USFWS,clear creek,temperature,min,9.928
21,2021,clear creek,LCC,USFWS,clear creek,temperature,max,18.58
21,2021,clear creek,LCC,USFWS,clear creek,temperature,mean,14.238880952380953
21,2021,clear creek,LCC,USFWS,clear creek,temperature,min,10.345
21,2021,clear creek,UCC,USFWS,clear creek,temperature,max,15.605
21,2021,clear creek,UCC,USFWS,clear creek,temperature,mean,12.519232142857144
21,2021,clear creek,UCC,USFWS,clear creek,temperature,min,10.1
22,2021,clear creek,LCC,USFWS,clear creek,temperature,max,21.485
22,2021,clear creek,LCC,USFWS,clear creek,temperature,mean,17.607589285714287
22,2021,clear creek,LCC,USFWS,clear creek,temperature,min,13.714
22,2021,clear creek,UCC,USFWS,clear creek,temperature,max,17.272
22,2021,clear creek,UCC,USFWS,clear creek,temperature,mean,14.529238095238096
22,2021,clear creek,UCC,USFWS,clear creek,temperature,min,11.2
23,2021,clear creek,LCC,USFWS,clear creek,temperature,max,21.581
23,2021,clear creek,LCC,USFWS,clear creek,temperature,mean,16.675261904761904
23,2021,clear creek,LCC,USFWS,clear creek,temperature,min,12.606
23,2021,clear creek,UCC,USFWS,clear creek,temperature,max,17.32
23,2021,clear creek,UCC,USFWS,clear creek,temperature,mean,13.912809523809523
23,2021,clear creek,UCC,USFWS,clear creek,temperature,min,10.81
24,2021,clear creek,LCC,USFWS,clear creek,temperature,max,22.154
24,2021,clear creek,LCC,USFWS,clear creek,temperature,mean,17.44001785714286
24,2021,clear creek,LCC,USFWS,clear creek,temperature,min,14.098
24,2021,clear creek,UCC,USFWS,clear creek,temperature,max,18.057
24,2021,clear creek,UCC,USFWS,clear creek,temperature,mean,14.652005952380952
24,2021,clear creek,UCC,USFWS,clear creek,temperature,min,11.832
25,2021,clear creek,LCC,USFWS,clear creek,temperature,max,22.609
25,2021,clear creek,LCC,USFWS,clear creek,temperature,mean,16.66109523809524
25,2021,clear creek,LCC,USFWS,clear creek,temperature,min,11.71
25,2021,clear creek,UCC,USFWS,clear creek,temperature,max,18.271
25,2021,clear creek,UCC,USFWS,clear creek,temperature,mean,14.244068452380953
25,2021,clear creek,UCC,USFWS,clear creek,temperature,min,11.297
26,2021,clear creek,LCC,USFWS,clear creek,temperature,max,22.92
26,2021,clear creek,LCC,USFWS,clear creek,temperature,mean,19.156848214285713
26,2021,clear creek,LCC,USFWS,clear creek,temperature,min,14.314
26,2021,clear creek,UCC,USFWS,clear creek,temperature,max,18.224
26,2021,clear creek,UCC,USFWS,clear creek,temperature,mean,15.71509752415459
26,2021,clear creek,UCC,USFWS,clear creek,temperature,min,12.799
27,2021,clear creek,LCC,USFWS,clear creek,temperature,max,21.533
27,2021,clear creek,LCC,USFWS,clear creek,temperature,mean,18.326386904761904
27,2021,clear creek,LCC,USFWS,clear creek,temperature,min,15.318
27,2021,clear creek,UCC,USFWS,clear creek,temperature,max,17.558
27,2021,clear creek,UCC,USFWS,clear creek,temperature,mean,15.028616071428571
27,2021,clear creek,UCC,USFWS,clear creek,temperature,min,12.219
28,2021,clear creek,LCC,USFWS,clear creek,temperature,max,21.963
28,2021,clear creek,LCC,USFWS,clear creek,temperature,mean,18.246675595238095
28,2021,clear creek,LCC,USFWS,clear creek,temperature,min,15.103
28,2021,clear creek,UCC,USFWS,clear creek,temperature,max,17.772
28,2021,clear creek,UCC,USFWS,clear creek,temperature,mean,14.963342261904762
28,2021,clear creek,UCC,USFWS,clear creek,temperature,min,12.243
29,2021,clear creek,LCC,USFWS,clear creek,temperature,max,21.461
29,2021,clear creek,LCC,USFWS,clear creek,temperature,mean,18.1683125
29,2021,clear creek,LCC,USFWS,clear creek,temperature,min,15.127
29,2021,clear creek,UCC,USFWS,clear creek,temperature,max,18.033
29,2021,clear creek,UCC,USFWS,clear creek,temperature,mean,15.390053571428572
29,2021,clear creek,UCC,USFWS,clear creek,temperature,min,12.364
30,2021,clear creek,LCC,USFWS,clear creek,temperature,max,21.437
30,2021,clear creek,LCC,USFWS,clear creek,temperature,mean,17.32314583333333
30,2021,clear creek,LCC,USFWS,clear creek,temperature,min,14.194
30,2021,clear creek,UCC,USFWS,clear creek,temperature,max,18.01
30,2021,clear creek,UCC,USFWS,clear creek,temperature,mean,15.104273809523809
30,2021,clear creek,UCC,USFWS,clear creek,temperature,min,13.016
31,2021,clear creek,LCC,USFWS,clear creek,temperature,max,21.628
31,2021,clear creek,LCC,USFWS,clear creek,temperature,mean,17.963994047619046
31,2021,clear creek,LCC,USFWS,clear creek,temperature,min,14.816
31,2021,clear creek,UCC,USFWS,clear creek,temperature,max,17.915
31,2021,clear creek,UCC,USFWS,clear creek,temperature,mean,15.361247023809524
31,2021,clear creek,UCC,USFWS,clear creek,temperature,min,12.871
32,2021,clear creek,LCC,USFWS,clear creek,temperature,max,20.341
32,2021,clear creek,LCC,USFWS,clear creek,temperature,mean,16.792949404761906
32,2021,clear creek,LCC,USFWS,clear creek,temperature,min,14.385
32,2021,clear creek,UCC,USFWS,clear creek,temperature,max,17.201
32,2021,clear creek,UCC,USFWS,clear creek,temperature,mean,14.740574404761905
32,2021,clear creek,UCC,USFWS,clear creek,temperature,min,13.088
33,2021,clear creek,LCC,USFWS,clear creek,temperature,max,18.842
33,2021,clear creek,LCC,USFWS,clear creek,temperature,mean,16.261261904761906
33,2021,clear creek,LCC,USFWS,clear creek,temperature,min,13.93
33,2021,clear creek,UCC,USFWS,clear creek,temperature,max,16.32
33,2021,clear creek,UCC,USFWS,clear creek,temperature,mean,14.415883928571429
33,2021,clear creek,UCC,USFWS,clear creek,temperature,min,12.654
34,2021,clear creek,LCC,USFWS,clear creek,temperature,max,18.842
34,2021,clear creek,LCC,USFWS,clear creek,temperature,mean,16.22955357142857
34,2021,clear creek,LCC,USFWS,clear creek,temperature,min,13.714
34,2021,clear creek,UCC,USFWS,clear creek,temperature,max,16.249
34,2021,clear creek,UCC,USFWS,clear creek,temperature,mean,14.383791666666667
34,2021,clear creek,UCC,USFWS,clear creek,temperature,min,12.34
35,2021,clear creek,LCC,USFWS,clear creek,temperature,max,19.746
35,2021,clear creek,LCC,USFWS,clear creek,temperature,mean,16.202392857142858
35,2021,clear creek,LCC,USFWS,clear creek,temperature,min,13.81
35,2021,clear creek,UCC,USFWS,clear creek,temperature,max,16.725
35,2021,clear creek,UCC,USFWS,clear creek,temperature,mean,14.395883928571429
35,2021,clear creek,UCC,USFWS,clear creek,temperature,min,12.534
36,2021,clear creek,LCC,USFWS,clear creek,temperature,max,19.151
36,2021,clear creek,LCC,USFWS,clear creek,temperature,mean,15.877178571428573
36,2021,clear creek,LCC,USFWS,clear creek,temperature,min,13.353
36,2021,clear creek,UCC,USFWS,clear creek,temperature,max,16.534
36,2021,clear creek,UCC,USFWS,clear creek,temperature,mean,14.320502976190475
36,2021,clear creek,UCC,USFWS,clear creek,temperature,min,12.268
37,2021,clear creek,LCC,USFWS,clear creek,temperature,max,19.698
37,2021,clear creek,LCC,USFWS,clear creek,temperature,mean,16.548145833333333
37,2021,clear creek,LCC,USFWS,clear creek,temperature,min,14.242
37,2021,clear creek,UCC,USFWS,clear creek,temperature,max,16.677
37,2021,clear creek,UCC,USFWS,clear creek,temperature,mean,14.862247023809523
37,2021,clear creek,UCC,USFWS,clear creek,temperature,min,13.161
38,2021,clear creek,LCC,USFWS,clear creek,temperature,max,18.224
38,2021,clear creek,LCC,USFWS,clear creek,temperature,mean,15.326544642857144
38,2021,clear creek,LCC,USFWS,clear creek,temperature,min,13.185
38,2021,clear creek,UCC,USFWS,clear creek,temperature,max,15.819
38,2021,clear creek,UCC,USFWS,clear creek,temperature,mean,14.052526785714285
38,2021,clear creek,UCC,USFWS,clear creek,temperature,min,12.558
39,2021,clear creek,LCC,USFWS,clear creek,temperature,max,17.344
39,2021,clear creek,LCC,USFWS,clear creek,temperature,mean,14.469630952380951
39,2021,clear creek,LCC,USFWS,clear creek,temperature,min,12.147
39,2021,clear creek,UCC,USFWS,clear creek,temperature,max,15.461
39,2021,clear creek,UCC,USFWS,clear creek,temperature,mean,13.635669642857144
39,2021,clear creek,UCC,USFWS,clear creek,temperature,min,12.147
40,2021,clear creek,LCC,USFWS,clear creek,temperature,max,16.606
40,2021,clear creek,LCC,USFWS,clear creek,temperature,mean,14.145514880952382
40,2021,clear creek,LCC,USFWS,clear creek,temperature,min,12.292
40,2021,clear creek,UCC,USFWS,clear creek,temperature,max,15.199
40,2021,clear creek,UCC,USFWS,clear creek,temperature,mean,13.472666666666667
40,2021,clear creek,UCC,USFWS,clear creek,temperature,min,12.316
41,2021,clear creek,LCC,USFWS,clear creek,temperature,max,15.533
41,2021,clear creek,LCC,USFWS,clear creek,temperature,mean,13.023717261904762
41,2021,clear creek,LCC,USFWS,clear creek,temperature,min,10.614
41,2021,clear creek,UCC,USFWS,clear creek,temperature,max,14.337
41,2021,clear creek,UCC,USFWS,clear creek,temperature,mean,12.813357142857143
41,2021,clear creek,UCC,USFWS,clear creek,temperature,min,11.419
42,2021,clear creek,LCC,USFWS,clear creek,temperature,max,14.768
42,2021,clear creek,LCC,USFWS,clear creek,temperature,mean,12.676732142857142
42,2021,clear creek,LCC,USFWS,clear creek,temperature,min,10.858
42,2021,clear creek,UCC,USFWS,clear creek,temperature,max,14.218
42,2021,clear creek,UCC,USFWS,clear creek,temperature,mean,12.664485119047619
42,2021,clear creek,UCC,USFWS,clear creek,temperature,min,11.37
43,2021,clear creek,LCC,USFWS,clear creek,temperature,max,15.103
43,2021,clear creek,LCC,USFWS,clear creek,temperature,mean,13.393803571428572
43,2021,clear creek,LCC,USFWS,clear creek,temperature,min,12.413
43,2021,clear creek,UCC,USFWS,clear creek,temperature,max,14.457
43,2021,clear creek,UCC,USFWS,clear creek,temperature,mean,13.151017857142858
43,2021,clear creek,UCC,USFWS,clear creek,temperature,min,12.413
44,2021,clear creek,LCC,USFWS,clear creek,temperature,max,14.912
44,2021,clear creek,LCC,USFWS,clear creek,temperature,mean,13.546181547619048
44,2021,clear creek,LCC,USFWS,clear creek,temperature,min,12.243
44,2021,clear creek,UCC,USFWS,clear creek,temperature,max,14.337
44,2021,clear creek,UCC,USFWS,clear creek,temperature,mean,13.308217261904762
44,2021,clear creek,UCC,USFWS,clear creek,temperature,min,12.364
45,2021,clear creek,LCC,USFWS,clear creek,temperature,max,14.122
45,2021,clear creek,LCC,USFWS,clear creek,temperature,mean,12.438003234989647
45,2021,clear creek,LCC,USFWS,clear creek,temperature,min,10.418
45,2021,clear creek,UCC,USFWS,clear creek,temperature,max,13.954
45,2021,clear creek,UCC,USFWS,clear creek,temperature,mean,12.536302277432712
45,2021,clear creek,UCC,USFWS,clear creek,temperature,min,11.273
46,2021,clear creek,LCC,USFWS,clear creek,temperature,max,13.978
46,2021,clear creek,LCC,USFWS,clear creek,temperature,mean,12.390848214285715
46,2021,clear creek,LCC,USFWS,clear creek,temperature,min,10.761
46,2021,clear creek,UCC,USFWS,clear creek,temperature,max,13.594
46,2021,clear creek,UCC,USFWS,clear creek,temperature,mean,12.385354166666668
46,2021,clear creek,UCC,USFWS,clear creek,temperature,min,11.224
47,2021,clear creek,LCC,USFWS,clear creek,temperature,max,12.992
47,2021,clear creek,LCC,USFWS,clear creek,temperature,mean,11.22850892857143
47,2021,clear creek,LCC,USFWS,clear creek,temperature,min,9.583
47,2021,clear creek,UCC,USFWS,clear creek,temperature,max,12.871
47,2021,clear creek,UCC,USFWS,clear creek,temperature,mean,11.638744047619047
47,2021,clear creek,UCC,USFWS,clear creek,temperature,min,10.516
48,2021,clear creek,LCC,USFWS,clear creek,temperature,max,12.558
48,2021,clear creek,LCC,USFWS,clear creek,temperature,mean,11.246913690476191
48,2021,clear creek,LCC,USFWS,clear creek,temperature,min,9.952
48,2021,clear creek,UCC,USFWS,clear creek,temperature,max,12.751
48,2021,clear creek,UCC,USFWS,clear creek,temperature,mean,11.498449404761905
48,2021,clear creek,UCC,USFWS,clear creek,temperature,min,10.492
49,2021,clear creek,LCC,USFWS,clear creek,temperature,max,12.364
49,2021,clear creek,LCC,USFWS,clear creek,temperature,mean,11.046854166666666
49,2021,clear creek,LCC,USFWS,clear creek,temperature,min,9.534
49,2021,clear creek,UCC,USFWS,clear creek,temperature,max,12.243
49,2021,clear creek,UCC,USFWS,clear creek,temperature,mean,11.36716369047619
49,2021,clear creek,UCC,USFWS,clear creek,temperature,min,10.394
50,2021,clear creek,LCC,USFWS,clear creek,temperature,max,10.467
50,2021,clear creek,LCC,USFWS,clear creek,temperature,mean,9.711354166666666
50,2021,clear creek,LCC,USFWS,clear creek,temperature,min,8.344
50,2021,clear creek,UCC,USFWS,clear creek,temperature,max,11.078
50,2021,clear creek,UCC,USFWS,clear creek,temperature,mean,10.041382440476191
50,2021,clear creek,UCC,USFWS,clear creek,temperature,min,8.295
51,2021,clear creek,LCC,USFWS,clear creek,temperature,max,9.829
51,2021,clear creek,LCC,USFWS,clear creek,temperature,mean,9.100116071428571
51,2021,clear creek,LCC,USFWS,clear creek,temperature,min,7.82
51,2021,clear creek,UCC,USFWS,clear creek,temperature,max,10.001
51,2021,clear creek,UCC,USFWS,clear creek,temperature,mean,9.28229761904762
51,2021,clear creek,UCC,USFWS,clear creek,temperature,min,8.319
52,2021,clear creek,LCC,USFWS,clear creek,temperature,max,9.706
52,2021,clear creek,LCC,USFWS,clear creek,temperature,mean,8.407357142857142
52,2021,clear creek,LCC,USFWS,clear creek,temperature,min,7.041
52,2021,clear creek,UCC,USFWS,clear creek,temperature,max,9.583
52,2021,clear creek,UCC,USFWS,clear creek,temperature,mean,8.580056547619048
52,2021,clear creek,UCC,USFWS,clear creek,temperature,min,7.494
53,2021,clear creek,LCC,USFWS,clear creek,temperature,max,8.295
53,2021,clear creek,LCC,USFWS,clear creek,temperature,mean,7.5840625
53,2021,clear creek,LCC,USFWS,clear creek,temperature,min,6.864
53,2021,clear creek,UCC,USFWS,clear creek,temperature,max,8.693
53,2021,clear creek,UCC,USFWS,clear creek,temperature,mean,7.9693125
53,2021,clear creek,UCC,USFWS,clear creek,temperature,min,7.368
1,2022,clear creek,LCC,USFWS,clear creek,temperature,max,10.198
1,2022,clear creek,LCC,USFWS,clear creek,temperature,mean,8.500208333333333
1,2022,clear creek,LCC,USFWS,clear creek,temperature,min,6.433
1,2022,clear creek,UCC,USFWS,clear creek,temperature,max,9.977
1,2022,clear creek,UCC,USFWS,clear creek,temperature,mean,8.515464285714286
1,2022,clear creek,UCC,USFWS,clear creek,temperature,min,6.99
2,2022,clear creek,LCC,USFWS,clear creek,temperature,max,9.583
2,2022,clear creek,LCC,USFWS,clear creek,temperature,mean,8.327294642857144
2,2022,clear creek,LCC,USFWS,clear creek,temperature,min,7.217
2,2022,clear creek,UCC,USFWS,clear creek,temperature,max,9.386
2,2022,clear creek,UCC,USFWS,clear creek,temperature,mean,8.323333333333332
2,2022,clear creek,UCC,USFWS,clear creek,temperature,min,7.444
3,2022,clear creek,LCC,USFWS,clear creek,temperature,max,9.829
3,2022,clear creek,LCC,USFWS,clear creek,temperature,mean,8.121925595238096
3,2022,clear creek,LCC,USFWS,clear creek,temperature,min,6.687
3,2022,clear creek,UCC,USFWS,clear creek,temperature,max,9.534
3,2022,clear creek,UCC,USFWS,clear creek,temperature,mean,8.130247023809524
3,2022,clear creek,UCC,USFWS,clear creek,temperature,min,7.066
4,2022,clear creek,LCC,USFWS,clear creek,temperature,max,9.657
4,2022,clear creek,LCC,USFWS,clear creek,temperature,mean,7.982315476190476
4,2022,clear creek,LCC,USFWS,clear creek,temperature,min,6.433
4,2022,clear creek,UCC,USFWS,clear creek,temperature,max,9.485
4,2022,clear creek,UCC,USFWS,clear creek,temperature,mean,7.986526785714286
4,2022,clear creek,UCC,USFWS,clear creek,temperature,min,6.864
5,2022,clear creek,LCC,USFWS,clear creek,temperature,max,9.46
5,2022,clear creek,LCC,USFWS,clear creek,temperature,mean,7.6802738095238094
5,2022,clear creek,LCC,USFWS,clear creek,temperature,min,5.949
5,2022,clear creek,UCC,USFWS,clear creek,temperature,max,9.238
5,2022,clear creek,UCC,USFWS,clear creek,temperature,mean,7.7515
5,2022,clear creek,UCC,USFWS,clear creek,temperature,min,6.636
6,2022,clear creek,LCC,USFWS,clear creek,temperature,max,11.516
6,2022,clear creek,LCC,USFWS,clear creek,temperature,mean,8.974550595238096
6,2022,clear creek,LCC,USFWS,clear creek,temperature,min,6.839
6,2022,clear creek,UCC,USFWS,clear creek,temperature,max,10.32
6,2022,clear creek,UCC,USFWS,clear creek,temperature,mean,8.609196428571428
6,2022,clear creek,UCC,USFWS,clear creek,temperature,min,7.116
7,2022,clear creek,LCC,USFWS,clear creek,temperature,max,10.761
7,2022,clear creek,LCC,USFWS,clear creek,temperature,mean,8.879690476190476
7,2022,clear creek,LCC,USFWS,clear creek,temperature,min,6.99
7,2022,clear creek,UCC,USFWS,clear creek,temperature,max,10.026
7,2022,clear creek,UCC,USFWS,clear creek,temperature,mean,8.546017857142857
7,2022,clear creek,UCC,USFWS,clear creek,temperature,min,7.343
8,2022,clear creek,LCC,USFWS,clear creek,temperature,max,10.907
8,2022,clear creek,LCC,USFWS,clear creek,temperature,mean,8.257964285714285
8,2022,clear creek,LCC,USFWS,clear creek,temperature,min,5.847
8,2022,clear creek,UCC,USFWS,clear creek,temperature,max,10.075
8,2022,clear creek,UCC,USFWS,clear creek,temperature,mean,8.18566369047619
8,2022,clear creek,UCC,USFWS,clear creek,temperature,min,6.585
9,2022,clear creek,LCC,USFWS,clear creek,temperature,max,11.565
9,2022,clear creek,LCC,USFWS,clear creek,temperature,mean,9.417791666666666
9,2022,clear creek,LCC,USFWS,clear creek,temperature,min,6.255
9,2022,clear creek,UCC,USFWS,clear creek,temperature,max,10.712
9,2022,clear creek,UCC,USFWS,clear creek,temperature,mean,8.972133928571429
9,2022,clear creek,UCC,USFWS,clear creek,temperature,min,6.889
10,2022,clear creek,LCC,USFWS,clear creek,temperature,max,12.316
10,2022,clear creek,LCC,USFWS,clear creek,temperature,mean,9.284607142857142
10,2022,clear creek,LCC,USFWS,clear creek,temperature,min,6.914
10,2022,clear creek,UCC,USFWS,clear creek,temperature,max,10.907
10,2022,clear creek,UCC,USFWS,clear creek,temperature,mean,8.907360119047619
10,2022,clear creek,UCC,USFWS,clear creek,temperature,min,7.444
11,2022,clear creek,LCC,USFWS,clear creek,temperature,max,12.896
11,2022,clear creek,LCC,USFWS,clear creek,temperature,mean,10.308901785714285
11,2022,clear creek,LCC,USFWS,clear creek,temperature,min,7.343
11,2022,clear creek,UCC,USFWS,clear creek,temperature,max,11.686
11,2022,clear creek,UCC,USFWS,clear creek,temperature,mean,9.599744047619048
11,2022,clear creek,UCC,USFWS,clear creek,temperature,min,7.594
12,2022,clear creek,LCC,USFWS,clear creek,temperature,max,14.888
12,2022,clear creek,LCC,USFWS,clear creek,temperature,mean,11.378232142857144
12,2022,clear creek,LCC,USFWS,clear creek,temperature,min,8.07
12,2022,clear creek,UCC,USFWS,clear creek,temperature,max,12.775
12,2022,clear creek,UCC,USFWS,clear creek,temperature,mean,10.312068452380952
12,2022,clear creek,UCC,USFWS,clear creek,temperature,min,8.245
13,2022,clear creek,LCC,USFWS,clear creek,temperature,max,14.337
13,2022,clear creek,LCC,USFWS,clear creek,temperature,mean,11.591681547619048
13,2022,clear creek,LCC,USFWS,clear creek,temperature,min,9.089
13,2022,clear creek,UCC,USFWS,clear creek,temperature,max,12.703
13,2022,clear creek,UCC,USFWS,clear creek,temperature,mean,10.469877976190476
13,2022,clear creek,UCC,USFWS,clear creek,temperature,min,8.941
14,2022,clear creek,LCC,USFWS,clear creek,temperature,max,15.199
14,2022,clear creek,LCC,USFWS,clear creek,temperature,mean,11.696517857142858
14,2022,clear creek,LCC,USFWS,clear creek,temperature,min,8.99
14,2022,clear creek,UCC,USFWS,clear creek,temperature,max,13.329
14,2022,clear creek,UCC,USFWS,clear creek,temperature,mean,10.620830357142857
14,2022,clear creek,UCC,USFWS,clear creek,temperature,min,8.817
15,2022,clear creek,LCC,USFWS,clear creek,temperature,max,14.266
15,2022,clear creek,LCC,USFWS,clear creek,temperature,mean,10.92050892857143
15,2022,clear creek,LCC,USFWS,clear creek,temperature,min,8.145
15,2022,clear creek,UCC,USFWS,clear creek,temperature,max,12.63
15,2022,clear creek,UCC,USFWS,clear creek,temperature,mean,10.239419642857143
15,2022,clear creek,UCC,USFWS,clear creek,temperature,min,8.543
16,2022,clear creek,LCC,USFWS,clear creek,temperature,max,15.008
16,2022,clear creek,LCC,USFWS,clear creek,temperature,mean,11.528741071428572
16,2022,clear creek,LCC,USFWS,clear creek,temperature,min,9.336
16,2022,clear creek,UCC,USFWS,clear creek,temperature,max,13.281
16,2022,clear creek,UCC,USFWS,clear creek,temperature,mean,10.751133928571429
16,2022,clear creek,UCC,USFWS,clear creek,temperature,min,9.139
17,2022,clear creek,LCC,USFWS,clear creek,temperature,max,16.082
17,2022,clear creek,LCC,USFWS,clear creek,temperature,mean,12.999372023809524
17,2022,clear creek,LCC,USFWS,clear creek,temperature,min,9.682
17,2022,clear creek,UCC,USFWS,clear creek,temperature,max,14.481
17,2022,clear creek,UCC,USFWS,clear creek,temperature,mean,11.691991071428571
17,2022,clear creek,UCC,USFWS,clear creek,temperature,min,9.534
18,2022,clear creek,LCC,USFWS,clear creek,temperature,max,17.653
18,2022,clear creek,LCC,USFWS,clear creek,temperature,mean,13.451776785714285
18,2022,clear creek,LCC,USFWS,clear creek,temperature,min,10.541
18,2022,clear creek,UCC,USFWS,clear creek,temperature,max,15.414
18,2022,clear creek,UCC,USFWS,clear creek,temperature,mean,12.078714285714286
18,2022,clear creek,UCC,USFWS,clear creek,temperature,min,9.928
19,2022,clear creek,LCC,USFWS,clear creek,temperature,max,16.01
19,2022,clear creek,LCC,USFWS,clear creek,temperature,mean,12.46745238095238
19,2022,clear creek,LCC,USFWS,clear creek,temperature,min,9.509
19,2022,clear creek,UCC,USFWS,clear creek,temperature,max,14.481
19,2022,clear creek,UCC,USFWS,clear creek,temperature,mean,11.436702380952381
19,2022,clear creek,UCC,USFWS,clear creek,temperature,min,9.46
20,2022,clear creek,LCC,USFWS,clear creek,temperature,max,18.39
20,2022,clear creek,LCC,USFWS,clear creek,temperature,mean,14.705815476190477
20,2022,clear creek,LCC,USFWS,clear creek,temperature,min,11.029
20,2022,clear creek,UCC,USFWS,clear creek,temperature,max,16.153
20,2022,clear creek,UCC,USFWS,clear creek,temperature,mean,12.998485119047618
20,2022,clear creek,UCC,USFWS,clear creek,temperature,min,10.614
21,2022,clear creek,LCC,USFWS,clear creek,temperature,max,19.27
21,2022,clear creek,LCC,USFWS,clear creek,temperature,mean,15.109714285714286
21,2022,clear creek,LCC,USFWS,clear creek,temperature,min,11.443
21,2022,clear creek,UCC,USFWS,clear creek,temperature,max,16.701
21,2022,clear creek,UCC,USFWS,clear creek,temperature,mean,13.254005952380952
21,2022,clear creek,UCC,USFWS,clear creek,temperature,min,10.883
22,2022,clear creek,LCC,USFWS,clear creek,temperature,max,19.77
22,2022,clear creek,LCC,USFWS,clear creek,temperature,mean,15.204604166666666
22,2022,clear creek,LCC,USFWS,clear creek,temperature,min,11.419
22,2022,clear creek,UCC,USFWS,clear creek,temperature,max,16.844
22,2022,clear creek,UCC,USFWS,clear creek,temperature,mean,13.50003869047619
22,2022,clear creek,UCC,USFWS,clear creek,temperature,min,10.98
23,2022,clear creek,LCC,USFWS,clear creek,temperature,max,21.437
23,2022,clear creek,LCC,USFWS,clear creek,temperature,mean,16.786830357142858
23,2022,clear creek,LCC,USFWS,clear creek,temperature,min,13.69
23,2022,clear creek,UCC,USFWS,clear creek,temperature,max,18.343
23,2022,clear creek,UCC,USFWS,clear creek,temperature,mean,14.72233630952381
23,2022,clear creek,UCC,USFWS,clear creek,temperature,min,12.461
24,2022,clear creek,LCC,USFWS,clear creek,temperature,max,21.485
24,2022,clear creek,LCC,USFWS,clear creek,temperature,mean,17.114059523809523
24,2022,clear creek,LCC,USFWS,clear creek,temperature,min,13.93
24,2022,clear creek,UCC,USFWS,clear creek,temperature,max,17.915
24,2022,clear creek,UCC,USFWS,clear creek,temperature,mean,14.819779761904762
24,2022,clear creek,UCC,USFWS,clear creek,temperature,min,12.389
25,2022,clear creek,LCC,USFWS,clear creek,temperature,max,20.198
25,2022,clear creek,LCC,USFWS,clear creek,temperature,mean,15.893916666666668
25,2022,clear creek,LCC,USFWS,clear creek,temperature,min,13.088
25,2022,clear creek,UCC,USFWS,clear creek,temperature,max,17.819
25,2022,clear creek,UCC,USFWS,clear creek,temperature,mean,14.366104166666666
25,2022,clear creek,UCC,USFWS,clear creek,temperature,min,12.147
26,2022,clear creek,LCC,USFWS,clear creek,temperature,max,21.461
26,2022,clear creek,LCC,USFWS,clear creek,temperature,mean,17.74813988095238
26,2022,clear creek,LCC,USFWS,clear creek,temperature,min,14.098
26,2022,clear creek,UCC,USFWS,clear creek,temperature,max,18.224
26,2022,clear creek,UCC,USFWS,clear creek,temperature,mean,15.236238095238095
26,2022,clear creek,UCC,USFWS,clear creek,temperature,min,12.534
27,2022,clear creek,LCC,USFWS,clear creek,temperature,max,21.676
27,2022,clear creek,LCC,USFWS,clear creek,temperature,mean,17.665145833333334
27,2022,clear creek,LCC,USFWS,clear creek,temperature,min,14.745
27,2022,clear creek,UCC,USFWS,clear creek,temperature,max,18.485
27,2022,clear creek,UCC,USFWS,clear creek,temperature,mean,15.362452380952382
27,2022,clear creek,UCC,USFWS,clear creek,temperature,min,13.305
28,2022,clear creek,LCC,USFWS,clear creek,temperature,max,22.011
28,2022,clear creek,LCC,USFWS,clear creek,temperature,mean,18.501967261904763
28,2022,clear creek,LCC,USFWS,clear creek,temperature,min,15.414
28,2022,clear creek,UCC,USFWS,clear creek,temperature,max,18.319
28,2022,clear creek,UCC,USFWS,clear creek,temperature,mean,15.506705357142858
28,2022,clear creek,UCC,USFWS,clear creek,temperature,min,12.968
29,2022,clear creek,LCC,USFWS,clear creek,temperature,max,21.795
29,2022,clear creek,LCC,USFWS,clear creek,temperature,mean,18.38949404761905
29,2022,clear creek,LCC,USFWS,clear creek,temperature,min,15.294
29,2022,clear creek,UCC,USFWS,clear creek,temperature,max,18.271
29,2022,clear creek,UCC,USFWS,clear creek,temperature,mean,15.537815476190476
29,2022,clear creek,UCC,USFWS,clear creek,temperature,min,12.992
30,2022,clear creek,LCC,USFWS,clear creek,temperature,max,22.034
30,2022,clear creek,LCC,USFWS,clear creek,temperature,mean,18.46764880952381
30,2022,clear creek,LCC,USFWS,clear creek,temperature,min,15.414
30,2022,clear creek,UCC,USFWS,clear creek,temperature,max,18.438
30,2022,clear creek,UCC,USFWS,clear creek,temperature,mean,15.698729166666666
30,2022,clear creek,UCC,USFWS,clear creek,temperature,min,13.161
31,2022,clear creek,LCC,USFWS,clear creek,temperature,max,22.058
31,2022,clear creek,LCC,USFWS,clear creek,temperature,mean,18.689119047619048
31,2022,clear creek,LCC,USFWS,clear creek,temperature,min,15.39
31,2022,clear creek,UCC,USFWS,clear creek,temperature,max,18.533
31,2022,clear creek,UCC,USFWS,clear creek,temperature,mean,15.885815476190476
31,2022,clear creek,UCC,USFWS,clear creek,temperature,min,13.906
32,2022,clear creek,LCC,USFWS,clear creek,temperature,max,21.724
32,2022,clear creek,LCC,USFWS,clear creek,temperature,mean,18.17129464285714
32,2022,clear creek,LCC,USFWS,clear creek,temperature,min,15.031
32,2022,clear creek,UCC,USFWS,clear creek,temperature,max,18.295
32,2022,clear creek,UCC,USFWS,clear creek,temperature,mean,15.639357142857143
32,2022,clear creek,UCC,USFWS,clear creek,temperature,min,13.305
33,2022,clear creek,LCC,USFWS,clear creek,temperature,max,21.915
33,2022,clear creek,LCC,USFWS,clear creek,temperature,mean,18.33063392857143
33,2022,clear creek,LCC,USFWS,clear creek,temperature,min,15.223
33,2022,clear creek,UCC,USFWS,clear creek,temperature,max,18.58
33,2022,clear creek,UCC,USFWS,clear creek,temperature,mean,15.965833333333334
33,2022,clear creek,UCC,USFWS,clear creek,temperature,min,13.57
34,2022,clear creek,LCC,USFWS,clear creek,temperature,max,21.724
34,2022,clear creek,LCC,USFWS,clear creek,temperature,mean,18.477416666666667
34,2022,clear creek,LCC,USFWS,clear creek,temperature,min,15.509
34,2022,clear creek,UCC,USFWS,clear creek,temperature,max,18.343
34,2022,clear creek,UCC,USFWS,clear creek,temperature,mean,16.168633928571428
34,2022,clear creek,UCC,USFWS,clear creek,temperature,min,14.026
35,2022,clear creek,LCC,USFWS,clear creek,temperature,max,21.103
35,2022,clear creek,LCC,USFWS,clear creek,temperature,mean,17.96301785714286
35,2022,clear creek,LCC,USFWS,clear creek,temperature,min,15.151
35,2022,clear creek,UCC,USFWS,clear creek,temperature,max,18.105
35,2022,clear creek,UCC,USFWS,clear creek,temperature,mean,16.006839285714285
35,2022,clear creek,UCC,USFWS,clear creek,temperature,min,13.906
36,2022,clear creek,LCC,USFWS,clear creek,temperature,max,21.27
36,2022,clear creek,LCC,USFWS,clear creek,temperature,mean,18.04703273809524
36,2022,clear creek,LCC,USFWS,clear creek,temperature,min,14.984
36,2022,clear creek,UCC,USFWS,clear creek,temperature,max,18.152
36,2022,clear creek,UCC,USFWS,clear creek,temperature,mean,16.073675595238097
36,2022,clear creek,UCC,USFWS,clear creek,temperature,min,13.906
37,2022,clear creek,LCC,USFWS,clear creek,temperature,max,20.198
37,2022,clear creek,LCC,USFWS,clear creek,temperature,mean,16.959154761904763
37,2022,clear creek,LCC,USFWS,clear creek,temperature,min,13.57
37,2022,clear creek,UCC,USFWS,clear creek,temperature,max,17.463
37,2022,clear creek,UCC,USFWS,clear creek,temperature,mean,15.241220238095238
37,2022,clear creek,UCC,USFWS,clear creek,temperature,min,12.316
38,2022,clear creek,LCC,USFWS,clear creek,temperature,max,18.01
38,2022,clear creek,LCC,USFWS,clear creek,temperature,mean,15.118327380952381
38,2022,clear creek,LCC,USFWS,clear creek,temperature,min,12.847
38,2022,clear creek,UCC,USFWS,clear creek,temperature,max,15.509
38,2022,clear creek,UCC,USFWS,clear creek,temperature,mean,13.743002976190477
38,2022,clear creek,UCC,USFWS,clear creek,temperature,min,12.268
39,2022,clear creek,LCC,USFWS,clear creek,temperature,max,18.105
39,2022,clear creek,LCC,USFWS,clear creek,temperature,mean,15.457720238095238
39,2022,clear creek,LCC,USFWS,clear creek,temperature,min,13.401
39,2022,clear creek,UCC,USFWS,clear creek,temperature,max,15.652
39,2022,clear creek,UCC,USFWS,clear creek,temperature,mean,13.994330357142857
39,2022,clear creek,UCC,USFWS,clear creek,temperature,min,12.461
40,2022,clear creek,LCC,USFWS,clear creek,temperature,max,16.987
40,2022,clear creek,LCC,USFWS,clear creek,temperature,mean,14.747622023809523
40,2022,clear creek,LCC,USFWS,clear creek,temperature,min,12.727
40,2022,clear creek,UCC,USFWS,clear creek,temperature,max,15.151
40,2022,clear creek,UCC,USFWS,clear creek,temperature,mean,13.710505952380952
40,2022,clear creek,UCC,USFWS,clear creek,temperature,min,12.461
41,2022,clear creek,LCC,USFWS,clear creek,temperature,max,16.511
41,2022,clear creek,LCC,USFWS,clear creek,temperature,mean,14.383363095238096
41,2022,clear creek,LCC,USFWS,clear creek,temperature,min,12.461
41,2022,clear creek,UCC,USFWS,clear creek,temperature,max,15.127
41,2022,clear creek,UCC,USFWS,clear creek,temperature,mean,13.652607142857143
41,2022,clear creek,UCC,USFWS,clear creek,temperature,min,12.437
42,2022,clear creek,LCC,USFWS,clear creek,temperature,max,16.106
42,2022,clear creek,LCC,USFWS,clear creek,temperature,mean,14.116458333333334
42,2022,clear creek,LCC,USFWS,clear creek,temperature,min,12.316
42,2022,clear creek,UCC,USFWS,clear creek,temperature,max,15.055
42,2022,clear creek,UCC,USFWS,clear creek,temperature,mean,13.694407738095238
42,2022,clear creek,UCC,USFWS,clear creek,temperature,min,12.509
43,2022,clear creek,LCC,USFWS,clear creek,temperature,max,15.342
43,2022,clear creek,LCC,USFWS,clear creek,temperature,mean,13.317127976190477
43,2022,clear creek,LCC,USFWS,clear creek,temperature,min,11.443
43,2022,clear creek,UCC,USFWS,clear creek,temperature,max,14.745
43,2022,clear creek,UCC,USFWS,clear creek,temperature,mean,13.412095238095239
43,2022,clear creek,UCC,USFWS,clear creek,temperature,min,12.268
44,2022,clear creek,LCC,USFWS,clear creek,temperature,max,15.27
44,2022,clear creek,LCC,USFWS,clear creek,temperature,mean,12.9938125
44,2022,clear creek,LCC,USFWS,clear creek,temperature,min,11.029
44,2022,clear creek,UCC,USFWS,clear creek,temperature,max,14.936
44,2022,clear creek,UCC,USFWS,clear creek,temperature,mean,13.438508928571428
44,2022,clear creek,UCC,USFWS,clear creek,temperature,min,12.364
45,2022,clear creek,LCC,USFWS,clear creek,temperature,max,13.906
45,2022,clear creek,LCC,USFWS,clear creek,temperature,mean,12.679059523809524
45,2022,clear creek,LCC,USFWS,clear creek,temperature,min,11.102
45,2022,clear creek,UCC,USFWS,clear creek,temperature,max,14.29
45,2022,clear creek,UCC,USFWS,clear creek,temperature,mean,13.332050595238096
45,2022,clear creek,UCC,USFWS,clear creek,temperature,min,12.437
46,2022,clear creek,LCC,USFWS,clear creek,temperature,max,13.594
46,2022,clear creek,LCC,USFWS,clear creek,temperature,mean,12.170059523809524
46,2022,clear creek,LCC,USFWS,clear creek,temperature,min,10.761
46,2022,clear creek,UCC,USFWS,clear creek,temperature,max,14.002
46,2022,clear creek,UCC,USFWS,clear creek,temperature,mean,13.010565476190477
46,2022,clear creek,UCC,USFWS,clear creek,temperature,min,11.953
47,2022,clear creek,LCC,USFWS,clear creek,temperature,max,12.847
47,2022,clear creek,LCC,USFWS,clear creek,temperature,mean,11.397467261904762
47,2022,clear creek,LCC,USFWS,clear creek,temperature,min,9.903
47,2022,clear creek,UCC,USFWS,clear creek,temperature,max,13.185
47,2022,clear creek,UCC,USFWS,clear creek,temperature,mean,12.190369047619049
47,2022,clear creek,UCC,USFWS,clear creek,temperature,min,11.273
48,2022,clear creek,LCC,USFWS,clear creek,temperature,max,12.823
48,2022,clear creek,LCC,USFWS,clear creek,temperature,mean,10.797297619047619
48,2022,clear creek,LCC,USFWS,clear creek,temperature,min,8.767
48,2022,clear creek,UCC,USFWS,clear creek,temperature,max,12.871
48,2022,clear creek,UCC,USFWS,clear creek,temperature,mean,11.534059523809523
48,2022,clear creek,UCC,USFWS,clear creek,temperature,min,10.222
49,2022,clear creek,LCC,USFWS,clear creek,temperature,max,11.977
49,2022,clear creek,LCC,USFWS,clear creek,temperature,mean,10.45829513888889
49,2022,clear creek,LCC,USFWS,clear creek,temperature,min,8.742
49,2022,clear creek,UCC,USFWS,clear creek,temperature,max,11.783
49,2022,clear creek,UCC,USFWS,clear creek,temperature,mean,10.785464285714285
49,2022,clear creek,UCC,USFWS,clear creek,temperature,min,9.386
50,2022,clear creek,LCC,USFWS,clear creek,temperature,max,10.663
50,2022,clear creek,LCC,USFWS,clear creek,temperature,mean,8.902541666666666
50,2022,clear creek,LCC,USFWS,clear creek,temperature,min,6.433
50,2022,clear creek,UCC,USFWS,clear creek,temperature,max,10.467
50,2022,clear creek,UCC,USFWS,clear creek,temperature,mean,9.448407738095238
50,2022,clear creek,UCC,USFWS,clear creek,temperature,min,8.394
51,2022,clear creek,LCC,USFWS,clear creek,temperature,max,10.443
51,2022,clear creek,LCC,USFWS,clear creek,temperature,mean,8.763169642857143
51,2022,clear creek,LCC,USFWS,clear creek,temperature,min,7.091
51,2022,clear creek,UCC,USFWS,clear creek,temperature,max,10.124
51,2022,clear creek,UCC,USFWS,clear creek,temperature,mean,9.169929761904761
51,2022,clear creek,UCC,USFWS,clear creek,temperature,min,8.195
52,2022,clear creek,LCC,USFWS,clear creek,temperature,max,10.59
52,2022,clear creek,LCC,USFWS,clear creek,temperature,mean,9.377741071428572
52,2022,clear creek,LCC,USFWS,clear creek,temperature,min,8.195
52,2022,clear creek,UCC,USFWS,clear creek,temperature,max,10.345
52,2022,clear creek,UCC,USFWS,clear creek,temperature,mean,9.300443452380952
52,2022,clear creek,UCC,USFWS,clear creek,temperature,min,8.245
53,2022,clear creek,LCC,USFWS,clear creek,temperature,max,10.198
53,2022,clear creek,LCC,USFWS,clear creek,temperature,mean,9.9546875
53,2022,clear creek,LCC,USFWS,clear creek,temperature,min,9.435
53,2022,clear creek,UCC,USFWS,clear creek,temperature,max,9.952
53,2022,clear creek,UCC,USFWS,clear creek,temperature,mean,9.747791666666666
53,2022,clear creek,UCC,USFWS,clear creek,temperature,min,9.238
1,2023,clear creek,LCC,USFWS,clear creek,temperature,max,10.247
1,2023,clear creek,LCC,USFWS,clear creek,temperature,mean,9.084999999999999
1,2023,clear creek,LCC,USFWS,clear creek,temperature,min,7.82
1,2023,clear creek,UCC,USFWS,clear creek,temperature,max,9.977
1,2023,clear creek,UCC,USFWS,clear creek,temperature,mean,9.025696428571429
1,2023,clear creek,UCC,USFWS,clear creek,temperature,min,8.12
2,2023,clear creek,LCC,USFWS,clear creek,temperature,max,11.127
2,2023,clear creek,LCC,USFWS,clear creek,temperature,mean,10.135002976190476
2,2023,clear creek,LCC,USFWS,clear creek,temperature,min,9.608
2,2023,clear creek,UCC,USFWS,clear creek,temperature,max,10.614
2,2023,clear creek,UCC,USFWS,clear creek,temperature,mean,9.91750892857143
2,2023,clear creek,UCC,USFWS,clear creek,temperature,min,9.46
3,2023,clear creek,LCC,USFWS,clear creek,temperature,max,9.903
3,2023,clear creek,LCC,USFWS,clear creek,temperature,mean,8.721122023809524
3,2023,clear creek,LCC,USFWS,clear creek,temperature,min,6.864
3,2023,clear creek,UCC,USFWS,clear creek,temperature,max,9.657
3,2023,clear creek,UCC,USFWS,clear creek,temperature,mean,9.373770833333333
3,2023,clear creek,UCC,USFWS,clear creek,temperature,min,8.767
4,2023,clear creek,LCC,USFWS,clear creek,temperature,max,9.682
4,2023,clear creek,LCC,USFWS,clear creek,temperature,mean,8.068934523809524
4,2023,clear creek,LCC,USFWS,clear creek,temperature,min,6.889
5,2023,clear creek,LCC,USFWS,clear creek,temperature,max,8.643
5,2023,clear creek,LCC,USFWS,clear creek,temperature,mean,7.249366071428571
5,2023,clear creek,LCC,USFWS,clear creek,temperature,min,5.642
6,2023,clear creek,LCC,USFWS,clear creek,temperature,max,9.682
6,2023,clear creek,LCC,USFWS,clear creek,temperature,mean,7.993973214285714
6,2023,clear creek,LCC,USFWS,clear creek,temperature,min,6.433
7,2023,clear creek,LCC,USFWS,clear creek,temperature,max,10.001
7,2023,clear creek,LCC,USFWS,clear creek,temperature,mean,7.732241071428571
7,2023,clear creek,LCC,USFWS,clear creek,temperature,min,5.872
8,2023,clear creek,LCC,USFWS,clear creek,temperature,max,10.467
8,2023,clear creek,LCC,USFWS,clear creek,temperature,mean,7.5355654761904765
8,2023,clear creek,LCC,USFWS,clear creek,temperature,min,4.428
9,2023,clear creek,LCC,USFWS,clear creek,temperature,max,9.386
9,2023,clear creek,LCC,USFWS,clear creek,temperature,mean,7.457818452380953
9,2023,clear creek,LCC,USFWS,clear creek,temperature,min,5.719
9,2023,clear creek,UCC,USFWS,clear creek,temperature,max,9.262
9,2023,clear creek,UCC,USFWS,clear creek,temperature,mean,7.288285714285714
9,2023,clear creek,UCC,USFWS,clear creek,temperature,min,5.975
10,2023,clear creek,LCC,USFWS,clear creek,temperature,max,9.731
10,2023,clear creek,LCC,USFWS,clear creek,temperature,mean,7.45196130952381
10,2023,clear creek,LCC,USFWS,clear creek,temperature,min,5.154
10,2023,clear creek,UCC,USFWS,clear creek,temperature,max,9.78
10,2023,clear creek,UCC,USFWS,clear creek,temperature,mean,7.374404761904762
10,2023,clear creek,UCC,USFWS,clear creek,temperature,min,5.77
11,2023,clear creek,LCC,USFWS,clear creek,temperature,max,10.883
11,2023,clear creek,LCC,USFWS,clear creek,temperature,mean,9.252252008281573
11,2023,clear creek,LCC,USFWS,clear creek,temperature,min,7.569
11,2023,clear creek,UCC,USFWS,clear creek,temperature,max,10.663
11,2023,clear creek,UCC,USFWS,clear creek,temperature,mean,8.92067857142857
11,2023,clear creek,UCC,USFWS,clear creek,temperature,min,7.293
12,2023,clear creek,LCC,USFWS,clear creek,temperature,max,11.273
12,2023,clear creek,LCC,USFWS,clear creek,temperature,mean,9.50522619047619
12,2023,clear creek,LCC,USFWS,clear creek,temperature,min,7.444
12,2023,clear creek,UCC,USFWS,clear creek,temperature,max,11.321
12,2023,clear creek,UCC,USFWS,clear creek,temperature,mean,9.018877976190476
12,2023,clear creek,UCC,USFWS,clear creek,temperature,min,7.066
13,2023,clear creek,LCC,USFWS,clear creek,temperature,max,10.81
13,2023,clear creek,LCC,USFWS,clear creek,temperature,mean,8.63073511904762
13,2023,clear creek,LCC,USFWS,clear creek,temperature,min,6.889
13,2023,clear creek,UCC,USFWS,clear creek,temperature,max,10.173
13,2023,clear creek,UCC,USFWS,clear creek,temperature,mean,8.262419642857143
13,2023,clear creek,UCC,USFWS,clear creek,temperature,min,6.737
14,2023,clear creek,LCC,USFWS,clear creek,temperature,max,12.05
14,2023,clear creek,LCC,USFWS,clear creek,temperature,mean,9.492032738095238
14,2023,clear creek,LCC,USFWS,clear creek,temperature,min,6.965
14,2023,clear creek,UCC,USFWS,clear creek,temperature,max,11.807
14,2023,clear creek,UCC,USFWS,clear creek,temperature,mean,9.034625
14,2023,clear creek,UCC,USFWS,clear creek,temperature,min,6.914
15,2023,clear creek,LCC,USFWS,clear creek,temperature,max,14.314
15,2023,clear creek,LCC,USFWS,clear creek,temperature,mean,11.371500000000001
15,2023,clear creek,LCC,USFWS,clear creek,temperature,min,8.394
15,2023,clear creek,UCC,USFWS,clear creek,temperature,max,13.666
15,2023,clear creek,UCC,USFWS,clear creek,temperature,mean,10.536776785714286
15,2023,clear creek,UCC,USFWS,clear creek,temperature,min,8.045
16,2023,clear creek,LCC,USFWS,clear creek,temperature,max,14.96
16,2023,clear creek,LCC,USFWS,clear creek,temperature,mean,11.19108630952381
16,2023,clear creek,LCC,USFWS,clear creek,temperature,min,8.195
16,2023,clear creek,UCC,USFWS,clear creek,temperature,max,13.666
16,2023,clear creek,UCC,USFWS,clear creek,temperature,mean,10.228462344720498
16,2023,clear creek,UCC,USFWS,clear creek,temperature,min,7.895
17,2023,clear creek,LCC,USFWS,clear creek,temperature,max,16.63
17,2023,clear creek,LCC,USFWS,clear creek,temperature,mean,13.293616071428572
17,2023,clear creek,LCC,USFWS,clear creek,temperature,min,10.075
17,2023,clear creek,UCC,USFWS,clear creek,temperature,max,14.768
17,2023,clear creek,UCC,USFWS,clear creek,temperature,mean,11.777107142857144
17,2023,clear creek,UCC,USFWS,clear creek,temperature,min,9.336
18,2023,clear creek,LCC,USFWS,clear creek,temperature,max,16.106
18,2023,clear creek,LCC,USFWS,clear creek,temperature,mean,11.635110119047619
18,2023,clear creek,LCC,USFWS,clear creek,temperature,min,9.879
18,2023,clear creek,UCC,USFWS,clear creek,temperature,max,14.266
18,2023,clear creek,UCC,USFWS,clear creek,temperature,mean,10.612315476190476
18,2023,clear creek,UCC,USFWS,clear creek,temperature,min,9.583
19,2023,clear creek,LCC,USFWS,clear creek,temperature,max,16.606
19,2023,clear creek,LCC,USFWS,clear creek,temperature,mean,12.269744435817806
19,2023,clear creek,LCC,USFWS,clear creek,temperature,min,9.46
19,2023,clear creek,UCC,USFWS,clear creek,temperature,max,15.414
19,2023,clear creek,UCC,USFWS,clear creek,temperature,mean,11.226497023809523
19,2023,clear creek,UCC,USFWS,clear creek,temperature,min,9.361
20,2023,clear creek,LCC,USFWS,clear creek,temperature,max,18.129
20,2023,clear creek,LCC,USFWS,clear creek,temperature,mean,15.18764880952381
20,2023,clear creek,LCC,USFWS,clear creek,temperature,min,12.219
20,2023,clear creek,UCC,USFWS,clear creek,temperature,max,15.772
20,2023,clear creek,UCC,USFWS,clear creek,temperature,mean,13.142794642857144
20,2023,clear creek,UCC,USFWS,clear creek,temperature,min,11.005
21,2023,clear creek,LCC,USFWS,clear creek,temperature,max,18.01
21,2023,clear creek,LCC,USFWS,clear creek,temperature,mean,15.156095238095238
21,2023,clear creek,LCC,USFWS,clear creek,temperature,min,12.34
21,2023,clear creek,UCC,USFWS,clear creek,temperature,max,15.629
21,2023,clear creek,UCC,USFWS,clear creek,temperature,mean,12.969348214285715
21,2023,clear creek,UCC,USFWS,clear creek,temperature,min,10.907
22,2023,clear creek,LCC,USFWS,clear creek,temperature,max,19.151
22,2023,clear creek,LCC,USFWS,clear creek,temperature,mean,15.430782738095239
22,2023,clear creek,LCC,USFWS,clear creek,temperature,min,12.509
22,2023,clear creek,UCC,USFWS,clear creek,temperature,max,16.01
22,2023,clear creek,UCC,USFWS,clear creek,temperature,mean,13.131589285714286
22,2023,clear creek,UCC,USFWS,clear creek,temperature,min,11.005
23,2023,clear creek,LCC,USFWS,clear creek,temperature,max,19.532
23,2023,clear creek,LCC,USFWS,clear creek,temperature,mean,16.100145833333332
23,2023,clear creek,LCC,USFWS,clear creek,temperature,min,13.666
23,2023,clear creek,UCC,USFWS,clear creek,temperature,max,16.296
23,2023,clear creek,UCC,USFWS,clear creek,temperature,mean,13.664452380952381
23,2023,clear creek,UCC,USFWS,clear creek,temperature,min,11.467
24,2023,clear creek,LCC,USFWS,clear creek,temperature,max,19.841
24,2023,clear creek,LCC,USFWS,clear creek,temperature,mean,15.965619047619048
24,2023,clear creek,LCC,USFWS,clear creek,temperature,min,11.248
24,2023,clear creek,UCC,USFWS,clear creek,temperature,max,16.558
24,2023,clear creek,UCC,USFWS,clear creek,temperature,mean,13.355455357142857
24,2023,clear creek,UCC,USFWS,clear creek,temperature,min,10.565
25,2023,clear creek,LCC,USFWS,clear creek,temperature,max,17.368
25,2023,clear creek,LCC,USFWS,clear creek,temperature,mean,13.251595238095238
25,2023,clear creek,LCC,USFWS,clear creek,temperature,min,10.173
25,2023,clear creek,UCC,USFWS,clear creek,temperature,max,15.127
25,2023,clear creek,UCC,USFWS,clear creek,temperature,mean,11.852175595238096
25,2023,clear creek,UCC,USFWS,clear creek,temperature,min,9.952
26,2023,clear creek,LCC,USFWS,clear creek,temperature,max,20.841
26,2023,clear creek,LCC,USFWS,clear creek,temperature,mean,16.556571428571427
26,2023,clear creek,LCC,USFWS,clear creek,temperature,min,12.92
26,2023,clear creek,UCC,USFWS,clear creek,temperature,max,16.892
26,2023,clear creek,UCC,USFWS,clear creek,temperature,mean,13.875175595238096
26,2023,clear creek,UCC,USFWS,clear creek,temperature,min,11.2
27,2023,clear creek,LCC,USFWS,clear creek,temperature,max,20.913
27,2023,clear creek,LCC,USFWS,clear creek,temperature,mean,17.56407738095238
27,2023,clear creek,LCC,USFWS,clear creek,temperature,min,14.984
27,2023,clear creek,UCC,USFWS,clear creek,temperature,max,16.868
27,2023,clear creek,UCC,USFWS,clear creek,temperature,mean,14.36178869047619
27,2023,clear creek,UCC,USFWS,clear creek,temperature,min,11.929
28,2023,clear creek,LCC,USFWS,clear creek,temperature,max,20.913
28,2023,clear creek,LCC,USFWS,clear creek,temperature,mean,17.366104166666666
28,2023,clear creek,LCC,USFWS,clear creek,temperature,min,14.673
28,2023,clear creek,UCC,USFWS,clear creek,temperature,max,16.82
28,2023,clear creek,UCC,USFWS,clear creek,temperature,mean,14.24396130952381
28,2023,clear creek,UCC,USFWS,clear creek,temperature,min,11.807
29,2023,clear creek,LCC,USFWS,clear creek,temperature,max,21.199
29,2023,clear creek,LCC,USFWS,clear creek,temperature,mean,17.660223214285715
29,2023,clear creek,LCC,USFWS,clear creek,temperature,min,14.721
29,2023,clear creek,UCC,USFWS,clear creek,temperature,max,17.177
29,2023,clear creek,UCC,USFWS,clear creek,temperature,mean,14.437901785714287
29,2023,clear creek,UCC,USFWS,clear creek,temperature,min,11.832
30,2023,clear creek,LCC,USFWS,clear creek,temperature,max,20.412
30,2023,clear creek,LCC,USFWS,clear creek,temperature,mean,17.28875
30,2023,clear creek,LCC,USFWS,clear creek,temperature,min,14.601
30,2023,clear creek,UCC,USFWS,clear creek,temperature,max,16.463
30,2023,clear creek,UCC,USFWS,clear creek,temperature,mean,14.253324404761905
30,2023,clear creek,UCC,USFWS,clear creek,temperature,min,12.001
31,2023,clear creek,LCC,USFWS,clear creek,temperature,max,20.579
31,2023,clear creek,LCC,USFWS,clear creek,temperature,mean,17.118717261904763
31,2023,clear creek,LCC,USFWS,clear creek,temperature,min,14.385
31,2023,clear creek,UCC,USFWS,clear creek,temperature,max,16.534
31,2023,clear creek,UCC,USFWS,clear creek,temperature,mean,14.255223214285714
31,2023,clear creek,UCC,USFWS,clear creek,temperature,min,11.904
32,2023,clear creek,LCC,USFWS,clear creek,temperature,max,20.841
32,2023,clear creek,LCC,USFWS,clear creek,temperature,mean,17.45175
32,2023,clear creek,LCC,USFWS,clear creek,temperature,min,14.721
32,2023,clear creek,UCC,USFWS,clear creek,temperature,max,16.749
32,2023,clear creek,UCC,USFWS,clear creek,temperature,mean,14.628425595238095
32,2023,clear creek,UCC,USFWS,clear creek,temperature,min,12.292
33,2023,clear creek,LCC,USFWS,clear creek,temperature,max,21.294
33,2023,clear creek,LCC,USFWS,clear creek,temperature,mean,18.048357142857142
33,2023,clear creek,LCC,USFWS,clear creek,temperature,min,15.533
33,2023,clear creek,UCC,USFWS,clear creek,temperature,max,17.082
33,2023,clear creek,UCC,USFWS,clear creek,temperature,mean,15.236345238095238
33,2023,clear creek,UCC,USFWS,clear creek,temperature,min,13.04
34,2023,clear creek,LCC,USFWS,clear creek,temperature,max,20.507
34,2023,clear creek,LCC,USFWS,clear creek,temperature,mean,16.910752976190476
34,2023,clear creek,LCC,USFWS,clear creek,temperature,min,14.888
34,2023,clear creek,UCC,USFWS,clear creek,temperature,max,16.987
34,2023,clear creek,UCC,USFWS,clear creek,temperature,mean,14.82436011904762
34,2023,clear creek,UCC,USFWS,clear creek,temperature,min,13.088
35,2023,clear creek,LCC,USFWS,clear creek,temperature,max,20.627
35,2023,clear creek,LCC,USFWS,clear creek,temperature,mean,16.700407738095237
35,2023,clear creek,LCC,USFWS,clear creek,temperature,min,14.529
35,2023,clear creek,UCC,USFWS,clear creek,temperature,max,17.201
35,2023,clear creek,UCC,USFWS,clear creek,temperature,mean,14.964502976190476
35,2023,clear creek,UCC,USFWS,clear creek,temperature,min,12.944
36,2023,clear creek,LCC,USFWS,clear creek,temperature,max,19.698
36,2023,clear creek,LCC,USFWS,clear creek,temperature,mean,16.890788690476192
36,2023,clear creek,LCC,USFWS,clear creek,temperature,min,14.625
36,2023,clear creek,UCC,USFWS,clear creek,temperature,max,16.892
36,2023,clear creek,UCC,USFWS,clear creek,temperature,mean,15.01733630952381
36,2023,clear creek,UCC,USFWS,clear creek,temperature,min,13.209
37,2023,clear creek,LCC,USFWS,clear creek,temperature,max,19.627
37,2023,clear creek,LCC,USFWS,clear creek,temperature,mean,16.568425595238097
37,2023,clear creek,LCC,USFWS,clear creek,temperature,min,14.074
37,2023,clear creek,UCC,USFWS,clear creek,temperature,max,16.463
37,2023,clear creek,UCC,USFWS,clear creek,temperature,mean,14.642392857142857
37,2023,clear creek,UCC,USFWS,clear creek,temperature,min,11.856
38,2023,clear creek,LCC,USFWS,clear creek,temperature,max,17.843
38,2023,clear creek,LCC,USFWS,clear creek,temperature,mean,14.700160714285715
38,2023,clear creek,LCC,USFWS,clear creek,temperature,min,11.929
38,2023,clear creek,UCC,USFWS,clear creek,temperature,max,14.649
38,2023,clear creek,UCC,USFWS,clear creek,temperature,mean,12.7861875
38,2023,clear creek,UCC,USFWS,clear creek,temperature,min,10.785
39,2023,clear creek,LCC,USFWS,clear creek,temperature,max,16.296
39,2023,clear creek,LCC,USFWS,clear creek,temperature,mean,13.535613095238096
39,2023,clear creek,LCC,USFWS,clear creek,temperature,min,11.637
39,2023,clear creek,UCC,USFWS,clear creek,temperature,max,13.666
39,2023,clear creek,UCC,USFWS,clear creek,temperature,mean,12.256684523809524
39,2023,clear creek,UCC,USFWS,clear creek,temperature,min,10.956
40,2023,clear creek,LCC,USFWS,clear creek,temperature,max,16.177
40,2023,clear creek,LCC,USFWS,clear creek,temperature,mean,13.670806547619048
40,2023,clear creek,LCC,USFWS,clear creek,temperature,min,11.297
40,2023,clear creek,UCC,USFWS,clear creek,temperature,max,13.93
40,2023,clear creek,UCC,USFWS,clear creek,temperature,mean,12.470657738095237
40,2023,clear creek,UCC,USFWS,clear creek,temperature,min,10.932
41,2023,clear creek,LCC,USFWS,clear creek,temperature,max,15.772
41,2023,clear creek,LCC,USFWS,clear creek,temperature,mean,12.919610119047618
41,2023,clear creek,LCC,USFWS,clear creek,temperature,min,11.053
41,2023,clear creek,UCC,USFWS,clear creek,temperature,max,13.762
41,2023,clear creek,UCC,USFWS,clear creek,temperature,mean,12.1964375
41,2023,clear creek,UCC,USFWS,clear creek,temperature,min,11.053
42,2023,clear creek,LCC,USFWS,clear creek,temperature,max,15.819
42,2023,clear creek,LCC,USFWS,clear creek,temperature,mean,13.638232142857143
42,2023,clear creek,LCC,USFWS,clear creek,temperature,min,11.783
42,2023,clear creek,UCC,USFWS,clear creek,temperature,max,14.601
42,2023,clear creek,UCC,USFWS,clear creek,temperature,mean,13.083535714285714
42,2023,clear creek,UCC,USFWS,clear creek,temperature,min,11.686
43,2023,clear creek,LCC,USFWS,clear creek,temperature,max,15.581
43,2023,clear creek,LCC,USFWS,clear creek,temperature,mean,13.048297619047618
43,2023,clear creek,LCC,USFWS,clear creek,temperature,min,10.663
43,2023,clear creek,UCC,USFWS,clear creek,temperature,max,14.577
43,2023,clear creek,UCC,USFWS,clear creek,temperature,mean,12.997785714285715
43,2023,clear creek,UCC,USFWS,clear creek,temperature,min,11.565
44,2023,clear creek,LCC,USFWS,clear creek,temperature,max,14.337
44,2023,clear creek,LCC,USFWS,clear creek,temperature,mean,12.362127976190477
44,2023,clear creek,LCC,USFWS,clear creek,temperature,min,10.541
44,2023,clear creek,UCC,USFWS,clear creek,temperature,max,13.882
44,2023,clear creek,UCC,USFWS,clear creek,temperature,mean,12.4754375
44,2023,clear creek,UCC,USFWS,clear creek,temperature,min,11.248
45,2023,clear creek,LCC,USFWS,clear creek,temperature,max,13.978
45,2023,clear creek,LCC,USFWS,clear creek,temperature,mean,12.282318452380952
45,2023,clear creek,LCC,USFWS,clear creek,temperature,min,10.124
45,2023,clear creek,UCC,USFWS,clear creek,temperature,max,13.522
45,2023,clear creek,UCC,USFWS,clear creek,temperature,mean,12.279458333333334
45,2023,clear creek,UCC,USFWS,clear creek,temperature,min,11.005
46,2023,clear creek,LCC,USFWS,clear creek,temperature,max,14.002
46,2023,clear creek,LCC,USFWS,clear creek,temperature,mean,12.382616071428572
46,2023,clear creek,LCC,USFWS,clear creek,temperature,min,10.956
46,2023,clear creek,UCC,USFWS,clear creek,temperature,max,13.161
46,2023,clear creek,UCC,USFWS,clear creek,temperature,mean,12.319276785714285
46,2023,clear creek,UCC,USFWS,clear creek,temperature,min,11.492
47,2023,clear creek,LCC,USFWS,clear creek,temperature,max,12.558
47,2023,clear creek,LCC,USFWS,clear creek,temperature,mean,11.097497023809524
47,2023,clear creek,LCC,USFWS,clear creek,temperature,min,9.78
47,2023,clear creek,UCC,USFWS,clear creek,temperature,max,12.582
47,2023,clear creek,UCC,USFWS,clear creek,temperature,mean,11.468272774327122
47,2023,clear creek,UCC,USFWS,clear creek,temperature,min,10.565
48,2023,clear creek,LCC,USFWS,clear creek,temperature,max,11.248
48,2023,clear creek,LCC,USFWS,clear creek,temperature,mean,10.178377976190475
48,2023,clear creek,LCC,USFWS,clear creek,temperature,min,8.693
48,2023,clear creek,UCC,USFWS,clear creek,temperature,max,11.589
48,2023,clear creek,UCC,USFWS,clear creek,temperature,mean,10.733223214285715
48,2023,clear creek,UCC,USFWS,clear creek,temperature,min,9.854
49,2023,clear creek,LCC,USFWS,clear creek,temperature,max,12.63
49,2023,clear creek,LCC,USFWS,clear creek,temperature,mean,10.908136904761905
49,2023,clear creek,LCC,USFWS,clear creek,temperature,min,8.866
49,2023,clear creek,UCC,USFWS,clear creek,temperature,max,12.316
49,2023,clear creek,UCC,USFWS,clear creek,temperature,mean,11.068632023809524
49,2023,clear creek,UCC,USFWS,clear creek,temperature,min,9.706
50,2023,clear creek,LCC,USFWS,clear creek,temperature,max,11.54
50,2023,clear creek,LCC,USFWS,clear creek,temperature,mean,9.886318452380952
50,2023,clear creek,LCC,USFWS,clear creek,temperature,min,8.668
50,2023,clear creek,UCC,USFWS,clear creek,temperature,max,11.54
50,2023,clear creek,UCC,USFWS,clear creek,temperature,mean,10.377598214285715
50,2023,clear creek,UCC,USFWS,clear creek,temperature,min,9.435
51,2023,clear creek,LCC,USFWS,clear creek,temperature,max,11.904
51,2023,clear creek,LCC,USFWS,clear creek,temperature,mean,10.339532738095238
51,2023,clear creek,LCC,USFWS,clear creek,temperature,min,8.693
51,2023,clear creek,UCC,USFWS,clear creek,temperature,max,11.589
51,2023,clear creek,UCC,USFWS,clear creek,temperature,mean,10.416991071428571
51,2023,clear creek,UCC,USFWS,clear creek,temperature,min,9.336
52,2023,clear creek,LCC,USFWS,clear creek,temperature,max,11.637
52,2023,clear creek,LCC,USFWS,clear creek,temperature,mean,10.162125
52,2023,clear creek,LCC,USFWS,clear creek,temperature,min,8.17
52,2023,clear creek,UCC,USFWS,clear creek,temperature,max,11.151
52,2023,clear creek,UCC,USFWS,clear creek,temperature,mean,10.165205357142858
52,2023,clear creek,UCC,USFWS,clear creek,temperature,min,8.817
53,2023,clear creek,LCC,USFWS,clear creek,temperature,max,11.273
53,2023,clear creek,LCC,USFWS,clear creek,temperature,mean,10.9130625
53,2023,clear creek,LCC,USFWS,clear creek,temperature,min,10.541
53,2023,clear creek,UCC,USFWS,clear creek,temperature,max,10.98
53,2023,clear creek,UCC,USFWS,clear creek,temperature,mean,10.599041666666666
53,2023,clear creek,UCC,USFWS,clear creek,temperature,min,10.271
1,2024,clear creek,LCC,USFWS,clear creek,temperature,max,10.761
1,2024,clear creek,LCC,USFWS,clear creek,temperature,mean,9.288279761904763
1,2024,clear creek,LCC,USFWS,clear creek,temperature,min,7.293
1,2024,clear creek,UCC,USFWS,clear creek,temperature,max,10.296
1,2024,clear creek,UCC,USFWS,clear creek,temperature,mean,9.350941666666667
1,2024,clear creek,UCC,USFWS,clear creek,temperature,min,7.945
2,2024,clear creek,LCC,USFWS,clear creek,temperature,max,9.509
2,2024,clear creek,LCC,USFWS,clear creek,temperature,mean,8.450895833333334
2,2024,clear creek,LCC,USFWS,clear creek,temperature,min,7.091
2,2024,clear creek,UCC,USFWS,clear creek,temperature,max,9.706
2,2024,clear creek,UCC,USFWS,clear creek,temperature,mean,8.587544642857143
2,2024,clear creek,UCC,USFWS,clear creek,temperature,min,7.293
3,2024,clear creek,LCC,USFWS,clear creek,temperature,max,9.583
3,2024,clear creek,LCC,USFWS,clear creek,temperature,mean,8.761338541666667
3,2024,clear creek,LCC,USFWS,clear creek,temperature,min,7.77
3,2024,clear creek,UCC,USFWS,clear creek,temperature,max,10.59
3,2024,clear creek,UCC,USFWS,clear creek,temperature,mean,9.126071428571429
3,2024,clear creek,UCC,USFWS,clear creek,temperature,min,7.82
4,2024,clear creek,UCC,USFWS,clear creek,temperature,max,11.321
4,2024,clear creek,UCC,USFWS,clear creek,temperature,mean,10.34132738095238
4,2024,clear creek,UCC,USFWS,clear creek,temperature,min,9.361
5,2024,clear creek,UCC,USFWS,clear creek,temperature,max,11.053
5,2024,clear creek,UCC,USFWS,clear creek,temperature,mean,9.977375
5,2024,clear creek,UCC,USFWS,clear creek,temperature,min,8.792
6,2024,clear creek,UCC,USFWS,clear creek,temperature,max,10.932
6,2024,clear creek,UCC,USFWS,clear creek,temperature,mean,9.378276785714286
6,2024,clear creek,UCC,USFWS,clear creek,temperature,min,7.995
7,2024,clear creek,UCC,USFWS,clear creek,temperature,max,10.932
7,2024,clear creek,UCC,USFWS,clear creek,temperature,mean,9.76146130952381
7,2024,clear creek,UCC,USFWS,clear creek,temperature,min,8.045
8,2024,clear creek,UCC,USFWS,clear creek,temperature,max,11.419
8,2024,clear creek,UCC,USFWS,clear creek,temperature,mean,10.353622023809525
8,2024,clear creek,UCC,USFWS,clear creek,temperature,min,9.657
9,2024,clear creek,UCC,USFWS,clear creek,temperature,max,11.005
9,2024,clear creek,UCC,USFWS,clear creek,temperature,mean,9.340526785714285
9,2024,clear creek,UCC,USFWS,clear creek,temperature,min,7.82
10,2024,clear creek,UCC,USFWS,clear creek,temperature,max,11.2
10,2024,clear creek,UCC,USFWS,clear creek,temperature,mean,9.45117261904762
10,2024,clear creek,UCC,USFWS,clear creek,temperature,min,7.569
11,2024,clear creek,LCC,USFWS,clear creek,temperature,max,13.137
11,2024,clear creek,LCC,USFWS,clear creek,temperature,mean,10.510363095238095
11,2024,clear creek,LCC,USFWS,clear creek,temperature,min,8.891
11,2024,clear creek,UCC,USFWS,clear creek,temperature,max,12.389
11,2024,clear creek,UCC,USFWS,clear creek,temperature,mean,9.999258928571429
11,2024,clear creek,UCC,USFWS,clear creek,temperature,min,8.643
12,2024,clear creek,LCC,USFWS,clear creek,temperature,max,13.69
12,2024,clear creek,LCC,USFWS,clear creek,temperature,mean,10.971443452380953
12,2024,clear creek,LCC,USFWS,clear creek,temperature,min,9.485
12,2024,clear creek,UCC,USFWS,clear creek,temperature,max,12.751
12,2024,clear creek,UCC,USFWS,clear creek,temperature,mean,10.301119047619048
12,2024,clear creek,UCC,USFWS,clear creek,temperature,min,9.139
13,2024,clear creek,LCC,USFWS,clear creek,temperature,max,12.968
13,2024,clear creek,LCC,USFWS,clear creek,temperature,mean,10.441610119047619
13,2024,clear creek,LCC,USFWS,clear creek,temperature,min,9.287
13,2024,clear creek,UCC,USFWS,clear creek,temperature,max,12.292
13,2024,clear creek,UCC,USFWS,clear creek,temperature,mean,10.023386904761905
13,2024,clear creek,UCC,USFWS,clear creek,temperature,min,9.04
14,2024,clear creek,LCC,USFWS,clear creek,temperature,max,14.409
14,2024,clear creek,LCC,USFWS,clear creek,temperature,mean,11.21189880952381
14,2024,clear creek,LCC,USFWS,clear creek,temperature,min,8.891
14,2024,clear creek,UCC,USFWS,clear creek,temperature,max,13.666
14,2024,clear creek,UCC,USFWS,clear creek,temperature,mean,10.542270833333333
14,2024,clear creek,UCC,USFWS,clear creek,temperature,min,8.693
15,2024,clear creek,LCC,USFWS,clear creek,temperature,max,15.819
15,2024,clear creek,LCC,USFWS,clear creek,temperature,mean,12.125011904761905
15,2024,clear creek,LCC,USFWS,clear creek,temperature,min,9.583
15,2024,clear creek,UCC,USFWS,clear creek,temperature,max,14.409
15,2024,clear creek,UCC,USFWS,clear creek,temperature,mean,11.226279761904761
15,2024,clear creek,UCC,USFWS,clear creek,temperature,min,9.312
16,2024,clear creek,LCC,USFWS,clear creek,temperature,max,16.487
16,2024,clear creek,LCC,USFWS,clear creek,temperature,mean,13.220136904761905
16,2024,clear creek,LCC,USFWS,clear creek,temperature,min,9.977
16,2024,clear creek,UCC,USFWS,clear creek,temperature,max,14.625
16,2024,clear creek,UCC,USFWS,clear creek,temperature,mean,11.968357142857142
16,2024,clear creek,UCC,USFWS,clear creek,temperature,min,9.632
17,2024,clear creek,LCC,USFWS,clear creek,temperature,max,16.249
17,2024,clear creek,LCC,USFWS,clear creek,temperature,mean,13.312107142857142
17,2024,clear creek,LCC,USFWS,clear creek,temperature,min,10.761
17,2024,clear creek,UCC,USFWS,clear creek,temperature,max,14.505
17,2024,clear creek,UCC,USFWS,clear creek,temperature,mean,11.997747023809524
17,2024,clear creek,UCC,USFWS,clear creek,temperature,min,10.149
18,2024,clear creek,LCC,USFWS,clear creek,temperature,max,16.058
18,2024,clear creek,LCC,USFWS,clear creek,temperature,mean,12.892339285714286
18,2024,clear creek,LCC,USFWS,clear creek,temperature,min,10.051
18,2024,clear creek,UCC,USFWS,clear creek,temperature,max,14.29
18,2024,clear creek,UCC,USFWS,clear creek,temperature,mean,11.643529761904762
18,2024,clear creek,UCC,USFWS,clear creek,temperature,min,9.558
19,2024,clear creek,LCC,USFWS,clear creek,temperature,max,17.938
19,2024,clear creek,LCC,USFWS,clear creek,temperature,mean,13.920723214285715
19,2024,clear creek,LCC,USFWS,clear creek,temperature,min,10.394
19,2024,clear creek,UCC,USFWS,clear creek,temperature,max,15.605
19,2024,clear creek,UCC,USFWS,clear creek,temperature,mean,12.37910119047619
19,2024,clear creek,UCC,USFWS,clear creek,temperature,min,9.903
20,2024,clear creek,LCC,USFWS,clear creek,temperature,max,18.414
20,2024,clear creek,LCC,USFWS,clear creek,temperature,mean,14.383244047619048
20,2024,clear creek,LCC,USFWS,clear creek,temperature,min,10.883
20,2024,clear creek,UCC,USFWS,clear creek,temperature,max,15.939
20,2024,clear creek,UCC,USFWS,clear creek,temperature,mean,12.670291666666666
20,2024,clear creek,UCC,USFWS,clear creek,temperature,min,10.663
21,2024,clear creek,LCC,USFWS,clear creek,temperature,max,17.249
21,2024,clear creek,LCC,USFWS,clear creek,temperature,mean,13.540071428571428
21,2024,clear creek,LCC,USFWS,clear creek,temperature,min,10.907
21,2024,clear creek,UCC,USFWS,clear creek,temperature,max,15.318
21,2024,clear creek,UCC,USFWS,clear creek,temperature,mean,12.304595238095239
21,2024,clear creek,UCC,USFWS,clear creek,temperature,min,10.736
22,2024,clear creek,LCC,USFWS,clear creek,temperature,max,18.747
22,2024,clear creek,LCC,USFWS,clear creek,temperature,mean,15.426758928571429
22,2024,clear creek,LCC,USFWS,clear creek,temperature,min,12.195
22,2024,clear creek,UCC,USFWS,clear creek,temperature,max,16.153
22,2024,clear creek,UCC,USFWS,clear creek,temperature,mean,13.560291666666666
22,2024,clear creek,UCC,USFWS,clear creek,temperature,min,11.443
23,2024,clear creek,LCC,USFWS,clear creek,temperature,max,21.342
23,2024,clear creek,LCC,USFWS,clear creek,temperature,mean,17.600315476190474
23,2024,clear creek,LCC,USFWS,clear creek,temperature,min,13.834
23,2024,clear creek,UCC,USFWS,clear creek,temperature,max,17.653
23,2024,clear creek,UCC,USFWS,clear creek,temperature,mean,14.978294642857142
23,2024,clear creek,UCC,USFWS,clear creek,temperature,min,12.074
24,2024,clear creek,LCC,USFWS,clear creek,temperature,max,21.485
24,2024,clear creek,LCC,USFWS,clear creek,temperature,mean,16.362791666666666
24,2024,clear creek,LCC,USFWS,clear creek,temperature,min,11.662
24,2024,clear creek,UCC,USFWS,clear creek,temperature,max,17.677
24,2024,clear creek,UCC,USFWS,clear creek,temperature,mean,14.017386904761905
24,2024,clear creek,UCC,USFWS,clear creek,temperature,min,11.346
25,2024,clear creek,LCC,USFWS,clear creek,temperature,max,19.698
25,2024,clear creek,LCC,USFWS,clear creek,temperature,mean,15.264464285714286
25,2024,clear creek,LCC,USFWS,clear creek,temperature,min,11.394
25,2024,clear creek,UCC,USFWS,clear creek,temperature,max,17.106
25,2024,clear creek,UCC,USFWS,clear creek,temperature,mean,13.638482142857143
25,2024,clear creek,UCC,USFWS,clear creek,temperature,min,11.175
26,2024,clear creek,LCC,USFWS,clear creek,temperature,max,21.509
26,2024,clear creek,LCC,USFWS,clear creek,temperature,mean,17.514770833333333
26,2024,clear creek,LCC,USFWS,clear creek,temperature,min,14.146
26,2024,clear creek,UCC,USFWS,clear creek,temperature,max,17.677
26,2024,clear creek,UCC,USFWS,clear creek,temperature,mean,15.0571700310559
26,2024,clear creek,UCC,USFWS,clear creek,temperature,min,12.606
27,2024,clear creek,LCC,USFWS,clear creek,temperature,max,21.819
27,2024,clear creek,LCC,USFWS,clear creek,temperature,mean,18.035026785714287
27,2024,clear creek,LCC,USFWS,clear creek,temperature,min,14.481
27,2024,clear creek,UCC,USFWS,clear creek,temperature,max,17.843
27,2024,clear creek,UCC,USFWS,clear creek,temperature,mean,15.346348214285713
27,2024,clear creek,UCC,USFWS,clear creek,temperature,min,12.823
28,2024,clear creek,LCC,USFWS,clear creek,temperature,max,20.865
28,2024,clear creek,LCC,USFWS,clear creek,temperature,mean,17.724696428571427
28,2024,clear creek,LCC,USFWS,clear creek,temperature,min,14.936
28,2024,clear creek,UCC,USFWS,clear creek,temperature,max,17.582
28,2024,clear creek,UCC,USFWS,clear creek,temperature,mean,15.140113095238094
28,2024,clear creek,UCC,USFWS,clear creek,temperature,min,13.137
29,2024,clear creek,LCC,USFWS,clear creek,temperature,max,21.366
29,2024,clear creek,LCC,USFWS,clear creek,temperature,mean,17.692520833333333
29,2024,clear creek,LCC,USFWS,clear creek,temperature,min,14.242
29,2024,clear creek,UCC,USFWS,clear creek,temperature,max,17.915
29,2024,clear creek,UCC,USFWS,clear creek,temperature,mean,15.270782738095239
29,2024,clear creek,UCC,USFWS,clear creek,temperature,min,12.799
30,2024,clear creek,LCC,USFWS,clear creek,temperature,max,21.604
30,2024,clear creek,LCC,USFWS,clear creek,temperature,mean,18.10107738095238
30,2024,clear creek,LCC,USFWS,clear creek,temperature,min,14.936
30,2024,clear creek,UCC,USFWS,clear creek,temperature,max,18.033
30,2024,clear creek,UCC,USFWS,clear creek,temperature,mean,15.526217261904762
30,2024,clear creek,UCC,USFWS,clear creek,temperature,min,13.016
31,2024,clear creek,LCC,USFWS,clear creek,temperature,max,21.748
31,2024,clear creek,LCC,USFWS,clear creek,temperature,mean,18.185053571428572
31,2024,clear creek,LCC,USFWS,clear creek,temperature,min,15.438
31,2024,clear creek,UCC,USFWS,clear creek,temperature,max,17.986
31,2024,clear creek,UCC,USFWS,clear creek,temperature,mean,15.676369047619048
31,2024,clear creek,UCC,USFWS,clear creek,temperature,min,13.425
32,2024,clear creek,LCC,USFWS,clear creek,temperature,max,21.39
32,2024,clear creek,LCC,USFWS,clear creek,temperature,mean,18.29062797619048
32,2024,clear creek,LCC,USFWS,clear creek,temperature,min,15.581
32,2024,clear creek,UCC,USFWS,clear creek,temperature,max,17.629
32,2024,clear creek,UCC,USFWS,clear creek,temperature,mean,15.708886904761904
32,2024,clear creek,UCC,USFWS,clear creek,temperature,min,13.425
33,2024,clear creek,LCC,USFWS,clear creek,temperature,max,21.008
33,2024,clear creek,LCC,USFWS,clear creek,temperature,mean,17.739741071428572
33,2024,clear creek,LCC,USFWS,clear creek,temperature,min,15.103
33,2024,clear creek,UCC,USFWS,clear creek,temperature,max,17.51
33,2024,clear creek,UCC,USFWS,clear creek,temperature,mean,15.472166666666666
33,2024,clear creek,UCC,USFWS,clear creek,temperature,min,13.401
34,2024,clear creek,LCC,USFWS,clear creek,temperature,max,20.365
34,2024,clear creek,LCC,USFWS,clear creek,temperature,mean,16.943223214285712
34,2024,clear creek,LCC,USFWS,clear creek,temperature,min,14.194
34,2024,clear creek,UCC,USFWS,clear creek,temperature,max,17.106
34,2024,clear creek,UCC,USFWS,clear creek,temperature,mean,15.031925595238095
34,2024,clear creek,UCC,USFWS,clear creek,temperature,min,13.137
35,2024,clear creek,LCC,USFWS,clear creek,temperature,max,20.484
35,2024,clear creek,LCC,USFWS,clear creek,temperature,mean,17.49966369047619
35,2024,clear creek,LCC,USFWS,clear creek,temperature,min,14.816
35,2024,clear creek,UCC,USFWS,clear creek,temperature,max,17.177
35,2024,clear creek,UCC,USFWS,clear creek,temperature,mean,15.413910714285715
35,2024,clear creek,UCC,USFWS,clear creek,temperature,min,13.377
36,2024,clear creek,LCC,USFWS,clear creek,temperature,max,20.079
36,2024,clear creek,LCC,USFWS,clear creek,temperature,mean,17.079014880952382
36,2024,clear creek,LCC,USFWS,clear creek,temperature,min,14.433
36,2024,clear creek,UCC,USFWS,clear creek,temperature,max,16.939
36,2024,clear creek,UCC,USFWS,clear creek,temperature,mean,15.152220238095238
36,2024,clear creek,UCC,USFWS,clear creek,temperature,min,13.088
37,2024,clear creek,LCC,USFWS,clear creek,temperature,max,19.436
37,2024,clear creek,LCC,USFWS,clear creek,temperature,mean,16.32886607142857
37,2024,clear creek,LCC,USFWS,clear creek,temperature,min,14.002
37,2024,clear creek,UCC,USFWS,clear creek,temperature,max,16.511
37,2024,clear creek,UCC,USFWS,clear creek,temperature,mean,14.687
37,2024,clear creek,UCC,USFWS,clear creek,temperature,min,12.654
38,2024,clear creek,LCC,USFWS,clear creek,temperature,max,18.628
38,2024,clear creek,LCC,USFWS,clear creek,temperature,mean,15.850910714285714
38,2024,clear creek,LCC,USFWS,clear creek,temperature,min,13.738
38,2024,clear creek,UCC,USFWS,clear creek,temperature,max,15.963
38,2024,clear creek,UCC,USFWS,clear creek,temperature,mean,14.436065476190477
38,2024,clear creek,UCC,USFWS,clear creek,temperature,min,13.04
39,2024,clear creek,LCC,USFWS,clear creek,temperature,max,18.557
39,2024,clear creek,LCC,USFWS,clear creek,temperature,mean,15.543964285714287
39,2024,clear creek,LCC,USFWS,clear creek,temperature,min,13.04
39,2024,clear creek,UCC,USFWS,clear creek,temperature,max,16.034
39,2024,clear creek,UCC,USFWS,clear creek,temperature,mean,14.335520833333334
39,2024,clear creek,UCC,USFWS,clear creek,temperature,min,12.871
40,2024,clear creek,LCC,USFWS,clear creek,temperature,max,16.868
40,2024,clear creek,LCC,USFWS,clear creek,temperature,mean,14.69825
40,2024,clear creek,LCC,USFWS,clear creek,temperature,min,12.558
40,2024,clear creek,UCC,USFWS,clear creek,temperature,max,15.39
40,2024,clear creek,UCC,USFWS,clear creek,temperature,mean,13.849797619047619
40,2024,clear creek,UCC,USFWS,clear creek,temperature,min,12.509
41,2024,clear creek,LCC,USFWS,clear creek,temperature,max,16.415
41,2024,clear creek,LCC,USFWS,clear creek,temperature,mean,14.237607142857144
41,2024,clear creek,LCC,USFWS,clear creek,temperature,min,12.437
41,2024,clear creek,UCC,USFWS,clear creek,temperature,max,15.055
41,2024,clear creek,UCC,USFWS,clear creek,temperature,mean,13.555217261904762
41,2024,clear creek,UCC,USFWS,clear creek,temperature,min,12.413
42,2024,clear creek,LCC,USFWS,clear creek,temperature,max,16.01
42,2024,clear creek,LCC,USFWS,clear creek,temperature,mean,13.568916666666667
42,2024,clear creek,LCC,USFWS,clear creek,temperature,min,11.273
42,2024,clear creek,UCC,USFWS,clear creek,temperature,max,14.553
42,2024,clear creek,UCC,USFWS,clear creek,temperature,mean,13.050151785714286
42,2024,clear creek,UCC,USFWS,clear creek,temperature,min,11.516
43,2024,clear creek,LCC,USFWS,clear creek,temperature,max,14.314
43,2024,clear creek,LCC,USFWS,clear creek,temperature,mean,12.613443452380952
43,2024,clear creek,LCC,USFWS,clear creek,temperature,min,10.98
43,2024,clear creek,UCC,USFWS,clear creek,temperature,max,13.594
43,2024,clear creek,UCC,USFWS,clear creek,temperature,mean,12.32263392857143
43,2024,clear creek,UCC,USFWS,clear creek,temperature,min,11.151
44,2024,clear creek,LCC,USFWS,clear creek,temperature,max,13.112
44,2024,clear creek,LCC,USFWS,clear creek,temperature,mean,11.518681547619048
44,2024,clear creek,LCC,USFWS,clear creek,temperature,min,10.173
44,2024,clear creek,UCC,USFWS,clear creek,temperature,max,12.582
44,2024,clear creek,UCC,USFWS,clear creek,temperature,mean,11.386411719233148
44,2024,clear creek,UCC,USFWS,clear creek,temperature,min,10.492
45,2024,clear creek,LCC,USFWS,clear creek,temperature,max,12.703
45,2024,clear creek,LCC,USFWS,clear creek,temperature,mean,10.847782738095239
45,2024,clear creek,LCC,USFWS,clear creek,temperature,min,9.238
45,2024,clear creek,UCC,USFWS,clear creek,temperature,max,12.292
45,2024,clear creek,UCC,USFWS,clear creek,temperature,mean,10.856872023809524
45,2024,clear creek,UCC,USFWS,clear creek,temperature,min,9.706
46,2024,clear creek,LCC,USFWS,clear creek,temperature,max,12.268
46,2024,clear creek,LCC,USFWS,clear creek,temperature,mean,10.67946130952381
46,2024,clear creek,LCC,USFWS,clear creek,temperature,min,8.817
46,2024,clear creek,UCC,USFWS,clear creek,temperature,max,11.613
46,2024,clear creek,UCC,USFWS,clear creek,temperature,mean,10.712889880952382
46,2024,clear creek,UCC,USFWS,clear creek,temperature,min,9.583
47,2024,clear creek,LCC,USFWS,clear creek,temperature,max,11.734
47,2024,clear creek,LCC,USFWS,clear creek,temperature,mean,10.308916666666667
47,2024,clear creek,LCC,USFWS,clear creek,temperature,min,8.817
47,2024,clear creek,UCC,USFWS,clear creek,temperature,max,11.443
47,2024,clear creek,UCC,USFWS,clear creek,temperature,mean,10.406136904761905
47,2024,clear creek,UCC,USFWS,clear creek,temperature,min,9.485
48,2024,clear creek,LCC,USFWS,clear creek,temperature,max,11.443
48,2024,clear creek,LCC,USFWS,clear creek,temperature,mean,9.460205357142858
48,2024,clear creek,LCC,USFWS,clear creek,temperature,min,7.72
48,2024,clear creek,UCC,USFWS,clear creek,temperature,max,10.98
48,2024,clear creek,UCC,USFWS,clear creek,temperature,mean,9.626363095238096
48,2024,clear creek,UCC,USFWS,clear creek,temperature,min,8.369
49,2024,clear creek,LCC,USFWS,clear creek,temperature,max,10.59
49,2024,clear creek,LCC,USFWS,clear creek,temperature,mean,9.29825
49,2024,clear creek,LCC,USFWS,clear creek,temperature,min,8.145
49,2024,clear creek,UCC,USFWS,clear creek,temperature,max,10.345
49,2024,clear creek,UCC,USFWS,clear creek,temperature,mean,9.481267857142857
49,2024,clear creek,UCC,USFWS,clear creek,temperature,min,8.668
50,2024,clear creek,LCC,USFWS,clear creek,temperature,max,9.952
50,2024,clear creek,LCC,USFWS,clear creek,temperature,mean,8.902107142857144
50,2024,clear creek,LCC,USFWS,clear creek,temperature,min,7.091
50,2024,clear creek,UCC,USFWS,clear creek,temperature,max,10.198
50,2024,clear creek,UCC,USFWS,clear creek,temperature,mean,9.105752976190477
50,2024,clear creek,UCC,USFWS,clear creek,temperature,min,7.97
51,2024,clear creek,LCC,USFWS,clear creek,temperature,max,10.712
51,2024,clear creek,LCC,USFWS,clear creek,temperature,mean,9.772574404761905
51,2024,clear creek,LCC,USFWS,clear creek,temperature,min,9.089
51,2024,clear creek,UCC,USFWS,clear creek,temperature,max,10.565
51,2024,clear creek,UCC,USFWS,clear creek,temperature,mean,9.70632738095238
51,2024,clear creek,UCC,USFWS,clear creek,temperature,min,9.139
52,2024,clear creek,LCC,USFWS,clear creek,temperature,max,12.461
52,2024,clear creek,LCC,USFWS,clear creek,temperature,mean,10.802285714285714
52,2024,clear creek,LCC,USFWS,clear creek,temperature,min,9.139
52,2024,clear creek,UCC,USFWS,clear creek,temperature,max,12.316
52,2024,clear creek,UCC,USFWS,clear creek,temperature,mean,10.690035714285715
52,2024,clear creek,UCC,USFWS,clear creek,temperature,min,9.188
53,2024,clear creek,LCC,USFWS,clear creek,temperature,max,10.858
53,2024,clear creek,LCC,USFWS,clear creek,temperature,mean,9.703083333333334
53,2024,clear creek,LCC,USFWS,clear creek,temperature,min,8.792
53,2024,clear creek,UCC,USFWS,clear creek,temperature,max,10.541
53,2024,clear creek,UCC,USFWS,clear creek,temperature,mean,9.647124999999999
53,2024,clear creek,UCC,USFWS,clear creek,temperature,min,8.891
1,2025,clear creek,LCC,USFWS,clear creek,temperature,max,10.907
1,2025,clear creek,LCC,USFWS,clear creek,temperature,mean,9.9046875
1,2025,clear creek,LCC,USFWS,clear creek,temperature,min,8.941
1,2025,clear creek,UCC,USFWS,clear creek,temperature,max,10.516
1,2025,clear creek,UCC,USFWS,clear creek,temperature,mean,9.696288690476191
1,2025,clear creek,UCC,USFWS,clear creek,temperature,min,8.841
2,2025,clear creek,LCC,USFWS,clear creek,temperature,max,10.271
2,2025,clear creek,LCC,USFWS,clear creek,temperature,mean,8.953160714285714
2,2025,clear creek,LCC,USFWS,clear creek,temperature,min,7.619
2,2025,clear creek,UCC,USFWS,clear creek,temperature,max,10.001
2,2025,clear creek,UCC,USFWS,clear creek,temperature,mean,8.933749873353596
2,2025,clear creek,UCC,USFWS,clear creek,temperature,min,7.97
3,2025,clear creek,LCC,USFWS,clear creek,temperature,max,9.78
3,2025,clear creek,LCC,USFWS,clear creek,temperature,mean,7.995827380952381
3,2025,clear creek,LCC,USFWS,clear creek,temperature,min,6.408
3,2025,clear creek,UCC,USFWS,clear creek,temperature,max,9.632
3,2025,clear creek,UCC,USFWS,clear creek,temperature,mean,8.046961309523809
3,2025,clear creek,UCC,USFWS,clear creek,temperature,min,6.864
4,2025,clear creek,LCC,USFWS,clear creek,temperature,max,9.089
4,2025,clear creek,LCC,USFWS,clear creek,temperature,mean,7.6315148809523805
4,2025,clear creek,LCC,USFWS,clear creek,temperature,min,6.331
4,2025,clear creek,UCC,USFWS,clear creek,temperature,max,8.916
4,2025,clear creek,UCC,USFWS,clear creek,temperature,mean,7.683511904761905
4,2025,clear creek,UCC,USFWS,clear creek,temperature,min,6.788
5,2025,clear creek,LCC,USFWS,clear creek,temperature,max,10.712
5,2025,clear creek,LCC,USFWS,clear creek,temperature,mean,8.766901785714285
5,2025,clear creek,LCC,USFWS,clear creek,temperature,min,6.153
5,2025,clear creek,UCC,USFWS,clear creek,temperature,max,10.638
5,2025,clear creek,UCC,USFWS,clear creek,temperature,mean,8.699877976190477
5,2025,clear creek,UCC,USFWS,clear creek,temperature,min,6.611
6,2025,clear creek,LCC,USFWS,clear creek,temperature,max,9.756
6,2025,clear creek,LCC,USFWS,clear creek,temperature,mean,8.288255952380952
6,2025,clear creek,LCC,USFWS,clear creek,temperature,min,6.712
6,2025,clear creek,UCC,USFWS,clear creek,temperature,max,9.386
6,2025,clear creek,UCC,USFWS,clear creek,temperature,mean,8.246520833333333
6,2025,clear creek,UCC,USFWS,clear creek,temperature,min,6.788
7,2025,clear creek,LCC,USFWS,clear creek,temperature,max,9.706
7,2025,clear creek,LCC,USFWS,clear creek,temperature,mean,8.206821428571429
7,2025,clear creek,LCC,USFWS,clear creek,temperature,min,6.204
7,2025,clear creek,UCC,USFWS,clear creek,temperature,max,9.386
7,2025,clear creek,UCC,USFWS,clear creek,temperature,mean,7.990648809523809
7,2025,clear creek,UCC,USFWS,clear creek,temperature,min,6.433
8,2025,clear creek,LCC,USFWS,clear creek,temperature,max,10.173
8,2025,clear creek,LCC,USFWS,clear creek,temperature,mean,8.859297619047618
8,2025,clear creek,LCC,USFWS,clear creek,temperature,min,7.192
8,2025,clear creek,UCC,USFWS,clear creek,temperature,max,9.509
8,2025,clear creek,UCC,USFWS,clear creek,temperature,mean,8.37974107142857
8,2025,clear creek,UCC,USFWS,clear creek,temperature,min,7.242
9,2025,clear creek,LCC,USFWS,clear creek,temperature,max,11.248
9,2025,clear creek,LCC,USFWS,clear creek,temperature,mean,9.19995238095238
9,2025,clear creek,LCC,USFWS,clear creek,temperature,min,7.343
9,2025,clear creek,UCC,USFWS,clear creek,temperature,max,10.369
9,2025,clear creek,UCC,USFWS,clear creek,temperature,mean,8.660958333333333
9,2025,clear creek,UCC,USFWS,clear creek,temperature,min,7.368
10,2025,clear creek,LCC,USFWS,clear creek,temperature,max,11.029
10,2025,clear creek,LCC,USFWS,clear creek,temperature,mean,9.119166666666667
10,2025,clear creek,LCC,USFWS,clear creek,temperature,min,7.192
10,2025,clear creek,UCC,USFWS,clear creek,temperature,max,10.443
10,2025,clear creek,UCC,USFWS,clear creek,temperature,mean,8.625580357142857
10,2025,clear creek,UCC,USFWS,clear creek,temperature,min,7.293
11,2025,clear creek,LCC,USFWS,clear creek,temperature,max,10.834
11,2025,clear creek,LCC,USFWS,clear creek,temperature,mean,8.976455357142857
11,2025,clear creek,LCC,USFWS,clear creek,temperature,min,6.99
11,2025,clear creek,UCC,USFWS,clear creek,temperature,max,10.492
11,2025,clear creek,UCC,USFWS,clear creek,temperature,mean,8.669636904761905
11,2025,clear creek,UCC,USFWS,clear creek,temperature,min,7.293
12,2025,clear creek,LCC,USFWS,clear creek,temperature,max,13.882
12,2025,clear creek,LCC,USFWS,clear creek,temperature,mean,10.41238988095238
12,2025,clear creek,LCC,USFWS,clear creek,temperature,min,7.72
12,2025,clear creek,UCC,USFWS,clear creek,temperature,max,12.678
12,2025,clear creek,UCC,USFWS,clear creek,temperature,mean,9.7831875
12,2025,clear creek,UCC,USFWS,clear creek,temperature,min,7.72
13,2025,clear creek,LCC,USFWS,clear creek,temperature,max,13.401
13,2025,clear creek,LCC,USFWS,clear creek,temperature,mean,10.60925
13,2025,clear creek,LCC,USFWS,clear creek,temperature,min,8.419
13,2025,clear creek,UCC,USFWS,clear creek,temperature,max,12.098
13,2025,clear creek,UCC,USFWS,clear creek,temperature,mean,9.937958333333333
13,2025,clear creek,UCC,USFWS,clear creek,temperature,min,8.27
14,2025,clear creek,LCC,USFWS,clear creek,temperature,max,13.714
14,2025,clear creek,LCC,USFWS,clear creek,temperature,mean,11.161467261904761
14,2025,clear creek,LCC,USFWS,clear creek,temperature,min,8.245
14,2025,clear creek,UCC,USFWS,clear creek,temperature,max,12.727
14,2025,clear creek,UCC,USFWS,clear creek,temperature,mean,10.422776785714285
14,2025,clear creek,UCC,USFWS,clear creek,temperature,min,8.344
15,2025,clear creek,LCC,USFWS,clear creek,temperature,max,15.318
15,2025,clear creek,LCC,USFWS,clear creek,temperature,mean,12.28707973057644
15,2025,clear creek,LCC,USFWS,clear creek,temperature,min,9.903
15,2025,clear creek,UCC,USFWS,clear creek,temperature,max,13.858
15,2025,clear creek,UCC,USFWS,clear creek,temperature,mean,11.330934523809525
15,2025,clear creek,UCC,USFWS,clear creek,temperature,min,9.583
16,2025,clear creek,LCC,USFWS,clear creek,temperature,max,15.796
16,2025,clear creek,LCC,USFWS,clear creek,temperature,mean,12.953830357142857
16,2025,clear creek,LCC,USFWS,clear creek,temperature,min,9.903
16,2025,clear creek,UCC,USFWS,clear creek,temperature,max,14.026
16,2025,clear creek,UCC,USFWS,clear creek,temperature,mean,11.598300595238095
16,2025,clear creek,UCC,USFWS,clear creek,temperature,min,9.509
17,2025,clear creek,LCC,USFWS,clear creek,temperature,max,16.082
17,2025,clear creek,LCC,USFWS,clear creek,temperature,mean,12.492229166666666
17,2025,clear creek,LCC,USFWS,clear creek,temperature,min,10.075
17,2025,clear creek,UCC,USFWS,clear creek,temperature,max,14.074
17,2025,clear creek,UCC,USFWS,clear creek,temperature,mean,11.356830357142858
17,2025,clear creek,UCC,USFWS,clear creek,temperature,min,9.829
18,2025,clear creek,LCC,USFWS,clear creek,temperature,max,16.725
18,2025,clear creek,LCC,USFWS,clear creek,temperature,mean,13.8734375
18,2025,clear creek,LCC,USFWS,clear creek,temperature,min,10.81
18,2025,clear creek,UCC,USFWS,clear creek,temperature,max,14.673
18,2025,clear creek,UCC,USFWS,clear creek,temperature,mean,12.202035714285714
18,2025,clear creek,UCC,USFWS,clear creek,temperature,min,10.026
19,2025,clear creek,LCC,USFWS,clear creek,temperature,max,17.701
19,2025,clear creek,LCC,USFWS,clear creek,temperature,mean,14.156681547619048
19,2025,clear creek,LCC,USFWS,clear creek,temperature,min,10.834
19,2025,clear creek,UCC,USFWS,clear creek,temperature,max,15.414
19,2025,clear creek,UCC,USFWS,clear creek,temperature,mean,12.386017857142857
19,2025,clear creek,UCC,USFWS,clear creek,temperature,min,10.124
20,2025,clear creek,LCC,USFWS,clear creek,temperature,max,16.344
20,2025,clear creek,LCC,USFWS,clear creek,temperature,mean,12.736178571428571
20,2025,clear creek,LCC,USFWS,clear creek,temperature,min,10.614
20,2025,clear creek,UCC,USFWS,clear creek,temperature,max,14.098
20,2025,clear creek,UCC,USFWS,clear creek,temperature,mean,11.57516369047619
20,2025,clear creek,UCC,USFWS,clear creek,temperature,min,10.418
21,2025,clear creek,LCC,USFWS,clear creek,temperature,max,18.224
21,2025,clear creek,LCC,USFWS,clear creek,temperature,mean,14.448205357142857
21,2025,clear creek,LCC,USFWS,clear creek,temperature,min,10.956
21,2025,clear creek,UCC,USFWS,clear creek,temperature,max,15.867
21,2025,clear creek,UCC,USFWS,clear creek,temperature,mean,12.790919642857142
21,2025,clear creek,UCC,USFWS,clear creek,temperature,min,10.736
22,2025,clear creek,LCC,USFWS,clear creek,temperature,max,20.507
22,2025,clear creek,LCC,USFWS,clear creek,temperature,mean,16.94399107142857
22,2025,clear creek,LCC,USFWS,clear creek,temperature,min,13.449
22,2025,clear creek,UCC,USFWS,clear creek,temperature,max,17.034
22,2025,clear creek,UCC,USFWS,clear creek,temperature,mean,14.343315476190476
22,2025,clear creek,UCC,USFWS,clear creek,temperature,min,11.807
23,2025,clear creek,LCC,USFWS,clear creek,temperature,max,21.867
23,2025,clear creek,LCC,USFWS,clear creek,temperature,mean,18.198559523809525
23,2025,clear creek,LCC,USFWS,clear creek,temperature,min,14.745
23,2025,clear creek,UCC,USFWS,clear creek,temperature,max,17.843
23,2025,clear creek,UCC,USFWS,clear creek,temperature,mean,15.16128869047619
23,2025,clear creek,UCC,USFWS,clear creek,temperature,min,12.122
24,2025,clear creek,LCC,USFWS,clear creek,temperature,max,21.366
24,2025,clear creek,LCC,USFWS,clear creek,temperature,mean,15.023095238095237
24,2025,clear creek,LCC,USFWS,clear creek,temperature,min,11.589
24,2025,clear creek,UCC,USFWS,clear creek,temperature,max,17.011
24,2025,clear creek,UCC,USFWS,clear creek,temperature,mean,13.011791666666667
24,2025,clear creek,UCC,USFWS,clear creek,temperature,min,11.151
25,2025,clear creek,LCC,USFWS,clear creek,temperature,max,19.246
25,2025,clear creek,LCC,USFWS,clear creek,temperature,mean,14.895077380952381
25,2025,clear creek,LCC,USFWS,clear creek,temperature,min,11.832
25,2025,clear creek,UCC,USFWS,clear creek,temperature,max,16.82
25,2025,clear creek,UCC,USFWS,clear creek,temperature,mean,13.209354166666666
25,2025,clear creek,UCC,USFWS,clear creek,temperature,min,11.102
26,2025,clear creek,LCC,USFWS,clear creek,temperature,max,22.441
26,2025,clear creek,LCC,USFWS,clear creek,temperature,mean,18.646979166666668
26,2025,clear creek,LCC,USFWS,clear creek,temperature,min,14.026
26,2025,clear creek,UCC,USFWS,clear creek,temperature,max,18.057
26,2025,clear creek,UCC,USFWS,clear creek,temperature,mean,15.692023809523809
26,2025,clear creek,UCC,USFWS,clear creek,temperature,min,12.268
27,2025,clear creek,LCC,USFWS,clear creek,temperature,max,22.729
27,2025,clear creek,LCC,USFWS,clear creek,temperature,mean,18.76061011904762
27,2025,clear creek,LCC,USFWS,clear creek,temperature,min,15.7
27,2025,clear creek,UCC,USFWS,clear creek,temperature,max,18.105
27,2025,clear creek,UCC,USFWS,clear creek,temperature,mean,15.67896130952381
27,2025,clear creek,UCC,USFWS,clear creek,temperature,min,12.92
28,2025,clear creek,LCC,USFWS,clear creek,temperature,max,22.321
28,2025,clear creek,LCC,USFWS,clear creek,temperature,mean,19.15710119047619
28,2025,clear creek,LCC,USFWS,clear creek,temperature,min,16.32
28,2025,clear creek,UCC,USFWS,clear creek,temperature,max,17.819
28,2025,clear creek,UCC,USFWS,clear creek,temperature,mean,15.676086309523809
28,2025,clear creek,UCC,USFWS,clear creek,temperature,min,13.185
29,2025,clear creek,LCC,USFWS,clear creek,temperature,max,22.92
29,2025,clear creek,LCC,USFWS,clear creek,temperature,mean,19.28002083333333
29,2025,clear creek,LCC,USFWS,clear creek,temperature,min,16.487
29,2025,clear creek,UCC,USFWS,clear creek,temperature,max,17.225
29,2025,clear creek,UCC,USFWS,clear creek,temperature,mean,15.697806547619047
29,2025,clear creek,UCC,USFWS,clear creek,temperature,min,12.92
30,2025,clear creek,LCC,USFWS,clear creek,temperature,max,23.16
30,2025,clear creek,LCC,USFWS,clear creek,temperature,mean,19.52748511904762
30,2025,clear creek,LCC,USFWS,clear creek,temperature,min,16.129
30,2025,clear creek,UCC,USFWS,clear creek,temperature,max,17.32
30,2025,clear creek,UCC,USFWS,clear creek,temperature,mean,15.918925595238095
30,2025,clear creek,UCC,USFWS,clear creek,temperature,min,13.233
31,2025,clear creek,LCC,USFWS,clear creek,temperature,max,22.8
31,2025,clear creek,LCC,USFWS,clear creek,temperature,mean,19.40792857142857
31,2025,clear creek,LCC,USFWS,clear creek,temperature,min,16.296
31,2025,clear creek,UCC,USFWS,clear creek,temperature,max,17.249
31,2025,clear creek,UCC,USFWS,clear creek,temperature,mean,15.782721441236069
31,2025,clear creek,UCC,USFWS,clear creek,temperature,min,13.473
32,2025,clear creek,LCC,USFWS,clear creek,temperature,max,23.184
32,2025,clear creek,LCC,USFWS,clear creek,temperature,mean,19.44297619047619
32,2025,clear creek,LCC,USFWS,clear creek,temperature,min,16.153
32,2025,clear creek,UCC,USFWS,clear creek,temperature,max,17.558
32,2025,clear creek,UCC,USFWS,clear creek,temperature,mean,15.873214285714285
32,2025,clear creek,UCC,USFWS,clear creek,temperature,min,13.449
33,2025,clear creek,LCC,USFWS,clear creek,temperature,max,22.992
33,2025,clear creek,LCC,USFWS,clear creek,temperature,mean,19.498848214285715
33,2025,clear creek,LCC,USFWS,clear creek,temperature,min,15.676
33,2025,clear creek,UCC,USFWS,clear creek,temperature,max,17.439
33,2025,clear creek,UCC,USFWS,clear creek,temperature,mean,15.97445238095238
33,2025,clear creek,UCC,USFWS,clear creek,temperature,min,13.401
34,2025,clear creek,LCC,USFWS,clear creek,temperature,max,22.729
34,2025,clear creek,LCC,USFWS,clear creek,temperature,mean,19.17763988095238
34,2025,clear creek,LCC,USFWS,clear creek,temperature,min,15.724
34,2025,clear creek,UCC,USFWS,clear creek,temperature,max,17.249
34,2025,clear creek,UCC,USFWS,clear creek,temperature,mean,15.848821428571428
34,2025,clear creek,UCC,USFWS,clear creek,temperature,min,13.69
35,2025,clear creek,LCC,USFWS,clear creek,temperature,max,22.202
35,2025,clear creek,LCC,USFWS,clear creek,temperature,mean,18.427184523809522
35,2025,clear creek,LCC,USFWS,clear creek,temperature,min,15.533
35,2025,clear creek,UCC,USFWS,clear creek,temperature,max,17.034
35,2025,clear creek,UCC,USFWS,clear creek,temperature,mean,15.424133928571429
35,2025,clear creek,UCC,USFWS,clear creek,temperature,min,13.401
36,2025,clear creek,LCC,USFWS,clear creek,temperature,max,21.175
36,2025,clear creek,LCC,USFWS,clear creek,temperature,mean,17.587693452380954
36,2025,clear creek,LCC,USFWS,clear creek,temperature,min,14.912
36,2025,clear creek,UCC,USFWS,clear creek,temperature,max,16.796
36,2025,clear creek,UCC,USFWS,clear creek,temperature,mean,15.088122023809523
36,2025,clear creek,UCC,USFWS,clear creek,temperature,min,12.968
37,2025,clear creek,LCC,USFWS,clear creek,temperature,max,19.532
37,2025,clear creek,LCC,USFWS,clear creek,temperature,mean,16.71903869047619
37,2025,clear creek,LCC,USFWS,clear creek,temperature,min,14.074
37,2025,clear creek,UCC,USFWS,clear creek,temperature,max,16.439
37,2025,clear creek,UCC,USFWS,clear creek,temperature,mean,14.760559523809524
37,2025,clear creek,UCC,USFWS,clear creek,temperature,min,12.63
38,2025,clear creek,LCC,USFWS,clear creek,temperature,max,18.485
38,2025,clear creek,LCC,USFWS,clear creek,temperature,mean,15.648943452380951
38,2025,clear creek,LCC,USFWS,clear creek,temperature,min,13.497
38,2025,clear creek,UCC,USFWS,clear creek,temperature,max,15.796
38,2025,clear creek,UCC,USFWS,clear creek,temperature,mean,14.130244047619048
38,2025,clear creek,UCC,USFWS,clear creek,temperature,min,12.703
39,2025,clear creek,LCC,USFWS,clear creek,temperature,max,17.32
39,2025,clear creek,LCC,USFWS,clear creek,temperature,mean,14.692119047619048
39,2025,clear creek,LCC,USFWS,clear creek,temperature,min,12.896
39,2025,clear creek,UCC,USFWS,clear creek,temperature,max,15.342
39,2025,clear creek,UCC,USFWS,clear creek,temperature,mean,13.511160714285714
39,2025,clear creek,UCC,USFWS,clear creek,temperature,min,12.364
40,2025,clear creek,LCC,USFWS,clear creek,temperature,max,16.106
40,2025,clear creek,LCC,USFWS,clear creek,temperature,mean,13.880708333333333
40,2025,clear creek,LCC,USFWS,clear creek,temperature,min,11.856
40,2025,clear creek,UCC,USFWS,clear creek,temperature,max,14.505
40,2025,clear creek,UCC,USFWS,clear creek,temperature,mean,13.013372023809524
40,2025,clear creek,UCC,USFWS,clear creek,temperature,min,11.662
41,2025,clear creek,LCC,USFWS,clear creek,temperature,max,15.079
41,2025,clear creek,LCC,USFWS,clear creek,temperature,mean,12.727720238095237
41,2025,clear creek,LCC,USFWS,clear creek,temperature,min,10.956
41,2025,clear creek,UCC,USFWS,clear creek,temperature,max,13.858
41,2025,clear creek,UCC,USFWS,clear creek,temperature,mean,12.1288125
41,2025,clear creek,UCC,USFWS,clear creek,temperature,min,11.005
42,2025,clear creek,LCC,USFWS,clear creek,temperature,max,14.002
42,2025,clear creek,LCC,USFWS,clear creek,temperature,mean,12.287479166666667
42,2025,clear creek,LCC,USFWS,clear creek,temperature,min,10.516
42,2025,clear creek,UCC,USFWS,clear creek,temperature,max,12.968
42,2025,clear creek,UCC,USFWS,clear creek,temperature,mean,11.697392857142857
42,2025,clear creek,UCC,USFWS,clear creek,temperature,min,10.516
43,2025,clear creek,LCC,USFWS,clear creek,temperature,max,13.497
43,2025,clear creek,LCC,USFWS,clear creek,temperature,mean,11.866333333333333
43,2025,clear creek,LCC,USFWS,clear creek,temperature,min,10.345
43,2025,clear creek,UCC,USFWS,clear creek,temperature,max,12.727
43,2025,clear creek,UCC,USFWS,clear creek,temperature,mean,11.455934523809525
43,2025,clear creek,UCC,USFWS,clear creek,temperature,min,10.443
44,2025,clear creek,LCC,USFWS,clear creek,temperature,max,13.618
44,2025,clear creek,LCC,USFWS,clear creek,temperature,mean,12.152785714285715
44,2025,clear creek,LCC,USFWS,clear creek,temperature,min,10.834
44,2025,clear creek,UCC,USFWS,clear creek,temperature,max,12.871
44,2025,clear creek,UCC,USFWS,clear creek,temperature,mean,11.708220238095238
44,2025,clear creek,UCC,USFWS,clear creek,temperature,min,10.907
45,2025,clear creek,LCC,USFWS,clear creek,temperature,max,13.594
45,2025,clear creek,LCC,USFWS,clear creek,temperature,mean,12.248092261904763
45,2025,clear creek,LCC,USFWS,clear creek,temperature,min,10.883
45,2025,clear creek,UCC,USFWS,clear creek,temperature,max,12.558
45,2025,clear creek,UCC,USFWS,clear creek,temperature,mean,11.832386904761904
45,2025,clear creek,UCC,USFWS,clear creek,temperature,min,10.956
46,2025,clear creek,LCC,USFWS,clear creek,temperature,max,13.401
46,2025,clear creek,LCC,USFWS,clear creek,temperature,mean,12.156693452380953
46,2025,clear creek,LCC,USFWS,clear creek,temperature,min,10.883
46,2025,clear creek,UCC,USFWS,clear creek,temperature,max,12.703
46,2025,clear creek,UCC,USFWS,clear creek,temperature,mean,11.885931547619048
46,2025,clear creek,UCC,USFWS,clear creek,temperature,min,10.858
47,2025,clear creek,LCC,USFWS,clear creek,temperature,max,12.703
47,2025,clear creek,LCC,USFWS,clear creek,temperature,mean,11.196592261904762
47,2025,clear creek,LCC,USFWS,clear creek,temperature,min,9.534
47,2025,clear creek,UCC,USFWS,clear creek,temperature,max,12.074
47,2025,clear creek,UCC,USFWS,clear creek,temperature,mean,11.207074404761904
47,2025,clear creek,UCC,USFWS,clear creek,temperature,min,10.198
48,2025,clear creek,LCC,USFWS,clear creek,temperature,max,11.102
48,2025,clear creek,LCC,USFWS,clear creek,temperature,mean,10.380696428571428
48,2025,clear creek,LCC,USFWS,clear creek,temperature,min,9.509
48,2025,clear creek,UCC,USFWS,clear creek,temperature,max,11.54
48,2025,clear creek,UCC,USFWS,clear creek,temperature,mean,10.718270833333333
48,2025,clear creek,UCC,USFWS,clear creek,temperature,min,9.977
49,2025,clear creek,LCC,USFWS,clear creek,temperature,max,11.686
49,2025,clear creek,LCC,USFWS,clear creek,temperature,mean,10.793488095238095
49,2025,clear creek,LCC,USFWS,clear creek,temperature,min,9.78
49,2025,clear creek,UCC,USFWS,clear creek,temperature,max,11.88
49,2025,clear creek,UCC,USFWS,clear creek,temperature,mean,11.102324404761905
49,2025,clear creek,UCC,USFWS,clear creek,temperature,min,10.32
50,2025,clear creek,LCC,USFWS,clear creek,temperature,max,11.224
50,2025,clear creek,LCC,USFWS,clear creek,temperature,mean,10.347464285714285
50,2025,clear creek,LCC,USFWS,clear creek,temperature,min,9.386
50,2025,clear creek,UCC,USFWS,clear creek,temperature,max,11.832
50,2025,clear creek,UCC,USFWS,clear creek,temperature,mean,10.735267857142857
50,2025,clear creek,UCC,USFWS,clear creek,temperature,min,9.731
51,2025,clear creek,LCC,USFWS,clear creek,temperature,max,12.992
51,2025,clear creek,LCC,USFWS,clear creek,temperature,mean,11.621020833333334
51,2025,clear creek,LCC,USFWS,clear creek,temperature,min,10.516
51,2025,clear creek,UCC,USFWS,clear creek,temperature,max,12.751
51,2025,clear creek,UCC,USFWS,clear creek,temperature,mean,11.416705357142858
51,2025,clear creek,UCC,USFWS,clear creek,temperature,min,10.418
52,2025,clear creek,LCC,USFWS,clear creek,temperature,max,12.896
52,2025,clear creek,LCC,USFWS,clear creek,temperature,mean,10.838994047619048
52,2025,clear creek,LCC,USFWS,clear creek,temperature,min,9.213
52,2025,clear creek,UCC,USFWS,clear creek,temperature,max,12.534
52,2025,clear creek,UCC,USFWS,clear creek,temperature,mean,10.735220238095238
52,2025,clear creek,UCC,USFWS,clear creek,temperature,min,9.336
53,2025,clear creek,LCC,USFWS,clear creek,temperature,max,10.663
53,2025,clear creek,LCC,USFWS,clear creek,temperature,mean,9.9906875
53,2025,clear creek,LCC,USFWS,clear creek,temperature,min,9.361
53,2025,clear creek,UCC,USFWS,clear creek,temperature,max,10.736
53,2025,clear creek,UCC,USFWS,clear creek,temperature,mean,10.055770833333334
53,2025,clear creek,UCC,USFWS,clear creek,temperature,min,9.558
