year,week,stream,site,count,mean_fork_length,hours_fished,flow_cfs,log_flow_cfs,run_year,log_standardized_flow
1998,45,clear creek,lcc,NA,NA,NA,229.85714285714286,5.43745799793707,1999,-0.798489353917809
1998,46,clear creek,lcc,NA,NA,NA,215.20684523809524,5.371599636508951,1999,-0.9959728350290389
1998,47,clear creek,lcc,NA,NA,NA,325.0014880952381,5.783829761073834,1999,0.24014416291422733
1998,48,clear creek,lcc,NA,NA,NA,394.31249999999994,5.9771437421310285,1999,0.8198172233852598
1998,49,clear creek,lcc,2,31.5,72,349.76339285714283,5.857256905470466,1999,0.4603234654213291
1998,50,clear creek,lcc,21,41.857142857142854,168,239.27232142857142,5.477602323488212,1999,-0.6781122144811575
1998,51,clear creek,lcc,78,32.65909090909091,168,226.01190476190476,5.420587673822589,1999,-0.8490768611280926
1998,52,clear creek,lcc,80,34.03448275862069,168,221.09375,5.398586819711712,1999,-0.9150488222127683
1998,53,clear creek,lcc,0,NA,24,219,5.389071729816501,1999,-0.9435808572474301
1999,1,clear creek,lcc,673,35.267857142857146,168,217.17410714285714,5.380699368903999,1999,-0.9686862947692112
1999,2,clear creek,lcc,1301,35.27777777777778,168,216,5.375278407684165,1999,-0.9849416383496942
1999,3,clear creek,lcc,34896,37.492063492063494,168,281.7098214285714,5.640877539125721,1999,-0.18851366899540756
1999,4,clear creek,lcc,4656,36.42424242424242,168,404.2738095238095,6.0020923947408775,1999,0.8946284798390856
1999,5,clear creek,lcc,17907,37.1044776119403,168,253.93005952380955,5.537058872895582,1999,-0.4998252650761898
1999,6,clear creek,lcc,60885,36.813559322033896,168,650.014880952381,6.476995256400518,1999,2.3186765168160264
1999,7,clear creek,lcc,43119,38.258823529411764,168,395.4360119047619,5.979988983738364,1999,0.8283489907270942
1999,8,clear creek,lcc,72941,37.60674157303371,168,477.52665906788246,6.168619988870974,1999,1.393979637030923
1999,9,clear creek,lcc,80419,37.013888888888886,168,393.1815476190476,5.974271458430846,1999,0.8112043673780513
1999,10,clear creek,lcc,108373,37.83695652173913,168,349.797619047619,5.857354755950756,1999,0.46061688076080975
1999,11,clear creek,lcc,47102,39.25196850393701,168,313.7738095238095,5.748672374495203,1999,0.13472090400276385
1999,12,clear creek,lcc,57111,38.77570093457944,168,465.1458333333333,6.142350976490546,1999,1.3152091377693662
1999,13,clear creek,lcc,53628,45.18652849740933,168,420.36904761904765,6.041133010267166,1999,1.0116960243644915
1999,14,clear creek,lcc,21126,45.67372881355932,168,312.9452639751553,5.746028299768916,1999,0.12679235749868467
1999,15,clear creek,lcc,23199,44.86036036036036,168,393.82291666666663,5.975901358180368,1999,0.816091799579797
1999,16,clear creek,lcc,15093,49.070038910505836,168,306.4732142857143,5.725130359341077,1999,0.06412760340744869
1999,17,clear creek,lcc,16605,53.65633802816902,168,272.48214285714283,5.607573081156587,1999,-0.2883807193386773
1999,18,clear creek,lcc,13773,56.18208955223881,168,259.6190476190476,5.559215355093,1999,-0.43338663619683454
1999,19,clear creek,lcc,16887,54.8551912568306,168,246.72321428571428,5.508267118361251,1999,-0.5861604818875827
1999,20,clear creek,lcc,18280,55.51111111111111,168,237.98214285714286,5.4721956408445775,1999,-0.6943247421932847
1999,21,clear creek,lcc,24801,54.762443438914026,168,229.37946428571428,5.435377681445439,1999,-0.804727409855913
1999,22,clear creek,lcc,10571,55.55045871559633,168,209.8779761904762,5.346526296073698,1999,-1.0711579815293075
1999,23,clear creek,lcc,5756,56.016949152542374,168,171.44642857142858,5.144270847962475,1999,-1.6776430063702428
1999,24,clear creek,lcc,3728,55.741279069767444,168,165.62946428571428,5.109753150555127,1999,-1.781148087519084
1999,25,clear creek,lcc,2125,54.85843373493976,168,160.67708333333331,5.079396657305752,1999,-1.8721753440620401
1999,26,clear creek,lcc,832,58.40894568690096,168,157.2380952380952,5.05776118675665,1999,-1.9370516626777026
1999,27,clear creek,lcc,1460,61.578125,168,152.67113095238093,5.028286137064699,1999,-2.0254358145586484
1999,28,clear creek,lcc,478,64.17703349282297,168,150.25,5.012300573415317,1999,-2.0733702709974207
1999,29,clear creek,lcc,178,66.16101694915254,168,149.29464285714286,5.005921822167575,1999,-2.0924976524601613
1999,30,clear creek,lcc,105,70.12676056338029,168,148.98065476190476,5.0038164637036004,1999,-2.0988107994841187
1999,31,clear creek,lcc,99,70.69565217391305,168,148.12202380952382,4.998036419262385,1999,-2.1161428932756525
1999,32,clear creek,lcc,31,64.79310344827586,168,149.98363095238093,5.010526161157346,1999,-2.078691039720357
1999,33,clear creek,lcc,25,67.52,168,152.78720238095235,5.029046119173494,1999,-2.023156925300357
1999,34,clear creek,lcc,28,69.07407407407408,168,152.2261904761905,5.025367509967855,1999,-2.0341876362962634
1999,35,clear creek,lcc,34,68.875,168,152.26785714285714,5.0256411880069,1999,-2.033366982841146
1999,36,clear creek,lcc,24,67.5,168,166.70089285714286,5.116201145814047,1999,-1.7618130703351216
1999,37,clear creek,lcc,59,75.92592592592592,168,246.09672619047618,5.505724654547358,1999,-0.5937843369862976
1999,38,clear creek,lcc,28,76.03703703703704,168,251.97916666666666,5.529346412136237,1999,-0.5229519200014203
1999,39,clear creek,lcc,44,86.66666666666667,168,252,5.529429087511423,1999,-0.5227040088700162
1999,40,clear creek,lcc,11,76.4,168,207.24851190476193,5.333918613795475,1999,-1.1089634921897176
1999,41,clear creek,lcc,13,78.25,168,201.0625,5.303615804999245,1999,-1.1998297700435787
1999,42,clear creek,lcc,15,97.93333333333334,168,201.55357142857142,5.306055209220477,1999,-1.1925149503760382
1999,43,clear creek,lcc,17,99.6923076923077,168,203.80059523809524,5.317142041481588,1999,-1.1592698743987042
1999,44,clear creek,lcc,33,98.3,168,200.884909733124,5.302732155675321,1999,-1.202479488937063
1999,45,clear creek,lcc,108,76.47619047619048,168,208.93154761904765,5.342006674963484,2000,-1.0847105584655414
1999,46,clear creek,lcc,249,81.09022556390977,168,214.57738095238096,5.368670423674056,2000,-1.0047563992569801
1999,47,clear creek,lcc,734,75.58447488584476,168,230.3110119047619,5.439430621162291,2000,-0.7925742279870993
1999,48,clear creek,lcc,2468,64.5530303030303,168,224.88095238095238,5.415571161652242,2000,-0.8641194201130792
1999,49,clear creek,lcc,3318,45.82113821138211,168,214.9717261904762,5.37050651338917,2000,-0.9992506839505177
1999,50,clear creek,lcc,5798,41.41129032258065,168,212.39136904761907,5.358430653173119,2000,-1.0354614681420007
1999,51,clear creek,lcc,6510,44.9264705882353,168,208.95535714285714,5.342120626961329,2000,-1.0843688609691873
1999,52,clear creek,lcc,10576,36.70652173913044,168,208,5.337538079701318,2000,-1.0981101288300859
1999,53,clear creek,lcc,3221,37,24,208,5.337538079701318,2000,-1.0981101288300859
2000,1,clear creek,lcc,19548,40.76068376068376,168,208.08035714285714,5.337924337511747,2000,-1.0969518926493522
2000,2,clear creek,lcc,23424,42.11842105263158,168,226.8110119047619,5.424117124046886,2000,-0.8384934196092234
2000,3,clear creek,lcc,134385,39.25242718446602,168,332.4761904761905,5.8065682499415585,2000,0.30832800228454477
2000,4,clear creek,lcc,104616,37.49425287356322,144,324.1666666666667,5.781257786824492,2000,0.23243181755557593
2000,5,clear creek,lcc,63027,36.84285714285714,144,288.3125,5.664044961318039,2000,-0.11904362625973801
2000,6,clear creek,lcc,53673,38.23888888888889,168,411.23660714285717,6.019168735331315,2000,0.9458337499264865
2000,7,clear creek,lcc,28505,40.58549222797927,168,891.8586309523808,6.793307634540465,2000,3.2671736886114005
2000,8,clear creek,lcc,19772,40.98235294117647,168,522.9732142857143,6.2595302472384775,2000,1.666583963980827
2000,9,clear creek,lcc,5937,43.075,168,883.3616071428571,6.783734637886163,2000,3.2384680138426614
2000,10,clear creek,lcc,7859,42.79859484777518,168,598.1607142857143,6.393859470829161,2000,2.0693847946484825
2000,11,clear creek,lcc,11943,41.71238938053097,144,434.4077380952381,6.073983581755818,2000,1.1102020465823839
2000,12,clear creek,lcc,3181,44.0625,168,274.83035714285717,5.6161540241990116,2000,-0.26264982554647737
2000,13,clear creek,lcc,3647,45.924324324324324,168,269.6830357142857,5.597247327589999,2000,-0.31934361782579024
2000,14,clear creek,lcc,3704,47.16372795969773,168,254.17717831813576,5.538031576275523,2000,-0.4969085078809921
2000,15,clear creek,lcc,3649,51.24197002141327,168,246.47619047619045,5.507265398457314,2000,-0.5891642482953423
2000,16,clear creek,lcc,3406,51.680672268907564,168,357.16666666666663,5.878202526245522,2000,0.5231311942350555
2000,17,clear creek,lcc,2232,55.41796200345423,168,271.13690476190476,5.602623876940679,2000,-0.30322144807977525
2000,18,clear creek,lcc,3668,54.869565217391305,168,250.95386904761907,5.525269133585676,2000,-0.535178084518188
2000,19,clear creek,lcc,1226,57.86509635974304,168,245.02678571428572,5.501367534014763,2000,-0.6068496382136483
2000,20,clear creek,lcc,881,57.54830917874396,168,256.19345238095235,5.545932832465301,2000,-0.4732157292622572
2000,21,clear creek,lcc,3119,57.625192012288785,168,138.625,4.931772445670531,2000,-2.314842646707335
2000,22,clear creek,lcc,1422,56.19285714285714,168,117.56398809523809,4.7669827648885335,2000,-2.808982481139088
2000,23,clear creek,lcc,440,59.3125,168,115.30357142857142,4.747568401891318,2000,-2.867198566463832
2000,24,clear creek,lcc,261,62.3494623655914,168,113.74107142857142,4.733924561814693,2000,-2.908111109315322
2000,25,clear creek,lcc,132,63.114285714285714,168,109.94940476190477,4.700020303269925,2000,-3.0097767271157845
2000,26,clear creek,lcc,142,62.20909090909091,168,86.35072055137844,4.458417149101919,2000,-3.7342501409377618
2000,27,clear creek,lcc,97,64.03896103896103,168,58.08630952380952,4.061929999667997,2000,-4.923160110578281
2000,28,clear creek,lcc,35,64.7,168,58.55357142857143,4.069942086109499,2000,-4.899134995359482
2000,29,clear creek,lcc,3,68.66666666666667,168,58,4.060443010546419,2000,-4.927619009672275
2000,30,clear creek,lcc,2,75.5,168,57.839285714285715,4.05766822843618,2000,-4.935939496525768
2000,31,clear creek,lcc,0,NA,168,56.05357142857144,4.026307866106804,2000,-5.02997696401536
2000,32,clear creek,lcc,0,NA,96,55.16369047619048,4.010304955621629,2000,-5.077963436833595
2000,33,clear creek,lcc,0,NA,96,54.53571428571429,3.9988557950434287,2000,-5.112294993795457
2000,34,clear creek,lcc,0,NA,96,53.450892857142854,3.9787633418618036,2000,-5.172544406509779
2000,35,clear creek,lcc,0,NA,168,54.177083333333336,3.992258002305236,2000,-5.132079195062152
2000,36,clear creek,lcc,0,NA,168,56.43005952380952,4.033001986806108,2000,-5.00990391284903
2000,37,clear creek,lcc,0,NA,168,54.25595238095237,3.9937127077095043,2000,-5.127717102216284
2000,38,clear creek,lcc,0,NA,168,54.18452380952381,3.9923953291020298,2000,-5.1316674056812355
2000,39,clear creek,lcc,0,NA,168,57.09523809523811,4.0447207173040916,2000,-4.974764021075805
2000,40,clear creek,lcc,0,NA,168,121.64880952380952,4.801138283105277,2000,-2.7065634338027444
2000,41,clear creek,lcc,0,NA,168,133.47767857142858,4.893934262148394,2000,-2.4283045676971686
2000,42,clear creek,lcc,0,NA,168,132.07142857142858,4.883342901771866,2000,-2.4600639171784535
2000,43,clear creek,lcc,1,125,168,133.4936755952381,4.8940541028996885,2000,-2.4279452121312035
2000,44,clear creek,lcc,0,NA,168,119.4453933747412,4.782859307726703,2000,-2.7613749354956183
2000,45,clear creek,lcc,0,NA,168,106.91369047619048,4.672021877896378,2001,-3.0937330598957304
2000,46,clear creek,lcc,3,110.33333333333333,168,95.20386904761904,4.556020582227989,2001,-3.441575599328021
2000,47,clear creek,lcc,2,64,168,142.83380149812734,4.961681727064194,2001,-2.22515640369926
2000,48,clear creek,lcc,22,46.5,168,170.89285714285714,5.141036793711851,2001,-1.6873406708378436
2000,49,clear creek,lcc,26,33.15384615384615,168,169.75595238095235,5.134361831396643,2001,-1.7073562734995065
2000,50,clear creek,lcc,416,35.425,168,185.08333333333334,5.2208061741064276,2001,-1.4481434818279
2000,51,clear creek,lcc,147,29.5,168,166.4613095238095,5.114762907184815,2001,-1.7661257857597137
2000,52,clear creek,lcc,300,35.44186046511628,168,161.4761904761905,5.0843577044022155,2001,-1.8572991031516786
2000,53,clear creek,lcc,588,34.77777777777778,48,159,5.0689042022202315,2001,-1.9036381152388389
2001,1,clear creek,lcc,2212,34.626666666666665,168,158.0818452380952,5.063112906743268,2001,-1.9210039464884168
2001,2,clear creek,lcc,16542,36.71212121212121,168,196.80208333333331,5.282198570605481,2001,-1.2640516837404738
2001,3,clear creek,lcc,3770,35.83720930232558,168,156.86904761904765,5.055411365701938,2001,-1.9440978574479666
2001,4,clear creek,lcc,136916,36.68571428571428,168,251.44047619047618,5.527206286340829,2001,-0.5293693206613858
2001,5,clear creek,lcc,18791,36.69565217391305,168,173.72767857142858,5.157489007538449,2001,-1.638006912936668
2001,6,clear creek,lcc,11837,37.19512195121951,168,201.58035714285717,5.306188096642878,2001,-1.192116472943521
2001,7,clear creek,lcc,31134,37.583333333333336,168,229.6160339834909,5.436408496429971,2001,-0.8016363986750584
2001,8,clear creek,lcc,17133,37.608695652173914,168,557.5505952380952,6.323553253006703,2001,1.8585639309302517
2001,9,clear creek,lcc,19158,38,168,322.1517857142857,5.775022818683632,2001,0.2137355854238587
2001,10,clear creek,lcc,27198,38.54716981132076,168,404.79464285714283,6.003379883837125,2001,0.8984891563440305
2001,11,clear creek,lcc,5808,39.5,168,158.41369047619045,5.065209905419417,2001,-1.9147158672002083
2001,12,clear creek,lcc,1755,40.15942028985507,168,180.01041666666666,5.193014719586156,2001,-1.5314791899262248
2001,13,clear creek,lcc,2942,41.69444444444444,168,167.82291666666666,5.1229093560231505,2001,-1.7416977702366596
2001,14,clear creek,lcc,8361,44.30357142857143,168,170.82589285714286,5.140644867388982,2001,-1.6885159046714957
2001,15,clear creek,lcc,831,51.099415204678365,168,163.53869047619045,5.0970496013408235,2001,-1.8192410656452804
2001,16,clear creek,lcc,3384,51.8,168,172.4032738095238,5.149836347663699,2001,-1.6609542483858695
2001,17,clear creek,lcc,6492,52.60952380952381,168,164.75,5.104429173382616,2001,-1.7971126138538556
2001,18,clear creek,lcc,6163,53.78902953586498,168,154.59821428571428,5.040829585541427,2001,-1.9878229159591687
2001,19,clear creek,lcc,7780,53.97211155378486,168,148.61458333333334,5.0013562656469785,2001,-2.1061879717354364
2001,20,clear creek,lcc,5258,53.97787610619469,168,146.85863095238096,4.9894704298526875,2001,-2.1418289469688543
2001,21,clear creek,lcc,2826,53.15183246073298,168,141.3125,4.950973750038188,2001,-2.2572654409255013
2001,22,clear creek,lcc,766,53.70165745856354,168,140.5669642857143,4.945683989362559,2001,-2.273127365361759
2001,23,clear creek,lcc,1102,58.25268817204301,168,139.68749999999997,4.939407784807888,2001,-2.291947249378693
2001,24,clear creek,lcc,918,62.467592592592595,168,138.90178571428572,4.933767105792027,2001,-2.30886144073918
2001,25,clear creek,lcc,751,61.486338797814206,168,136.29166666666666,4.914797197190438,2001,-2.3657447810739143
2001,26,clear creek,lcc,1731,66.53439153439153,168,145.28273809523807,4.978681761696567,2001,-2.1741799453511925
2001,27,clear creek,lcc,98,61.54545454545455,168,134.14732142857144,4.898938609684377,2001,-2.4132984856953428
2001,28,clear creek,lcc,132,63.25301204819277,168,75.07291666666667,4.318459863456605,2001,-4.153927329631292
2001,29,clear creek,lcc,78,62.3125,168,74.69642857142857,4.313432280707049,2001,-4.169003084955704
2001,30,clear creek,lcc,51,65.52272727272727,168,75.44047619047619,4.323343950480203,2001,-4.139281861894851
2001,31,clear creek,lcc,38,62.4375,168,74.06398809523809,4.304929423552756,2001,-4.194499829694094
2001,32,clear creek,lcc,18,68,168,73.08333333333333,4.291600342584183,2001,-4.23446853302359
2001,33,clear creek,lcc,8,74.83333333333333,168,72.79166666666667,4.287601479786111,2001,-4.246459559352289
2001,34,clear creek,lcc,2,69.5,168,72.83928571428571,4.288255448582409,2001,-4.244498562576321
2001,35,clear creek,lcc,0,NA,168,75.73214285714286,4.327202678739441,2001,-4.12771104426787
2001,36,clear creek,lcc,0,NA,168,88.39285714285714,4.4817911648275865,2001,-3.664160604955432
2001,37,clear creek,lcc,1,94,168,110.22172619047619,4.7024940296505084,2001,-3.002358988709288
2001,38,clear creek,lcc,1,74,168,121,4.795790545596741,2001,-2.722599208097059
2001,39,clear creek,lcc,1,115,144,129.55505952380955,4.864105960848438,2001,-2.517747983060294
2001,40,clear creek,lcc,2,85.5,168,138.0029761904762,4.927275251522302,2001,-2.3283279739515392
2001,41,clear creek,lcc,1,76,168,176.1889880952381,5.1715572149272795,2001,-1.5958218584060706
2001,42,clear creek,lcc,1,77,168,187.11309523809524,5.231713221413902,2001,-1.4154375106464587
2001,43,clear creek,lcc,2,98.5,168,194.71577380952382,5.271540925067384,2001,-1.2960097965096493
2001,44,clear creek,lcc,0,NA,144,200.49553571428572,5.300791980734577,2001,-1.2082973151470435
2001,45,clear creek,lcc,2,93.5,168,198.18154761904762,5.289183517758843,2002,-1.243106557725921
2001,46,clear creek,lcc,14,34.75,144,244.41666666666666,5.498874419189451,2002,-0.6143255149867146
2001,47,clear creek,lcc,105,47.19298245614035,168,297.9330357142857,5.696868748885628,2002,-0.02061791855096046
2001,48,clear creek,lcc,75,41.09756097560975,168,473.00892857142856,6.159114264786139,2002,1.3654756864003732
2001,49,clear creek,lcc,1181,35.76086956521739,168,427.5684523809524,6.058114398087115,2002,1.0626165682113586
2001,50,clear creek,lcc,1537,34.6063829787234,168,321.7559523809524,5.773793346323613,2002,0.21004887843143527
2001,51,clear creek,lcc,1942,36.30357142857143,168,580.4985119047618,6.363887237663104,2002,1.9795097838835898
2001,52,clear creek,lcc,2231,35.47222222222222,168,401.61309523809524,5.995489175510481,2002,0.8748280066435502
2001,53,clear creek,lcc,1822,35.5,24,636.03125,6.455247697353153,2002,2.25346408861079
2002,1,clear creek,lcc,23697,35.37078651685393,168,982.6503232758621,6.890253332829671,2002,3.557875940561707
2002,2,clear creek,lcc,17679,36.10752688172043,168,383.29315476190476,5.948800113531254,2002,0.7348257610738789
2002,3,clear creek,lcc,32665,37.62376237623762,168,289.06398809523813,5.6666480756986415,2002,-0.11123790382048238
2002,4,clear creek,lcc,73332,36.858695652173914,168,266.17857142857144,5.5841674047064895,2002,-0.35856519345702076
2002,5,clear creek,lcc,48239,37.41237113402062,168,252.93787202380955,5.533143893448186,2002,-0.5115647580272031
2002,6,clear creek,lcc,67934,37.386138613861384,168,263.5982142857143,5.574426028272001,2002,-0.3877757733648956
2002,7,clear creek,lcc,34609,39.5632183908046,168,252.58928571428572,5.5317647930005185,2002,-0.5157001411630956
2002,8,clear creek,lcc,63212,38.44047619047619,168,375.8735119047619,5.929252682284592,2002,0.6762106560869974
2002,9,clear creek,lcc,20389,38,168,226.5744047619048,5.423073388824539,2002,-0.8416231735326107
2002,10,clear creek,lcc,22336,40.509803921568626,168,239.80208333333334,5.47981393035106,2002,-0.6714804700427328
2002,11,clear creek,lcc,5178,42.76836158192091,168,231.3422619047619,5.443898267223978,2002,-0.7791775039037381
2002,12,clear creek,lcc,11705,42.59235668789809,168,250.66964285714286,5.52413590831155,2002,-0.538576184124141
2002,13,clear creek,lcc,2321,44.74331550802139,168,230.16220238095238,5.4387842881102335,2002,-0.7945123281509927
2002,14,clear creek,lcc,998,46.08256880733945,168,205.5119047619048,5.325503962973236,2002,-1.1341957406191738
2002,15,clear creek,lcc,2741,47.701219512195124,168,201.21577380952382,5.304377833808255,2002,-1.197544743531423
2002,16,clear creek,lcc,2273,53.08163265306123,168,190.4077380952381,5.249167762787934,2002,-1.3630981642522129
2002,17,clear creek,lcc,1141,58.584837545126355,168,178.5818452380952,5.185047012873044,2002,-1.5553712276881424
2002,18,clear creek,lcc,2124,57.348314606741575,168,179.27976190476193,5.1889475014282125,2002,-1.5436751872582584
2002,19,clear creek,lcc,3285,54.15744680851064,168,173.68005952380955,5.1572148682911285,2002,-1.6388289493751107
2002,20,clear creek,lcc,3820,54.490990990990994,168,156.92410714285714,5.055762294481226,2002,-1.9430455592210905
2002,21,clear creek,lcc,2548,53.14932126696833,168,163.39136904761907,5.096148360024821,2002,-1.821943536046092
2002,22,clear creek,lcc,3629,55.703045685279186,168,160.71726190476193,5.07964668393026,2002,-1.8714256119535018
2002,23,clear creek,lcc,2200,54.087071240105544,168,160.09821428571428,5.075787466197269,2002,-1.8829978973209276
2002,24,clear creek,lcc,1129,54.53973509933775,144,157.89732142857142,5.061944957397454,2002,-1.9245061700113129
2002,25,clear creek,lcc,817,55.013333333333335,168,156.55803571428572,5.053426776472869,2002,-1.950048864746565
2002,26,clear creek,lcc,830,58.43553008595988,168,152.8050595238095,5.029162988251044,2002,-2.0228064806222887
2002,27,clear creek,lcc,810,59.54275092936803,168,73.67708333333334,4.299691805568154,2002,-4.210205398583156
2002,28,clear creek,lcc,264,59.08641975308642,168,83.83630952380952,4.4288662015195746,2002,-3.8228618809226136
2002,29,clear creek,lcc,195,59.833333333333336,168,76.61607142857143,4.338806864512026,2002,-4.092914627349226
2002,30,clear creek,lcc,92,60.225,168,79.95435463659148,4.381455904795958,2002,-3.9650268275515255
2002,31,clear creek,lcc,47,62.58139534883721,168,85.16517857142857,4.444592648080477,2002,-3.775704415340259
2002,32,clear creek,lcc,39,64.54545454545455,168,85.1235119047619,4.444103283021862,2002,-3.777171829852462
2002,33,clear creek,lcc,20,69.7,168,84.90476190476191,4.441530180139718,2002,-3.7848875595396914
2002,34,clear creek,lcc,12,64.91666666666667,168,76.95535714285714,4.343225476352305,2002,-4.079664937727813
2002,35,clear creek,lcc,9,68.88888888888889,168,74.22023809523809,4.307036863593327,2002,-4.1881804408356365
2002,36,clear creek,lcc,5,68.4,168,76.25892857142857,4.334134504651053,2002,-4.106925208091605
2002,37,clear creek,lcc,18,68.3529411764706,168,151.22321428571428,5.018756985596027,2002,-2.054010014755285
2002,38,clear creek,lcc,5,59.8,168,251.98214285714286,5.529358223322611,2002,-0.5229165028706149
2002,39,clear creek,lcc,2,66.5,168,233.39434523809524,5.452729491787301,2002,-0.7526961136683676
2002,40,clear creek,lcc,7,75.57142857142857,168,205.31696428571428,5.324554952299896,2002,-1.1370414526490338
2002,41,clear creek,lcc,6,84,168,208.00892857142858,5.337581004604207,2002,-1.0979814138261732
2002,42,clear creek,lcc,1,83,168,207.4672619047619,5.334973553270179,2002,-1.1058001410933864
2002,43,clear creek,lcc,6,90.33333333333333,168,206,5.327876168789581,2002,-1.1270824226992384
2002,44,clear creek,lcc,5,85.4,168,205.99553571428572,5.32785449726488,2002,-1.1271474071301615
2002,45,clear creek,lcc,16,74.2,168,214.54017857142858,5.368497033514553,2003,-1.005276328565065
2002,46,clear creek,lcc,4,87.75,168,208.11160714285714,5.338074508599804,2003,-1.0965015882599216
2002,47,clear creek,lcc,18,100.33333333333333,168,206.27380952380955,5.329204458667533,2003,-1.1230994005994699
2002,48,clear creek,lcc,131,46.333333333333336,168,206.98511904761904,5.33264690202241,2003,-1.1127768586699789
2002,49,clear creek,lcc,228,45.951219512195124,168,207.22619047619045,5.333810904309395,2003,-1.1092864708335592
2002,50,clear creek,lcc,1334,42.23809523809524,168,515.4166666666667,6.244975635038588,2003,1.6229403715632527
2002,51,clear creek,lcc,14472,44.333333333333336,144,600.4122023809524,6.397616423305201,2003,2.080650426487008
2002,52,clear creek,lcc,6403,38.51948051948052,168,683.4002976190476,6.527080775178678,2003,2.4688634086106016
2002,53,clear creek,lcc,515,NA,24,3230,8.080237416216702,2003,7.126173027799748
2003,1,clear creek,lcc,15280,39.074074074074076,168,467.1145833333334,6.14657458802976,2003,1.3278740977158114
2003,1,clear creek,ucc,NA,NA,NA,467.1145833333334,6.14657458802976,2003,1.5514191558977324
2003,2,clear creek,lcc,14923,37.06666666666667,168,601.7529761904761,6.399847022542892,2003,2.0873391216332444
2003,2,clear creek,ucc,NA,NA,NA,601.7529761904761,6.399847022542892,2003,2.3678566414701883
2003,3,clear creek,lcc,50284,36.78021978021978,168,423.1726190476191,6.047780178658007,2003,1.031628283911953
2003,3,clear creek,ucc,NA,NA,NA,423.1726190476191,6.047780178658007,2003,1.2329499970603626
2003,4,clear creek,lcc,29227,37.527472527472526,168,488.125,6.19057152059395,2003,1.459803699554988
2003,4,clear creek,ucc,NA,NA,NA,488.125,6.19057152059395,2003,1.6932456640396831
2003,5,clear creek,lcc,22487,39.20652173913044,168,327.5877976190476,5.791756103480092,2003,0.2639121652896877
2003,5,clear creek,ucc,NA,NA,NA,327.5877976190476,5.791756103480092,2003,0.4076424479538609
2003,6,clear creek,lcc,18803,37.22352941176471,168,254.73809523809524,5.540235939855238,2003,-0.49029848321719643
2003,6,clear creek,ucc,NA,NA,NA,254.73809523809524,5.540235939855238,2003,-0.40314649698361643
2003,7,clear creek,lcc,20180,37.651162790697676,168,283.07142857142856,5.645699263575176,2003,-0.17405520224055313
2003,7,clear creek,ucc,NA,NA,NA,283.07142857142856,5.645699263575176,2003,-0.06317972956362757
2003,8,clear creek,lcc,10139,38.04615384615385,168,266.0833333333333,5.583809542926781,2003,-0.3596382810419673
2003,8,clear creek,ucc,NA,NA,NA,266.0833333333333,5.583809542926781,2003,-0.2626846145152405
2003,9,clear creek,lcc,8591,36.595238095238095,168,246.99553571428572,5.509370262433408,2003,-0.5828525840472358
2003,9,clear creek,ucc,NA,NA,NA,246.99553571428572,5.509370262433408,2003,-0.5026436890614336
2003,10,clear creek,lcc,6319,36.28169014084507,168,239.41071428571428,5.478180546866412,2003,-0.6763783486042886
2003,10,clear creek,ucc,NA,NA,NA,239.41071428571428,5.478180546866412,2003,-0.6031854357469307
2003,11,clear creek,lcc,6234,40.83606557377049,168,378.7604166666667,5.93690385919566,2003,0.6991535447078258
2003,11,clear creek,ucc,NA,NA,NA,378.7604166666667,5.93690385919566,2003,0.8755341430793288
2003,12,clear creek,lcc,1848,45.29054054054054,168,283.6297462406015,5.647669677171014,2003,-0.1681467021245942
2003,12,clear creek,ucc,NA,NA,NA,283.6297462406015,5.647669677171014,2003,-0.056827994031034404
2003,13,clear creek,lcc,370,46.304761904761904,168,257.6175595238095,5.55147615776031,2003,-0.4565934636538858
2003,13,clear creek,ucc,NA,NA,NA,257.6175595238095,5.55147615776031,2003,-0.36691304243754974
2003,14,clear creek,lcc,307,49.51048951048951,168,251.68898809523807,5.5281941510659625,2003,-0.5264071005187043
2003,14,clear creek,ucc,NA,NA,NA,251.68898809523807,5.5281941510659625,2003,-0.44196385892752366
2003,15,clear creek,lcc,313,52.03007518796993,168,350.7857142857143,5.860175536423986,2003,0.46907529872360737
2003,15,clear creek,ucc,NA,NA,NA,350.7857142857143,5.860175536423986,2003,0.6281962160904776
2003,16,clear creek,lcc,687,56.1875,168,321.70684523809524,5.7736407123465305,2003,0.20959118880059063
2003,16,clear creek,ucc,NA,NA,NA,321.70684523809524,5.7736407123465305,2003,0.3492464980918954
2003,17,clear creek,lcc,605,56.1875,168,479.75148809523813,6.17326823669694,2003,1.4079179152059924
2003,17,clear creek,ucc,NA,NA,NA,479.75148809523813,6.17326823669694,2003,1.637467586081146
2003,18,clear creek,lcc,142,51.57142857142857,168,2235.7961309523807,7.712352654336643,2003,6.023030437421985
2003,18,clear creek,ucc,NA,NA,NA,2235.7961309523807,7.712352654336643,2003,6.59879002307282
2003,19,clear creek,lcc,906,56.49,168,342.1726190476191,5.835315343784582,2003,0.3945292991410975
2003,19,clear creek,ucc,NA,NA,NA,342.1726190476191,5.835315343784582,2003,0.548058031260459
2003,20,clear creek,lcc,174,55.256637168141594,168,282.73214285714283,5.644499957766285,2003,-0.17765145153860706
2003,20,clear creek,ucc,NA,NA,NA,282.73214285714283,5.644499957766285,2003,-0.06704575715137606
2003,21,clear creek,lcc,66,59.19298245614035,168,261.26339285714283,5.565529066489988,2003,-0.4144542838216587
2003,21,clear creek,ucc,NA,NA,NA,261.26339285714283,5.565529066489988,2003,-0.3216127258425233
2003,22,clear creek,lcc,78,57.911764705882355,168,219.04761904761907,5.389289144753763,2003,-0.9429289148406481
2003,22,clear creek,ucc,NA,NA,NA,219.04761904761907,5.389289144753763,2003,-0.8897317113784297
2003,23,clear creek,lcc,27,56.56,168,181.3110119047619,5.200213854497439,2003,-1.5098917985541926
2003,23,clear creek,ucc,NA,NA,NA,181.3110119047619,5.200213854497439,2003,-1.4992262063379749
2003,24,clear creek,lcc,23,61.22727272727273,168,162.24404761904762,5.0891016684338695,2003,-1.8430738094923453
2003,24,clear creek,ucc,NA,NA,NA,162.24404761904762,5.0891016684338695,2003,-1.8574023891530682
2003,25,clear creek,lcc,20,61.473684210526315,168,157.8452380952381,5.061615047271405,2003,-1.925495441513567
2003,25,clear creek,ucc,NA,NA,NA,157.8452380952381,5.061615047271405,2003,-1.9460070093593838
2003,26,clear creek,lcc,44,65.11428571428571,168,131.95833333333334,4.882486216190694,2003,-2.4626327823478715
2003,26,clear creek,ucc,NA,NA,NA,131.95833333333334,4.882486216190694,2003,-2.5234385514938524
2003,27,clear creek,lcc,20,65.47368421052632,168,96,4.564348191467836,2003,-3.4166043545785736
2003,27,clear creek,ucc,NA,NA,NA,96,4.564348191467836,2003,-3.5489737996112325
2003,28,clear creek,lcc,7,65,168,96,4.564348191467836,2003,-3.4166043545785736
2003,28,clear creek,ucc,NA,NA,NA,96,4.564348191467836,2003,-3.5489737996112325
2003,29,clear creek,lcc,4,61.25,168,95.76785714285714,4.561927108247776,2003,-3.423864236725495
2003,29,clear creek,ucc,NA,NA,NA,95.76785714285714,4.561927108247776,2003,-3.5567782932204457
2003,30,clear creek,lcc,3,66.33333333333333,168,94.36755952380953,4.547197364978381,2003,-3.468032978759713
2003,30,clear creek,ucc,NA,NA,NA,94.36755952380953,4.547197364978381,2003,-3.6042604228138635
2003,31,clear creek,lcc,1,80,168,96.40625,4.568571033539762,2003,-3.4039417019637344
2003,31,clear creek,ucc,NA,NA,NA,96.40625,4.568571033539762,2003,-3.53536123822136
2003,32,clear creek,lcc,7,69.28571428571429,168,96.29613095238095,4.5674281409708035,2003,-3.4073687900078293
2003,32,clear creek,ucc,NA,NA,NA,96.29613095238095,4.5674281409708035,2003,-3.5390454146579837
2003,33,clear creek,lcc,5,68.4,168,95.30357142857143,4.557067285598795,2003,-3.438436945087688
2003,33,clear creek,ucc,NA,NA,NA,95.30357142857143,4.557067285598795,2003,-3.5724441961896694
2003,34,clear creek,lcc,3,71,168,95.57291666666666,4.559889481454935,2003,-3.4299742829448348
2003,34,clear creek,ucc,NA,NA,NA,95.57291666666666,4.559889481454935,2003,-3.563346694153932
2003,35,clear creek,lcc,1,80,168,92.75892857142857,4.530003961775437,2003,-3.519589273860863
2003,35,clear creek,ucc,NA,NA,NA,92.75892857142857,4.530003961775437,2003,-3.659684294371101
2003,36,clear creek,lcc,10,78.4,168,133.125,4.89128853646369,2003,-2.4362380647801642
2003,36,clear creek,ucc,NA,NA,NA,133.125,4.89128853646369,2003,-2.4950637927298245
2003,37,clear creek,lcc,10,72.8,168,191.50446428571428,5.254911120545917,2003,-1.3458760794824356
2003,37,clear creek,ucc,NA,NA,NA,191.50446428571428,5.254911120545917,2003,-1.322906590481825
2003,38,clear creek,lcc,4,71,168,198.50722789115648,5.290825512014231,2003,-1.2381828588289707
2003,38,clear creek,ucc,NA,NA,NA,198.50722789115648,5.290825512014231,2003,-1.2071345937281293
2003,39,clear creek,lcc,1,88,168,198.19520676691727,5.289252437783663,2003,-1.242899893513139
2003,39,clear creek,ucc,NA,NA,NA,198.19520676691727,5.289252437783663,2003,-1.2122054841781404
2003,40,clear creek,lcc,6,88.33333333333333,168,206.64285714285717,5.3309919753608765,2003,-1.1177393367975306
2003,40,clear creek,ucc,NA,NA,NA,206.64285714285717,5.3309919753608765,2003,-1.0776558117117891
2003,41,clear creek,lcc,1,69,168,208.8265037593985,5.341503781666676,2003,-1.0862185388757366
2003,41,clear creek,ucc,NA,NA,NA,208.8265037593985,5.341503781666676,2003,-1.0437704316244178
2003,42,clear creek,lcc,4,87,168,211.82589285714286,5.355764677145362,2003,-1.043455688087714
2003,42,clear creek,ucc,1,130,168,211.82589285714286,5.355764677145362,2003,-0.9977996584172517
2003,43,clear creek,lcc,2,81.5,168,212.13839285714286,5.35723885818902,2003,-1.0390351954125725
2003,43,clear creek,ucc,1,126,168,212.13839285714286,5.35723885818902,2003,-0.9930475555408508
2003,44,clear creek,lcc,4,92,168,212.99404761904762,5.361264219868463,2003,-1.0269647092973686
2003,44,clear creek,ucc,0,NA,168,212.99404761904762,5.361264219868463,2003,-0.9800715829506953
2003,45,clear creek,lcc,5,100.6,168,221.55505952380955,5.4006711343236224,2004,-0.9087987774748593
2003,45,clear creek,ucc,0,NA,168,221.55505952380955,5.4006711343236224,2004,-0.8530412481502025
2003,46,clear creek,lcc,8,77.25,168,222.64880952380955,5.405595684903246,2004,-0.8940319753515806
2003,46,clear creek,ucc,1,32,168,222.64880952380955,5.405595684903246,2004,-0.8371666911715441
2003,47,clear creek,lcc,23,69.27272727272727,168,212.9806547619048,5.361201338870731,2004,-1.0271532648286428
2003,47,clear creek,ucc,0,NA,168,212.9806547619048,5.361201338870731,2004,-0.9802742832713107
2003,48,clear creek,lcc,82,35.794871794871796,168,223.42857142857142,5.409091772049943,2004,-0.8835485766604132
2003,48,clear creek,ucc,159,33.94444444444444,168,223.42857142857142,5.409091772049943,2004,-0.8258968638613652
2003,49,clear creek,lcc,230,35.81372549019608,168,240.11602704678364,5.481122252547875,2004,-0.6675573232130916
2003,49,clear creek,ucc,46,34.875,168,240.11602704678364,5.481122252547875,2004,-0.5937026872808966
2003,50,clear creek,lcc,1547,34.79661016949152,168,343.141369047619,5.83814251691132,2004,0.4030068861728041
2003,50,clear creek,ucc,1482,35.14492753623188,168,343.141369047619,5.83814251691132,2004,0.5571715777990297
2003,51,clear creek,lcc,1754,35.095652173913045,168,254.70385338345864,5.540101510977597,2004,-0.49070158287140514
2003,51,clear creek,ucc,1342,35.03921568627451,168,254.70385338345864,5.540101510977597,2004,-0.4035798357915311
2003,52,clear creek,lcc,6152,35.326530612244895,168,396.59151785714283,5.982906828709087,2004,0.8370984671742141
2003,52,clear creek,ucc,950,35.75,168,396.59151785714283,5.982906828709087,2004,1.023827220573559
2003,53,clear creek,lcc,947,38.8421052631579,24,378.125,5.935224828785106,2004,0.6941187888594011
2003,53,clear creek,ucc,33,35,24,378.125,5.935224828785106,2004,0.8701216971128825
2004,1,clear creek,lcc,3909,36.61176470588235,168,463.1636904761904,6.138080534749702,2004,1.3024037523547136
2004,1,clear creek,ucc,214,36.56666666666667,168,463.1636904761904,6.138080534749702,2004,1.524038112573297
2004,2,clear creek,lcc,12370,36.06194690265487,168,374.4523809523809,5.925464641207357,2004,0.6648518016863879
2004,2,clear creek,ucc,321,37.06818181818182,168,374.4523809523809,5.925464641207357,2004,0.8386592009276546
2004,3,clear creek,lcc,18686,36.61333333333334,168,281.36607142857144,5.639656566794762,2004,-0.19217488772344135
2004,3,clear creek,ucc,362,36.2972972972973,168,281.36607142857144,5.639656566794762,2004,-0.0826586917134649
2004,4,clear creek,lcc,23133,36.54545454545455,168,261.29464285714283,5.565648670430226,2004,-0.41409563835947844
2004,4,clear creek,ucc,46,36.5,168,261.29464285714283,5.565648670430226,2004,-0.3212271760276759
2004,5,clear creek,lcc,50790,36.86021505376344,168,324.7652412280701,5.783102586637481,2004,0.237963651040685
2004,5,clear creek,ucc,34,35.94444444444444,168,324.7652412280701,5.783102586637481,2004,0.37974736515133806
2004,6,clear creek,lcc,27464,36.68539325842696,168,299.2202380952381,5.701179884505434,2004,-0.007690508101019983
2004,6,clear creek,ucc,92,37,168,299.2202380952381,5.701179884505434,2004,0.11566507341452477
2004,7,clear creek,lcc,14419,37.85454545454545,168,835.7767857142857,6.728361574699018,2004,3.0724258433291283
2004,7,clear creek,ucc,6,35.666666666666664,168,835.7767857142857,6.728361574699018,2004,3.4268411908622056
2004,8,clear creek,lcc,32178,39.4375,168,542.8571428571429,6.296846196659164,2004,1.7784799090478927
2004,8,clear creek,ucc,0,NA,168,542.8571428571429,6.296846196659164,2004,2.0358278699299626
2004,9,clear creek,lcc,27037,39.368852459016395,168,818.6666666666666,6.707677000598923,2004,3.0104008914473797
2004,9,clear creek,ucc,3,54.333333333333336,168,818.6666666666666,6.707677000598923,2004,3.360163339792934
2004,10,clear creek,lcc,10699,40.691275167785236,168,375.9613095238096,5.929486237892672,2004,0.67691099805598
2004,10,clear creek,ucc,18,64.25,168,375.9613095238096,5.929486237892672,2004,0.8516230368541983
2004,11,clear creek,lcc,9735,40.272,168,281.58035714285717,5.640417867386646,2004,-0.189892044849777
2004,11,clear creek,ucc,9,63.57142857142857,168,281.58035714285717,5.640417867386646,2004,-0.08020459779598893
2004,12,clear creek,lcc,2320,40.682539682539684,168,259.1145833333333,5.557270370558957,2004,-0.43921888449699387
2004,12,clear creek,ucc,2,55.5,168,259.1145833333333,5.557270370558957,2004,-0.34823508193508607
2004,13,clear creek,lcc,2404,41.68125,168,263.87648809523813,5.575481145547138,2004,-0.38461188911456984
2004,13,clear creek,ucc,3,68.66666666666667,168,263.87648809523813,5.575481145547138,2004,-0.28953165702326294
2004,14,clear creek,lcc,406,41.78195488721804,168,248.04241071428572,5.513599742488978,2004,-0.5701700267143129
2004,14,clear creek,ucc,9,73.11111111111111,168,248.04241071428572,5.513599742488978,2004,-0.48900972976978646
2004,15,clear creek,lcc,377,47.25,168,240.22626879699246,5.481581265851922,2004,-0.6661809217479793
2004,15,clear creek,ucc,14,70.21428571428571,168,240.22626879699246,5.481581265851922,2004,-0.5922230328979757
2004,16,clear creek,lcc,438,51.16111111111111,168,279.0416666666667,5.631361113562105,2004,-0.21704970917748803
2004,16,clear creek,ucc,8,73.625,168,279.0416666666667,5.631361113562105,2004,-0.10939953696957712
2004,17,clear creek,lcc,205,52.31012658227848,168,260.2559523809524,5.56166557901432,2004,-0.42603937247828183
2004,17,clear creek,ucc,22,75.15789473684211,168,260.2559523809524,5.56166557901432,2004,-0.3340668881213324
2004,18,clear creek,lcc,139,56.28695652173913,168,239.62202380952382,5.479062781088464,2004,-0.6737328730481362
2004,18,clear creek,ucc,17,74.375,168,239.62202380952382,5.479062781088464,2004,-0.6003415056867056
2004,19,clear creek,lcc,152,58.49038461538461,168,238.93601190476193,5.476195783468676,2004,-0.682329878166632
2004,19,clear creek,ucc,7,79.71428571428571,168,238.93601190476193,5.476195783468676,2004,-0.609583428647415
2004,20,clear creek,lcc,83,59.70967741935484,168,235.14136904761904,5.460186903688611,2004,-0.7303342505667718
2004,20,clear creek,ucc,14,74.64285714285714,168,235.14136904761904,5.460186903688611,2004,-0.6611889244432488
2004,21,clear creek,lcc,175,54.009009009009006,168,232.18366228070175,5.447528706240145,2004,-0.7682912364757645
2004,21,clear creek,ucc,4,79.25,168,232.18366228070175,5.447528706240145,2004,-0.7019933132689496
2004,22,clear creek,lcc,163,56,168,228.47321428571425,5.431418979330433,2004,-0.8165980099953812
2004,22,clear creek,ucc,1,78,168,228.47321428571425,5.431418979330433,2004,-0.7539238952792171
2004,23,clear creek,lcc,40,60.054054054054056,168,183.69642857142858,5.213284550395881,2004,-1.470697891044242
2004,23,clear creek,ucc,2,78,168,183.69642857142858,5.213284550395881,2004,-1.4570921062945972
2004,24,clear creek,lcc,8,57.166666666666664,168,172.98511904761904,5.153205573732313,2004,-1.6508512564763793
2004,24,clear creek,ucc,0,NA,168,172.98511904761904,5.153205573732313,2004,-1.6507599594001279
2004,25,clear creek,lcc,7,62,168,162.94047619047618,5.093384957367952,2004,-1.8302299003672886
2004,25,clear creek,ucc,0,NA,168,162.94047619047618,5.093384957367952,2004,-1.8435949740111663
2004,26,clear creek,lcc,2,57.5,168,157.98660714285717,5.062510264515592,2004,-1.9228110349492495
2004,26,clear creek,ucc,2,80.5,144,157.98660714285717,5.062510264515592,2004,-1.9431212278202672
2004,27,clear creek,lcc,12,80.66666666666667,168,104.32142857142857,4.647476792212537,2004,-3.1673341768975387
2004,27,clear creek,ucc,0,NA,24,104.32142857142857,4.647476792212537,2004,-3.2810042280247087
2004,28,clear creek,lcc,0,NA,168,78.04464285714286,4.357281007285393,2004,-4.03751789493261
2004,28,clear creek,ucc,NA,NA,NA,78.04464285714286,4.357281007285393,2004,-4.216466144459036
2004,29,clear creek,lcc,6,73,168,72,4.276666119016055,2004,-4.279250431539942
2004,29,clear creek,ucc,NA,NA,NA,72,4.276666119016055,2004,-4.476332626987398
2004,30,clear creek,lcc,2,86,168,79.93452380952381,4.381207847177916,2004,-3.9657706553793792
2004,30,clear creek,ucc,NA,NA,NA,79.93452380952381,4.381207847177916,2004,-4.139336673037884
2004,31,clear creek,lcc,1,75,168,79.76339285714286,4.379064663078127,2004,-3.9721972266986567
2004,31,clear creek,ucc,NA,NA,NA,79.76339285714286,4.379064663078127,2004,-4.146245343698843
2004,32,clear creek,lcc,2,73,168,81.18303571428571,4.39670630556605,2004,-3.919296837203888
2004,32,clear creek,ucc,NA,NA,NA,81.18303571428571,4.39670630556605,2004,-4.08937654839589
2004,33,clear creek,lcc,1,72,168,80.93583959899749,4.393656737076449,2004,-3.9284413009918437
2004,33,clear creek,ucc,NA,NA,NA,80.93583959899749,4.393656737076449,2004,-4.099206998498039
2004,34,clear creek,lcc,3,73.33333333333333,168,78.5372023809524,4.363572428206716,2004,-4.018652382980344
2004,34,clear creek,ucc,NA,NA,NA,78.5372023809524,4.363572428206716,2004,-4.196185406495757
2004,35,clear creek,lcc,1,83,168,75.0625,4.318321099840202,2004,-4.154343427472547
2004,35,clear creek,ucc,NA,NA,NA,75.0625,4.318321099840202,2004,-4.3420555278194195
2004,36,clear creek,lcc,4,83.25,168,75.05952380952381,4.318281449555706,2004,-4.154462323175985
2004,36,clear creek,ucc,NA,NA,NA,75.05952380952381,4.318281449555706,2004,-4.3421833426708
2004,37,clear creek,lcc,1,95,168,117.47023809523809,4.7661850086936886,2004,-2.8113746401151043
2004,37,clear creek,ucc,NA,NA,NA,117.47023809523809,4.7661850086936886,2004,-2.898341827487641
2004,38,clear creek,lcc,2,74,168,158.55654761904762,5.066111297003614,2004,-1.9120129462038233
2004,38,clear creek,ucc,NA,NA,NA,158.55654761904762,5.066111297003614,2004,-1.9315131034871282
2004,39,clear creek,lcc,0,NA,168,214.48958333333334,5.368261174640311,2004,-1.0059835771288983
2004,39,clear creek,ucc,NA,NA,NA,214.48958333333334,5.368261174640311,2004,-0.9575165181977047
2004,40,clear creek,lcc,0,NA,168,216.80654761904762,5.379005470304313,2004,-0.9737656345046901
2004,40,clear creek,ucc,NA,NA,NA,216.80654761904762,5.379005470304313,2004,-0.9228816960030676
2004,41,clear creek,lcc,0,NA,168,216.80357142857142,5.378991742808826,2004,-0.9738067978974154
2004,41,clear creek,ucc,NA,NA,NA,216.80357142857142,5.378991742808826,2004,-0.9229259473323531
2004,42,clear creek,lcc,5,102,168,224.70833333333331,5.414803264989281,2004,-0.8664220420254184
2004,42,clear creek,ucc,0,NA,120,224.70833333333331,5.414803264989281,2004,-0.8074855553302104
2004,43,clear creek,lcc,1,82,168,219.22172619047618,5.390083665994675,2004,-0.9405464562268954
2004,43,clear creek,ucc,0,NA,168,219.22172619047618,5.390083665994675,2004,-0.8871705288896569
2004,44,clear creek,lcc,2,101.5,168,228.67261904761904,5.432291369539471,2004,-0.8139820527861157
2004,44,clear creek,ucc,0,NA,168,228.67261904761904,5.432291369539471,2004,-0.7511116979310347
2004,45,clear creek,lcc,0,NA,168,255.66071428571428,5.543851230625179,2005,-0.47945763945802705
2004,45,clear creek,ucc,0,NA,168,255.66071428571428,5.543851230625179,2005,-0.3914924103022232
2004,46,clear creek,lcc,11,38.55555555555556,168,221.61011904761904,5.4009196174028675,2005,-0.9080536738551751
2004,46,clear creek,ucc,2,32.5,168,221.61011904761904,5.4009196174028675,2005,-0.8522402494121594
2004,47,clear creek,lcc,13,29.666666666666668,168,215.14583333333331,5.371316092763513,2005,-0.9968230718810083
2004,47,clear creek,ucc,28,33.7,168,215.14583333333331,5.371316092763513,2005,-0.9476688232603093
2004,48,clear creek,lcc,184,33.26470588235294,168,216.0907738095238,5.375698568522402,2005,-0.9836817402416578
2004,48,clear creek,ucc,284,33.5,168,216.0907738095238,5.375698568522402,2005,-0.9335416739870446
2004,49,clear creek,lcc,1535,33,168,337.0773809523809,5.8203125210637765,2005,0.3495416985820854
2004,49,clear creek,ucc,530,33.40909090909091,168,337.0773809523809,5.8203125210637765,2005,0.4996956151838354
2004,50,clear creek,lcc,1713,34.132075471698116,168,270.43961466165416,5.600048837364393,2005,-0.31094298515565727
2004,50,clear creek,ucc,652,34.45454545454545,168,270.43961466165416,5.600048837364393,2005,-0.21033636452269325
2004,51,clear creek,lcc,821,33.204301075268816,168,225.25297619047618,5.417224109233461,2005,-0.8591628764737429
2004,51,clear creek,ucc,984,34.42553191489362,168,225.25297619047618,5.417224109233461,2005,-0.7996818320727606
2004,52,clear creek,lcc,3109,34.02564102564103,168,396.8601190476191,5.983583873630904,2005,0.839128660229883
2004,52,clear creek,ucc,679,34.86363636363637,168,396.8601190476191,5.983583873630904,2005,1.0260097117501075
2004,53,clear creek,lcc,4220,34.707317073170735,48,412.26041666666663,6.021655228959576,2005,0.9532897723179007
2004,53,clear creek,ucc,145,34,48,412.26041666666663,6.021655228959576,2005,1.1487347989733863
2005,1,clear creek,lcc,5042,35.723076923076924,168,314.23214285714283,5.750132021216612,2005,0.13909781392711934
2005,1,clear creek,ucc,98,34.93333333333333,168,314.23214285714283,5.750132021216612,2005,0.27346495197889037
2005,2,clear creek,lcc,13642,35.282051282051285,168,312.5565476190476,5.744785405187502,2005,0.12306540251120057
2005,2,clear creek,ucc,32,35.666666666666664,168,312.5565476190476,5.744785405187502,2005,0.2562298440386215
2005,3,clear creek,lcc,5032,36.06818181818182,168,258.625,5.555379136065707,2005,-0.44488995743633747
2005,3,clear creek,ucc,7,49.142857142857146,168,258.625,5.555379136065707,2005,-0.354331579318485
2005,4,clear creek,lcc,36090,36.344086021505376,168,282.4776785714286,5.643599533558285,2005,-0.18035147175193617
2005,4,clear creek,ucc,209,34.29032258064516,168,282.4776785714286,5.643599533558285,2005,-0.06994832362190896
2005,5,clear creek,lcc,55464,36.25316455696203,168,305.610119047619,5.722310168810989,2005,0.055670954453519245
2005,5,clear creek,ucc,124,39.75,168,305.610119047619,5.722310168810989,2005,0.18377969560395335
2005,6,clear creek,lcc,23252,35.97560975609756,168,249.22023809523807,5.518336995875946,2005,-0.5559648556551231
2005,6,clear creek,ucc,6,38.333333333333336,168,249.22023809523807,5.518336995875946,2005,-0.4737389354916389
2005,7,clear creek,lcc,9604,36.08860759493671,168,239.2232142857143,5.477397067056901,2005,-0.6787276982814952
2005,7,clear creek,ucc,24,44.5625,168,239.2232142857143,5.477397067056901,2005,-0.6057110255802785
2005,8,clear creek,lcc,13382,35.76190476190476,168,311.99107142857144,5.742974570183885,2005,0.11763541621215585
2005,8,clear creek,ucc,14,70.92857142857143,168,311.99107142857144,5.742974570183885,2005,0.2503925187885163
2005,9,clear creek,lcc,7094,36.56043956043956,168,344.97893359150885,5.843483353113399,2005,0.41902196614685633
2005,9,clear creek,ucc,25,65.16,168,344.97893359150885,5.843483353113399,2005,0.574388054152098
2005,10,clear creek,lcc,1520,36.93805309734513,168,280.5967261904762,5.636918500424518,2005,-0.20038527842530285
2005,10,clear creek,ucc,27,56.04761904761905,168,280.5967261904762,5.636918500424518,2005,-0.0914849977698239
2005,11,clear creek,lcc,817,38.0462962962963,168,249.8318452380952,5.52078807250495,2005,-0.5486150349995569
2005,11,clear creek,ucc,55,47.72727272727273,168,249.8318452380952,5.52078807250495,2005,-0.4658377564952888
2005,12,clear creek,lcc,6121,40.83536585365854,144,660.8154761904761,6.493474642317619,2005,2.3680917531947263
2005,12,clear creek,ucc,12,63.18181818181818,168,660.8154761904761,6.493474642317619,2005,2.669670372664248
2005,13,clear creek,lcc,5312,44.97844827586207,168,387.2886904761905,5.959170385155002,2005,0.7659221518117819
2005,13,clear creek,ucc,20,67.45,168,387.2886904761905,5.959170385155002,2005,0.9473115021181245
2005,14,clear creek,lcc,2573,49.078947368421055,168,321.1800595238095,5.772001898961833,2005,0.20467702809140095
2005,14,clear creek,ucc,17,70.06666666666666,168,321.1800595238095,5.772001898961833,2005,0.3439636938984715
2005,15,clear creek,lcc,1707,50.54125412541254,168,327.0476190476191,5.790105784293943,2005,0.2589635031796971
2005,15,clear creek,ucc,6,70.5,168,327.0476190476191,5.790105784293943,2005,0.40232255418286395
2005,16,clear creek,lcc,1091,54.04013377926422,168,272.41964285714283,5.607343682017466,2005,-0.2890685976820667
2005,16,clear creek,ucc,14,70,168,272.41964285714283,5.607343682017466,2005,-0.18682103551483958
2005,17,clear creek,lcc,290,59.43502824858757,168,264.2767857142857,5.576996984662588,2005,-0.3800664801667563
2005,17,clear creek,ucc,10,53.4,144,264.2767857142857,5.576996984662588,2005,-0.2846452670837904
2005,18,clear creek,lcc,524,59.63291139240506,168,266.9226190476191,5.5869588000943375,2005,-0.35019488987830627
2005,18,clear creek,ucc,13,59.84615384615385,168,266.9226190476191,5.5869588000943375,2005,-0.2525328125307758
2005,19,clear creek,lcc,528,57.7292576419214,168,467.4345238095238,6.147259282897572,2005,1.3299272299690645
2005,19,clear creek,ucc,10,62.8,144,467.4345238095238,6.147259282897572,2005,1.5536263070918024
2005,20,clear creek,lcc,537,55.75688073394495,168,537.202380952381,6.286374896791869,2005,1.7470805741007265
2005,20,clear creek,ucc,12,71,168,537.202380952381,6.286374896791869,2005,2.002073064553042
2005,21,clear creek,lcc,600,57.74324324324324,168,344.7872023809524,5.842927422036197,2005,0.4173549461663538
2005,21,clear creek,ucc,7,72.57142857142857,168,344.7872023809524,5.842927422036197,2005,0.5725959800493827
2005,22,clear creek,lcc,79,53.30769230769231,168,277.7232142857143,5.626624985654026,2005,-0.2312515053654534
2005,22,clear creek,ucc,0,NA,168,277.7232142857143,5.626624985654026,2005,-0.12466670320523447
2005,23,clear creek,lcc,13,50.53846153846154,168,221.8764880952381,5.402120867115304,2005,-0.9044515955502852
2005,23,clear creek,ucc,0,NA,168,221.8764880952381,5.402120867115304,2005,-0.8483679555454715
2005,24,clear creek,lcc,6,66,168,205.9375,5.327572724696826,2005,-1.1279923329135295
2005,24,clear creek,ucc,1,87,168,205.9375,5.327572724696826,2005,-1.088677952435732
2005,25,clear creek,lcc,6,66.5,168,206.91815476190476,5.332323327455424,2005,-1.1137471323072476
2005,25,clear creek,ucc,1,87,168,206.91815476190476,5.332323327455424,2005,-1.073364125731143
2005,26,clear creek,lcc,4,67,168,186.13988095238096,5.226498439197786,2005,-1.431074603992603
2005,26,clear creek,ucc,1,93,168,186.13988095238096,5.226498439197786,2005,-1.4144964161287878
2005,27,clear creek,lcc,2,72.5,168,121.92708333333333,4.803423188457175,2005,-2.6997118958489046
2005,27,clear creek,ucc,0,NA,168,121.92708333333333,4.803423188457175,2005,-2.778302527072501
2005,28,clear creek,lcc,0,NA,168,135.48363095238093,4.908850828242794,2005,-2.3835756170420135
2005,28,clear creek,ucc,0,NA,168,135.48363095238093,4.908850828242794,2005,-2.4384507887580957
2005,29,clear creek,lcc,0,NA,168,158.0327380952381,5.062802214697781,2005,-1.9219355904796416
2005,29,clear creek,ucc,0,NA,168,158.0327380952381,5.062802214697781,2005,-1.9421801105087177
2005,30,clear creek,lcc,0,NA,168,155.79761904761907,5.048557851212167,2005,-1.964648868282992
2005,30,clear creek,ucc,0,NA,168,155.79761904761907,5.048557851212167,2005,-1.9880975919359023
2005,31,clear creek,lcc,0,NA,168,133.05357142857142,4.890751839818578,2005,-2.437847408217794
2005,31,clear creek,ucc,0,NA,168,133.05357142857142,4.890751839818578,2005,-2.496793863593211
2005,32,clear creek,lcc,1,77,168,125.15476190476191,4.829551066732518,2005,-2.6213646025975095
2005,32,clear creek,ucc,0,NA,168,125.15476190476191,4.829551066732518,2005,-2.694077888558363
2005,33,clear creek,lcc,1,64,168,131.08779761904762,4.875867309542595,2005,-2.4824802959767003
2005,33,clear creek,ucc,0,NA,168,131.08779761904762,4.875867309542595,2005,-2.5447749575318843
2005,34,clear creek,lcc,0,NA,168,127.39880952380952,4.847322398697305,2005,-2.568075325058774
2005,34,clear creek,ucc,0,NA,168,127.39880952380952,4.847322398697305,2005,-2.636791032164002
2005,35,clear creek,lcc,0,NA,168,126.67708333333333,4.841641197513163,2005,-2.585111026561339
2005,35,clear creek,ucc,0,NA,168,126.67708333333333,4.841641197513163,2005,-2.6551046935726266
2005,36,clear creek,lcc,0,NA,168,126.60119047619048,4.841041913111286,2005,-2.586908046215215
2005,36,clear creek,ucc,0,NA,168,126.60119047619048,4.841041913111286,2005,-2.6570365194784036
2005,37,clear creek,lcc,1,75,168,137.36458333333334,4.922638583339863,2005,-2.342231529302294
2005,37,clear creek,ucc,2,68.5,168,137.36458333333334,4.922638583339863,2005,-2.3940052093377413
2005,38,clear creek,lcc,0,NA,168,207.5505952380952,5.335375142421195,2005,-1.1045959322154337
2005,38,clear creek,ucc,0,NA,168,207.5505952380952,5.335375142421195,2005,-1.0635264339907222
2005,39,clear creek,lcc,0,NA,144,207.40773809523813,5.334686605105396,2005,-1.1066605864681427
2005,39,clear creek,ucc,0,NA,168,207.40773809523813,5.334686605105396,2005,-1.0657459715251347
2005,40,clear creek,lcc,0,NA,168,207.65773809523807,5.335891234469063,2005,-1.103048373910357
2005,40,clear creek,ucc,0,NA,120,207.65773809523807,5.335891234469063,2005,-1.0618627831686522
2005,41,clear creek,lcc,0,NA,168,207.00595238095238,5.332747548315477,2005,-1.1124750597808966
2005,41,clear creek,ucc,0,NA,120,207.00595238095238,5.332747548315477,2005,-1.0719966266861933
2005,42,clear creek,lcc,1,120,168,207,5.332718793265369,2005,-1.112561284935482
2005,42,clear creek,ucc,0,NA,120,207,5.332718793265369,2005,-1.0720893201561832
2005,43,clear creek,lcc,0,NA,168,207.1755952380952,5.333566719848369,2005,-1.1100186845775861
2005,43,clear creek,ucc,0,NA,168,207.1755952380952,5.333566719848369,2005,-1.0693559826387968
2005,44,clear creek,lcc,3,29.666666666666668,168,209.52529761904762,5.3448444844304355,2005,-1.076201077207407
2005,44,clear creek,ucc,2,35.5,168,209.52529761904762,5.3448444844304355,2005,-1.0330014943346886
2005,45,clear creek,lcc,40,29.764705882352942,168,221.95535714285714,5.402476267699086,2006,-0.9033858881298107
2005,45,clear creek,ucc,2,32.5,168,221.95535714285714,5.402476267699086,2006,-0.8472223024089517
2005,46,clear creek,lcc,59,31,168,278.0989348370927,5.627976931089084,2006,-0.22719754949715795
2005,46,clear creek,ucc,81,33.76923076923077,168,278.0989348370927,5.627976931089084,2006,-0.12030863346996162
2005,47,clear creek,lcc,53,35.607142857142854,168,210.11160714285714,5.3476388521262805,2006,-1.0678218608389196
2005,47,clear creek,ucc,93,33.526315789473685,168,210.11160714285714,5.3476388521262805,2006,-1.0239936978891486
2005,48,clear creek,lcc,476,38.31578947368421,168,259.02529761904765,5.55692573113454,2006,-0.44025232340719594
2005,48,clear creek,ucc,1091,33.98,168,259.02529761904765,5.55692573113454,2006,-0.3493460458883515
2005,49,clear creek,lcc,660,34.46296296296296,168,223.97709899749375,5.411543810010189,2006,-0.8761958733482501
2005,49,clear creek,ucc,849,34.92307692307692,168,223.97709899749375,5.411543810010189,2006,-0.8179925859614058
2005,50,clear creek,lcc,1430,34.80281690140845,168,215.30357142857142,5.372048992382162,2006,-0.994625392423801
2005,50,clear creek,ucc,1060,36.46153846153846,168,215.30357142857142,5.372048992382162,2006,-0.9453062814267413
2005,51,clear creek,lcc,2688,35.6219512195122,168,430.6279761904762,6.065244553071706,2006,1.0839971157483088
2005,51,clear creek,ucc,1017,35.45652173913044,168,430.6279761904762,6.065244553071706,2006,1.2892473590722429
2005,52,clear creek,lcc,3407,35.1858407079646,168,813.53125,6.701384340180657,2006,2.9915316627283146
2005,52,clear creek,ucc,131,35.4,168,813.53125,6.701384340180657,2006,3.339878606243756
2005,53,clear creek,lcc,0,NA,24,4210,8.345217926676428,2006,7.920745994655778
2005,53,clear creek,ucc,0,NA,24,4210,8.345217926676428,2006,8.638865693559698
2006,1,clear creek,lcc,1760,35.77160493827161,168,717.8824404761905,6.576305823715377,2006,2.61647008651902
2006,1,clear creek,ucc,4,46.25,168,717.8824404761905,6.576305823715377,2006,2.936681196788796
2006,2,clear creek,lcc,2686,35.49367088607595,168,335.5357142857143,5.815728401672362,2006,0.33579571651367185
2006,2,clear creek,ucc,74,38.32142857142857,168,335.5357142857143,5.815728401672362,2006,0.48491845667985184
2006,3,clear creek,lcc,7504,35.5531914893617,168,356.56845238095235,5.876526233711137,2006,0.5181046482069946
2006,3,clear creek,ucc,43,36.59090909090909,168,356.56845238095235,5.876526233711137,2006,0.6809035792353823
2006,4,clear creek,lcc,9452,36.22608695652174,168,306.625,5.725625502578653,2006,0.06561234441959782
2006,4,clear creek,ucc,34,36.125,168,306.625,5.725625502578653,2006,0.19446685455320187
2006,5,clear creek,lcc,13826,36.10619469026549,168,467.33035714285717,6.147036410452917,2006,1.329258922631016
2006,5,clear creek,ucc,5,35.6,168,467.33035714285717,6.147036410452917,2006,1.5529078656290851
2006,6,clear creek,lcc,13690,36.5632183908046,168,327.4255952380953,5.791260839151037,2006,0.2624270611715289
2006,6,clear creek,ucc,0,NA,168,327.4255952380953,5.791260839151037,2006,0.4060459364176369
2006,7,clear creek,lcc,8971,35.92857142857143,168,273.26785714285717,5.610452475855887,2006,-0.27974654022488904
2006,7,clear creek,ucc,1,35,168,273.26785714285717,5.610452475855887,2006,-0.17679966927542798
2006,8,clear creek,lcc,8667,35.98684210526316,168,257.4032738095238,5.550644013843862,2006,-0.4590887379644222
2006,8,clear creek,ucc,3,65.33333333333333,168,257.4032738095238,5.550644013843862,2006,-0.3695955036697991
2006,9,clear creek,lcc,10082,37.144578313253014,168,440.9375,6.088903142047133,2006,1.1549399756636238
2006,9,clear creek,ucc,3,54.333333333333336,168,440.9375,6.088903142047133,2006,1.365512109053508
2006,10,clear creek,lcc,6391,37.666666666666664,168,660.0911706349206,6.492377962806026,2006,2.364803240044441
2006,10,clear creek,ucc,70,39.5,168,660.0911706349206,6.492377962806026,2006,2.6661351665347515
2006,11,clear creek,lcc,4226,38.21212121212121,168,473.63170478865703,6.160430025561937,2006,1.3694211386205561
2006,11,clear creek,ucc,90,39.44444444444444,168,473.63170478865703,6.160430025561937,2006,1.5960829133335634
2006,12,clear creek,lcc,5265,37.7710843373494,168,425.90773809523813,6.0542227455719075,2006,1.0509470236112053
2006,12,clear creek,ucc,14,40.36363636363637,168,425.90773809523813,6.0542227455719075,2006,1.2537179623619497
2006,13,clear creek,lcc,2946,37.68604651162791,168,480.22158521303254,6.174247633241369,2006,1.4108547425850537
2006,13,clear creek,ucc,5,46,144,480.22158521303254,6.174247633241369,2006,1.6406247241788998
2006,14,clear creek,lcc,1157,42.072072072072075,168,576.8318452380953,6.357550794637586,2006,1.9605092682405127
2006,14,clear creek,ucc,1,86,120,576.8318452380953,6.357550794637586,2006,2.231512447414528
2006,15,clear creek,lcc,210,39.73809523809524,168,1227.713415708559,7.112908706640781,2006,4.225532368004591
2006,15,clear creek,ucc,2,54.5,168,1227.713415708559,7.112908706640781,2006,4.666449812661723
2006,16,clear creek,lcc,635,46.79802955665025,168,466.6475340136055,6.145574227552503,2006,1.324874407697248
2006,16,clear creek,ucc,10,65.1,144,466.6475340136055,6.145574227552503,2006,1.5481944394208367
2006,17,clear creek,lcc,739,46.05988023952096,168,332.9099374943383,5.807871995425129,2006,0.3122374253402587
2006,17,clear creek,ucc,1,57,120,332.9099374943383,5.807871995425129,2006,0.4595929032912388
2006,18,clear creek,lcc,1382,49.35031847133758,168,295.6343984962406,5.6891235506943,2006,-0.043842740237259245
2006,18,clear creek,ucc,NA,NA,NA,295.6343984962406,5.6891235506943,2006,0.07680082480055331
2006,19,clear creek,lcc,228,50.9344262295082,168,273.62683270676695,5.611765253698228,2006,-0.2758100326560789
2006,19,clear creek,ucc,NA,NA,NA,273.62683270676695,5.611765253698228,2006,-0.1725678584083014
2006,20,clear creek,lcc,251,52.05128205128205,168,261.25411967418546,5.565493572242481,2006,-0.4145607171948125
2006,20,clear creek,ucc,NA,NA,NA,261.25411967418546,5.565493572242481,2006,-0.32172714348233833
2006,21,clear creek,lcc,104,55.12162162162162,168,267.8794642857143,5.590537119210502,2006,-0.33946490965615417
2006,21,clear creek,ucc,NA,NA,NA,267.8794642857143,5.590537119210502,2006,-0.24099790598876178
2006,22,clear creek,lcc,25,60.63636363636363,168,229.7046992481203,5.436794567683959,2006,-0.8004787219041628
2006,22,clear creek,ucc,NA,NA,NA,229.7046992481203,5.436794567683959,2006,-0.7365953934733944
2006,23,clear creek,lcc,53,60.395833333333336,168,157.57440476190476,5.059897757901351,2006,-1.9306449210256529
2006,23,clear creek,ucc,NA,NA,NA,157.57440476190476,5.059897757901351,2006,-1.9515427851653164
2006,24,clear creek,lcc,21,57.15,168,134.42114661654136,4.900977756609153,2006,-2.407183881194567
2006,24,clear creek,ucc,NA,NA,NA,134.42114661654136,4.900977756609153,2006,-2.4638300639273716
2006,25,clear creek,lcc,20,57.9,168,108.9375,4.690774323280239,2006,-3.037501806742019
2006,25,clear creek,ucc,NA,NA,NA,108.9375,4.690774323280239,2006,-3.1414322786952704
2006,26,clear creek,lcc,7,64,168,110.14044486215539,4.701756322886968,2006,-3.004571082914854
2006,26,clear creek,ucc,NA,NA,NA,110.14044486215539,4.701756322886968,2006,-3.1060312048961762
2006,27,clear creek,lcc,1,55,96,110.65476190476193,4.706415101312231,2006,-2.990601227589027
2006,27,clear creek,ucc,NA,NA,NA,110.65476190476193,4.706415101312231,2006,-3.0910133789307386
2006,28,clear creek,lcc,NA,NA,NA,96.16995614035088,4.566117002660555,2006,-3.411300381260807
2006,28,clear creek,ucc,NA,NA,NA,96.16995614035088,4.566117002660555,2006,-3.5432719404041237
2006,29,clear creek,lcc,NA,NA,NA,88.69196428571429,4.485169290913023,2006,-3.654030925374611
2006,29,clear creek,ucc,NA,NA,NA,88.69196428571429,4.485169290913023,2006,-3.8042112975396183
2006,30,clear creek,lcc,NA,NA,NA,86.58630952380953,4.4611417144314505,2006,-3.726080234579279
2006,30,clear creek,ucc,NA,NA,NA,86.58630952380953,4.4611417144314505,2006,-3.881665498841569
2006,31,clear creek,lcc,NA,NA,NA,86.80059523809523,4.4636134792245334,2006,-3.7186683782068886
2006,31,clear creek,ucc,NA,NA,NA,86.80059523809523,4.4636134792245334,2006,-3.873697630421658
2006,32,clear creek,lcc,NA,NA,NA,83.9389880952381,4.430090202736738,2006,-3.8191915797488787
2006,32,clear creek,ucc,NA,NA,NA,83.9389880952381,4.430090202736738,2006,-3.9817617378183376
2006,33,clear creek,lcc,NA,NA,NA,82.20684523809523,4.409238573997548,2006,-3.8817174631896414
2006,33,clear creek,ucc,NA,NA,NA,82.20684523809523,4.409238573997548,2006,-4.048978098614333
2006,34,clear creek,lcc,NA,NA,NA,81.64218358395989,4.402346084080287,2006,-3.9023853460957536
2006,34,clear creek,ucc,NA,NA,NA,81.64218358395989,4.402346084080287,2006,-4.071196415219531
2006,35,clear creek,lcc,NA,NA,NA,81.41815476190474,4.399598279613705,2006,-3.910624937541799
2006,35,clear creek,ucc,NA,NA,NA,81.41815476190474,4.399598279613705,2006,-4.080054112559764
2006,36,clear creek,lcc,NA,NA,NA,81.98065476190477,4.406483301893586,2006,-3.8899794471610005
2006,36,clear creek,ucc,NA,NA,NA,81.98065476190477,4.406483301893586,2006,-4.057859868290338
2006,37,clear creek,lcc,NA,NA,NA,86.31994047619048,4.458060631378169,2006,-3.735319198224297
2006,37,clear creek,ucc,NA,NA,NA,86.31994047619048,4.458060631378169,2006,-3.891597537855987
2006,38,clear creek,lcc,NA,NA,NA,100.37797619047619,4.608942822541934,2006,-3.2828824885555945
2006,38,clear creek,ucc,NA,NA,NA,100.37797619047619,4.608942822541934,2006,-3.4052205777726354
2006,39,clear creek,lcc,NA,NA,NA,105.22767857142857,4.6561263699888915,2006,-3.141397474368411
2006,39,clear creek,ucc,NA,NA,NA,105.22767857142857,4.6561263699888915,2006,-3.25312184301678
2006,40,clear creek,lcc,NA,NA,NA,185.84525375939847,5.2249143583993956,2006,-1.4358246430710735
2006,40,clear creek,ucc,NA,NA,NA,185.84525375939847,5.2249143583993956,2006,-1.4196027868495795
2006,41,clear creek,lcc,NA,NA,NA,194.9404761904762,5.272694261660139,2006,-1.2925513909208797
2006,41,clear creek,ucc,NA,NA,NA,194.9404761904762,5.272694261660139,2006,-1.2655816666511468
2006,42,clear creek,ucc,0,NA,144,199,5.293304824724492,2006,-1.199142394186143
2006,42,clear creek,lcc,NA,NA,NA,199,5.293304824724492,2006,-1.2307483692035321
2006,43,clear creek,ucc,0,NA,168,198.91369047619045,5.292871014442369,2006,-1.2005408052553659
2006,43,clear creek,lcc,NA,NA,NA,198.91369047619045,5.292871014442369,2006,-1.2320491966580547
2006,44,clear creek,ucc,0,NA,168,198.15178571428572,5.2890333315276346,2006,-1.2129117851267173
2006,44,clear creek,lcc,NA,NA,NA,198.15178571428572,5.2890333315276346,2006,-1.2435569075237436
2006,45,clear creek,ucc,0,NA,168,203.60565476190476,5.31618505817037,2007,-1.1253867156427106
2006,45,clear creek,lcc,NA,NA,NA,203.60565476190476,5.31618505817037,2007,-1.1621394932529643
2006,46,clear creek,ucc,0,NA,168,281.64285714285717,5.640639804262369,2007,-0.07948917219067554
2006,46,clear creek,lcc,NA,NA,NA,281.64285714285717,5.640639804262369,2007,-0.1892265429172322
2006,47,clear creek,ucc,0,NA,48,214.3943452380952,5.367817054026508,2007,-0.9589481651825839
2006,47,clear creek,lcc,NA,NA,NA,214.3943452380952,5.367817054026508,2007,-1.0073153212376957
2006,48,clear creek,lcc,6,47.6,72,218.1875,5.385354784865255,2007,-0.9547265221585141
2006,48,clear creek,ucc,12,34.25,120,218.1875,5.385354784865255,2007,-0.9024143347396562
2006,49,clear creek,lcc,72,35.666666666666664,168,217.24107142857142,5.381007665158585,2007,-0.9677618348183549
2006,49,clear creek,ucc,561,34.266666666666666,168,217.24107142857142,5.381007665158585,2007,-0.91642751185314
2006,50,clear creek,lcc,2410,33.743589743589745,168,292.5654761904762,5.678688491845039,2007,-0.0751334025383847
2006,50,clear creek,ucc,2154,34.89655172413793,168,292.5654761904762,5.678688491845039,2007,0.04316284431890695
2006,51,clear creek,lcc,546,34.55555555555556,168,233.1175595238095,5.45154287363699,2007,-0.7562543176380938
2006,51,clear creek,ucc,1771,34.88095238095238,168,233.1175595238095,5.45154287363699,2007,-0.6890534260583756
2006,52,clear creek,lcc,2639,35.47222222222222,168,294.4270833333333,5.685031377641555,2007,-0.05611356754364129
2006,52,clear creek,ucc,1912,35.6875,168,294.4270833333333,5.685031377641555,2007,0.06360948211008918
2006,53,clear creek,lcc,61,36.375,24,251.53125,5.527567236294007,2007,-0.5282869728514067
2006,53,clear creek,ucc,113,36.888888888888886,24,251.53125,5.527567236294007,2007,-0.4439847528359646
2007,1,clear creek,lcc,1697,35.76543209876543,168,238.78125,5.47554786084784,2007,-0.6842727448259118
2007,1,clear creek,ucc,1235,35.646153846153844,168,238.78125,5.47554786084784,2007,-0.6116720425007864
2007,2,clear creek,lcc,2900,37.0126582278481,168,218.02083333333331,5.384590623972209,2007,-0.9570179419572354
2007,2,clear creek,ucc,1618,36.064516129032256,168,218.02083333333331,5.384590623972209,2007,-0.904877648993694
2007,3,clear creek,lcc,2988,38.292682926829265,168,215,5.3706380281276624,2007,-0.9988563226604444
2007,3,clear creek,ucc,677,36.125,168,215,5.3706380281276624,2007,-0.9498546015405762
2007,4,clear creek,lcc,6508,37.26027397260274,168,215.6681547619048,5.3737409057869066,2007,-0.9895520055119136
2007,4,clear creek,ucc,658,36.20338983050848,168,215.6681547619048,5.3737409057869066,2007,-0.9398523064269291
2007,5,clear creek,lcc,7976,37.628571428571426,168,215.0386904761905,5.3708179676407894,2007,-0.9983167544010585
2007,5,clear creek,ucc,228,38.75471698113208,168,215.0386904761905,5.3708179676407894,2007,-0.9492745567207167
2007,6,clear creek,lcc,23933,37.68115942028985,168,315.8154761904762,5.755158106923736,2007,0.1541690802064906
2007,6,clear creek,ucc,335,40.2,168,315.8154761904762,5.755158106923736,2007,0.2896668129705304
2007,7,clear creek,lcc,13465,37.70873786407767,168,262.83482142857144,5.571525779463679,2007,-0.3964724857995228
2007,7,clear creek,ucc,45,44.87096774193548,168,262.83482142857144,5.571525779463679,2007,-0.30228199499788544
2007,8,clear creek,lcc,39438,37.59756097560975,168,331.16220238095235,5.802608292752635,2007,0.2964536386690206
2007,8,clear creek,ucc,25,51.94444444444444,168,331.16220238095235,5.802608292752635,2007,0.4426250710713857
2007,9,clear creek,lcc,11659,37.52325581395349,168,306.0059523809524,5.723604553988523,2007,0.05955230961048267
2007,9,clear creek,ucc,44,58.275,168,306.0059523809524,5.723604553988523,2007,0.18795221671443102
2007,10,clear creek,lcc,7685,38.05,168,251.18154761904762,5.526175974965408,2007,-0.532458821715381
2007,10,clear creek,ucc,21,57.526315789473685,168,251.18154761904762,5.526175974965408,2007,-0.4484695594951607
2007,11,clear creek,lcc,5244,38.41975308641975,168,235.31994047619045,5.460946037047857,2007,-0.7280579063765941
2007,11,clear creek,ucc,18,60.1764705882353,168,235.31994047619045,5.460946037047857,2007,-0.6587418167182086
2007,12,clear creek,lcc,7350,37.494623655913976,168,229.04017857142858,5.43389744044127,2007,-0.8091660739837147
2007,12,clear creek,ucc,21,60.76190476190476,168,229.04017857142858,5.43389744044127,2007,-0.7459344409143507
2007,13,clear creek,lcc,10899,38.45569620253165,168,226.41517857142858,5.422370387241756,2007,-0.8437312004677523
2007,13,clear creek,ucc,22,61.31818181818182,168,226.41517857142858,5.422370387241756,2007,-0.7830925246527661
2007,14,clear creek,lcc,6083,39.83168316831683,168,230.61904761904765,5.440767204679807,2007,-0.7885663365043613
2007,14,clear creek,ucc,42,66.1842105263158,168,230.61904761904765,5.440767204679807,2007,-0.7237893817721349
2007,15,clear creek,lcc,5365,41.23300970873787,168,239.04017857142853,5.476631648979935,2007,-0.6810228878833462
2007,15,clear creek,ucc,15,68.92857142857143,168,239.04017857142853,5.476631648979935,2007,-0.6081783924351489
2007,16,clear creek,lcc,4794,43.863013698630134,168,249.08184523809524,5.5177815381914215,2007,-0.5576304561160392
2007,16,clear creek,ucc,30,67.37037037037037,168,249.08184523809524,5.5177815381914215,2007,-0.4755294835872765
2007,17,clear creek,lcc,1911,48.52791878172589,168,243.46577380952382,5.4949763733394565,2007,-0.6260142306986638
2007,17,clear creek,ucc,17,71.4375,168,243.46577380952382,5.4949763733394565,2007,-0.549043174430084
2007,18,clear creek,lcc,903,51.32365145228216,168,232.10714285714286,5.447199087719145,2007,-0.7692796335684673
2007,18,clear creek,ucc,7,77.42857142857143,168,232.10714285714286,5.447199087719145,2007,-0.7030558565220293
2007,19,clear creek,lcc,914,52.51601423487544,168,228.23214285714286,5.430363281396565,2007,-0.8197636354142519
2007,19,clear creek,ucc,16,79.66666666666667,168,228.23214285714286,5.430363281396565,2007,-0.7573269950611077
2007,20,clear creek,lcc,636,51.723880597014926,168,226.9672619047619,5.424805786396732,2007,-0.8364283904282871
2007,20,clear creek,ucc,9,71.88888888888889,168,226.9672619047619,5.424805786396732,2007,-0.775241882847723
2007,21,clear creek,lcc,997,52.42367601246106,168,224.69196428571428,5.41473041658347,2007,-0.8666404859171423
2007,21,clear creek,ucc,7,75.14285714285714,168,224.69196428571428,5.41473041658347,2007,-0.80772038613358
2007,22,clear creek,lcc,558,51.6431718061674,168,214.6532738095238,5.3690240464038945,2007,-1.003696022925497
2007,22,clear creek,ucc,3,88,168,214.6532738095238,5.3690240464038945,2007,-0.9550573595226916
2007,23,clear creek,lcc,712,52.98245614035088,168,171.11607142857142,5.1423421065195605,2007,-1.6834265479897224
2007,23,clear creek,ucc,1,76,168,171.11607142857142,5.1423421065195605,2007,-1.6857789375721035
2007,24,clear creek,lcc,397,52.938202247191015,168,166.5119047619048,5.115066806935991,2007,-1.7652145092039422
2007,24,clear creek,ucc,0,NA,168,166.5119047619048,5.115066806935991,2007,-1.773702351160528
2007,25,clear creek,lcc,143,53.767857142857146,168,167.21279761904762,5.119267238505283,2007,-1.7526190569259696
2007,25,clear creek,ucc,1,115,168,167.21279761904762,5.119267238505283,2007,-1.7601620312463435
2007,26,clear creek,lcc,68,59.016949152542374,168,152.01785714285714,5.023997995148908,2007,-2.0382942758787594
2007,26,clear creek,ucc,0,NA,168,152.01785714285714,5.023997995148908,2007,-2.0672676254567404
2007,27,clear creek,lcc,34,56.766666666666666,168,132.9672619047619,4.890102946829585,2007,-2.4397931846318466
2007,27,clear creek,ucc,0,NA,168,132.9672619047619,4.890102946829585,2007,-2.49888560548118
2007,28,clear creek,lcc,47,58.94736842105263,120,110.39285714285714,4.704045431956913,2007,-2.997706939653875
2007,28,clear creek,ucc,0,NA,120,110.39285714285714,4.704045431956913,2007,-3.0986521371470186
2007,29,clear creek,lcc,NA,NA,NA,108.4627976190476,4.686407235096921,2007,-3.050596997057417
2007,29,clear creek,ucc,NA,NA,NA,108.4627976190476,4.686407235096921,2007,-3.155509825280692
2007,30,clear creek,lcc,NA,NA,NA,88.06845238095238,4.478114380061087,2007,-3.6751858451715513
2007,30,clear creek,ucc,NA,NA,NA,88.06845238095238,4.478114380061087,2007,-3.8269531868729953
2007,31,clear creek,lcc,NA,NA,NA,83.11160714285714,4.420184368916857,2007,-3.84889530306721
2007,31,clear creek,ucc,NA,NA,NA,83.11160714285714,4.420184368916857,2007,-4.013693732596803
2007,32,clear creek,lcc,NA,NA,NA,78.46130952380953,4.362605630978723,2007,-4.021551429934634
2007,32,clear creek,ucc,NA,NA,NA,78.46130952380953,4.362605630978723,2007,-4.199301930010834
2007,33,clear creek,lcc,NA,NA,NA,72.23065476190476,4.279864536979509,2007,-4.269659626366921
2007,33,clear creek,ucc,NA,NA,NA,72.23065476190476,4.279864536979509,2007,-4.4660223525001195
2007,34,clear creek,lcc,NA,NA,NA,74.14285714285714,4.305993734110575,2007,-4.191308378382768
2007,34,clear creek,ucc,NA,NA,NA,74.14285714285714,4.305993734110575,2007,-4.381793462582735
2007,35,clear creek,lcc,NA,NA,NA,80.98809523809526,4.394302171501748,2007,-3.926505895458316
2007,35,clear creek,ucc,NA,NA,NA,80.98809523809526,4.394302171501748,2007,-4.097126405478487
2007,36,clear creek,lcc,NA,NA,NA,82.44047619047619,4.412076532212225,2007,-3.8732075358952263
2007,36,clear creek,ucc,NA,NA,NA,82.44047619047619,4.412076532212225,2007,-4.0398297857574494
2007,37,clear creek,lcc,NA,NA,NA,94.57738095238096,4.549418345485108,2007,-3.461373126427561
2007,37,clear creek,ucc,NA,NA,NA,94.57738095238096,4.549418345485108,2007,-3.597100971198436
2007,38,clear creek,lcc,NA,NA,NA,158.30059523809524,5.064495727070012,2007,-1.9168574088893178
2007,38,clear creek,ucc,NA,NA,NA,158.30059523809524,5.064495727070012,2007,-1.9367209811501351
2007,39,clear creek,lcc,NA,NA,NA,167.98511904761907,5.1238753983825704,2007,-1.7388009868381327
2007,39,clear creek,ucc,NA,NA,NA,167.98511904761907,5.1238753983825704,2007,-1.7453073769269312
2007,40,clear creek,lcc,NA,NA,NA,200.56398809523807,5.301133338451092,2007,-1.2072737167959808
2007,40,clear creek,ucc,NA,NA,NA,200.56398809523807,5.301133338451092,2007,-1.1739067538567833
2007,41,clear creek,lcc,NA,NA,NA,213.49553571428572,5.363615922446717,2007,-1.0199128725735136
2007,41,clear creek,ucc,NA,NA,NA,213.49553571428572,5.363615922446717,2007,-0.9724907416187347
2007,42,clear creek,lcc,NA,NA,NA,217.1220238095238,5.38045951719973,2007,-0.9694055162694472
2007,42,clear creek,ucc,NA,NA,NA,217.1220238095238,5.38045951719973,2007,-0.9181944966500037
2007,43,clear creek,lcc,NA,NA,NA,210.09375,5.34755385966931,2007,-1.0680767199928174
2007,43,clear creek,ucc,NA,NA,NA,210.09375,5.34755385966931,2007,-1.0242676757027813
2007,44,clear creek,lcc,NA,NA,NA,209,5.342334251964811,2007,-1.083728283092282
2007,44,clear creek,ucc,NA,NA,NA,209,5.342334251964811,2007,-1.0410933653919416
2007,45,clear creek,lcc,NA,NA,NA,209.04910714285714,5.342569186771483,2008,-1.083023805445865
2007,45,clear creek,ucc,NA,NA,NA,209.04910714285714,5.342569186771483,2008,-1.040336040248361
2007,46,clear creek,lcc,NA,NA,NA,209.08928571428572,5.342761365113575,2008,-1.0824475377227147
2007,46,clear creek,ucc,NA,NA,NA,209.08928571428572,5.342761365113575,2008,-1.0397165428968194
2007,47,clear creek,lcc,NA,NA,NA,209.15192669172933,5.3430609098550015,2008,-1.0815493201387563
2007,47,clear creek,ucc,NA,NA,NA,209.15192669172933,5.3430609098550015,2008,-1.0387509441099771
2007,48,clear creek,lcc,67,34.23529411764706,144,209.23660714285714,5.343465703224973,2008,-1.0803355030607245
2007,48,clear creek,ucc,345,34.57142857142857,144,209.23660714285714,5.343465703224973,2008,-1.0374460706373037
2007,49,clear creek,lcc,427,34.15384615384615,168,218.40029761904765,5.386329606594399,2008,-0.9518034128621451
2007,49,clear creek,ucc,1597,33.886792452830186,168,218.40029761904765,5.386329606594399,2008,-0.8992719438081149
2007,50,clear creek,lcc,365,36.25396825396825,168,211.32142857142858,5.35338033250149,2008,-1.0506054056061898
2007,50,clear creek,ucc,928,33.28358208955224,168,211.32142857142858,5.35338033250149,2008,-1.005485723225382
2007,51,clear creek,lcc,2955,36.01315789473684,168,282.0282738095238,5.642007327648142,2008,-0.18512587486434967
2007,51,clear creek,ucc,3372,33.82539682539682,168,282.0282738095238,5.642007327648142,2008,-0.07508088608291832
2007,52,clear creek,lcc,1034,35.470588235294116,168,215.72767857142858,5.374016864919111,2008,-0.9887245119501191
2007,52,clear creek,ucc,442,33.970588235294116,168,215.72767857142858,5.374016864919111,2008,-0.9389627371358588
2007,53,clear creek,lcc,563,41.15384615384615,24,215,5.3706380281276624,2008,-0.9988563226604444
2007,53,clear creek,ucc,47,33.5,24,215,5.3706380281276624,2008,-0.9498546015405762
2008,1,clear creek,lcc,9936,36.63157894736842,168,392.0431547619047,5.971371922409477,2008,0.8025097923128595
2008,1,clear creek,ucc,716,37.31428571428572,168,392.0431547619047,5.971371922409477,2008,0.9866438219393151
2008,2,clear creek,lcc,14853,37.17821782178218,168,316.5744047619047,5.757558300091375,2008,0.16136632125236863
2008,2,clear creek,ucc,693,35.1,168,316.5744047619047,5.757558300091375,2008,0.29740396635811595
2008,3,clear creek,lcc,8949,36.891891891891895,168,230.98660714285717,5.442359731104471,2008,-0.7837909722941905
2008,3,clear creek,ucc,87,35.05263157894737,168,230.98660714285717,5.442359731104471,2008,-0.7186557861151104
2008,4,clear creek,lcc,35289,37.80722891566265,168,334.00595238095235,5.811158814317757,2008,0.322093310342905
2008,4,clear creek,ucc,145,38.483870967741936,168,334.00595238095235,5.811158814317757,2008,0.47018814298792116
2008,5,clear creek,lcc,24050,38.506493506493506,168,485.02529761904765,6.184201049616469,2008,1.440701147385903
2008,5,clear creek,ucc,21,38,168,485.02529761904765,6.184201049616469,2008,1.6727101039154029
2008,6,clear creek,lcc,31577,38.226190476190474,168,297.16712092731825,5.694294677273239,2008,-0.028336553081507836
2008,6,clear creek,ucc,11,43.54545454545455,168,297.16712092731825,5.694294677273239,2008,0.09347023294124199
2008,7,clear creek,lcc,12217,38.641975308641975,168,257.3645833333333,5.550493691807525,2008,-0.459539494988736
2008,7,clear creek,ucc,6,40.5,168,257.3645833333333,5.550493691807525,2008,-0.3700800749402923
2008,8,clear creek,lcc,24396,38.62264150943396,168,496.9092261904762,6.20840736593535,2008,1.513286427491143
2008,8,clear creek,ucc,1,34,120,496.9092261904762,6.20840736593535,2008,1.750740482816877
2008,9,clear creek,lcc,17541,38.61333333333334,168,350.27232142857144,5.858710913175231,2008,0.46468346613912526
2008,9,clear creek,ucc,11,53.72727272727273,168,350.27232142857144,5.858710913175231,2008,0.6234749232864529
2008,10,clear creek,lcc,5837,38.69135802469136,168,259.9002976190476,5.560298086775868,2008,-0.43013994713252407
2008,10,clear creek,ucc,7,59.666666666666664,168,259.9002976190476,5.560298086775868,2008,-0.3384750738240036
2008,11,clear creek,lcc,6882,37.70422535211268,168,243.41815476190476,5.4947807659473185,2008,-0.6266007808024449
2008,11,clear creek,ucc,6,61.166666666666664,168,243.41815476190476,5.4947807659473185,2008,-0.54967372551119
2008,12,clear creek,lcc,2601,37.5,168,233.48065476190476,5.453099224691367,2008,-0.7515874292220364
2008,12,clear creek,ucc,1,58,168,233.48065476190476,5.453099224691367,2008,-0.6840364436775418
2008,13,clear creek,lcc,4264,38.282051282051285,168,229.09375,5.43413130842386,2008,-0.8084647953256866
2008,13,clear creek,ucc,2,55.5,168,229.09375,5.43413130842386,2008,-0.7451805547362977
2008,14,clear creek,lcc,2933,38.15068493150685,168,225.05135511651469,5.416328621122789,2008,-0.8618480952607661
2008,14,clear creek,ucc,6,63.5,168,225.05135511651469,5.416328621122789,2008,-0.8025684867647448
2008,15,clear creek,lcc,1485,40.626506024096386,168,225.31696428571428,5.417508141033721,2008,-0.8583111761361504
2008,15,clear creek,ucc,3,73,168,225.31696428571428,5.417508141033721,2008,-0.7987662400965844
2008,16,clear creek,lcc,565,44.97391304347826,168,225.30208333333331,5.417442094325465,2008,-0.8585092243957723
2008,16,clear creek,ucc,0,NA,168,225.30208333333331,5.417442094325465,2008,-0.7989791452574747
2008,17,clear creek,lcc,314,46.714285714285715,168,225.02232142857142,5.416199603633002,2008,-0.8622349682781754
2008,17,clear creek,ucc,2,69,168,225.02232142857142,5.416199603633002,2008,-0.8029843816692135
2008,18,clear creek,lcc,450,50.55357142857143,168,223.59970238095238,5.40985741024675,2008,-0.8812527270052077
2008,18,clear creek,ucc,4,83,168,223.59970238095238,5.40985741024675,2008,-0.8234287874382011
2008,19,clear creek,lcc,1105,52.931596091205215,168,221.74255952380955,5.4015170671828345,2008,-0.9062621555152328
2008,19,clear creek,ucc,1,85,168,221.74255952380955,5.4015170671828345,2008,-0.8503143375100223
2008,20,clear creek,lcc,1258,52.148936170212764,168,219.13392857142858,5.389683088886714,2008,-0.9417476303833466
2008,20,clear creek,ucc,6,75.33333333333333,168,219.13392857142858,5.389683088886714,2008,-0.8884618110121293
2008,21,clear creek,lcc,918,53.91570881226053,168,221.07738095238096,5.398512780289051,2008,-0.9152708374984416
2008,21,clear creek,ucc,2,84,168,221.07738095238096,5.398512780289051,2008,-0.8599988199220687
2008,22,clear creek,lcc,233,56.45945945945946,168,219.01041666666666,5.389119293373312,2008,-0.9434382327337093
2008,22,clear creek,ucc,0,NA,168,219.01041666666666,5.389119293373312,2008,-0.8902792365532205
2008,23,clear creek,lcc,732,55.98190045248869,168,218.52083333333334,5.386881357053713,2008,-0.9501489289204368
2008,23,clear creek,ucc,0,NA,168,218.52083333333334,5.386881357053713,2008,-0.8974933461548341
2008,24,clear creek,lcc,241,57.48837209302326,168,216.76785714285714,5.378826998162654,2008,-0.9743008026906567
2008,24,clear creek,ucc,0,NA,168,216.76785714285714,5.378826998162654,2008,-0.923457010671089
2008,25,clear creek,lcc,78,61.52459016393443,168,200.93240914786966,5.302968578610496,2008,-1.2017705489749921
2008,25,clear creek,ucc,0,NA,168,200.93240914786966,5.302968578610496,2008,-1.16799075725792
2008,26,clear creek,lcc,43,59.627906976744185,168,173.54166666666666,5.156417724252997,2008,-1.641219272732442
2008,26,clear creek,ucc,0,NA,168,173.54166666666666,5.156417724252997,2008,-1.6404054172667564
2008,27,clear creek,lcc,NA,NA,NA,168.48809523809524,5.126865095890525,2008,-1.7298360527198595
2008,27,clear creek,ucc,NA,NA,NA,168.48809523809524,5.126865095890525,2008,-1.7356699241946232
2008,28,clear creek,lcc,NA,NA,NA,154.9300595238095,5.042973786206213,2008,-1.9813932963588534
2008,28,clear creek,ucc,NA,NA,NA,154.9300595238095,5.042973786206213,2008,-2.0060981295842186
2008,29,clear creek,lcc,NA,NA,NA,106.96577380952382,4.672508912353256,2008,-3.092272633947078
2008,29,clear creek,ucc,NA,NA,NA,106.96577380952382,4.672508912353256,2008,-3.2003118255312324
2008,30,clear creek,lcc,NA,NA,NA,91.42778973034997,4.515549477437557,2008,-3.5629326219614352
2008,30,clear creek,ucc,NA,NA,NA,91.42778973034997,4.515549477437557,2008,-3.7062791118085
2008,31,clear creek,lcc,NA,NA,NA,87.19173669467789,4.468109563748955,2008,-3.7051863782907164
2008,31,clear creek,ucc,NA,NA,NA,87.19173669467789,4.468109563748955,2008,-3.859204257105701
2008,32,clear creek,lcc,NA,NA,NA,87.11443452380952,4.467222593707724,2008,-3.707846054717298
2008,32,clear creek,ucc,NA,NA,NA,87.11443452380952,4.467222593707724,2008,-3.8620634533369556
2008,33,clear creek,lcc,NA,NA,NA,87.99300595238095,4.4772573335058246,2008,-3.677755792761158
2008,33,clear creek,ucc,NA,NA,NA,87.99300595238095,4.4772573335058246,2008,-3.829715923117633
2008,34,clear creek,lcc,NA,NA,NA,88.04300595238097,4.477825399105625,2008,-3.6760523860909116
2008,34,clear creek,ucc,NA,NA,NA,88.04300595238097,4.477825399105625,2008,-3.8278847327204906
2008,35,clear creek,lcc,NA,NA,NA,87.72857142857143,4.47424763228004,2008,-3.6867807102095127
2008,35,clear creek,ucc,NA,NA,NA,87.72857142857143,4.47424763228004,2008,-3.8394178589237447
2008,36,clear creek,lcc,NA,NA,NA,89.4547619047619,4.493733043918009,2008,-3.628351577784901
2008,36,clear creek,ucc,NA,NA,NA,89.4547619047619,4.493733043918009,2008,-3.7766055733561132
2008,37,clear creek,lcc,NA,NA,NA,98.6435479323308,4.591512826704076,2008,-3.3351482324819965
2008,37,clear creek,ucc,NA,NA,NA,98.6435479323308,4.591512826704076,2008,-3.4614071185730775
2008,38,clear creek,lcc,NA,NA,NA,172.97916666666669,5.1531711633541395,2008,-1.6509544397490983
2008,38,clear creek,ucc,NA,NA,NA,172.97916666666669,5.1531711633541395,2008,-1.6508708831281191
2008,39,clear creek,lcc,NA,NA,NA,168.02827380952382,5.124132261728255,2008,-1.7380307540753404
2008,39,clear creek,ucc,NA,NA,NA,168.02827380952382,5.124132261728255,2008,-1.7444793639436396
2008,40,clear creek,lcc,NA,NA,NA,207.77380952380955,5.3364500337815235,2008,-1.1013727532135422
2008,40,clear creek,ucc,NA,NA,NA,207.77380952380955,5.3364500337815235,2008,-1.0600614631533813
2008,41,clear creek,lcc,NA,NA,NA,203.3318452380952,5.314839349971296,2008,-1.1661747460887513
2008,41,clear creek,ucc,NA,NA,NA,203.3318452380952,5.314839349971296,2008,-1.1297246793081146
2008,42,clear creek,lcc,NA,NA,NA,201.98363095238093,5.308186659228498,2008,-1.1861235650109792
2008,42,clear creek,ucc,NA,NA,NA,201.98363095238093,5.308186659228498,2008,-1.1511699902152497
2008,43,clear creek,lcc,NA,NA,NA,200.74404761904765,5.302030701672698,2008,-1.204582875284272
2008,43,clear creek,ucc,NA,NA,NA,200.74404761904765,5.302030701672698,2008,-1.1710140546425898
2008,44,clear creek,lcc,NA,NA,NA,222.74404761904762,5.406023343744929,2008,-0.8927495936622688
2008,44,clear creek,ucc,NA,NA,NA,222.74404761904762,5.406023343744929,2008,-0.8357881096055815
2008,45,clear creek,lcc,NA,NA,NA,219.9241071428571,5.393282519304907,2009,-0.930954345619069
2008,45,clear creek,ucc,NA,NA,NA,219.9241071428571,5.393282519304907,2009,-0.8768588510383303
2008,46,clear creek,lcc,95,32.73684210526316,144,274.20684523809524,5.613882731215205,2009,-0.2694605453296468
2008,46,clear creek,ucc,111,32.77477477477478,144,274.20684523809524,5.613882731215205,2009,-0.16574205431698627
2008,47,clear creek,lcc,72,36.763888888888886,168,195.81696428571428,5.277180367230508,2009,-1.2790993139870224
2008,47,clear creek,ucc,327,33.91131498470948,168,195.81696428571428,5.277180367230508,2009,-1.2511204610370226
2008,48,clear creek,lcc,361,33.878116343490305,168,195.11607142857142,5.273594619575058,2009,-1.2898515694945865
2008,48,clear creek,ucc,1284,34.00778816199377,168,195.11607142857142,5.273594619575058,2009,-1.2626793138799715
2008,49,clear creek,lcc,1512,34.31666666666667,168,194.15029761904762,5.268632589110045,2009,-1.3047307591428168
2008,49,clear creek,ucc,2590,34.12350877192983,168,194.15029761904762,5.268632589110045,2009,-1.2786746893102923
2008,50,clear creek,lcc,1781,34.55684754521964,168,190.80401785714284,5.2512468167439526,2009,-1.356863894164872
2008,50,clear creek,ucc,2269,34.35906331309627,168,190.80401785714284,5.2512468167439526,2009,-1.33471867334114
2008,51,clear creek,lcc,4760,35.16461684011353,168,203.80654761904765,5.317171247942059,2009,-1.1591822956409035
2008,51,clear creek,ucc,1931,34.439363817097416,168,203.80654761904765,5.317171247942059,2009,-1.1222076792069338
2008,52,clear creek,lcc,8995,35.728960396039604,144,216.17559523809524,5.37609101834378,2009,-0.9825049366406201
2008,52,clear creek,ucc,1290,34.773856209150324,168,216.17559523809524,5.37609101834378,2009,-0.9322765906154787
2008,53,clear creek,lcc,1267,35.88284518828452,24,211.203125,5.352820348124156,2009,-1.052284579849305
2008,53,clear creek,ucc,60,34.15625,24,211.203125,5.352820348124156,2009,-1.0072908633618107
2009,1,clear creek,lcc,10118,35.94750656167979,168,209.15625,5.3430815803009155,2009,-1.0814873375517817
2009,1,clear creek,ucc,696,34.61032028469751,168,209.15625,5.3430815803009155,2009,-1.038684311801885
2009,2,clear creek,lcc,30536,36.75997295469912,168,218.01190476190476,5.384549670297635,2009,-0.9571407460180082
2009,2,clear creek,ucc,322,35.22510822510822,168,218.01190476190476,5.384549670297635,2009,-0.9050096653939731
2009,3,clear creek,lcc,32766,36.78944562899787,168,216.40922619047618,5.37717118095478,2009,-0.979265951218559
2009,3,clear creek,ucc,309,34.743589743589745,168,216.40922619047618,5.37717118095478,2009,-0.9287946276145322
2009,4,clear creek,lcc,42841,37.03512880562061,168,217.10416666666669,5.380377269084537,2009,-0.9696521462151515
2009,4,clear creek,ucc,242,35.053892215568865,168,217.10416666666669,5.380377269084537,2009,-0.9184596279284648
2009,5,clear creek,lcc,34507,NA,168,217.24553571428572,5.381028214863185,2009,-0.967700214287384
2009,5,clear creek,ucc,84,NA,168,217.24553571428572,5.381028214863185,2009,-0.9163612687612513
2009,6,clear creek,lcc,80669,NA,168,233.95089285714283,5.455111233749237,2009,-0.7455542005755982
2009,6,clear creek,ucc,26,NA,168,233.95089285714283,5.455111233749237,2009,-0.6775506229078454
2009,7,clear creek,lcc,32083,NA,168,475.1711309523809,6.163675014840162,2009,1.3791515929612974
2009,7,clear creek,ucc,24,NA,120,475.1711309523809,6.163675014840162,2009,1.606543312990225
2009,8,clear creek,lcc,12677,NA,168,576.5119047619048,6.35699598955992,2009,1.958845624692453
2009,8,clear creek,ucc,NA,NA,NA,576.5119047619048,6.35699598955992,2009,2.229724003032638
2009,9,clear creek,lcc,9596,38.5,144,484.33184523809524,6.182770302436535,2009,1.43641089588926
2009,9,clear creek,ucc,NA,NA,NA,484.33184523809524,6.182770302436535,2009,1.6680980124640743
2009,10,clear creek,lcc,6214,39,168,316.8392857142857,5.75839466018843,2009,0.1638742382403915
2009,10,clear creek,ucc,NA,NA,NA,316.8392857142857,5.75839466018843,2009,0.3001000186781612
2009,11,clear creek,lcc,5316,37.225806451612904,168,365.7514880952381,5.901954108505048,2009,0.5943529046572097
2009,11,clear creek,ucc,NA,NA,NA,365.7514880952381,5.901954108505048,2009,0.7628717184057586
2009,12,clear creek,lcc,5370,37.34569629111267,168,302.4523809523809,5.711923846740092,2009,0.024526434698925292
2009,12,clear creek,ucc,NA,NA,NA,302.4523809523809,5.711923846740092,2009,0.15029882078151155
2009,13,clear creek,lcc,2315,37.270983213429254,168,259.375,5.558274890984963,2009,-0.4362067204183055
2009,13,clear creek,ucc,NA,NA,NA,259.375,5.558274890984963,2009,-0.34499695563685195
2009,14,clear creek,lcc,973,37.69597069597069,168,248.51488095238096,5.515502726851935,2009,-0.5644637205088796
2009,14,clear creek,ucc,NA,NA,NA,248.51488095238096,5.515502726851935,2009,-0.4828753560415015
2009,15,clear creek,lcc,1022,37.02152641878669,168,297.23809523809524,5.694533485107302,2009,-0.027620461739956633
2009,15,clear creek,ucc,NA,NA,NA,297.23809523809524,5.694533485107302,2009,0.0942400429995388
2009,16,clear creek,lcc,933,37.18756698821007,168,245.90625,5.504950365735257,2009,-0.5961061264551429
2009,16,clear creek,ucc,NA,NA,NA,245.90625,5.504950365735257,2009,-0.5168914667703067
2009,17,clear creek,lcc,776,40.70747422680412,168,231.375,5.444039770893662,2009,-0.7787531897138126
2009,17,clear creek,ucc,NA,NA,NA,231.375,5.444039770893662,2009,-0.7132400863616591
2009,18,clear creek,lcc,1088,38.88273921200751,168,518.3244047619048,6.25060131025713,2009,1.6398095724007404
2009,18,clear creek,ucc,NA,NA,NA,518.3244047619048,6.25060131025713,2009,1.886754960170796
2009,19,clear creek,lcc,996,44.91566265060241,168,341.5238095238096,5.8334173970016,2009,0.38883809866876096
2009,19,clear creek,ucc,NA,NA,NA,341.5238095238096,5.8334173970016,2009,0.5419398964455655
2009,20,clear creek,lcc,1142,50.20140105078809,168,268.4017857142857,5.592485058258277,2009,-0.33362380192426855
2009,20,clear creek,ucc,NA,NA,NA,268.4017857142857,5.592485058258277,2009,-0.23471861838578587
2009,21,clear creek,lcc,630,52.4984126984127,168,250.51041666666666,5.523500503160017,2009,-0.5404815157862056
2009,21,clear creek,ucc,NA,NA,NA,250.51041666666666,5.523500503160017,2009,-0.457094088562892
2009,22,clear creek,lcc,350,49.371428571428574,168,234.7901785714286,5.458692258166944,2009,-0.7348161082116562
2009,22,clear creek,ucc,NA,NA,NA,234.7901785714286,5.458692258166944,2009,-0.6660069956789835
2009,23,clear creek,lcc,49,56.06122448979592,168,179.82770989974938,5.19199922528953,2009,-1.5345242603530849
2009,23,clear creek,ucc,NA,NA,NA,179.82770989974938,5.19199922528953,2009,-1.5257065109487287
2009,24,clear creek,lcc,602,53.67672413793103,168,180.91710526315788,5.198038944388548,2009,-1.516413503772694
2009,24,clear creek,ucc,NA,NA,NA,180.91710526315788,5.198038944388548,2009,-1.5062371475170342
2009,25,clear creek,lcc,60,54.25,168,169.41964285714286,5.132378730968736,2009,-1.713302816465409
2009,25,clear creek,ucc,NA,NA,NA,169.41964285714286,5.132378730968736,2009,-1.717896421253918
2009,26,clear creek,lcc,45,56.65909090909091,168,151.10863095238093,5.01799898844406,2009,-2.056282951903989
2009,26,clear creek,ucc,NA,NA,NA,151.10863095238093,5.01799898844406,2009,-2.086605750268677
2009,27,clear creek,lcc,2,69,24,126.37351190476191,4.83924190203698,2009,-2.5923055757814604
2009,27,clear creek,ucc,NA,NA,NA,126.37351190476191,4.83924190203698,2009,-2.6628389532029186
2009,28,clear creek,lcc,NA,NA,NA,117.65178571428571,4.767729293250158,2009,-2.806743934409335
2009,28,clear creek,ucc,NA,NA,NA,117.65178571428571,4.767729293250158,2009,-2.8933637421199396
2009,29,clear creek,lcc,NA,NA,NA,115.4077380952381,4.7484714063774,2009,-2.8644908090051966
2009,29,clear creek,ucc,NA,NA,NA,115.4077380952381,4.7484714063774,2009,-2.95544258921618
2009,30,clear creek,lcc,NA,NA,NA,116.95833333333334,4.761817746013937,2009,-2.824470353677093
2009,30,clear creek,ucc,NA,NA,NA,116.95833333333334,4.761817746013937,2009,-2.9124199365718186
2009,31,clear creek,lcc,NA,NA,NA,116.48214285714286,4.757737981060947,2009,-2.836703973942781
2009,31,clear creek,ucc,NA,NA,NA,116.48214285714286,4.757737981060947,2009,-2.92557128107699
2009,32,clear creek,lcc,NA,NA,NA,117.25446428571429,4.764346481533022,2009,-2.8168876643679512
2009,32,clear creek,ucc,NA,NA,NA,117.25446428571429,4.764346481533022,2009,-2.9042684199140796
2009,33,clear creek,lcc,NA,NA,NA,115.63839285714286,4.750468019240629,2009,-2.8585037475279322
2009,33,clear creek,ucc,NA,NA,NA,115.63839285714286,4.750468019240629,2009,-2.9490063989183675
2009,34,clear creek,lcc,NA,NA,NA,114.29315476190474,4.738766680660096,2009,-2.89359148773943
2009,34,clear creek,ucc,NA,NA,NA,114.29315476190474,4.738766680660096,2009,-2.986726301073874
2009,35,clear creek,lcc,NA,NA,NA,114.32440476190474,4.739040062986981,2009,-2.8927717210094848
2009,35,clear creek,ucc,NA,NA,NA,114.32440476190474,4.739040062986981,2009,-2.9858450382550803
2009,36,clear creek,lcc,NA,NA,NA,115.01785714285714,4.745087395811741,2009,-2.874638133841888
2009,36,clear creek,ucc,NA,NA,NA,115.01785714285714,4.745087395811741,2009,-2.9663511315638207
2009,37,clear creek,lcc,NA,NA,NA,126.33333333333334,4.838923916414316,2009,-2.5932590903594908
2009,37,clear creek,ucc,NA,NA,NA,126.33333333333334,4.838923916414316,2009,-2.6638639971746976
2009,38,clear creek,lcc,NA,NA,NA,258.48958333333337,5.554855396553705,2009,-0.4464604474968678
2009,38,clear creek,ucc,NA,NA,NA,258.48958333333337,5.554855396553705,2009,-0.3560198821576627
2009,39,clear creek,lcc,NA,NA,NA,272.83035714285717,5.608850199627347,2009,-0.28455114028556855
2009,39,clear creek,ucc,NA,NA,NA,272.83035714285717,5.608850199627347,2009,-0.1819646939562076
2009,40,clear creek,lcc,NA,NA,NA,274.60267857142856,5.615325247734325,2009,-0.2651350021855592
2009,40,clear creek,ucc,NA,NA,NA,274.60267857142856,5.615325247734325,2009,-0.16109202375984766
2009,41,clear creek,lcc,NA,NA,NA,298.3080357142857,5.698126629522893,2009,-0.016846026240209745
2009,41,clear creek,ucc,NA,NA,NA,298.3080357142857,5.698126629522893,2009,0.10582273970162195
2009,42,clear creek,lcc,NA,NA,NA,308.9345238095238,5.733129357387835,2009,0.08811347164681871
2009,42,clear creek,ucc,NA,NA,NA,308.9345238095238,5.733129357387835,2009,0.21865593918171974
2009,43,clear creek,lcc,NA,NA,NA,231.56994047619045,5.444881946585276,2009,-0.7762278340310925
2009,43,clear creek,ucc,NA,NA,NA,231.56994047619045,5.444881946585276,2009,-0.7105252871558432
2009,44,clear creek,ucc,73,32.63013698630137,48,214.32142857142858,5.367476890814309,2009,-0.960044699821996
2009,44,clear creek,lcc,NA,NA,NA,214.32142857142858,5.367476890814309,2009,-1.008335337737261
2009,45,clear creek,ucc,143,32.48951048951049,168,214.81845238095238,5.369793263884349,2010,-0.952577745083767
2009,45,clear creek,lcc,NA,NA,NA,214.81845238095238,5.369793263884349,2010,-1.0013894403978176
2009,46,clear creek,ucc,318,33.5,168,211.1994047619048,5.352802733465942,2010,-1.0073476451718366
2009,46,clear creek,lcc,NA,NA,NA,211.1994047619048,5.352802733465942,2010,-1.0523373993235103
2009,47,clear creek,lcc,40,34.125,24,213.0699404761905,5.3616204708545405,2010,-1.0258964518528428
2009,47,clear creek,ucc,1082,34.39608574091333,168,213.0699404761905,5.3616204708545405,2010,-0.9789231884960649
2009,48,clear creek,lcc,300,35.45666666666666,168,212.4985119047619,5.3589349855388315,2010,-1.0339491725267111
2009,48,clear creek,ucc,771,34.54215304798962,168,212.4985119047619,5.3589349855388315,2010,-0.9875799966596296
2009,49,clear creek,lcc,644,34.70652173913044,168,212.36011904761904,5.358283508308736,2010,-1.0359026980696213
2009,49,clear creek,ucc,765,34.63267973856209,168,212.36011904761904,5.358283508308736,2010,-0.9896800689895285
2009,50,clear creek,lcc,2618,35.066265060240966,168,266.4330357142857,5.5851229389143935,2010,-0.3556999198971298
2009,50,clear creek,ucc,1214,35.48473748473749,168,266.4330357142857,5.5851229389143935,2010,-0.2584508110231695
2009,51,clear creek,lcc,4986,36.24949426837492,168,270.2261904761905,5.599259350792388,2010,-0.3133103467654705
2009,51,clear creek,ucc,321,34.57236842105263,168,270.2261904761905,5.599259350792388,2010,-0.2128813174820632
2009,52,clear creek,lcc,4319,37.11742182514359,168,243.59970238095238,5.495526314081927,2010,-0.6243651733903307
2009,52,clear creek,ucc,141,34.780141843971634,168,243.59970238095238,5.495526314081927,2010,-0.5472704104976047
2009,53,clear creek,lcc,NA,NA,NA,245.125,5.50176828451651,2010,-0.605647944117016
2009,53,clear creek,ucc,NA,NA,NA,245.125,5.50176828451651,2010,-0.5271490788713445
2010,1,clear creek,lcc,19151,37.286039453717756,168,305.40327380952385,5.721633112470114,2010,0.05364072715655754
2010,1,clear creek,ucc,112,35.90909090909091,168,305.40327380952385,5.721633112470114,2010,0.1815971676174477
2010,2,clear creek,lcc,34060,37.37712609970674,168,284.59374999999994,5.651062724768092,2010,-0.1579722787633562
2010,2,clear creek,ucc,300,35.690677966101696,168,284.59374999999994,5.651062724768092,2010,-0.04589032032046485
2010,3,clear creek,lcc,11119,37.4317617866005,168,836.3705357142857,6.729071739428339,2010,3.0745553497405793
2010,3,clear creek,ucc,50,35.59183673469388,168,836.3705357142857,6.729071739428339,2010,3.4291304455419107
2010,4,clear creek,lcc,2716,37.342233009708735,168,980.6770833333333,6.888243234462693,2010,3.551848441330344
2010,4,clear creek,ucc,9,51.77777777777778,168,980.6770833333333,6.888243234462693,2010,3.94222842807786
2010,5,clear creek,lcc,2716,37.18535211267606,168,350.3839285714285,5.859029492061242,2010,0.4656387596820217
2010,5,clear creek,ucc,9,49.888888888888886,168,350.3839285714285,5.859029492061242,2010,0.624501879674942
2010,6,clear creek,lcc,3005,37.426793557833086,168,611.3571428571429,6.4156813102663515,2010,2.1348199607057214
2010,6,clear creek,ucc,0,NA,168,611.3571428571429,6.4156813102663515,2010,2.4188993302634745
2010,7,clear creek,lcc,1336,37.2559880239521,168,426.9925595238095,6.056766588074019,2010,1.0585750128569453
2010,7,clear creek,ucc,3,64.33333333333333,168,426.9925595238095,6.056766588074019,2010,1.2619181772021828
2010,8,clear creek,lcc,824,37.11800486618005,168,343.18601190476187,5.838272608929925,2010,0.4033969812820923
2010,8,clear creek,ucc,0,NA,168,343.18601190476187,5.838272608929925,2010,0.5575909365056605
2010,9,clear creek,lcc,831,37.15465465465466,168,531.78125,6.2762322205717105,2010,1.7166666530084576
2010,9,clear creek,ucc,4,62.5,168,531.78125,6.2762322205717105,2010,1.9693775953991248
2010,10,clear creek,lcc,473,37.0507399577167,168,364.7782738095238,5.89928969998343,2010,0.5863633850496508
2010,10,clear creek,ucc,8,76.5,168,364.7782738095238,5.89928969998343,2010,0.7542828524357619
2010,11,clear creek,lcc,200,37.51,168,335.8050595238095,5.8165308116050065,2010,0.33820183023014827
2010,11,clear creek,ucc,14,78.35714285714286,168,335.8050595238095,5.8165308116050065,2010,0.48750506879603395
2010,12,clear creek,lcc,116,37.94827586206897,168,271.8184523809524,5.605134388967296,2010,-0.29569340390076587
2010,12,clear creek,ucc,7,76.57142857142857,168,271.8184523809524,5.605134388967296,2010,-0.19394281197756646
2010,13,clear creek,lcc,59,39,168,254.75892857142853,5.5403177198554,2010,-0.49005325696547897
2010,13,clear creek,ucc,4,66.5,168,254.75892857142853,5.5403177198554,2010,-0.4028828746994514
2010,14,clear creek,lcc,159,37.125786163522015,168,280.8511904761905,5.637824957802253,2010,-0.19766716709437743
2010,14,clear creek,ucc,2,82.5,168,280.8511904761905,5.637824957802253,2010,-0.08856298304809261
2010,15,clear creek,lcc,167,38.119760479041915,168,505.7202380952381,6.225983627248059,2010,1.5659907643997208
2010,15,clear creek,ucc,2,83,168,505.7202380952381,6.225983627248059,2010,1.8073985183409473
2010,16,clear creek,lcc,275,38.21653543307087,168,360.76339285714283,5.8882223220019885,2010,0.5531766448521388
2010,16,clear creek,ucc,3,102.33333333333333,168,360.76339285714283,5.8882223220019885,2010,0.7186065567961767
2010,17,clear creek,lcc,130,40.89230769230769,168,341.05059523809524,5.832030839409557,2010,0.38468035447196874
2010,17,clear creek,ucc,0,NA,168,341.05059523809524,5.832030839409557,2010,0.5374702525373142
2010,18,clear creek,lcc,60,44.18333333333333,168,298.32142857142856,5.698171524580702,2010,-0.01671140351184875
2010,18,clear creek,ucc,6,92.16666666666667,168,298.32142857142856,5.698171524580702,2010,0.10596746136540183
2010,19,clear creek,lcc,183,41.704918032786885,168,287.17113095238096,5.660078313153666,2010,-0.13093805349505314
2010,19,clear creek,ucc,0,NA,168,287.17113095238096,5.660078313153666,2010,-0.016828080181210875
2010,20,clear creek,lcc,41,53.48780487804878,168,258.4002976190476,5.554509923684283,2010,-0.4474963855828378
2010,20,clear creek,ucc,0,NA,168,258.4002976190476,5.554509923684283,2010,-0.3571335327662917
2010,21,clear creek,lcc,80,49.2125,168,542.4196428571429,6.296039950677571,2010,1.7760622925201761
2010,21,clear creek,ucc,0,NA,168,542.4196428571429,6.296039950677571,2010,2.033228892101088
2010,22,clear creek,lcc,39,52.40625,168,370.2172619047619,5.914090027644328,2010,0.6307437820817119
2010,22,clear creek,ucc,0,NA,168,370.2172619047619,5.914090027644328,2010,0.8019925146591305
2010,23,clear creek,lcc,52,57.80769230769231,168,437.20535714285717,6.080403009527535,2010,1.1294514010395915
2010,23,clear creek,ucc,0,NA,168,437.20535714285717,6.080403009527535,2010,1.3381114689693465
2010,24,clear creek,lcc,12,59,168,276.7395833333333,5.62307693161509,2010,-0.2418907324519713
2010,24,clear creek,ucc,0,NA,168,276.7395833333333,5.62307693161509,2010,-0.13610404862259945
2010,25,clear creek,lcc,6,59.166666666666664,168,179.66220238095238,5.1910784343308025,2010,-1.5372853524902428
2010,25,clear creek,ucc,0,NA,168,179.66220238095238,5.1910784343308025,2010,-1.5286747307493818
2010,26,clear creek,lcc,4,57.5,144,174.38988095238096,5.161293487729498,2010,-1.6265987640599733
2010,26,clear creek,ucc,0,NA,144,174.38988095238096,5.161293487729498,2010,-1.6246881281719023
2010,27,clear creek,lcc,NA,NA,NA,167.86755952380955,5.123175332335095,2010,-1.7409002112504204
2010,27,clear creek,ucc,NA,NA,NA,167.86755952380955,5.123175332335095,2010,-1.7475640779557424
2010,28,clear creek,lcc,NA,NA,NA,162.22767857142858,5.089000771829872,2010,-1.8433763589660577
2010,28,clear creek,ucc,NA,NA,NA,162.22767857142858,5.089000771829872,2010,-1.8577276348507634
2010,29,clear creek,lcc,NA,NA,NA,154.53125,5.040396341257086,2010,-1.989122046207598
2010,29,clear creek,ucc,NA,NA,NA,154.53125,5.040396341257086,2010,-2.0144066637423546
2010,30,clear creek,lcc,NA,NA,NA,139.98214285714286,4.941514863453573,2010,-2.2856289442022244
2010,30,clear creek,ucc,NA,NA,NA,139.98214285714286,4.941514863453573,2010,-2.3331564924111463
2010,31,clear creek,lcc,NA,NA,NA,121.7767857142857,4.80218974363178,2010,-2.703410514712105
2010,31,clear creek,ucc,NA,NA,NA,121.7767857142857,4.80218974363178,2010,-2.7822786036391163
2010,32,clear creek,lcc,NA,NA,NA,97.50654761904761,4.579919530816156,2010,-3.3699119948935135
2010,32,clear creek,ucc,NA,NA,NA,97.50654761904761,4.579919530816156,2010,-3.498778739225068
2010,33,clear creek,lcc,NA,NA,NA,94.99464285714285,4.553820499033066,2010,-3.4481727887910747
2010,33,clear creek,ucc,NA,NA,NA,94.99464285714285,4.553820499033066,2010,-3.5829103895004804
2010,34,clear creek,lcc,NA,NA,NA,94.08928571428571,4.544244179474137,2010,-3.47688842765183
2010,34,clear creek,ucc,NA,NA,NA,94.08928571428571,4.544244179474137,2010,-3.613780177113808
2010,35,clear creek,lcc,NA,NA,NA,95.01949404761903,4.554082071051051,2010,-3.4473884365607326
2010,35,clear creek,ucc,NA,NA,NA,95.01949404761903,4.554082071051051,2010,-3.5820671978556033
2010,36,clear creek,lcc,NA,NA,NA,95.09910714285715,4.554919580893782,2010,-3.4448770719348754
2010,36,clear creek,ucc,NA,NA,NA,95.09910714285715,4.554919580893782,2010,-3.5793674392677564
2010,37,clear creek,lcc,NA,NA,NA,114.5607142857143,4.741104938228812,2010,-2.8865799673433656
2010,37,clear creek,ucc,NA,NA,NA,114.5607142857143,4.741104938228812,2010,-2.9791888004623575
2010,38,clear creek,lcc,NA,NA,NA,200.67410714285714,5.301682234738313,2010,-1.2056277914006508
2010,38,clear creek,ucc,NA,NA,NA,200.67410714285714,5.301682234738313,2010,-1.1721373567826803
2010,39,clear creek,lcc,NA,NA,NA,219.32142857142858,5.390538364154195,2010,-0.9391829941933786
2010,39,clear creek,ucc,NA,NA,NA,219.32142857142858,5.390538364154195,2010,-0.8857047846101166
2010,40,clear creek,lcc,NA,NA,NA,220.15029761904762,5.394310484092958,2010,-0.927871881063287
2010,40,clear creek,ucc,NA,NA,NA,220.15029761904762,5.394310484092958,2010,-0.873545150562293
2010,41,clear creek,lcc,NA,NA,NA,218.60714285714286,5.387276250675866,2010,-0.9489647973161826
2010,41,clear creek,ucc,NA,NA,NA,218.60714285714286,5.387276250675866,2010,-0.8962203850583804
2010,42,clear creek,lcc,NA,NA,NA,219.66517857142858,5.392104471478046,2010,-0.9344868505390094
2010,42,clear creek,ucc,NA,NA,NA,219.66517857142858,5.392104471478046,2010,-0.8806563523633182
2010,43,clear creek,lcc,NA,NA,NA,280.4404761904762,5.636361496349293,2010,-0.20205551590742832
2010,43,clear creek,ucc,NA,NA,NA,280.4404761904762,5.636361496349293,2010,-0.09328053074010016
2010,44,clear creek,lcc,2,99,72,230.82886904761904,5.441676609340456,2010,-0.7858393874241026
2010,44,clear creek,ucc,0,NA,72,230.82886904761904,5.441676609340456,2010,-0.7208578663234227
2010,45,clear creek,lcc,4,71.5,144,271.9032738095238,5.605446392057016,2011,-0.2947578286003911
2010,45,clear creek,ucc,0,NA,144,271.9032738095238,5.605446392057016,2011,-0.1929370530265332
2010,46,clear creek,lcc,15,36.8,168,226.36160714285714,5.422133752191057,2011,-0.8444407764813618
2010,46,clear creek,ucc,0,NA,168,226.36160714285714,5.422133752191057,2011,-0.7838553306255621
2010,47,clear creek,lcc,56,34.785714285714285,168,256.1636904761905,5.545816656062921,2011,-0.47356409687826645
2010,47,clear creek,ucc,16,36.125,168,256.1636904761905,5.545816656062921,2011,-0.3851567543689
2010,48,clear creek,lcc,213,33.836363636363636,168,240.5625,5.482979931043965,2011,-0.6619868715917938
2010,48,clear creek,ucc,298,34.14909090909091,168,240.5625,5.482979931043965,2011,-0.5877143594817618
2010,49,clear creek,lcc,1708,34.48693586698337,168,311.3913690476191,5.7410505424056995,2011,0.11186600903057048
2010,49,clear creek,ucc,961,34.02173913043478,168,311.3913690476191,5.7410505424056995,2011,0.24419031046524095
2010,50,clear creek,lcc,2570,35.18829268292683,168,294.63690476190476,5.685743766929257,2011,-0.053977390551211826
2010,50,clear creek,ucc,488,34.07823960880196,168,294.63690476190476,5.685743766929257,2011,0.06590590777488248
2010,51,clear creek,lcc,3122,36.019007391763466,168,351.6041666666667,5.862506016328593,2011,0.47606349694539185
2010,51,clear creek,ucc,216,34.25,144,351.6041666666667,5.862506016328593,2011,0.63570864497817825
2010,52,clear creek,lcc,6785,36.10324232081911,120,543.7232142857143,6.298440320105783,2011,1.783260062102611
2010,52,clear creek,ucc,30,34.958333333333336,144,543.7232142857143,6.298440320105783,2011,2.04096661367423
2010,53,clear creek,lcc,NA,NA,NA,406.0416666666667,6.006455781593716,2011,0.9077125713112668
2010,53,clear creek,ucc,NA,NA,NA,406.0416666666667,6.006455781593716,2011,1.0997385526454817
2011,1,clear creek,lcc,8942,36.382132132132135,168,298.577380952381,5.699029131908967,2011,-0.014139774383220874
2011,1,clear creek,ucc,4,31.5,168,298.577380952381,5.699029131908967,2011,0.10873200529235176
2011,2,clear creek,lcc,12127,36.52578018995929,168,257.2529761904762,5.550059943900788,2011,-0.46084013540385976
2011,2,clear creek,ucc,6,41.5,168,257.2529761904762,5.550059943900788,2011,-0.37147828493906254
2011,3,clear creek,lcc,31433,36.79898541534559,168,252.63095238095235,5.531929737567736,2011,-0.5152055368847918
2011,3,clear creek,ucc,4,45.5,168,252.63095238095235,5.531929737567736,2011,-0.42992199240340345
2011,4,clear creek,lcc,37776,36.35361730899256,144,237.94642857142858,5.4720455582988965,2011,-0.6947747810787416
2011,4,clear creek,ucc,5,49.2,144,237.94642857142858,5.4720455582988965,2011,-0.6229619054985895
2011,5,clear creek,lcc,31254,36.917400135409615,144,229.8407738095238,5.4373867813966745,2011,-0.798702904483068
2011,5,clear creek,ucc,0,NA,168,229.8407738095238,5.4373867813966745,2011,-0.7346863603191935
2011,6,clear creek,lcc,38289,36.58629441624365,168,223.1547619047619,5.407865530326699,2011,-0.8872255962360426
2011,6,clear creek,ucc,1,58,168,223.1547619047619,5.407865530326699,2011,-0.8298497208359267
2011,7,clear creek,lcc,45480,36.22212543554007,168,333.0967261904762,5.808432916842949,2011,0.313919409401489
2011,7,clear creek,ucc,3,41.333333333333336,168,333.0967261904762,5.808432916842949,2011,0.4614010640287017
2011,8,clear creek,lcc,7789,35.29124423963134,168,334.6979166666667,5.813228383718275,2011,0.3282991399559259
2011,8,clear creek,ucc,6,60.666666666666664,168,334.6979166666667,5.813228383718275,2011,0.47685951265681153
2011,9,clear creek,lcc,6094,35.4053862508859,168,353.1398809523809,5.866864241762914,2011,0.48913211134109874
2011,9,clear creek,ucc,7,67.42857142857143,168,353.1398809523809,5.866864241762914,2011,0.649757622009551
2011,10,clear creek,lcc,1201,35.609756097560975,168,326.2202380952381,5.7875727302465645,2011,0.2513678642923674
2011,10,clear creek,ucc,5,62.8,168,326.2202380952381,5.7875727302465645,2011,0.39415711651398977
2011,11,clear creek,lcc,479,36.48726114649681,144,451.1830357142857,6.111873101326059,2011,1.223817904312614
2011,11,clear creek,ucc,1,80,168,451.1830357142857,6.111873101326059,2011,1.4395570237061337
2011,12,clear creek,lcc,192,38.59322033898305,168,969.2991071428571,6.876573240362119,2011,3.5168546909613156
2011,12,clear creek,ucc,0,NA,168,969.2991071428571,6.876573240362119,2011,3.904609566560485
2011,13,clear creek,lcc,489,41.60940695296524,168,782.2113095238097,6.662124920825697,2011,2.873808011053725
2011,13,clear creek,ucc,0,NA,168,782.2113095238097,6.662124920825697,2011,3.2133237299311657
2011,14,clear creek,lcc,309,43.86084142394822,168,368.66220238095235,5.909880784066763,2011,0.6181219060356485
2011,14,clear creek,ucc,0,NA,168,368.66220238095235,5.909880784066763,2011,0.7884237887563882
2011,15,clear creek,lcc,53,48.075471698113205,168,302.6279761904762,5.712504249792189,2011,0.026266836565752287
2011,15,clear creek,ucc,0,NA,168,302.6279761904762,5.712504249792189,2011,0.15216978162801437
2011,16,clear creek,lcc,130,39.63846153846154,168,283.2886904761905,5.646466485376685,2011,-0.17175460397389739
2011,16,clear creek,ucc,0,NA,168,283.2886904761905,5.646466485376685,2011,-0.06070654830446667
2011,17,clear creek,lcc,109,59.8348623853211,168,267.0625,5.587482713404244,2011,-0.3486238786658013
2011,17,clear creek,ucc,0,NA,168,267.0625,5.587482713404244,2011,-0.25084394944458954
2011,18,clear creek,lcc,203,56.63054187192118,168,252.8125,5.532648107252811,2011,-0.513051427018449
2011,18,clear creek,ucc,0,NA,168,252.8125,5.532648107252811,2011,-0.4276062886019933
2011,19,clear creek,lcc,112,66,168,243.57589285714286,5.4954285689400875,2011,-0.6246582728609753
2011,19,clear creek,ucc,0,NA,168,243.57589285714286,5.4954285689400875,2011,-0.5475854972854087
2011,20,clear creek,lcc,246,54.39430894308943,168,253.90178571428572,5.536947521826057,2011,-0.5001591634052464
2011,20,clear creek,ucc,4,67.75,168,253.90178571428572,5.536947521826057,2011,-0.4137468915840672
2011,21,clear creek,lcc,176,56.25568181818182,168,524.0982142857142,6.261679098600855,2011,1.6730275292052064
2011,21,clear creek,ucc,0,NA,168,524.0982142857142,6.261679098600855,2011,1.9224648141801377
2011,22,clear creek,lcc,127,58.52755905511811,168,264.4895833333333,5.577801868040172,2011,-0.37765294955580514
2011,22,clear creek,ucc,0,NA,168,264.4895833333333,5.577801868040172,2011,-0.2820506816831448
2011,23,clear creek,lcc,170,61.34117647058824,168,485.7976190476191,6.185792115460177,2011,1.4454721318847432
2011,23,clear creek,ucc,0,NA,144,485.7976190476191,6.185792115460177,2011,1.6778389913101721
2011,24,clear creek,lcc,21,68.85714285714286,168,242.46874999999997,5.490872836094223,2011,-0.6383191347759213
2011,24,clear creek,ucc,0,NA,168,242.46874999999997,5.490872836094223,2011,-0.5622711502139149
2011,25,clear creek,lcc,39,68.8974358974359,168,172.03571428571428,5.147702096455017,2011,-1.6673540334566903
2011,25,clear creek,ucc,0,NA,168,172.03571428571428,5.147702096455017,2011,-1.6685007181164013
2011,26,clear creek,lcc,9,65.11111111111111,144,158.48214285714286,5.065641923608467,2011,-1.9134204135322617
2011,26,clear creek,ucc,0,NA,144,158.48214285714286,5.065641923608467,2011,-1.9330261541879072
2011,27,clear creek,lcc,NA,NA,NA,138.20386904761907,4.928729906944721,2011,-2.3239660309817003
2011,27,clear creek,ucc,NA,NA,NA,138.20386904761907,4.928729906944721,2011,-2.3743694959711505
2011,28,clear creek,lcc,NA,NA,NA,122.14285714285714,4.805191319881447,2011,-2.694409960890978
2011,28,clear creek,ucc,NA,NA,NA,122.14285714285714,4.805191319881447,2011,-2.772602859135997
2011,29,clear creek,lcc,NA,NA,NA,123.51488095238095,4.816361642350814,2011,-2.6609145304163953
2011,29,clear creek,ucc,NA,NA,NA,123.51488095238095,4.816361642350814,2011,-2.736594716333349
2011,30,clear creek,lcc,NA,NA,NA,121.92559523809521,4.80341098358621,2011,-2.699748493485899
2011,30,clear creek,ucc,NA,NA,NA,121.92559523809521,4.80341098358621,2011,-2.7783418701387177
2011,31,clear creek,lcc,NA,NA,NA,118.78571428571429,4.777321149577669,2011,-2.777981706853109
2011,31,clear creek,ucc,NA,NA,NA,118.78571428571429,4.777321149577669,2011,-2.862443870886974
2011,32,clear creek,lcc,NA,NA,NA,118.13392857142857,4.771818968747317,2011,-2.7944805962958323
2011,32,clear creek,ucc,NA,NA,NA,118.13392857142857,4.771818968747317,2011,-2.8801804504359216
2011,33,clear creek,lcc,NA,NA,NA,116.26785714285712,4.755896642501713,2011,-2.842225428480922
2011,33,clear creek,ucc,NA,NA,NA,116.26785714285712,4.755896642501713,2011,-2.9315069361998156
2011,34,clear creek,lcc,NA,NA,NA,118.26488095238096,4.772926862603557,2011,-2.791158455709769
2011,34,clear creek,ucc,NA,NA,NA,118.26488095238096,4.772926862603557,2011,-2.876609094255734
2011,35,clear creek,lcc,NA,NA,NA,117.54761904761904,4.766843519975494,2011,-2.80940002220081
2011,35,clear creek,ucc,NA,NA,NA,117.54761904761904,4.766843519975494,2011,-2.8962190805089887
2011,36,clear creek,lcc,NA,NA,NA,114.52678571428571,4.740808732004756,2011,-2.887468174018797
2011,36,clear creek,ucc,NA,NA,NA,114.52678571428571,4.740808732004756,2011,-2.9801436373566457
2011,37,clear creek,lcc,NA,NA,NA,130.71279761904762,4.8730025318202514,2011,-2.4910706444905437
2011,37,clear creek,ucc,NA,NA,NA,130.71279761904762,4.8730025318202514,2011,-2.554009724532288
2011,38,clear creek,lcc,NA,NA,NA,232.98363095238093,5.450968197674555,2011,-0.7579775462018113
2011,38,clear creek,ucc,NA,NA,NA,232.98363095238093,5.450968197674555,2011,-0.6909059253194622
2011,39,clear creek,lcc,NA,NA,NA,242.9702380952381,5.492938958865302,2011,-0.6321236402572591
2011,39,clear creek,ucc,NA,NA,NA,242.9702380952381,5.492938958865302,2011,-0.5556108909427198
2011,40,clear creek,lcc,NA,NA,NA,251.24553571428572,5.526430690914077,2011,-0.5316950281567988
2011,40,clear creek,ucc,NA,NA,NA,251.24553571428572,5.526430690914077,2011,-0.4476484687630969
2011,41,clear creek,lcc,NA,NA,NA,250.2797619047619,5.522579339814231,2011,-0.5432437245665802
2011,41,clear creek,ucc,NA,NA,NA,250.2797619047619,5.522579339814231,2011,-0.46006350877350644
2011,42,clear creek,lcc,NA,NA,NA,246.82142857142858,5.508665113916191,2011,-0.5849670487994824
2011,42,clear creek,ucc,NA,NA,NA,246.82142857142858,5.508665113916191,2011,-0.5049167737082433
2011,43,clear creek,lcc,NA,NA,NA,245.61607142857142,5.503769631544803,2011,-0.5996466867293672
2011,43,clear creek,ucc,NA,NA,NA,245.61607142857142,5.503769631544803,2011,-0.5206976277346326
2011,44,clear creek,lcc,8,53,96,235.63392857142858,5.462279450625689,2011,-0.724059520303799
2011,44,clear creek,ucc,0,NA,96,235.63392857142858,5.462279450625689,2011,-0.6544434854339287
2011,45,clear creek,lcc,5,106.2,168,227.0922619047619,5.4253563750160785,2012,-0.8347773903904638
2011,45,clear creek,ucc,1,31,168,227.0922619047619,5.4253563750160785,2012,-0.7734670304488495
2011,46,clear creek,lcc,40,39.125,168,218.76190476190476,5.387983945525621,2012,-0.946842697108047
2011,46,clear creek,ucc,40,34.35,168,218.76190476190476,5.387983945525621,2012,-0.8939390921699651
2011,47,clear creek,lcc,185,37.9875,168,243.31250000000003,5.4943466253706745,2012,-0.6279025986811186
2011,47,clear creek,ucc,310,34.02745098039216,168,243.31250000000003,5.4943466253706745,2012,-0.5510732013027877
2011,48,clear creek,lcc,226,35.127167630057805,168,232.25446428571428,5.4478335994067955,2012,-0.7673769810553206
2011,48,clear creek,ucc,331,33.94525547445255,168,232.25446428571428,5.4478335994067955,2012,-0.7010104735421272
2011,49,clear creek,lcc,316,33.62152777777778,168,227.87053571428572,5.428777641865773,2012,-0.8245183485218686
2011,49,clear creek,ucc,691,33.76254180602007,168,227.87053571428572,5.428777641865773,2012,-0.7624383904406835
2011,50,clear creek,lcc,335,34.89776357827476,168,219.13541666666666,5.389689879666193,2012,-0.9417272674902845
2011,50,clear creek,ucc,702,34.48742746615087,168,219.13541666666666,5.389689879666193,2012,-0.8884399205646603
2011,51,clear creek,lcc,1035,35.09016393442623,168,216.89732142857142,5.3794240684184995,2012,-0.9725104223951943
2011,51,clear creek,ucc,1053,34.772346368715084,168,216.89732142857142,5.3794240684184995,2012,-0.9215323221856259
2011,52,clear creek,lcc,1232,35.354807692307695,168,216.78125,5.378888780585575,2012,-0.9741155413557965
2011,52,clear creek,ucc,606,34.67481203007519,168,216.78125,5.378888780585575,2012,-0.9232578516662057
2011,53,clear creek,lcc,NA,NA,NA,217,5.37989735354046,2012,-0.9710912253271823
2011,53,clear creek,ucc,NA,NA,NA,217,5.37989735354046,2012,-0.9200066618204351
2012,1,clear creek,lcc,5074,35.72920892494929,168,216.08928571428572,5.375691682062904,2012,-0.9837023900416958
2012,1,clear creek,ucc,335,34.873817034700316,168,216.08928571428572,5.375691682062904,2012,-0.933563872864267
2012,2,clear creek,lcc,12020,36.638396299151886,168,214.87946428571428,5.370077239685978,2012,-1.000537907978228
2012,2,clear creek,ucc,189,35.04794520547945,168,214.87946428571428,5.370077239685978,2012,-0.9516623336222262
2012,3,clear creek,lcc,47089,37.02849905003166,168,256.01934523809524,5.545253008960804,2012,-0.47525425420120104
2012,3,clear creek,ucc,151,38.15277777777778,168,256.01934523809524,5.545253008960804,2012,-0.38697370149813165
2012,4,clear creek,lcc,51594,36.99761146496815,168,273.2083333333333,5.610234629915674,2012,-0.280399775041036
2012,4,clear creek,ucc,25,40.81818181818182,168,273.2083333333333,5.610234629915674,2012,-0.17750190752733908
2012,5,clear creek,lcc,35616,36.92421323057161,168,230.32589285714286,5.439495231497383,2012,-0.7923804868491022
2012,5,clear creek,ucc,0,NA,168,230.32589285714286,5.439495231497383,2012,-0.7278896565958431
2012,6,clear creek,lcc,37718,36.3478561549101,168,231.39285714285714,5.444116946274753,2012,-0.7785217709146888
2012,6,clear creek,ucc,2,47.5,168,231.39285714285714,5.444116946274753,2012,-0.7129913073178314
2012,7,clear creek,lcc,77882,36.07847946045371,168,232.5,5.448890225027411,2012,-0.7642085738665342
2012,7,clear creek,ucc,0,NA,168,232.5,5.448890225027411,2012,-0.6976043833114812
2012,8,clear creek,lcc,45925,36.515625,168,226.08333333333331,5.4209036628709315,2012,-0.8481293334959665
2012,8,clear creek,ucc,0,NA,168,226.08333333333331,5.4209036628709315,2012,-0.7878205905382055
2012,9,clear creek,lcc,124525,36.02880400751409,144,228.1175595238095,5.429861108018809,2012,-0.8212694570686366
2012,9,clear creek,ucc,0,NA,168,228.1175595238095,5.429861108018809,2012,-0.7589457782920785
2012,10,clear creek,lcc,59785,35.89918458117124,168,224.88095238095238,5.415571161652242,2012,-0.8641194201130792
2012,10,clear creek,ucc,0,NA,168,224.88095238095238,5.415571161652242,2012,-0.8050101986184066
2012,11,clear creek,lcc,131711,36.20014347202296,168,408.5104166666667,6.012517413770945,2012,0.9258890366471327
2012,11,clear creek,ucc,0,NA,168,408.5104166666667,6.012517413770945,2012,1.1192785540781516
2012,12,clear creek,lcc,5502,35.69005847953216,168,286.7604166666667,5.658647081998914,2012,-0.13522975624298506
2012,12,clear creek,ucc,0,NA,168,286.7604166666667,5.658647081998914,2012,-0.02144173175172331
2012,13,clear creek,lcc,3952,37.52478448275862,168,720.422619047619,6.579838010709534,2012,2.6270617345408622
2012,13,clear creek,ucc,0,NA,168,720.422619047619,6.579838010709534,2012,2.9480673939232167
2012,14,clear creek,lcc,2679,39.215293244246475,168,414.422619047619,6.0268862720995635,2012,0.9689756258181479
2012,14,clear creek,ucc,0,NA,168,414.422619047619,6.0268862720995635,2012,1.1655973514116038
2012,15,clear creek,lcc,1050,37.50924369747899,168,387.9092261904762,5.960771359134644,2012,0.7707228469370807
2012,15,clear creek,ucc,0,NA,168,387.9092261904762,5.960771359134644,2012,0.9524723289286623
2012,16,clear creek,lcc,200,40.28140703517588,168,319.80654761904765,5.767716274296102,2012,0.19182611502019664
2012,16,clear creek,ucc,0,NA,168,319.80654761904765,5.767716274296102,2012,0.3301487493984008
2012,17,clear creek,lcc,281,48.91459074733096,168,268.5595238095238,5.59307257954511,2012,-0.33186205525407075
2012,17,clear creek,ucc,0,NA,168,268.5595238095238,5.59307257954511,2012,-0.23282471152196127
2012,18,clear creek,lcc,228,54.53508771929825,168,253.5,5.535363823031238,2012,-0.5049080570043345
2012,18,clear creek,ucc,0,NA,168,253.5,5.535363823031238,2012,-0.4188520308955415
2012,19,clear creek,lcc,319,56.793103448275865,168,247.54910714285714,5.511608975025961,2012,-0.5761395601213752
2012,19,clear creek,ucc,0,NA,168,247.54910714285714,5.511608975025961,2012,-0.4954270771016796
2012,20,clear creek,lcc,472,53.63559322033898,168,242.19047619047618,5.489724508258642,2012,-0.6417625210599074
2012,20,clear creek,ucc,0,NA,168,242.19047619047618,5.489724508258642,2012,-0.5659728475284945
2012,21,clear creek,lcc,515,51.44017094017094,168,380.608630952381,5.941771631831359,2012,0.713750091972442
2012,21,clear creek,ucc,0,NA,168,380.608630952381,5.941771631831359,2012,0.8912256732636845
2012,22,clear creek,lcc,93,51.204301075268816,168,227.35119047619045,5.426495916572201,2012,-0.8313603507239112
2012,22,clear creek,ucc,1,98,168,227.35119047619045,5.426495916572201,2012,-0.7697936561845925
2012,23,clear creek,lcc,106,57.405660377358494,168,671.3675595238095,6.509316765719691,2012,2.4155960884043055
2012,23,clear creek,ucc,0,NA,72,671.3675595238095,6.509316765719691,2012,2.7207383201942665
2012,24,clear creek,lcc,49,58.48979591836735,168,245.44642857142858,5.503078709864197,2012,-0.6017184907600557
2012,24,clear creek,ucc,NA,NA,NA,245.44642857142858,5.503078709864197,2012,-0.5229248513988499
2012,25,clear creek,lcc,17,61.94117647058823,168,215.0029761904762,5.370651870778254,2012,-0.9988148139625774
2012,25,clear creek,ucc,NA,NA,NA,215.0029761904762,5.370651870778254,2012,-0.9498099790025413
2012,26,clear creek,lcc,9,68.66666666666667,168,178.16071428571428,5.182686032178358,2012,-1.5624508858562531
2012,26,clear creek,ucc,NA,NA,NA,178.16071428571428,5.182686032178358,2012,-1.5557280961281525
2012,27,clear creek,lcc,NA,NA,NA,138.58779761904762,4.93150404261342,2012,-2.3156474825536852
2012,27,clear creek,ucc,NA,NA,NA,138.58779761904762,4.93150404261342,2012,-2.3654269185669285
2012,28,clear creek,lcc,NA,NA,NA,168.6369047619048,5.1277479110687185,2012,-1.727188835103343
2012,28,clear creek,ucc,NA,NA,NA,168.6369047619048,5.1277479110687185,2012,-1.7328241213906395
2012,29,clear creek,lcc,NA,NA,NA,174.92113095238096,5.164335192064528,2012,-1.6174778817973856
2012,29,clear creek,ucc,NA,NA,NA,174.92113095238096,5.164335192064528,2012,-1.614883028600287
2012,30,clear creek,lcc,NA,NA,NA,127.86309523809523,4.850960123070718,2012,-2.5571672116923505
2012,30,clear creek,ucc,NA,NA,NA,127.86309523809523,4.850960123070718,2012,-2.6250646295401068
2012,31,clear creek,lcc,NA,NA,NA,82.89791666666666,4.417609931145935,2012,-3.8566150355640594
2012,31,clear creek,ucc,NA,NA,NA,82.89791666666666,4.417609931145935,2012,-4.021992572952228
2012,32,clear creek,lcc,NA,NA,NA,81.85000000000001,4.404888303817144,2012,-3.894762222888657
2012,32,clear creek,ucc,NA,NA,NA,81.85000000000001,4.404888303817144,2012,-4.063001431451473
2012,33,clear creek,lcc,NA,NA,NA,82.04806547619049,4.407305239880825,2012,-3.887514776442545
2012,33,clear creek,ucc,NA,NA,NA,82.04806547619049,4.407305239880825,2012,-4.055210306426697
2012,34,clear creek,lcc,NA,NA,NA,81.57619047619048,4.4015374360129895,2012,-3.904810165539495
2012,34,clear creek,ucc,NA,NA,NA,81.57619047619048,4.4015374360129895,2012,-4.073803136302489
2012,35,clear creek,lcc,NA,NA,NA,81.45,4.399989335048054,2012,-3.9094523151623766
2012,35,clear creek,ucc,NA,NA,NA,81.45,4.399989335048054,2012,-4.07879352407072
2012,36,clear creek,lcc,NA,NA,NA,82.15067669172933,4.408555081719337,2012,-3.88376698934679
2012,36,clear creek,ucc,NA,NA,NA,82.15067669172933,4.408555081719337,2012,-4.051181373195334
2012,37,clear creek,lcc,NA,NA,NA,85.79047619047618,4.451908000221948,2012,-3.7537685339255815
2012,37,clear creek,ucc,NA,NA,NA,85.79047619047618,4.451908000221948,2012,-3.9114308794531327
2012,38,clear creek,lcc,NA,NA,NA,125.10000000000001,4.829113417472866,2012,-2.622676941644939
2012,38,clear creek,ucc,NA,NA,NA,125.10000000000001,4.829113417472866,2012,-2.6954886747807163
2012,39,clear creek,lcc,NA,NA,NA,212.8095238095238,5.360397511210029,2012,-1.0295636297573574
2012,39,clear creek,ucc,NA,NA,NA,212.8095238095238,5.360397511210029,2012,-0.9828654655110944
2012,40,clear creek,lcc,NA,NA,NA,240.51339285714286,5.482775775551009,2012,-0.6625990541083727
2012,40,clear creek,ucc,NA,NA,NA,240.51339285714286,5.482775775551009,2012,-0.5883724658313723
2012,41,clear creek,lcc,NA,NA,NA,239.99107142857142,5.480601720269013,2012,-0.6691181960351792
2012,41,clear creek,ucc,NA,NA,NA,239.99107142857142,5.480601720269013,2012,-0.595380651429384
2012,42,clear creek,lcc,NA,NA,NA,238.34821428571428,5.473732689639192,2012,-0.6897157337087723
2012,42,clear creek,ucc,NA,NA,NA,238.34821428571428,5.473732689639192,2012,-0.6175233457439553
2012,43,clear creek,lcc,1,112,48,236.21875,5.4647582824924505,2012,-0.71662647254005
2012,43,clear creek,ucc,0,NA,48,236.21875,5.4647582824924505,2012,-0.6464528359171512
2012,44,clear creek,lcc,0,NA,144,235.4389880952381,5.46145180598546,2012,-0.7265413030437771
2012,44,clear creek,ucc,0,NA,168,235.4389880952381,5.46145180598546,2012,-0.6571114430042632
2012,45,clear creek,lcc,4,93.75,168,240.86160714285714,5.484222524328786,2013,-0.6582608200750144
2012,45,clear creek,ucc,0,NA,168,240.86160714285714,5.484222524328786,2013,-0.5837087923579708
2012,46,clear creek,lcc,2,109,168,241.88095238095238,5.488445672808177,2013,-0.6455972486639641
2012,46,clear creek,ucc,2,30,168,241.88095238095238,5.488445672808177,2013,-0.5700952432469465
2012,47,clear creek,lcc,47,41.65217391304348,144,277.71874999999994,5.6266089109387485,2013,-0.23129970715277326
2012,47,clear creek,ucc,107,32.78431372549019,144,277.71874999999994,5.6266089109387485,2013,-0.12471852092534029
2012,48,clear creek,lcc,22,35.9,168,349.3318452380953,5.8560223163891925,2013,0.45662141538204964
2012,48,clear creek,ucc,51,33.05263157894737,168,349.3318452380953,5.8560223163891925,2013,0.6148080851288343
2012,49,clear creek,lcc,1920,34.12111801242236,168,545.5699404761905,6.301831010576364,2013,1.7934274173629114
2012,49,clear creek,ucc,484,34.549668874172184,168,545.5699404761905,6.301831010576364,2013,2.0518966890591686
2012,50,clear creek,lcc,1683,34.614388489208636,168,246.61607142857142,5.507832760660861,2013,-0.5874629508354934
2012,50,clear creek,ucc,311,33.68055555555556,168,246.61607142857142,5.507832760660861,2013,-0.5075999097557798
2012,51,clear creek,lcc,3727,35.194217939214234,168,361.40029761904765,5.8899862016748,2013,0.5584658304694933
2012,51,clear creek,ucc,465,34.638636363636365,144,361.40029761904765,5.8899862016748,2013,0.7242925189803
2012,52,clear creek,lcc,4642,35.63335340156532,120,477.61458333333337,6.168804096229753,2013,1.3945317030301583
2012,52,clear creek,ucc,28,35.53846153846154,120,477.61458333333337,6.168804096229753,2013,1.6230771861733218
2012,53,clear creek,lcc,1455,35.92700729927007,48,291.5,5.675040005790547,2013,-0.08607378597949468
2012,53,clear creek,ucc,34,36.911764705882355,24,291.5,5.675040005790547,2013,0.0314017508299862
2013,1,clear creek,lcc,9075,35.982078853046595,168,260.1666666666667,5.561322451287377,2013,-0.4270682783987002
2013,1,clear creek,ucc,21,32.61904761904762,144,260.1666666666667,5.561322451287377,2013,-0.33517297903546556
2013,2,clear creek,lcc,27219,36.33960047003525,168,247.29910714285714,5.510598564099733,2013,-0.5791693875075626
2013,2,clear creek,ucc,59,31.58,168,247.29910714285714,5.510598564099733,2013,-0.49868419174816847
2013,3,clear creek,lcc,50197,36.59470124013529,168,236.07142857142858,5.464134422670528,2013,-0.7184971842718183
2013,3,clear creek,ucc,19,34.05555555555556,144,236.07142857142858,5.464134422670528,2013,-0.6484638820277906
2013,4,clear creek,lcc,39638,36.68613537117904,168,233.81696428571428,5.454538605369399,2013,-0.747271289239532
2013,4,clear creek,ucc,11,33.666666666666664,168,233.81696428571428,5.454538605369399,2013,-0.6793965216749221
2013,5,clear creek,lcc,68143,36.832589285714285,168,227.83928571428572,5.428640493186594,2013,-0.8249296037976864
2013,5,clear creek,ucc,1,33,144,227.83928571428572,5.428640493186594,2013,-0.7628804966769723
2013,6,clear creek,lcc,71401,36.926025917926566,168,224.32589285714286,5.4130998733707525,2013,-0.8715298476134742
2013,6,clear creek,ucc,0,NA,144,224.32589285714286,5.4130998733707525,2013,-0.812976530977245
2013,7,clear creek,lcc,53664,37.06574394463668,168,218.5625,5.387072014823595,2013,-0.9495772207989357
2013,7,clear creek,ucc,1,33,168,218.5625,5.387072014823595,2013,-0.8968787504506212
2013,8,clear creek,lcc,37836,37.06170212765957,168,219.04464285714286,5.389275557704938,2013,-0.9429696570887381
2013,8,clear creek,ucc,1,37,168,219.04464285714286,5.389275557704938,2013,-0.8897755099702537
2013,9,clear creek,lcc,12556,37.0030487804878,168,218.27232142857142,5.385743464076834,2013,-0.9535610251422865
2013,9,clear creek,ucc,2,60.5,168,218.27232142857142,5.385743464076834,2013,-0.9011614061341191
2013,10,clear creek,lcc,13030,36.77179681576952,168,227.11011904761907,5.425435005792205,2013,-0.8345416074305595
2013,10,clear creek,ucc,0,NA,168,227.11011904761907,5.425435005792205,2013,-0.7732135598598653
2013,11,clear creek,lcc,2803,36.751931330472104,168,216.84375,5.379177048099822,2013,-0.9732511397677459
2013,11,clear creek,ucc,0,NA,168,216.84375,5.379177048099822,2013,-0.9223286056353186
2013,12,clear creek,lcc,2657,36.91404011461318,168,220.63392857142858,5.396504896314264,2013,-0.9212916966332573
2013,12,clear creek,ucc,0,NA,168,220.63392857142858,5.396504896314264,2013,-0.8664713432617995
2013,13,clear creek,lcc,576,38.0504347826087,168,223.47619047619045,5.409304878070994,2013,-0.8829095550089429
2013,13,clear creek,ucc,4,81.75,168,223.47619047619045,5.409304878070994,2013,-0.8252099049970034
2013,14,clear creek,lcc,953,38.632,168,273.01339285714283,5.6095208520664235,2013,-0.2825401157867414
2013,14,clear creek,ucc,2,84,168,273.01339285714283,5.6095208520664235,2013,-0.17980280929590023
2013,15,clear creek,lcc,1300,39.1640127388535,168,754.3095238095237,6.625802792803374,2013,2.7648921478638244
2013,15,clear creek,ucc,0,NA,168,754.3095238095237,6.625802792803374,2013,3.096237372190768
2013,16,clear creek,lcc,370,45.91081081081081,168,231.13988095238093,5.443023072501653,2013,-0.7818018707520323
2013,16,clear creek,ucc,3,94,168,231.13988095238093,5.443023072501653,2013,-0.7165174689965008
2013,17,clear creek,lcc,466,55.137339055793994,168,214.20386904761904,5.366928220631186,2013,-1.0099805851347903
2013,17,clear creek,ucc,4,87,168,214.20386904761904,5.366928220631186,2013,-0.9618133680372283
2013,18,clear creek,lcc,300,58.443333333333335,168,210.46279761904762,5.349308904102049,2013,-1.0628140278066418
2013,18,clear creek,ucc,0,NA,168,210.46279761904762,5.349308904102049,2013,-1.0186101943961896
2013,19,clear creek,lcc,249,58.05220883534137,168,210.20238095238096,5.348070785459485,2013,-1.0665266616204838
2013,19,clear creek,ucc,0,NA,168,210.20238095238096,5.348070785459485,2013,-1.0226013372669822
2013,20,clear creek,lcc,247,59.8089430894309,168,209.70833333333331,5.345717676428414,2013,-1.0735827157465387
2013,20,clear creek,ucc,0,NA,168,209.70833333333331,5.345717676428414,2013,-1.0301867123761932
2013,21,clear creek,lcc,185,62.962162162162166,168,209.14732142857142,5.343038890866544,2013,-1.0816153464776574
2013,21,clear creek,ucc,0,NA,168,209.14732142857142,5.343038890866544,2013,-1.038821923518398
2013,22,clear creek,lcc,346,58.35390946502058,168,208.85416666666669,5.341636241266879,2013,-1.0858213443147506
2013,22,clear creek,ucc,1,105,168,208.85416666666669,5.341636241266879,2013,-1.043343440889569
2013,23,clear creek,lcc,58,54.275862068965516,168,194.9910714285714,5.272953769969678,2013,-1.2917732269454392
2013,23,clear creek,ucc,0,NA,168,194.9910714285714,5.272953769969678,2013,-1.2647451274828325
2013,24,clear creek,lcc,27,55.03846153846154,168,181.91666666666666,5.203548706761944,2013,-1.499891880246099
2013,24,clear creek,ucc,0,NA,168,181.91666666666666,5.203548706761944,2013,-1.488476128451205
2013,25,clear creek,lcc,4,70,168,177.39136904761904,5.178358416198217,2013,-1.5754277144644737
2013,25,clear creek,ucc,0,NA,168,177.39136904761904,5.178358416198217,2013,-1.5696784019170233
2013,26,clear creek,lcc,72,62.236111111111114,144,292.88392857142856,5.679776382309251,2013,-0.07187124430544851
2013,26,clear creek,ucc,0,NA,144,292.88392857142856,5.679776382309251,2013,0.04666971847553363
2013,27,clear creek,lcc,NA,NA,NA,169.26041666666669,5.13143845593494,2013,-1.7161223337271432
2013,27,clear creek,ucc,NA,NA,NA,169.26041666666669,5.13143845593494,2013,-1.7209274490316355
2013,28,clear creek,lcc,NA,NA,NA,133.6800595238095,4.8954493295579065,2013,-2.423761472793795
2013,28,clear creek,ucc,NA,NA,NA,133.6800595238095,4.8954493295579065,2013,-2.481651249598711
2013,29,clear creek,lcc,NA,NA,NA,129.39434523809524,4.862864681251773,2013,-2.5214700953398284
2013,29,clear creek,ucc,NA,NA,NA,129.39434523809524,4.862864681251773,2013,-2.586689637935215
2013,30,clear creek,lcc,NA,NA,NA,122.01190476190477,4.804118619988249,2013,-2.697626568539616
2013,30,clear creek,ucc,NA,NA,NA,122.01190476190477,4.804118619988249,2013,-2.776060765659698
2013,31,clear creek,lcc,NA,NA,NA,105.60714285714286,4.659726009677273,2013,-3.1306035620846435
2013,31,clear creek,ucc,NA,NA,NA,105.60714285714286,4.659726009677273,2013,-3.241518208449131
2013,32,clear creek,lcc,NA,NA,NA,107.27380952380953,4.675384533391724,2013,-3.0836497705669554
2013,32,clear creek,ucc,NA,NA,NA,107.27380952380953,4.675384533391724,2013,-3.1910421045107853
2013,33,clear creek,lcc,NA,NA,NA,106.48958333333334,4.668047171289178,2013,-3.1056516512509424
2013,33,clear creek,ucc,NA,NA,NA,106.48958333333334,4.668047171289178,2013,-3.214694490832466
2013,34,clear creek,lcc,NA,NA,NA,103.94791666666667,4.643889972416476,2013,-3.1780896473356828
2013,34,clear creek,ucc,NA,NA,NA,103.94791666666667,4.643889972416476,2013,-3.2925665369713046
2013,35,clear creek,lcc,NA,NA,NA,104.10714285714286,4.6454205886093884,2013,-3.1734999277090945
2013,35,clear creek,ucc,NA,NA,NA,104.10714285714286,4.6454205886093884,2013,-3.2876325123178907
2013,36,clear creek,lcc,NA,NA,NA,104.84657738095241,4.652498113810389,2013,-3.152277196319526
2013,36,clear creek,ucc,NA,NA,NA,104.84657738095241,4.652498113810389,2013,-3.2648177243987533
2013,37,clear creek,lcc,NA,NA,NA,168.10714285714286,5.124601531225938,2013,-1.7366235982947817
2013,37,clear creek,ucc,NA,NA,NA,168.10714285714286,5.124601531225938,2013,-1.7429666481619936
2013,38,clear creek,lcc,NA,NA,NA,209.06994047619045,5.342668839410937,2013,-1.0827249861355364
2013,38,clear creek,ucc,NA,NA,NA,209.06994047619045,5.342668839410937,2013,-1.040014804538115
2013,39,clear creek,lcc,NA,NA,NA,210.59226190476193,5.349923855932532,2013,-1.060970027658959
2013,39,clear creek,ucc,NA,NA,NA,210.59226190476193,5.349923855932532,2013,-1.0166278636810717
2013,40,clear creek,lcc,NA,NA,NA,211.51934523809524,5.354316461150281,2013,-1.0477983217322147
2013,40,clear creek,ucc,NA,NA,NA,211.51934523809524,5.354316461150281,2013,-1.002468061545536
2013,41,clear creek,lcc,NA,NA,NA,211.44345238095238,5.3539575981089715,2013,-1.0488744117092996
2013,41,clear creek,ucc,NA,NA,NA,211.44345238095238,5.3539575981089715,2013,-1.003624876102458
2013,42,clear creek,lcc,NA,NA,NA,212.75,5.360117767453484,2013,-1.0304024719280962
2013,42,clear creek,ucc,NA,NA,NA,212.75,5.360117767453484,2013,-0.9837672347448342
2013,43,clear creek,lcc,NA,NA,NA,213.95089285714286,5.365746516058805,2013,-1.013524055205079
2013,43,clear creek,ucc,NA,NA,NA,213.95089285714286,5.365746516058805,2013,-0.9656226570805411
2013,44,clear creek,ucc,4,29.5,144,217.65625,5.382916983414179,2013,-0.9102727204770031
2013,44,clear creek,lcc,NA,NA,NA,217.65625,5.382916983414179,2013,-0.9620365357448967
2013,45,clear creek,lcc,42,38.642857142857146,168,213.62499999999997,5.3642221414357545,2014,-1.018095058803555
2013,45,clear creek,ucc,36,30.416666666666668,168,213.62499999999997,5.3642221414357545,2014,-0.9705365616935968
2013,46,clear creek,lcc,54,40.339622641509436,168,211.68303571428572,5.355090041317696,2014,-1.0454786572117678
2013,46,clear creek,ucc,90,32.75555555555555,168,211.68303571428572,5.355090041317696,2014,-0.9999743837476085
2013,47,clear creek,lcc,1082,34.1280487804878,168,213.96279761904762,5.365802157007776,2014,-1.0133572097498198
2013,47,clear creek,ucc,1465,33.78438228438228,168,213.96279761904762,5.365802157007776,2014,-0.9654432954513925
2013,48,clear creek,lcc,3203,33.861198738170344,168,209.04166666666666,5.342533594136308,2014,-1.0831305338451735
2013,48,clear creek,ucc,5700,33.57853589196873,168,209.04166666666666,5.342533594136308,2014,-1.0404507750461813
2013,49,clear creek,lcc,4199,34.10193321616872,168,207.29315476190476,5.334133997969878,2014,-1.1083176392469012
2013,49,clear creek,ucc,6182,33.99727891156463,168,207.29315476190476,5.334133997969878,2014,-1.0675273307208117
2013,50,clear creek,lcc,4805,34.76021180030257,168,207.17410714285714,5.333559537049735,2014,-1.110040222982849
2013,50,clear creek,ucc,5211,34.12257200267917,168,207.17410714285714,5.333559537049735,2014,-1.0693791367813605
2013,51,clear creek,lcc,6948,35.146701388888886,168,206.99107142857142,5.332675659139799,2014,-1.1126906273164272
2013,51,clear creek,ucc,4276,34.11376673040153,168,206.99107142857142,5.332675659139799,2014,-1.072228365358992
2013,52,clear creek,lcc,11406,35.417840375586856,168,206.70982142857142,5.331315980936607,2014,-1.1167677707335242
2013,52,clear creek,ucc,2977,34.24386381631037,168,206.70982142857142,5.331315980936607,2014,-1.07661136209346
2013,53,clear creek,lcc,0,NA,24,206.34375,5.329543467394845,2014,-1.1220828459487797
2013,53,clear creek,ucc,0,NA,24,206.34375,5.329543467394845,2014,-1.0823251560243357
2014,1,clear creek,lcc,16697,36.65447154471545,168,204.66517857142858,5.321375368628962,2014,-1.1465757811413366
2014,1,clear creek,ucc,1450,34.390822784810126,168,204.66517857142858,5.321375368628962,2014,-1.1086554672212268
2014,2,clear creek,lcc,29763,37.144792548687555,168,203.85714285714286,5.317419468421523,2014,-1.1584379794553092
2014,2,clear creek,ucc,427,34.449648711943794,168,203.85714285714286,5.317419468421523,2014,-1.1214075269735855
2014,3,clear creek,lcc,51950,37.31297071129707,168,203.28571428571428,5.314612449034539,2014,-1.1668551332998276
2014,3,clear creek,ucc,91,34.76923076923077,168,203.28571428571428,5.314612449034539,2014,-1.130456106834509
2014,4,clear creek,lcc,80922,37.38507718696398,168,202.7574404761905,5.312010390108565,2014,-1.1746576908432418
2014,4,clear creek,ucc,46,36.58695652173913,168,202.7574404761905,5.312010390108565,2014,-1.1388439854874592
2014,5,clear creek,lcc,149791,37.22570281124498,168,204.25,5.319344733740112,2014,-1.152664861373823
2014,5,clear creek,ucc,21,47.7,168,204.25,5.319344733740112,2014,-1.1152013293714245
2014,6,clear creek,lcc,273898,37.82408131352619,168,228.91517857142853,5.4333515356880895,2014,-0.8108030289378846
2014,6,clear creek,ucc,68,50.64705882352941,168,228.91517857142853,5.4333515356880895,2014,-0.7476941946155602
2014,7,clear creek,lcc,43366,36.89770867430442,168,209.13244047619045,5.342967737759258,2014,-1.081828706831818
2014,7,clear creek,ucc,25,54.32,168,209.13244047619045,5.342967737759258,2014,-1.0390512894346493
2014,8,clear creek,lcc,67271,36.56997282608695,168,200.05357142857142,5.298585187823574,2014,-1.214914624425718
2014,8,clear creek,ucc,6,55,168,200.05357142857142,5.298585187823574,2014,-1.18212085617388
2014,9,clear creek,lcc,125799,37.07683741648107,144,414.17857142857144,6.0262972127814995,2014,0.9672092671935222
2014,9,clear creek,ucc,89,61.93421052631579,168,414.17857142857144,6.0262972127814995,2014,1.163698486620346
2014,10,clear creek,lcc,6793,36.773087071240106,144,390.64732142857144,5.967805161715218,2014,0.7918144712796792
2014,10,clear creek,ucc,81,62.96,144,390.64732142857144,5.967805161715218,2014,0.9751461745997725
2014,11,clear creek,lcc,2815,36.732298739088264,168,235.60267857142858,5.462146820861482,2014,-0.7244572251201159
2014,11,clear creek,ucc,22,61.63636363636363,168,235.60267857142858,5.462146820861482,2014,-0.6548710247017134
2014,12,clear creek,lcc,1751,36.44430051813472,168,219.73214285714286,5.392409272090007,2014,-0.9335728726538978
2014,12,clear creek,ucc,1,60,168,219.73214285714286,5.392409272090007,2014,-0.8796738109915769
2014,13,clear creek,lcc,4541,36.75414781297134,168,368.76339285714283,5.910155226607079,2014,0.6189448519312257
2014,13,clear creek,ucc,4,70.5,120,368.76339285714283,5.910155226607079,2014,0.7893084692309169
2014,14,clear creek,lcc,730,37.502752293577984,168,326.4925595238096,5.788407159862058,2014,0.25386999252083603
2014,14,clear creek,ucc,11,68.18181818181819,168,326.4925595238096,5.788407159862058,2014,0.3968469458215905
2014,15,clear creek,lcc,214,37.61682242990654,168,257.23065476190476,5.5499731717384,2014,-0.4611003311985973
2014,15,clear creek,ucc,4,68.25,168,257.23065476190476,5.5499731717384,2014,-0.3717579997300298
2014,16,clear creek,lcc,177,40.61581920903955,168,307.4375,5.7282718145555584,2014,0.07354759956371432
2014,16,clear creek,ucc,7,82.28571428571429,168,307.4375,5.7282718145555584,2014,0.20299738532579834
2014,17,clear creek,lcc,160,51.59375,168,225.66964285714286,5.4190721725935775,2014,-0.8536212568865599
2014,17,clear creek,ucc,4,75.5,168,225.66964285714286,5.4190721725935775,2014,-0.7937244991880659
2014,18,clear creek,lcc,223,50.19282511210762,168,218.32142857142858,5.385968419853522,2014,-0.9528864707058697
2014,18,clear creek,ucc,2,82,168,218.32142857142858,5.385968419853522,2014,-0.900436248937137
2014,19,clear creek,lcc,181,54.248618784530386,168,215.99553571428572,5.375257739481161,2014,-0.9850036142110589
2014,19,clear creek,ucc,3,84,168,215.99553571428572,5.375257739481161,2014,-0.9349627104085176
2014,20,clear creek,lcc,144,54.808510638297875,168,212.4702380952381,5.358801922533302,2014,-1.0343481764643934
2014,20,clear creek,ucc,0,NA,168,212.4702380952381,5.358801922533302,2014,-0.9880089325044094
2014,21,clear creek,lcc,121,53.391666666666666,144,210.21577380952382,5.348134497537546,2014,-1.066335614004182
2014,21,clear creek,ucc,1,80,168,210.21577380952382,5.348134497537546,2014,-1.0223959579136668
2014,22,clear creek,lcc,84,50.964285714285715,168,209.32589285714283,5.343892333492328,2014,-1.0790562056637376
2014,22,clear creek,ucc,0,NA,168,209.32589285714283,5.343892333492328,2014,-1.036070804736699
2014,23,clear creek,lcc,31,54.333333333333336,168,207.14732142857142,5.33343023785121,2014,-1.1104279407346405
2014,23,clear creek,ucc,0,NA,168,207.14732142857142,5.33343023785121,2014,-1.0697959397892882
2014,24,clear creek,lcc,7,60,168,206.40476190476193,5.329839104585272,2014,-1.12119634558276
2014,24,clear creek,ucc,0,NA,168,206.40476190476193,5.329839104585272,2014,-1.08137215344094
2014,25,clear creek,lcc,9,60.111111111111114,168,542.7693452380952,6.296684451122919,2014,1.7779948974129365
2014,25,clear creek,ucc,0,NA,168,542.7693452380952,6.296684451122919,2014,2.0353064743854064
2014,26,clear creek,lcc,21,63.857142857142854,144,408.11160714285705,6.0115406839157925,2014,0.9229602056267713
2014,26,clear creek,ucc,1,65,144,408.11160714285705,6.0115406839157925,2014,1.1161300121985054
2014,27,clear creek,lcc,NA,NA,NA,203.34523809523807,5.314905214794747,2014,-1.1659772432305586
2014,27,clear creek,ucc,NA,NA,NA,203.34523809523807,5.314905214794747,2014,-1.1295123604627986
2014,28,clear creek,lcc,NA,NA,NA,189.55952380952382,5.2447030850131124,2014,-1.3764859876036037
2014,28,clear creek,ucc,NA,NA,NA,189.55952380952382,5.2447030850131124,2014,-1.3558127489394491
2014,29,clear creek,lcc,NA,NA,NA,181.3363095238095,5.20035337086827,2014,-1.5094734434966675
2014,29,clear creek,ucc,NA,NA,NA,181.3363095238095,5.20035337086827,2014,-1.4987764677187023
2014,30,clear creek,lcc,NA,NA,NA,178.53125,5.184763655924736,2014,-1.5562209044085382
2014,30,clear creek,ucc,NA,NA,NA,178.53125,5.184763655924736,2014,-1.5490307628367534
2014,31,clear creek,lcc,NA,NA,NA,178.4196428571429,5.184138319786195,2014,-1.5580960430367379
2014,31,clear creek,ucc,NA,NA,NA,178.4196428571429,5.184138319786195,2014,-1.5510465679344132
2014,32,clear creek,lcc,NA,NA,NA,179.76041666666669,5.1916249457797425,2014,-1.535646578292655
2014,32,clear creek,ucc,NA,NA,NA,179.76041666666669,5.1916249457797425,2014,-1.5269130213313518
2014,33,clear creek,lcc,NA,NA,NA,181.89583333333334,5.203434178902917,2014,-1.5002353045250265
2014,33,clear creek,ucc,NA,NA,NA,181.89583333333334,5.203434178902917,2014,-1.48884531524183
2014,34,clear creek,lcc,NA,NA,NA,181.6443452380952,5.202050628196949,2014,-1.5043840322459037
2014,34,clear creek,ucc,NA,NA,NA,181.6443452380952,5.202050628196949,2014,-1.4933052662890636
2014,35,clear creek,lcc,NA,NA,NA,181.48214285714286,5.201157262402617,2014,-1.5070628870358604
2014,35,clear creek,ucc,NA,NA,NA,181.48214285714286,5.201157262402617,2014,-1.4961850795787455
2014,36,clear creek,lcc,NA,NA,NA,181.8095238095238,5.20295956656227,2014,-1.5016584814030551
2014,36,clear creek,ucc,NA,NA,NA,181.8095238095238,5.20295956656227,2014,-1.490375253968737
2014,37,clear creek,lcc,NA,NA,NA,181.50446428571428,5.201280250017919,2014,-1.5066940952548826
2014,37,clear creek,ucc,NA,NA,NA,181.50446428571428,5.201280250017919,2014,-1.4957886223030592
2014,38,clear creek,lcc,NA,NA,NA,184.1071428571429,5.215517886275856,2014,-1.4640009897775805
2014,38,clear creek,ucc,NA,NA,NA,184.1071428571429,5.215517886275856,2014,-1.4498928264606459
2014,39,clear creek,lcc,NA,NA,NA,188.05208333333331,5.236718963468822,2014,-1.400427247027475
2014,39,clear creek,ucc,NA,NA,NA,188.05208333333331,5.236718963468822,2014,-1.3815499995433538
2014,40,clear creek,lcc,NA,NA,NA,179.22916666666666,5.188665247713457,2014,-1.5445215558124972
2014,40,clear creek,ucc,NA,NA,NA,179.22916666666666,5.188665247713457,2014,-1.5364537692297038
2014,41,clear creek,lcc,NA,NA,NA,168.2782738095238,5.125619000822809,2014,-1.7335726047146547
2014,41,clear creek,ucc,NA,NA,NA,168.2782738095238,5.125619000822809,2014,-1.7396867795062814
2014,42,clear creek,lcc,NA,NA,NA,166.79315476190476,5.116754450484847,2014,-1.760153925920727
2014,42,clear creek,ucc,NA,NA,NA,166.79315476190476,5.116754450484847,2014,-1.7682621402737033
2014,43,clear creek,lcc,NA,NA,NA,164.82589285714286,5.104889721985407,2014,-1.7957316086279786
2014,43,clear creek,ucc,NA,NA,NA,164.82589285714286,5.104889721985407,2014,-1.8065087387308314
2014,44,clear creek,lcc,NA,NA,NA,146.04761904761907,4.983932726390829,2014,-2.1584343548972496
2014,44,clear creek,ucc,NA,NA,NA,146.04761904761907,4.983932726390829,2014,-2.196420201205898
2014,45,clear creek,lcc,0,NA,144,144.80803571428572,4.975408973676215,2015,-2.1839937572527184
2014,45,clear creek,ucc,0,NA,144,144.80803571428572,4.975408973676215,2015,-2.2238969822750185
2014,46,clear creek,lcc,75,35.64,168,145.99999999999997,4.983606621708336,2015,-2.15941221536187
2014,46,clear creek,ucc,104,32.20238095238095,168,145.99999999999997,4.983606621708336,2015,-2.1974714174091896
2014,47,clear creek,lcc,739,33.62341772151899,168,155.10416666666666,5.044096934210218,2015,-1.9780254145466682
2014,47,clear creek,ucc,1706,33.83118405627198,168,155.10416666666666,5.044096934210218,2015,-2.0024776008279863
2014,48,clear creek,lcc,250,33.54435483870968,168,152.65327380952382,5.028169165459422,2015,-2.0257865666772896
2014,48,clear creek,ucc,479,33.745098039215684,168,152.65327380952382,5.028169165459422,2015,-2.05382163080376
2014,49,clear creek,lcc,1602,34.39212598425197,168,235.20535714285714,5.4604589927330105,2015,-0.7295183618854411
2014,49,clear creek,ucc,387,33.56217616580311,168,235.20535714285714,5.4604589927330105,2015,-0.660311830590978
2014,50,clear creek,lcc,208,34.65024630541872,168,541.4285714285713,6.294211149021159,2015,1.7705784312527737
2014,50,clear creek,ucc,32,33.28125,168,541.4285714285713,6.294211149021159,2015,2.0273336503672525
2014,51,clear creek,lcc,6482,35.03738317757009,168,761.983630952381,6.635925073766122,2015,2.7952449115518676
2014,51,clear creek,ucc,23,35.21739130434783,168,761.983630952381,6.635925073766122,2015,3.1288670961217218
2014,52,clear creek,lcc,8275,35.6837294332724,168,290.95684523809524,5.673174958023359,2015,-0.0916663351640809
2014,52,clear creek,ucc,53,35.39622641509434,168,290.95684523809524,5.673174958023359,2015,0.025389667784144376
2014,53,clear creek,lcc,0,NA,24,242,5.488937726156687,2015,-0.6441217730212508
2014,53,clear creek,ucc,0,NA,24,242,5.488937726156687,2015,-0.568509082481377
2015,1,clear creek,lcc,11946,36.05789473684211,168,227.12946428571428,5.42552018215647,2015,-0.8342861968105765
2015,1,clear creek,ucc,20,33.25,168,227.12946428571428,5.42552018215647,2015,-0.7729389892110528
2015,2,clear creek,lcc,29185,36.18200202224469,168,212.45238095238096,5.358717873616783,2015,-1.0346002063093194
2015,2,clear creek,ucc,15,33,168,212.45238095238096,5.358717873616783,2015,-0.9882798687640137
2015,3,clear creek,lcc,25644,36.29094827586207,168,207.64285714285714,5.335819570943618,2015,-1.1032632648090488
2015,3,clear creek,ucc,10,32.4,168,207.64285714285714,5.335819570943618,2015,-1.062093794445637
2015,4,clear creek,lcc,24495,36.875739644970416,168,201.40625,5.3053240125735615,2015,-1.1947075232867288
2015,4,clear creek,ucc,0,NA,120,201.40625,5.3053240125735615,2015,-1.160397887603812
2015,5,clear creek,lcc,23975,37.353216374269,168,199.99404761904762,5.298287604200381,2015,-1.2158069613827194
2015,5,clear creek,ucc,0,NA,168,199.99404761904762,5.298287604200381,2015,-1.1830801331892977
2015,6,clear creek,lcc,1440,36.74496644295302,168,814.0565476190477,6.7020298324091625,2015,2.993467241591063
2015,6,clear creek,ucc,0,NA,168,814.0565476190477,6.7020298324091625,2015,3.3419593855950924
2015,7,clear creek,lcc,3977,37.08743169398907,168,319.5625,5.766952872840218,2015,0.18953697247664855
2015,7,clear creek,ucc,3,65,168,319.5625,5.766952872840218,2015,0.32768788323140985
2015,8,clear creek,lcc,2585,36.87658227848101,168,251.00297619047618,5.52546479639406,2015,-0.5345913682427459
2015,8,clear creek,ucc,2,73.5,168,251.00297619047618,5.52546479639406,2015,-0.4507620823498504
2015,9,clear creek,lcc,2251,37.14877102199224,168,232.5625,5.449159006106841,2015,-0.7634026044790244
2015,9,clear creek,ucc,0,NA,168,232.5625,5.449159006106841,2015,-0.6967379528644375
2015,10,clear creek,lcc,584,37.13513513513514,168,222.11160714285714,5.403179990421174,2015,-0.9012756987797962
2015,10,clear creek,ucc,0,NA,168,222.11160714285714,5.403179990421174,2015,-0.8449538138903877
2015,11,clear creek,lcc,296,36.89473684210526,168,220.61003151260505,5.396396579550711,2015,-0.9216164962648504
2015,11,clear creek,ucc,4,46.75,168,220.61003151260505,5.396396579550711,2015,-0.8668205082479169
2015,12,clear creek,lcc,441,36.8312101910828,168,215.9375,5.374989013961989,2015,-0.9858094169950748
2015,12,clear creek,ucc,1,36,168,215.9375,5.374989013961989,2015,-0.9358289617540447
2015,13,clear creek,lcc,256,38.68421052631579,168,212.40029761904765,5.3584726905864235,2015,-1.0353354143724232
2015,13,clear creek,ucc,1,100,168,212.40029761904765,5.3584726905864235,2015,-0.9890702296147571
2015,14,clear creek,lcc,632,43.7831715210356,168,224.78720238095235,5.41515418748867,2015,-0.8653697626295026
2015,14,clear creek,ucc,1,100,168,224.78720238095235,5.41515418748867,2015,-0.8063543375426028
2015,15,clear creek,lcc,296,40.42372881355932,168,222.69345238095238,5.405796172757696,2015,-0.8934307906491574
2015,15,clear creek,ucc,1,100,168,222.69345238095238,5.405796172757696,2015,-0.8365204076543923
2015,16,clear creek,lcc,396,41.30327868852459,168,216.38839285714286,5.3770749080899005,2015,-0.9795546359061312
2015,16,clear creek,ucc,0,NA,168,216.38839285714286,5.3770749080899005,2015,-0.9291049684373777
2015,17,clear creek,lcc,332,52.29305135951662,168,215.12202380952382,5.371205419733034,2015,-0.9971549370360187
2015,17,clear creek,ucc,0,NA,168,215.12202380952382,5.371205419733034,2015,-0.9480255838011807
2015,18,clear creek,lcc,277,53.163636363636364,168,212.58928571428572,5.359362068185814,2015,-1.0326685186200633
2015,18,clear creek,ucc,1,87,168,212.58928571428572,5.359362068185814,2015,-0.9862032724886612
2015,19,clear creek,lcc,252,52.035714285714285,168,213.58184523809524,5.364020109270154,2015,-1.0187008742914307
2015,19,clear creek,ucc,0,NA,168,213.58184523809524,5.364020109270154,2015,-0.9711878233818451
2015,20,clear creek,lcc,502,54.75155279503105,168,326.2604166666667,5.787695886607405,2015,0.25173716207525026
2015,20,clear creek,ucc,0,NA,168,326.2604166666667,5.787695886607405,2015,0.3945541177501088
2015,21,clear creek,lcc,536,54.61341222879685,168,562.4175438596491,6.332244534639445,2015,1.8846256870221536
2015,21,clear creek,ucc,0,NA,168,562.4175438596491,6.332244534639445,2015,2.1499363401613176
2015,22,clear creek,lcc,38,54.6578947368421,168,187.12797619047618,5.231792747438836,2015,-1.4151990431853465
2015,22,clear creek,ucc,0,NA,168,187.12797619047618,5.231792747438836,2015,-1.3974299251919542
2015,23,clear creek,lcc,16,62.75,168,189.43005952380955,5.244019877366024,2015,-1.3785346602632795
2015,23,clear creek,ucc,0,NA,168,189.43005952380955,5.244019877366024,2015,-1.3580151059965246
2015,24,clear creek,lcc,26,59.65384615384615,168,227.13988095238093,5.4255660433477555,2015,-0.8341486770255929
2015,24,clear creek,ucc,0,NA,168,227.13988095238093,5.4255660433477555,2015,-0.7727911531633974
2015,25,clear creek,lcc,21,59.333333333333336,168,248.72916666666669,5.516364620437497,2015,-0.5618792385701651
2015,25,clear creek,ucc,0,NA,168,248.72916666666669,5.516364620437497,2015,-0.4800969951307284
2015,26,clear creek,lcc,1,64,144,179.9985119047619,5.19294858366027,2015,-1.531677505714642
2015,26,clear creek,ucc,0,NA,144,179.9985119047619,5.19294858366027,2015,-1.5226462025397074
2015,27,clear creek,lcc,NA,NA,NA,179.44345238095238,5.1898601297780544,2015,-1.5409385715942885
2015,27,clear creek,ucc,NA,NA,NA,179.44345238095238,5.1898601297780544,2015,-1.5326020018226003
2015,28,clear creek,lcc,NA,NA,NA,181.60863095238096,5.201853992308628,2015,-1.5049736664076874
2015,28,clear creek,ucc,NA,NA,NA,181.60863095238096,5.201853992308628,2015,-1.4939391327836271
2015,29,clear creek,lcc,NA,NA,NA,179.49702380952382,5.190158627342541,2015,-1.5400434940846188
2015,29,clear creek,ucc,NA,NA,NA,179.49702380952382,5.190158627342541,2015,-1.5316397786676517
2015,30,clear creek,lcc,NA,NA,NA,180.72916666666666,5.196999593907169,2015,-1.5195301095719664
2015,30,clear creek,ucc,NA,NA,NA,180.72916666666666,5.196999593907169,2015,-1.5095875503955678
2015,31,clear creek,lcc,NA,NA,NA,180.35119047619045,5.194906008249251,2015,-1.5258079545526901
2015,31,clear creek,ucc,NA,NA,NA,180.35119047619045,5.194906008249251,2015,-1.5163363377780832
2015,32,clear creek,lcc,NA,NA,NA,180.79166666666669,5.197345355450405,2015,-1.5184933058660723
2015,32,clear creek,ucc,NA,NA,NA,180.79166666666669,5.197345355450405,2015,-1.5084729692311765
2015,33,clear creek,lcc,NA,NA,NA,182.14880952380955,5.204823987741804,2015,-1.496067811109902
2015,33,clear creek,ucc,NA,NA,NA,182.14880952380955,5.204823987741804,2015,-1.4843651907623203
2015,34,clear creek,lcc,NA,NA,NA,182.60416666666666,5.207320786447444,2015,-1.4885808878198048
2015,34,clear creek,ucc,NA,NA,NA,182.60416666666666,5.207320786447444,2015,-1.4763166241619636
2015,35,clear creek,lcc,NA,NA,NA,183.3452380952381,5.211370922515152,2015,-1.4764361129987968
2015,35,clear creek,ucc,NA,NA,NA,183.3452380952381,5.211370922515152,2015,-1.4632607899820538
2015,36,clear creek,lcc,NA,NA,NA,182.35863095238096,5.205975247927177,2015,-1.4926156318551789
2015,36,clear creek,ucc,NA,NA,NA,182.35863095238096,5.205975247927177,2015,-1.4806540408584927
2015,37,clear creek,lcc,NA,NA,NA,199.4970238095238,5.295799317970639,2015,-1.2232683590852247
2015,37,clear creek,ucc,NA,NA,NA,199.4970238095238,5.295799317970639,2015,-1.1911012593600163
2015,38,clear creek,lcc,NA,NA,NA,240.70982142857142,5.483592147565105,2015,-0.6601510735675674
2015,38,clear creek,ucc,NA,NA,NA,240.70982142857142,5.483592147565105,2015,-0.5857408461852743
2015,39,clear creek,lcc,NA,NA,NA,241.20982142857142,5.485667183047961,2015,-0.6539288533103714
2015,39,clear creek,ucc,NA,NA,NA,241.20982142857142,5.485667183047961,2015,-0.5790518563022914
2015,40,clear creek,lcc,NA,NA,NA,241.41071428571428,5.486499691629256,2015,-0.6514324855125089
2015,40,clear creek,ucc,NA,NA,NA,241.41071428571428,5.486499691629256,2015,-0.5763682195530464
2015,41,clear creek,lcc,NA,NA,NA,241.25,5.485833740219095,2015,-0.6534294134633063
2015,41,clear creek,ucc,NA,NA,NA,241.25,5.485833740219095,2015,-0.5785149501906323
2015,42,clear creek,lcc,NA,NA,NA,241.23214285714286,5.485759718234532,2015,-0.6536513764589428
2015,42,clear creek,ucc,NA,NA,NA,241.23214285714286,5.485759718234532,2015,-0.578753564089022
2015,43,clear creek,lcc,NA,NA,NA,239.40625,5.478161899717095,2015,-0.6764342641156995
2015,43,clear creek,ucc,NA,NA,NA,239.40625,5.478161899717095,2015,-0.6032455458482563
2015,44,clear creek,lcc,8,35.75,72,238.87053571428572,5.4759217135916005,2015,-0.6831517065908288
2015,44,clear creek,ucc,0,NA,72,238.87053571428572,5.4759217135916005,2015,-0.6104669078216924
2015,45,clear creek,lcc,121,33.411764705882355,168,239.48214285714286,5.478478853975791,2016,-0.6754838421950331
2015,45,clear creek,ucc,80,32.91139240506329,168,239.48214285714286,5.478478853975791,2016,-0.6022238265343907
2015,46,clear creek,lcc,352,33.72079772079772,168,232.50446428571428,5.448909426071948,2016,-0.7641509974398842
2015,46,clear creek,ucc,562,33.221774193548384,168,232.50446428571428,5.448909426071948,2016,-0.6975424876987513
2015,47,clear creek,lcc,502,33.0501002004008,168,235.01339285714286,5.4596425034016995,2016,-0.7319666942147149
2015,47,clear creek,ucc,842,33.21615201900237,168,235.01339285714286,5.4596425034016995,2016,-0.6629438284155091
2015,48,clear creek,lcc,748,33.903614457831324,168,242.41517857142858,5.490651870103672,2016,-0.638981725403365
2015,48,clear creek,ucc,848,33.73933649289099,168,242.41517857142858,5.490651870103672,2016,-0.5629834461180022
2015,49,clear creek,lcc,1256,34.61493411420205,168,248.69047619047618,5.516209055707297,2016,-0.5623457163839432
2015,49,clear creek,ucc,985,34.23529411764706,168,248.69047619047618,5.516209055707297,2016,-0.4805984665104001
2015,50,clear creek,lcc,5608,35.258715596330276,168,276.31249999999994,5.621532471586462,2016,-0.2465219643301529
2015,50,clear creek,ucc,360,33.861971830985915,168,276.31249999999994,5.621532471586462,2016,-0.141082699634363
2015,51,clear creek,lcc,12040,35.25643382352941,168,315.65029761904765,5.7546349476899445,2016,0.15260033017347552
2015,51,clear creek,ucc,349,34.782456140350874,144,315.65029761904765,5.7546349476899445,2016,0.28798038068976506
2015,52,clear creek,lcc,10213,36.3286252354049,168,233.62053571428572,5.45369815682605,2016,-0.7497914658797697
2015,52,clear creek,ucc,66,35.18181818181818,168,233.62053571428572,5.45369815682605,2016,-0.6821057533242494
2015,53,clear creek,lcc,0,NA,24,224.09375,5.412064491082848,2016,-0.8746345543517283
2015,53,clear creek,ucc,0,NA,24,224.09375,5.412064491082848,2016,-0.8163141421680082
2016,1,clear creek,lcc,44161,35.90376984126984,168,307.0580357142857,5.727036771135732,2016,0.06984418714072203
2016,1,clear creek,ucc,146,34.89208633093525,168,307.0580357142857,5.727036771135732,2016,0.19901615560297395
2016,2,clear creek,lcc,38013,36.41077738515901,168,356.48660714285717,5.8762966715269505,2016,0.5174162809551902
2016,2,clear creek,ucc,168,36.48571428571429,168,356.48660714285717,5.8762966715269505,2016,0.6801635730329706
2016,3,clear creek,lcc,29886,36.43617021276596,144,812.9747023809523,6.700699992681093,2016,2.9894795720966467
2016,3,clear creek,ucc,54,37.51724137931034,168,812.9747023809523,6.700699992681093,2016,3.3376725748101506
2016,4,clear creek,lcc,19599,36.47791164658634,144,531.9389880952381,6.276528798733421,2016,1.7175559749795184
2016,4,clear creek,ucc,1,62,168,531.9389880952381,6.276528798733421,2016,1.970333631254696
2016,5,clear creek,lcc,13334,36.4983498349835,144,418.1622023809524,6.0358694012287355,2016,0.9959125184652088
2016,5,clear creek,ucc,4,54,168,418.1622023809524,6.0358694012287355,2016,1.1945549573701535
2016,6,clear creek,lcc,24320,36.668544600938965,168,286.5699404761905,5.657982626698017,2016,-0.13722219794694643
2016,6,clear creek,ucc,1,46,168,286.5699404761905,5.657982626698017,2016,-0.023583639599620173
2016,7,clear creek,lcc,28127,36.585567010309276,168,263.82589285714283,5.575289388829425,2016,-0.38518689255102295
2016,7,clear creek,ucc,0,NA,144,263.82589285714283,5.575289388829425,2016,-0.29014979524565504
2016,8,clear creek,lcc,40088,36.47714604236344,168,280.75446428571433,5.637480494776953,2016,-0.1987000770525852
2016,8,clear creek,ucc,10,76.4,168,280.75446428571433,5.637480494776953,2016,-0.08967337836919903
2016,9,clear creek,lcc,12473,36.10582010582011,168,255.50446428571428,5.543239882233634,2016,-0.4812908343009578
2016,9,clear creek,ucc,0,NA,168,255.50446428571428,5.543239882233634,2016,-0.39346312513568144
2016,10,clear creek,lcc,5557,36.99878787878788,168,454.3125,6.1187852872448545,2016,1.2445448478279288
2016,10,clear creek,ucc,0,NA,168,454.3125,6.1187852872448545,2016,1.4618388314449002
2016,11,clear creek,lcc,261,39.351851851851855,168,1544.8288690476195,7.342668418826547,2016,4.914491929063251
2016,11,clear creek,ucc,0,NA,168,1544.8288690476195,7.342668418826547,2016,5.407092757336669
2016,12,clear creek,lcc,1117,41.07969151670951,168,410.3526785714285,6.017016981583181,2016,0.9393814815817999
2016,12,clear creek,ucc,3,78.33333333333333,168,410.3526785714285,6.017016981583181,2016,1.133783155962072
2016,13,clear creek,lcc,561,41.464285714285715,168,319.4047619047619,5.7664591445763564,2016,0.18805647441754103
2016,13,clear creek,ucc,10,83.1,168,319.4047619047619,5.7664591445763564,2016,0.3260963232849915
2016,14,clear creek,lcc,361,38.850415512465375,168,285.63392857142856,5.654711020928571,2016,-0.1470324647401606
2016,14,clear creek,ucc,0,NA,168,285.63392857142856,5.654711020928571,2016,-0.0341298389652377
2016,15,clear creek,lcc,173,41.343023255813954,168,272.14583333333337,5.606338074578672,2016,-0.29208402128717825
2016,15,clear creek,ucc,2,78,168,272.14583333333337,5.606338074578672,2016,-0.19006266585799111
2016,16,clear creek,lcc,288,53.96864111498258,168,257.4732142857143,5.5509156925017065,2016,-0.45827407987194485
2016,16,clear creek,ucc,2,89.5,168,257.4732142857143,5.5509156925017065,2016,-0.3687197327209374
2016,17,clear creek,lcc,437,59.1441647597254,168,253.50744047619045,5.5353931735913955,2016,-0.5048200461479032
2016,17,clear creek,ucc,0,NA,168,253.50744047619045,5.5353931735913955,2016,-0.4187574177664771
2016,18,clear creek,lcc,237,62.87341772151899,168,242.41517857142858,5.490651870103672,2016,-0.638981725403365
2016,18,clear creek,ucc,0,NA,168,242.41517857142858,5.490651870103672,2016,-0.5629834461180022
2016,19,clear creek,lcc,180,64.72777777777777,168,242.00892857142858,5.488974620399344,2016,-0.6440111416099168
2016,19,clear creek,ucc,2,107.5,168,242.00892857142858,5.488974620399344,2016,-0.5683901518809538
2016,20,clear creek,lcc,119,68.88793103448276,168,235.02232142857142,5.45968049443582,2016,-0.7318527739545321
2016,20,clear creek,ucc,1,111,168,235.02232142857142,5.45968049443582,2016,-0.662821362248075
2016,21,clear creek,lcc,220,67.83944954128441,168,292.6666666666667,5.679034304967007,2016,-0.07409644416803764
2016,21,clear creek,ucc,0,NA,168,292.6666666666667,5.679034304967007,2016,0.04427759175014812
2016,22,clear creek,lcc,109,66.13761467889908,168,237.70535714285714,5.471031911524289,2016,-0.6978143115092877
2016,22,clear creek,ucc,1,116,168,237.70535714285714,5.471031911524289,2016,-0.6262294510785501
2016,23,clear creek,lcc,32,67.4375,168,260.01339285714283,5.560733140677893,2016,-0.4288353905480608
2016,23,clear creek,ucc,0,NA,168,260.01339285714283,5.560733140677893,2016,-0.3370726538782999
2016,24,clear creek,lcc,26,66.83333333333333,168,205.6696428571429,5.326271206074923,2016,-1.1318950784816093
2016,24,clear creek,ucc,0,NA,168,205.6696428571429,5.326271206074923,2016,-1.0928734685926134
2016,25,clear creek,lcc,44,69.8048780487805,168,380.20535714285717,5.940711520283459,2016,0.7105712318504219
2016,25,clear creek,ucc,0,NA,168,380.20535714285717,5.940711520283459,2016,0.8878083459566
2016,26,clear creek,lcc,23,74.91304347826087,168,403.52083333333337,6.000228117934348,2016,0.8890382424641377
2016,26,clear creek,ucc,0,NA,168,403.52083333333337,6.000228117934348,2016,1.0796633396882607
2016,27,clear creek,lcc,NA,NA,NA,124.08928571428571,4.821001352579178,2016,-2.647001853159084
2016,27,clear creek,ucc,NA,NA,NA,124.08928571428571,4.821001352579178,2016,-2.721638357739046
2016,28,clear creek,lcc,NA,NA,NA,98.1659226190476,4.586659134962355,2016,-3.349702556649961
2016,28,clear creek,ucc,NA,NA,NA,98.1659226190476,4.586659134962355,2016,-3.4770532582288665
2016,29,clear creek,lcc,NA,NA,NA,96.63348214285715,4.570925287198195,2016,-3.396882215547667
2016,29,clear creek,ucc,NA,NA,NA,96.63348214285715,4.570925287198195,2016,-3.5277721733435103
2016,30,clear creek,lcc,NA,NA,NA,124.125,4.821289122365337,2016,-2.6461389440630048
2016,30,clear creek,ucc,NA,NA,NA,124.125,4.821289122365337,2016,-2.7207107161617596
2016,31,clear creek,lcc,NA,NA,NA,146.29613095238096,4.985632861691285,2016,-2.1533363137341586
2016,31,clear creek,ucc,NA,NA,NA,146.29613095238096,4.985632861691285,2016,-2.190939722477504
2016,32,clear creek,lcc,NA,NA,NA,150.34077380952382,5.012904542799558,2016,-2.0715592029128502
2016,32,clear creek,ucc,NA,NA,NA,150.34077380952382,5.012904542799558,2016,-2.103027973241258
2016,33,clear creek,lcc,NA,NA,NA,150.19196428571428,5.011914237803742,2016,-2.0745287404733777
2016,33,clear creek,ucc,NA,NA,NA,150.19196428571428,5.011914237803742,2016,-2.106220275326118
2016,34,clear creek,lcc,NA,NA,NA,149.85863095238096,5.009692389383832,2016,-2.0811911953378854
2016,34,clear creek,ucc,NA,NA,NA,149.85863095238096,5.009692389383832,2016,-2.113382524706953
2016,35,clear creek,lcc,NA,NA,NA,153.13839285714286,5.031342041031129,2016,-2.016272353152294
2016,35,clear creek,ucc,NA,NA,NA,153.13839285714286,5.031342041031129,2016,-2.043593693607285
2016,36,clear creek,lcc,NA,NA,NA,152.87351190476193,5.029610859894626,2016,-2.0214634886415053
2016,36,clear creek,ucc,NA,NA,NA,152.87351190476193,5.029610859894626,2016,-2.0491742502788957
2016,37,clear creek,lcc,NA,NA,NA,144.31845238095238,4.972022332732373,2016,-2.1941489695653367
2016,37,clear creek,ucc,NA,NA,NA,144.31845238095238,4.972022332732373,2016,-2.2348140037899817
2016,38,clear creek,lcc,NA,NA,NA,187.17261904761907,5.232031287574345,2016,-1.4144837545671123
2016,38,clear creek,ucc,NA,NA,NA,187.17261904761907,5.232031287574345,2016,-1.3966609780745247
2016,39,clear creek,lcc,NA,NA,NA,273.2544642857143,5.610403464656819,2016,-0.2798935056518374
2016,39,clear creek,ucc,NA,NA,NA,273.2544642857143,5.610403464656819,2016,-0.1769576595447163
2016,40,clear creek,lcc,NA,NA,NA,254.58035714285714,5.53961653131214,2016,-0.4921558473038298
2016,40,clear creek,ucc,NA,NA,NA,254.58035714285714,5.53961653131214,2016,-0.40514319415455596
2016,41,clear creek,lcc,NA,NA,NA,244.45089285714286,5.499014441532375,2016,-0.613905642716674
2016,41,clear creek,ucc,NA,NA,NA,244.45089285714286,5.499014441532375,2016,-0.5360262417017594
2016,42,clear creek,lcc,0,NA,72,262.01041666666663,5.568384261240478,2016,-0.40589267089430625
2016,42,clear creek,ucc,0,NA,72,262.01041666666663,5.568384261240478,2016,-0.3124088500737661
2016,43,clear creek,lcc,2,70,168,250.29761904761904,5.522650685997835,2016,-0.5430297852520188
2016,43,clear creek,ucc,0,NA,168,250.29761904761904,5.522650685997835,2016,-0.45983352046523046
2016,44,clear creek,lcc,4,44.75,168,303.33035714285717,5.714822499177697,2016,0.03321836024181387
2016,44,clear creek,ucc,0,NA,168,303.33035714285717,5.714822499177697,2016,0.15964278477134033
2016,45,clear creek,lcc,46,32.58695652173913,168,267.0044642857143,5.587265378431684,2017,-0.34927558128969993
2016,45,clear creek,ucc,11,31.90909090909091,168,267.0044642857143,5.587265378431684,2017,-0.25154454056444425
2016,46,clear creek,lcc,301,32.970099667774086,168,261.0877976190476,5.564856740101493,2017,-0.4164703278404271
2016,46,clear creek,ucc,97,33.79381443298969,168,261.0877976190476,5.564856740101493,2017,-0.3237800065699444
2016,47,clear creek,lcc,868,33.18250377073907,168,345.08035714285717,5.8437773091645395,2017,0.419903425433333
2016,47,clear creek,ucc,516,33.007751937984494,168,345.08035714285717,5.8437773091645395,2017,0.5753356374914511
2016,48,clear creek,lcc,826,33.91225626740947,168,327.72916666666663,5.792187555914614,2017,0.2652059224809633
2016,48,clear creek,ucc,934,33.753369272237194,144,327.72916666666663,5.792187555914614,2017,0.4090332583729345
2016,49,clear creek,lcc,1320,33.95959595959596,168,275.5729166666667,5.618852263870396,2017,-0.2545588595457663
2016,49,clear creek,ucc,1339,34.10490463215259,168,275.5729166666667,5.618852263870396,2017,-0.14972249516806502
2016,50,clear creek,lcc,2051,35.32539682539682,168,474.3556547619047,6.161957366842785,2017,1.374001038066063
2016,50,clear creek,ucc,895,34.03061224489796,168,474.3556547619047,6.161957366842785,2017,1.6010063811295876
2016,51,clear creek,lcc,5099,36.16849315068493,168,406.8705357142857,6.008495040771852,2017,0.9138275124159863
2016,51,clear creek,ucc,13,34.53846153846154,168,406.8705357142857,6.008495040771852,2017,1.1063122156618626
2016,52,clear creek,lcc,5155,35.91436100131752,168,352.7425595238095,5.865738497736008,2017,0.4857564450710504
2016,52,clear creek,ucc,12,33.22222222222222,144,352.7425595238095,5.865738497736008,2017,0.646128724832122
2016,53,clear creek,lcc,1295,36.783018867924525,48,295.40104166666663,5.688333896383095,2017,-0.046210604831362925
2016,53,clear creek,ucc,5,34.2,48,295.40104166666663,5.688333896383095,2017,0.07425533112473627
2017,1,clear creek,lcc,12211,36.34834437086093,168,325.50388198757764,5.785374387806624,2017,0.24477589467302288
2017,1,clear creek,ucc,13,34.69230769230769,168,325.50388198757764,5.785374387806624,2017,0.3870706399396943
2017,2,clear creek,lcc,4249,36.86810551558753,168,860.2738095238094,6.757250721741609,2017,3.1590531022009105
2017,2,clear creek,ucc,0,NA,168,860.2738095238094,6.757250721741609,2017,3.519966929623022
2017,3,clear creek,lcc,4160,36.84905660377358,168,701.623511904762,6.553396952333355,2017,2.5477753365928604
2017,3,clear creek,ucc,0,NA,168,701.623511904762,6.553396952333355,2017,2.8628332022986114
2017,4,clear creek,lcc,3314,36.81365576102418,168,700.5758928571429,6.551902700889533,2017,2.543294660633386
2017,4,clear creek,ucc,0,NA,168,700.5758928571429,6.551902700889533,2017,2.858016401394274
2017,5,clear creek,lcc,4518,36.911471321695764,168,452.1547619047619,6.114024514823527,2017,1.2302691523785616
2017,5,clear creek,ucc,2,57.5,144,452.1547619047619,6.114024514823527,2017,1.446492222278674
2017,6,clear creek,lcc,2005,37.23728813559322,168,1423.638392857143,7.260971122123988,2017,4.669513672690934
2017,6,clear creek,ucc,0,NA,168,1423.638392857143,7.260971122123988,2017,5.1437370722771245
2017,7,clear creek,lcc,230,38.23478260869565,168,596.5714285714286,6.391198980507161,2017,2.061407024189908
2017,7,clear creek,ucc,1,63,168,596.5714285714286,6.391198980507161,2017,2.339979207005794
2017,8,clear creek,lcc,347,38.206586826347305,168,1403.0937499999998,7.246434898967679,2017,4.625925221826563
2017,8,clear creek,ucc,0,NA,168,1403.0937499999998,7.246434898967679,2017,5.096878765307118
2017,9,clear creek,lcc,270,36.885185185185186,168,416.4464285714285,6.031757830456543,2017,0.9835835249810039
2017,9,clear creek,ucc,0,NA,168,416.4464285714285,6.031757830456543,2017,1.181301085074676
2017,10,clear creek,lcc,242,35.86776859504132,168,343.99404761904765,5.840624353790691,2017,0.41044894479467386
2017,10,clear creek,ucc,0,NA,168,343.99404761904765,5.840624353790691,2017,0.5651719141376031
2017,11,clear creek,lcc,249,37.16465863453815,168,315.1309523809524,5.752988274281542,2017,0.14766260032576864
2017,11,clear creek,ucc,0,NA,168,315.1309523809524,5.752988274281542,2017,0.2826722392818783
2017,12,clear creek,lcc,359,37.13091922005571,168,466.77976190476187,6.14585754451274,2017,1.325723964509052
2017,12,clear creek,ucc,0,NA,168,466.77976190476187,6.14585754451274,2017,1.5491077270712703
2017,13,clear creek,lcc,167,36.89221556886228,168,469.15624999999994,6.150935868612578,2017,1.3409518733075667
2017,13,clear creek,ucc,1,81,168,469.15624999999994,6.150935868612578,2017,1.5654779813666646
2017,14,clear creek,lcc,116,39.439655172413794,168,394.452380952381,5.9774984256551695,2017,0.820880780624178
2017,14,clear creek,ucc,0,NA,168,394.452380952381,5.9774984256551695,2017,1.006392938793977
2017,15,clear creek,lcc,47,42.744680851063826,168,420.3839285714286,6.0411684093744045,2017,1.0118021724491701
2017,15,clear creek,ucc,0,NA,168,420.3839285714286,6.0411684093744045,2017,1.2116365987054785
2017,16,clear creek,lcc,92,41.92391304347826,168,503.3958333333333,6.221376805617563,2017,1.5521767071908754
2017,16,clear creek,ucc,0,NA,168,503.3958333333333,6.221376805617563,2017,1.7925481779329473
2017,17,clear creek,lcc,43,55.651162790697676,168,369.36458333333337,5.911784186973091,2017,0.6238294672890393
2017,17,clear creek,ucc,0,NA,168,369.36458333333337,5.911784186973091,2017,0.7945595116820245
2017,18,clear creek,lcc,66,48.833333333333336,168,326.85565476190476,5.789518650695084,2017,0.2572029190341793
2017,18,clear creek,ucc,0,NA,168,326.85565476190476,5.789518650695084,2017,0.4004298970523342
2017,19,clear creek,lcc,167,53.50299401197605,168,307.09970238095235,5.727172458318832,2017,0.07025105996111564
2017,19,clear creek,ucc,0,NA,168,307.09970238095235,5.727172458318832,2017,0.19945355062706138
2017,20,clear creek,lcc,167,43.67065868263473,168,296.4092261904762,5.691741020435714,2017,-0.03599397168261105
2017,20,clear creek,ucc,0,NA,168,296.4092261904762,5.691741020435714,2017,0.08523838105632867
2017,21,clear creek,lcc,106,42.08490566037736,168,279.78125,5.634008047834429,2017,-0.20911258801267066
2017,21,clear creek,ucc,0,NA,168,279.78125,5.634008047834429,2017,-0.10086700019380598
2017,22,clear creek,lcc,147,46.78231292517007,168,198.32291666666666,5.28989659448984,2017,-1.2409683193597818
2017,22,clear creek,ucc,0,NA,168,198.32291666666666,5.28989659448984,2017,-1.2101290099557602
2017,23,clear creek,lcc,239,41.58995815899581,168,392.23660714285717,5.971865247353643,2017,0.8039890809738615
2017,23,clear creek,ucc,0,NA,168,392.23660714285717,5.971865247353643,2017,0.9882340817627295
2017,24,clear creek,lcc,25,44.44,168,156.30654761904765,5.0518191279066835,2017,-1.954869574347734
2017,24,clear creek,ucc,0,NA,168,156.30654761904765,5.0518191279066835,2017,-1.9775846889058297
2017,25,clear creek,lcc,47,52.808510638297875,168,474.8482142857142,6.16299520409584,2017,1.3771131062851305
2017,25,clear creek,ucc,0,NA,168,474.8482142857142,6.16299520409584,2017,1.6043519060342102
2017,26,clear creek,lcc,5,61.6,144,164.36755952380955,5.102105136653136,2017,-1.8040814915121484
2017,26,clear creek,ucc,1,60,144,164.36755952380955,5.102105136653136,2017,-1.8154850011946535
2017,27,clear creek,lcc,NA,NA,NA,154.3869047619048,5.039461820275556,2017,-1.9919243093159118
2017,27,clear creek,ucc,NA,NA,NA,154.3869047619048,5.039461820275556,2017,-2.017419143019232
2017,28,clear creek,lcc,NA,NA,NA,152.68154761904762,5.0283543641830555,2017,-2.0252312281014833
2017,28,clear creek,ucc,NA,NA,NA,152.68154761904762,5.0283543641830555,2017,-2.053224632632423
2017,29,clear creek,lcc,NA,NA,NA,149.80357142857142,5.009324912111145,2017,-2.0822931160274654
2017,29,clear creek,ucc,NA,NA,NA,149.80357142857142,5.009324912111145,2017,-2.11456710770784
2017,30,clear creek,lcc,NA,NA,NA,137.71875,4.92521356204226,2017,-2.3345101747634063
2017,30,clear creek,ucc,NA,NA,NA,137.71875,4.92521356204226,2017,-2.3857046252602467
2017,31,clear creek,lcc,NA,NA,NA,134.98958333333331,4.9051976149675784,2017,-2.3945301755701465
2017,31,clear creek,ucc,NA,NA,NA,134.98958333333331,4.9051976149675784,2017,-2.450227120700457
2017,32,clear creek,lcc,NA,NA,NA,142.4077380952381,4.958694338057928,2017,-2.23411441552339
2017,32,clear creek,ucc,NA,NA,NA,142.4077380952381,4.958694338057928,2017,-2.2777775204499955
2017,33,clear creek,lcc,NA,NA,NA,141.33035714285714,4.951100108390643,2017,-2.256886541621461
2017,33,clear creek,ucc,NA,NA,NA,141.33035714285714,4.951100108390643,2017,-2.302257933355317
2017,34,clear creek,lcc,NA,NA,NA,140.859335839599,4.947761774267096,2017,-2.2668969006637245
2017,34,clear creek,ucc,NA,NA,NA,140.859335839599,4.947761774267096,2017,-2.3130192352043295
2017,35,clear creek,lcc,NA,NA,NA,143.72470238095238,4.967899680753705,2017,-2.2065111912559887
2017,35,clear creek,ucc,NA,NA,NA,143.72470238095238,4.967899680753705,2017,-2.248103596958004
2017,36,clear creek,lcc,NA,NA,NA,161.07589285714286,5.0818756381236865,2017,-1.8647418496519494
2017,36,clear creek,ucc,NA,NA,NA,161.07589285714286,5.0818756381236865,2017,-1.8806958913790686
2017,37,clear creek,lcc,3,71.66666666666667,96,162.1238354037267,5.088360459287611,2017,-1.84529640597456
2017,37,clear creek,ucc,NA,NA,NA,162.1238354037267,5.088360459287611,2017,-1.8597917172014113
2017,38,clear creek,lcc,2,59,168,163.38839285714286,5.096130144756782,2017,-1.821998156514377
2017,38,clear creek,ucc,NA,NA,NA,163.38839285714286,5.096130144756782,2017,-1.834745712963592
2017,39,clear creek,lcc,3,71.33333333333333,168,164.6994047619048,5.104122023102412,2017,-1.7980336374755153
2017,39,clear creek,ucc,NA,NA,NA,164.6994047619048,5.104122023102412,2017,-1.8089834578881447
2017,40,clear creek,lcc,2,73,168,187.82738095238096,5.235523354615081,2017,-1.404012410602215
2017,40,clear creek,ucc,NA,NA,NA,187.82738095238096,5.235523354615081,2017,-1.3854041097948415
2017,41,clear creek,lcc,1,75,168,199.84821428571428,5.297558149844529,2017,-1.2179943098435904
2017,41,clear creek,ucc,NA,NA,NA,199.84821428571428,5.297558149844529,2017,-1.1854315690306123
2017,42,clear creek,lcc,1,85,168,211.59375,5.354668162685919,2017,-1.0467437063111231
2017,42,clear creek,ucc,NA,NA,NA,211.59375,5.354668162685919,2017,-1.0013343324921549
2017,43,clear creek,lcc,0,NA,168,210.49404761904762,5.3494573753784325,2017,-1.062368820487944
2017,43,clear creek,ucc,NA,NA,NA,210.49404761904762,5.3494573753784325,2017,-1.018131589151196
2017,44,clear creek,lcc,0,NA,168,212.67261904761907,5.359753983537115,2017,-1.0314933176858534
2017,44,clear creek,ucc,NA,NA,NA,212.67261904761907,5.359753983537115,2017,-0.9849399120104926
2017,45,clear creek,lcc,0,NA,168,212.60863095238093,5.359453062225767,2018,-1.0323956630648905
2017,45,clear creek,ucc,NA,NA,NA,212.60863095238093,5.359453062225767,2018,-0.9859099482454451
2017,46,clear creek,lcc,0,NA,168,221.0654761904762,5.398458929992861,2018,-0.915432313485999
2017,46,clear creek,ucc,NA,NA,NA,221.0654761904762,5.398458929992861,2018,-0.8601724092844617
2017,47,clear creek,lcc,120,34.94166666666667,168,217.57291666666666,5.382534043387481,2018,-0.9631848231891835
2017,47,clear creek,ucc,139,34.32374100719424,144,217.57291666666666,5.382534043387481,2018,-0.9115071485075296
2017,48,clear creek,lcc,146,40.06164383561644,168,218.69642857142858,5.387684597286138,2018,-0.9477403254594914
2017,48,clear creek,ucc,274,34.13703703703704,168,218.69642857142858,5.387684597286138,2018,-0.894904057522091
2017,49,clear creek,lcc,171,36.36842105263158,168,212.42410714285714,5.35858478171663,2018,-1.0349992968906823
2017,49,clear creek,ucc,217,34.88425925925926,168,212.42410714285714,5.35858478171663,2018,-0.9887088977521862
2017,50,clear creek,lcc,383,34.49214659685864,168,211.79464285714286,5.355617139443942,2018,-1.0438980959800404
2017,50,clear creek,ucc,223,35.228699551569505,168,211.79464285714286,5.355617139443942,2018,-0.9982752542325075
2017,51,clear creek,lcc,276,34.666666666666664,168,212.49553571428572,5.3589209797404305,2018,-1.0339911704410838
2017,51,clear creek,ucc,208,35.69711538461539,168,212.49553571428572,5.3589209797404305,2018,-0.9876251451135147
2017,52,clear creek,lcc,171,35.19078947368421,168,212.2574404761905,5.357799879824105,2018,-1.0373529108389388
2017,52,clear creek,ucc,43,35.57692307692308,168,212.2574404761905,5.357799879824105,2018,-0.9912390717475745
2017,53,clear creek,lcc,0,NA,24,211,5.351858133476067,2018,-1.055169885437848
2017,53,clear creek,ucc,0,NA,24,211,5.351858133476067,2018,-1.0103926146810054
2018,1,clear creek,lcc,147,34.136054421768705,168,216.49255952380955,5.377556179756414,2018,-0.9781114903130375
2018,1,clear creek,ucc,38,35.55263157894737,168,216.49255952380955,5.377556179756414,2018,-0.9275535630108802
2018,2,clear creek,lcc,732,33.30882352941177,168,221.85416666666666,5.402020259107493,2018,-0.9047532796368513
2018,2,clear creek,ucc,4,38,168,221.85416666666666,5.402020259107493,2018,-0.8486922709376441
2018,3,clear creek,lcc,4009,32.88708220415538,168,217.38988095238096,5.3816924278466045,2018,-0.9657084991988119
2018,3,clear creek,ucc,5,45.6,168,217.38988095238096,5.3816924278466045,2018,-0.9142201420369386
2018,4,clear creek,lcc,5569,33.14523809523809,168,234.69196428571428,5.458273864033573,2018,-0.7360707086624254
2018,4,clear creek,ucc,3,58.333333333333336,168,234.69196428571428,5.458273864033573,2018,-0.6673557119531583
2018,5,clear creek,lcc,3368,32.848161328588375,168,217.21130952380955,5.380870656335003,2018,-0.9681726707219103
2018,5,clear creek,ucc,0,NA,168,217.21130952380955,5.380870656335003,2018,-0.9168691672572974
2018,6,clear creek,lcc,5426,32.76377952755905,168,209.95684523809524,5.34690201073347,2018,-1.0700313601359506
2018,6,clear creek,ucc,4,72.25,168,209.95684523809524,5.34690201073347,2018,-1.0263689462463899
2018,7,clear creek,lcc,3673,32.98621553884712,168,209.04166666666666,5.342533594136308,2018,-1.0831305338451735
2018,7,clear creek,ucc,5,70,168,209.04166666666666,5.342533594136308,2018,-1.0404507750461813
2018,8,clear creek,lcc,2754,33.37406216505895,168,208.95684523809527,5.342127748530068,2018,-1.084347506168444
2018,8,clear creek,ucc,12,72.16666666666667,168,208.95684523809527,5.342127748530068,2018,-1.0417590404597707
2018,9,clear creek,lcc,513,35.182291666666664,168,236.3764880952381,5.465425822443684,2018,-0.71462478117555706
2018,9,clear creek,ucc,15,68.93333333333334,168,236.3764880952381,5.465425822443684,2018,-0.6443009845309097
2018,10,clear creek,lcc,344,36.77058823529412,168,218.59226190476193,5.3872081766930355,2018,-0.9491689245797663
2018,10,clear creek,ucc,4,81,168,218.59226190476193,5.3872081766930355,2018,-0.8964398252492629
2018,11,clear creek,lcc,769,42.41085271317829,168,266.89732142857144,5.58686402049864,2018,-0.3504790968353381
2018,11,clear creek,ucc,37,78.16129032258064,168,266.89732142857144,5.58686402049864,2018,-0.25283833971909103
2018,12,clear creek,lcc,155,40.54838709677419,168,258.46726190476187,5.554769039524909,2018,-0.44671939846824504
2018,12,clear creek,ucc,13,85.07692307692308,168,258.46726190476187,5.554769039524909,2018,-0.35629825874289006
2018,13,clear creek,lcc,46,42.80434782608695,168,231.32142857142858,5.443808209007713,2018,-0.7794475532894954
2018,13,clear creek,ucc,4,85.75,168,231.32142857142858,5.443808209007713,2018,-0.7139865387116033
2018,14,clear creek,lcc,6,48.333333333333336,168,316.1919642857143,5.756349511061283,2018,0.1577416354810382
2018,14,clear creek,ucc,5,82.6,168,316.1919642857143,5.756349511061283,2018,0.29350736909038316
2018,15,clear creek,lcc,34,57.911764705882355,168,251.59970238095235,5.527839341919991,2018,-0.5274710344483845
2018,15,clear creek,ucc,4,87,168,251.59970238095235,5.527839341919991,2018,-0.4431076055320516
2018,16,clear creek,lcc,29,59.206896551724135,168,215.6220238095238,5.373526985067869,2018,-0.9901934701241701
2018,16,clear creek,ucc,1,82,168,215.6220238095238,5.373526985067869,2018,-0.9405418915146175
2018,17,clear creek,lcc,96,63.255319148936174,168,200.31845238095235,5.299908362147827,2018,-1.210946941871762
2018,17,clear creek,ucc,2,69,168,200.31845238095235,5.299908362147827,2018,-1.1778555316811306
2018,18,clear creek,lcc,42,66,168,198.71130952380955,5.291853065521367,2018,-1.2351016275438786
2018,18,clear creek,ucc,4,97,168,198.71130952380955,5.291853065521367,2018,-1.2038222190385197
2018,19,clear creek,lcc,53,66.59615384615384,168,197.8839285714286,5.28768063946458,2018,-1.247613102237533
2018,19,clear creek,ucc,1,77,168,197.8839285714286,5.28768063946458,2018,-1.2172722616579954
2018,20,clear creek,lcc,107,63.60747663551402,168,196.5922619047619,5.281131847349251,2018,-1.2672503697911839
2018,20,clear creek,ucc,0,NA,168,196.5922619047619,5.281131847349251,2018,-1.238382649681288
2018,21,clear creek,lcc,21,67.14285714285714,168,174.46726190476193,5.1617371131804,2018,-1.6252685047511506
2018,21,clear creek,ucc,0,NA,168,174.46726190476193,5.1617371131804,2018,-1.6232580773716003
2018,22,clear creek,lcc,8,65.625,168,176.39732142857142,5.172738958812117,2018,-1.5922782704530927
2018,22,clear creek,ucc,0,NA,168,176.39732142857142,5.172738958812117,2018,-1.587793028830167
2018,23,clear creek,lcc,30,71.2,168,354.36160714285717,5.8703178808729115,2018,0.49948822496364254
2018,23,clear creek,ucc,0,NA,168,354.36160714285717,5.8703178808729115,2018,0.6608906157617577
2018,24,clear creek,lcc,2,70.5,168,178.0431547619048,5.1820259633902666,2018,-1.5644301741230506
2018,24,clear creek,ucc,0,NA,168,178.0431547619048,5.1820259633902666,2018,-1.5578558638131368
2018,25,clear creek,lcc,3,62.333333333333336,168,481.8511904761905,6.17763533293073,2018,1.421013129661607
2018,25,clear creek,ucc,0,NA,168,481.8511904761905,6.17763533293073,2018,1.6515451586177012
2018,26,clear creek,lcc,0,NA,144,147.99404761904765,4.997172054165099,2018,-2.118734786311882
2018,26,clear creek,ucc,0,NA,120,147.99404761904765,4.997172054165099,2018,-2.1537425071272933
2018,27,clear creek,lcc,NA,NA,NA,145.80505952380955,4.982270520781857,2018,-2.16341865974274
2018,27,clear creek,ucc,NA,NA,NA,145.80505952380955,4.982270520781857,2018,-2.201778411508182
2018,28,clear creek,lcc,NA,NA,NA,145.49999999999997,4.980176086611547,2018,-2.1696990490804335
2018,28,clear creek,ucc,NA,NA,NA,145.49999999999997,4.980176086611547,2018,-2.208529934116602
2018,29,clear creek,lcc,NA,NA,NA,145.72619047619048,4.981729453232199,2018,-2.165041109814467
2018,29,clear creek,ucc,NA,NA,NA,145.72619047619048,4.981729453232199,2018,-2.2035225722204097
2018,30,clear creek,lcc,NA,NA,NA,133.83779761904762,4.896628601216277,2018,-2.420225298081567
2018,30,clear creek,ucc,NA,NA,NA,133.83779761904762,4.896628601216277,2018,-2.4778498031862024
2018,31,clear creek,lcc,NA,NA,NA,118.17559523809523,4.7721716135872425,2018,-2.7934231522739297
2018,31,clear creek,ucc,NA,NA,NA,118.17559523809523,4.7721716135872425,2018,-2.879043680589797
2018,32,clear creek,lcc,NA,NA,NA,135.76190476190476,4.910902651189249,2018,-2.3774230021074283
2018,32,clear creek,ucc,NA,NA,NA,135.76190476190476,4.910902651189249,2018,-2.4318366257503277
2018,33,clear creek,lcc,NA,NA,NA,144.38690476190476,4.972496535101962,2018,-2.192727022030249
2018,33,clear creek,ucc,NA,NA,NA,144.38690476190476,4.972496535101962,2018,-2.2332853866271067
2018,34,clear creek,lcc,NA,NA,NA,144.65625000000003,4.974360238231545,2018,-2.1871385048882073
2018,34,clear creek,ucc,NA,NA,NA,144.65625000000003,4.974360238231545,2018,-2.227277638093814
2018,35,clear creek,lcc,NA,NA,NA,155.8779761904762,5.049073497261235,2018,-1.9631026473539717
2018,35,clear creek,ucc,NA,NA,NA,155.8779761904762,5.049073497261235,2018,-1.9864353788152544
2018,36,clear creek,lcc,NA,NA,NA,177.16666666666666,5.177090909113893,2018,-1.5792284727268624
2018,36,clear creek,ucc,NA,NA,NA,177.16666666666666,5.177090909113893,2018,-1.573764280030287
2018,37,clear creek,lcc,NA,NA,NA,179.25595238095238,5.188814686074562,2018,-1.544073448584764
2018,37,clear creek,ucc,NA,NA,NA,179.25595238095238,5.188814686074562,2018,-1.5359720465344437
2018,38,clear creek,lcc,NA,NA,NA,206.80208333333331,5.331762216729243,2018,-1.1154296840302522
2018,38,clear creek,ucc,NA,NA,NA,206.80208333333331,5.331762216729243,2018,-1.0751728967144198
2018,39,clear creek,lcc,NA,NA,NA,208.44642857142853,5.3396820709175135,2018,-1.0916811372842161
2018,39,clear creek,ucc,NA,NA,NA,208.44642857142853,5.3396820709175135,2018,-1.0496428154325705
2018,40,clear creek,lcc,NA,NA,NA,207.98214285714286,5.337452224367502,2018,-1.0983675754143345
2018,40,clear creek,ucc,NA,NA,NA,207.98214285714286,5.337452224367502,2018,-1.0568308472213566
2018,41,clear creek,lcc,NA,NA,NA,218.68154761904765,5.387616551096358,2018,-0.9479443693825812
2018,41,clear creek,ucc,NA,NA,NA,218.68154761904765,5.387616551096358,2018,-0.8951234081205616
2018,42,clear creek,lcc,NA,NA,NA,201.81845238095238,5.307368542693396,2018,-1.1885767766883273
2018,42,clear creek,ucc,NA,NA,NA,201.81845238095238,5.307368542693396,2018,-1.1538072334198146
2018,43,clear creek,lcc,NA,NA,NA,220.48660714285714,5.395836954461092,2018,-0.9232945931445579
2018,43,clear creek,ucc,NA,NA,NA,220.48660714285714,5.395836954461092,2018,-0.8686244902008295
2018,44,clear creek,lcc,NA,NA,NA,235.92708333333331,5.463522788358324,2018,-0.7203312364790401
2018,44,clear creek,ucc,NA,NA,NA,235.92708333333331,5.463522788358324,2018,-0.6504355185420688
2018,45,clear creek,lcc,NA,NA,NA,231.75892857142858,5.445697730441385,2019,-0.7737816171461702
2018,45,clear creek,ucc,NA,NA,NA,231.75892857142858,5.445697730441385,2019,-0.7078955634690445
2018,46,clear creek,lcc,NA,NA,NA,231.99553571428572,5.446718128870331,2019,-0.7707218411435637
2018,46,clear creek,ucc,NA,NA,NA,231.99553571428572,5.446718128870331,2019,-0.7046062535636358
2018,47,clear creek,lcc,1,34,168,254.8050595238095,5.5404987803447,2019,-0.48951032733675237
2018,47,clear creek,ucc,6,33.333333333333336,168,254.8050595238095,5.5404987803447,2019,-0.4022992163518505
2018,48,clear creek,lcc,27,35.266666666666666,168,309.4017857142857,5.734640709661695,2019,0.09264542631066378
2018,48,clear creek,ucc,10,31,168,309.4017857142857,5.734640709661695,2019,0.22352786554297938
2018,49,clear creek,lcc,74,32.770270270270274,168,230.52678571428572,5.440367062688601,2019,-0.7897662059157536
2018,49,clear creek,ucc,66,33.46969696969697,168,230.52678571428572,5.440367062688601,2019,-0.7250792612720485
2018,50,clear creek,lcc,53,32.716981132075475,168,233.61755952380955,5.4536854173234,2019,-0.7498296666681954
2018,50,clear creek,ucc,61,33.80327868852459,168,233.61755952380955,5.4536854173234,2019,-0.6821468198048205
2018,51,clear creek,lcc,26,33.92307692307692,168,265.99107142857144,5.583462742160345,2019,-0.3606782009719933
2018,51,clear creek,ucc,15,35.714285714285715,168,265.99107142857144,5.583462742160345,2019,-0.2638025456722116
2018,52,clear creek,lcc,665,35.390625,168,254.94345238095235,5.541041765198255,2019,-0.4878821280201378
2018,52,clear creek,ucc,1,49,168,254.94345238095235,5.541041765198255,2019,-0.40054887510609993
2018,53,clear creek,lcc,399,36.52427184466019,24,239.82291666666666,5.479900803776534,2019,-0.6712199705995856
2018,53,clear creek,ucc,0,NA,24,239.82291666666666,5.479900803776534,2019,-0.5976400939139804
2019,1,clear creek,lcc,1571,36.33536585365854,168,271.6607142857143,5.60455391372798,2019,-0.2974340222288461
2019,1,clear creek,ucc,0,NA,168,271.6607142857143,5.60455391372798,2019,-0.19581400552350342
2019,2,clear creek,lcc,6051,35.98961038961039,168,318.41517857142856,5.763356124226661,2019,0.17875172939612563
2019,2,clear creek,ucc,1,68,144,318.41517857142856,5.763356124226661,2019,0.3160935682009034
2019,3,clear creek,lcc,2159,36.70987654320987,120,586.5639880952382,6.374281763754041,2019,2.010678904287233
2019,3,clear creek,ucc,0,NA,168,586.5639880952382,6.374281763754041,2019,2.2854456375103536
2019,4,clear creek,lcc,4202,36.020066889632105,168,326.15773809523813,5.787381123532445,2019,0.2507933106580505
2019,4,clear creek,ucc,2,55,168,326.15773809523813,5.787381123532445,2019,0.3935394618363477
2019,5,clear creek,lcc,4041,35.78491171749599,168,419.4657738095238,6.038981934520428,2019,1.0052457890809512
2019,5,clear creek,ucc,2,65.5,168,419.4657738095238,6.038981934520428,2019,1.204588377940832
2019,6,clear creek,lcc,3388,35.44637223974763,168,363.04464285714283,5.89452580978058,2019,0.5720783405922774
2019,6,clear creek,ucc,0,NA,168,363.04464285714283,5.89452580978058,2019,0.7389261929310094
2019,7,clear creek,lcc,819,34.61434977578475,168,576.4062500000001,6.356812707231049,2019,1.958296032635399
2019,7,clear creek,ucc,1,33,168,576.4062500000001,6.356812707231049,2019,2.2291331824641847
2019,8,clear creek,lcc,1270,34.93208430913349,168,403.0922619047619,5.999165473473378,2019,0.885851787125965
2019,8,clear creek,ucc,0,NA,168,403.0922619047619,5.999165473473378,2019,1.0762378473979544
2019,9,clear creek,lcc,0,NA,168,1911.84375,7.555823369560731,2019,5.553660301526075
2019,9,clear creek,ucc,0,NA,168,1911.84375,7.555823369560731,2019,6.094209349196626
2019,10,clear creek,lcc,52,35.86538461538461,168,727.1115758145363,6.589079940055393,2019,2.6547746678697055
2019,10,clear creek,ucc,0,NA,168,727.1115758145363,6.589079940055393,2019,2.9778592564742135
2019,11,clear creek,lcc,52,41.43181818181818,168,407.3854166666667,6.0097597070466255,2019,0.9176197522010425
2019,11,clear creek,ucc,0,NA,168,407.3854166666667,6.0097597070466255,2019,1.1103889362708366
2019,12,clear creek,lcc,21,41.61904761904762,168,471.0532738095238,6.154971195496051,2019,1.3530522411741406
2019,12,clear creek,ucc,0,NA,168,471.0532738095238,6.154971195496051,2019,1.5784860773347038
2019,13,clear creek,lcc,27,45.81481481481482,168,649.080936716792,6.475557418815657,2019,2.3143650039667296
2019,13,clear creek,ucc,0,NA,168,649.080936716792,6.475557418815657,2019,2.611913226954722
2019,14,clear creek,lcc,34,47.05882352941177,168,691.7619047619048,6.539241828149461,2019,2.50532965257067
2019,14,clear creek,ucc,0,NA,168,691.7619047619048,6.539241828149461,2019,2.817203388620388
2019,15,clear creek,lcc,124,46.52845528455285,144,474.87132936507936,6.163043881791323,2019,1.377259071665196
2019,15,clear creek,ucc,0,NA,168,474.87132936507936,6.163043881791323,2019,1.604508821236528
2019,16,clear creek,lcc,58,42.293103448275865,168,369.70535714285717,5.912706356351143,2019,0.6265946927669109
2019,16,clear creek,ucc,1,108,168,369.70535714285717,5.912706356351143,2019,0.797532174892437
2019,17,clear creek,lcc,37,60.027027027027025,168,321.09375,5.771733136564709,2019,0.20387111472482217
2019,17,clear creek,ucc,0,NA,168,321.09375,5.771733136564709,2019,0.3430973236748569
2019,18,clear creek,lcc,15,66.6,168,295.5327380952381,5.6887796195258975,2019,-0.044874055364541476
2019,18,clear creek,ucc,0,NA,168,295.5327380952381,5.6887796195258975,2019,0.07569214394911927
2019,19,clear creek,lcc,15,63.785714285714285,168,377.2162280701755,5.93281857228926,2019,0.6869033662624554
2019,19,clear creek,ucc,1,110,168,377.2162280701755,5.93281857228926,2019,0.8623649982566182
2019,20,clear creek,lcc,73,72.22222222222223,168,373.3258928571428,5.92245174557549,2019,0.6558173054629222
2019,20,clear creek,ucc,0,NA,144,373.3258928571428,5.92245174557549,2019,0.8289469677795719
2019,21,clear creek,lcc,34,75.61764705882354,168,317.37648809523813,5.760088728773955,2019,0.16895408769695125
2019,21,clear creek,ucc,0,NA,168,317.37648809523813,5.760088728773955,2019,0.3055609410205852
2019,22,clear creek,lcc,20,71.85,168,258.23809523809524,5.553882009117638,2019,-0.449379255908983
2019,22,clear creek,ucc,0,NA,168,258.23809523809524,5.553882009117638,2019,-0.3591576495673625
2019,23,clear creek,lcc,8,70.375,168,195.68749999999997,5.276518999086624,2019,-1.2810824985139062
2019,23,clear creek,ucc,0,NA,168,195.68749999999997,5.276518999086624,2019,-1.2532524172661632
2019,24,clear creek,lcc,0,NA,144,173.5342261904762,5.156374849041295,2019,-1.6413478387319116
2019,24,clear creek,ucc,0,NA,168,173.5342261904762,5.156374849041295,2019,-1.6405436278466141
2019,25,clear creek,lcc,11,69.9,168,247.43898809523807,5.511164038872971,2019,-0.5774737497133942
2019,25,clear creek,ucc,0,NA,168,247.43898809523807,5.511164038872971,2019,-0.49686135302154516
2019,26,clear creek,lcc,1,67,144,168.94791666666666,5.129590482019853,2019,-1.721663685103649
2019,26,clear creek,ucc,0,NA,144,168.94791666666666,5.129590482019853,2019,-1.7268844935854077
2019,27,clear creek,lcc,NA,NA,NA,155.1688492063492,5.0445138737267765,2019,-1.9767751759230936
2019,27,clear creek,ucc,NA,NA,NA,155.1688492063492,5.0445138737267765,2019,-2.0011335735903244
2019,28,clear creek,lcc,NA,NA,NA,158.25892857142858,5.064232480105233,2019,-1.91764678363034
2019,28,clear creek,ucc,NA,NA,NA,158.25892857142858,5.064232480105233,2019,-1.93756957207722
2019,29,clear creek,lcc,NA,NA,NA,161.7886904761905,5.0862911040119965,2019,-1.8515015935106989
2019,29,clear creek,ucc,NA,NA,NA,161.7886904761905,5.0862911040119965,2019,-1.866462396627014
2019,30,clear creek,lcc,NA,NA,NA,166.85416666666669,5.117120177415791,2019,-1.7590572538218041
2019,30,clear creek,ucc,NA,NA,NA,166.85416666666669,5.117120177415791,2019,-1.7670831995947454
2019,31,clear creek,lcc,NA,NA,NA,167.0386904761905,5.118225465081351,2019,-1.7557429281827996
2019,31,clear creek,ucc,NA,NA,NA,167.0386904761905,5.118225465081351,2019,-1.7635202446121452
2019,32,clear creek,lcc,NA,NA,NA,168.22321428571428,5.125291753982906,2019,-1.7345538900628663
2019,32,clear creek,ucc,NA,NA,NA,168.22321428571428,5.125291753982906,2019,-1.7407416775161864
2019,33,clear creek,lcc,NA,NA,NA,167.01785714285714,5.118100735699402,2019,-1.7561169428410757
2019,33,clear creek,ucc,NA,NA,NA,167.01785714285714,5.118100735699402,2019,-1.7639223165674738
2019,34,clear creek,lcc,NA,NA,NA,165.52827380952382,5.109142018954085,2019,-1.7829806322920452
2019,34,clear creek,ucc,NA,NA,NA,165.52827380952382,5.109142018954085,2019,-1.7928012278771974
2019,35,clear creek,lcc,NA,NA,NA,165.66220238095235,5.109950789666754,2019,-1.7805554450827794
2019,35,clear creek,ucc,NA,NA,NA,165.66220238095235,5.109950789666754,2019,-1.7901941114402058
2019,36,clear creek,lcc,NA,NA,NA,166.2217261904762,5.113322597045546,2019,-1.77044471283313
2019,36,clear creek,ucc,NA,NA,NA,166.2217261904762,5.113322597045546,2019,-1.7793249067299999
2019,37,clear creek,lcc,NA,NA,NA,166.32589285714286,5.113949073761103,2019,-1.7685661540603248
2019,37,clear creek,ucc,NA,NA,NA,166.32589285714286,5.113949073761103,2019,-1.7773054249202147
2019,38,clear creek,lcc,NA,NA,NA,220.13392857142858,5.394236127363132,2019,-0.9280948478291103
2019,38,clear creek,ucc,NA,NA,NA,220.13392857142858,5.394236127363132,2019,-0.8737848435302666
2019,39,clear creek,lcc,NA,NA,NA,275.9940476190476,5.620379298886934,2019,-0.24997987846720254
2019,39,clear creek,ucc,NA,NA,NA,275.9940476190476,5.620379298886934,2019,-0.1448000146317225
2019,40,clear creek,lcc,NA,NA,NA,293.0625,5.680385896849805,2019,-0.07004354846476324
2019,40,clear creek,ucc,NA,NA,NA,293.0625,5.680385896849805,2019,0.04863452179045567
2019,41,clear creek,lcc,NA,NA,NA,296.9017857142857,5.693401396282734,2019,-0.031015153577935363
2019,41,clear creek,ucc,NA,NA,NA,296.9017857142857,5.693401396282734,2019,0.09059069302131781
2019,42,clear creek,lcc,NA,NA,NA,301.41220238095235,5.70847877104292,2019,0.014195999403904607
2019,42,clear creek,ucc,NA,NA,NA,301.41220238095235,5.70847877104292,2019,0.13919343165689982
2019,43,clear creek,lcc,NA,NA,NA,302.6056547619047,5.712430488429832,2019,0.026045655074232673
2019,43,clear creek,ucc,NA,NA,NA,302.6056547619047,5.712430488429832,2019,0.15193200785950034
2019,44,clear creek,lcc,2,32,72,300.79910714285717,5.706442623796203,2019,0.008090389765020667
2019,44,clear creek,ucc,1,29,96,300.79910714285717,5.706442623796203,2019,0.13262980012092104
2019,45,clear creek,lcc,17,31.294117647058822,168,305.15922619047615,5.720833693468637,2020,0.05124358207346252
2019,45,clear creek,ucc,42,31.1,144,305.15922619047615,5.720833693468637,2020,0.179020196930767
2019,46,clear creek,lcc,49,35,168,307.0044642857143,5.726862289128746,2020,0.06932098380884999
2019,46,clear creek,ucc,31,32.354838709677416,168,307.0044642857143,5.726862289128746,2020,0.19845370335137008
2019,47,clear creek,lcc,250,33.615894039735096,168,306.54464285714283,5.725363398463574,2020,0.06482639663807034
2019,47,clear creek,ucc,1044,32.86614173228347,168,306.54464285714283,5.725363398463574,2020,0.193621947664361
2019,48,clear creek,lcc,537,33.5781990521327,168,319.54224896480326,5.766889499706983,2020,0.18934694122338505
2019,48,clear creek,ucc,2509,33.138279932546375,168,319.54224896480326,5.766889499706983,2020,0.3274835964852022
2019,49,clear creek,lcc,1435,34.20316622691293,168,398.0610119047619,5.98660528977889,2020,0.8481887061504174
2019,49,clear creek,ucc,2810,33.44444444444444,168,398.0610119047619,5.98660528977889,2020,1.0357494112459151
2019,50,clear creek,lcc,699,33.66067864271457,168,297.33333333333337,5.6948538439119,2020,-0.02665983091700975
2019,50,clear creek,ucc,1526,33.47600518806745,168,297.33333333333337,5.6948538439119,2020,0.09527273705252447
2019,51,clear creek,lcc,772,34.24905660377358,168,310.43601190476187,5.73797779931394,2020,0.10265205366996832
2019,51,clear creek,ucc,1020,34.22727272727273,168,310.43601190476187,5.73797779931394,2020,0.2342851557709746
2019,52,clear creek,lcc,1014,34.676557863501486,168,307.2202380952381,5.727564878319846,2020,0.0714277741425416
2019,52,clear creek,ucc,358,33.92941176470588,168,307.2202380952381,5.727564878319846,2020,0.2007185378710629
2019,53,clear creek,lcc,0,NA,24,294.1145833333333,5.683969430639101,2020,-0.05929793147636969
2019,53,clear creek,ucc,0,NA,24,294.1145833333333,5.683969430639101,2020,0.06018623811529129
2020,1,clear creek,lcc,1685,35.473684210526315,168,289.8065476190476,5.669213623209845,2020,-0.10354482973722197
2020,1,clear creek,ucc,149,33.852348993288594,168,289.8065476190476,5.669213623209845,2020,0.012620089283139301
2020,2,clear creek,lcc,4199,35.97142857142857,168,289.4226190476191,5.667887969566183,2020,-0.10751994680088871
2020,2,clear creek,ucc,79,34.01282051282051,168,289.4226190476191,5.667887969566183,2020,0.008346772569255886
2020,3,clear creek,lcc,7645,35.87348178137652,168,319.08779761904765,5.765466292562581,2020,0.18507929934581346
2020,3,clear creek,ucc,3,50.666666666666664,168,319.08779761904765,5.765466292562581,2020,0.3228958107490324
2020,4,clear creek,lcc,17464,35.89712696941613,168,348.72916666666663,5.854295594194729,2020,0.45144365051696206
2020,4,clear creek,ucc,0,NA,168,348.72916666666663,5.854295594194729,2020,0.609241902099717
2020,5,clear creek,lcc,19552,35.7941473259334,168,318.86607142857144,5.7647711758459605,2020,0.18299491604200638
2020,5,clear creek,ucc,1,54,168,318.86607142857144,5.7647711758459605,2020,0.3206550641577654
2020,6,clear creek,lcc,10204,36.04509283819629,168,296.98660714285717,5.69368704399085,2020,-0.030158607764361578
2020,6,clear creek,ucc,2,58.5,120,296.98660714285717,5.69368704399085,2020,0.09151149396446673
2020,7,clear creek,lcc,13496,36.16863587540279,168,291.45684523809524,5.674891951050865,2020,-0.08651774426745225
2020,7,clear creek,ucc,0,NA,168,291.45684523809524,5.674891951050865,2020,0.03092448831373564
2020,8,clear creek,lcc,13392,36.59818181818182,144,288.22767857142856,5.663750718410655,2020,-0.11992594571595387
2020,8,clear creek,ucc,6,63,144,288.22767857142856,5.663750718410655,2020,-0.004989881840429712
2020,9,clear creek,lcc,8989,36.14719626168224,168,286.41964285714283,5.657458018129672,2020,-0.13879529396772342
2020,9,clear creek,ucc,1,76,168,286.41964285714283,5.657458018129672,2020,-0.025274743889245513
2020,10,clear creek,lcc,4761,35.445017182130584,168,286.43898809523813,5.657525557438874,2020,-0.13859276998133999
2020,10,clear creek,ucc,0,NA,168,286.43898809523813,5.657525557438874,2020,-0.025057027247920673
2020,11,clear creek,lcc,7308,36.03939393939394,168,289.48065476190476,5.668088471850782,2020,-0.10691871882809059
2020,11,clear creek,ucc,0,NA,168,289.48065476190476,5.668088471850782,2020,0.0089931026027776
2020,12,clear creek,lcc,5843,37.723175965665234,168,297.61458333333337,5.695799304894523,2020,-0.023824763021992396
2020,12,clear creek,ucc,0,NA,144,297.61458333333337,5.695799304894523,2020,0.09832048201870583
2020,13,clear creek,lcc,355,37.21875,24,289.33184523809524,5.667574282792708,2020,-0.10846057081067575
2020,13,clear creek,ucc,0,NA,24,289.33184523809524,5.667574282792708,2020,0.00733558617194379
2020,14,clear creek,lcc,NA,NA,NA,276.57886904761904,5.622496020967551,2020,-0.24363265639910417
2020,14,clear creek,ucc,NA,NA,NA,276.57886904761904,5.622496020967551,2020,-0.137976645730653
2020,15,clear creek,lcc,NA,NA,NA,262.47023809523813,5.570137696919022,2020,-0.40063480273307966
2020,15,clear creek,ucc,NA,NA,NA,262.47023809523813,5.570137696919022,2020,-0.3067565546739321
2020,16,clear creek,lcc,NA,NA,NA,240.57291666666669,5.48302323139687,2020,-0.6618570307600513
2020,16,clear creek,ucc,NA,NA,NA,240.57291666666669,5.48302323139687,2020,-0.5875747784360861
2020,17,clear creek,lcc,NA,NA,NA,234.69642857142858,5.458292885746859,2020,-0.7360136699800923
2020,17,clear creek,ucc,NA,NA,NA,234.69642857142858,5.458292885746859,2020,-0.6672943944244799
2020,18,clear creek,lcc,NA,NA,NA,230.2202380952381,5.439036407693827,2020,-0.7937563200763205
2020,18,clear creek,ucc,NA,NA,NA,230.2202380952381,5.439036407693827,2020,-0.7293687001136118
2020,19,clear creek,lcc,NA,NA,NA,550.2276785714286,6.310332153607245,2020,1.8189190221152596
2020,19,clear creek,ucc,NA,NA,NA,550.2276785714286,6.310332153607245,2020,2.079300586581481
2020,20,clear creek,lcc,NA,NA,NA,249.4300595238095,5.519178553344001,2020,-0.5534413537831843
2020,20,clear creek,ucc,NA,NA,NA,249.4300595238095,5.519178553344001,2020,-0.4710261291631317
2020,21,clear creek,lcc,NA,NA,NA,223.74107142857142,5.410489452128921,2020,-0.879357480473217
2020,21,clear creek,ucc,NA,NA,NA,223.74107142857142,5.410489452128921,2020,-0.821391366010764
2020,22,clear creek,lcc,NA,NA,NA,213.16964285714283,5.362088294053836,2020,-1.0244936329557714
2020,22,clear creek,ucc,NA,NA,NA,213.16964285714283,5.362088294053836,2020,-0.9774151349360326
2020,23,clear creek,lcc,NA,NA,NA,169.18898809523807,5.131016362874742,2020,-1.7173880258135126
2020,23,clear creek,ucc,NA,NA,NA,169.18898809523807,5.131016362874742,2020,-1.7222880889978767
2020,24,clear creek,lcc,NA,NA,NA,168.3943452380952,5.126308521898199,2020,-1.7315050005514954
2020,24,clear creek,ucc,NA,NA,NA,168.3943452380952,5.126308521898199,2020,-1.7374640707692526
2020,25,clear creek,lcc,NA,NA,NA,348.202380952381,5.852783865198077,2020,0.44691056620873293
2020,25,clear creek,ucc,NA,NA,NA,348.202380952381,5.852783865198077,2020,0.6043687613520254
2020,26,clear creek,lcc,NA,NA,NA,180.6130952380952,5.196357147978194,2020,-1.5214565537732563
2020,26,clear creek,ucc,NA,NA,NA,180.6130952380952,5.196357147978194,2020,-1.5116585098344686
2020,27,clear creek,lcc,NA,NA,NA,162.99107142857142,5.093695422794642,2020,-1.8292989359172496
2020,27,clear creek,ucc,NA,NA,NA,162.99107142857142,5.093695422794642,2020,-1.8425941718006489
2020,28,clear creek,lcc,NA,NA,NA,161.40327380952382,5.08390603945618,2020,-1.8586534697636734
2020,28,clear creek,ucc,NA,NA,NA,161.40327380952382,5.08390603945618,2020,-1.8741507821105021
2020,29,clear creek,lcc,NA,NA,NA,161.2738095238095,5.083103600737423,2020,-1.86105966979845
2020,29,clear creek,ucc,NA,NA,NA,161.2738095238095,5.083103600737423,2020,-1.8767374870202873
2020,30,clear creek,lcc,NA,NA,NA,161.1220238095238,5.082161989774705,2020,-1.863883192988789
2020,30,clear creek,ucc,NA,NA,NA,161.1220238095238,5.082161989774705,2020,-1.8797728212376357
2020,31,clear creek,lcc,NA,NA,NA,158.88839285714286,5.068202024034739,2020,-1.9057436731273811
2020,31,clear creek,ucc,NA,NA,NA,158.88839285714286,5.068202024034739,2020,-1.9247735310437577
2020,32,clear creek,lcc,NA,NA,NA,158.99851190476193,5.068894843086888,2020,-1.9036661796211414
2020,32,clear creek,ucc,NA,NA,NA,158.99851190476193,5.068894843086888,2020,-1.9225401910990443
2020,33,clear creek,lcc,NA,NA,NA,159.5535714285714,5.0723797368583785,2020,-1.893216345486595
2020,33,clear creek,ucc,NA,NA,NA,159.5535714285714,5.0723797368583785,2020,-1.911306446243421
2020,34,clear creek,lcc,NA,NA,NA,161.70833333333334,5.085794301020961,2020,-1.8529913114746548
2020,34,clear creek,ucc,NA,NA,NA,161.70833333333334,5.085794301020961,2020,-1.8680638681239243
2020,35,clear creek,lcc,NA,NA,NA,162.94642857142858,5.093421487715543,2020,-1.8301203601350096
2020,35,clear creek,ucc,NA,NA,NA,162.94642857142858,5.093421487715543,2020,-1.8434772164463087
2020,36,clear creek,lcc,NA,NA,NA,162.97619047619045,5.093604119439181,2020,-1.8295727189887168
2020,36,clear creek,ucc,NA,NA,NA,162.97619047619045,5.093604119439181,2020,-1.842888493139251
2020,37,clear creek,lcc,NA,NA,NA,161.34821428571428,5.08356485110307,2020,-1.859676560260093
2020,37,clear creek,ucc,NA,NA,NA,161.34821428571428,5.08356485110307,2020,-1.8752506213474713
2020,38,clear creek,lcc,NA,NA,NA,182.3214285714286,5.205771220423562,2020,-1.493227430581757
2020,38,clear creek,ucc,NA,NA,NA,182.3214285714286,5.205771220423562,2020,-1.4813117346274927
2020,39,clear creek,lcc,NA,NA,NA,219.29613095238096,5.390423012552207,2020,-0.9395288885554378
2020,39,clear creek,ucc,NA,NA,NA,219.29613095238096,5.390423012552207,2020,-0.8860766267810393
2020,40,clear creek,lcc,NA,NA,NA,236.72321428571425,5.466891586428774,2020,-0.7102295279687317
2020,40,clear creek,ucc,NA,NA,NA,236.72321428571425,5.466891586428774,2020,-0.6395760145011841
2020,41,clear creek,lcc,NA,NA,NA,214.38988095238093,5.3677962310323695,2020,-1.0073777612571635
2020,41,clear creek,ucc,NA,NA,NA,214.38988095238093,5.3677962310323695,2020,-0.9590152892381859
2020,42,clear creek,lcc,NA,NA,NA,218.45386904761907,5.386574866605302,2020,-0.9510679739644832
2020,42,clear creek,ucc,NA,NA,NA,218.45386904761907,5.386574866605302,2020,-0.8984813348063966
2020,43,clear creek,lcc,NA,NA,NA,222.07440476190476,5.403012482305014,2020,-0.9017779901392582
2020,43,clear creek,ucc,NA,NA,NA,222.07440476190476,5.403012482305014,2020,-0.845493785425125
2020,44,clear creek,lcc,3,70.33333333333333,168,221.4047619047619,5.399992528194829,2020,-0.91083365197995525
2020,44,clear creek,ucc,3,30.333333333333332,168,221.4047619047619,5.399992528194829,2020,-0.85522877196246
2020,45,clear creek,lcc,7,76,168,220.10267857142858,5.394094158251316,2021,-0.9285205576980426
2020,45,clear creek,ucc,4,41,168,220.10267857142858,5.394094158251316,2021,-0.8742424886936762
2020,46,clear creek,lcc,9,48,168,220.74404761904762,5.3970038747674,2021,-0.9197954553088767
2020,46,clear creek,ucc,53,33.025,168,220.74404761904762,5.3970038747674,2021,-0.8648628590443359
2020,47,clear creek,lcc,31,43.107142857142854,168,221.93750000000003,5.4023958107033065,2021,-0.9036271472085631
2020,47,clear creek,ucc,256,33.24463519313305,168,221.93750000000003,5.4023958107033065,2021,-0.8474816599164404
2020,48,clear creek,lcc,96,35.145833333333336,168,220.91071428571428,5.397758612127682,2021,-0.9175322930011413
2020,48,clear creek,ucc,381,33.95983935742972,168,220.91071428571428,5.397758612127682,2021,-0.862429922061354
2020,49,clear creek,lcc,455,34.93849658314351,168,221.47172619047618,5.400294934342027,2021,-0.909926854158647
2020,49,clear creek,ucc,2307,34.32116788321168,168,221.47172619047618,5.400294934342027,2021,-0.8542539492782861
2020,50,clear creek,lcc,437,34.89473684210526,168,222.62797619047618,5.405502110146974,2021,-0.8943125694661639
2020,50,clear creek,ucc,2285,34.122009569377994,168,222.62797619047618,5.405502110146974,2021,-0.8374683344943598
2020,51,clear creek,lcc,864,35.59508196721311,168,222.79315476190476,5.406243783891312,2021,-0.8920885798359243
2020,51,clear creek,ucc,1228,33.579088471849865,168,222.79315476190476,5.406243783891312,2021,-0.8350775087888044
2020,52,clear creek,lcc,1695,36.60431654676259,168,222.4285714285714,5.404606022778685,2021,-0.8969995851925205
2020,52,clear creek,ucc,767,33.68702290076336,168,222.4285714285714,5.404606022778685,2021,-0.8403569209259039
2020,53,clear creek,lcc,122,37.13934426229508,48,221.45833333333331,5.400234460428103,2021,-0.9101081917865365
2020,53,clear creek,ucc,80,32.925,48,221.45833333333331,5.400234460428103,2021,-0.8544488902331572
2021,1,clear creek,lcc,12551,37.52333333333333,168,238.90922619047618,5.476083673052256,2021,-0.6826660534801907
2021,1,clear creek,ucc,72,33.875,168,238.90922619047618,5.476083673052256,2021,-0.6099448226801484
2021,2,clear creek,lcc,4306,37.489837398373986,168,230.5610119047619,5.440515521141485,2021,-0.7893210370497183
2021,2,clear creek,ucc,14,32.5,168,230.5610119047619,5.440515521141485,2021,-0.7246006973643042
2021,3,clear creek,lcc,9616,37.51422550052687,168,225.27678571428572,5.4173298049092855,2021,-0.8588459364596351
2021,3,clear creek,ucc,6,34.25,168,225.27678571428572,5.4173298049092855,2021,-0.7993411163056793
2021,4,clear creek,lcc,4653,38.35978835978836,168,233.94196428571428,5.455073068723663,2021,-0.7456686425681366
2021,4,clear creek,ucc,6,58,168,233.94196428571428,5.455073068723663,2021,-0.6776736499462073
2021,5,clear creek,lcc,12920,37.75739644970414,168,262.125,5.568821489222084,2021,-0.40458159509505487
2021,5,clear creek,ucc,6,58.5,168,262.125,5.568821489222084,2021,-0.31099942186413726
2021,6,clear creek,lcc,11127,38.04283604135894,168,225.73958333333331,5.419382048744494,2021,-0.8526920594442093
2021,6,clear creek,ucc,5,59.5,168,225.73958333333331,5.419382048744494,2021,-0.7927255965400941
2021,7,clear creek,lcc,36300,38.460689655172416,168,239.5625,5.478814343140773,2021,-0.6744778413359308
2021,7,clear creek,ucc,5,65.33333333333333,168,239.5625,5.478814343140773,2021,-0.6011423589407251
2021,8,clear creek,lcc,4690,38.28436657681941,168,228.34970238095235,5.430878236284209,2021,-0.8182194870081595
2021,8,clear creek,ucc,5,60.666666666666664,168,228.34970238095235,5.430878236284209,2021,-0.7556670099369504
2021,9,clear creek,lcc,5504,38.705962059620596,168,222.15029761904765,5.403354169102144,2021,-0.900753405004072
2021,9,clear creek,ucc,4,65.5,168,222.15029761904765,5.403354169102144,2021,-0.8443923394267147
2021,10,clear creek,lcc,3012,38.74264705882353,168,225.09821428571428,5.416536814899054,2021,-0.8612238035111547
2021,10,clear creek,ucc,0,NA,168,225.09821428571428,5.416536814899054,2021,-0.801897362788966
2021,11,clear creek,lcc,3985,38.05855855855856,168,226.16815476190473,5.42127877022513,2021,-0.8470045331746227
2021,11,clear creek,ucc,5,70,168,226.16815476190473,5.42127877022513,2021,-0.7866114115540408
2021,12,clear creek,lcc,1946,39.02391304347826,168,238.45386904761907,5.474175870436119,2021,-0.6883868077433973
2021,12,clear creek,ucc,8,68,168,238.45386904761907,5.474175870436119,2021,-0.6160947283099539
2021,13,clear creek,lcc,132,39.85981308411215,168,215.9375,5.374989013961989,2021,-0.9858094169950748
2021,13,clear creek,ucc,5,70,168,215.9375,5.374989013961989,2021,-0.9358289617540447
2021,14,clear creek,lcc,240,40.120370370370374,168,212.57142857142858,5.3592780663377235,2021,-1.0329204073251723
2021,14,clear creek,ucc,0,NA,168,212.57142857142858,5.3592780663377235,2021,-0.9864740570206237
2021,15,clear creek,lcc,179,56.011428571428574,168,211.125,5.352450375127964,2021,-1.0533939842380666
2021,15,clear creek,ucc,2,76,168,211.125,5.352450375127964,2021,-1.008483491463328
2021,16,clear creek,lcc,390,57.49222797927461,168,215.31696428571428,5.372111194976029,2021,-0.9944388711605207
2021,16,clear creek,ucc,4,77,168,215.31696428571428,5.372111194976029,2021,-0.9451057679779287
2021,17,clear creek,lcc,652,57.72959183673469,168,225.65773809523807,5.419019418152301,2021,-0.8537794468336143
2021,17,clear creek,ucc,4,91,168,225.65773809523807,5.419019418152301,2021,-0.7938945560024663
2021,18,clear creek,lcc,410,59.69496021220159,168,225.12053571428572,5.416635973046464,2021,-0.8609264669891625
2021,18,clear creek,ucc,0,NA,168,225.12053571428572,5.416635973046464,2021,-0.8015777211007524
2021,19,clear creek,lcc,140,58.97014925373134,168,691.7931547619047,6.539287001631774,2021,2.5054651101852787
2021,19,clear creek,ucc,0,NA,168,691.7931547619047,6.539287001631774,2021,2.817349007800719
2021,20,clear creek,lcc,746,57.66947368421052,168,231.58035714285714,5.44492692838372,2021,-0.7760929512014747
2021,20,clear creek,ucc,0,NA,168,231.58035714285714,5.44492692838372,2021,-0.7103802858789022
2021,21,clear creek,lcc,371,59.97289972899729,168,202.91964285714286,5.312810052678918,2021,-1.172259815392301
2021,21,clear creek,ucc,0,NA,168,202.91964285714286,5.312810052678918,2021,-1.1362662296432418
2021,22,clear creek,lcc,73,62.12676056338028,168,133.82738095238093,4.896550767657743,2021,-2.4204586904975534
2021,22,clear creek,ucc,0,NA,168,133.82738095238093,4.896550767657743,2021,-2.478100703900862
2021,23,clear creek,lcc,48,60.333333333333336,168,133.16369047619048,4.891579126923191,2021,-2.435366697587364
2021,23,clear creek,ucc,0,NA,168,133.16369047619048,4.891579126923191,2021,-2.4941270585584063
2021,24,clear creek,lcc,9,63.25,168,133.8422619047619,4.896661956601229,2021,-2.4201252783211102
2021,24,clear creek,ucc,0,NA,168,133.8422619047619,4.896661956601229,2021,-2.477742280286315
2021,25,clear creek,lcc,32,67.74074074074075,168,310.95982142857144,5.739663712285285,2021,0.10770744762772957
2021,25,clear creek,ucc,0,NA,168,310.95982142857144,5.739663712285285,2021,0.2397197880469456
2021,26,clear creek,lcc,7,79,144,132.5922619047619,4.887278719372941,2021,-2.448261938750437
2021,26,clear creek,ucc,0,NA,144,132.5922619047619,4.887278719372941,2021,-2.5079896564917834
2021,27,clear creek,lcc,NA,NA,NA,158.49107142857142,5.065698260049709,2021,-1.913251482567558
2021,27,clear creek,ucc,NA,NA,NA,158.49107142857142,5.065698260049709,2021,-1.932844550601548
2021,28,clear creek,lcc,NA,NA,NA,158.95833333333334,5.068642113370612,2021,-1.9044240172452194
2021,28,clear creek,ucc,NA,NA,NA,158.95833333333334,5.068642113370612,2021,-1.923354879102822
2021,29,clear creek,lcc,NA,NA,NA,161.73065476190476,5.0859323266111245,2021,-1.8525774266855886
2021,29,clear creek,ucc,NA,NA,NA,161.73065476190476,5.0859323266111245,2021,-1.8676189351173207
2021,30,clear creek,lcc,NA,NA,NA,159.1532738095238,5.069867724107318,2021,-1.900748889751559
2021,30,clear creek,ucc,NA,NA,NA,159.1532738095238,5.069867724107318,2021,-1.9194040561477306
2021,31,clear creek,lcc,NA,NA,NA,161.5654761904762,5.084910485828096,2021,-1.8556415277442548
2021,31,clear creek,ucc,NA,NA,NA,161.5654761904762,5.084910485828096,2021,-1.870912894529663
2021,32,clear creek,lcc,NA,NA,NA,161.05505952380955,5.081746291140987,2021,-1.865129710689802
2021,32,clear creek,ucc,NA,NA,NA,161.05505952380955,5.081746291140987,2021,-1.881112848421886
2021,33,clear creek,lcc,NA,NA,NA,161.88095238095238,5.0868612032430915,2021,-1.8497920887751709
2021,33,clear creek,ucc,NA,NA,NA,161.88095238095238,5.0868612032430915,2021,-1.8646246507086444
2021,34,clear creek,lcc,NA,NA,NA,161.80357142857142,5.086383077486912,2021,-1.8512258010129465
2021,34,clear creek,ucc,NA,NA,NA,161.80357142857142,5.086383077486912,2021,-1.8661659151218575
2021,35,clear creek,lcc,NA,NA,NA,160.32142857142858,5.077180728606728,2021,-1.8788200479977
2021,35,clear creek,ucc,NA,NA,NA,160.32142857142858,5.077180728606728,2021,-1.8958301878862431
2021,36,clear creek,lcc,NA,NA,NA,160.66369047619045,5.079313301203806,2021,-1.8724252964268915
2021,36,clear creek,ucc,NA,NA,NA,160.66369047619045,5.079313301203806,2021,-1.8889557239821635
2021,37,clear creek,lcc,NA,NA,NA,159.0625,5.069297206744842,2021,-1.9024596482996439
2021,37,clear creek,ucc,NA,NA,NA,159.0625,5.069297206744842,2021,-1.9212431499353753
2021,38,clear creek,lcc,NA,NA,NA,172.1056547619048,5.148108560097252,2021,-1.666135207885069
2021,38,clear creek,ucc,NA,NA,NA,172.1056547619048,5.148108560097252,2021,-1.667190460430125
2021,39,clear creek,lcc,NA,NA,NA,214.47023809523807,5.36817097860263,2021,-1.006254039787205
2021,39,clear creek,ucc,NA,NA,NA,214.47023809523807,5.36817097860263,2021,-0.957807270037138
2021,40,clear creek,lcc,NA,NA,NA,213.87946428571428,5.365412605335082,2021,-1.0145253229358782
2021,40,clear creek,ucc,NA,NA,NA,213.87946428571428,5.365412605335082,2021,-0.9666990364828495
2021,41,clear creek,lcc,NA,NA,NA,213.2142857142857,5.362297696211444,2021,-1.023865717742884
2021,41,clear creek,ucc,NA,NA,NA,213.2142857142857,5.362297696211444,2021,-0.976740115677189
2021,42,clear creek,lcc,NA,NA,NA,217.64583333333331,5.382869123929617,2021,-0.9621800476302603
2021,42,clear creek,ucc,NA,NA,NA,217.64583333333331,5.382869123929617,2021,-0.9104269981318605
2021,43,clear creek,lcc,4,26.333333333333332,72,310.35267857142856,5.73770932363095,2021,0.10184700004699812
2021,43,clear creek,ucc,2,NA,72,310.35267857142856,5.73770932363095,2021,0.23341970978598575
2021,44,clear creek,lcc,17,60.94117647058823,168,275.86011904761904,5.619893922198137,2021,-0.2514353334174213
2021,44,clear creek,ucc,263,31.977186311787072,168,275.86011904761904,5.619893922198137,2021,-0.1463646528211038
2021,45,clear creek,lcc,179,38.98224852071006,168,279.92410714285717,5.634518520511299,2022,-0.20758188000454064
2021,45,clear creek,ucc,1113,32.342062193126026,168,279.92410714285717,5.634518520511299,2022,-0.0992214637201748
2021,46,clear creek,lcc,616,34.17848970251716,168,242.72023809523813,5.491909496545844,2022,-0.6352105953243289
2021,46,clear creek,ucc,4977,33.144188937228094,168,242.72023809523813,5.491909496545844,2022,-0.5589294187928023
2021,47,clear creek,lcc,3516,33.720887245841034,168,228.15625,5.430030701256359,2022,-0.8207609132452238
2021,47,clear creek,ucc,15335,33.4575221238938,168,228.15625,5.430030701256359,2022,-0.7583990852549867
2021,48,clear creek,lcc,3307,33.88859764089122,168,224.53125,5.4140148957133984,2022,-0.8687860533009251
2021,48,clear creek,ucc,20640,33.61742424242424,168,224.53125,5.4140148957133984,2022,-0.8100269066246835
2021,49,clear creek,lcc,2270,34.01845444059977,168,223.78125,5.410669012207213,2022,-0.8788190499905747
2021,49,clear creek,ucc,20314,33.910820451843044,168,223.78125,5.410669012207213,2022,-0.8208125443197577
2021,50,clear creek,lcc,5005,34.31197771587744,168,402.1577380952381,5.9968443949783055,2022,0.8788917800562521
2021,50,clear creek,ucc,11518,34.48694029850746,168,402.1577380952381,5.9968443949783055,2022,1.0687557244658776
2021,51,clear creek,lcc,2583,34.80714285714286,168,301.7485119047619,5.709593928415396,2022,0.017539920435767034
2021,51,clear creek,ucc,1030,34.13986013986014,144,301.7485119047619,5.709593928415396,2022,0.1427882021772384
2021,52,clear creek,lcc,4639,35.94781682641108,168,292.9122023809524,5.679872913535909,2022,-0.07158178489190005
2021,52,clear creek,ucc,1013,34.34604105571847,168,292.9122023809524,5.679872913535909,2022,0.04698089214164109
2021,53,clear creek,lcc,0,NA,24,269.21875,5.595524246162303,2022,-0.32451046545455914
2021,53,clear creek,ucc,0,NA,24,269.21875,5.595524246162303,2022,-0.2249216306665539
2022,1,clear creek,lcc,6515,36.79601990049751,144,335.5669642857143,5.815821531981689,2022,0.3360749779056038
2022,1,clear creek,ucc,535,34.29436325678497,168,335.5669642857143,5.815821531981689,2022,0.48521866730373325
2022,2,clear creek,lcc,15663,36.91637220259128,168,300.39285714285717,5.705091141787234,2022,0.004037823530408901
2022,2,clear creek,ucc,156,34.42307692307692,168,300.39285714285717,5.705091141787234,2022,0.12827322426488533
2022,3,clear creek,lcc,13935,37.642788920725884,168,257.2217261904762,5.549938460765101,2022,-0.46120441583859195
2022,3,clear creek,ucc,166,34.8433734939759,168,257.2217261904762,5.549938460765101,2022,-0.3718698924427787
2022,4,clear creek,lcc,31878,37.420668058455114,168,242.9136904761905,5.4927061970224935,2022,-0.632821602034488
2022,4,clear creek,ucc,43,37.785714285714285,168,242.9136904761905,5.4927061970224935,2022,-0.5563612114189507
2022,5,clear creek,lcc,28078,37.65217391304348,168,234.76785714285717,5.458597183961455,2022,-0.7351011985882868
2022,5,clear creek,ucc,145,38.73809523809524,168,234.76785714285717,5.458597183961455,2022,-0.6663134725580063
2022,6,clear creek,lcc,19003,37.902231668437835,168,229.63541666666669,5.436492906324202,2022,-0.8013832863990855
2022,6,clear creek,ucc,100,38.627906976744185,168,229.63541666666669,5.436492906324202,2022,-0.7375678152946962
2022,7,clear creek,lcc,7944,37.241379310344826,168,228.99553571428572,5.433702508666773,2022,-0.8097505981742975
2022,7,clear creek,ucc,24,43.375,168,228.99553571428572,5.433702508666773,2022,-0.7465628141051978
2022,8,clear creek,lcc,8227,37.74193548387097,168,224.46577380952382,5.413723240368404,2022,-0.8696606136690417
2022,8,clear creek,ucc,21,63.80952380952381,168,224.46577380952382,5.413723240368404,2022,-0.8109670735124795
2022,9,clear creek,lcc,2429,37.36672325976231,168,221.97767857142858,5.402576829841546,2022,-0.9030843415755019
2022,9,clear creek,ucc,9,69,168,221.97767857142858,5.402576829841546,2022,-0.8468981348662346
2022,10,clear creek,lcc,1964,37.29533116178067,168,220.04910714285714,5.393850735729473,2022,-0.9292504866843084
2022,10,clear creek,ucc,8,72.125,168,220.04910714285714,5.393850735729473,2022,-0.8750271744493405
2022,11,clear creek,lcc,345,38.381625441696116,168,219.47321428571428,5.391230194479887,2022,-0.937108465491279
2022,11,clear creek,ucc,4,75,168,219.47321428571428,5.391230194479887,2022,-0.8834746318789828
2022,12,clear creek,lcc,865,37.47651006711409,168,218.77232142857142,5.3880315608482405,2022,-0.9466999173689022
2022,12,clear creek,ucc,5,73.8,168,218.77232142857142,5.3880315608482405,2022,-0.8937856015844254
2022,13,clear creek,lcc,513,37.20250521920668,168,219.3125,5.3904976533434334,2022,-0.9393050700005158
2022,13,clear creek,ucc,4,74,168,219.3125,5.3904976533434334,2022,-0.8858360181256696
2022,14,clear creek,lcc,208,40.4228855721393,168,215.89732142857142,5.374802930906382,2022,-0.9863674073367752
2022,14,clear creek,ucc,5,80.8,168,215.89732142857142,5.374802930906382,2022,-0.9364288106176589
2022,15,clear creek,lcc,116,50.982300884955755,168,219.51636904761907,5.391426803983539,2022,-0.9365189104468027
2022,15,clear creek,ucc,6,77.16666666666667,168,219.51636904761907,5.391426803983539,2022,-0.8828408504368355
2022,16,clear creek,lcc,248,53.54112554112554,168,226.10416666666666,5.420995807538124,2022,-0.8478530276594957
2022,16,clear creek,ucc,3,78.33333333333333,168,226.10416666666666,5.420995807538124,2022,-0.7875235571854203
2022,17,clear creek,lcc,252,56.02074688796681,168,221.47321428571428,5.400301653440055,2022,-0.9099067062102354
2022,17,clear creek,ucc,3,75.66666666666667,168,221.47321428571428,5.400301653440055,2022,-0.8542322898998781
2022,18,clear creek,lcc,317,55.83516483516483,168,204.86011904761907,5.3223274001251735,2022,-1.1437210108445592
2022,18,clear creek,ucc,6,81.5,168,204.86011904761907,5.3223274001251735,2022,-1.1055865418466708
2022,19,clear creek,lcc,213,56.03448275862069,168,206.64732142857142,5.33101357899893,2022,-1.1176745559321253
2022,19,clear creek,ucc,3,81.33333333333333,168,206.64732142857142,5.33101357899893,2022,-1.0775861712080148
2022,20,clear creek,lcc,77,58.48,168,217.73660714285714,5.383286108182541,2022,-0.960929674859813
2022,20,clear creek,ucc,3,72.33333333333333,168,217.73660714285714,5.383286108182541,2022,-0.909082826684087
2022,21,clear creek,lcc,176,52.149253731343286,168,217.05952380952382,5.380171619195891,2022,-0.97026880984023
2022,21,clear creek,ucc,0,NA,168,217.05952380952382,5.380171619195891,2022,-0.9191225515439674
2022,22,clear creek,lcc,69,59.3768115942029,168,196.59970238095238,5.281169693881567,2022,-1.2671368828354246
2022,22,clear creek,ucc,0,NA,168,196.59970238095238,5.281169693881567,2022,-1.2382606493232895
2022,23,clear creek,lcc,59,59.78947368421053,168,165.14136904761907,5.106801889179087,2022,-1.7899977667028832
2022,23,clear creek,ucc,0,NA,168,165.14136904761907,5.106801889179087,2022,-1.8003447636476235
2022,24,clear creek,lcc,6,65,168,163.26339285714286,5.095364803732681,2022,-1.8242931150648054
2022,24,clear creek,ucc,0,NA,168,163.26339285714286,5.095364803732681,2022,-1.8372128314343545
2022,25,clear creek,lcc,52,59.91489361702128,168,365.84523809523813,5.902210397242154,2022,0.5951214143934935
2022,25,clear creek,ucc,0,NA,168,365.84523809523813,5.902210397242154,2022,0.7636978791070022
2022,26,clear creek,lcc,6,66.4,144,175.8943452380952,5.169883503632084,2022,-1.600840664306839
2022,26,clear creek,ucc,0,NA,144,175.8943452380952,5.169883503632084,2022,-1.596997744107738
2022,27,clear creek,lcc,NA,NA,NA,159.33630952380955,5.0710171226686205,2022,-1.897302292779691
2022,27,clear creek,ucc,NA,NA,NA,159.33630952380955,5.0710171226686205,2022,-1.9156989072904747
2022,28,clear creek,lcc,NA,NA,NA,160.04761904761904,5.075471390001683,2022,-1.8839456862735717
2022,28,clear creek,ucc,NA,NA,NA,160.04761904761904,5.075471390001683,2022,-1.9013403339681798
2022,29,clear creek,lcc,NA,NA,NA,160.00892857142858,5.0752296172482945,2022,-1.884670668249157
2022,29,clear creek,ucc,NA,NA,NA,160.00892857142858,5.0752296172482945,2022,-1.9021197016053875
2022,30,clear creek,lcc,NA,NA,NA,159.92261904761904,5.074690067294276,2022,-1.886288567644805
2022,30,clear creek,ucc,NA,NA,NA,159.92261904761904,5.074690067294276,2022,-1.9038589702654218
2022,31,clear creek,lcc,NA,NA,NA,160.44494047619045,5.077950833722379,2022,-1.8765108037990537
2022,31,clear creek,ucc,NA,NA,NA,160.44494047619045,5.077950833722379,2022,-1.8933477121069233
2022,32,clear creek,lcc,NA,NA,NA,162.87946428571428,5.093010444344681,2022,-1.8313529185225144
2022,32,clear creek,ucc,NA,NA,NA,162.87946428571428,5.093010444344681,2022,-1.8448022371372224
2022,33,clear creek,lcc,NA,NA,NA,165.07589285714286,5.106405324862875,2022,-1.7911869080655252
2022,33,clear creek,ucc,NA,NA,NA,165.07589285714286,5.106405324862875,2022,-1.8016231103173592
2022,34,clear creek,lcc,NA,NA,NA,166.08630952380955,5.1125075901266115,2022,-1.7728885999871782
2022,34,clear creek,ucc,NA,NA,NA,166.08630952380955,5.1125075901266115,2022,-1.7819521259175037
2022,35,clear creek,lcc,NA,NA,NA,165.00892857142858,5.105999584990662,2022,-1.7924035633337816
2022,35,clear creek,ucc,NA,NA,NA,165.00892857142858,5.105999584990662,2022,-1.802931034891555
2022,36,clear creek,lcc,NA,NA,NA,165.00892857142858,5.105999584990662,2022,-1.7924035633337816
2022,36,clear creek,ucc,NA,NA,NA,165.00892857142858,5.105999584990662,2022,-1.802931034891555
2022,37,clear creek,lcc,NA,NA,NA,165.24553571428572,5.107432463022159,2022,-1.788106922246277
2022,37,clear creek,ucc,NA,NA,NA,165.24553571428572,5.107432463022159,2022,-1.7983120745241703
2022,38,clear creek,lcc,NA,NA,NA,169.5193452380952,5.132967051506237,2022,-1.7115386731548934
2022,38,clear creek,ucc,NA,NA,NA,169.5193452380952,5.132967051506237,2022,-1.7159999379620379
2022,39,clear creek,lcc,NA,NA,NA,167.46577380952382,5.120778994920256,2022,-1.7480858904009113
2022,39,clear creek,ucc,NA,NA,NA,167.46577380952382,5.120778994920256,2022,-1.7552888021141984
2022,40,clear creek,lcc,NA,NA,NA,217.28869047619045,5.381226840239257,2022,-0.9671046144295506
2022,40,clear creek,ucc,NA,NA,NA,217.28869047619045,5.381226840239257,2022,-0.9157209890445787
2022,41,clear creek,lcc,NA,NA,NA,217.88244047619045,5.383955653463347,2022,-0.9589219702958388
2022,41,clear creek,ucc,NA,NA,NA,217.88244047619045,5.383955653463347,2022,-0.9069245110087603
2022,42,clear creek,lcc,NA,NA,NA,205.21577380952382,5.324061980759018,2022,-1.138519681591725
2022,42,clear creek,ucc,NA,NA,NA,205.21577380952382,5.324061980759018,2022,-1.0999950267102474
2022,43,clear creek,lcc,NA,NA,NA,217.4047619047619,5.381760878332972,2022,-0.965503242948301
2022,43,clear creek,ucc,NA,NA,NA,217.4047619047619,5.381760878332972,2022,-0.9139994881664013
2022,44,clear creek,lcc,NA,NA,NA,218.13839285714286,5.3851296909899276,2022,-0.9554014906987653
2022,44,clear creek,ucc,NA,NA,NA,218.13839285714286,5.3851296909899276,2022,-0.9031399371051222
2022,45,clear creek,lcc,NA,NA,NA,225.09970238095235,5.4165434257481175,2023,-0.8612039801590715
2022,45,clear creek,ucc,NA,NA,NA,225.09970238095235,5.4165434257481175,2023,-0.80187605235699
2022,46,clear creek,lcc,23,35.388888888888886,72,221.38392857142858,5.399898427628139,2023,-0.9111158227944348
2022,46,clear creek,ucc,116,32.375,72,221.38392857142858,5.399898427628139,2023,-0.8555321102637913
2022,47,clear creek,lcc,97,36.592592592592595,168,224.76339285714286,5.415048261596973,2023,-0.8656873929710195
2022,47,clear creek,ucc,479,33.458333333333336,168,224.76339285714286,5.415048261596973,2023,-0.8066957954230881
2022,48,clear creek,lcc,239,34.1551724137931,168,226.22321428571428,5.421522185674003,2023,-0.8462746253974283
2022,48,clear creek,ucc,1380,34.526315789473685,168,226.22321428571428,5.421522185674003,2023,-0.7858267485984797
2022,49,clear creek,lcc,342,38.02884615384615,168,231.01041666666669,5.4424628033001925,2023,-0.7834818990713607
2022,49,clear creek,ucc,1515,34.97596153846154,144,231.01041666666669,5.4424628033001925,2023,-0.718323527279011
2022,50,clear creek,lcc,576,36.902654867256636,168,234.5119047619048,5.457506353173042,2023,-0.7383721737040917
2022,50,clear creek,ucc,631,34.568627450980394,168,234.5119047619048,5.457506353173042,2023,-0.6698298250098187
2022,51,clear creek,lcc,433,37.3125,168,218.26636904761907,5.385716193270911,2023,-0.9536427996287686
2022,51,clear creek,ucc,359,34.576470588235296,168,218.26636904761907,5.385716193270911,2023,-0.9012493150621472
2022,52,clear creek,lcc,2532,37.25735294117647,168,308.10267857142856,5.730433099402639,2023,0.08002844794832233
2022,52,clear creek,ucc,276,35.323076923076925,168,308.10267857142856,5.730433099402639,2023,0.20996440473139627
2022,53,clear creek,lcc,1284,38.96875,24,470.6354166666667,6.154083731996684,2023,1.3503910850595062
2022,53,clear creek,ucc,0,NA,24,470.6354166666667,6.154083731996684,2023,1.575625290414273
2023,1,clear creek,lcc,861,40.733333333333334,168,460.889880952381,6.133159144511226,2023,1.287646426859123
2023,1,clear creek,ucc,2,35.5,168,460.889880952381,6.133159144511226,2023,1.508173743126437
2023,2,clear creek,lcc,0,NA,168,3311.370535714286,8.105117441800466,2023,7.20077849862946
2023,2,clear creek,ucc,0,NA,168,3311.370535714286,8.105117441800466,2023,7.8648887049715706
2023,3,clear creek,lcc,0,NA,168,2039.375,7.620398667347585,2023,5.747296376341891
2023,3,clear creek,ucc,0,NA,168,2039.375,7.620398667347585,2023,6.302371338307439
2023,4,clear creek,lcc,306,38.270270270270274,168,272.15476190476187,5.6063708820806575,2023,-0.2919856444135645
2023,4,clear creek,ucc,0,NA,168,272.15476190476187,5.6063708820806575,2023,-0.18995690908868343
2023,5,clear creek,lcc,504,37.5,168,238.04017857142858,5.47243947695041,2023,-0.6935935730303072
2023,5,clear creek,ucc,0,NA,168,238.04017857142858,5.47243947695041,2023,-0.6216920872730874
2023,6,clear creek,lcc,1487,37.432432432432435,168,236.0029761904762,5.463844415922686,2023,-0.7193668011415317
2023,6,clear creek,ucc,0,NA,168,236.0029761904762,5.463844415922686,2023,-0.6493987345728861
2023,7,clear creek,lcc,1038,38.528985507246375,168,220.9136904761905,5.397772084405104,2023,-0.9174918949076262
2023,7,clear creek,ucc,0,NA,168,220.9136904761905,5.397772084405104,2023,-0.862386493441401
2023,8,clear creek,lcc,429,38.79545454545455,168,217.81696428571428,5.3836550967480825,2023,-0.9598232223937448
2023,8,clear creek,ucc,0,NA,168,217.81696428571428,5.3836550967480825,2023,-0.9078933719483805
2023,9,clear creek,lcc,177,37.80701754385965,168,316.26339285714283,5.756575388100431,2023,0.1584189524234377
2023,9,clear creek,ucc,0,NA,168,316.26339285714283,5.756575388100431,2023,0.2942354960270733
2023,10,clear creek,lcc,55,38.529411764705884,168,406.13839285714283,6.006693970625321,2023,0.9084268071061432
2023,10,clear creek,ucc,2,53.5,168,406.13839285714283,6.006693970625321,2023,1.1005063679603553
2023,11,clear creek,lcc,20,41.916666666666664,168,818.1666666666669,6.707066064829998,2023,3.0085689338983834
2023,11,clear creek,ucc,0,NA,168,818.1666666666669,6.707066064829998,2023,3.3581939550709583
2023,12,clear creek,lcc,51,42.32608695652174,168,561.7857142857143,6.331120485877119,2023,1.8812551041878824
2023,12,clear creek,ucc,0,NA,168,561.7857142857143,6.331120485877119,2023,2.1463129077615855
2023,13,clear creek,lcc,7,56.285714285714285,168,818.5892857142856,6.707582475424254,2023,3.0101174473995553
2023,13,clear creek,ucc,0,NA,168,818.5892857142856,6.707582475424254,2023,3.359858632744659
2023,14,clear creek,lcc,21,56.76190476190476,168,609.0654761904761,6.411925776200728,2023,2.12355858212556
2023,14,clear creek,ucc,0,NA,168,609.0654761904761,6.411925776200728,2023,2.4067931616809615
2023,15,clear creek,lcc,12,59.4,168,419.06101190476187,6.03801652245943,2023,1.0023508957010017
2023,15,clear creek,ucc,0,NA,168,419.06101190476187,6.03801652245943,2023,1.2014763195869989
2023,16,clear creek,lcc,28,50.142857142857146,168,308.82589285714283,5.732777664561393,2023,0.0870588823412015
2023,16,clear creek,ucc,1,39,168,308.82589285714283,5.732777664561393,2023,0.21752223820290637
2023,17,clear creek,lcc,82,52.129629629629626,168,277.8392857142857,5.627042837579814,2023,-0.2299985307832698
2023,17,clear creek,ucc,3,63.666666666666664,168,277.8392857142857,5.627042837579814,2023,-0.12331973476673085
2023,18,clear creek,lcc,35,61.457142857142856,168,397.27232142857144,5.9846219937150655,2023,0.8422415765488757
2023,18,clear creek,ucc,0,NA,168,397.27232142857144,5.9846219937150655,2023,1.0293561483762033
2023,19,clear creek,lcc,23,66.78260869565217,168,584.0178571428571,6.369931559660164,2023,1.9976343427558794
2023,19,clear creek,ucc,0,NA,168,584.0178571428571,6.369931559660164,2023,2.271422517706733
2023,20,clear creek,lcc,38,59.578947368421055,168,245.47619047619045,5.503199958727637,2023,-0.6013549128162122
2023,20,clear creek,ucc,1,52,168,245.47619047619045,5.503199958727637,2023,-0.52253399908448
2023,21,clear creek,lcc,10,61.2,168,241.91517857142858,5.4885871629456275,2023,-0.6451729750519157
2023,21,clear creek,ucc,1,31,168,241.91517857142858,5.4885871629456275,2023,-0.5696391420834872
2023,22,clear creek,lcc,8,67.375,168,220.99553571428572,5.398142500925875,2023,-0.916381160562029
2023,22,clear creek,ucc,0,NA,168,220.99553571428572,5.398142500925875,2023,-0.861192435614247
2023,23,clear creek,lcc,8,66.75,168,184.94345238095238,5.220050115548265,2023,-1.4504106058916058
2023,23,clear creek,ucc,0,NA,168,184.94345238095238,5.220050115548265,2023,-1.4352829385811534
2023,24,clear creek,lcc,12,66.58333333333333,168,255.21875,5.542121020558549,2023,-0.48464586308828794
2023,24,clear creek,ucc,0,NA,168,255.21875,5.542121020558549,2023,-0.39706983667721096
2023,25,clear creek,lcc,5,74,168,401.79464285714295,5.995941119432675,2023,0.8761832097959896
2023,25,clear creek,ucc,0,NA,168,401.79464285714295,5.995941119432675,2023,1.065843966553211
2023,26,clear creek,lcc,0,NA,120,179.30952380952382,5.189113495817984,2023,-1.5431774349725025
2023,26,clear creek,ucc,0,NA,120,179.30952380952382,5.189113495817984,2023,-1.5350088170536966
2023,27,clear creek,lcc,NA,NA,NA,169.79613095238096,5.134598487707049,2023,-1.7066466337363466
2023,27,clear creek,ucc,NA,NA,NA,169.79613095238096,5.134598487707049,2023,-1.7107409145226204
2023,28,clear creek,lcc,NA,NA,NA,169.39732142857142,5.132246969982973,2023,-1.7136979161547856
2023,28,clear creek,ucc,NA,NA,NA,169.39732142857142,5.132246969982973,2023,-1.7183211599670736
2023,29,clear creek,lcc,NA,NA,NA,168.6443452380952,5.1277920313759795,2023,-1.7270565355490168
2023,29,clear creek,ucc,NA,NA,NA,168.6443452380952,5.1277920313759795,2023,-1.7326818971774436
2023,30,clear creek,lcc,NA,NA,NA,167.23809523809524,5.119418517031584,2023,-1.7521654317621553
2023,30,clear creek,ucc,NA,NA,NA,167.23809523809524,5.119418517031584,2023,-1.75967437667836
2023,31,clear creek,lcc,NA,NA,NA,166.37202380952382,5.114226388107635,2023,-1.767734596740529
2023,31,clear creek,ucc,NA,NA,NA,166.37202380952382,5.114226388107635,2023,-1.7764114870219538
2023,32,clear creek,lcc,NA,NA,NA,167.20089285714283,5.119196040691025,2023,-1.7528325513388612
2023,32,clear creek,ucc,NA,NA,NA,167.20089285714283,5.119196040691025,2023,-1.760391541277952
2023,33,clear creek,lcc,NA,NA,NA,167.36458333333331,5.120174566575499,2023,-1.7498983347286556
2023,33,clear creek,ucc,NA,NA,NA,167.36458333333331,5.120174566575499,2023,-1.7572372097999807
2023,34,clear creek,lcc,NA,NA,NA,169.54315476190476,5.1331074947805515,2023,-1.7111175386761606
2023,34,clear creek,ucc,NA,NA,NA,169.54315476190476,5.1331074947805515,2023,-1.7155472114189105
2023,35,clear creek,lcc,NA,NA,NA,167.87202380952382,5.123201926075817,2023,-1.7408204670178038
2023,35,clear creek,ucc,NA,NA,NA,167.87202380952382,5.123201926075817,2023,-1.7474783515842627
2023,36,clear creek,lcc,NA,NA,NA,169.8735119047619,5.135054112490405,2023,-1.7052803931201757
2023,36,clear creek,ucc,NA,NA,NA,169.8735119047619,5.135054112490405,2023,-1.7092721832206839
2023,37,clear creek,lcc,NA,NA,NA,169.10119047619045,5.130497295951844,2023,-1.7189445046058902
2023,37,clear creek,ucc,NA,NA,NA,169.10119047619045,5.130497295951844,2023,-1.7239613294916136
2023,38,clear creek,lcc,NA,NA,NA,168.75595238095235,5.128453602499155,2023,-1.7250727423665833
2023,38,clear creek,ucc,NA,NA,NA,168.75595238095235,5.128453602499155,2023,-1.730549286633501
2023,39,clear creek,lcc,NA,NA,NA,184.56696428571428,5.218012347688215,2023,-1.4565210751163593
2023,39,clear creek,ucc,NA,NA,NA,184.56696428571428,5.218012347688215,2023,-1.4418517942524687
2023,40,clear creek,lcc,NA,NA,NA,219.7008928571429,5.392267043365661,2023,-0.9339993609993238
2023,40,clear creek,ucc,NA,NA,NA,219.7008928571429,5.392267043365661,2023,-0.880132293030117
2023,41,clear creek,lcc,NA,NA,NA,220.20982142857142,5.394580825603515,2023,-0.927061232552817
2023,41,clear creek,ucc,NA,NA,NA,220.20982142857142,5.394580825603515,2023,-0.8726736899805307
2023,42,clear creek,lcc,0,NA,48,220.5,5.395897694886901,2023,-0.9231124563517067
2023,42,clear creek,ucc,0,NA,24,220.5,5.395897694886901,2023,-0.8684286901303817
2023,43,clear creek,lcc,0,NA,168,220.2276785714286,5.394661913807253,2023,-0.9268180807281429
2023,43,clear creek,ucc,0,NA,168,220.2276785714286,5.394661913807253,2023,-0.872412297739812
2023,44,clear creek,lcc,0,NA,168,217.86755952380955,5.3838873530507865,2023,-0.9591267765336688
2023,44,clear creek,ucc,0,NA,168,217.86755952380955,5.3838873530507865,2023,-0.9071446811082088
2023,45,clear creek,lcc,0,NA,168,220.48511904761904,5.395830205297144,2024,-0.9233148312489091
2023,45,clear creek,ucc,0,NA,168,220.48511904761904,5.395830205297144,2024,-0.8686462464983665
2023,46,clear creek,lcc,0,NA,168,222.2589285714286,5.403843047136814,2024,-0.8992874508862981
2023,46,clear creek,ucc,0,NA,168,222.2589285714286,5.403843047136814,2024,-0.8428164144582333
2023,47,clear creek,lcc,2,66,168,233.1011904761905,5.451472653176634,2024,-0.756464881348693
2023,47,clear creek,ucc,0,NA,168,233.1011904761905,5.451472653176634,2024,-0.6892797855364562
2023,48,clear creek,lcc,4,33.25,168,221.94345238095238,5.402422630421165,2024,-0.9035467253588513
2023,48,clear creek,ucc,88,33.41379310344828,168,221.94345238095238,5.402422630421165,2024,-0.8473952050953545
2023,49,clear creek,lcc,6,35.166666666666664,168,224.9568452380952,5.415908584866852,2024,-0.8631076197951855
2023,49,clear creek,ucc,26,33.3,168,224.9568452380952,5.415908584866852,2024,-0.803922496510439
2023,50,clear creek,lcc,112,35.19565217391305,168,221.36458333333331,5.3998110406010245,2024,-0.9113778623281311
2023,50,clear creek,ucc,295,35.09090909090909,168,221.36458333333331,5.3998110406010245,2024,-0.8558138071046913
2023,51,clear creek,lcc,3406,39.49122807017544,168,289.7470238095238,5.669008210586517,2024,-0.10416078189636015
2023,51,clear creek,ucc,76,35.52777777777778,168,289.7470238095238,5.669008210586517,2024,0.011957930505312079
2023,52,clear creek,lcc,4696,36.504,168,308.8586309523809,5.732883667201921,2024,0.08737674282246141
2023,52,clear creek,ucc,11,33.44444444444444,168,308.8586309523809,5.732883667201921,2024,0.21786394348742902
2023,53,clear creek,lcc,1286,36.2,24,477,6.1675164908883415,2024,1.3906706779514089
2023,53,clear creek,ucc,0,NA,24,477,6.1675164908883415,2024,1.6189265202338077
2024,1,clear creek,lcc,4981,36.01526717557252,168,302.38095238095235,5.711687654163314,2024,0.023818185491638024
2024,1,clear creek,ucc,0,NA,168,302.38095238095235,5.711687654163314,2024,0.14953744114749806
2024,2,clear creek,lcc,3225,37.378787878787875,168,298.8392857142857,5.699905922910278,2024,-0.0115106209182509
2024,2,clear creek,ucc,0,NA,168,298.8392857142857,5.699905922910278,2024,0.11155838883408753
2024,3,clear creek,lcc,6846,37.775510204081634,168,429.36160714285705,6.06229947097424,2024,1.075165965805403
2024,3,clear creek,ucc,0,NA,168,429.36160714285705,6.06229947097424,2024,1.279753726545351
2024,4,clear creek,lcc,990,36.295081967213115,168,689.2991071428572,6.535675294580826,2024,2.4946350125984504
2024,4,clear creek,ucc,0,NA,168,689.2991071428572,6.535675294580826,2024,2.8057064734326636
2024,5,clear creek,lcc,1039,38.74025974025974,144,460.06398809523813,6.131365584363865,2024,1.2822682411010409
2024,5,clear creek,ucc,0,NA,168,460.06398809523813,6.131365584363865,2024,1.5023921043162376
2024,6,clear creek,lcc,1449,38.803149606299215,168,557.2261904761905,6.322971244527124,2024,1.8568187150139854
2024,6,clear creek,ucc,0,NA,168,557.2261904761905,6.322971244527124,2024,2.12004338447176
2024,7,clear creek,lcc,1423,40.105633802816904,168,470.7172619047619,6.154257620572484,2024,1.3509125089232334
2024,7,clear creek,ucc,1,58,168,470.7172619047619,6.154257620572484,2024,1.5761858297081341
2024,8,clear creek,lcc,0,NA,168,1749.5119047619046,7.467092116449869,2024,5.287589959541938
2024,8,clear creek,ucc,0,NA,168,1749.5119047619046,7.467092116449869,2024,5.808179322593913
2024,9,clear creek,lcc,109,46.81132075471698,168,433.5238095238096,6.071946718642689,2024,1.1040942903399698
2024,9,clear creek,ucc,0,NA,168,433.5238095238096,6.071946718642689,2024,1.3108521547823746
2024,10,clear creek,lcc,261,43.81981981981982,168,458.9449404761905,6.1289302474757585,2024,1.2749656177755777
2024,10,clear creek,ucc,0,NA,168,458.9449404761905,6.1289302474757585,2024,1.4945416632318407
2024,11,clear creek,lcc,296,38.66315789473684,168,415.5892857142857,6.029697478609516,2024,0.9774053352076524
2024,11,clear creek,ucc,5,79.4,168,415.5892857142857,6.029697478609516,2024,1.1746594286914414
2024,12,clear creek,lcc,277,36.86666666666667,168,691.4925595238095,6.538852391139201,2024,2.5041618832124315
2024,12,clear creek,ucc,0,NA,168,691.4925595238095,6.538852391139201,2024,2.815948017209535
2024,13,clear creek,lcc,34,43.26470588235294,168,809.6711309523808,6.696628154051733,2024,2.97726971977703
2024,13,clear creek,ucc,0,NA,168,809.6711309523808,6.696628154051733,2024,3.3245467812408576
2024,14,clear creek,lcc,49,41.04081632653061,168,360.3288690476191,5.887017139572294,2024,0.549562773865539
2024,14,clear creek,ucc,0,NA,168,360.3288690476191,5.887017139572294,2024,0.7147215856012377
2024,15,clear creek,lcc,29,57.310344827586206,168,277.70535714285717,5.626560685242481,2024,-0.23144431716388497
2024,15,clear creek,ucc,1,91,168,277.70535714285717,5.626560685242481,2024,-0.12487397908357338
2024,16,clear creek,lcc,30,59.833333333333336,168,270.97023809523813,5.602008992321969,2024,-0.3050652466856218
2024,16,clear creek,ucc,3,95.66666666666667,168,270.97023809523813,5.602008992321969,2024,-0.20401769826920954
2024,17,clear creek,lcc,39,56.10526315789474,168,254.98958333333331,5.541222694650853,2024,-0.48733959131925786
2024,17,clear creek,ucc,0,NA,168,254.98958333333331,5.541222694650853,2024,-0.39996563916244526
2024,18,clear creek,lcc,36,59.138888888888886,168,249.03571428571428,5.517596317045807,2024,-0.5581858619266036
2024,18,clear creek,ucc,0,NA,168,249.03571428571428,5.517596317045807,2024,-0.4761265540370919
2024,19,clear creek,lcc,24,60.125,168,242.32440476190476,5.490277344012938,2024,-0.640104782742803
2024,19,clear creek,ucc,0,NA,168,242.32440476190476,5.490277344012938,2024,-0.5641907513677358
2024,20,clear creek,lcc,87,67,168,466.75,6.145793782421832,2024,1.325532766923772
2024,20,clear creek,ucc,0,NA,168,466.75,6.145793782421832,2024,1.5489021864988182
2024,21,clear creek,lcc,17,74.70588235294117,168,474.9880952380953,6.1632897410639265,2024,1.37799630751444
2024,21,clear creek,ucc,0,NA,168,474.9880952380953,6.1632897410639265,2024,1.6053013619909735
2024,22,clear creek,lcc,8,72.5,168,243.10416666666666,5.493490020898216,2024,-0.6304712206372113
2024,22,clear creek,ucc,0,NA,168,243.10416666666666,5.493490020898216,2024,-0.5538345124694313
2024,23,clear creek,lcc,1,NA,168,182.01934523809524,5.204112973945153,2024,-1.498199863542363
2024,23,clear creek,ucc,0,NA,168,182.01934523809524,5.204112973945153,2024,-1.4866571824568007
2024,24,clear creek,lcc,6,74.66666666666667,168,306.15773809523813,5.724100453107526,2024,0.06103931721554507
2024,24,clear creek,ucc,0,NA,96,306.15773809523813,5.724100453107526,2024,0.18955077453061855
2024,25,clear creek,lcc,5,70.2,168,348.05208333333337,5.8523521333267805,2024,0.4456159710958041
2024,25,clear creek,ucc,0,NA,96,348.05208333333337,5.8523521333267805,2024,0.6029770501532896
2024,26,clear creek,lcc,0,NA,72,183.4761904761905,5.212084906902735,2024,-1.4742951529253687
2024,26,clear creek,ucc,0,NA,168,183.4761904761905,5.212084906902735,2024,-1.460959222425928
2024,27,clear creek,ucc,0,NA,168,199.9702380952381,5.2981685459509915,2024,-1.1834639239399758
2024,27,clear creek,lcc,NA,NA,NA,199.9702380952381,5.2981685459509915,2024,-1.2161639705313607
2024,28,clear creek,ucc,0,NA,168,220.0863095238095,5.39401978543387,2024,-0.8744822335209694
2024,28,clear creek,lcc,NA,NA,NA,220.0863095238095,5.39401978543387,2024,-0.9287435727043498
2024,29,clear creek,ucc,0,NA,168,207.77678571428572,5.336464357863886,2024,-1.060015288693812
2024,29,clear creek,lcc,NA,NA,NA,207.77678571428572,5.336464357863886,2024,-1.1013298008899888
2024,30,clear creek,ucc,0,NA,168,184.0029761904762,5.214951932426413,2024,-1.45171720951551
2024,30,clear creek,lcc,NA,NA,NA,184.0029761904762,5.214951932426413,2024,-1.4656980641340152
2024,31,clear creek,ucc,0,NA,168,166.125,5.1127405170334095,2024,-1.7812012733485145
2024,31,clear creek,lcc,NA,NA,NA,166.125,5.1127405170334095,2024,-1.7721901432475713
2024,32,clear creek,ucc,0,NA,168,165.67857142857142,5.11004959457654,2024,-1.7898756084327103
2024,32,clear creek,lcc,NA,NA,NA,165.67857142857142,5.11004959457654,2024,-1.780259167782337
2024,33,clear creek,ucc,0,NA,168,165.70089285714286,5.110184312813551,2024,-1.7894413368591076
2024,33,clear creek,lcc,NA,NA,NA,165.70089285714286,5.110184312813551,2024,-1.779855200452491
2024,34,clear creek,ucc,0,NA,168,165.69642857142858,5.1101573706180305,2024,-1.789528186493609
2024,34,clear creek,lcc,NA,NA,NA,165.69642857142858,5.1101573706180305,2024,-1.7799359895648352
2024,35,clear creek,ucc,0,NA,168,164.51388888888889,5.102994997576831,2024,-1.812616486046342
2024,35,clear creek,lcc,NA,NA,NA,164.51388888888889,5.102994997576831,2024,-1.8014131464591374
2024,36,clear creek,ucc,0,NA,168,132.04214251661764,4.883121133122794,2024,-2.521391862186398
2024,36,clear creek,lcc,NA,NA,NA,124.1293768461332,4.821324383343929,2024,-2.64603321017214
2024,37,clear creek,ucc,0,NA,168,144.31953167713706,4.972029811278125,2024,-2.234789896290479
2024,37,clear creek,lcc,NA,NA,NA,140.42122032322655,4.944646622074247,2024,-2.276238024340276
2024,38,clear creek,lcc,0,NA,48,179.89163781584062,5.192354657473927,2024,-1.5334584581747204
2024,38,clear creek,ucc,0,NA,144,187.27581891452235,5.232582497615855,2024,-1.3948841224874653
2024,39,clear creek,lcc,0,NA,48,198.30815151718582,5.289822141676271,2024,-1.2411915742431918
2024,39,clear creek,ucc,0,NA,144,209.9827367331372,5.347025321305687,2024,-1.025971447901499
2024,40,clear creek,lcc,0,NA,144,212.83312130773362,5.360508390599135,2024,-1.0292311458134924
2024,40,clear creek,ucc,0,NA,144,225.64965130216845,5.418983580967887,2024,-0.7940100791180752
2024,41,clear creek,lcc,0,NA,168,273.50625,5.611324473520496,2024,-0.2771317601029158
2024,41,clear creek,ucc,0,NA,168,273.50625,5.611324473520496,2024,-0.17398873731558986
2024,42,clear creek,lcc,0,NA,168,259.4017857142857,5.558378155876713,2024,-0.4358970693754148
2024,42,clear creek,ucc,0,NA,168,259.4017857142857,5.558378155876713,2024,-0.3446640756346123
2024,43,clear creek,lcc,0,NA,168,199.23363095238096,5.294478160982537,2024,-1.2272299924366632
2024,43,clear creek,ucc,0,NA,168,199.23363095238096,5.294478160982537,2024,-1.19536008085982
2024,44,clear creek,lcc,1,119,168,203.25595238095238,5.314466034006239,2024,-1.1672941747343337
2024,44,clear creek,ucc,0,NA,168,203.25595238095238,5.314466034006239,2024,-1.1309280836518234
2024,45,clear creek,lcc,0,NA,168,202.0386904761905,5.308459216071178,2025,-1.1853062735854716
2024,45,clear creek,ucc,0,NA,168,202.0386904761905,5.308459216071178,2025,-1.1502913883897443
2024,46,clear creek,lcc,0,NA,168,204.13988095238093,5.318805449808634,2025,-1.1542819630718648
2024,46,clear creek,ucc,0,NA,168,204.13988095238093,5.318805449808634,2025,-1.1169397404933141
2024,47,clear creek,lcc,52,34.57142857142857,168,441.9300595238096,6.0911516331855315,2025,1.1616823216259247
2024,47,clear creek,ucc,1,NA,144,441.9300595238096,6.0911516331855315,2025,1.3727602426883219
2024,48,clear creek,lcc,70,37.21875,168,270.7395833333333,5.601157411764557,2025,-0.30761880388439733
2024,48,clear creek,ucc,0,NA,120,270.7395833333333,5.601157411764557,2025,-0.20676281457210385
2024,49,clear creek,lcc,14,33,168,217.00148809523807,5.3799042110986885,2025,-0.9710706621907546
2024,49,clear creek,ucc,24,33.916666666666664,168,217.00148809523807,5.3799042110986885,2025,-0.9199845561080299
2024,50,clear creek,lcc,306,32.389830508474574,168,497.1086309523809,6.208808575557786,2025,1.5144894983112462
2024,50,clear creek,ucc,209,33.6578947368421,168,497.1086309523809,6.208808575557786,2025,1.7520338038842043
2024,51,clear creek,lcc,330,34.62068965517241,168,354.70535714285717,5.87128746497214,2025,0.5023956286553461
2024,51,clear creek,ucc,68,34.705882352941174,144,354.70535714285717,5.87128746497214,2025,0.664016122908031
2024,52,clear creek,lcc,590,34.92424242424242,144,814.2008928571429,6.702207132674937,2025,2.993998895779353
2024,52,clear creek,ucc,40,NA,144,814.2008928571429,6.702207132674937,2025,3.342530922657382
2024,53,clear creek,lcc,289,33.86666666666667,48,764.2552083333333,6.6389017757079225,2025,2.804170877047363
2024,53,clear creek,ucc,16,NA,48,764.2552083333333,6.6389017757079225,2025,3.1384626569388065
2025,1,clear creek,lcc,610,34.4,168,423.7782738095238,6.049210379323123,2025,1.0359168966242949
2025,1,clear creek,ucc,48,NA,168,423.7782738095238,6.049210379323123,2025,1.2375603267914117
2025,2,clear creek,lcc,359,33.795081967213115,168,350.5580357142857,5.859526272551808,2025,0.4671284101758638
2025,2,clear creek,ucc,0,NA,168,350.5580357142857,5.859526272551808,2025,0.6261032786403623
2025,3,clear creek,lcc,1139,34.135802469135804,168,332.202380952381,5.805744364379221,2025,0.30585749154969577
2025,3,clear creek,ucc,0,NA,168,332.202380952381,5.805744364379221,2025,0.452734368746464
2025,4,clear creek,lcc,966,34.6986301369863,168,315.077380952381,5.752818262474757,2025,0.14715280137684564
2025,4,clear creek,ucc,2,31,168,315.077380952381,5.752818262474757,2025,0.28212419696406454
2025,5,clear creek,lcc,2294,34.76315789473684,168,1005.09375,6.912836099724623,2025,3.6255928306092384
2025,5,clear creek,ucc,2,32,168,1005.09375,6.912836099724623,2025,4.021504868548254
2025,6,clear creek,lcc,964,33.0625,168,1092.1547619047617,6.995907869619053,2025,3.874692594786164
2025,6,clear creek,ucc,0,NA,168,1092.1547619047617,6.995907869619053,2025,4.289291242793991
2025,7,clear creek,lcc,120,34.25,144,460.7485119047619,6.132852366820923,2025,1.286726520488927
2025,7,clear creek,ucc,0,NA,168,460.7485119047619,6.132852366820923,2025,1.5071848285349914
2025,8,clear creek,lcc,132,34.42465753424658,168,393.29315476190476,5.974555274663634,2025,0.8120554213130623
2025,8,clear creek,ucc,0,NA,168,393.29315476190476,5.974555274663634,2025,0.996905531292214
2025,9,clear creek,lcc,227,35.31578947368421,168,364.82142857142856,5.899407997076518,2025,0.5867181117880914
2025,9,clear creek,ucc,0,NA,168,364.82142857142856,5.899407997076518,2025,0.7546641895576531
2025,10,clear creek,lcc,150,35.54347826086956,168,352.44791666666663,5.86490285719849,2025,0.48325068576079294
2025,10,clear creek,ucc,0,NA,168,352.44791666666663,5.86490285719849,2025,0.6434349920514287
2025,11,clear creek,lcc,267,37.527027027027025,168,426.889880952381,6.056526089928007,2025,1.0578538529306216
2025,11,clear creek,ucc,0,NA,168,426.889880952381,6.056526089928007,2025,1.2611429183312657
2025,12,clear creek,lcc,73,37.21951219512195,168,378.1279761904762,5.935232699671093,2025,0.6941423905696524
2025,12,clear creek,ucc,0,NA,168,378.1279761904762,5.935232699671093,2025,0.8701470693424992
2025,13,clear creek,lcc,49,37.43181818181818,168,375.5669642857143,5.928436788955005,2025,0.6737641109339082
2025,13,clear creek,ucc,0,NA,168,375.5669642857143,5.928436788955005,2025,0.848240081051873
2025,14,clear creek,lcc,20,43.9,168,364.92410714285717,5.899689406326952,2025,0.5875619481239409
2025,14,clear creek,ucc,0,NA,168,364.92410714285717,5.899689406326952,2025,0.7555713276016437
2025,15,clear creek,lcc,25,56.52,168,315.02232142857144,5.752643497993067,2025,0.1466287510137588
2025,15,clear creek,ucc,0,NA,168,315.02232142857144,5.752643497993067,2025,0.2815608341398689
2025,16,clear creek,lcc,14,49.30769230769231,168,299.9955357142857,5.703767593593097,2025,6.901988682238159e-5
2025,16,clear creek,ucc,0,NA,168,299.9955357142857,5.703767593593097,2025,0.1240066945822059
2025,17,clear creek,lcc,27,57.15384615384615,168,255.14136904761904,5.541817779963973,2025,-0.48555516309108965
2025,17,clear creek,ucc,0,NA,168,255.14136904761904,5.541817779963973,2025,-0.3980473492479534
2025,18,clear creek,lcc,30,61.03333333333333,168,247.63839285714286,5.511969588794497,2025,-0.5750582203977187
2025,18,clear creek,ucc,0,NA,168,247.63839285714286,5.511969588794497,2025,-0.494264618980201
2025,19,clear creek,lcc,8,58.625,168,223.07589285714283,5.407512040275764,2025,-0.88828557471536
2025,19,clear creek,ucc,0,NA,168,223.07589285714283,5.407512040275764,2025,-0.8309892152657701
2025,20,clear creek,lcc,97,42.08108108108108,168,666.21875,6.501618070064816,2025,2.3925107096464373
2025,20,clear creek,ucc,0,NA,168,666.21875,6.501618070064816,2025,2.6959211554888505
2025,21,clear creek,lcc,23,54.34782608695652,168,288.9732142857143,5.666333999684516,2025,-0.11217969501081847
2025,21,clear creek,ucc,0,NA,168,288.9732142857143,5.666333999684516,2025,0.00333746602832767
2025,22,clear creek,lcc,12,56.333333333333336,168,174.33630952380955,5.160986247089387,2025,-1.6275200586356715
2025,22,clear creek,ucc,0,NA,168,174.33630952380955,5.160986247089387,2025,-1.625678535107267
2025,23,clear creek,lcc,9,56.666666666666664,168,153.37053571428572,5.032856795610137,2025,-2.0117301963053147
2025,23,clear creek,ucc,0,NA,168,153.37053571428572,5.032856795610137,2025,-2.0387107997300986
2025,24,clear creek,lcc,1,36,168,423.703869047619,6.049034789164149,2025,1.0353903703778007
2025,24,clear creek,ucc,0,NA,168,423.703869047619,6.049034789164149,2025,1.236994302351526
2025,25,clear creek,lcc,1,61,168,304.625,5.719081511945371,2025,0.04598947463364873
2025,25,clear creek,ucc,0,NA,168,304.625,5.719081511945371,2025,0.17337194436876957
2025,26,clear creek,lcc,0,NA,168,152.68154761904765,5.0283543641830555,2025,-2.0252312281014833
2025,26,clear creek,ucc,0,NA,168,152.68154761904765,5.0283543641830555,2025,-2.053224632632423
2025,27,clear creek,lcc,NA,NA,NA,141.2529761904762,4.950552440179626,2025,-2.2585287844963267
2025,27,clear creek,ucc,NA,NA,NA,141.2529761904762,4.950552440179626,2025,-2.3040233716588987
2025,28,clear creek,lcc,NA,NA,NA,140.83184523809524,4.9475665917165745,2025,-2.267482176833572
2025,28,clear creek,ucc,NA,NA,NA,140.83184523809524,4.9475665917165745,2025,-2.313648416785347
2025,29,clear creek,lcc,NA,NA,NA,122.15029761904762,4.805252234205469,2025,-2.694227302645367
2025,29,clear creek,ucc,NA,NA,NA,122.15029761904762,4.805252234205469,2025,-2.7724064984951915
2025,30,clear creek,lcc,NA,NA,NA,116.40476190476191,4.757073444295277,2025,-2.83869665992775
2025,30,clear creek,ucc,NA,NA,NA,116.40476190476191,4.757073444295277,2025,-2.927713451531018
2025,31,clear creek,lcc,NA,NA,NA,116.02380952380952,4.7537954245601375,2025,-2.8485261596967844
2025,31,clear creek,ucc,NA,NA,NA,116.02380952380952,4.7537954245601375,2025,-2.938280326664346
2025,32,clear creek,lcc,NA,NA,NA,115.34523809523809,4.747929701541691,2025,-2.8661151700486664
2025,32,clear creek,ucc,NA,NA,NA,115.34523809523809,4.747929701541691,2025,-2.9571888042546974
2025,33,clear creek,lcc,NA,NA,NA,111.85565476190474,4.717209243313579,2025,-2.958233815284644
2025,33,clear creek,ucc,NA,NA,NA,111.85565476190474,4.717209243313579,2025,-3.056217874353097
2025,34,clear creek,lcc,NA,NA,NA,113.7610119047619,4.734099861099423,2025,-2.907585455286976
2025,34,clear creek,ucc,NA,NA,NA,113.7610119047619,4.734099861099423,2025,-3.001770048077216
2025,35,clear creek,lcc,NA,NA,NA,113.91964285714286,4.735493312626649,2025,-2.9034070388734947
2025,35,clear creek,ucc,NA,NA,NA,113.91964285714286,4.735493312626649,2025,-2.9972781811934706
2025,36,clear creek,lcc,NA,NA,NA,128.35267857142858,4.854781776374251,2025,-2.545707567364489
2025,36,clear creek,ucc,NA,NA,NA,128.35267857142858,4.854781776374251,2025,-2.612745321993416
2025,37,clear creek,lcc,NA,NA,NA,142.30654761904762,4.9579835168204385,2025,-2.236245890546199
2025,37,clear creek,ucc,NA,NA,NA,142.30654761904762,4.9579835168204385,2025,-2.2800688914195324
2025,38,clear creek,lcc,NA,NA,NA,187.24255952380955,5.232404886087476,2025,-1.413363478670305
2025,38,clear creek,ucc,NA,NA,NA,187.24255952380955,5.232404886087476,2025,-1.39545666292171
2025,39,clear creek,lcc,NA,NA,NA,218.6860119047619,5.3876369654394765,2025,-0.9478831547477777
2025,39,clear creek,ucc,NA,NA,NA,218.6860119047619,5.3876369654394765,2025,-0.895057601373779
2025,40,clear creek,lcc,NA,NA,NA,223.81994047619045,5.410841891444847,2025,-0.8783006527374476
2025,40,clear creek,ucc,NA,NA,NA,223.81994047619045,5.410841891444847,2025,-0.8202552586824446
2025,41,clear creek,lcc,NA,NA,NA,222.36011904761907,5.404298225467474,2025,-0.8979225490072366
2025,41,clear creek,ucc,NA,NA,NA,222.36011904761907,5.404298225467474,2025,-0.841349122320873
2025,42,clear creek,lcc,NA,NA,NA,221.78125,5.401691535725257,2025,-0.9057389925583238
2025,42,clear creek,ucc,NA,NA,NA,221.78125,5.401691535725257,2025,-0.8497519286621726
2025,43,clear creek,lcc,NA,NA,NA,223.1755952380952,5.407958884197951,2025,-0.8869456644692892
2025,43,clear creek,ucc,NA,NA,NA,223.1755952380952,5.407958884197951,2025,-0.8295487895480037
2025,44,clear creek,ucc,0,NA,120,221.3764880952381,5.399864818136816,2025,-0.8556404522894057
2025,44,clear creek,lcc,NA,NA,NA,221.3764880952381,5.399864818136816,2025,-0.9112166045205663
2025,45,clear creek,lcc,5,80,120,242.78422619047618,5.492173090808372,2026,-0.6344201791731208
2025,45,clear creek,ucc,0,NA,168,242.78422619047618,5.492173090808372,2026,-0.5580797083325109
2025,46,clear creek,lcc,179,37.57377049180328,144,324.67410714285717,5.782821931989623,2026,0.23712207746297512
2025,46,clear creek,ucc,215,31.6,144,324.67410714285717,5.782821931989623,2026,0.37884265960984315
2025,47,clear creek,lcc,27,36.64705882352941,168,256.04910714285717,5.545369250860328,2026,-0.47490569018486145
2025,47,clear creek,ucc,93,33.11764705882353,168,256.04910714285717,5.545369250860328,2026,-0.38659898940461945
2025,48,clear creek,lcc,177,33.67857142857143,168,230.4047619047619,5.439837596597574,2026,-0.7913538677481932
2025,48,clear creek,ucc,1507,33.41,168,230.4047619047619,5.439837596597574,2026,-0.7267860240505767
2025,49,clear creek,lcc,309,34.93421052631579,168,261.51934523809524,5.56650825873469,2026,-0.4115180690576165
2025,49,clear creek,ucc,2613,33.958333333333336,168,261.51934523809524,5.56650825873469,2026,-0.3184562463160666
2025,50,clear creek,lcc,314,34.13,168,258.29017857142856,5.554083676039472,2026,-0.4487745356443859
2025,50,clear creek,ucc,2167,34.109243697478995,144,258.29017857142856,5.554083676039472,2026,-0.3585075652622873
2025,51,clear creek,lcc,4991,35.470588235294116,168,541.0714285714286,6.293551300762311,2026,1.7685998042669706
2025,51,clear creek,ucc,2249,34.15384615384615,168,541.0714285714286,6.293551300762311,2026,2.0252065935702954
2025,52,clear creek,lcc,6265,NA,168,648.4464285714286,6.474579392127488,2026,2.3114322842511004
2025,52,clear creek,ucc,1084,45.25,168,648.4464285714286,6.474579392127488,2026,2.6087605046632247
2025,53,clear creek,lcc,895,NA,24,354.5625,5.870884635086786,2026,0.501187699300133
2025,53,clear creek,ucc,5,40,24,354.5625,5.870884635086786,2026,0.6627175788349512
2026,1,clear creek,lcc,6265,NA,168,794.0684523809524,6.67716966959778,2026,2.9189213314511306
2026,1,clear creek,ucc,931,43,168,794.0684523809524,6.67716966959778,2026,3.261821296917327
2026,2,clear creek,lcc,7369,35.76470588235294,168,435.4389880952381,6.076354690255979,2026,1.1173120740800357
2026,2,clear creek,ucc,174,50.26315789473684,168,435.4389880952381,6.076354690255979,2026,1.3250614913307723
2026,3,clear creek,lcc,16308,35.44230769230769,144,343.8050595238095,5.840074809314603,2026,0.4088010757343163
2026,3,clear creek,ucc,7,57.2,144,343.8050595238095,5.840074809314603,2026,0.5634004275913876
2026,4,clear creek,lcc,13090,35.7,168,321.4270833333333,5.772770716502806,2026,0.2069824113569162
2026,4,clear creek,ucc,7,52.142857142857146,168,321.4270833333333,5.772770716502806,2026,0.3464420191106971
2026,5,clear creek,lcc,10978,35.88405797101449,168,312.20982142857144,5.743675466358365,2026,0.11973712985082359
2026,5,clear creek,ucc,4,47.5,168,312.20982142857144,5.743675466358365,2026,0.25265189577693414
2026,6,clear creek,lcc,3567,36.23913043478261,168,308.8050595238095,5.732710202484692,2026,0.08685658994489832
2026,6,clear creek,ucc,5,61.2,168,308.8050595238095,5.732710202484692,2026,0.21730477052475541
2026,7,clear creek,lcc,1938,36.266666666666666,168,348.54017857142856,5.853753513573642,2026,0.44981816264004254
2026,7,clear creek,ucc,5,66,168,348.54017857142856,5.853753513573642,2026,0.607494475696569
2026,8,clear creek,lcc,300,36.2,168,612.5729166666667,6.417667982952325,2026,2.1407772154771263
2026,8,clear creek,ucc,11,66.83333333333333,168,612.5729166666667,6.417667982952325,2026,2.425303477858571
2026,9,clear creek,lcc,198,37.336633663366335,168,467.43452380952374,6.147259282897572,2026,1.3299272299690645
2026,9,clear creek,ucc,28,73.52,168,467.43452380952374,6.147259282897572,2026,1.5536263070918024
2026,10,clear creek,lcc,307,43.298136645962735,168,349.5089285714286,5.85652910804692,2026,0.45814108545272686
2026,10,clear creek,ucc,40,77.27777777777777,168,349.5089285714286,5.85652910804692,2026,0.6164417556367975
2026,11,clear creek,lcc,179,40.44347826086957,168,324.49851190476187,5.782280950323959,2026,0.2354998849237762
2026,11,clear creek,ucc,14,73.92857142857143,168,324.49851190476187,5.782280950323959,2026,0.3770987757493509
2026,12,clear creek,lcc,54,44.88,168,298.0982142857143,5.69742301034644,2026,-0.018955905097341578
2026,12,clear creek,ucc,10,69.4,168,298.0982142857143,5.69742301034644,2026,0.10355458496805192
2026,13,clear creek,lcc,135,49.95918367346939,168,291.04017857142856,5.673461328332806,2026,-0.09080762255158686
2026,13,clear creek,ucc,6,83.5,168,291.04017857142856,5.673461328332806,2026,0.02631279807203793
2026,14,clear creek,lcc,108,51.21212121212121,168,281.5580357142857,5.640338592278195,2026,-0.19012975991044512
2026,14,clear creek,ucc,15,92.73333333333333,168,281.5580357142857,5.640338592278195,2026,-0.08046014542531027
2026,15,clear creek,lcc,223,55.97841726618705,168,281.8482142857143,5.641368678817304,2026,-0.18704093305265918
2026,15,clear creek,ucc,4,73,168,281.8482142857143,5.641368678817304,2026,-0.07713960536919098
2026,16,clear creek,lcc,107,65.97777777777777,168,282.4925595238095,5.64365221227083,2026,-0.18019350888574492
2026,16,clear creek,ucc,5,87.4,168,282.4925595238095,5.64365221227083,2026,-0.06977851092319935
2026,17,clear creek,lcc,165,65.65873015873017,168,255.80505952380955,5.544415668166531,2026,-0.4777651119168162
2026,17,clear creek,ucc,4,111,168,255.80505952380955,5.544415668166531,2026,-0.3896729151490685
2026,18,clear creek,lcc,100,66.40697674418605,168,245.70833333333334,5.5041451956525584,2026,-0.5985205167826569
2026,18,clear creek,ucc,2,108,168,245.70833333333334,5.5041451956525584,2026,-0.5194869763805035
2026,19,clear creek,lcc,103,68.4065934065934,168,223.92857142857142,5.411327123451763,2026,-0.8768456316316339
2026,19,clear creek,ucc,2,104,168,223.92857142857142,5.411327123451763,2026,-0.8186910868829879
2026,20,clear creek,lcc,155,67.68115942028986,168,309.65922619047615,5.735472422485085,2026,0.09513940794163812
2026,20,clear creek,ucc,0,NA,168,309.65922619047615,5.735472422485085,2026,0.226208937123279
2026,21,clear creek,lcc,126,64.29591836734694,168,449.64583333333337,6.10846023585108,2026,1.2135840548825951
2026,21,clear creek,ucc,0,NA,168,449.64583333333337,6.10846023585108,2026,1.4285554659868935
2026,22,clear creek,lcc,28,71.29166666666667,168,199.24107142857142,5.294515505768276,2026,-1.2271180100227514
2026,22,clear creek,ucc,0,NA,168,199.24107142857142,5.294515505768276,2026,-1.1952396979092388
2026,23,clear creek,lcc,22,68.05,168,171.4241071428571,5.144140644715021,2026,-1.678033435011369
2026,23,clear creek,ucc,0,NA,168,171.4241071428571,5.144140644715021,2026,-1.6799812517527581
2026,24,clear creek,lcc,14,65.42857142857143,168,308.02942439862545,5.730195312172286,2026,0.07931541699833398
2026,24,clear creek,ucc,0,NA,120,308.02942439862545,5.730195312172286,2026,0.20919788464474234
2026,25,clear creek,lcc,6,68,96,573.9508928571429,6.352543840146053,2026,1.9454953689980814
2026,25,clear creek,ucc,NA,NA,NA,573.9508928571429,6.352543840146053,2026,2.2153722569382097
2026,26,clear creek,lcc,0,NA,48,142.76488095238093,4.961199087953307,2026,-2.2266036497234776
2026,26,clear creek,ucc,NA,NA,NA,142.76488095238093,4.961199087953307,2026,-2.2697033227565013
2026,27,clear creek,lcc,NA,NA,NA,130.875,4.874242669190701,2026,-2.4873519573009184
2026,27,clear creek,ucc,NA,NA,NA,130.875,4.874242669190701,2026,-2.5500120741822196
2026,28,clear creek,lcc,NA,NA,NA,129.42857142857142,4.863129156987666,2026,-2.520677035994576
2026,28,clear creek,ucc,NA,NA,NA,129.42857142857142,4.863129156987666,2026,-2.585837085997526
2026,29,clear creek,lcc,NA,NA,NA,126.34375,4.839006366841044,2026,-2.5930118537605797
2026,29,clear creek,ucc,NA,NA,NA,126.34375,4.839006366841044,2026,-2.6635982137339873
2026,30,clear creek,lcc,NA,NA,NA,125.00892857142858,4.828385163322831,2026,-2.624860691157741
2026,30,clear creek,ucc,NA,NA,NA,125.00892857142858,4.828385163322831,2026,-2.6978362416932193
2026,31,clear creek,lcc,NA,NA,NA,125.19940476190474,4.829907704356811,2026,-2.6202951857761168
2026,31,clear creek,ucc,NA,NA,NA,125.19940476190474,4.829907704356811,2026,-2.6929282477543888
2026,32,clear creek,lcc,NA,NA,NA,124.19940476190477,4.821888376910637,2026,-2.6443420139373313
2026,32,clear creek,ucc,NA,NA,NA,124.19940476190477,4.821888376910637,2026,-2.718778986500284
2026,33,clear creek,lcc,NA,NA,NA,124.52678571428571,4.8245208390636,2026,-2.636448289001159
2026,33,clear creek,ucc,NA,NA,NA,124.52678571428571,4.8245208390636,2026,-2.7102931013894125
2026,34,clear creek,lcc,NA,NA,NA,124.90178571428571,4.827527714181336,2026,-2.6274318459460817
2026,34,clear creek,ucc,NA,NA,NA,124.90178571428571,4.827527714181336,2026,-2.7006002756965004
2026,35,clear creek,lcc,NA,NA,NA,124.2797619047619,4.822535168726117,2026,-2.6424025381212712
2026,35,clear creek,ucc,NA,NA,NA,124.2797619047619,4.822535168726117,2026,-2.716694017859563
2026,36,clear creek,lcc,NA,NA,NA,128.28571428571428,4.8542599192468865,2026,-2.547272412889338
2026,36,clear creek,ucc,NA,NA,NA,128.28571428571428,4.8542599192468865,2026,-2.614427556863202
2026,37,clear creek,lcc,NA,NA,NA,137.875,4.926347477573667,2026,-2.3311100053456983
2026,37,clear creek,ucc,NA,NA,NA,137.875,4.926347477573667,2026,-2.3820493867930495
2026,38,clear creek,lcc,NA,NA,NA,202.49553571428572,5.310717840448201,2026,-1.1785335420017369
2026,38,clear creek,ucc,NA,NA,NA,202.49553571428572,5.310717840448201,2026,-1.1430105897083784
2026,39,clear creek,lcc,NA,NA,NA,253.60416666666669,5.535774652501705,2026,-0.5036761400204985
2026,39,clear creek,ucc,NA,NA,NA,253.60416666666669,5.535774652501705,2026,-0.4175276997242006
2026,40,clear creek,lcc,NA,NA,NA,291.11607142857144,5.673722058532208,2026,-0.09002579460609553
2026,40,clear creek,ucc,NA,NA,NA,291.11607142857144,5.673722058532208,2026,0.027153276068871426
2026,41,clear creek,lcc,NA,NA,NA,292.578125,5.678731725025749,2026,-0.07500376312979634
2026,41,clear creek,ucc,NA,NA,NA,292.578125,5.678731725025749,2026,0.043302208831354175
2026,42,clear creek,lcc,NA,NA,NA,219.61798469387756,5.391889603795061,2026,-0.9351311547259643
2026,42,clear creek,ucc,NA,NA,NA,226.7833850931677,5.423995311203468,2026,-0.7778544937707363
2026,43,clear creek,lcc,NA,NA,NA,220.73720619361876,5.396972881716753,2026,-0.9198883913522167
2026,43,clear creek,ucc,NA,NA,NA,227.68122412008282,5.427946510820776,2026,-0.7651175866266516
2026,44,clear creek,lcc,NA,NA,NA,219.32349934568907,5.390547805842124,2026,-0.9391546822621462
2026,44,clear creek,ucc,NA,NA,NA,226.54425465838509,5.422940310643196,2026,-0.7812553455308643
