log_id,date_identified,data_type,stream,site,run_year,issue_type,field,description,n_records,severity,alert_level,status,reviewer_notes,date_resolved,fix_script
rst__battle_creek__ubc__1998__high_na_rate__fork_length,7/2/26,rst,battle creek,ubc,1998,high_na_rate,fork_length,58 of 61 records (95.1%) have no fork length in run year 1998 at ubc (battle creek),61,moderate,warning,open,,,
rst__sacramento_river__knights_landing__2002__high_na_rate__fork_length,7/2/26,rst,sacramento river,knights landing,2002,high_na_rate,fork_length,56 of 56 records (100%) have no fork length in run year 2002 at knights landing (sacramento river),56,moderate,warning,open,,,
rst__sacramento_river__knights_landing__2003__high_na_rate__fork_length,7/2/26,rst,sacramento river,knights landing,2003,high_na_rate,fork_length,1444 of 1444 records (100%) have no fork length in run year 2003 at knights landing (sacramento river),1444,moderate,warning,open,,,
rst__sacramento_river__tisdale__2012__high_na_rate__fork_length,7/2/26,rst,sacramento river,tisdale,2012,high_na_rate,fork_length,114 of 119 records (95.8%) have no fork length in run year 2012 at tisdale (sacramento river),119,moderate,warning,open,,,
rst__battle_creek__lbc__2000__implausible_value__fork_length,7/2/26,rst,battle creek,lbc,2000,implausible_value,fork_length,"2 record(s) with fork_length <20mm or >200mm in run year 2000 at lbc (battle creek). Range of flagged values: [205, 232]mm",2,critical,warning,open,,,
rst__battle_creek__lbc__2002__implausible_value__fork_length,7/2/26,rst,battle creek,lbc,2002,implausible_value,fork_length,"1 record(s) with fork_length <20mm or >200mm in run year 2002 at lbc (battle creek). Range of flagged values: [19, 19]mm",1,critical,warning,open,,,
rst__battle_creek__lbc__2005__implausible_value__fork_length,7/2/26,rst,battle creek,lbc,2005,implausible_value,fork_length,"3 record(s) with fork_length <20mm or >200mm in run year 2005 at lbc (battle creek). Range of flagged values: [19, 220]mm",3,critical,warning,open,,,
rst__battle_creek__ubc__2006__implausible_value__fork_length,7/2/26,rst,battle creek,ubc,2006,implausible_value,fork_length,"5 record(s) with fork_length <20mm or >200mm in run year 2006 at ubc (battle creek). Range of flagged values: [6, 6]mm",5,critical,warning,open,,,
rst__battle_creek__ubc__2023__implausible_value__fork_length,7/2/26,rst,battle creek,ubc,2023,implausible_value,fork_length,"1 record(s) with fork_length <20mm or >200mm in run year 2023 at ubc (battle creek). Range of flagged values: [209, 209]mm",1,critical,warning,open,,,
rst__butte_creek__okie_dam__1999__implausible_value__fork_length,7/2/26,rst,butte creek,okie dam,1999,implausible_value,fork_length,"2 record(s) with fork_length <20mm or >200mm in run year 1999 at okie dam (butte creek). Range of flagged values: [630, 800]mm",2,critical,warning,open,,,
rst__butte_creek__okie_dam__2000__implausible_value__fork_length,7/2/26,rst,butte creek,okie dam,2000,implausible_value,fork_length,"3 record(s) with fork_length <20mm or >200mm in run year 2000 at okie dam (butte creek). Range of flagged values: [427, 770]mm",3,critical,warning,open,,,
rst__butte_creek__okie_dam__2001__implausible_value__fork_length,7/2/26,rst,butte creek,okie dam,2001,implausible_value,fork_length,"2 record(s) with fork_length <20mm or >200mm in run year 2001 at okie dam (butte creek). Range of flagged values: [305, 741]mm",2,critical,warning,open,,,
rst__butte_creek__okie_dam__2002__implausible_value__fork_length,7/2/26,rst,butte creek,okie dam,2002,implausible_value,fork_length,"4 record(s) with fork_length <20mm or >200mm in run year 2002 at okie dam (butte creek). Range of flagged values: [251, 865]mm",4,critical,warning,open,,,
rst__butte_creek__okie_dam__2008__implausible_value__fork_length,7/2/26,rst,butte creek,okie dam,2008,implausible_value,fork_length,"2 record(s) with fork_length <20mm or >200mm in run year 2008 at okie dam (butte creek). Range of flagged values: [600, 700]mm",2,critical,warning,open,,,
rst__butte_creek__okie_dam__2013__implausible_value__fork_length,7/2/26,rst,butte creek,okie dam,2013,implausible_value,fork_length,"1 record(s) with fork_length <20mm or >200mm in run year 2013 at okie dam (butte creek). Range of flagged values: [1, 1]mm",1,critical,warning,open,,,
rst__butte_creek__okie_dam__2019__implausible_value__fork_length,7/2/26,rst,butte creek,okie dam,2019,implausible_value,fork_length,"1 record(s) with fork_length <20mm or >200mm in run year 2019 at okie dam (butte creek). Range of flagged values: [1000, 1000]mm",1,critical,warning,open,,,
rst__butte_creek__okie_dam__2020__implausible_value__fork_length,7/2/26,rst,butte creek,okie dam,2020,implausible_value,fork_length,"2 record(s) with fork_length <20mm or >200mm in run year 2020 at okie dam (butte creek). Range of flagged values: [8, 484]mm",2,critical,warning,open,,,
rst__butte_creek__okie_dam__2024__implausible_value__fork_length,7/2/26,rst,butte creek,okie dam,2024,implausible_value,fork_length,"1 record(s) with fork_length <20mm or >200mm in run year 2024 at okie dam (butte creek). Range of flagged values: [510, 510]mm",1,critical,warning,open,,,
rst__butte_creek__okie_dam__2026__implausible_value__fork_length,7/2/26,rst,butte creek,okie dam,2026,implausible_value,fork_length,"1 record(s) with fork_length <20mm or >200mm in run year 2026 at okie dam (butte creek). Range of flagged values: [344, 344]mm",1,critical,warning,open,,,
rst__clear_creek__lcc__2002__implausible_value__fork_length,7/2/26,rst,clear creek,lcc,2002,implausible_value,fork_length,"2 record(s) with fork_length <20mm or >200mm in run year 2002 at lcc (clear creek). Range of flagged values: [18, 19]mm",2,critical,warning,open,,,
rst__clear_creek__lcc__2004__implausible_value__fork_length,7/2/26,rst,clear creek,lcc,2004,implausible_value,fork_length,"2 record(s) with fork_length <20mm or >200mm in run year 2004 at lcc (clear creek). Range of flagged values: [16, 19]mm",2,critical,warning,open,,,
rst__clear_creek__lcc__2005__implausible_value__fork_length,7/2/26,rst,clear creek,lcc,2005,implausible_value,fork_length,"1 record(s) with fork_length <20mm or >200mm in run year 2005 at lcc (clear creek). Range of flagged values: [19, 19]mm",1,critical,warning,open,,,
rst__clear_creek__lcc__2024__implausible_value__fork_length,7/2/26,rst,clear creek,lcc,2024,implausible_value,fork_length,"1 record(s) with fork_length <20mm or >200mm in run year 2024 at lcc (clear creek). Range of flagged values: [214, 214]mm",1,critical,warning,open,,,
rst__deer_creek__deer_creek__2024__implausible_value__fork_length,7/2/26,rst,deer creek,deer creek,2024,implausible_value,fork_length,"2 record(s) with fork_length <20mm or >200mm in run year 2024 at deer creek (deer creek). Range of flagged values: [4, 409]mm",2,critical,warning,open,,,
rst__feather_river__eye_riffle__2000__implausible_value__fork_length,7/2/26,rst,feather river,eye riffle,2000,implausible_value,fork_length,"1 record(s) with fork_length <20mm or >200mm in run year 2000 at eye riffle (feather river). Range of flagged values: [470, 470]mm",1,critical,warning,open,,,
rst__feather_river__eye_riffle__2001__implausible_value__fork_length,7/2/26,rst,feather river,eye riffle,2001,implausible_value,fork_length,"1 record(s) with fork_length <20mm or >200mm in run year 2001 at eye riffle (feather river). Range of flagged values: [10, 10]mm",1,critical,warning,open,,,
rst__feather_river__eye_riffle__2020__implausible_value__fork_length,7/2/26,rst,feather river,eye riffle,2020,implausible_value,fork_length,"1 record(s) with fork_length <20mm or >200mm in run year 2020 at eye riffle (feather river). Range of flagged values: [600, 600]mm",1,critical,warning,open,,,
rst__feather_river__gateway_riffle__2015__implausible_value__fork_length,7/2/26,rst,feather river,gateway riffle,2015,implausible_value,fork_length,"1 record(s) with fork_length <20mm or >200mm in run year 2015 at gateway riffle (feather river). Range of flagged values: [5, 5]mm",1,critical,warning,open,,,
rst__feather_river__herringer_riffle__2002__implausible_value__fork_length,7/2/26,rst,feather river,herringer riffle,2002,implausible_value,fork_length,"1 record(s) with fork_length <20mm or >200mm in run year 2002 at herringer riffle (feather river). Range of flagged values: [210, 210]mm",1,critical,warning,open,,,
rst__feather_river__herringer_riffle__2005__implausible_value__fork_length,7/2/26,rst,feather river,herringer riffle,2005,implausible_value,fork_length,"1 record(s) with fork_length <20mm or >200mm in run year 2005 at herringer riffle (feather river). Range of flagged values: [299, 299]mm",1,critical,warning,open,,,
rst__feather_river__herringer_riffle__2006__implausible_value__fork_length,7/2/26,rst,feather river,herringer riffle,2006,implausible_value,fork_length,"1 record(s) with fork_length <20mm or >200mm in run year 2006 at herringer riffle (feather river). Range of flagged values: [9, 9]mm",1,critical,warning,open,,,
rst__feather_river__herringer_riffle__2017__implausible_value__fork_length,7/2/26,rst,feather river,herringer riffle,2017,implausible_value,fork_length,"1 record(s) with fork_length <20mm or >200mm in run year 2017 at herringer riffle (feather river). Range of flagged values: [413, 413]mm",1,critical,warning,open,,,
rst__feather_river__herringer_riffle__2020__implausible_value__fork_length,7/2/26,rst,feather river,herringer riffle,2020,implausible_value,fork_length,"2 record(s) with fork_length <20mm or >200mm in run year 2020 at herringer riffle (feather river). Range of flagged values: [496, 810]mm",2,critical,warning,open,,,
rst__feather_river__herringer_riffle__2024__implausible_value__fork_length,7/2/26,rst,feather river,herringer riffle,2024,implausible_value,fork_length,"4 record(s) with fork_length <20mm or >200mm in run year 2024 at herringer riffle (feather river). Range of flagged values: [3, 5]mm",4,critical,warning,open,,,
rst__feather_river__live_oak__2000__implausible_value__fork_length,7/2/26,rst,feather river,live oak,2000,implausible_value,fork_length,"1 record(s) with fork_length <20mm or >200mm in run year 2000 at live oak (feather river). Range of flagged values: [220, 220]mm",1,critical,warning,open,,,
rst__feather_river__steep_riffle__2012__implausible_value__fork_length,7/2/26,rst,feather river,steep riffle,2012,implausible_value,fork_length,"1 record(s) with fork_length <20mm or >200mm in run year 2012 at steep riffle (feather river). Range of flagged values: [3, 3]mm",1,critical,warning,open,,,
rst__feather_river__sunset_pumps__2011__implausible_value__fork_length,7/2/26,rst,feather river,sunset pumps,2011,implausible_value,fork_length,"2 record(s) with fork_length <20mm or >200mm in run year 2011 at sunset pumps (feather river). Range of flagged values: [207, 212]mm",2,critical,warning,open,,,
rst__mill_creek__mill_creek__2022__implausible_value__fork_length,7/2/26,rst,mill creek,mill creek,2022,implausible_value,fork_length,"2 record(s) with fork_length <20mm or >200mm in run year 2022 at mill creek (mill creek). Range of flagged values: [15, 15]mm",2,critical,warning,open,,,
rst__mill_creek__mill_creek__2023__implausible_value__fork_length,7/2/26,rst,mill creek,mill creek,2023,implausible_value,fork_length,"1 record(s) with fork_length <20mm or >200mm in run year 2023 at mill creek (mill creek). Range of flagged values: [9, 9]mm",1,critical,warning,open,,,
rst__mill_creek__mill_creek__2024__implausible_value__fork_length,7/2/26,rst,mill creek,mill creek,2024,implausible_value,fork_length,"1 record(s) with fork_length <20mm or >200mm in run year 2024 at mill creek (mill creek). Range of flagged values: [3, 3]mm",1,critical,warning,open,,,
rst__sacramento_river__knights_landing__1996__implausible_value__fork_length,7/2/26,rst,sacramento river,knights landing,1996,implausible_value,fork_length,"137 record(s) with fork_length <20mm or >200mm in run year 1996 at knights landing (sacramento river). Range of flagged values: [201, 518]mm",137,critical,warning,open,,,
rst__sacramento_river__knights_landing__1997__implausible_value__fork_length,7/2/26,rst,sacramento river,knights landing,1997,implausible_value,fork_length,"1 record(s) with fork_length <20mm or >200mm in run year 1997 at knights landing (sacramento river). Range of flagged values: [217, 217]mm",1,critical,warning,open,,,
rst__sacramento_river__knights_landing__1998__implausible_value__fork_length,7/2/26,rst,sacramento river,knights landing,1998,implausible_value,fork_length,"1 record(s) with fork_length <20mm or >200mm in run year 1998 at knights landing (sacramento river). Range of flagged values: [1020, 1020]mm",1,critical,warning,open,,,
rst__sacramento_river__knights_landing__2001__implausible_value__fork_length,7/2/26,rst,sacramento river,knights landing,2001,implausible_value,fork_length,"3 record(s) with fork_length <20mm or >200mm in run year 2001 at knights landing (sacramento river). Range of flagged values: [6, 8]mm",3,critical,warning,open,,,
rst__sacramento_river__knights_landing__2005__implausible_value__fork_length,7/2/26,rst,sacramento river,knights landing,2005,implausible_value,fork_length,"4 record(s) with fork_length <20mm or >200mm in run year 2005 at knights landing (sacramento river). Range of flagged values: [7, 369]mm",4,critical,warning,open,,,
rst__sacramento_river__knights_landing__2008__implausible_value__fork_length,7/2/26,rst,sacramento river,knights landing,2008,implausible_value,fork_length,"3 record(s) with fork_length <20mm or >200mm in run year 2008 at knights landing (sacramento river). Range of flagged values: [204, 366]mm",3,critical,warning,open,,,
rst__sacramento_river__knights_landing__2015__implausible_value__fork_length,7/2/26,rst,sacramento river,knights landing,2015,implausible_value,fork_length,"1 record(s) with fork_length <20mm or >200mm in run year 2015 at knights landing (sacramento river). Range of flagged values: [245, 245]mm",1,critical,warning,open,,,
rst__sacramento_river__knights_landing__2017__implausible_value__fork_length,7/2/26,rst,sacramento river,knights landing,2017,implausible_value,fork_length,"2 record(s) with fork_length <20mm or >200mm in run year 2017 at knights landing (sacramento river). Range of flagged values: [201, 269]mm",2,critical,warning,open,,,
rst__sacramento_river__knights_landing__2018__implausible_value__fork_length,7/2/26,rst,sacramento river,knights landing,2018,implausible_value,fork_length,"2 record(s) with fork_length <20mm or >200mm in run year 2018 at knights landing (sacramento river). Range of flagged values: [202, 220]mm",2,critical,warning,open,,,
rst__sacramento_river__knights_landing__2019__implausible_value__fork_length,7/2/26,rst,sacramento river,knights landing,2019,implausible_value,fork_length,"2 record(s) with fork_length <20mm or >200mm in run year 2019 at knights landing (sacramento river). Range of flagged values: [215, 991]mm",2,critical,warning,open,,,
rst__sacramento_river__knights_landing__2021__implausible_value__fork_length,7/2/26,rst,sacramento river,knights landing,2021,implausible_value,fork_length,"1 record(s) with fork_length <20mm or >200mm in run year 2021 at knights landing (sacramento river). Range of flagged values: [1, 1]mm",1,critical,warning,open,,,
rst__sacramento_river__knights_landing__2022__implausible_value__fork_length,7/2/26,rst,sacramento river,knights landing,2022,implausible_value,fork_length,"2 record(s) with fork_length <20mm or >200mm in run year 2022 at knights landing (sacramento river). Range of flagged values: [4, 205]mm",2,critical,warning,open,,,
rst__sacramento_river__knights_landing__2024__implausible_value__fork_length,7/2/26,rst,sacramento river,knights landing,2024,implausible_value,fork_length,"1 record(s) with fork_length <20mm or >200mm in run year 2024 at knights landing (sacramento river). Range of flagged values: [210, 210]mm",1,critical,warning,open,,,
rst__sacramento_river__knights_landing__2025__implausible_value__fork_length,7/2/26,rst,sacramento river,knights landing,2025,implausible_value,fork_length,"2 record(s) with fork_length <20mm or >200mm in run year 2025 at knights landing (sacramento river). Range of flagged values: [712, 822]mm",2,critical,warning,open,,,
rst__sacramento_river__knights_landing__2026__implausible_value__fork_length,7/2/26,rst,sacramento river,knights landing,2026,implausible_value,fork_length,"2 record(s) with fork_length <20mm or >200mm in run year 2026 at knights landing (sacramento river). Range of flagged values: [337, 347]mm",2,critical,warning,open,,,
rst__sacramento_river__tisdale__2014__implausible_value__fork_length,7/2/26,rst,sacramento river,tisdale,2014,implausible_value,fork_length,"1 record(s) with fork_length <20mm or >200mm in run year 2014 at tisdale (sacramento river). Range of flagged values: [220, 220]mm",1,critical,warning,open,,,
rst__sacramento_river__tisdale__2019__implausible_value__fork_length,7/2/26,rst,sacramento river,tisdale,2019,implausible_value,fork_length,"1 record(s) with fork_length <20mm or >200mm in run year 2019 at tisdale (sacramento river). Range of flagged values: [15, 15]mm",1,critical,warning,open,,,
rst__sacramento_river__tisdale__2020__implausible_value__fork_length,7/2/26,rst,sacramento river,tisdale,2020,implausible_value,fork_length,"3 record(s) with fork_length <20mm or >200mm in run year 2020 at tisdale (sacramento river). Range of flagged values: [17, 4038]mm",3,critical,warning,open,,,
rst__sacramento_river__tisdale__2021__implausible_value__fork_length,7/2/26,rst,sacramento river,tisdale,2021,implausible_value,fork_length,"1 record(s) with fork_length <20mm or >200mm in run year 2021 at tisdale (sacramento river). Range of flagged values: [222, 222]mm",1,critical,warning,open,,,
rst__sacramento_river__tisdale__2022__implausible_value__fork_length,7/2/26,rst,sacramento river,tisdale,2022,implausible_value,fork_length,"1 record(s) with fork_length <20mm or >200mm in run year 2022 at tisdale (sacramento river). Range of flagged values: [250, 250]mm",1,critical,warning,open,,,
rst__sacramento_river__tisdale__2023__implausible_value__fork_length,7/2/26,rst,sacramento river,tisdale,2023,implausible_value,fork_length,"1 record(s) with fork_length <20mm or >200mm in run year 2023 at tisdale (sacramento river). Range of flagged values: [203, 203]mm",1,critical,warning,open,,,
rst__yuba_river__hallwood__2000__implausible_value__fork_length,7/2/26,rst,yuba river,hallwood,2000,implausible_value,fork_length,"1 record(s) with fork_length <20mm or >200mm in run year 2000 at hallwood (yuba river). Range of flagged values: [4, 4]mm",1,critical,warning,open,,,
rst__yuba_river__hallwood__2001__implausible_value__fork_length,7/2/26,rst,yuba river,hallwood,2001,implausible_value,fork_length,"1 record(s) with fork_length <20mm or >200mm in run year 2001 at hallwood (yuba river). Range of flagged values: [723, 723]mm",1,critical,warning,open,,,
rst__yuba_river__hallwood__2004__implausible_value__fork_length,7/2/26,rst,yuba river,hallwood,2004,implausible_value,fork_length,"1 record(s) with fork_length <20mm or >200mm in run year 2004 at hallwood (yuba river). Range of flagged values: [17, 17]mm",1,critical,warning,open,,,
rst__yuba_river__hallwood__2009__implausible_value__fork_length,7/2/26,rst,yuba river,hallwood,2009,implausible_value,fork_length,"1 record(s) with fork_length <20mm or >200mm in run year 2009 at hallwood (yuba river). Range of flagged values: [1, 1]mm",1,critical,warning,open,,,
rst__yuba_river__hallwood__2023__implausible_value__fork_length,7/2/26,rst,yuba river,hallwood,2023,implausible_value,fork_length,"1 record(s) with fork_length <20mm or >200mm in run year 2023 at hallwood (yuba river). Range of flagged values: [15, 15]mm",1,critical,warning,open,,,
rst__yuba_river__hallwood__2024__implausible_value__fork_length,7/2/26,rst,yuba river,hallwood,2024,implausible_value,fork_length,"3 record(s) with fork_length <20mm or >200mm in run year 2024 at hallwood (yuba river). Range of flagged values: [3, 6]mm",3,critical,warning,open,,,
rst__yuba_river__hallwood__2026__implausible_value__fork_length,7/2/26,rst,yuba river,hallwood,2026,implausible_value,fork_length,"1 record(s) with fork_length <20mm or >200mm in run year 2026 at hallwood (yuba river). Range of flagged values: [1, 1]mm",1,critical,warning,open,,,
rst__battle_creek__ubc__1999__extreme_value__count,7/2/26,rst,battle creek,ubc,1999,extreme_value,count,Total catch of 37495 in run year 1999 at ubc (battle creek) is 24.6x the site median (1523),1,minor,error,open,,,
rst__battle_creek__ubc__2000__extreme_value__count,7/2/26,rst,battle creek,ubc,2000,extreme_value,count,Total catch of 11558 in run year 2000 at ubc (battle creek) is 7.6x the site median (1523),1,minor,error,open,,,
rst__battle_creek__ubc__2004__extreme_value__count,7/2/26,rst,battle creek,ubc,2004,extreme_value,count,Total catch of 11010 in run year 2004 at ubc (battle creek) is 7.2x the site median (1523),1,minor,error,open,,,
rst__battle_creek__ubc__2010__extreme_value__count,7/2/26,rst,battle creek,ubc,2010,extreme_value,count,Total catch of 7605 in run year 2010 at ubc (battle creek) is 5x the site median (1523),1,minor,error,open,,,
rst__battle_creek__ubc__2014__extreme_value__count,7/2/26,rst,battle creek,ubc,2014,extreme_value,count,Total catch of 7737 in run year 2014 at ubc (battle creek) is 5.1x the site median (1523),1,minor,error,open,,,
rst__butte_creek__okie_dam__1999__extreme_value__count,7/2/26,rst,butte creek,okie dam,1999,extreme_value,count,Total catch of 375222 in run year 1999 at okie dam (butte creek) is 4.6x the site median (81964.5),1,minor,error,open,,,
rst__butte_creek__okie_dam__2001__extreme_value__count,7/2/26,rst,butte creek,okie dam,2001,extreme_value,count,Total catch of 696955 in run year 2001 at okie dam (butte creek) is 8.5x the site median (81964.5),1,minor,error,open,,,
rst__butte_creek__okie_dam__2002__extreme_value__count,7/2/26,rst,butte creek,okie dam,2002,extreme_value,count,Total catch of 369493 in run year 2002 at okie dam (butte creek) is 4.5x the site median (81964.5),1,minor,error,open,,,
rst__butte_creek__okie_dam__2004__extreme_value__count,7/2/26,rst,butte creek,okie dam,2004,extreme_value,count,Total catch of 339706 in run year 2004 at okie dam (butte creek) is 4.1x the site median (81964.5),1,minor,error,open,,,
rst__butte_creek__okie_dam__2005__extreme_value__count,7/2/26,rst,butte creek,okie dam,2005,extreme_value,count,Total catch of 736669 in run year 2005 at okie dam (butte creek) is 9x the site median (81964.5),1,minor,error,open,,,
rst__butte_creek__okie_dam__2007__extreme_value__count,7/2/26,rst,butte creek,okie dam,2007,extreme_value,count,Total catch of 669926 in run year 2007 at okie dam (butte creek) is 8.2x the site median (81964.5),1,minor,error,open,,,
rst__butte_creek__okie_dam__2008__extreme_value__count,7/2/26,rst,butte creek,okie dam,2008,extreme_value,count,Total catch of 353141 in run year 2008 at okie dam (butte creek) is 4.3x the site median (81964.5),1,minor,error,open,,,
rst__butte_creek__okie_dam__2020__extreme_value__count,7/2/26,rst,butte creek,okie dam,2020,extreme_value,count,Total catch of 429011 in run year 2020 at okie dam (butte creek) is 5.2x the site median (81964.5),1,minor,error,open,,,
rst__clear_creek__lcc__1999__extreme_value__count,7/2/26,rst,clear creek,lcc,1999,extreme_value,count,Total catch of 758650 in run year 1999 at lcc (clear creek) is 4.1x the site median (186491.5),1,minor,error,open,,,
rst__clear_creek__lcc__2014__extreme_value__count,7/2/26,rst,clear creek,lcc,2014,extreme_value,count,Total catch of 889198 in run year 2014 at lcc (clear creek) is 4.8x the site median (186491.5),1,minor,error,open,,,
rst__clear_creek__ucc__2014__extreme_value__count,7/2/26,rst,clear creek,ucc,2014,extreme_value,count,Total catch of 28301 in run year 2014 at ucc (clear creek) is 6.2x the site median (4591),1,minor,error,open,,,
rst__clear_creek__ucc__2022__extreme_value__count,7/2/26,rst,clear creek,ucc,2022,extreme_value,count,Total catch of 77189 in run year 2022 at ucc (clear creek) is 16.8x the site median (4591),1,minor,error,open,,,
rst__deer_creek__deer_creek__1996__extreme_value__count,7/2/26,rst,deer creek,deer creek,1996,extreme_value,count,Total catch of 5736 in run year 1996 at deer creek (deer creek) is 5.6x the site median (1032),1,minor,error,open,,,
rst__deer_creek__deer_creek__1999__extreme_value__count,7/2/26,rst,deer creek,deer creek,1999,extreme_value,count,Total catch of 8569 in run year 1999 at deer creek (deer creek) is 8.3x the site median (1032),1,minor,error,open,,,
rst__deer_creek__deer_creek__2000__extreme_value__count,7/2/26,rst,deer creek,deer creek,2000,extreme_value,count,Total catch of 8372 in run year 2000 at deer creek (deer creek) is 8.1x the site median (1032),1,minor,error,open,,,
rst__deer_creek__deer_creek__2001__extreme_value__count,7/2/26,rst,deer creek,deer creek,2001,extreme_value,count,Total catch of 5719 in run year 2001 at deer creek (deer creek) is 5.5x the site median (1032),1,minor,error,open,,,
rst__deer_creek__deer_creek__2002__extreme_value__count,7/2/26,rst,deer creek,deer creek,2002,extreme_value,count,Total catch of 22190 in run year 2002 at deer creek (deer creek) is 21.5x the site median (1032),1,minor,error,open,,,
rst__deer_creek__deer_creek__2004__extreme_value__count,7/2/26,rst,deer creek,deer creek,2004,extreme_value,count,Total catch of 14147 in run year 2004 at deer creek (deer creek) is 13.7x the site median (1032),1,minor,error,open,,,
rst__deer_creek__deer_creek__2005__extreme_value__count,7/2/26,rst,deer creek,deer creek,2005,extreme_value,count,Total catch of 25024 in run year 2005 at deer creek (deer creek) is 24.2x the site median (1032),1,minor,error,open,,,
rst__deer_creek__deer_creek__2007__extreme_value__count,7/2/26,rst,deer creek,deer creek,2007,extreme_value,count,Total catch of 39048 in run year 2007 at deer creek (deer creek) is 37.8x the site median (1032),1,minor,error,open,,,
rst__deer_creek__deer_creek__2010__extreme_value__count,7/2/26,rst,deer creek,deer creek,2010,extreme_value,count,Total catch of 4174 in run year 2010 at deer creek (deer creek) is 4x the site median (1032),1,minor,error,open,,,
rst__feather_river__herringer_riffle__2002__extreme_value__count,7/2/26,rst,feather river,herringer riffle,2002,extreme_value,count,Total catch of 547260 in run year 2002 at herringer riffle (feather river) is 11.5x the site median (47753),1,minor,error,open,,,
rst__feather_river__herringer_riffle__2003__extreme_value__count,7/2/26,rst,feather river,herringer riffle,2003,extreme_value,count,Total catch of 336376 in run year 2003 at herringer riffle (feather river) is 7x the site median (47753),1,minor,error,open,,,
rst__feather_river__herringer_riffle__2004__extreme_value__count,7/2/26,rst,feather river,herringer riffle,2004,extreme_value,count,Total catch of 903829 in run year 2004 at herringer riffle (feather river) is 18.9x the site median (47753),1,minor,error,open,,,
rst__feather_river__herringer_riffle__2005__extreme_value__count,7/2/26,rst,feather river,herringer riffle,2005,extreme_value,count,Total catch of 408221 in run year 2005 at herringer riffle (feather river) is 8.5x the site median (47753),1,minor,error,open,,,
rst__feather_river__herringer_riffle__2012__extreme_value__count,7/2/26,rst,feather river,herringer riffle,2012,extreme_value,count,Total catch of 202049 in run year 2012 at herringer riffle (feather river) is 4.2x the site median (47753),1,minor,error,open,,,
rst__feather_river__herringer_riffle__2013__extreme_value__count,7/2/26,rst,feather river,herringer riffle,2013,extreme_value,count,Total catch of 574729 in run year 2013 at herringer riffle (feather river) is 12x the site median (47753),1,minor,error,open,,,
rst__feather_river__herringer_riffle__2014__extreme_value__count,7/2/26,rst,feather river,herringer riffle,2014,extreme_value,count,Total catch of 367542 in run year 2014 at herringer riffle (feather river) is 7.7x the site median (47753),1,minor,error,open,,,
rst__feather_river__steep_riffle__2011__extreme_value__count,7/2/26,rst,feather river,steep riffle,2011,extreme_value,count,Total catch of 1746647 in run year 2011 at steep riffle (feather river) is 5.1x the site median (340085),1,minor,error,open,,,
rst__mill_creek__mill_creek__2002__extreme_value__count,7/2/26,rst,mill creek,mill creek,2002,extreme_value,count,Total catch of 22833 in run year 2002 at mill creek (mill creek) is 8.6x the site median (2668),1,minor,error,open,,,
rst__mill_creek__mill_creek__2005__extreme_value__count,7/2/26,rst,mill creek,mill creek,2005,extreme_value,count,Total catch of 24959 in run year 2005 at mill creek (mill creek) is 9.4x the site median (2668),1,minor,error,open,,,
rst__mill_creek__mill_creek__2007__extreme_value__count,7/2/26,rst,mill creek,mill creek,2007,extreme_value,count,Total catch of 44027 in run year 2007 at mill creek (mill creek) is 16.5x the site median (2668),1,minor,error,open,,,
rst__sacramento_river__knights_landing__1997__extreme_value__count,7/2/26,rst,sacramento river,knights landing,1997,extreme_value,count,Total catch of 34569 in run year 1997 at knights landing (sacramento river) is 4.1x the site median (8360),1,minor,error,open,,,
rst__sacramento_river__knights_landing__1998__extreme_value__count,7/2/26,rst,sacramento river,knights landing,1998,extreme_value,count,Total catch of 36440 in run year 1998 at knights landing (sacramento river) is 4.4x the site median (8360),1,minor,error,open,,,
rst__sacramento_river__knights_landing__2003__extreme_value__count,7/2/26,rst,sacramento river,knights landing,2003,extreme_value,count,Total catch of 58930 in run year 2003 at knights landing (sacramento river) is 7x the site median (8360),1,minor,error,open,,,
rst__sacramento_river__knights_landing__2008__extreme_value__count,7/2/26,rst,sacramento river,knights landing,2008,extreme_value,count,Total catch of 38792 in run year 2008 at knights landing (sacramento river) is 4.6x the site median (8360),1,minor,error,open,,,
rst__sacramento_river__knights_landing__2014__extreme_value__count,7/2/26,rst,sacramento river,knights landing,2014,extreme_value,count,Total catch of 106696 in run year 2014 at knights landing (sacramento river) is 12.8x the site median (8360),1,minor,error,open,,,
rst__sacramento_river__tisdale__2014__extreme_value__count,7/2/26,rst,sacramento river,tisdale,2014,extreme_value,count,Total catch of 55883 in run year 2014 at tisdale (sacramento river) is 11.3x the site median (4965),1,minor,error,open,,,
rst__yuba_river__hallwood__2000__extreme_value__count,7/2/26,rst,yuba river,hallwood,2000,extreme_value,count,Total catch of 405485 in run year 2000 at hallwood (yuba river) is 4.3x the site median (94247),1,minor,error,open,,,
rst__yuba_river__hallwood__2001__extreme_value__count,7/2/26,rst,yuba river,hallwood,2001,extreme_value,count,Total catch of 554282 in run year 2001 at hallwood (yuba river) is 5.9x the site median (94247),1,minor,error,open,,,
rst__yuba_river__hallwood__2002__extreme_value__count,7/2/26,rst,yuba river,hallwood,2002,extreme_value,count,Total catch of 385800 in run year 2002 at hallwood (yuba river) is 4.1x the site median (94247),1,minor,error,open,,,
rst__yuba_river__hallwood__2007__extreme_value__count,7/2/26,rst,yuba river,hallwood,2007,extreme_value,count,Total catch of 406712 in run year 2007 at hallwood (yuba river) is 4.3x the site median (94247),1,minor,error,open,,,
rst__battle_creek__lbc__1999__extreme_value__count_weekly,7/2/26,rst,battle creek,lbc,1999,extreme_value,count_weekly,16 week(s) with catch above 4X medium (978) in run year 1999 at lbc (battle creek). Max weekly catch: 18531,16,minor,warning,open,,,
rst__battle_creek__lbc__2000__extreme_value__count_weekly,7/2/26,rst,battle creek,lbc,2000,extreme_value,count_weekly,17 week(s) with catch above 4X medium (978) in run year 2000 at lbc (battle creek). Max weekly catch: 139432,17,minor,warning,open,,,
rst__battle_creek__lbc__2001__extreme_value__count_weekly,7/2/26,rst,battle creek,lbc,2001,extreme_value,count_weekly,7 week(s) with catch above 4X medium (978) in run year 2001 at lbc (battle creek). Max weekly catch: 50969,7,minor,warning,open,,,
rst__battle_creek__lbc__2002__extreme_value__count_weekly,7/2/26,rst,battle creek,lbc,2002,extreme_value,count_weekly,17 week(s) with catch above 4X medium (978) in run year 2002 at lbc (battle creek). Max weekly catch: 42824,17,minor,warning,open,,,
rst__battle_creek__lbc__2003__extreme_value__count_weekly,7/2/26,rst,battle creek,lbc,2003,extreme_value,count_weekly,12 week(s) with catch above 4X medium (978) in run year 2003 at lbc (battle creek). Max weekly catch: 11227,12,minor,warning,open,,,
rst__battle_creek__lbc__2004__extreme_value__count_weekly,7/2/26,rst,battle creek,lbc,2004,extreme_value,count_weekly,14 week(s) with catch above 4X medium (978) in run year 2004 at lbc (battle creek). Max weekly catch: 39743,14,minor,warning,open,,,
rst__battle_creek__lbc__2005__extreme_value__count_weekly,7/2/26,rst,battle creek,lbc,2005,extreme_value,count_weekly,18 week(s) with catch above 4X medium (978) in run year 2005 at lbc (battle creek). Max weekly catch: 57378,18,minor,warning,open,,,
rst__battle_creek__lbc__2006__extreme_value__count_weekly,7/2/26,rst,battle creek,lbc,2006,extreme_value,count_weekly,7 week(s) with catch above 4X medium (978) in run year 2006 at lbc (battle creek). Max weekly catch: 3607,7,minor,warning,open,,,
rst__battle_creek__ubc__1999__extreme_value__count_weekly,7/2/26,rst,battle creek,ubc,1999,extreme_value,count_weekly,28 week(s) with catch above 4X medium (12) in run year 1999 at ubc (battle creek). Max weekly catch: 14827,28,minor,warning,open,,,
rst__battle_creek__ubc__2000__extreme_value__count_weekly,7/2/26,rst,battle creek,ubc,2000,extreme_value,count_weekly,21 week(s) with catch above 4X medium (12) in run year 2000 at ubc (battle creek). Max weekly catch: 4437,21,minor,warning,open,,,
rst__battle_creek__ubc__2001__extreme_value__count_weekly,7/2/26,rst,battle creek,ubc,2001,extreme_value,count_weekly,10 week(s) with catch above 4X medium (12) in run year 2001 at ubc (battle creek). Max weekly catch: 405,10,minor,warning,open,,,
rst__battle_creek__ubc__2002__extreme_value__count_weekly,7/2/26,rst,battle creek,ubc,2002,extreme_value,count_weekly,18 week(s) with catch above 4X medium (12) in run year 2002 at ubc (battle creek). Max weekly catch: 90,18,minor,warning,open,,,
rst__battle_creek__ubc__2003__extreme_value__count_weekly,7/2/26,rst,battle creek,ubc,2003,extreme_value,count_weekly,16 week(s) with catch above 4X medium (12) in run year 2003 at ubc (battle creek). Max weekly catch: 232,16,minor,warning,open,,,
rst__battle_creek__ubc__2004__extreme_value__count_weekly,7/2/26,rst,battle creek,ubc,2004,extreme_value,count_weekly,26 week(s) with catch above 4X medium (12) in run year 2004 at ubc (battle creek). Max weekly catch: 2421,26,minor,warning,open,,,
rst__battle_creek__ubc__2005__extreme_value__count_weekly,7/2/26,rst,battle creek,ubc,2005,extreme_value,count_weekly,11 week(s) with catch above 4X medium (12) in run year 2005 at ubc (battle creek). Max weekly catch: 315,11,minor,warning,open,,,
rst__battle_creek__ubc__2006__extreme_value__count_weekly,7/2/26,rst,battle creek,ubc,2006,extreme_value,count_weekly,6 week(s) with catch above 4X medium (12) in run year 2006 at ubc (battle creek). Max weekly catch: 77,6,minor,warning,open,,,
rst__battle_creek__ubc__2007__extreme_value__count_weekly,7/2/26,rst,battle creek,ubc,2007,extreme_value,count_weekly,10 week(s) with catch above 4X medium (12) in run year 2007 at ubc (battle creek). Max weekly catch: 1030,10,minor,warning,open,,,
rst__battle_creek__ubc__2008__extreme_value__count_weekly,7/2/26,rst,battle creek,ubc,2008,extreme_value,count_weekly,17 week(s) with catch above 4X medium (12) in run year 2008 at ubc (battle creek). Max weekly catch: 1152,17,minor,warning,open,,,
rst__battle_creek__ubc__2009__extreme_value__count_weekly,7/2/26,rst,battle creek,ubc,2009,extreme_value,count_weekly,12 week(s) with catch above 4X medium (12) in run year 2009 at ubc (battle creek). Max weekly catch: 281,12,minor,warning,open,,,
rst__battle_creek__ubc__2010__extreme_value__count_weekly,7/2/26,rst,battle creek,ubc,2010,extreme_value,count_weekly,24 week(s) with catch above 4X medium (12) in run year 2010 at ubc (battle creek). Max weekly catch: 3562,24,minor,warning,open,,,
rst__battle_creek__ubc__2011__extreme_value__count_weekly,7/2/26,rst,battle creek,ubc,2011,extreme_value,count_weekly,25 week(s) with catch above 4X medium (12) in run year 2011 at ubc (battle creek). Max weekly catch: 875,25,minor,warning,open,,,
rst__battle_creek__ubc__2012__extreme_value__count_weekly,7/2/26,rst,battle creek,ubc,2012,extreme_value,count_weekly,15 week(s) with catch above 4X medium (12) in run year 2012 at ubc (battle creek). Max weekly catch: 995,15,minor,warning,open,,,
rst__battle_creek__ubc__2013__extreme_value__count_weekly,7/2/26,rst,battle creek,ubc,2013,extreme_value,count_weekly,19 week(s) with catch above 4X medium (12) in run year 2013 at ubc (battle creek). Max weekly catch: 1119,19,minor,warning,open,,,
rst__battle_creek__ubc__2014__extreme_value__count_weekly,7/2/26,rst,battle creek,ubc,2014,extreme_value,count_weekly,25 week(s) with catch above 4X medium (12) in run year 2014 at ubc (battle creek). Max weekly catch: 1613,25,minor,warning,open,,,
rst__battle_creek__ubc__2015__extreme_value__count_weekly,7/2/26,rst,battle creek,ubc,2015,extreme_value,count_weekly,6 week(s) with catch above 4X medium (12) in run year 2015 at ubc (battle creek). Max weekly catch: 81,6,minor,warning,open,,,
rst__battle_creek__ubc__2016__extreme_value__count_weekly,7/2/26,rst,battle creek,ubc,2016,extreme_value,count_weekly,14 week(s) with catch above 4X medium (12) in run year 2016 at ubc (battle creek). Max weekly catch: 494,14,minor,warning,open,,,
rst__battle_creek__ubc__2017__extreme_value__count_weekly,7/2/26,rst,battle creek,ubc,2017,extreme_value,count_weekly,3 week(s) with catch above 4X medium (12) in run year 2017 at ubc (battle creek). Max weekly catch: 137,3,minor,warning,open,,,
rst__battle_creek__ubc__2018__extreme_value__count_weekly,7/2/26,rst,battle creek,ubc,2018,extreme_value,count_weekly,10 week(s) with catch above 4X medium (12) in run year 2018 at ubc (battle creek). Max weekly catch: 97,10,minor,warning,open,,,
rst__battle_creek__ubc__2019__extreme_value__count_weekly,7/2/26,rst,battle creek,ubc,2019,extreme_value,count_weekly,11 week(s) with catch above 4X medium (12) in run year 2019 at ubc (battle creek). Max weekly catch: 367,11,minor,warning,open,,,
rst__battle_creek__ubc__2020__extreme_value__count_weekly,7/2/26,rst,battle creek,ubc,2020,extreme_value,count_weekly,15 week(s) with catch above 4X medium (12) in run year 2020 at ubc (battle creek). Max weekly catch: 198,15,minor,warning,open,,,
rst__battle_creek__ubc__2021__extreme_value__count_weekly,7/2/26,rst,battle creek,ubc,2021,extreme_value,count_weekly,9 week(s) with catch above 4X medium (12) in run year 2021 at ubc (battle creek). Max weekly catch: 761,9,minor,warning,open,,,
rst__battle_creek__ubc__2022__extreme_value__count_weekly,7/2/26,rst,battle creek,ubc,2022,extreme_value,count_weekly,20 week(s) with catch above 4X medium (12) in run year 2022 at ubc (battle creek). Max weekly catch: 785,20,minor,warning,open,,,
rst__battle_creek__ubc__2023__extreme_value__count_weekly,7/2/26,rst,battle creek,ubc,2023,extreme_value,count_weekly,13 week(s) with catch above 4X medium (12) in run year 2023 at ubc (battle creek). Max weekly catch: 525,13,minor,warning,open,,,
rst__battle_creek__ubc__2024__extreme_value__count_weekly,7/2/26,rst,battle creek,ubc,2024,extreme_value,count_weekly,10 week(s) with catch above 4X medium (12) in run year 2024 at ubc (battle creek). Max weekly catch: 66,10,minor,warning,open,,,
rst__battle_creek__ubc__2025__extreme_value__count_weekly,7/2/26,rst,battle creek,ubc,2025,extreme_value,count_weekly,12 week(s) with catch above 4X medium (12) in run year 2025 at ubc (battle creek). Max weekly catch: 212,12,minor,warning,open,,,
rst__battle_creek__ubc__2026__extreme_value__count_weekly,7/2/26,rst,battle creek,ubc,2026,extreme_value,count_weekly,9 week(s) with catch above 4X medium (12) in run year 2026 at ubc (battle creek). Max weekly catch: 1475,9,minor,warning,open,,,
rst__butte_creek__adams_dam__1998__extreme_value__count_weekly,7/2/26,rst,butte creek,adams dam,1998,extreme_value,count_weekly,5 week(s) with catch above 4X medium (36) in run year 1998 at adams dam (butte creek). Max weekly catch: 949,5,minor,warning,open,,,
rst__butte_creek__okie_dam__1996__extreme_value__count_weekly,7/2/26,rst,butte creek,okie dam,1996,extreme_value,count_weekly,9 week(s) with catch above 4X medium (1344) in run year 1996 at okie dam (butte creek). Max weekly catch: 39580,9,minor,warning,open,,,
rst__butte_creek__okie_dam__1998__extreme_value__count_weekly,7/2/26,rst,butte creek,okie dam,1998,extreme_value,count_weekly,1 week(s) with catch above 4X medium (1344) in run year 1998 at okie dam (butte creek). Max weekly catch: 5884,1,minor,warning,open,,,
rst__butte_creek__okie_dam__1999__extreme_value__count_weekly,7/2/26,rst,butte creek,okie dam,1999,extreme_value,count_weekly,15 week(s) with catch above 4X medium (1344) in run year 1999 at okie dam (butte creek). Max weekly catch: 234992,15,minor,warning,open,,,
rst__butte_creek__okie_dam__2000__extreme_value__count_weekly,7/2/26,rst,butte creek,okie dam,2000,extreme_value,count_weekly,7 week(s) with catch above 4X medium (1344) in run year 2000 at okie dam (butte creek). Max weekly catch: 56869,7,minor,warning,open,,,
rst__butte_creek__okie_dam__2001__extreme_value__count_weekly,7/2/26,rst,butte creek,okie dam,2001,extreme_value,count_weekly,23 week(s) with catch above 4X medium (1344) in run year 2001 at okie dam (butte creek). Max weekly catch: 226546,23,minor,warning,open,,,
rst__butte_creek__okie_dam__2002__extreme_value__count_weekly,7/2/26,rst,butte creek,okie dam,2002,extreme_value,count_weekly,24 week(s) with catch above 4X medium (1344) in run year 2002 at okie dam (butte creek). Max weekly catch: 107227,24,minor,warning,open,,,
rst__butte_creek__okie_dam__2003__extreme_value__count_weekly,7/2/26,rst,butte creek,okie dam,2003,extreme_value,count_weekly,9 week(s) with catch above 4X medium (1344) in run year 2003 at okie dam (butte creek). Max weekly catch: 9697,9,minor,warning,open,,,
rst__butte_creek__okie_dam__2004__extreme_value__count_weekly,7/2/26,rst,butte creek,okie dam,2004,extreme_value,count_weekly,20 week(s) with catch above 4X medium (1344) in run year 2004 at okie dam (butte creek). Max weekly catch: 105367,20,minor,warning,open,,,
rst__butte_creek__okie_dam__2005__extreme_value__count_weekly,7/2/26,rst,butte creek,okie dam,2005,extreme_value,count_weekly,6 week(s) with catch above 4X medium (1344) in run year 2005 at okie dam (butte creek). Max weekly catch: 548643,6,minor,warning,open,,,
rst__butte_creek__okie_dam__2006__extreme_value__count_weekly,7/2/26,rst,butte creek,okie dam,2006,extreme_value,count_weekly,7 week(s) with catch above 4X medium (1344) in run year 2006 at okie dam (butte creek). Max weekly catch: 3976,7,minor,warning,open,,,
rst__butte_creek__okie_dam__2007__extreme_value__count_weekly,7/2/26,rst,butte creek,okie dam,2007,extreme_value,count_weekly,13 week(s) with catch above 4X medium (1344) in run year 2007 at okie dam (butte creek). Max weekly catch: 484898,13,minor,warning,open,,,
rst__butte_creek__okie_dam__2008__extreme_value__count_weekly,7/2/26,rst,butte creek,okie dam,2008,extreme_value,count_weekly,14 week(s) with catch above 4X medium (1344) in run year 2008 at okie dam (butte creek). Max weekly catch: 77104,14,minor,warning,open,,,
rst__butte_creek__okie_dam__2013__extreme_value__count_weekly,7/2/26,rst,butte creek,okie dam,2013,extreme_value,count_weekly,9 week(s) with catch above 4X medium (1344) in run year 2013 at okie dam (butte creek). Max weekly catch: 19025,9,minor,warning,open,,,
rst__butte_creek__okie_dam__2014__extreme_value__count_weekly,7/2/26,rst,butte creek,okie dam,2014,extreme_value,count_weekly,13 week(s) with catch above 4X medium (1344) in run year 2014 at okie dam (butte creek). Max weekly catch: 95180,13,minor,warning,open,,,
rst__butte_creek__okie_dam__2015__extreme_value__count_weekly,7/2/26,rst,butte creek,okie dam,2015,extreme_value,count_weekly,2 week(s) with catch above 4X medium (1344) in run year 2015 at okie dam (butte creek). Max weekly catch: 4396,2,minor,warning,open,,,
rst__butte_creek__okie_dam__2018__extreme_value__count_weekly,7/2/26,rst,butte creek,okie dam,2018,extreme_value,count_weekly,10 week(s) with catch above 4X medium (1344) in run year 2018 at okie dam (butte creek). Max weekly catch: 22592,10,minor,warning,open,,,
rst__butte_creek__okie_dam__2020__extreme_value__count_weekly,7/2/26,rst,butte creek,okie dam,2020,extreme_value,count_weekly,19 week(s) with catch above 4X medium (1344) in run year 2020 at okie dam (butte creek). Max weekly catch: 194083,19,minor,warning,open,,,
rst__butte_creek__okie_dam__2021__extreme_value__count_weekly,7/2/26,rst,butte creek,okie dam,2021,extreme_value,count_weekly,15 week(s) with catch above 4X medium (1344) in run year 2021 at okie dam (butte creek). Max weekly catch: 19106,15,minor,warning,open,,,
rst__butte_creek__okie_dam__2022__extreme_value__count_weekly,7/2/26,rst,butte creek,okie dam,2022,extreme_value,count_weekly,5 week(s) with catch above 4X medium (1344) in run year 2022 at okie dam (butte creek). Max weekly catch: 5262,5,minor,warning,open,,,
rst__butte_creek__okie_dam__2023__extreme_value__count_weekly,7/2/26,rst,butte creek,okie dam,2023,extreme_value,count_weekly,4 week(s) with catch above 4X medium (1344) in run year 2023 at okie dam (butte creek). Max weekly catch: 3137,4,minor,warning,open,,,
rst__butte_creek__okie_dam__2024__extreme_value__count_weekly,7/2/26,rst,butte creek,okie dam,2024,extreme_value,count_weekly,2 week(s) with catch above 4X medium (1344) in run year 2024 at okie dam (butte creek). Max weekly catch: 10046,2,minor,warning,open,,,
rst__butte_creek__okie_dam__2026__extreme_value__count_weekly,7/2/26,rst,butte creek,okie dam,2026,extreme_value,count_weekly,5 week(s) with catch above 4X medium (1344) in run year 2026 at okie dam (butte creek). Max weekly catch: 5455,5,minor,warning,open,,,
rst__clear_creek__lcc__1999__extreme_value__count_weekly,7/2/26,rst,clear creek,lcc,1999,extreme_value,count_weekly,24 week(s) with catch above 4X medium (1372) in run year 1999 at lcc (clear creek). Max weekly catch: 108373,24,minor,warning,open,,,
rst__clear_creek__lcc__2000__extreme_value__count_weekly,7/2/26,rst,clear creek,lcc,2000,extreme_value,count_weekly,26 week(s) with catch above 4X medium (1372) in run year 2000 at lcc (clear creek). Max weekly catch: 134385,26,minor,warning,open,,,
rst__clear_creek__lcc__2001__extreme_value__count_weekly,7/2/26,rst,clear creek,lcc,2001,extreme_value,count_weekly,21 week(s) with catch above 4X medium (1372) in run year 2001 at lcc (clear creek). Max weekly catch: 136916,21,minor,warning,open,,,
rst__clear_creek__lcc__2002__extreme_value__count_weekly,7/2/26,rst,clear creek,lcc,2002,extreme_value,count_weekly,25 week(s) with catch above 4X medium (1372) in run year 2002 at lcc (clear creek). Max weekly catch: 73332,25,minor,warning,open,,,
rst__clear_creek__lcc__2003__extreme_value__count_weekly,7/2/26,rst,clear creek,lcc,2003,extreme_value,count_weekly,14 week(s) with catch above 4X medium (1372) in run year 2003 at lcc (clear creek). Max weekly catch: 50284,14,minor,warning,open,,,
rst__clear_creek__lcc__2004__extreme_value__count_weekly,7/2/26,rst,clear creek,lcc,2004,extreme_value,count_weekly,16 week(s) with catch above 4X medium (1372) in run year 2004 at lcc (clear creek). Max weekly catch: 50790,16,minor,warning,open,,,
rst__clear_creek__lcc__2005__extreme_value__count_weekly,7/2/26,rst,clear creek,lcc,2005,extreme_value,count_weekly,18 week(s) with catch above 4X medium (1372) in run year 2005 at lcc (clear creek). Max weekly catch: 55464,18,minor,warning,open,,,
rst__clear_creek__lcc__2006__extreme_value__count_weekly,7/2/26,rst,clear creek,lcc,2006,extreme_value,count_weekly,17 week(s) with catch above 4X medium (1372) in run year 2006 at lcc (clear creek). Max weekly catch: 13826,17,minor,warning,open,,,
rst__clear_creek__lcc__2007__extreme_value__count_weekly,7/2/26,rst,clear creek,lcc,2007,extreme_value,count_weekly,19 week(s) with catch above 4X medium (1372) in run year 2007 at lcc (clear creek). Max weekly catch: 39438,19,minor,warning,open,,,
rst__clear_creek__lcc__2008__extreme_value__count_weekly,7/2/26,rst,clear creek,lcc,2008,extreme_value,count_weekly,16 week(s) with catch above 4X medium (1372) in run year 2008 at lcc (clear creek). Max weekly catch: 35289,16,minor,warning,open,,,
rst__clear_creek__lcc__2009__extreme_value__count_weekly,7/2/26,rst,clear creek,lcc,2009,extreme_value,count_weekly,17 week(s) with catch above 4X medium (1372) in run year 2009 at lcc (clear creek). Max weekly catch: 80669,17,minor,warning,open,,,
rst__clear_creek__lcc__2010__extreme_value__count_weekly,7/2/26,rst,clear creek,lcc,2010,extreme_value,count_weekly,9 week(s) with catch above 4X medium (1372) in run year 2010 at lcc (clear creek). Max weekly catch: 34060,9,minor,warning,open,,,
rst__clear_creek__lcc__2011__extreme_value__count_weekly,7/2/26,rst,clear creek,lcc,2011,extreme_value,count_weekly,13 week(s) with catch above 4X medium (1372) in run year 2011 at lcc (clear creek). Max weekly catch: 45480,13,minor,warning,open,,,
rst__clear_creek__lcc__2012__extreme_value__count_weekly,7/2/26,rst,clear creek,lcc,2012,extreme_value,count_weekly,14 week(s) with catch above 4X medium (1372) in run year 2012 at lcc (clear creek). Max weekly catch: 131711,14,minor,warning,open,,,
rst__clear_creek__lcc__2013__extreme_value__count_weekly,7/2/26,rst,clear creek,lcc,2013,extreme_value,count_weekly,17 week(s) with catch above 4X medium (1372) in run year 2013 at lcc (clear creek). Max weekly catch: 71401,17,minor,warning,open,,,
rst__clear_creek__lcc__2014__extreme_value__count_weekly,7/2/26,rst,clear creek,lcc,2014,extreme_value,count_weekly,18 week(s) with catch above 4X medium (1372) in run year 2014 at lcc (clear creek). Max weekly catch: 273898,18,minor,warning,open,,,
rst__clear_creek__lcc__2015__extreme_value__count_weekly,7/2/26,rst,clear creek,lcc,2015,extreme_value,count_weekly,12 week(s) with catch above 4X medium (1372) in run year 2015 at lcc (clear creek). Max weekly catch: 29185,12,minor,warning,open,,,
rst__clear_creek__lcc__2016__extreme_value__count_weekly,7/2/26,rst,clear creek,lcc,2016,extreme_value,count_weekly,13 week(s) with catch above 4X medium (1372) in run year 2016 at lcc (clear creek). Max weekly catch: 44161,13,minor,warning,open,,,
rst__clear_creek__lcc__2017__extreme_value__count_weekly,7/2/26,rst,clear creek,lcc,2017,extreme_value,count_weekly,9 week(s) with catch above 4X medium (1372) in run year 2017 at lcc (clear creek). Max weekly catch: 12211,9,minor,warning,open,,,
rst__clear_creek__lcc__2018__extreme_value__count_weekly,7/2/26,rst,clear creek,lcc,2018,extreme_value,count_weekly,6 week(s) with catch above 4X medium (1372) in run year 2018 at lcc (clear creek). Max weekly catch: 5569,6,minor,warning,open,,,
rst__clear_creek__lcc__2019__extreme_value__count_weekly,7/2/26,rst,clear creek,lcc,2019,extreme_value,count_weekly,6 week(s) with catch above 4X medium (1372) in run year 2019 at lcc (clear creek). Max weekly catch: 6051,6,minor,warning,open,,,
rst__clear_creek__lcc__2020__extreme_value__count_weekly,7/2/26,rst,clear creek,lcc,2020,extreme_value,count_weekly,13 week(s) with catch above 4X medium (1372) in run year 2020 at lcc (clear creek). Max weekly catch: 19552,13,minor,warning,open,,,
rst__clear_creek__lcc__2021__extreme_value__count_weekly,7/2/26,rst,clear creek,lcc,2021,extreme_value,count_weekly,13 week(s) with catch above 4X medium (1372) in run year 2021 at lcc (clear creek). Max weekly catch: 36300,13,minor,warning,open,,,
rst__clear_creek__lcc__2022__extreme_value__count_weekly,7/2/26,rst,clear creek,lcc,2022,extreme_value,count_weekly,16 week(s) with catch above 4X medium (1372) in run year 2022 at lcc (clear creek). Max weekly catch: 31878,16,minor,warning,open,,,
rst__clear_creek__lcc__2023__extreme_value__count_weekly,7/2/26,rst,clear creek,lcc,2023,extreme_value,count_weekly,2 week(s) with catch above 4X medium (1372) in run year 2023 at lcc (clear creek). Max weekly catch: 2532,2,minor,warning,open,,,
rst__clear_creek__lcc__2024__extreme_value__count_weekly,7/2/26,rst,clear creek,lcc,2024,extreme_value,count_weekly,7 week(s) with catch above 4X medium (1372) in run year 2024 at lcc (clear creek). Max weekly catch: 6846,7,minor,warning,open,,,
rst__clear_creek__lcc__2025__extreme_value__count_weekly,7/2/26,rst,clear creek,lcc,2025,extreme_value,count_weekly,1 week(s) with catch above 4X medium (1372) in run year 2025 at lcc (clear creek). Max weekly catch: 2294,1,minor,warning,open,,,
rst__clear_creek__lcc__2026__extreme_value__count_weekly,7/2/26,rst,clear creek,lcc,2026,extreme_value,count_weekly,9 week(s) with catch above 4X medium (1372) in run year 2026 at lcc (clear creek). Max weekly catch: 16308,9,minor,warning,open,,,
rst__clear_creek__ucc__2004__extreme_value__count_weekly,7/2/26,rst,clear creek,ucc,2004,extreme_value,count_weekly,19 week(s) with catch above 4X medium (8) in run year 2004 at ucc (clear creek). Max weekly catch: 1482,19,minor,warning,open,,,
rst__clear_creek__ucc__2005__extreme_value__count_weekly,7/2/26,rst,clear creek,ucc,2005,extreme_value,count_weekly,24 week(s) with catch above 4X medium (8) in run year 2005 at ucc (clear creek). Max weekly catch: 984,24,minor,warning,open,,,
rst__clear_creek__ucc__2006__extreme_value__count_weekly,7/2/26,rst,clear creek,ucc,2006,extreme_value,count_weekly,14 week(s) with catch above 4X medium (8) in run year 2006 at ucc (clear creek). Max weekly catch: 1091,14,minor,warning,open,,,
rst__clear_creek__ucc__2007__extreme_value__count_weekly,7/2/26,rst,clear creek,ucc,2007,extreme_value,count_weekly,25 week(s) with catch above 4X medium (8) in run year 2007 at ucc (clear creek). Max weekly catch: 2154,25,minor,warning,open,,,
rst__clear_creek__ucc__2008__extreme_value__count_weekly,7/2/26,rst,clear creek,ucc,2008,extreme_value,count_weekly,13 week(s) with catch above 4X medium (8) in run year 2008 at ucc (clear creek). Max weekly catch: 3372,13,minor,warning,open,,,
rst__clear_creek__ucc__2009__extreme_value__count_weekly,7/2/26,rst,clear creek,ucc,2009,extreme_value,count_weekly,16 week(s) with catch above 4X medium (8) in run year 2009 at ucc (clear creek). Max weekly catch: 2590,16,minor,warning,open,,,
rst__clear_creek__ucc__2010__extreme_value__count_weekly,7/2/26,rst,clear creek,ucc,2010,extreme_value,count_weekly,14 week(s) with catch above 4X medium (8) in run year 2010 at ucc (clear creek). Max weekly catch: 1214,14,minor,warning,open,,,
rst__clear_creek__ucc__2011__extreme_value__count_weekly,7/2/26,rst,clear creek,ucc,2011,extreme_value,count_weekly,6 week(s) with catch above 4X medium (8) in run year 2011 at ucc (clear creek). Max weekly catch: 961,6,minor,warning,open,,,
rst__clear_creek__ucc__2012__extreme_value__count_weekly,7/2/26,rst,clear creek,ucc,2012,extreme_value,count_weekly,11 week(s) with catch above 4X medium (8) in run year 2012 at ucc (clear creek). Max weekly catch: 1053,11,minor,warning,open,,,
rst__clear_creek__ucc__2013__extreme_value__count_weekly,7/2/26,rst,clear creek,ucc,2013,extreme_value,count_weekly,11 week(s) with catch above 4X medium (8) in run year 2013 at ucc (clear creek). Max weekly catch: 484,11,minor,warning,open,,,
rst__clear_creek__ucc__2014__extreme_value__count_weekly,7/2/26,rst,clear creek,ucc,2014,extreme_value,count_weekly,19 week(s) with catch above 4X medium (8) in run year 2014 at ucc (clear creek). Max weekly catch: 6182,19,minor,warning,open,,,
rst__clear_creek__ucc__2015__extreme_value__count_weekly,7/2/26,rst,clear creek,ucc,2015,extreme_value,count_weekly,10 week(s) with catch above 4X medium (8) in run year 2015 at ucc (clear creek). Max weekly catch: 1706,10,minor,warning,open,,,
rst__clear_creek__ucc__2016__extreme_value__count_weekly,7/2/26,rst,clear creek,ucc,2016,extreme_value,count_weekly,13 week(s) with catch above 4X medium (8) in run year 2016 at ucc (clear creek). Max weekly catch: 985,13,minor,warning,open,,,
rst__clear_creek__ucc__2017__extreme_value__count_weekly,7/2/26,rst,clear creek,ucc,2017,extreme_value,count_weekly,9 week(s) with catch above 4X medium (8) in run year 2017 at ucc (clear creek). Max weekly catch: 1339,9,minor,warning,open,,,
rst__clear_creek__ucc__2018__extreme_value__count_weekly,7/2/26,rst,clear creek,ucc,2018,extreme_value,count_weekly,11 week(s) with catch above 4X medium (8) in run year 2018 at ucc (clear creek). Max weekly catch: 274,11,minor,warning,open,,,
rst__clear_creek__ucc__2019__extreme_value__count_weekly,7/2/26,rst,clear creek,ucc,2019,extreme_value,count_weekly,4 week(s) with catch above 4X medium (8) in run year 2019 at ucc (clear creek). Max weekly catch: 66,4,minor,warning,open,,,
rst__clear_creek__ucc__2020__extreme_value__count_weekly,7/2/26,rst,clear creek,ucc,2020,extreme_value,count_weekly,10 week(s) with catch above 4X medium (8) in run year 2020 at ucc (clear creek). Max weekly catch: 2810,10,minor,warning,open,,,
rst__clear_creek__ucc__2021__extreme_value__count_weekly,7/2/26,rst,clear creek,ucc,2021,extreme_value,count_weekly,11 week(s) with catch above 4X medium (8) in run year 2021 at ucc (clear creek). Max weekly catch: 2307,11,minor,warning,open,,,
rst__clear_creek__ucc__2022__extreme_value__count_weekly,7/2/26,rst,clear creek,ucc,2022,extreme_value,count_weekly,17 week(s) with catch above 4X medium (8) in run year 2022 at ucc (clear creek). Max weekly catch: 20640,17,minor,warning,open,,,
rst__clear_creek__ucc__2023__extreme_value__count_weekly,7/2/26,rst,clear creek,ucc,2023,extreme_value,count_weekly,7 week(s) with catch above 4X medium (8) in run year 2023 at ucc (clear creek). Max weekly catch: 1515,7,minor,warning,open,,,
rst__clear_creek__ucc__2024__extreme_value__count_weekly,7/2/26,rst,clear creek,ucc,2024,extreme_value,count_weekly,5 week(s) with catch above 4X medium (8) in run year 2024 at ucc (clear creek). Max weekly catch: 295,5,minor,warning,open,,,
rst__clear_creek__ucc__2025__extreme_value__count_weekly,7/2/26,rst,clear creek,ucc,2025,extreme_value,count_weekly,6 week(s) with catch above 4X medium (8) in run year 2025 at ucc (clear creek). Max weekly catch: 209,6,minor,warning,open,,,
rst__clear_creek__ucc__2026__extreme_value__count_weekly,7/2/26,rst,clear creek,ucc,2026,extreme_value,count_weekly,15 week(s) with catch above 4X medium (8) in run year 2026 at ucc (clear creek). Max weekly catch: 2613,15,minor,warning,open,,,
rst__deer_creek__deer_creek__1996__extreme_value__count_weekly,7/2/26,rst,deer creek,deer creek,1996,extreme_value,count_weekly,14 week(s) with catch above 4X medium (80) in run year 1996 at deer creek (deer creek). Max weekly catch: 1146,14,minor,warning,open,,,
rst__deer_creek__deer_creek__1998__extreme_value__count_weekly,7/2/26,rst,deer creek,deer creek,1998,extreme_value,count_weekly,2 week(s) with catch above 4X medium (80) in run year 1998 at deer creek (deer creek). Max weekly catch: 134,2,minor,warning,open,,,
rst__deer_creek__deer_creek__1999__extreme_value__count_weekly,7/2/26,rst,deer creek,deer creek,1999,extreme_value,count_weekly,5 week(s) with catch above 4X medium (80) in run year 1999 at deer creek (deer creek). Max weekly catch: 5758,5,minor,warning,open,,,
rst__deer_creek__deer_creek__2000__extreme_value__count_weekly,7/2/26,rst,deer creek,deer creek,2000,extreme_value,count_weekly,17 week(s) with catch above 4X medium (80) in run year 2000 at deer creek (deer creek). Max weekly catch: 1412,17,minor,warning,open,,,
rst__deer_creek__deer_creek__2001__extreme_value__count_weekly,7/2/26,rst,deer creek,deer creek,2001,extreme_value,count_weekly,15 week(s) with catch above 4X medium (80) in run year 2001 at deer creek (deer creek). Max weekly catch: 553,15,minor,warning,open,,,
rst__deer_creek__deer_creek__2002__extreme_value__count_weekly,7/2/26,rst,deer creek,deer creek,2002,extreme_value,count_weekly,19 week(s) with catch above 4X medium (80) in run year 2002 at deer creek (deer creek). Max weekly catch: 7203,19,minor,warning,open,,,
rst__deer_creek__deer_creek__2003__extreme_value__count_weekly,7/2/26,rst,deer creek,deer creek,2003,extreme_value,count_weekly,12 week(s) with catch above 4X medium (80) in run year 2003 at deer creek (deer creek). Max weekly catch: 597,12,minor,warning,open,,,
rst__deer_creek__deer_creek__2004__extreme_value__count_weekly,7/2/26,rst,deer creek,deer creek,2004,extreme_value,count_weekly,16 week(s) with catch above 4X medium (80) in run year 2004 at deer creek (deer creek). Max weekly catch: 2233,16,minor,warning,open,,,
rst__deer_creek__deer_creek__2005__extreme_value__count_weekly,7/2/26,rst,deer creek,deer creek,2005,extreme_value,count_weekly,20 week(s) with catch above 4X medium (80) in run year 2005 at deer creek (deer creek). Max weekly catch: 5427,20,minor,warning,open,,,
rst__deer_creek__deer_creek__2007__extreme_value__count_weekly,7/2/26,rst,deer creek,deer creek,2007,extreme_value,count_weekly,17 week(s) with catch above 4X medium (80) in run year 2007 at deer creek (deer creek). Max weekly catch: 7621,17,minor,warning,open,,,
rst__deer_creek__deer_creek__2008__extreme_value__count_weekly,7/2/26,rst,deer creek,deer creek,2008,extreme_value,count_weekly,4 week(s) with catch above 4X medium (80) in run year 2008 at deer creek (deer creek). Max weekly catch: 1736,4,minor,warning,open,,,
rst__deer_creek__deer_creek__2009__extreme_value__count_weekly,7/2/26,rst,deer creek,deer creek,2009,extreme_value,count_weekly,1 week(s) with catch above 4X medium (80) in run year 2009 at deer creek (deer creek). Max weekly catch: 98,1,minor,warning,open,,,
rst__deer_creek__deer_creek__2010__extreme_value__count_weekly,7/2/26,rst,deer creek,deer creek,2010,extreme_value,count_weekly,13 week(s) with catch above 4X medium (80) in run year 2010 at deer creek (deer creek). Max weekly catch: 892,13,minor,warning,open,,,
rst__deer_creek__deer_creek__2023__extreme_value__count_weekly,7/2/26,rst,deer creek,deer creek,2023,extreme_value,count_weekly,2 week(s) with catch above 4X medium (80) in run year 2023 at deer creek (deer creek). Max weekly catch: 96,2,minor,warning,open,,,
rst__deer_creek__deer_creek__2024__extreme_value__count_weekly,7/2/26,rst,deer creek,deer creek,2024,extreme_value,count_weekly,2 week(s) with catch above 4X medium (80) in run year 2024 at deer creek (deer creek). Max weekly catch: 277,2,minor,warning,open,,,
rst__feather_river__eye_riffle__1998__extreme_value__count_weekly,7/2/26,rst,feather river,eye riffle,1998,extreme_value,count_weekly,10 week(s) with catch above 4X medium (1348) in run year 1998 at eye riffle (feather river). Max weekly catch: 67204,10,minor,warning,open,,,
rst__feather_river__eye_riffle__1999__extreme_value__count_weekly,7/2/26,rst,feather river,eye riffle,1999,extreme_value,count_weekly,13 week(s) with catch above 4X medium (1348) in run year 1999 at eye riffle (feather river). Max weekly catch: 42885,13,minor,warning,open,,,
rst__feather_river__eye_riffle__2000__extreme_value__count_weekly,7/2/26,rst,feather river,eye riffle,2000,extreme_value,count_weekly,14 week(s) with catch above 4X medium (1348) in run year 2000 at eye riffle (feather river). Max weekly catch: 98072,14,minor,warning,open,,,
rst__feather_river__eye_riffle__2001__extreme_value__count_weekly,7/2/26,rst,feather river,eye riffle,2001,extreme_value,count_weekly,13 week(s) with catch above 4X medium (1348) in run year 2001 at eye riffle (feather river). Max weekly catch: 107650,13,minor,warning,open,,,
rst__feather_river__eye_riffle__2002__extreme_value__count_weekly,7/2/26,rst,feather river,eye riffle,2002,extreme_value,count_weekly,14 week(s) with catch above 4X medium (1348) in run year 2002 at eye riffle (feather river). Max weekly catch: 42209,14,minor,warning,open,,,
rst__feather_river__eye_riffle__2003__extreme_value__count_weekly,7/2/26,rst,feather river,eye riffle,2003,extreme_value,count_weekly,13 week(s) with catch above 4X medium (1348) in run year 2003 at eye riffle (feather river). Max weekly catch: 59354,13,minor,warning,open,,,
rst__feather_river__eye_riffle__2004__extreme_value__count_weekly,7/2/26,rst,feather river,eye riffle,2004,extreme_value,count_weekly,16 week(s) with catch above 4X medium (1348) in run year 2004 at eye riffle (feather river). Max weekly catch: 108677,16,minor,warning,open,,,
rst__feather_river__eye_riffle__2005__extreme_value__count_weekly,7/2/26,rst,feather river,eye riffle,2005,extreme_value,count_weekly,13 week(s) with catch above 4X medium (1348) in run year 2005 at eye riffle (feather river). Max weekly catch: 20515,13,minor,warning,open,,,
rst__feather_river__eye_riffle__2006__extreme_value__count_weekly,7/2/26,rst,feather river,eye riffle,2006,extreme_value,count_weekly,9 week(s) with catch above 4X medium (1348) in run year 2006 at eye riffle (feather river). Max weekly catch: 16108,9,minor,warning,open,,,
rst__feather_river__eye_riffle__2018__extreme_value__count_weekly,7/2/26,rst,feather river,eye riffle,2018,extreme_value,count_weekly,12 week(s) with catch above 4X medium (1348) in run year 2018 at eye riffle (feather river). Max weekly catch: 27684,12,minor,warning,open,,,
rst__feather_river__eye_riffle__2019__extreme_value__count_weekly,7/2/26,rst,feather river,eye riffle,2019,extreme_value,count_weekly,12 week(s) with catch above 4X medium (1348) in run year 2019 at eye riffle (feather river). Max weekly catch: 83515,12,minor,warning,open,,,
rst__feather_river__eye_riffle__2020__extreme_value__count_weekly,7/2/26,rst,feather river,eye riffle,2020,extreme_value,count_weekly,18 week(s) with catch above 4X medium (1348) in run year 2020 at eye riffle (feather river). Max weekly catch: 51311,18,minor,warning,open,,,
rst__feather_river__eye_riffle__2022__extreme_value__count_weekly,7/2/26,rst,feather river,eye riffle,2022,extreme_value,count_weekly,11 week(s) with catch above 4X medium (1348) in run year 2022 at eye riffle (feather river). Max weekly catch: 25119,11,minor,warning,open,,,
rst__feather_river__eye_riffle__2023__extreme_value__count_weekly,7/2/26,rst,feather river,eye riffle,2023,extreme_value,count_weekly,8 week(s) with catch above 4X medium (1348) in run year 2023 at eye riffle (feather river). Max weekly catch: 12044,8,minor,warning,open,,,
rst__feather_river__eye_riffle__2024__extreme_value__count_weekly,7/2/26,rst,feather river,eye riffle,2024,extreme_value,count_weekly,9 week(s) with catch above 4X medium (1348) in run year 2024 at eye riffle (feather river). Max weekly catch: 228175,9,minor,warning,open,,,
rst__feather_river__eye_riffle__2025__extreme_value__count_weekly,7/2/26,rst,feather river,eye riffle,2025,extreme_value,count_weekly,11 week(s) with catch above 4X medium (1348) in run year 2025 at eye riffle (feather river). Max weekly catch: 18102,11,minor,warning,open,,,
rst__feather_river__eye_riffle__2026__extreme_value__count_weekly,7/2/26,rst,feather river,eye riffle,2026,extreme_value,count_weekly,9 week(s) with catch above 4X medium (1348) in run year 2026 at eye riffle (feather river). Max weekly catch: 117594,9,minor,warning,open,,,
rst__feather_river__gateway_riffle__2013__extreme_value__count_weekly,7/2/26,rst,feather river,gateway riffle,2013,extreme_value,count_weekly,8 week(s) with catch above 4X medium (9044) in run year 2013 at gateway riffle (feather river). Max weekly catch: 113208,8,minor,warning,open,,,
rst__feather_river__gateway_riffle__2014__extreme_value__count_weekly,7/2/26,rst,feather river,gateway riffle,2014,extreme_value,count_weekly,10 week(s) with catch above 4X medium (9044) in run year 2014 at gateway riffle (feather river). Max weekly catch: 179473,10,minor,warning,open,,,
rst__feather_river__gateway_riffle__2015__extreme_value__count_weekly,7/2/26,rst,feather river,gateway riffle,2015,extreme_value,count_weekly,8 week(s) with catch above 4X medium (9044) in run year 2015 at gateway riffle (feather river). Max weekly catch: 64750,8,minor,warning,open,,,
rst__feather_river__gateway_riffle__2016__extreme_value__count_weekly,7/2/26,rst,feather river,gateway riffle,2016,extreme_value,count_weekly,8 week(s) with catch above 4X medium (9044) in run year 2016 at gateway riffle (feather river). Max weekly catch: 56571,8,minor,warning,open,,,
rst__feather_river__herringer_riffle__2002__extreme_value__count_weekly,7/2/26,rst,feather river,herringer riffle,2002,extreme_value,count_weekly,10 week(s) with catch above 4X medium (1710) in run year 2002 at herringer riffle (feather river). Max weekly catch: 126249,10,minor,warning,open,,,
rst__feather_river__herringer_riffle__2003__extreme_value__count_weekly,7/2/26,rst,feather river,herringer riffle,2003,extreme_value,count_weekly,15 week(s) with catch above 4X medium (1710) in run year 2003 at herringer riffle (feather river). Max weekly catch: 77003,15,minor,warning,open,,,
rst__feather_river__herringer_riffle__2004__extreme_value__count_weekly,7/2/26,rst,feather river,herringer riffle,2004,extreme_value,count_weekly,19 week(s) with catch above 4X medium (1710) in run year 2004 at herringer riffle (feather river). Max weekly catch: 218571,19,minor,warning,open,,,
rst__feather_river__herringer_riffle__2005__extreme_value__count_weekly,7/2/26,rst,feather river,herringer riffle,2005,extreme_value,count_weekly,16 week(s) with catch above 4X medium (1710) in run year 2005 at herringer riffle (feather river). Max weekly catch: 106273,16,minor,warning,open,,,
rst__feather_river__herringer_riffle__2006__extreme_value__count_weekly,7/2/26,rst,feather river,herringer riffle,2006,extreme_value,count_weekly,3 week(s) with catch above 4X medium (1710) in run year 2006 at herringer riffle (feather river). Max weekly catch: 4090,3,minor,warning,open,,,
rst__feather_river__herringer_riffle__2008__extreme_value__count_weekly,7/2/26,rst,feather river,herringer riffle,2008,extreme_value,count_weekly,12 week(s) with catch above 4X medium (1710) in run year 2008 at herringer riffle (feather river). Max weekly catch: 22870,12,minor,warning,open,,,
rst__feather_river__herringer_riffle__2012__extreme_value__count_weekly,7/2/26,rst,feather river,herringer riffle,2012,extreme_value,count_weekly,11 week(s) with catch above 4X medium (1710) in run year 2012 at herringer riffle (feather river). Max weekly catch: 56025,11,minor,warning,open,,,
rst__feather_river__herringer_riffle__2013__extreme_value__count_weekly,7/2/26,rst,feather river,herringer riffle,2013,extreme_value,count_weekly,16 week(s) with catch above 4X medium (1710) in run year 2013 at herringer riffle (feather river). Max weekly catch: 153529,16,minor,warning,open,,,
rst__feather_river__herringer_riffle__2014__extreme_value__count_weekly,7/2/26,rst,feather river,herringer riffle,2014,extreme_value,count_weekly,12 week(s) with catch above 4X medium (1710) in run year 2014 at herringer riffle (feather river). Max weekly catch: 158464,12,minor,warning,open,,,
rst__feather_river__herringer_riffle__2015__extreme_value__count_weekly,7/2/26,rst,feather river,herringer riffle,2015,extreme_value,count_weekly,11 week(s) with catch above 4X medium (1710) in run year 2015 at herringer riffle (feather river). Max weekly catch: 54804,11,minor,warning,open,,,
rst__feather_river__herringer_riffle__2016__extreme_value__count_weekly,7/2/26,rst,feather river,herringer riffle,2016,extreme_value,count_weekly,2 week(s) with catch above 4X medium (1710) in run year 2016 at herringer riffle (feather river). Max weekly catch: 5680,2,minor,warning,open,,,
rst__feather_river__herringer_riffle__2017__extreme_value__count_weekly,7/2/26,rst,feather river,herringer riffle,2017,extreme_value,count_weekly,1 week(s) with catch above 4X medium (1710) in run year 2017 at herringer riffle (feather river). Max weekly catch: 1732,1,minor,warning,open,,,
rst__feather_river__herringer_riffle__2018__extreme_value__count_weekly,7/2/26,rst,feather river,herringer riffle,2018,extreme_value,count_weekly,1 week(s) with catch above 4X medium (1710) in run year 2018 at herringer riffle (feather river). Max weekly catch: 1736,1,minor,warning,open,,,
rst__feather_river__herringer_riffle__2019__extreme_value__count_weekly,7/2/26,rst,feather river,herringer riffle,2019,extreme_value,count_weekly,8 week(s) with catch above 4X medium (1710) in run year 2019 at herringer riffle (feather river). Max weekly catch: 67262,8,minor,warning,open,,,
rst__feather_river__herringer_riffle__2020__extreme_value__count_weekly,7/2/26,rst,feather river,herringer riffle,2020,extreme_value,count_weekly,10 week(s) with catch above 4X medium (1710) in run year 2020 at herringer riffle (feather river). Max weekly catch: 7314,10,minor,warning,open,,,
rst__feather_river__herringer_riffle__2022__extreme_value__count_weekly,7/2/26,rst,feather river,herringer riffle,2022,extreme_value,count_weekly,5 week(s) with catch above 4X medium (1710) in run year 2022 at herringer riffle (feather river). Max weekly catch: 4411,5,minor,warning,open,,,
rst__feather_river__herringer_riffle__2023__extreme_value__count_weekly,7/2/26,rst,feather river,herringer riffle,2023,extreme_value,count_weekly,6 week(s) with catch above 4X medium (1710) in run year 2023 at herringer riffle (feather river). Max weekly catch: 9596,6,minor,warning,open,,,
rst__feather_river__herringer_riffle__2024__extreme_value__count_weekly,7/2/26,rst,feather river,herringer riffle,2024,extreme_value,count_weekly,8 week(s) with catch above 4X medium (1710) in run year 2024 at herringer riffle (feather river). Max weekly catch: 11216,8,minor,warning,open,,,
rst__feather_river__herringer_riffle__2025__extreme_value__count_weekly,7/2/26,rst,feather river,herringer riffle,2025,extreme_value,count_weekly,6 week(s) with catch above 4X medium (1710) in run year 2025 at herringer riffle (feather river). Max weekly catch: 8837,6,minor,warning,open,,,
rst__feather_river__herringer_riffle__2026__extreme_value__count_weekly,7/2/26,rst,feather river,herringer riffle,2026,extreme_value,count_weekly,6 week(s) with catch above 4X medium (1710) in run year 2026 at herringer riffle (feather river). Max weekly catch: 19058,6,minor,warning,open,,,
rst__feather_river__live_oak__1998__extreme_value__count_weekly,7/2/26,rst,feather river,live oak,1998,extreme_value,count_weekly,11 week(s) with catch above 4X medium (1048) in run year 1998 at live oak (feather river). Max weekly catch: 17338,11,minor,warning,open,,,
rst__feather_river__live_oak__1999__extreme_value__count_weekly,7/2/26,rst,feather river,live oak,1999,extreme_value,count_weekly,17 week(s) with catch above 4X medium (1048) in run year 1999 at live oak (feather river). Max weekly catch: 81793,17,minor,warning,open,,,
rst__feather_river__live_oak__2000__extreme_value__count_weekly,7/2/26,rst,feather river,live oak,2000,extreme_value,count_weekly,12 week(s) with catch above 4X medium (1048) in run year 2000 at live oak (feather river). Max weekly catch: 18898,12,minor,warning,open,,,
rst__feather_river__live_oak__2001__extreme_value__count_weekly,7/2/26,rst,feather river,live oak,2001,extreme_value,count_weekly,13 week(s) with catch above 4X medium (1048) in run year 2001 at live oak (feather river). Max weekly catch: 40861,13,minor,warning,open,,,
rst__feather_river__live_oak__2002__extreme_value__count_weekly,7/2/26,rst,feather river,live oak,2002,extreme_value,count_weekly,1 week(s) with catch above 4X medium (1048) in run year 2002 at live oak (feather river). Max weekly catch: 3256,1,minor,warning,open,,,
rst__feather_river__steep_riffle__2007__extreme_value__count_weekly,7/2/26,rst,feather river,steep riffle,2007,extreme_value,count_weekly,14 week(s) with catch above 4X medium (8448) in run year 2007 at steep riffle (feather river). Max weekly catch: 57607,14,minor,warning,open,,,
rst__feather_river__steep_riffle__2008__extreme_value__count_weekly,7/2/26,rst,feather river,steep riffle,2008,extreme_value,count_weekly,18 week(s) with catch above 4X medium (8448) in run year 2008 at steep riffle (feather river). Max weekly catch: 55110,18,minor,warning,open,,,
rst__feather_river__steep_riffle__2009__extreme_value__count_weekly,7/2/26,rst,feather river,steep riffle,2009,extreme_value,count_weekly,15 week(s) with catch above 4X medium (8448) in run year 2009 at steep riffle (feather river). Max weekly catch: 106016,15,minor,warning,open,,,
rst__feather_river__steep_riffle__2010__extreme_value__count_weekly,7/2/26,rst,feather river,steep riffle,2010,extreme_value,count_weekly,11 week(s) with catch above 4X medium (8448) in run year 2010 at steep riffle (feather river). Max weekly catch: 48689,11,minor,warning,open,,,
rst__feather_river__steep_riffle__2011__extreme_value__count_weekly,7/2/26,rst,feather river,steep riffle,2011,extreme_value,count_weekly,12 week(s) with catch above 4X medium (8448) in run year 2011 at steep riffle (feather river). Max weekly catch: 425318,12,minor,warning,open,,,
rst__feather_river__steep_riffle__2012__extreme_value__count_weekly,7/2/26,rst,feather river,steep riffle,2012,extreme_value,count_weekly,10 week(s) with catch above 4X medium (8448) in run year 2012 at steep riffle (feather river). Max weekly catch: 226549,10,minor,warning,open,,,
rst__feather_river__steep_riffle__2015__extreme_value__count_weekly,7/2/26,rst,feather river,steep riffle,2015,extreme_value,count_weekly,2 week(s) with catch above 4X medium (8448) in run year 2015 at steep riffle (feather river). Max weekly catch: 15864,2,minor,warning,open,,,
rst__feather_river__sunset_pumps__2007__extreme_value__count_weekly,7/2/26,rst,feather river,sunset pumps,2007,extreme_value,count_weekly,14 week(s) with catch above 4X medium (520) in run year 2007 at sunset pumps (feather river). Max weekly catch: 15768,14,minor,warning,open,,,
rst__feather_river__sunset_pumps__2008__extreme_value__count_weekly,7/2/26,rst,feather river,sunset pumps,2008,extreme_value,count_weekly,2 week(s) with catch above 4X medium (520) in run year 2008 at sunset pumps (feather river). Max weekly catch: 1718,2,minor,warning,open,,,
rst__feather_river__sunset_pumps__2009__extreme_value__count_weekly,7/2/26,rst,feather river,sunset pumps,2009,extreme_value,count_weekly,13 week(s) with catch above 4X medium (520) in run year 2009 at sunset pumps (feather river). Max weekly catch: 9635,13,minor,warning,open,,,
rst__feather_river__sunset_pumps__2010__extreme_value__count_weekly,7/2/26,rst,feather river,sunset pumps,2010,extreme_value,count_weekly,13 week(s) with catch above 4X medium (520) in run year 2010 at sunset pumps (feather river). Max weekly catch: 3646,13,minor,warning,open,,,
rst__feather_river__sunset_pumps__2011__extreme_value__count_weekly,7/2/26,rst,feather river,sunset pumps,2011,extreme_value,count_weekly,9 week(s) with catch above 4X medium (520) in run year 2011 at sunset pumps (feather river). Max weekly catch: 38866,9,minor,warning,open,,,
rst__mill_creek__mill_creek__1996__extreme_value__count_weekly,7/2/26,rst,mill creek,mill creek,1996,extreme_value,count_weekly,7 week(s) with catch above 4X medium (72) in run year 1996 at mill creek (mill creek). Max weekly catch: 854,7,minor,warning,open,,,
rst__mill_creek__mill_creek__1998__extreme_value__count_weekly,7/2/26,rst,mill creek,mill creek,1998,extreme_value,count_weekly,2 week(s) with catch above 4X medium (72) in run year 1998 at mill creek (mill creek). Max weekly catch: 134,2,minor,warning,open,,,
rst__mill_creek__mill_creek__1999__extreme_value__count_weekly,7/2/26,rst,mill creek,mill creek,1999,extreme_value,count_weekly,5 week(s) with catch above 4X medium (72) in run year 1999 at mill creek (mill creek). Max weekly catch: 5758,5,minor,warning,open,,,
rst__mill_creek__mill_creek__2000__extreme_value__count_weekly,7/2/26,rst,mill creek,mill creek,2000,extreme_value,count_weekly,16 week(s) with catch above 4X medium (72) in run year 2000 at mill creek (mill creek). Max weekly catch: 1412,16,minor,warning,open,,,
rst__mill_creek__mill_creek__2001__extreme_value__count_weekly,7/2/26,rst,mill creek,mill creek,2001,extreme_value,count_weekly,16 week(s) with catch above 4X medium (72) in run year 2001 at mill creek (mill creek). Max weekly catch: 553,16,minor,warning,open,,,
rst__mill_creek__mill_creek__2002__extreme_value__count_weekly,7/2/26,rst,mill creek,mill creek,2002,extreme_value,count_weekly,21 week(s) with catch above 4X medium (72) in run year 2002 at mill creek (mill creek). Max weekly catch: 7203,21,minor,warning,open,,,
rst__mill_creek__mill_creek__2003__extreme_value__count_weekly,7/2/26,rst,mill creek,mill creek,2003,extreme_value,count_weekly,8 week(s) with catch above 4X medium (72) in run year 2003 at mill creek (mill creek). Max weekly catch: 597,8,minor,warning,open,,,
rst__mill_creek__mill_creek__2004__extreme_value__count_weekly,7/2/26,rst,mill creek,mill creek,2004,extreme_value,count_weekly,9 week(s) with catch above 4X medium (72) in run year 2004 at mill creek (mill creek). Max weekly catch: 1608,9,minor,warning,open,,,
rst__mill_creek__mill_creek__2005__extreme_value__count_weekly,7/2/26,rst,mill creek,mill creek,2005,extreme_value,count_weekly,21 week(s) with catch above 4X medium (72) in run year 2005 at mill creek (mill creek). Max weekly catch: 5427,21,minor,warning,open,,,
rst__mill_creek__mill_creek__2007__extreme_value__count_weekly,7/2/26,rst,mill creek,mill creek,2007,extreme_value,count_weekly,21 week(s) with catch above 4X medium (72) in run year 2007 at mill creek (mill creek). Max weekly catch: 7740,21,minor,warning,open,,,
rst__mill_creek__mill_creek__2008__extreme_value__count_weekly,7/2/26,rst,mill creek,mill creek,2008,extreme_value,count_weekly,15 week(s) with catch above 4X medium (72) in run year 2008 at mill creek (mill creek). Max weekly catch: 2174,15,minor,warning,open,,,
rst__mill_creek__mill_creek__2009__extreme_value__count_weekly,7/2/26,rst,mill creek,mill creek,2009,extreme_value,count_weekly,1 week(s) with catch above 4X medium (72) in run year 2009 at mill creek (mill creek). Max weekly catch: 101,1,minor,warning,open,,,
rst__mill_creek__mill_creek__2010__extreme_value__count_weekly,7/2/26,rst,mill creek,mill creek,2010,extreme_value,count_weekly,15 week(s) with catch above 4X medium (72) in run year 2010 at mill creek (mill creek). Max weekly catch: 739,15,minor,warning,open,,,
rst__mill_creek__mill_creek__2022__extreme_value__count_weekly,7/2/26,rst,mill creek,mill creek,2022,extreme_value,count_weekly,7 week(s) with catch above 4X medium (72) in run year 2022 at mill creek (mill creek). Max weekly catch: 258,7,minor,warning,open,,,
rst__mill_creek__mill_creek__2023__extreme_value__count_weekly,7/2/26,rst,mill creek,mill creek,2023,extreme_value,count_weekly,3 week(s) with catch above 4X medium (72) in run year 2023 at mill creek (mill creek). Max weekly catch: 254,3,minor,warning,open,,,
rst__mill_creek__mill_creek__2024__extreme_value__count_weekly,7/2/26,rst,mill creek,mill creek,2024,extreme_value,count_weekly,4 week(s) with catch above 4X medium (72) in run year 2024 at mill creek (mill creek). Max weekly catch: 96,4,minor,warning,open,,,
rst__sacramento_river__knights_landing__1996__extreme_value__count_weekly,7/2/26,rst,sacramento river,knights landing,1996,extreme_value,count_weekly,2 week(s) with catch above 4X medium (40) in run year 1996 at knights landing (sacramento river). Max weekly catch: 55,2,minor,warning,open,,,
rst__sacramento_river__knights_landing__1997__extreme_value__count_weekly,7/2/26,rst,sacramento river,knights landing,1997,extreme_value,count_weekly,25 week(s) with catch above 4X medium (40) in run year 1997 at knights landing (sacramento river). Max weekly catch: 2776,25,minor,warning,open,,,
rst__sacramento_river__knights_landing__1998__extreme_value__count_weekly,7/2/26,rst,sacramento river,knights landing,1998,extreme_value,count_weekly,28 week(s) with catch above 4X medium (40) in run year 1998 at knights landing (sacramento river). Max weekly catch: 3985,28,minor,warning,open,,,
rst__sacramento_river__knights_landing__1999__extreme_value__count_weekly,7/2/26,rst,sacramento river,knights landing,1999,extreme_value,count_weekly,25 week(s) with catch above 4X medium (40) in run year 1999 at knights landing (sacramento river). Max weekly catch: 3120,25,minor,warning,open,,,
rst__sacramento_river__knights_landing__2000__extreme_value__count_weekly,7/2/26,rst,sacramento river,knights landing,2000,extreme_value,count_weekly,14 week(s) with catch above 4X medium (40) in run year 2000 at knights landing (sacramento river). Max weekly catch: 1742,14,minor,warning,open,,,
rst__sacramento_river__knights_landing__2001__extreme_value__count_weekly,7/2/26,rst,sacramento river,knights landing,2001,extreme_value,count_weekly,18 week(s) with catch above 4X medium (40) in run year 2001 at knights landing (sacramento river). Max weekly catch: 4953,18,minor,warning,open,,,
rst__sacramento_river__knights_landing__2003__extreme_value__count_weekly,7/2/26,rst,sacramento river,knights landing,2003,extreme_value,count_weekly,23 week(s) with catch above 4X medium (40) in run year 2003 at knights landing (sacramento river). Max weekly catch: 11010,23,minor,warning,open,,,
rst__sacramento_river__knights_landing__2004__extreme_value__count_weekly,7/2/26,rst,sacramento river,knights landing,2004,extreme_value,count_weekly,7 week(s) with catch above 4X medium (40) in run year 2004 at knights landing (sacramento river). Max weekly catch: 2334,7,minor,warning,open,,,
rst__sacramento_river__knights_landing__2005__extreme_value__count_weekly,7/2/26,rst,sacramento river,knights landing,2005,extreme_value,count_weekly,9 week(s) with catch above 4X medium (40) in run year 2005 at knights landing (sacramento river). Max weekly catch: 17357,9,minor,warning,open,,,
rst__sacramento_river__knights_landing__2007__extreme_value__count_weekly,7/2/26,rst,sacramento river,knights landing,2007,extreme_value,count_weekly,16 week(s) with catch above 4X medium (40) in run year 2007 at knights landing (sacramento river). Max weekly catch: 11906,16,minor,warning,open,,,
rst__sacramento_river__knights_landing__2008__extreme_value__count_weekly,7/2/26,rst,sacramento river,knights landing,2008,extreme_value,count_weekly,14 week(s) with catch above 4X medium (40) in run year 2008 at knights landing (sacramento river). Max weekly catch: 10696,14,minor,warning,open,,,
rst__sacramento_river__knights_landing__2009__extreme_value__count_weekly,7/2/26,rst,sacramento river,knights landing,2009,extreme_value,count_weekly,14 week(s) with catch above 4X medium (40) in run year 2009 at knights landing (sacramento river). Max weekly catch: 11880,14,minor,warning,open,,,
rst__sacramento_river__knights_landing__2010__extreme_value__count_weekly,7/2/26,rst,sacramento river,knights landing,2010,extreme_value,count_weekly,13 week(s) with catch above 4X medium (40) in run year 2010 at knights landing (sacramento river). Max weekly catch: 5435,13,minor,warning,open,,,
rst__sacramento_river__knights_landing__2011__extreme_value__count_weekly,7/2/26,rst,sacramento river,knights landing,2011,extreme_value,count_weekly,21 week(s) with catch above 4X medium (40) in run year 2011 at knights landing (sacramento river). Max weekly catch: 1214,21,minor,warning,open,,,
rst__sacramento_river__knights_landing__2012__extreme_value__count_weekly,7/2/26,rst,sacramento river,knights landing,2012,extreme_value,count_weekly,13 week(s) with catch above 4X medium (40) in run year 2012 at knights landing (sacramento river). Max weekly catch: 6797,13,minor,warning,open,,,
rst__sacramento_river__knights_landing__2013__extreme_value__count_weekly,7/2/26,rst,sacramento river,knights landing,2013,extreme_value,count_weekly,4 week(s) with catch above 4X medium (40) in run year 2013 at knights landing (sacramento river). Max weekly catch: 932,4,minor,warning,open,,,
rst__sacramento_river__knights_landing__2014__extreme_value__count_weekly,7/2/26,rst,sacramento river,knights landing,2014,extreme_value,count_weekly,11 week(s) with catch above 4X medium (40) in run year 2014 at knights landing (sacramento river). Max weekly catch: 49062,11,minor,warning,open,,,
rst__sacramento_river__knights_landing__2015__extreme_value__count_weekly,7/2/26,rst,sacramento river,knights landing,2015,extreme_value,count_weekly,7 week(s) with catch above 4X medium (40) in run year 2015 at knights landing (sacramento river). Max weekly catch: 4445,7,minor,warning,open,,,
rst__sacramento_river__knights_landing__2016__extreme_value__count_weekly,7/2/26,rst,sacramento river,knights landing,2016,extreme_value,count_weekly,13 week(s) with catch above 4X medium (40) in run year 2016 at knights landing (sacramento river). Max weekly catch: 6007,13,minor,warning,open,,,
rst__sacramento_river__knights_landing__2017__extreme_value__count_weekly,7/2/26,rst,sacramento river,knights landing,2017,extreme_value,count_weekly,20 week(s) with catch above 4X medium (40) in run year 2017 at knights landing (sacramento river). Max weekly catch: 1375,20,minor,warning,open,,,
rst__sacramento_river__knights_landing__2018__extreme_value__count_weekly,7/2/26,rst,sacramento river,knights landing,2018,extreme_value,count_weekly,2 week(s) with catch above 4X medium (40) in run year 2018 at knights landing (sacramento river). Max weekly catch: 367,2,minor,warning,open,,,
rst__sacramento_river__knights_landing__2019__extreme_value__count_weekly,7/2/26,rst,sacramento river,knights landing,2019,extreme_value,count_weekly,18 week(s) with catch above 4X medium (40) in run year 2019 at knights landing (sacramento river). Max weekly catch: 1251,18,minor,warning,open,,,
rst__sacramento_river__knights_landing__2020__extreme_value__count_weekly,7/2/26,rst,sacramento river,knights landing,2020,extreme_value,count_weekly,10 week(s) with catch above 4X medium (40) in run year 2020 at knights landing (sacramento river). Max weekly catch: 1278,10,minor,warning,open,,,
rst__sacramento_river__knights_landing__2021__extreme_value__count_weekly,7/2/26,rst,sacramento river,knights landing,2021,extreme_value,count_weekly,10 week(s) with catch above 4X medium (40) in run year 2021 at knights landing (sacramento river). Max weekly catch: 724,10,minor,warning,open,,,
rst__sacramento_river__knights_landing__2022__extreme_value__count_weekly,7/2/26,rst,sacramento river,knights landing,2022,extreme_value,count_weekly,10 week(s) with catch above 4X medium (40) in run year 2022 at knights landing (sacramento river). Max weekly catch: 824,10,minor,warning,open,,,
rst__sacramento_river__knights_landing__2023__extreme_value__count_weekly,7/2/26,rst,sacramento river,knights landing,2023,extreme_value,count_weekly,19 week(s) with catch above 4X medium (40) in run year 2023 at knights landing (sacramento river). Max weekly catch: 2556,19,minor,warning,open,,,
rst__sacramento_river__knights_landing__2024__extreme_value__count_weekly,7/2/26,rst,sacramento river,knights landing,2024,extreme_value,count_weekly,17 week(s) with catch above 4X medium (40) in run year 2024 at knights landing (sacramento river). Max weekly catch: 2594,17,minor,warning,open,,,
rst__sacramento_river__knights_landing__2025__extreme_value__count_weekly,7/2/26,rst,sacramento river,knights landing,2025,extreme_value,count_weekly,17 week(s) with catch above 4X medium (40) in run year 2025 at knights landing (sacramento river). Max weekly catch: 945,17,minor,warning,open,,,
rst__sacramento_river__knights_landing__2026__extreme_value__count_weekly,7/2/26,rst,sacramento river,knights landing,2026,extreme_value,count_weekly,7 week(s) with catch above 4X medium (40) in run year 2026 at knights landing (sacramento river). Max weekly catch: 6417,7,minor,warning,open,,,
rst__sacramento_river__tisdale__2010__extreme_value__count_weekly,7/2/26,rst,sacramento river,tisdale,2010,extreme_value,count_weekly,2 week(s) with catch above 4X medium (16) in run year 2010 at tisdale (sacramento river). Max weekly catch: 84,2,minor,warning,open,,,
rst__sacramento_river__tisdale__2011__extreme_value__count_weekly,7/2/26,rst,sacramento river,tisdale,2011,extreme_value,count_weekly,27 week(s) with catch above 4X medium (16) in run year 2011 at tisdale (sacramento river). Max weekly catch: 1376,27,minor,warning,open,,,
rst__sacramento_river__tisdale__2013__extreme_value__count_weekly,7/2/26,rst,sacramento river,tisdale,2013,extreme_value,count_weekly,8 week(s) with catch above 4X medium (16) in run year 2013 at tisdale (sacramento river). Max weekly catch: 888,8,minor,warning,open,,,
rst__sacramento_river__tisdale__2014__extreme_value__count_weekly,7/2/26,rst,sacramento river,tisdale,2014,extreme_value,count_weekly,14 week(s) with catch above 4X medium (16) in run year 2014 at tisdale (sacramento river). Max weekly catch: 28183,14,minor,warning,open,,,
rst__sacramento_river__tisdale__2015__extreme_value__count_weekly,7/2/26,rst,sacramento river,tisdale,2015,extreme_value,count_weekly,11 week(s) with catch above 4X medium (16) in run year 2015 at tisdale (sacramento river). Max weekly catch: 4184,11,minor,warning,open,,,
rst__sacramento_river__tisdale__2016__extreme_value__count_weekly,7/2/26,rst,sacramento river,tisdale,2016,extreme_value,count_weekly,19 week(s) with catch above 4X medium (16) in run year 2016 at tisdale (sacramento river). Max weekly catch: 3320,19,minor,warning,open,,,
rst__sacramento_river__tisdale__2017__extreme_value__count_weekly,7/2/26,rst,sacramento river,tisdale,2017,extreme_value,count_weekly,16 week(s) with catch above 4X medium (16) in run year 2017 at tisdale (sacramento river). Max weekly catch: 1027,16,minor,warning,open,,,
rst__sacramento_river__tisdale__2018__extreme_value__count_weekly,7/2/26,rst,sacramento river,tisdale,2018,extreme_value,count_weekly,7 week(s) with catch above 4X medium (16) in run year 2018 at tisdale (sacramento river). Max weekly catch: 54,7,minor,warning,open,,,
rst__sacramento_river__tisdale__2019__extreme_value__count_weekly,7/2/26,rst,sacramento river,tisdale,2019,extreme_value,count_weekly,17 week(s) with catch above 4X medium (16) in run year 2019 at tisdale (sacramento river). Max weekly catch: 570,17,minor,warning,open,,,
rst__sacramento_river__tisdale__2020__extreme_value__count_weekly,7/2/26,rst,sacramento river,tisdale,2020,extreme_value,count_weekly,12 week(s) with catch above 4X medium (16) in run year 2020 at tisdale (sacramento river). Max weekly catch: 2759,12,minor,warning,open,,,
rst__sacramento_river__tisdale__2021__extreme_value__count_weekly,7/2/26,rst,sacramento river,tisdale,2021,extreme_value,count_weekly,13 week(s) with catch above 4X medium (16) in run year 2021 at tisdale (sacramento river). Max weekly catch: 1568,13,minor,warning,open,,,
rst__sacramento_river__tisdale__2022__extreme_value__count_weekly,7/2/26,rst,sacramento river,tisdale,2022,extreme_value,count_weekly,16 week(s) with catch above 4X medium (16) in run year 2022 at tisdale (sacramento river). Max weekly catch: 1448,16,minor,warning,open,,,
rst__sacramento_river__tisdale__2023__extreme_value__count_weekly,7/2/26,rst,sacramento river,tisdale,2023,extreme_value,count_weekly,21 week(s) with catch above 4X medium (16) in run year 2023 at tisdale (sacramento river). Max weekly catch: 1614,21,minor,warning,open,,,
rst__sacramento_river__tisdale__2024__extreme_value__count_weekly,7/2/26,rst,sacramento river,tisdale,2024,extreme_value,count_weekly,20 week(s) with catch above 4X medium (16) in run year 2024 at tisdale (sacramento river). Max weekly catch: 1924,20,minor,warning,open,,,
rst__yuba_river__hallwood__2000__extreme_value__count_weekly,7/2/26,rst,yuba river,hallwood,2000,extreme_value,count_weekly,16 week(s) with catch above 4X medium (1952) in run year 2000 at hallwood (yuba river). Max weekly catch: 124592,16,minor,warning,open,,,
rst__yuba_river__hallwood__2001__extreme_value__count_weekly,7/2/26,rst,yuba river,hallwood,2001,extreme_value,count_weekly,19 week(s) with catch above 4X medium (1952) in run year 2001 at hallwood (yuba river). Max weekly catch: 98920,19,minor,warning,open,,,
rst__yuba_river__hallwood__2002__extreme_value__count_weekly,7/2/26,rst,yuba river,hallwood,2002,extreme_value,count_weekly,19 week(s) with catch above 4X medium (1952) in run year 2002 at hallwood (yuba river). Max weekly catch: 54655,19,minor,warning,open,,,
rst__yuba_river__hallwood__2004__extreme_value__count_weekly,7/2/26,rst,yuba river,hallwood,2004,extreme_value,count_weekly,14 week(s) with catch above 4X medium (1952) in run year 2004 at hallwood (yuba river). Max weekly catch: 46536,14,minor,warning,open,,,
rst__yuba_river__hallwood__2005__extreme_value__count_weekly,7/2/26,rst,yuba river,hallwood,2005,extreme_value,count_weekly,17 week(s) with catch above 4X medium (1952) in run year 2005 at hallwood (yuba river). Max weekly catch: 49893,17,minor,warning,open,,,
rst__yuba_river__hallwood__2006__extreme_value__count_weekly,7/2/26,rst,yuba river,hallwood,2006,extreme_value,count_weekly,4 week(s) with catch above 4X medium (1952) in run year 2006 at hallwood (yuba river). Max weekly catch: 33021,4,minor,warning,open,,,
rst__yuba_river__hallwood__2007__extreme_value__count_weekly,7/2/26,rst,yuba river,hallwood,2007,extreme_value,count_weekly,23 week(s) with catch above 4X medium (1952) in run year 2007 at hallwood (yuba river). Max weekly catch: 74472,23,minor,warning,open,,,
rst__yuba_river__hallwood__2008__extreme_value__count_weekly,7/2/26,rst,yuba river,hallwood,2008,extreme_value,count_weekly,22 week(s) with catch above 4X medium (1952) in run year 2008 at hallwood (yuba river). Max weekly catch: 38306,22,minor,warning,open,,,
rst__yuba_river__hallwood__2009__extreme_value__count_weekly,7/2/26,rst,yuba river,hallwood,2009,extreme_value,count_weekly,11 week(s) with catch above 4X medium (1952) in run year 2009 at hallwood (yuba river). Max weekly catch: 7948,11,minor,warning,open,,,
rst__yuba_river__hallwood__2024__extreme_value__count_weekly,7/2/26,rst,yuba river,hallwood,2024,extreme_value,count_weekly,10 week(s) with catch above 4X medium (1952) in run year 2024 at hallwood (yuba river). Max weekly catch: 28416,10,minor,warning,open,,,
rst__yuba_river__hallwood__2026__extreme_value__count_weekly,7/2/26,rst,yuba river,hallwood,2026,extreme_value,count_weekly,6 week(s) with catch above 4X medium (1952) in run year 2026 at hallwood (yuba river). Max weekly catch: 6006,6,minor,warning,open,,,
rst__battle_creek__lbc__2016__low_sampling_effort__weeks_sampled,7/2/26,rst,battle creek,lbc,2016,low_sampling_effort,weeks_sampled,Only 1 week(s) sampled in BTSPAS window for run year 2016 at lbc (battle creek). Already excluded from modeling: TRUE,1,moderate,error,open,,,
rst__feather_river__herringer_riffle__2010__low_sampling_effort__weeks_sampled,7/2/26,rst,feather river,herringer riffle,2010,low_sampling_effort,weeks_sampled,Only 2 week(s) sampled in BTSPAS window for run year 2010 at herringer riffle (feather river). Already excluded from modeling: TRUE,2,moderate,error,open,,,
rst__feather_river__herringer_riffle__2011__low_sampling_effort__weeks_sampled,7/2/26,rst,feather river,herringer riffle,2011,low_sampling_effort,weeks_sampled,Only 1 week(s) sampled in BTSPAS window for run year 2011 at herringer riffle (feather river). Already excluded from modeling: TRUE,1,moderate,error,open,,,
rst__feather_river__steep_riffle__2013__low_sampling_effort__weeks_sampled,7/2/26,rst,feather river,steep riffle,2013,low_sampling_effort,weeks_sampled,Only 2 week(s) sampled in BTSPAS window for run year 2013 at steep riffle (feather river). Already excluded from modeling: TRUE,2,moderate,error,open,,,
rst__mill_creek__mill_creek__2021__low_sampling_effort__weeks_sampled,7/2/26,rst,mill creek,mill creek,2021,low_sampling_effort,weeks_sampled,Only 1 week(s) sampled in BTSPAS window for run year 2021 at mill creek (mill creek). Already excluded from modeling: TRUE,1,moderate,error,open,,,
rst__butte_creek__okie_dam__1996__implausible_value__hours_fished,7/2/26,rst,butte creek,okie dam,1996,implausible_value,hours_fished,15 week(s) with hours_fished > 168 (impossible for a 7-day week) in run year 1996 at okie dam (butte creek). Max value: 359.5,15,critical,error,open,,,
rst__butte_creek__okie_dam__1997__implausible_value__hours_fished,7/2/26,rst,butte creek,okie dam,1997,implausible_value,hours_fished,4 week(s) with hours_fished > 168 (impossible for a 7-day week) in run year 1997 at okie dam (butte creek). Max value: 360,4,critical,error,open,,,
rst__butte_creek__okie_dam__1998__implausible_value__hours_fished,7/2/26,rst,butte creek,okie dam,1998,implausible_value,hours_fished,17 week(s) with hours_fished > 168 (impossible for a 7-day week) in run year 1998 at okie dam (butte creek). Max value: 336,17,critical,error,open,,,
rst__butte_creek__okie_dam__1999__implausible_value__hours_fished,7/2/26,rst,butte creek,okie dam,1999,implausible_value,hours_fished,35 week(s) with hours_fished > 168 (impossible for a 7-day week) in run year 1999 at okie dam (butte creek). Max value: 336,35,critical,error,open,,,
rst__butte_creek__okie_dam__2000__implausible_value__hours_fished,7/2/26,rst,butte creek,okie dam,2000,implausible_value,hours_fished,32 week(s) with hours_fished > 168 (impossible for a 7-day week) in run year 2000 at okie dam (butte creek). Max value: 504,32,critical,error,open,,,
rst__butte_creek__okie_dam__2001__implausible_value__hours_fished,7/2/26,rst,butte creek,okie dam,2001,implausible_value,hours_fished,30 week(s) with hours_fished > 168 (impossible for a 7-day week) in run year 2001 at okie dam (butte creek). Max value: 504,30,critical,error,open,,,
rst__butte_creek__okie_dam__2002__implausible_value__hours_fished,7/2/26,rst,butte creek,okie dam,2002,implausible_value,hours_fished,28 week(s) with hours_fished > 168 (impossible for a 7-day week) in run year 2002 at okie dam (butte creek). Max value: 504,28,critical,error,open,,,
rst__butte_creek__okie_dam__2003__implausible_value__hours_fished,7/2/26,rst,butte creek,okie dam,2003,implausible_value,hours_fished,24 week(s) with hours_fished > 168 (impossible for a 7-day week) in run year 2003 at okie dam (butte creek). Max value: 336,24,critical,error,open,,,
rst__butte_creek__okie_dam__2004__implausible_value__hours_fished,7/2/26,rst,butte creek,okie dam,2004,implausible_value,hours_fished,30 week(s) with hours_fished > 168 (impossible for a 7-day week) in run year 2004 at okie dam (butte creek). Max value: 503.5,30,critical,error,open,,,
rst__butte_creek__okie_dam__2005__implausible_value__hours_fished,7/2/26,rst,butte creek,okie dam,2005,implausible_value,hours_fished,5 week(s) with hours_fished > 168 (impossible for a 7-day week) in run year 2005 at okie dam (butte creek). Max value: 504,5,critical,error,open,,,
rst__butte_creek__okie_dam__2006__implausible_value__hours_fished,7/2/26,rst,butte creek,okie dam,2006,implausible_value,hours_fished,18 week(s) with hours_fished > 168 (impossible for a 7-day week) in run year 2006 at okie dam (butte creek). Max value: 336,18,critical,error,open,,,
rst__butte_creek__okie_dam__2007__implausible_value__hours_fished,7/2/26,rst,butte creek,okie dam,2007,implausible_value,hours_fished,15 week(s) with hours_fished > 168 (impossible for a 7-day week) in run year 2007 at okie dam (butte creek). Max value: 504,15,critical,error,open,,,
rst__butte_creek__okie_dam__2008__implausible_value__hours_fished,7/2/26,rst,butte creek,okie dam,2008,implausible_value,hours_fished,19 week(s) with hours_fished > 168 (impossible for a 7-day week) in run year 2008 at okie dam (butte creek). Max value: 504,19,critical,error,open,,,
rst__butte_creek__okie_dam__2013__implausible_value__hours_fished,7/2/26,rst,butte creek,okie dam,2013,implausible_value,hours_fished,27 week(s) with hours_fished > 168 (impossible for a 7-day week) in run year 2013 at okie dam (butte creek). Max value: 336,27,critical,error,open,,,
rst__butte_creek__okie_dam__2014__implausible_value__hours_fished,7/2/26,rst,butte creek,okie dam,2014,implausible_value,hours_fished,26 week(s) with hours_fished > 168 (impossible for a 7-day week) in run year 2014 at okie dam (butte creek). Max value: 336,26,critical,error,open,,,
rst__butte_creek__okie_dam__2015__implausible_value__hours_fished,7/2/26,rst,butte creek,okie dam,2015,implausible_value,hours_fished,8 week(s) with hours_fished > 168 (impossible for a 7-day week) in run year 2015 at okie dam (butte creek). Max value: 336,8,critical,error,open,,,
rst__butte_creek__okie_dam__2018__implausible_value__hours_fished,7/2/26,rst,butte creek,okie dam,2018,implausible_value,hours_fished,33 week(s) with hours_fished > 168 (impossible for a 7-day week) in run year 2018 at okie dam (butte creek). Max value: 504,33,critical,error,open,,,
rst__butte_creek__okie_dam__2019__implausible_value__hours_fished,7/2/26,rst,butte creek,okie dam,2019,implausible_value,hours_fished,8 week(s) with hours_fished > 168 (impossible for a 7-day week) in run year 2019 at okie dam (butte creek). Max value: 336,8,critical,error,open,,,
rst__butte_creek__okie_dam__2020__implausible_value__hours_fished,7/2/26,rst,butte creek,okie dam,2020,implausible_value,hours_fished,31 week(s) with hours_fished > 168 (impossible for a 7-day week) in run year 2020 at okie dam (butte creek). Max value: 336,31,critical,error,open,,,
rst__butte_creek__okie_dam__2021__implausible_value__hours_fished,7/2/26,rst,butte creek,okie dam,2021,implausible_value,hours_fished,31 week(s) with hours_fished > 168 (impossible for a 7-day week) in run year 2021 at okie dam (butte creek). Max value: 336,31,critical,error,open,,,
rst__butte_creek__okie_dam__2022__implausible_value__hours_fished,7/2/26,rst,butte creek,okie dam,2022,implausible_value,hours_fished,36 week(s) with hours_fished > 168 (impossible for a 7-day week) in run year 2022 at okie dam (butte creek). Max value: 336,36,critical,error,open,,,
rst__butte_creek__okie_dam__2023__implausible_value__hours_fished,7/2/26,rst,butte creek,okie dam,2023,implausible_value,hours_fished,39 week(s) with hours_fished > 168 (impossible for a 7-day week) in run year 2023 at okie dam (butte creek). Max value: 336,39,critical,error,open,,,
rst__butte_creek__okie_dam__2024__implausible_value__hours_fished,7/2/26,rst,butte creek,okie dam,2024,implausible_value,hours_fished,38 week(s) with hours_fished > 168 (impossible for a 7-day week) in run year 2024 at okie dam (butte creek). Max value: 336,38,critical,error,open,,,
rst__butte_creek__okie_dam__2025__implausible_value__hours_fished,7/2/26,rst,butte creek,okie dam,2025,implausible_value,hours_fished,25 week(s) with hours_fished > 168 (impossible for a 7-day week) in run year 2025 at okie dam (butte creek). Max value: 336,25,critical,error,open,,,
rst__butte_creek__okie_dam__2026__implausible_value__hours_fished,7/2/26,rst,butte creek,okie dam,2026,implausible_value,hours_fished,16 week(s) with hours_fished > 168 (impossible for a 7-day week) in run year 2026 at okie dam (butte creek). Max value: 336,16,critical,error,open,,,
rst__feather_river__gateway_riffle__2016__implausible_value__hours_fished,7/2/26,rst,feather river,gateway riffle,2016,implausible_value,hours_fished,1 week(s) with hours_fished > 168 (impossible for a 7-day week) in run year 2016 at gateway riffle (feather river). Max value: 336,1,critical,error,open,,,
rst__feather_river__herringer_riffle__2004__implausible_value__hours_fished,7/2/26,rst,feather river,herringer riffle,2004,implausible_value,hours_fished,25 week(s) with hours_fished > 168 (impossible for a 7-day week) in run year 2004 at herringer riffle (feather river). Max value: 336,25,critical,error,open,,,
rst__feather_river__herringer_riffle__2005__implausible_value__hours_fished,7/2/26,rst,feather river,herringer riffle,2005,implausible_value,hours_fished,31 week(s) with hours_fished > 168 (impossible for a 7-day week) in run year 2005 at herringer riffle (feather river). Max value: 336,31,critical,error,open,,,
rst__feather_river__herringer_riffle__2006__implausible_value__hours_fished,7/2/26,rst,feather river,herringer riffle,2006,implausible_value,hours_fished,7 week(s) with hours_fished > 168 (impossible for a 7-day week) in run year 2006 at herringer riffle (feather river). Max value: 336,7,critical,error,open,,,
rst__feather_river__herringer_riffle__2008__implausible_value__hours_fished,7/2/26,rst,feather river,herringer riffle,2008,implausible_value,hours_fished,21 week(s) with hours_fished > 168 (impossible for a 7-day week) in run year 2008 at herringer riffle (feather river). Max value: 336,21,critical,error,open,,,
rst__feather_river__herringer_riffle__2012__implausible_value__hours_fished,7/2/26,rst,feather river,herringer riffle,2012,implausible_value,hours_fished,21 week(s) with hours_fished > 168 (impossible for a 7-day week) in run year 2012 at herringer riffle (feather river). Max value: 336,21,critical,error,open,,,
rst__feather_river__herringer_riffle__2013__implausible_value__hours_fished,7/2/26,rst,feather river,herringer riffle,2013,implausible_value,hours_fished,21 week(s) with hours_fished > 168 (impossible for a 7-day week) in run year 2013 at herringer riffle (feather river). Max value: 336,21,critical,error,open,,,
rst__feather_river__herringer_riffle__2019__implausible_value__hours_fished,7/2/26,rst,feather river,herringer riffle,2019,implausible_value,hours_fished,11 week(s) with hours_fished > 168 (impossible for a 7-day week) in run year 2019 at herringer riffle (feather river). Max value: 336,11,critical,error,open,,,
rst__feather_river__herringer_riffle__2020__implausible_value__hours_fished,7/2/26,rst,feather river,herringer riffle,2020,implausible_value,hours_fished,29 week(s) with hours_fished > 168 (impossible for a 7-day week) in run year 2020 at herringer riffle (feather river). Max value: 336,29,critical,error,open,,,
rst__feather_river__herringer_riffle__2021__implausible_value__hours_fished,7/2/26,rst,feather river,herringer riffle,2021,implausible_value,hours_fished,4 week(s) with hours_fished > 168 (impossible for a 7-day week) in run year 2021 at herringer riffle (feather river). Max value: 336,4,critical,error,open,,,
rst__feather_river__herringer_riffle__2022__implausible_value__hours_fished,7/2/26,rst,feather river,herringer riffle,2022,implausible_value,hours_fished,24 week(s) with hours_fished > 168 (impossible for a 7-day week) in run year 2022 at herringer riffle (feather river). Max value: 336,24,critical,error,open,,,
rst__feather_river__herringer_riffle__2023__implausible_value__hours_fished,7/2/26,rst,feather river,herringer riffle,2023,implausible_value,hours_fished,13 week(s) with hours_fished > 168 (impossible for a 7-day week) in run year 2023 at herringer riffle (feather river). Max value: 336,13,critical,error,open,,,
rst__feather_river__herringer_riffle__2024__implausible_value__hours_fished,7/2/26,rst,feather river,herringer riffle,2024,implausible_value,hours_fished,17 week(s) with hours_fished > 168 (impossible for a 7-day week) in run year 2024 at herringer riffle (feather river). Max value: 336,17,critical,error,open,,,
rst__feather_river__herringer_riffle__2025__implausible_value__hours_fished,7/2/26,rst,feather river,herringer riffle,2025,implausible_value,hours_fished,24 week(s) with hours_fished > 168 (impossible for a 7-day week) in run year 2025 at herringer riffle (feather river). Max value: 336,24,critical,error,open,,,
rst__feather_river__herringer_riffle__2026__implausible_value__hours_fished,7/2/26,rst,feather river,herringer riffle,2026,implausible_value,hours_fished,25 week(s) with hours_fished > 168 (impossible for a 7-day week) in run year 2026 at herringer riffle (feather river). Max value: 336,25,critical,error,open,,,
rst__feather_river__sunset_pumps__2009__implausible_value__hours_fished,7/2/26,rst,feather river,sunset pumps,2009,implausible_value,hours_fished,24 week(s) with hours_fished > 168 (impossible for a 7-day week) in run year 2009 at sunset pumps (feather river). Max value: 336,24,critical,error,open,,,
rst__feather_river__sunset_pumps__2010__implausible_value__hours_fished,7/2/26,rst,feather river,sunset pumps,2010,implausible_value,hours_fished,19 week(s) with hours_fished > 168 (impossible for a 7-day week) in run year 2010 at sunset pumps (feather river). Max value: 336,19,critical,error,open,,,
rst__feather_river__sunset_pumps__2011__implausible_value__hours_fished,7/2/26,rst,feather river,sunset pumps,2011,implausible_value,hours_fished,20 week(s) with hours_fished > 168 (impossible for a 7-day week) in run year 2011 at sunset pumps (feather river). Max value: 336,20,critical,error,open,,,
rst__sacramento_river__knights_landing__1996__implausible_value__hours_fished,7/2/26,rst,sacramento river,knights landing,1996,implausible_value,hours_fished,34 week(s) with hours_fished > 168 (impossible for a 7-day week) in run year 1996 at knights landing (sacramento river). Max value: 336,34,critical,error,open,,,
rst__sacramento_river__knights_landing__1997__implausible_value__hours_fished,7/2/26,rst,sacramento river,knights landing,1997,implausible_value,hours_fished,53 week(s) with hours_fished > 168 (impossible for a 7-day week) in run year 1997 at knights landing (sacramento river). Max value: 336,53,critical,error,open,,,
rst__sacramento_river__knights_landing__1998__implausible_value__hours_fished,7/2/26,rst,sacramento river,knights landing,1998,implausible_value,hours_fished,32 week(s) with hours_fished > 168 (impossible for a 7-day week) in run year 1998 at knights landing (sacramento river). Max value: 336,32,critical,error,open,,,
rst__sacramento_river__knights_landing__1999__implausible_value__hours_fished,7/2/26,rst,sacramento river,knights landing,1999,implausible_value,hours_fished,39 week(s) with hours_fished > 168 (impossible for a 7-day week) in run year 1999 at knights landing (sacramento river). Max value: 336,39,critical,error,open,,,
rst__sacramento_river__knights_landing__2000__implausible_value__hours_fished,7/2/26,rst,sacramento river,knights landing,2000,implausible_value,hours_fished,34 week(s) with hours_fished > 168 (impossible for a 7-day week) in run year 2000 at knights landing (sacramento river). Max value: 336,34,critical,error,open,,,
rst__sacramento_river__knights_landing__2004__implausible_value__hours_fished,7/2/26,rst,sacramento river,knights landing,2004,implausible_value,hours_fished,4 week(s) with hours_fished > 168 (impossible for a 7-day week) in run year 2004 at knights landing (sacramento river). Max value: 336,4,critical,error,open,,,
rst__sacramento_river__knights_landing__2005__implausible_value__hours_fished,7/2/26,rst,sacramento river,knights landing,2005,implausible_value,hours_fished,13 week(s) with hours_fished > 168 (impossible for a 7-day week) in run year 2005 at knights landing (sacramento river). Max value: 336,13,critical,error,open,,,
rst__sacramento_river__knights_landing__2006__implausible_value__hours_fished,7/2/26,rst,sacramento river,knights landing,2006,implausible_value,hours_fished,5 week(s) with hours_fished > 168 (impossible for a 7-day week) in run year 2006 at knights landing (sacramento river). Max value: 336,5,critical,error,open,,,
rst__sacramento_river__knights_landing__2007__implausible_value__hours_fished,7/2/26,rst,sacramento river,knights landing,2007,implausible_value,hours_fished,38 week(s) with hours_fished > 168 (impossible for a 7-day week) in run year 2007 at knights landing (sacramento river). Max value: 336,38,critical,error,open,,,
rst__sacramento_river__knights_landing__2008__implausible_value__hours_fished,7/2/26,rst,sacramento river,knights landing,2008,implausible_value,hours_fished,36 week(s) with hours_fished > 168 (impossible for a 7-day week) in run year 2008 at knights landing (sacramento river). Max value: 336,36,critical,error,open,,,
rst__sacramento_river__knights_landing__2009__implausible_value__hours_fished,7/2/26,rst,sacramento river,knights landing,2009,implausible_value,hours_fished,38 week(s) with hours_fished > 168 (impossible for a 7-day week) in run year 2009 at knights landing (sacramento river). Max value: 336,38,critical,error,open,,,
rst__sacramento_river__knights_landing__2010__implausible_value__hours_fished,7/2/26,rst,sacramento river,knights landing,2010,implausible_value,hours_fished,40 week(s) with hours_fished > 168 (impossible for a 7-day week) in run year 2010 at knights landing (sacramento river). Max value: 336,40,critical,error,open,,,
rst__sacramento_river__knights_landing__2011__implausible_value__hours_fished,7/2/26,rst,sacramento river,knights landing,2011,implausible_value,hours_fished,37 week(s) with hours_fished > 168 (impossible for a 7-day week) in run year 2011 at knights landing (sacramento river). Max value: 336,37,critical,error,open,,,
rst__sacramento_river__knights_landing__2012__implausible_value__hours_fished,7/2/26,rst,sacramento river,knights landing,2012,implausible_value,hours_fished,38 week(s) with hours_fished > 168 (impossible for a 7-day week) in run year 2012 at knights landing (sacramento river). Max value: 336,38,critical,error,open,,,
rst__sacramento_river__knights_landing__2013__implausible_value__hours_fished,7/2/26,rst,sacramento river,knights landing,2013,implausible_value,hours_fished,11 week(s) with hours_fished > 168 (impossible for a 7-day week) in run year 2013 at knights landing (sacramento river). Max value: 336,11,critical,error,open,,,
rst__sacramento_river__knights_landing__2014__implausible_value__hours_fished,7/2/26,rst,sacramento river,knights landing,2014,implausible_value,hours_fished,29 week(s) with hours_fished > 168 (impossible for a 7-day week) in run year 2014 at knights landing (sacramento river). Max value: 336,29,critical,error,open,,,
rst__sacramento_river__knights_landing__2015__implausible_value__hours_fished,7/2/26,rst,sacramento river,knights landing,2015,implausible_value,hours_fished,36 week(s) with hours_fished > 168 (impossible for a 7-day week) in run year 2015 at knights landing (sacramento river). Max value: 336,36,critical,error,open,,,
rst__sacramento_river__knights_landing__2016__implausible_value__hours_fished,7/2/26,rst,sacramento river,knights landing,2016,implausible_value,hours_fished,38 week(s) with hours_fished > 168 (impossible for a 7-day week) in run year 2016 at knights landing (sacramento river). Max value: 336,38,critical,error,open,,,
rst__sacramento_river__knights_landing__2017__implausible_value__hours_fished,7/2/26,rst,sacramento river,knights landing,2017,implausible_value,hours_fished,42 week(s) with hours_fished > 168 (impossible for a 7-day week) in run year 2017 at knights landing (sacramento river). Max value: 336,42,critical,error,open,,,
rst__sacramento_river__knights_landing__2018__implausible_value__hours_fished,7/2/26,rst,sacramento river,knights landing,2018,implausible_value,hours_fished,42 week(s) with hours_fished > 168 (impossible for a 7-day week) in run year 2018 at knights landing (sacramento river). Max value: 336,42,critical,error,open,,,
rst__sacramento_river__knights_landing__2019__implausible_value__hours_fished,7/2/26,rst,sacramento river,knights landing,2019,implausible_value,hours_fished,42 week(s) with hours_fished > 168 (impossible for a 7-day week) in run year 2019 at knights landing (sacramento river). Max value: 336,42,critical,error,open,,,
rst__sacramento_river__knights_landing__2020__implausible_value__hours_fished,7/2/26,rst,sacramento river,knights landing,2020,implausible_value,hours_fished,36 week(s) with hours_fished > 168 (impossible for a 7-day week) in run year 2020 at knights landing (sacramento river). Max value: 336,36,critical,error,open,,,
rst__sacramento_river__knights_landing__2021__implausible_value__hours_fished,7/2/26,rst,sacramento river,knights landing,2021,implausible_value,hours_fished,36 week(s) with hours_fished > 168 (impossible for a 7-day week) in run year 2021 at knights landing (sacramento river). Max value: 336,36,critical,error,open,,,
rst__sacramento_river__knights_landing__2022__implausible_value__hours_fished,7/2/26,rst,sacramento river,knights landing,2022,implausible_value,hours_fished,32 week(s) with hours_fished > 168 (impossible for a 7-day week) in run year 2022 at knights landing (sacramento river). Max value: 336,32,critical,error,open,,,
rst__sacramento_river__knights_landing__2023__implausible_value__hours_fished,7/2/26,rst,sacramento river,knights landing,2023,implausible_value,hours_fished,37 week(s) with hours_fished > 168 (impossible for a 7-day week) in run year 2023 at knights landing (sacramento river). Max value: 336,37,critical,error,open,,,
rst__sacramento_river__knights_landing__2024__implausible_value__hours_fished,7/2/26,rst,sacramento river,knights landing,2024,implausible_value,hours_fished,35 week(s) with hours_fished > 168 (impossible for a 7-day week) in run year 2024 at knights landing (sacramento river). Max value: 336,35,critical,error,open,,,
rst__sacramento_river__knights_landing__2025__implausible_value__hours_fished,7/2/26,rst,sacramento river,knights landing,2025,implausible_value,hours_fished,33 week(s) with hours_fished > 168 (impossible for a 7-day week) in run year 2025 at knights landing (sacramento river). Max value: 336,33,critical,error,open,,,
rst__sacramento_river__knights_landing__2026__implausible_value__hours_fished,7/2/26,rst,sacramento river,knights landing,2026,implausible_value,hours_fished,9 week(s) with hours_fished > 168 (impossible for a 7-day week) in run year 2026 at knights landing (sacramento river). Max value: 336,9,critical,error,open,,,
rst__sacramento_river__tisdale__2010__implausible_value__hours_fished,7/2/26,rst,sacramento river,tisdale,2010,implausible_value,hours_fished,17 week(s) with hours_fished > 168 (impossible for a 7-day week) in run year 2010 at tisdale (sacramento river). Max value: 336,17,critical,error,open,,,
rst__sacramento_river__tisdale__2011__implausible_value__hours_fished,7/2/26,rst,sacramento river,tisdale,2011,implausible_value,hours_fished,32 week(s) with hours_fished > 168 (impossible for a 7-day week) in run year 2011 at tisdale (sacramento river). Max value: 336,32,critical,error,open,,,
rst__sacramento_river__tisdale__2012__implausible_value__hours_fished,7/2/26,rst,sacramento river,tisdale,2012,implausible_value,hours_fished,18 week(s) with hours_fished > 168 (impossible for a 7-day week) in run year 2012 at tisdale (sacramento river). Max value: 336,18,critical,error,open,,,
rst__sacramento_river__tisdale__2013__implausible_value__hours_fished,7/2/26,rst,sacramento river,tisdale,2013,implausible_value,hours_fished,25 week(s) with hours_fished > 168 (impossible for a 7-day week) in run year 2013 at tisdale (sacramento river). Max value: 336,25,critical,error,open,,,
rst__sacramento_river__tisdale__2014__implausible_value__hours_fished,7/2/26,rst,sacramento river,tisdale,2014,implausible_value,hours_fished,36 week(s) with hours_fished > 168 (impossible for a 7-day week) in run year 2014 at tisdale (sacramento river). Max value: 336,36,critical,error,open,,,
rst__sacramento_river__tisdale__2015__implausible_value__hours_fished,7/2/26,rst,sacramento river,tisdale,2015,implausible_value,hours_fished,39 week(s) with hours_fished > 168 (impossible for a 7-day week) in run year 2015 at tisdale (sacramento river). Max value: 336,39,critical,error,open,,,
rst__sacramento_river__tisdale__2016__implausible_value__hours_fished,7/2/26,rst,sacramento river,tisdale,2016,implausible_value,hours_fished,36 week(s) with hours_fished > 168 (impossible for a 7-day week) in run year 2016 at tisdale (sacramento river). Max value: 336,36,critical,error,open,,,
rst__sacramento_river__tisdale__2017__implausible_value__hours_fished,7/2/26,rst,sacramento river,tisdale,2017,implausible_value,hours_fished,46 week(s) with hours_fished > 168 (impossible for a 7-day week) in run year 2017 at tisdale (sacramento river). Max value: 336,46,critical,error,open,,,
rst__sacramento_river__tisdale__2018__implausible_value__hours_fished,7/2/26,rst,sacramento river,tisdale,2018,implausible_value,hours_fished,44 week(s) with hours_fished > 168 (impossible for a 7-day week) in run year 2018 at tisdale (sacramento river). Max value: 336,44,critical,error,open,,,
rst__sacramento_river__tisdale__2019__implausible_value__hours_fished,7/2/26,rst,sacramento river,tisdale,2019,implausible_value,hours_fished,43 week(s) with hours_fished > 168 (impossible for a 7-day week) in run year 2019 at tisdale (sacramento river). Max value: 336,43,critical,error,open,,,
rst__sacramento_river__tisdale__2020__implausible_value__hours_fished,7/2/26,rst,sacramento river,tisdale,2020,implausible_value,hours_fished,36 week(s) with hours_fished > 168 (impossible for a 7-day week) in run year 2020 at tisdale (sacramento river). Max value: 336,36,critical,error,open,,,
rst__sacramento_river__tisdale__2021__implausible_value__hours_fished,7/2/26,rst,sacramento river,tisdale,2021,implausible_value,hours_fished,38 week(s) with hours_fished > 168 (impossible for a 7-day week) in run year 2021 at tisdale (sacramento river). Max value: 336,38,critical,error,open,,,
rst__sacramento_river__tisdale__2022__implausible_value__hours_fished,7/2/26,rst,sacramento river,tisdale,2022,implausible_value,hours_fished,35 week(s) with hours_fished > 168 (impossible for a 7-day week) in run year 2022 at tisdale (sacramento river). Max value: 336,35,critical,error,open,,,
rst__sacramento_river__tisdale__2023__implausible_value__hours_fished,7/2/26,rst,sacramento river,tisdale,2023,implausible_value,hours_fished,42 week(s) with hours_fished > 168 (impossible for a 7-day week) in run year 2023 at tisdale (sacramento river). Max value: 336,42,critical,error,open,,,
rst__sacramento_river__tisdale__2024__implausible_value__hours_fished,7/2/26,rst,sacramento river,tisdale,2024,implausible_value,hours_fished,35 week(s) with hours_fished > 168 (impossible for a 7-day week) in run year 2024 at tisdale (sacramento river). Max value: 336,35,critical,error,open,,,
rst__yuba_river__hallwood__2000__implausible_value__hours_fished,7/2/26,rst,yuba river,hallwood,2000,implausible_value,hours_fished,32 week(s) with hours_fished > 168 (impossible for a 7-day week) in run year 2000 at hallwood (yuba river). Max value: 336,32,critical,error,open,,,
rst__yuba_river__hallwood__2001__implausible_value__hours_fished,7/2/26,rst,yuba river,hallwood,2001,implausible_value,hours_fished,1 week(s) with hours_fished > 168 (impossible for a 7-day week) in run year 2001 at hallwood (yuba river). Max value: 316.025939393939,1,critical,error,open,,,
rst__yuba_river__hallwood__2005__implausible_value__hours_fished,7/2/26,rst,yuba river,hallwood,2005,implausible_value,hours_fished,8 week(s) with hours_fished > 168 (impossible for a 7-day week) in run year 2005 at hallwood (yuba river). Max value: 504,8,critical,error,open,,,
rst__yuba_river__hallwood__2006__implausible_value__hours_fished,7/2/26,rst,yuba river,hallwood,2006,implausible_value,hours_fished,7 week(s) with hours_fished > 168 (impossible for a 7-day week) in run year 2006 at hallwood (yuba river). Max value: 336,7,critical,error,open,,,
rst__yuba_river__hallwood__2007__implausible_value__hours_fished,7/2/26,rst,yuba river,hallwood,2007,implausible_value,hours_fished,37 week(s) with hours_fished > 168 (impossible for a 7-day week) in run year 2007 at hallwood (yuba river). Max value: 504,37,critical,error,open,,,
rst__yuba_river__hallwood__2008__implausible_value__hours_fished,7/2/26,rst,yuba river,hallwood,2008,implausible_value,hours_fished,39 week(s) with hours_fished > 168 (impossible for a 7-day week) in run year 2008 at hallwood (yuba river). Max value: 548.47,39,critical,error,open,,,
rst__yuba_river__hallwood__2009__implausible_value__hours_fished,7/2/26,rst,yuba river,hallwood,2009,implausible_value,hours_fished,36 week(s) with hours_fished > 168 (impossible for a 7-day week) in run year 2009 at hallwood (yuba river). Max value: 504,36,critical,error,open,,,
rst__yuba_river__hallwood__2022__implausible_value__hours_fished,7/2/26,rst,yuba river,hallwood,2022,implausible_value,hours_fished,2 week(s) with hours_fished > 168 (impossible for a 7-day week) in run year 2022 at hallwood (yuba river). Max value: 336,2,critical,error,open,,,
rst__yuba_river__hallwood__2023__implausible_value__hours_fished,7/2/26,rst,yuba river,hallwood,2023,implausible_value,hours_fished,43 week(s) with hours_fished > 168 (impossible for a 7-day week) in run year 2023 at hallwood (yuba river). Max value: 504,43,critical,error,open,,,
rst__yuba_river__hallwood__2024__implausible_value__hours_fished,7/2/26,rst,yuba river,hallwood,2024,implausible_value,hours_fished,38 week(s) with hours_fished > 168 (impossible for a 7-day week) in run year 2024 at hallwood (yuba river). Max value: 504,38,critical,error,open,,,
rst__yuba_river__hallwood__2025__implausible_value__hours_fished,7/2/26,rst,yuba river,hallwood,2025,implausible_value,hours_fished,36 week(s) with hours_fished > 168 (impossible for a 7-day week) in run year 2025 at hallwood (yuba river). Max value: 504,36,critical,error,open,,,
rst__yuba_river__hallwood__2026__implausible_value__hours_fished,7/2/26,rst,yuba river,hallwood,2026,implausible_value,hours_fished,24 week(s) with hours_fished > 168 (impossible for a 7-day week) in run year 2026 at hallwood (yuba river). Max value: 504,24,critical,error,open,,,
flow__battle_creek__battle_creek__1991__extended_gap__week,7/2/26,flow,battle creek,battle creek,1991,extended_gap,week,9 consecutive RST window weeks missing flow data in run year 1991 for battle creek (9 total missing weeks),9,critical,warning,open,,,
flow__battle_creek__battle_creek__1997__extended_gap__week,7/2/26,flow,battle creek,battle creek,1997,extended_gap,week,9 consecutive RST window weeks missing flow data in run year 1997 for battle creek (12 total missing weeks),9,critical,warning,open,,,
flow__battle_creek__battle_creek__2026__extended_gap__week,7/2/26,flow,battle creek,battle creek,2026,extended_gap,week,4 consecutive RST window weeks missing flow data in run year 2026 for battle creek (4 total missing weeks),4,critical,warning,open,,,
flow__butte_creek__butte_creek__1991__extended_gap__week,7/2/26,flow,butte creek,butte creek,1991,extended_gap,week,9 consecutive RST window weeks missing flow data in run year 1991 for butte creek (9 total missing weeks),9,critical,warning,open,,,
flow__butte_creek__butte_creek__2026__extended_gap__week,7/2/26,flow,butte creek,butte creek,2026,extended_gap,week,4 consecutive RST window weeks missing flow data in run year 2026 for butte creek (4 total missing weeks),4,critical,warning,open,,,
flow__clear_creek__clear_creek__1991__extended_gap__week,7/2/26,flow,clear creek,clear creek,1991,extended_gap,week,9 consecutive RST window weeks missing flow data in run year 1991 for clear creek (9 total missing weeks),9,critical,warning,open,,,
flow__clear_creek__clear_creek__2026__extended_gap__week,7/2/26,flow,clear creek,clear creek,2026,extended_gap,week,4 consecutive RST window weeks missing flow data in run year 2026 for clear creek (4 total missing weeks),4,critical,warning,open,,,
flow__deer_creek__deer_creek__1991__extended_gap__week,7/2/26,flow,deer creek,deer creek,1991,extended_gap,week,9 consecutive RST window weeks missing flow data in run year 1991 for deer creek (9 total missing weeks),9,critical,warning,open,,,
flow__deer_creek__deer_creek__2026__extended_gap__week,7/2/26,flow,deer creek,deer creek,2026,extended_gap,week,4 consecutive RST window weeks missing flow data in run year 2026 for deer creek (4 total missing weeks),4,critical,warning,open,,,
flow__feather_river__lower_feather_river__2010__extended_gap__week,7/2/26,flow,feather river,lower feather river,2010,extended_gap,week,9 consecutive RST window weeks missing flow data in run year 2010 for feather river (9 total missing weeks),9,critical,warning,open,,,
flow__feather_river__lower_feather_river__2026__extended_gap__week,7/2/26,flow,feather river,lower feather river,2026,extended_gap,week,3 consecutive RST window weeks missing flow data in run year 2026 for feather river (3 total missing weeks),3,critical,warning,open,,,
flow__feather_river__upper_feather_hfc__1991__extended_gap__week,7/2/26,flow,feather river,upper feather hfc,1991,extended_gap,week,9 consecutive RST window weeks missing flow data in run year 1991 for feather river (9 total missing weeks),9,critical,warning,open,,,
flow__feather_river__upper_feather_hfc__2026__extended_gap__week,7/2/26,flow,feather river,upper feather hfc,2026,extended_gap,week,3 consecutive RST window weeks missing flow data in run year 2026 for feather river (3 total missing weeks),3,critical,warning,open,,,
flow__feather_river__upper_feather_lfc__1991__extended_gap__week,7/2/26,flow,feather river,upper feather lfc,1991,extended_gap,week,9 consecutive RST window weeks missing flow data in run year 1991 for feather river (9 total missing weeks),9,critical,warning,open,,,
flow__feather_river__upper_feather_lfc__2026__extended_gap__week,7/2/26,flow,feather river,upper feather lfc,2026,extended_gap,week,3 consecutive RST window weeks missing flow data in run year 2026 for feather river (3 total missing weeks),3,critical,warning,open,,,
flow__mill_creek__mill_creek__1991__extended_gap__week,7/2/26,flow,mill creek,mill creek,1991,extended_gap,week,9 consecutive RST window weeks missing flow data in run year 1991 for mill creek (9 total missing weeks),9,critical,warning,open,,,
flow__mill_creek__mill_creek__2026__extended_gap__week,7/2/26,flow,mill creek,mill creek,2026,extended_gap,week,4 consecutive RST window weeks missing flow data in run year 2026 for mill creek (4 total missing weeks),4,critical,warning,open,,,
flow__sacramento_river__knights_landing__1991__extended_gap__week,7/2/26,flow,sacramento river,knights landing,1991,extended_gap,week,9 consecutive RST window weeks missing flow data in run year 1991 for sacramento river (9 total missing weeks),9,critical,warning,open,,,
flow__sacramento_river__knights_landing__2026__extended_gap__week,7/2/26,flow,sacramento river,knights landing,2026,extended_gap,week,4 consecutive RST window weeks missing flow data in run year 2026 for sacramento river (4 total missing weeks),4,critical,warning,open,,,
flow__sacramento_river__red_bluff_diversion_dam__1991__extended_gap__week,7/2/26,flow,sacramento river,red bluff diversion dam,1991,extended_gap,week,9 consecutive RST window weeks missing flow data in run year 1991 for sacramento river (9 total missing weeks),9,critical,warning,open,,,
flow__sacramento_river__red_bluff_diversion_dam__2026__extended_gap__week,7/2/26,flow,sacramento river,red bluff diversion dam,2026,extended_gap,week,4 consecutive RST window weeks missing flow data in run year 2026 for sacramento river (4 total missing weeks),4,critical,warning,open,,,
flow__sacramento_river__tisdale__1991__extended_gap__week,7/2/26,flow,sacramento river,tisdale,1991,extended_gap,week,9 consecutive RST window weeks missing flow data in run year 1991 for sacramento river (9 total missing weeks),9,critical,warning,open,,,
flow__sacramento_river__tisdale__2026__extended_gap__week,7/2/26,flow,sacramento river,tisdale,2026,extended_gap,week,4 consecutive RST window weeks missing flow data in run year 2026 for sacramento river (4 total missing weeks),4,critical,warning,open,,,
flow__yuba_river__yuba_river__1991__extended_gap__week,7/2/26,flow,yuba river,yuba river,1991,extended_gap,week,9 consecutive RST window weeks missing flow data in run year 1991 for yuba river (9 total missing weeks),9,critical,warning,open,,,
flow__yuba_river__yuba_river__2026__extended_gap__week,7/2/26,flow,yuba river,yuba river,2026,extended_gap,week,4 consecutive RST window weeks missing flow data in run year 2026 for yuba river (4 total missing weeks),4,critical,warning,open,,,
flow__feather_river__upper_feather_hfc__2004__implausible_value__temperature,7/2/26,flow,feather river,upper feather hfc,2004,implausible_value,temperature,"21 weekly temperature record(s) outside [-5, 35]°C in run year 2004 for feather river. Range: [0, 2627]°C",21,critical,warning,open,,,
flow__feather_river__upper_feather_hfc__2005__implausible_value__temperature,7/2/26,flow,feather river,upper feather hfc,2005,implausible_value,temperature,"22 weekly temperature record(s) outside [-5, 35]°C in run year 2005 for feather river. Range: [8.5, 332.9]°C",22,critical,warning,open,,,
efficiency__clear_creek__lcc__2004__low_release_count__number_released,7/2/26,efficiency,clear creek,lcc,2004,low_release_count,number_released,1 trial(s) with <50 fish released in run year 2004 at lcc (clear creek). Minimum release count: 14,1,minor,warning,open,,,
efficiency__clear_creek__ucc__2004__low_release_count__number_released,7/2/26,efficiency,clear creek,ucc,2004,low_release_count,number_released,1 trial(s) with <50 fish released in run year 2004 at ucc (clear creek). Minimum release count: 20,1,minor,warning,open,,,
efficiency__feather_river__gateway_riffle__2013__low_release_count__number_released,7/2/26,efficiency,feather river,gateway riffle,2013,low_release_count,number_released,2 trial(s) with <50 fish released in run year 2013 at gateway riffle (feather river). Minimum release count: 42,2,minor,warning,open,,,
efficiency__feather_river__herringer_riffle__2018__low_release_count__number_released,7/2/26,efficiency,feather river,herringer riffle,2018,low_release_count,number_released,1 trial(s) with <50 fish released in run year 2018 at herringer riffle (feather river). Minimum release count: 28,1,minor,warning,open,,,
efficiency__feather_river__herringer_riffle__2020__low_release_count__number_released,7/2/26,efficiency,feather river,herringer riffle,2020,low_release_count,number_released,1 trial(s) with <50 fish released in run year 2020 at herringer riffle (feather river). Minimum release count: 40,1,minor,warning,open,,,
efficiency__sacramento_river__knights_landing__1998__low_release_count__number_released,7/2/26,efficiency,sacramento river,knights landing,1998,low_release_count,number_released,1 trial(s) with <50 fish released in run year 1998 at knights landing (sacramento river). Minimum release count: 49,1,minor,warning,open,,,
efficiency__battle_creek__ubc__2021__zero_recaptures__number_recaptured,7/2/26,efficiency,battle creek,ubc,2021,zero_recaptures,number_recaptured,1 trial(s) with 0 recaptures in run year 2021 at ubc (battle creek),1,minor,warning,open,,,
efficiency__battle_creek__ubc__2025__zero_recaptures__number_recaptured,7/2/26,efficiency,battle creek,ubc,2025,zero_recaptures,number_recaptured,1 trial(s) with 0 recaptures in run year 2025 at ubc (battle creek),1,minor,warning,open,,,
efficiency__butte_creek__okie_dam__2021__zero_recaptures__number_recaptured,7/2/26,efficiency,butte creek,okie dam,2021,zero_recaptures,number_recaptured,1 trial(s) with 0 recaptures in run year 2021 at okie dam (butte creek),1,minor,warning,open,,,
efficiency__clear_creek__lcc__2022__zero_recaptures__number_recaptured,7/2/26,efficiency,clear creek,lcc,2022,zero_recaptures,number_recaptured,2 trial(s) with 0 recaptures in run year 2022 at lcc (clear creek),2,minor,warning,open,,,
efficiency__clear_creek__lcc__2025__zero_recaptures__number_recaptured,7/2/26,efficiency,clear creek,lcc,2025,zero_recaptures,number_recaptured,3 trial(s) with 0 recaptures in run year 2025 at lcc (clear creek),3,minor,warning,open,,,
efficiency__clear_creek__ucc__2025__zero_recaptures__number_recaptured,7/2/26,efficiency,clear creek,ucc,2025,zero_recaptures,number_recaptured,2 trial(s) with 0 recaptures in run year 2025 at ucc (clear creek),2,minor,warning,open,,,
efficiency__deer_creek__deer_creek__2023__zero_recaptures__number_recaptured,7/2/26,efficiency,deer creek,deer creek,2023,zero_recaptures,number_recaptured,1 trial(s) with 0 recaptures in run year 2023 at deer creek (deer creek),1,minor,warning,open,,,
efficiency__deer_creek__deer_creek__2025__zero_recaptures__number_recaptured,7/2/26,efficiency,deer creek,deer creek,2025,zero_recaptures,number_recaptured,2 trial(s) with 0 recaptures in run year 2025 at deer creek (deer creek),2,minor,warning,open,,,
efficiency__feather_river__eye_riffle__2005__zero_recaptures__number_recaptured,7/2/26,efficiency,feather river,eye riffle,2005,zero_recaptures,number_recaptured,1 trial(s) with 0 recaptures in run year 2005 at eye riffle (feather river),1,minor,warning,open,,,
efficiency__feather_river__eye_riffle__2006__zero_recaptures__number_recaptured,7/2/26,efficiency,feather river,eye riffle,2006,zero_recaptures,number_recaptured,1 trial(s) with 0 recaptures in run year 2006 at eye riffle (feather river),1,minor,warning,open,,,
efficiency__feather_river__eye_riffle__2024__zero_recaptures__number_recaptured,7/2/26,efficiency,feather river,eye riffle,2024,zero_recaptures,number_recaptured,1 trial(s) with 0 recaptures in run year 2024 at eye riffle (feather river),1,minor,warning,open,,,
efficiency__feather_river__eye_riffle__2025__zero_recaptures__number_recaptured,7/2/26,efficiency,feather river,eye riffle,2025,zero_recaptures,number_recaptured,2 trial(s) with 0 recaptures in run year 2025 at eye riffle (feather river),2,minor,warning,open,,,
efficiency__feather_river__eye_riffle__2026__zero_recaptures__number_recaptured,7/2/26,efficiency,feather river,eye riffle,2026,zero_recaptures,number_recaptured,1 trial(s) with 0 recaptures in run year 2026 at eye riffle (feather river),1,minor,warning,open,,,
efficiency__feather_river__gateway_riffle__2013__zero_recaptures__number_recaptured,7/2/26,efficiency,feather river,gateway riffle,2013,zero_recaptures,number_recaptured,2 trial(s) with 0 recaptures in run year 2013 at gateway riffle (feather river),2,minor,warning,open,,,
efficiency__feather_river__gateway_riffle__2017__zero_recaptures__number_recaptured,7/2/26,efficiency,feather river,gateway riffle,2017,zero_recaptures,number_recaptured,2 trial(s) with 0 recaptures in run year 2017 at gateway riffle (feather river),2,minor,warning,open,,,
efficiency__feather_river__herringer_riffle__2006__zero_recaptures__number_recaptured,7/2/26,efficiency,feather river,herringer riffle,2006,zero_recaptures,number_recaptured,1 trial(s) with 0 recaptures in run year 2006 at herringer riffle (feather river),1,minor,warning,open,,,
efficiency__feather_river__herringer_riffle__2012__zero_recaptures__number_recaptured,7/2/26,efficiency,feather river,herringer riffle,2012,zero_recaptures,number_recaptured,2 trial(s) with 0 recaptures in run year 2012 at herringer riffle (feather river),2,minor,warning,open,,,
efficiency__feather_river__herringer_riffle__2013__zero_recaptures__number_recaptured,7/2/26,efficiency,feather river,herringer riffle,2013,zero_recaptures,number_recaptured,1 trial(s) with 0 recaptures in run year 2013 at herringer riffle (feather river),1,minor,warning,open,,,
efficiency__feather_river__herringer_riffle__2015__zero_recaptures__number_recaptured,7/2/26,efficiency,feather river,herringer riffle,2015,zero_recaptures,number_recaptured,1 trial(s) with 0 recaptures in run year 2015 at herringer riffle (feather river),1,minor,warning,open,,,
efficiency__feather_river__herringer_riffle__2017__zero_recaptures__number_recaptured,7/2/26,efficiency,feather river,herringer riffle,2017,zero_recaptures,number_recaptured,1 trial(s) with 0 recaptures in run year 2017 at herringer riffle (feather river),1,minor,warning,open,,,
efficiency__feather_river__herringer_riffle__2018__zero_recaptures__number_recaptured,7/2/26,efficiency,feather river,herringer riffle,2018,zero_recaptures,number_recaptured,2 trial(s) with 0 recaptures in run year 2018 at herringer riffle (feather river),2,minor,warning,open,,,
efficiency__feather_river__herringer_riffle__2020__zero_recaptures__number_recaptured,7/2/26,efficiency,feather river,herringer riffle,2020,zero_recaptures,number_recaptured,1 trial(s) with 0 recaptures in run year 2020 at herringer riffle (feather river),1,minor,warning,open,,,
efficiency__feather_river__herringer_riffle__2022__zero_recaptures__number_recaptured,7/2/26,efficiency,feather river,herringer riffle,2022,zero_recaptures,number_recaptured,3 trial(s) with 0 recaptures in run year 2022 at herringer riffle (feather river),3,minor,warning,open,,,
efficiency__feather_river__herringer_riffle__2024__zero_recaptures__number_recaptured,7/2/26,efficiency,feather river,herringer riffle,2024,zero_recaptures,number_recaptured,1 trial(s) with 0 recaptures in run year 2024 at herringer riffle (feather river),1,minor,warning,open,,,
efficiency__feather_river__herringer_riffle__2026__zero_recaptures__number_recaptured,7/2/26,efficiency,feather river,herringer riffle,2026,zero_recaptures,number_recaptured,3 trial(s) with 0 recaptures in run year 2026 at herringer riffle (feather river),3,minor,warning,open,,,
efficiency__feather_river__live_oak__2001__zero_recaptures__number_recaptured,7/2/26,efficiency,feather river,live oak,2001,zero_recaptures,number_recaptured,2 trial(s) with 0 recaptures in run year 2001 at live oak (feather river),2,minor,warning,open,,,
efficiency__feather_river__steep_riffle__2011__zero_recaptures__number_recaptured,7/2/26,efficiency,feather river,steep riffle,2011,zero_recaptures,number_recaptured,2 trial(s) with 0 recaptures in run year 2011 at steep riffle (feather river),2,minor,warning,open,,,
efficiency__feather_river__sunset_pumps__2011__zero_recaptures__number_recaptured,7/2/26,efficiency,feather river,sunset pumps,2011,zero_recaptures,number_recaptured,4 trial(s) with 0 recaptures in run year 2011 at sunset pumps (feather river),4,minor,warning,open,,,
efficiency__mill_creek__mill_creek__2023__zero_recaptures__number_recaptured,7/2/26,efficiency,mill creek,mill creek,2023,zero_recaptures,number_recaptured,2 trial(s) with 0 recaptures in run year 2023 at mill creek (mill creek),2,minor,warning,open,,,
efficiency__sacramento_river__knights_landing__1998__zero_recaptures__number_recaptured,7/2/26,efficiency,sacramento river,knights landing,1998,zero_recaptures,number_recaptured,4 trial(s) with 0 recaptures in run year 1998 at knights landing (sacramento river),4,minor,warning,open,,,
efficiency__sacramento_river__knights_landing__1999__zero_recaptures__number_recaptured,7/2/26,efficiency,sacramento river,knights landing,1999,zero_recaptures,number_recaptured,2 trial(s) with 0 recaptures in run year 1999 at knights landing (sacramento river),2,minor,warning,open,,,
efficiency__sacramento_river__knights_landing__2000__zero_recaptures__number_recaptured,7/2/26,efficiency,sacramento river,knights landing,2000,zero_recaptures,number_recaptured,5 trial(s) with 0 recaptures in run year 2000 at knights landing (sacramento river),5,minor,warning,open,,,
efficiency__sacramento_river__knights_landing__2001__zero_recaptures__number_recaptured,7/2/26,efficiency,sacramento river,knights landing,2001,zero_recaptures,number_recaptured,3 trial(s) with 0 recaptures in run year 2001 at knights landing (sacramento river),3,minor,warning,open,,,
efficiency__sacramento_river__knights_landing__2007__zero_recaptures__number_recaptured,7/2/26,efficiency,sacramento river,knights landing,2007,zero_recaptures,number_recaptured,2 trial(s) with 0 recaptures in run year 2007 at knights landing (sacramento river),2,minor,warning,open,,,
efficiency__sacramento_river__knights_landing__2008__zero_recaptures__number_recaptured,7/2/26,efficiency,sacramento river,knights landing,2008,zero_recaptures,number_recaptured,1 trial(s) with 0 recaptures in run year 2008 at knights landing (sacramento river),1,minor,warning,open,,,
efficiency__sacramento_river__knights_landing__2009__zero_recaptures__number_recaptured,7/2/26,efficiency,sacramento river,knights landing,2009,zero_recaptures,number_recaptured,2 trial(s) with 0 recaptures in run year 2009 at knights landing (sacramento river),2,minor,warning,open,,,
efficiency__sacramento_river__knights_landing__2011__zero_recaptures__number_recaptured,7/2/26,efficiency,sacramento river,knights landing,2011,zero_recaptures,number_recaptured,1 trial(s) with 0 recaptures in run year 2011 at knights landing (sacramento river),1,minor,warning,open,,,
efficiency__sacramento_river__knights_landing__2012__zero_recaptures__number_recaptured,7/2/26,efficiency,sacramento river,knights landing,2012,zero_recaptures,number_recaptured,1 trial(s) with 0 recaptures in run year 2012 at knights landing (sacramento river),1,minor,warning,open,,,
efficiency__sacramento_river__knights_landing__2014__zero_recaptures__number_recaptured,7/2/26,efficiency,sacramento river,knights landing,2014,zero_recaptures,number_recaptured,1 trial(s) with 0 recaptures in run year 2014 at knights landing (sacramento river),1,minor,warning,open,,,
efficiency__sacramento_river__knights_landing__2015__zero_recaptures__number_recaptured,7/2/26,efficiency,sacramento river,knights landing,2015,zero_recaptures,number_recaptured,3 trial(s) with 0 recaptures in run year 2015 at knights landing (sacramento river),3,minor,warning,open,,,
efficiency__sacramento_river__knights_landing__2016__zero_recaptures__number_recaptured,7/2/26,efficiency,sacramento river,knights landing,2016,zero_recaptures,number_recaptured,10 trial(s) with 0 recaptures in run year 2016 at knights landing (sacramento river),10,minor,warning,open,,,
efficiency__sacramento_river__knights_landing__2017__zero_recaptures__number_recaptured,7/2/26,efficiency,sacramento river,knights landing,2017,zero_recaptures,number_recaptured,2 trial(s) with 0 recaptures in run year 2017 at knights landing (sacramento river),2,minor,warning,open,,,
efficiency__sacramento_river__knights_landing__2018__zero_recaptures__number_recaptured,7/2/26,efficiency,sacramento river,knights landing,2018,zero_recaptures,number_recaptured,1 trial(s) with 0 recaptures in run year 2018 at knights landing (sacramento river),1,minor,warning,open,,,
efficiency__sacramento_river__knights_landing__2019__zero_recaptures__number_recaptured,7/2/26,efficiency,sacramento river,knights landing,2019,zero_recaptures,number_recaptured,6 trial(s) with 0 recaptures in run year 2019 at knights landing (sacramento river),6,minor,warning,open,,,
efficiency__sacramento_river__knights_landing__2021__zero_recaptures__number_recaptured,7/2/26,efficiency,sacramento river,knights landing,2021,zero_recaptures,number_recaptured,3 trial(s) with 0 recaptures in run year 2021 at knights landing (sacramento river),3,minor,warning,open,,,
efficiency__sacramento_river__knights_landing__2022__zero_recaptures__number_recaptured,7/2/26,efficiency,sacramento river,knights landing,2022,zero_recaptures,number_recaptured,2 trial(s) with 0 recaptures in run year 2022 at knights landing (sacramento river),2,minor,warning,open,,,
efficiency__sacramento_river__knights_landing__2023__zero_recaptures__number_recaptured,7/2/26,efficiency,sacramento river,knights landing,2023,zero_recaptures,number_recaptured,1 trial(s) with 0 recaptures in run year 2023 at knights landing (sacramento river),1,minor,warning,open,,,
efficiency__sacramento_river__knights_landing__2024__zero_recaptures__number_recaptured,7/2/26,efficiency,sacramento river,knights landing,2024,zero_recaptures,number_recaptured,1 trial(s) with 0 recaptures in run year 2024 at knights landing (sacramento river),1,minor,warning,open,,,
efficiency__sacramento_river__knights_landing__2025__zero_recaptures__number_recaptured,7/2/26,efficiency,sacramento river,knights landing,2025,zero_recaptures,number_recaptured,1 trial(s) with 0 recaptures in run year 2025 at knights landing (sacramento river),1,minor,warning,open,,,
efficiency__sacramento_river__tisdale__2012__zero_recaptures__number_recaptured,7/2/26,efficiency,sacramento river,tisdale,2012,zero_recaptures,number_recaptured,8 trial(s) with 0 recaptures in run year 2012 at tisdale (sacramento river),8,minor,warning,open,,,
efficiency__sacramento_river__tisdale__2016__zero_recaptures__number_recaptured,7/2/26,efficiency,sacramento river,tisdale,2016,zero_recaptures,number_recaptured,6 trial(s) with 0 recaptures in run year 2016 at tisdale (sacramento river),6,minor,warning,open,,,
efficiency__sacramento_river__tisdale__2017__zero_recaptures__number_recaptured,7/2/26,efficiency,sacramento river,tisdale,2017,zero_recaptures,number_recaptured,1 trial(s) with 0 recaptures in run year 2017 at tisdale (sacramento river),1,minor,warning,open,,,
efficiency__sacramento_river__tisdale__2019__zero_recaptures__number_recaptured,7/2/26,efficiency,sacramento river,tisdale,2019,zero_recaptures,number_recaptured,3 trial(s) with 0 recaptures in run year 2019 at tisdale (sacramento river),3,minor,warning,open,,,
efficiency__sacramento_river__tisdale__2021__zero_recaptures__number_recaptured,7/2/26,efficiency,sacramento river,tisdale,2021,zero_recaptures,number_recaptured,1 trial(s) with 0 recaptures in run year 2021 at tisdale (sacramento river),1,minor,warning,open,,,
efficiency__sacramento_river__tisdale__2022__zero_recaptures__number_recaptured,7/2/26,efficiency,sacramento river,tisdale,2022,zero_recaptures,number_recaptured,3 trial(s) with 0 recaptures in run year 2022 at tisdale (sacramento river),3,minor,warning,open,,,
efficiency__sacramento_river__tisdale__2023__zero_recaptures__number_recaptured,7/2/26,efficiency,sacramento river,tisdale,2023,zero_recaptures,number_recaptured,1 trial(s) with 0 recaptures in run year 2023 at tisdale (sacramento river),1,minor,warning,open,,,
efficiency__sacramento_river__tisdale__2024__zero_recaptures__number_recaptured,7/2/26,efficiency,sacramento river,tisdale,2024,zero_recaptures,number_recaptured,3 trial(s) with 0 recaptures in run year 2024 at tisdale (sacramento river),3,minor,warning,open,,,
efficiency__battle_creek__ubc__2014__low_trial_coverage__n_trials,7/2/26,efficiency,battle creek,ubc,2014,low_trial_coverage,n_trials,Only 2 efficiency trial(s) in BTSPAS window for run year 2014 at ubc (battle creek). Already excluded from modeling: FALSE,2,moderate,warning,open,,,
efficiency__battle_creek__ubc__2025__low_trial_coverage__n_trials,7/2/26,efficiency,battle creek,ubc,2025,low_trial_coverage,n_trials,Only 1 efficiency trial(s) in BTSPAS window for run year 2025 at ubc (battle creek). Already excluded from modeling: FALSE,1,moderate,warning,open,,,
efficiency__butte_creek__okie_dam__2024__low_trial_coverage__n_trials,7/2/26,efficiency,butte creek,okie dam,2024,low_trial_coverage,n_trials,Only 2 efficiency trial(s) in BTSPAS window for run year 2024 at okie dam (butte creek). Already excluded from modeling: FALSE,2,moderate,warning,open,,,
efficiency__clear_creek__lcc__2023__low_trial_coverage__n_trials,7/2/26,efficiency,clear creek,lcc,2023,low_trial_coverage,n_trials,Only 2 efficiency trial(s) in BTSPAS window for run year 2023 at lcc (clear creek). Already excluded from modeling: FALSE,2,moderate,warning,open,,,
efficiency__clear_creek__ucc__2013__low_trial_coverage__n_trials,7/2/26,efficiency,clear creek,ucc,2013,low_trial_coverage,n_trials,Only 2 efficiency trial(s) in BTSPAS window for run year 2013 at ucc (clear creek). Already excluded from modeling: FALSE,2,moderate,warning,open,,,
efficiency__clear_creek__ucc__2019__low_trial_coverage__n_trials,7/2/26,efficiency,clear creek,ucc,2019,low_trial_coverage,n_trials,Only 1 efficiency trial(s) in BTSPAS window for run year 2019 at ucc (clear creek). Already excluded from modeling: FALSE,1,moderate,warning,open,,,
efficiency__clear_creek__ucc__2023__low_trial_coverage__n_trials,7/2/26,efficiency,clear creek,ucc,2023,low_trial_coverage,n_trials,Only 1 efficiency trial(s) in BTSPAS window for run year 2023 at ucc (clear creek). Already excluded from modeling: FALSE,1,moderate,warning,open,,,
efficiency__clear_creek__ucc__2024__low_trial_coverage__n_trials,7/2/26,efficiency,clear creek,ucc,2024,low_trial_coverage,n_trials,Only 2 efficiency trial(s) in BTSPAS window for run year 2024 at ucc (clear creek). Already excluded from modeling: FALSE,2,moderate,warning,open,,,
efficiency__clear_creek__ucc__2025__low_trial_coverage__n_trials,7/2/26,efficiency,clear creek,ucc,2025,low_trial_coverage,n_trials,Only 2 efficiency trial(s) in BTSPAS window for run year 2025 at ucc (clear creek). Already excluded from modeling: FALSE,2,moderate,warning,open,,,
efficiency__deer_creek__deer_creek__2026__low_trial_coverage__n_trials,7/2/26,efficiency,deer creek,deer creek,2026,low_trial_coverage,n_trials,Only 2 efficiency trial(s) in BTSPAS window for run year 2026 at deer creek (deer creek). Already excluded from modeling: FALSE,2,moderate,warning,open,,,
efficiency__feather_river__herringer_riffle__2017__low_trial_coverage__n_trials,7/2/26,efficiency,feather river,herringer riffle,2017,low_trial_coverage,n_trials,Only 2 efficiency trial(s) in BTSPAS window for run year 2017 at herringer riffle (feather river). Already excluded from modeling: TRUE,2,moderate,warning,open,,,
efficiency__feather_river__live_oak__1999__low_trial_coverage__n_trials,7/2/26,efficiency,feather river,live oak,1999,low_trial_coverage,n_trials,Only 2 efficiency trial(s) in BTSPAS window for run year 1999 at live oak (feather river). Already excluded from modeling: FALSE,2,moderate,warning,open,,,
efficiency__feather_river__sunset_pumps__2007__low_trial_coverage__n_trials,7/2/26,efficiency,feather river,sunset pumps,2007,low_trial_coverage,n_trials,Only 2 efficiency trial(s) in BTSPAS window for run year 2007 at sunset pumps (feather river). Already excluded from modeling: FALSE,2,moderate,warning,open,,,
efficiency__mill_creek__mill_creek__2026__low_trial_coverage__n_trials,7/2/26,efficiency,mill creek,mill creek,2026,low_trial_coverage,n_trials,Only 1 efficiency trial(s) in BTSPAS window for run year 2026 at mill creek (mill creek). Already excluded from modeling: TRUE,1,moderate,warning,open,,,
efficiency__sacramento_river__knights_landing__1999__low_trial_coverage__n_trials,7/2/26,efficiency,sacramento river,knights landing,1999,low_trial_coverage,n_trials,Only 2 efficiency trial(s) in BTSPAS window for run year 1999 at knights landing (sacramento river). Already excluded from modeling: FALSE,2,moderate,warning,open,,,
efficiency__sacramento_river__knights_landing__2023__low_trial_coverage__n_trials,7/2/26,efficiency,sacramento river,knights landing,2023,low_trial_coverage,n_trials,Only 2 efficiency trial(s) in BTSPAS window for run year 2023 at knights landing (sacramento river). Already excluded from modeling: FALSE,2,moderate,warning,open,,,
efficiency__sacramento_river__knights_landing__2024__low_trial_coverage__n_trials,7/2/26,efficiency,sacramento river,knights landing,2024,low_trial_coverage,n_trials,Only 1 efficiency trial(s) in BTSPAS window for run year 2024 at knights landing (sacramento river). Already excluded from modeling: FALSE,1,moderate,warning,open,,,
efficiency__sacramento_river__knights_landing__2025__low_trial_coverage__n_trials,7/2/26,efficiency,sacramento river,knights landing,2025,low_trial_coverage,n_trials,Only 1 efficiency trial(s) in BTSPAS window for run year 2025 at knights landing (sacramento river). Already excluded from modeling: FALSE,1,moderate,warning,open,,,
efficiency__sacramento_river__tisdale__2015__low_trial_coverage__n_trials,7/2/26,efficiency,sacramento river,tisdale,2015,low_trial_coverage,n_trials,Only 2 efficiency trial(s) in BTSPAS window for run year 2015 at tisdale (sacramento river). Already excluded from modeling: FALSE,2,moderate,warning,open,,,
efficiency__sacramento_river__tisdale__2018__low_trial_coverage__n_trials,7/2/26,efficiency,sacramento river,tisdale,2018,low_trial_coverage,n_trials,Only 1 efficiency trial(s) in BTSPAS window for run year 2018 at tisdale (sacramento river). Already excluded from modeling: FALSE,1,moderate,warning,open,,,
efficiency__sacramento_river__tisdale__2021__low_trial_coverage__n_trials,7/2/26,efficiency,sacramento river,tisdale,2021,low_trial_coverage,n_trials,Only 2 efficiency trial(s) in BTSPAS window for run year 2021 at tisdale (sacramento river). Already excluded from modeling: FALSE,2,moderate,warning,open,,,
efficiency__sacramento_river__knights_landing__2026__no_efficiency_trials__number_released,7/2/26,efficiency,sacramento river,knights landing,2026,no_efficiency_trials,number_released,knights landing (sacramento river) had RST catch activity in run year 2026 but zero efficiency trials logged anywhere in weekly_efficiency for that year,0,critical,error,open,,,
efficiency__yuba_river__hallwood__2026__no_efficiency_trials__number_released,7/2/26,efficiency,yuba river,hallwood,2026,no_efficiency_trials,number_released,hallwood (yuba river) had RST catch activity in run year 2026 but zero efficiency trials logged anywhere in weekly_efficiency for that year,0,critical,error,open,,,
efficiency__battle_creek__ubc__2026__no_efficiency_trials__number_released,7/2/26,efficiency,battle creek,ubc,2026,no_efficiency_trials,number_released,ubc (battle creek) had RST catch activity in run year 2026 but zero efficiency trials logged anywhere in weekly_efficiency for that year,0,critical,error,open,,,
efficiency__clear_creek__ucc__2026__no_efficiency_trials__number_released,7/2/26,efficiency,clear creek,ucc,2026,no_efficiency_trials,number_released,ucc (clear creek) had RST catch activity in run year 2026 but zero efficiency trials logged anywhere in weekly_efficiency for that year,0,critical,error,open,,,
efficiency__clear_creek__lcc__2026__no_efficiency_trials__number_released,7/2/26,efficiency,clear creek,lcc,2026,no_efficiency_trials,number_released,lcc (clear creek) had RST catch activity in run year 2026 but zero efficiency trials logged anywhere in weekly_efficiency for that year,0,critical,error,open,,,