week,year,stream,gage_number,gage_agency,site_group,parameter,statistic,value
1,1990,butte creek,11390000,USGS,butte creek,flow,max,207
1,1990,butte creek,11390000,USGS,butte creek,flow,mean,121.79613095238096
1,1990,butte creek,11390000,USGS,butte creek,flow,min,111
2,1990,butte creek,11390000,USGS,butte creek,flow,max,1260
2,1990,butte creek,11390000,USGS,butte creek,flow,mean,552.6741071428571
2,1990,butte creek,11390000,USGS,butte creek,flow,min,207
3,1990,butte creek,11390000,USGS,butte creek,flow,max,830
3,1990,butte creek,11390000,USGS,butte creek,flow,mean,402.4389880952381
3,1990,butte creek,11390000,USGS,butte creek,flow,min,242
4,1990,butte creek,11390000,USGS,butte creek,flow,max,242
4,1990,butte creek,11390000,USGS,butte creek,flow,mean,202.3125
4,1990,butte creek,11390000,USGS,butte creek,flow,min,177
5,1990,butte creek,11390000,USGS,butte creek,flow,max,377
5,1990,butte creek,11390000,USGS,butte creek,flow,mean,226.72767857142858
5,1990,butte creek,11390000,USGS,butte creek,flow,min,171
6,1990,butte creek,11390000,USGS,butte creek,flow,max,300
6,1990,butte creek,11390000,USGS,butte creek,flow,mean,231.61904761904762
6,1990,butte creek,11390000,USGS,butte creek,flow,min,192
7,1990,butte creek,11390000,USGS,butte creek,flow,max,381
7,1990,butte creek,11390000,USGS,butte creek,flow,mean,213.69047619047618
7,1990,butte creek,11390000,USGS,butte creek,flow,min,149
8,1990,butte creek,11390000,USGS,butte creek,flow,max,346
8,1990,butte creek,11390000,USGS,butte creek,flow,mean,254.48511904761907
8,1990,butte creek,11390000,USGS,butte creek,flow,min,154
9,1990,butte creek,11390000,USGS,butte creek,flow,max,647
9,1990,butte creek,11390000,USGS,butte creek,flow,mean,436.2455357142857
9,1990,butte creek,11390000,USGS,butte creek,flow,min,346
10,1990,butte creek,11390000,USGS,butte creek,flow,max,641
10,1990,butte creek,11390000,USGS,butte creek,flow,mean,479.2276785714286
10,1990,butte creek,11390000,USGS,butte creek,flow,min,391
11,1990,butte creek,11390000,USGS,butte creek,flow,max,480
11,1990,butte creek,11390000,USGS,butte creek,flow,mean,372.3050595238096
11,1990,butte creek,11390000,USGS,butte creek,flow,min,333
12,1990,butte creek,11390000,USGS,butte creek,flow,max,372
12,1990,butte creek,11390000,USGS,butte creek,flow,mean,364.6800595238096
12,1990,butte creek,11390000,USGS,butte creek,flow,min,359
13,1990,butte creek,11390000,USGS,butte creek,flow,max,368
13,1990,butte creek,11390000,USGS,butte creek,flow,mean,339.5267857142857
13,1990,butte creek,11390000,USGS,butte creek,flow,min,316
14,1990,butte creek,11390000,USGS,butte creek,flow,max,316
14,1990,butte creek,11390000,USGS,butte creek,flow,mean,309.26785714285717
14,1990,butte creek,11390000,USGS,butte creek,flow,min,304
15,1990,butte creek,11390000,USGS,butte creek,flow,max,304
15,1990,butte creek,11390000,USGS,butte creek,flow,mean,290.9821428571429
15,1990,butte creek,11390000,USGS,butte creek,flow,min,280
16,1990,butte creek,11390000,USGS,butte creek,flow,max,284
16,1990,butte creek,11390000,USGS,butte creek,flow,mean,265.0238095238095
16,1990,butte creek,11390000,USGS,butte creek,flow,min,242
17,1990,butte creek,11390000,USGS,butte creek,flow,max,312
17,1990,butte creek,11390000,USGS,butte creek,flow,mean,257.67113095238096
17,1990,butte creek,11390000,USGS,butte creek,flow,min,214
18,1990,butte creek,11390000,USGS,butte creek,flow,max,214
18,1990,butte creek,11390000,USGS,butte creek,flow,mean,192.48363095238093
18,1990,butte creek,11390000,USGS,butte creek,flow,min,165
19,1990,butte creek,11390000,USGS,butte creek,flow,max,171
19,1990,butte creek,11390000,USGS,butte creek,flow,mean,159.17113095238096
19,1990,butte creek,11390000,USGS,butte creek,flow,min,149
20,1990,butte creek,11390000,USGS,butte creek,flow,max,325
20,1990,butte creek,11390000,USGS,butte creek,flow,mean,146.68005952380955
20,1990,butte creek,11390000,USGS,butte creek,flow,min,126
21,1990,butte creek,11390000,USGS,butte creek,flow,max,739
21,1990,butte creek,11390000,USGS,butte creek,flow,mean,272.95386904761904
21,1990,butte creek,11390000,USGS,butte creek,flow,min,201
22,1990,butte creek,11390000,USGS,butte creek,flow,max,1030
22,1990,butte creek,11390000,USGS,butte creek,flow,mean,554.3794642857143
22,1990,butte creek,11390000,USGS,butte creek,flow,min,395
23,1990,butte creek,11390000,USGS,butte creek,flow,max,395
23,1990,butte creek,11390000,USGS,butte creek,flow,mean,311.85714285714283
23,1990,butte creek,11390000,USGS,butte creek,flow,min,204
24,1990,butte creek,11390000,USGS,butte creek,flow,max,272
24,1990,butte creek,11390000,USGS,butte creek,flow,mean,247.23809523809524
24,1990,butte creek,11390000,USGS,butte creek,flow,min,217
25,1990,butte creek,11390000,USGS,butte creek,flow,max,217
25,1990,butte creek,11390000,USGS,butte creek,flow,mean,163.52083333333331
25,1990,butte creek,11390000,USGS,butte creek,flow,min,108
26,1990,butte creek,11390000,USGS,butte creek,flow,max,168
26,1990,butte creek,11390000,USGS,butte creek,flow,mean,159.8363095238095
26,1990,butte creek,11390000,USGS,butte creek,flow,min,149
27,1990,butte creek,11390000,USGS,butte creek,flow,max,177
27,1990,butte creek,11390000,USGS,butte creek,flow,mean,154.47916666666666
27,1990,butte creek,11390000,USGS,butte creek,flow,min,141
28,1990,butte creek,11390000,USGS,butte creek,flow,max,171
28,1990,butte creek,11390000,USGS,butte creek,flow,mean,154.47619047619045
28,1990,butte creek,11390000,USGS,butte creek,flow,min,143
29,1990,butte creek,11390000,USGS,butte creek,flow,max,165
29,1990,butte creek,11390000,USGS,butte creek,flow,mean,145.25
29,1990,butte creek,11390000,USGS,butte creek,flow,min,117
30,1990,butte creek,11390000,USGS,butte creek,flow,max,162
30,1990,butte creek,11390000,USGS,butte creek,flow,mean,126.85119047619047
30,1990,butte creek,11390000,USGS,butte creek,flow,min,104
31,1990,butte creek,11390000,USGS,butte creek,flow,max,126
31,1990,butte creek,11390000,USGS,butte creek,flow,mean,116.66964285714286
31,1990,butte creek,11390000,USGS,butte creek,flow,min,106
32,1990,butte creek,11390000,USGS,butte creek,flow,max,123
32,1990,butte creek,11390000,USGS,butte creek,flow,mean,103.47470238095237
32,1990,butte creek,11390000,USGS,butte creek,flow,min,72
33,1990,butte creek,11390000,USGS,butte creek,flow,max,104
33,1990,butte creek,11390000,USGS,butte creek,flow,mean,95.39136904761905
33,1990,butte creek,11390000,USGS,butte creek,flow,min,91
34,1990,butte creek,11390000,USGS,butte creek,flow,max,123
34,1990,butte creek,11390000,USGS,butte creek,flow,mean,102.63541666666667
34,1990,butte creek,11390000,USGS,butte creek,flow,min,96
35,1990,butte creek,11390000,USGS,butte creek,flow,max,106
35,1990,butte creek,11390000,USGS,butte creek,flow,mean,98.77380952380952
35,1990,butte creek,11390000,USGS,butte creek,flow,min,91
36,1990,butte creek,11390000,USGS,butte creek,flow,max,99
36,1990,butte creek,11390000,USGS,butte creek,flow,mean,67.29910714285715
36,1990,butte creek,11390000,USGS,butte creek,flow,min,57
37,1990,butte creek,11390000,USGS,butte creek,flow,max,78
37,1990,butte creek,11390000,USGS,butte creek,flow,mean,60.14880952380952
37,1990,butte creek,11390000,USGS,butte creek,flow,min,46
38,1990,butte creek,11390000,USGS,butte creek,flow,max,71
38,1990,butte creek,11390000,USGS,butte creek,flow,mean,61.651785714285715
38,1990,butte creek,11390000,USGS,butte creek,flow,min,53
39,1990,butte creek,11390000,USGS,butte creek,flow,max,106
39,1990,butte creek,11390000,USGS,butte creek,flow,mean,77.41815476190474
39,1990,butte creek,11390000,USGS,butte creek,flow,min,68
40,1990,butte creek,11390000,USGS,butte creek,flow,max,74
40,1990,butte creek,11390000,USGS,butte creek,flow,mean,71.18452380952381
40,1990,butte creek,11390000,USGS,butte creek,flow,min,63
41,1990,butte creek,11390000,USGS,butte creek,flow,max,91
41,1990,butte creek,11390000,USGS,butte creek,flow,mean,75.35267857142857
41,1990,butte creek,11390000,USGS,butte creek,flow,min,70
42,1990,butte creek,11390000,USGS,butte creek,flow,max,104
42,1990,butte creek,11390000,USGS,butte creek,flow,mean,75.4315476190476
42,1990,butte creek,11390000,USGS,butte creek,flow,min,63
43,1990,butte creek,11390000,USGS,butte creek,flow,max,80
43,1990,butte creek,11390000,USGS,butte creek,flow,mean,72.7848731884058
43,1990,butte creek,11390000,USGS,butte creek,flow,min,42
44,1990,butte creek,11390000,USGS,butte creek,flow,max,211
44,1990,butte creek,11390000,USGS,butte creek,flow,mean,98.33035714285714
44,1990,butte creek,11390000,USGS,butte creek,flow,min,72
45,1990,butte creek,11390000,USGS,butte creek,flow,max,112
45,1990,butte creek,11390000,USGS,butte creek,flow,mean,89.27772152675503
45,1990,butte creek,11390000,USGS,butte creek,flow,min,82
46,1990,butte creek,11390000,USGS,butte creek,flow,max,133
46,1990,butte creek,11390000,USGS,butte creek,flow,mean,97.32695139911637
46,1990,butte creek,11390000,USGS,butte creek,flow,min,82
47,1990,butte creek,11390000,USGS,butte creek,flow,max,106
47,1990,butte creek,11390000,USGS,butte creek,flow,mean,92.26067746686304
47,1990,butte creek,11390000,USGS,butte creek,flow,min,82
48,1990,butte creek,11390000,USGS,butte creek,flow,max,162
48,1990,butte creek,11390000,USGS,butte creek,flow,mean,98.27982326951398
48,1990,butte creek,11390000,USGS,butte creek,flow,min,71
49,1990,butte creek,11390000,USGS,butte creek,flow,max,99
49,1990,butte creek,11390000,USGS,butte creek,flow,mean,89.11487481590574
49,1990,butte creek,11390000,USGS,butte creek,flow,min,82
50,1990,butte creek,11390000,USGS,butte creek,flow,max,165
50,1990,butte creek,11390000,USGS,butte creek,flow,mean,105.2518409425626
50,1990,butte creek,11390000,USGS,butte creek,flow,min,87
51,1990,butte creek,11390000,USGS,butte creek,flow,max,99
51,1990,butte creek,11390000,USGS,butte creek,flow,mean,82.8777614138439
51,1990,butte creek,11390000,USGS,butte creek,flow,min,49
52,1990,butte creek,11390000,USGS,butte creek,flow,max,117
52,1990,butte creek,11390000,USGS,butte creek,flow,mean,82.48895434462445
52,1990,butte creek,11390000,USGS,butte creek,flow,min,54
1,1991,butte creek,11390000,USGS,butte creek,flow,max,138
1,1991,butte creek,11390000,USGS,butte creek,flow,mean,87.35640648011783
1,1991,butte creek,11390000,USGS,butte creek,flow,min,73
2,1991,butte creek,11390000,USGS,butte creek,flow,max,146
2,1991,butte creek,11390000,USGS,butte creek,flow,mean,100.27402430044182
2,1991,butte creek,11390000,USGS,butte creek,flow,min,74
3,1991,butte creek,11390000,USGS,butte creek,flow,max,119
3,1991,butte creek,11390000,USGS,butte creek,flow,mean,91.55654761904762
3,1991,butte creek,11390000,USGS,butte creek,flow,min,78
4,1991,butte creek,11390000,USGS,butte creek,flow,max,91
4,1991,butte creek,11390000,USGS,butte creek,flow,mean,86.82886904761905
4,1991,butte creek,11390000,USGS,butte creek,flow,min,71
5,1991,butte creek,11390000,USGS,butte creek,flow,max,346
5,1991,butte creek,11390000,USGS,butte creek,flow,mean,136.77678571428572
5,1991,butte creek,11390000,USGS,butte creek,flow,min,81
6,1991,butte creek,11390000,USGS,butte creek,flow,max,308
6,1991,butte creek,11390000,USGS,butte creek,flow,mean,148.44196428571428
6,1991,butte creek,11390000,USGS,butte creek,flow,min,101
7,1991,butte creek,11390000,USGS,butte creek,flow,max,101
7,1991,butte creek,11390000,USGS,butte creek,flow,mean,96.62202380952381
7,1991,butte creek,11390000,USGS,butte creek,flow,min,89
8,1991,butte creek,11390000,USGS,butte creek,flow,max,94
8,1991,butte creek,11390000,USGS,butte creek,flow,mean,90.48511904761904
8,1991,butte creek,11390000,USGS,butte creek,flow,min,85
9,1991,butte creek,11390000,USGS,butte creek,flow,max,5080
9,1991,butte creek,11390000,USGS,butte creek,flow,mean,795.095238095238
9,1991,butte creek,11390000,USGS,butte creek,flow,min,85
10,1991,butte creek,11390000,USGS,butte creek,flow,max,3880
10,1991,butte creek,11390000,USGS,butte creek,flow,mean,686.0907738095239
10,1991,butte creek,11390000,USGS,butte creek,flow,min,329
11,1991,butte creek,11390000,USGS,butte creek,flow,max,2170
11,1991,butte creek,11390000,USGS,butte creek,flow,mean,561.1815476190476
11,1991,butte creek,11390000,USGS,butte creek,flow,min,308
12,1991,butte creek,11390000,USGS,butte creek,flow,max,976
12,1991,butte creek,11390000,USGS,butte creek,flow,mean,573.0521753804616
12,1991,butte creek,11390000,USGS,butte creek,flow,min,333
13,1991,butte creek,11390000,USGS,butte creek,flow,max,1150
13,1991,butte creek,11390000,USGS,butte creek,flow,mean,642.4550810014728
13,1991,butte creek,11390000,USGS,butte creek,flow,min,372
14,1991,butte creek,11390000,USGS,butte creek,flow,max,574
14,1991,butte creek,11390000,USGS,butte creek,flow,mean,514.1184278350516
14,1991,butte creek,11390000,USGS,butte creek,flow,min,480
21,1991,butte creek,11390000,USGS,butte creek,flow,max,363
21,1991,butte creek,11390000,USGS,butte creek,flow,mean,349.5781164400617
21,1991,butte creek,11390000,USGS,butte creek,flow,min,337
22,1991,butte creek,11390000,USGS,butte creek,flow,max,337
22,1991,butte creek,11390000,USGS,butte creek,flow,mean,305.18998527245947
22,1991,butte creek,11390000,USGS,butte creek,flow,min,284
23,1991,butte creek,11390000,USGS,butte creek,flow,max,284
23,1991,butte creek,11390000,USGS,butte creek,flow,mean,249.8821796759941
23,1991,butte creek,11390000,USGS,butte creek,flow,min,198
24,1991,butte creek,11390000,USGS,butte creek,flow,max,232
24,1991,butte creek,11390000,USGS,butte creek,flow,mean,197.92341678939619
24,1991,butte creek,11390000,USGS,butte creek,flow,min,157
25,1991,butte creek,11390000,USGS,butte creek,flow,max,157
25,1991,butte creek,11390000,USGS,butte creek,flow,mean,136.87187039764356
25,1991,butte creek,11390000,USGS,butte creek,flow,min,121
26,1991,butte creek,11390000,USGS,butte creek,flow,max,165
26,1991,butte creek,11390000,USGS,butte creek,flow,mean,127.67599410898379
26,1991,butte creek,11390000,USGS,butte creek,flow,min,115
27,1991,butte creek,11390000,USGS,butte creek,flow,max,117
27,1991,butte creek,11390000,USGS,butte creek,flow,mean,95.9322533136966
27,1991,butte creek,11390000,USGS,butte creek,flow,min,85
28,1991,butte creek,11390000,USGS,butte creek,flow,max,126
28,1991,butte creek,11390000,USGS,butte creek,flow,mean,112.55670103092783
28,1991,butte creek,11390000,USGS,butte creek,flow,min,87
29,1991,butte creek,11390000,USGS,butte creek,flow,max,149
29,1991,butte creek,11390000,USGS,butte creek,flow,mean,140.20118433971527
29,1991,butte creek,11390000,USGS,butte creek,flow,min,126
30,1991,butte creek,11390000,USGS,butte creek,flow,max,151
30,1991,butte creek,11390000,USGS,butte creek,flow,mean,143.13569280805103
30,1991,butte creek,11390000,USGS,butte creek,flow,min,131
31,1991,butte creek,11390000,USGS,butte creek,flow,max,168
31,1991,butte creek,11390000,USGS,butte creek,flow,mean,131.52890279823268
31,1991,butte creek,11390000,USGS,butte creek,flow,min,74
32,1991,butte creek,11390000,USGS,butte creek,flow,max,74
32,1991,butte creek,11390000,USGS,butte creek,flow,mean,70.33035714285715
32,1991,butte creek,11390000,USGS,butte creek,flow,min,67
33,1991,butte creek,11390000,USGS,butte creek,flow,max,73
33,1991,butte creek,11390000,USGS,butte creek,flow,mean,69.86163782523319
33,1991,butte creek,11390000,USGS,butte creek,flow,min,66
34,1991,butte creek,11390000,USGS,butte creek,flow,max,68
34,1991,butte creek,11390000,USGS,butte creek,flow,mean,64.91071428571429
34,1991,butte creek,11390000,USGS,butte creek,flow,min,63
35,1991,butte creek,11390000,USGS,butte creek,flow,max,63
35,1991,butte creek,11390000,USGS,butte creek,flow,mean,63
35,1991,butte creek,11390000,USGS,butte creek,flow,min,63
36,1991,butte creek,11390000,USGS,butte creek,flow,max,123
36,1991,butte creek,11390000,USGS,butte creek,flow,mean,109.38572303921569
36,1991,butte creek,11390000,USGS,butte creek,flow,min,104
37,1991,butte creek,11390000,USGS,butte creek,flow,max,115
37,1991,butte creek,11390000,USGS,butte creek,flow,mean,102.73363095238095
37,1991,butte creek,11390000,USGS,butte creek,flow,min,80
38,1991,butte creek,11390000,USGS,butte creek,flow,max,103
38,1991,butte creek,11390000,USGS,butte creek,flow,mean,71.85714285714286
38,1991,butte creek,11390000,USGS,butte creek,flow,min,53
39,1991,butte creek,11390000,USGS,butte creek,flow,max,65
39,1991,butte creek,11390000,USGS,butte creek,flow,mean,57.18749999999999
39,1991,butte creek,11390000,USGS,butte creek,flow,min,51
40,1991,butte creek,11390000,USGS,butte creek,flow,max,98
40,1991,butte creek,11390000,USGS,butte creek,flow,mean,55.348214285714285
40,1991,butte creek,11390000,USGS,butte creek,flow,min,51
41,1991,butte creek,11390000,USGS,butte creek,flow,max,54
41,1991,butte creek,11390000,USGS,butte creek,flow,mean,51.919642857142854
41,1991,butte creek,11390000,USGS,butte creek,flow,min,50
42,1991,butte creek,11390000,USGS,butte creek,flow,max,103
42,1991,butte creek,11390000,USGS,butte creek,flow,mean,54.580357142857146
42,1991,butte creek,11390000,USGS,butte creek,flow,min,48
43,1991,butte creek,11390000,USGS,butte creek,flow,max,320
43,1991,butte creek,11390000,USGS,butte creek,flow,mean,98.04742494824016
43,1991,butte creek,11390000,USGS,butte creek,flow,min,45
44,1991,butte creek,11390000,USGS,butte creek,flow,max,82
44,1991,butte creek,11390000,USGS,butte creek,flow,mean,70.34672619047619
44,1991,butte creek,11390000,USGS,butte creek,flow,min,60
45,1991,butte creek,11390000,USGS,butte creek,flow,max,85
45,1991,butte creek,11390000,USGS,butte creek,flow,mean,68.62849378881988
45,1991,butte creek,11390000,USGS,butte creek,flow,min,62
46,1991,butte creek,11390000,USGS,butte creek,flow,max,151
46,1991,butte creek,11390000,USGS,butte creek,flow,mean,80.80952380952382
46,1991,butte creek,11390000,USGS,butte creek,flow,min,62
47,1991,butte creek,11390000,USGS,butte creek,flow,max,112
47,1991,butte creek,11390000,USGS,butte creek,flow,mean,85.82142857142857
47,1991,butte creek,11390000,USGS,butte creek,flow,min,73
48,1991,butte creek,11390000,USGS,butte creek,flow,max,121
48,1991,butte creek,11390000,USGS,butte creek,flow,mean,80.00426065162908
48,1991,butte creek,11390000,USGS,butte creek,flow,min,71
49,1991,butte creek,11390000,USGS,butte creek,flow,max,180
49,1991,butte creek,11390000,USGS,butte creek,flow,mean,87.28125
49,1991,butte creek,11390000,USGS,butte creek,flow,min,66
50,1991,butte creek,11390000,USGS,butte creek,flow,max,94
50,1991,butte creek,11390000,USGS,butte creek,flow,mean,79.43154761904762
50,1991,butte creek,11390000,USGS,butte creek,flow,min,72
51,1991,butte creek,11390000,USGS,butte creek,flow,max,265
51,1991,butte creek,11390000,USGS,butte creek,flow,mean,109.97767857142857
51,1991,butte creek,11390000,USGS,butte creek,flow,min,73
52,1991,butte creek,11390000,USGS,butte creek,flow,max,354
52,1991,butte creek,11390000,USGS,butte creek,flow,mean,145.87351190476193
52,1991,butte creek,11390000,USGS,butte creek,flow,min,80
53,1991,butte creek,11390000,USGS,butte creek,flow,max,201
53,1991,butte creek,11390000,USGS,butte creek,flow,mean,168.19791666666666
53,1991,butte creek,11390000,USGS,butte creek,flow,min,146
1,1992,butte creek,11390000,USGS,butte creek,flow,max,838
1,1992,butte creek,11390000,USGS,butte creek,flow,mean,232.05357142857142
1,1992,butte creek,11390000,USGS,butte creek,flow,min,103
2,1992,butte creek,11390000,USGS,butte creek,flow,max,296
2,1992,butte creek,11390000,USGS,butte creek,flow,mean,155.6696428571429
2,1992,butte creek,11390000,USGS,butte creek,flow,min,110
3,1992,butte creek,11390000,USGS,butte creek,flow,max,121
3,1992,butte creek,11390000,USGS,butte creek,flow,mean,108.3184523809524
3,1992,butte creek,11390000,USGS,butte creek,flow,min,99
4,1992,butte creek,11390000,USGS,butte creek,flow,max,128
4,1992,butte creek,11390000,USGS,butte creek,flow,mean,102.24404761904762
4,1992,butte creek,11390000,USGS,butte creek,flow,min,96
5,1992,butte creek,11390000,USGS,butte creek,flow,max,143
5,1992,butte creek,11390000,USGS,butte creek,flow,mean,114.97619047619047
5,1992,butte creek,11390000,USGS,butte creek,flow,min,99
6,1992,butte creek,11390000,USGS,butte creek,flow,max,1420
6,1992,butte creek,11390000,USGS,butte creek,flow,mean,279.42559523809524
6,1992,butte creek,11390000,USGS,butte creek,flow,min,91
7,1992,butte creek,11390000,USGS,butte creek,flow,max,1920
7,1992,butte creek,11390000,USGS,butte creek,flow,mean,983.983630952381
7,1992,butte creek,11390000,USGS,butte creek,flow,min,610
8,1992,butte creek,11390000,USGS,butte creek,flow,max,3780
8,1992,butte creek,11390000,USGS,butte creek,flow,mean,1066.9761904761904
8,1992,butte creek,11390000,USGS,butte creek,flow,min,518
9,1992,butte creek,11390000,USGS,butte creek,flow,max,557
9,1992,butte creek,11390000,USGS,butte creek,flow,mean,446.141369047619
9,1992,butte creek,11390000,USGS,butte creek,flow,min,372
10,1992,butte creek,11390000,USGS,butte creek,flow,max,1100
10,1992,butte creek,11390000,USGS,butte creek,flow,mean,612.2604166666666
10,1992,butte creek,11390000,USGS,butte creek,flow,min,346
11,1992,butte creek,11390000,USGS,butte creek,flow,max,1130
11,1992,butte creek,11390000,USGS,butte creek,flow,mean,546.90625
11,1992,butte creek,11390000,USGS,butte creek,flow,min,354
12,1992,butte creek,11390000,USGS,butte creek,flow,max,838
12,1992,butte creek,11390000,USGS,butte creek,flow,mean,531.6815476190476
12,1992,butte creek,11390000,USGS,butte creek,flow,min,346
13,1992,butte creek,11390000,USGS,butte creek,flow,max,391
13,1992,butte creek,11390000,USGS,butte creek,flow,mean,369.9572993970315
13,1992,butte creek,11390000,USGS,butte creek,flow,min,350
14,1992,butte creek,11390000,USGS,butte creek,flow,max,395
14,1992,butte creek,11390000,USGS,butte creek,flow,mean,368.6546920433519
14,1992,butte creek,11390000,USGS,butte creek,flow,min,337
15,1992,butte creek,11390000,USGS,butte creek,flow,max,705
15,1992,butte creek,11390000,USGS,butte creek,flow,mean,439.4153473244968
15,1992,butte creek,11390000,USGS,butte creek,flow,min,288
16,1992,butte creek,11390000,USGS,butte creek,flow,max,635
16,1992,butte creek,11390000,USGS,butte creek,flow,mean,466.56259204712813
16,1992,butte creek,11390000,USGS,butte creek,flow,min,346
17,1992,butte creek,11390000,USGS,butte creek,flow,max,465
17,1992,butte creek,11390000,USGS,butte creek,flow,mean,359.788368311242
17,1992,butte creek,11390000,USGS,butte creek,flow,min,242
18,1992,butte creek,11390000,USGS,butte creek,flow,max,363
18,1992,butte creek,11390000,USGS,butte creek,flow,mean,316.48169858886115
18,1992,butte creek,11390000,USGS,butte creek,flow,min,235
19,1992,butte creek,11390000,USGS,butte creek,flow,max,329
19,1992,butte creek,11390000,USGS,butte creek,flow,mean,274.09375000000006
19,1992,butte creek,11390000,USGS,butte creek,flow,min,246
20,1992,butte creek,11390000,USGS,butte creek,flow,max,272
20,1992,butte creek,11390000,USGS,butte creek,flow,mean,245.17708333333331
20,1992,butte creek,11390000,USGS,butte creek,flow,min,232
21,1992,butte creek,11390000,USGS,butte creek,flow,max,276
21,1992,butte creek,11390000,USGS,butte creek,flow,mean,233.28571428571425
21,1992,butte creek,11390000,USGS,butte creek,flow,min,189
22,1992,butte creek,11390000,USGS,butte creek,flow,max,201
22,1992,butte creek,11390000,USGS,butte creek,flow,mean,170.35119047619045
22,1992,butte creek,11390000,USGS,butte creek,flow,min,117
23,1992,butte creek,11390000,USGS,butte creek,flow,max,208
23,1992,butte creek,11390000,USGS,butte creek,flow,mean,158.11160714285714
23,1992,butte creek,11390000,USGS,butte creek,flow,min,123
24,1992,butte creek,11390000,USGS,butte creek,flow,max,208
24,1992,butte creek,11390000,USGS,butte creek,flow,mean,145.2827380952381
24,1992,butte creek,11390000,USGS,butte creek,flow,min,117
25,1992,butte creek,11390000,USGS,butte creek,flow,max,208
25,1992,butte creek,11390000,USGS,butte creek,flow,mean,119.47767857142857
25,1992,butte creek,11390000,USGS,butte creek,flow,min,80
26,1992,butte creek,11390000,USGS,butte creek,flow,max,292
26,1992,butte creek,11390000,USGS,butte creek,flow,mean,127.01488095238096
26,1992,butte creek,11390000,USGS,butte creek,flow,min,93
27,1992,butte creek,11390000,USGS,butte creek,flow,max,257
27,1992,butte creek,11390000,USGS,butte creek,flow,mean,126.51785714285714
27,1992,butte creek,11390000,USGS,butte creek,flow,min,89
28,1992,butte creek,11390000,USGS,butte creek,flow,max,141
28,1992,butte creek,11390000,USGS,butte creek,flow,mean,119.68452380952382
28,1992,butte creek,11390000,USGS,butte creek,flow,min,103
29,1992,butte creek,11390000,USGS,butte creek,flow,max,138
29,1992,butte creek,11390000,USGS,butte creek,flow,mean,121.93601190476191
29,1992,butte creek,11390000,USGS,butte creek,flow,min,103
30,1992,butte creek,11390000,USGS,butte creek,flow,max,154
30,1992,butte creek,11390000,USGS,butte creek,flow,mean,139.22619047619048
30,1992,butte creek,11390000,USGS,butte creek,flow,min,123
31,1992,butte creek,11390000,USGS,butte creek,flow,max,138
31,1992,butte creek,11390000,USGS,butte creek,flow,mean,115.6800595238095
31,1992,butte creek,11390000,USGS,butte creek,flow,min,60
32,1992,butte creek,11390000,USGS,butte creek,flow,max,149
32,1992,butte creek,11390000,USGS,butte creek,flow,mean,117.69940476190474
32,1992,butte creek,11390000,USGS,butte creek,flow,min,70
33,1992,butte creek,11390000,USGS,butte creek,flow,max,171
33,1992,butte creek,11390000,USGS,butte creek,flow,mean,113.04910714285714
33,1992,butte creek,11390000,USGS,butte creek,flow,min,48
34,1992,butte creek,11390000,USGS,butte creek,flow,max,53
34,1992,butte creek,11390000,USGS,butte creek,flow,mean,48.36904761904761
34,1992,butte creek,11390000,USGS,butte creek,flow,min,42
35,1992,butte creek,11390000,USGS,butte creek,flow,max,59
35,1992,butte creek,11390000,USGS,butte creek,flow,mean,49.5832412862052
35,1992,butte creek,11390000,USGS,butte creek,flow,min,44
36,1992,butte creek,11390000,USGS,butte creek,flow,max,82
36,1992,butte creek,11390000,USGS,butte creek,flow,mean,50.65832106038291
36,1992,butte creek,11390000,USGS,butte creek,flow,min,47
37,1992,butte creek,11390000,USGS,butte creek,flow,max,62
37,1992,butte creek,11390000,USGS,butte creek,flow,mean,49.28733732078988
37,1992,butte creek,11390000,USGS,butte creek,flow,min,45
38,1992,butte creek,11390000,USGS,butte creek,flow,max,60
38,1992,butte creek,11390000,USGS,butte creek,flow,mean,53.06627393225331
38,1992,butte creek,11390000,USGS,butte creek,flow,min,45
39,1992,butte creek,11390000,USGS,butte creek,flow,max,65
39,1992,butte creek,11390000,USGS,butte creek,flow,mean,54.17967599410899
39,1992,butte creek,11390000,USGS,butte creek,flow,min,42
40,1992,butte creek,11390000,USGS,butte creek,flow,max,136
40,1992,butte creek,11390000,USGS,butte creek,flow,mean,102.33218117880436
40,1992,butte creek,11390000,USGS,butte creek,flow,min,52
41,1992,butte creek,11390000,USGS,butte creek,flow,max,117
41,1992,butte creek,11390000,USGS,butte creek,flow,mean,111.71331921944035
41,1992,butte creek,11390000,USGS,butte creek,flow,min,76
42,1992,butte creek,11390000,USGS,butte creek,flow,max,102
42,1992,butte creek,11390000,USGS,butte creek,flow,mean,90.07589285714286
42,1992,butte creek,11390000,USGS,butte creek,flow,min,54
43,1992,butte creek,11390000,USGS,butte creek,flow,max,254
43,1992,butte creek,11390000,USGS,butte creek,flow,mean,91.03066770186335
43,1992,butte creek,11390000,USGS,butte creek,flow,min,65
44,1992,butte creek,11390000,USGS,butte creek,flow,max,542
44,1992,butte creek,11390000,USGS,butte creek,flow,mean,173.86309523809524
44,1992,butte creek,11390000,USGS,butte creek,flow,min,62
45,1992,butte creek,11390000,USGS,butte creek,flow,max,120
45,1992,butte creek,11390000,USGS,butte creek,flow,mean,99.2247023809524
45,1992,butte creek,11390000,USGS,butte creek,flow,min,86
46,1992,butte creek,11390000,USGS,butte creek,flow,max,115
46,1992,butte creek,11390000,USGS,butte creek,flow,mean,96.43005952380952
46,1992,butte creek,11390000,USGS,butte creek,flow,min,71
47,1992,butte creek,11390000,USGS,butte creek,flow,max,127
47,1992,butte creek,11390000,USGS,butte creek,flow,mean,102.09077380952381
47,1992,butte creek,11390000,USGS,butte creek,flow,min,88
48,1992,butte creek,11390000,USGS,butte creek,flow,max,115
48,1992,butte creek,11390000,USGS,butte creek,flow,mean,94.17857142857142
48,1992,butte creek,11390000,USGS,butte creek,flow,min,84
49,1992,butte creek,11390000,USGS,butte creek,flow,max,497
49,1992,butte creek,11390000,USGS,butte creek,flow,mean,143.1547619047619
49,1992,butte creek,11390000,USGS,butte creek,flow,min,78
50,1992,butte creek,11390000,USGS,butte creek,flow,max,2290
50,1992,butte creek,11390000,USGS,butte creek,flow,mean,534.7767857142857
50,1992,butte creek,11390000,USGS,butte creek,flow,min,193
51,1992,butte creek,11390000,USGS,butte creek,flow,max,218
51,1992,butte creek,11390000,USGS,butte creek,flow,mean,178.53869047619045
51,1992,butte creek,11390000,USGS,butte creek,flow,min,149
52,1992,butte creek,11390000,USGS,butte creek,flow,max,418
52,1992,butte creek,11390000,USGS,butte creek,flow,mean,184.9970238095238
52,1992,butte creek,11390000,USGS,butte creek,flow,min,120
53,1992,butte creek,11390000,USGS,butte creek,flow,max,508
53,1992,butte creek,11390000,USGS,butte creek,flow,mean,273.59375
53,1992,butte creek,11390000,USGS,butte creek,flow,min,207
1,1993,butte creek,11390000,USGS,butte creek,flow,max,2760
1,1993,butte creek,11390000,USGS,butte creek,flow,mean,579.8065476190475
1,1993,butte creek,11390000,USGS,butte creek,flow,min,202
2,1993,butte creek,11390000,USGS,butte creek,flow,max,3240
2,1993,butte creek,11390000,USGS,butte creek,flow,mean,859.1116071428571
2,1993,butte creek,11390000,USGS,butte creek,flow,min,269
3,1993,butte creek,11390000,USGS,butte creek,flow,max,7410
3,1993,butte creek,11390000,USGS,butte creek,flow,mean,1603.126488095238
3,1993,butte creek,11390000,USGS,butte creek,flow,min,565
4,1993,butte creek,11390000,USGS,butte creek,flow,max,3720
4,1993,butte creek,11390000,USGS,butte creek,flow,mean,1238.3169642857142
4,1993,butte creek,11390000,USGS,butte creek,flow,min,600
5,1993,butte creek,11390000,USGS,butte creek,flow,max,617
5,1993,butte creek,11390000,USGS,butte creek,flow,mean,488.1681547619047
5,1993,butte creek,11390000,USGS,butte creek,flow,min,418
6,1993,butte creek,11390000,USGS,butte creek,flow,max,2080
6,1993,butte creek,11390000,USGS,butte creek,flow,mean,890.4419642857143
6,1993,butte creek,11390000,USGS,butte creek,flow,min,373
7,1993,butte creek,11390000,USGS,butte creek,flow,max,1650
7,1993,butte creek,11390000,USGS,butte creek,flow,mean,864.483630952381
7,1993,butte creek,11390000,USGS,butte creek,flow,min,576
8,1993,butte creek,11390000,USGS,butte creek,flow,max,4790
8,1993,butte creek,11390000,USGS,butte creek,flow,mean,1850.6696428571427
8,1993,butte creek,11390000,USGS,butte creek,flow,min,1050
9,1993,butte creek,11390000,USGS,butte creek,flow,max,1060
9,1993,butte creek,11390000,USGS,butte creek,flow,mean,730.1443452380953
9,1993,butte creek,11390000,USGS,butte creek,flow,min,588
10,1993,butte creek,11390000,USGS,butte creek,flow,max,685
10,1993,butte creek,11390000,USGS,butte creek,flow,mean,630.0416666666667
10,1993,butte creek,11390000,USGS,butte creek,flow,min,570
11,1993,butte creek,11390000,USGS,butte creek,flow,max,3780
11,1993,butte creek,11390000,USGS,butte creek,flow,mean,1174.5669642857142
11,1993,butte creek,11390000,USGS,butte creek,flow,min,629
12,1993,butte creek,11390000,USGS,butte creek,flow,max,2720
12,1993,butte creek,11390000,USGS,butte creek,flow,mean,1568.3720238095236
12,1993,butte creek,11390000,USGS,butte creek,flow,min,996
13,1993,butte creek,11390000,USGS,butte creek,flow,max,1700
13,1993,butte creek,11390000,USGS,butte creek,flow,mean,1129.970238095238
13,1993,butte creek,11390000,USGS,butte creek,flow,min,878
14,1993,butte creek,11390000,USGS,butte creek,flow,max,1130
14,1993,butte creek,11390000,USGS,butte creek,flow,mean,860.3062241200829
14,1993,butte creek,11390000,USGS,butte creek,flow,min,723
15,1993,butte creek,11390000,USGS,butte creek,flow,max,1010
15,1993,butte creek,11390000,USGS,butte creek,flow,mean,781.4827444275583
15,1993,butte creek,11390000,USGS,butte creek,flow,min,678
16,1993,butte creek,11390000,USGS,butte creek,flow,max,1790
16,1993,butte creek,11390000,USGS,butte creek,flow,mean,935.6517857142857
16,1993,butte creek,11390000,USGS,butte creek,flow,min,660
17,1993,butte creek,11390000,USGS,butte creek,flow,max,892
17,1993,butte creek,11390000,USGS,butte creek,flow,mean,724.5505952380953
17,1993,butte creek,11390000,USGS,butte creek,flow,min,641
18,1993,butte creek,11390000,USGS,butte creek,flow,max,1050
18,1993,butte creek,11390000,USGS,butte creek,flow,mean,750.7053571428572
18,1993,butte creek,11390000,USGS,butte creek,flow,min,660
19,1993,butte creek,11390000,USGS,butte creek,flow,max,822
19,1993,butte creek,11390000,USGS,butte creek,flow,mean,685.9398809523809
19,1993,butte creek,11390000,USGS,butte creek,flow,min,600
20,1993,butte creek,11390000,USGS,butte creek,flow,max,666
20,1993,butte creek,11390000,USGS,butte creek,flow,mean,575.4598214285713
20,1993,butte creek,11390000,USGS,butte creek,flow,min,519
21,1993,butte creek,11390000,USGS,butte creek,flow,max,678
21,1993,butte creek,11390000,USGS,butte creek,flow,mean,559.7857142857142
21,1993,butte creek,11390000,USGS,butte creek,flow,min,481
22,1993,butte creek,11390000,USGS,butte creek,flow,max,1420
22,1993,butte creek,11390000,USGS,butte creek,flow,mean,674.2440476190476
22,1993,butte creek,11390000,USGS,butte creek,flow,min,471
23,1993,butte creek,11390000,USGS,butte creek,flow,max,864
23,1993,butte creek,11390000,USGS,butte creek,flow,mean,664.9568452380953
23,1993,butte creek,11390000,USGS,butte creek,flow,min,559
24,1993,butte creek,11390000,USGS,butte creek,flow,max,654
24,1993,butte creek,11390000,USGS,butte creek,flow,mean,483.69791666666663
24,1993,butte creek,11390000,USGS,butte creek,flow,min,400
25,1993,butte creek,11390000,USGS,butte creek,flow,max,428
25,1993,butte creek,11390000,USGS,butte creek,flow,mean,369.7117844478217
25,1993,butte creek,11390000,USGS,butte creek,flow,min,258
26,1993,butte creek,11390000,USGS,butte creek,flow,max,339
26,1993,butte creek,11390000,USGS,butte creek,flow,mean,299.10267857142856
26,1993,butte creek,11390000,USGS,butte creek,flow,min,261
27,1993,butte creek,11390000,USGS,butte creek,flow,max,279
27,1993,butte creek,11390000,USGS,butte creek,flow,mean,255.46130952380958
27,1993,butte creek,11390000,USGS,butte creek,flow,min,224
28,1993,butte creek,11390000,USGS,butte creek,flow,max,234
28,1993,butte creek,11390000,USGS,butte creek,flow,mean,208.60180137844608
28,1993,butte creek,11390000,USGS,butte creek,flow,min,188
29,1993,butte creek,11390000,USGS,butte creek,flow,max,213
29,1993,butte creek,11390000,USGS,butte creek,flow,mean,199.04962406015036
29,1993,butte creek,11390000,USGS,butte creek,flow,min,185
30,1993,butte creek,11390000,USGS,butte creek,flow,max,204
30,1993,butte creek,11390000,USGS,butte creek,flow,mean,191.05803571428572
30,1993,butte creek,11390000,USGS,butte creek,flow,min,177
31,1993,butte creek,11390000,USGS,butte creek,flow,max,188
31,1993,butte creek,11390000,USGS,butte creek,flow,mean,171.9953477443609
31,1993,butte creek,11390000,USGS,butte creek,flow,min,156
32,1993,butte creek,11390000,USGS,butte creek,flow,max,169
32,1993,butte creek,11390000,USGS,butte creek,flow,mean,160.16815476190476
32,1993,butte creek,11390000,USGS,butte creek,flow,min,151
33,1993,butte creek,11390000,USGS,butte creek,flow,max,204
33,1993,butte creek,11390000,USGS,butte creek,flow,mean,169.05357142857142
33,1993,butte creek,11390000,USGS,butte creek,flow,min,146
34,1993,butte creek,11390000,USGS,butte creek,flow,max,169
34,1993,butte creek,11390000,USGS,butte creek,flow,mean,155.71428571428572
34,1993,butte creek,11390000,USGS,butte creek,flow,min,139
35,1993,butte creek,11390000,USGS,butte creek,flow,max,156
35,1993,butte creek,11390000,USGS,butte creek,flow,mean,139.7544642857143
35,1993,butte creek,11390000,USGS,butte creek,flow,min,108
36,1993,butte creek,11390000,USGS,butte creek,flow,max,144
36,1993,butte creek,11390000,USGS,butte creek,flow,mean,133.578869047619
36,1993,butte creek,11390000,USGS,butte creek,flow,min,113
37,1993,butte creek,11390000,USGS,butte creek,flow,max,169
37,1993,butte creek,11390000,USGS,butte creek,flow,mean,132.5595238095238
37,1993,butte creek,11390000,USGS,butte creek,flow,min,113
38,1993,butte creek,11390000,USGS,butte creek,flow,max,151
38,1993,butte creek,11390000,USGS,butte creek,flow,mean,113.99107142857146
38,1993,butte creek,11390000,USGS,butte creek,flow,min,64
39,1993,butte creek,11390000,USGS,butte creek,flow,max,115
39,1993,butte creek,11390000,USGS,butte creek,flow,mean,100.26041666666666
39,1993,butte creek,11390000,USGS,butte creek,flow,min,80
40,1993,butte creek,11390000,USGS,butte creek,flow,max,122
40,1993,butte creek,11390000,USGS,butte creek,flow,mean,100.72470238095238
40,1993,butte creek,11390000,USGS,butte creek,flow,min,78
41,1993,butte creek,11390000,USGS,butte creek,flow,max,196
41,1993,butte creek,11390000,USGS,butte creek,flow,mean,132.70846273291926
41,1993,butte creek,11390000,USGS,butte creek,flow,min,94
42,1993,butte creek,11390000,USGS,butte creek,flow,max,269
42,1993,butte creek,11390000,USGS,butte creek,flow,mean,156.83779761904762
42,1993,butte creek,11390000,USGS,butte creek,flow,min,88
43,1993,butte creek,11390000,USGS,butte creek,flow,max,124
43,1993,butte creek,11390000,USGS,butte creek,flow,mean,112.32440476190474
43,1993,butte creek,11390000,USGS,butte creek,flow,min,102
44,1993,butte creek,11390000,USGS,butte creek,flow,max,120
44,1993,butte creek,11390000,USGS,butte creek,flow,mean,109.61239511823035
44,1993,butte creek,11390000,USGS,butte creek,flow,min,99
45,1993,butte creek,11390000,USGS,butte creek,flow,max,127
45,1993,butte creek,11390000,USGS,butte creek,flow,mean,108.16815476190477
45,1993,butte creek,11390000,USGS,butte creek,flow,min,90
46,1993,butte creek,11390000,USGS,butte creek,flow,max,151
46,1993,butte creek,11390000,USGS,butte creek,flow,mean,115.37135025062658
46,1993,butte creek,11390000,USGS,butte creek,flow,min,94
47,1993,butte creek,11390000,USGS,butte creek,flow,max,120
47,1993,butte creek,11390000,USGS,butte creek,flow,mean,107.45535714285714
47,1993,butte creek,11390000,USGS,butte creek,flow,min,92
48,1993,butte creek,11390000,USGS,butte creek,flow,max,606
48,1993,butte creek,11390000,USGS,butte creek,flow,mean,179.87946428571428
48,1993,butte creek,11390000,USGS,butte creek,flow,min,102
49,1993,butte creek,11390000,USGS,butte creek,flow,max,1730
49,1993,butte creek,11390000,USGS,butte creek,flow,mean,280.1875
49,1993,butte creek,11390000,USGS,butte creek,flow,min,117
50,1993,butte creek,11390000,USGS,butte creek,flow,max,795
50,1993,butte creek,11390000,USGS,butte creek,flow,mean,387.0669642857143
50,1993,butte creek,11390000,USGS,butte creek,flow,min,241
51,1993,butte creek,11390000,USGS,butte creek,flow,max,244
51,1993,butte creek,11390000,USGS,butte creek,flow,mean,183.82886904761907
51,1993,butte creek,11390000,USGS,butte creek,flow,min,154
52,1993,butte creek,11390000,USGS,butte creek,flow,max,161
52,1993,butte creek,11390000,USGS,butte creek,flow,mean,153.61160714285714
52,1993,butte creek,11390000,USGS,butte creek,flow,min,146
53,1993,butte creek,11390000,USGS,butte creek,flow,max,149
53,1993,butte creek,11390000,USGS,butte creek,flow,mean,149
53,1993,butte creek,11390000,USGS,butte creek,flow,min,149
1,1994,butte creek,11390000,USGS,butte creek,flow,max,279
1,1994,butte creek,11390000,USGS,butte creek,flow,mean,184.05952380952382
1,1994,butte creek,11390000,USGS,butte creek,flow,min,146
2,1994,butte creek,11390000,USGS,butte creek,flow,max,183
2,1994,butte creek,11390000,USGS,butte creek,flow,mean,162.7380952380952
2,1994,butte creek,11390000,USGS,butte creek,flow,min,149
3,1994,butte creek,11390000,USGS,butte creek,flow,max,164
3,1994,butte creek,11390000,USGS,butte creek,flow,mean,151.75744047619045
3,1994,butte creek,11390000,USGS,butte creek,flow,min,144
4,1994,butte creek,11390000,USGS,butte creek,flow,max,829
4,1994,butte creek,11390000,USGS,butte creek,flow,mean,323.69047619047615
4,1994,butte creek,11390000,USGS,butte creek,flow,min,144
5,1994,butte creek,11390000,USGS,butte creek,flow,max,241
5,1994,butte creek,11390000,USGS,butte creek,flow,mean,196.27827380952382
5,1994,butte creek,11390000,USGS,butte creek,flow,min,169
6,1994,butte creek,11390000,USGS,butte creek,flow,max,1840
6,1994,butte creek,11390000,USGS,butte creek,flow,mean,545.5907738095239
6,1994,butte creek,11390000,USGS,butte creek,flow,min,164
7,1994,butte creek,11390000,USGS,butte creek,flow,max,648
7,1994,butte creek,11390000,USGS,butte creek,flow,mean,332.26934523809524
7,1994,butte creek,11390000,USGS,butte creek,flow,min,216
8,1994,butte creek,11390000,USGS,butte creek,flow,max,666
8,1994,butte creek,11390000,USGS,butte creek,flow,mean,438.4464285714286
8,1994,butte creek,11390000,USGS,butte creek,flow,min,330
9,1994,butte creek,11390000,USGS,butte creek,flow,max,466
9,1994,butte creek,11390000,USGS,butte creek,flow,mean,412.1011904761905
9,1994,butte creek,11390000,USGS,butte creek,flow,min,326
10,1994,butte creek,11390000,USGS,butte creek,flow,max,508
10,1994,butte creek,11390000,USGS,butte creek,flow,mean,424.0625
10,1994,butte creek,11390000,USGS,butte creek,flow,min,347
11,1994,butte creek,11390000,USGS,butte creek,flow,max,395
11,1994,butte creek,11390000,USGS,butte creek,flow,mean,360.7142857142858
11,1994,butte creek,11390000,USGS,butte creek,flow,min,335
12,1994,butte creek,11390000,USGS,butte creek,flow,max,343
12,1994,butte creek,11390000,USGS,butte creek,flow,mean,319.12351190476187
12,1994,butte creek,11390000,USGS,butte creek,flow,min,272
13,1994,butte creek,11390000,USGS,butte creek,flow,max,298
13,1994,butte creek,11390000,USGS,butte creek,flow,mean,288.8288690476191
13,1994,butte creek,11390000,USGS,butte creek,flow,min,272
14,1994,butte creek,11390000,USGS,butte creek,flow,max,343
14,1994,butte creek,11390000,USGS,butte creek,flow,mean,293.9255952380953
14,1994,butte creek,11390000,USGS,butte creek,flow,min,279
15,1994,butte creek,11390000,USGS,butte creek,flow,max,433
15,1994,butte creek,11390000,USGS,butte creek,flow,mean,325.6726190476191
15,1994,butte creek,11390000,USGS,butte creek,flow,min,294
16,1994,butte creek,11390000,USGS,butte creek,flow,max,343
16,1994,butte creek,11390000,USGS,butte creek,flow,mean,303.5982142857143
16,1994,butte creek,11390000,USGS,butte creek,flow,min,287
17,1994,butte creek,11390000,USGS,butte creek,flow,max,400
17,1994,butte creek,11390000,USGS,butte creek,flow,mean,319.9077380952381
17,1994,butte creek,11390000,USGS,butte creek,flow,min,227
18,1994,butte creek,11390000,USGS,butte creek,flow,max,373
18,1994,butte creek,11390000,USGS,butte creek,flow,mean,292.33184523809524
18,1994,butte creek,11390000,USGS,butte creek,flow,min,272
19,1994,butte creek,11390000,USGS,butte creek,flow,max,452
19,1994,butte creek,11390000,USGS,butte creek,flow,mean,357.28422619047615
19,1994,butte creek,11390000,USGS,butte creek,flow,min,294
20,1994,butte creek,11390000,USGS,butte creek,flow,max,347
20,1994,butte creek,11390000,USGS,butte creek,flow,mean,308.71875
20,1994,butte creek,11390000,USGS,butte creek,flow,min,279
21,1994,butte creek,11390000,USGS,butte creek,flow,max,298
21,1994,butte creek,11390000,USGS,butte creek,flow,mean,265.4136904761905
21,1994,butte creek,11390000,USGS,butte creek,flow,min,234
22,1994,butte creek,11390000,USGS,butte creek,flow,max,234
22,1994,butte creek,11390000,USGS,butte creek,flow,mean,210.26636904761904
22,1994,butte creek,11390000,USGS,butte creek,flow,min,188
23,1994,butte creek,11390000,USGS,butte creek,flow,max,204
23,1994,butte creek,11390000,USGS,butte creek,flow,mean,186.15029761904762
23,1994,butte creek,11390000,USGS,butte creek,flow,min,175
24,1994,butte creek,11390000,USGS,butte creek,flow,max,180
24,1994,butte creek,11390000,USGS,butte creek,flow,mean,163.30357142857142
24,1994,butte creek,11390000,USGS,butte creek,flow,min,149
25,1994,butte creek,11390000,USGS,butte creek,flow,max,161
25,1994,butte creek,11390000,USGS,butte creek,flow,mean,147.85714285714286
25,1994,butte creek,11390000,USGS,butte creek,flow,min,129
26,1994,butte creek,11390000,USGS,butte creek,flow,max,146
26,1994,butte creek,11390000,USGS,butte creek,flow,mean,129.26636904761904
26,1994,butte creek,11390000,USGS,butte creek,flow,min,108
27,1994,butte creek,11390000,USGS,butte creek,flow,max,183
27,1994,butte creek,11390000,USGS,butte creek,flow,mean,110.59450187969925
27,1994,butte creek,11390000,USGS,butte creek,flow,min,90
28,1994,butte creek,11390000,USGS,butte creek,flow,max,156
28,1994,butte creek,11390000,USGS,butte creek,flow,mean,142.8764880952381
28,1994,butte creek,11390000,USGS,butte creek,flow,min,86
29,1994,butte creek,11390000,USGS,butte creek,flow,max,129
29,1994,butte creek,11390000,USGS,butte creek,flow,mean,96.07291666666666
29,1994,butte creek,11390000,USGS,butte creek,flow,min,80
30,1994,butte creek,11390000,USGS,butte creek,flow,max,161
30,1994,butte creek,11390000,USGS,butte creek,flow,mean,117.4449404761905
30,1994,butte creek,11390000,USGS,butte creek,flow,min,90
31,1994,butte creek,11390000,USGS,butte creek,flow,max,149
31,1994,butte creek,11390000,USGS,butte creek,flow,mean,135.89285714285714
31,1994,butte creek,11390000,USGS,butte creek,flow,min,88
32,1994,butte creek,11390000,USGS,butte creek,flow,max,113
32,1994,butte creek,11390000,USGS,butte creek,flow,mean,77.58482142857143
32,1994,butte creek,11390000,USGS,butte creek,flow,min,55
33,1994,butte creek,11390000,USGS,butte creek,flow,max,74
33,1994,butte creek,11390000,USGS,butte creek,flow,mean,62.00148809523809
33,1994,butte creek,11390000,USGS,butte creek,flow,min,54
34,1994,butte creek,11390000,USGS,butte creek,flow,max,82
34,1994,butte creek,11390000,USGS,butte creek,flow,mean,65.64285714285714
34,1994,butte creek,11390000,USGS,butte creek,flow,min,54
35,1994,butte creek,11390000,USGS,butte creek,flow,max,92
35,1994,butte creek,11390000,USGS,butte creek,flow,mean,74.56101190476191
35,1994,butte creek,11390000,USGS,butte creek,flow,min,46
36,1994,butte creek,11390000,USGS,butte creek,flow,max,73
36,1994,butte creek,11390000,USGS,butte creek,flow,mean,68.11160714285714
36,1994,butte creek,11390000,USGS,butte creek,flow,min,54
37,1994,butte creek,11390000,USGS,butte creek,flow,max,156
37,1994,butte creek,11390000,USGS,butte creek,flow,mean,108.54315476190477
37,1994,butte creek,11390000,USGS,butte creek,flow,min,71
38,1994,butte creek,11390000,USGS,butte creek,flow,max,151
38,1994,butte creek,11390000,USGS,butte creek,flow,mean,79.22172619047618
38,1994,butte creek,11390000,USGS,butte creek,flow,min,59
39,1994,butte creek,11390000,USGS,butte creek,flow,max,78
39,1994,butte creek,11390000,USGS,butte creek,flow,mean,71.80208333333333
39,1994,butte creek,11390000,USGS,butte creek,flow,min,67
40,1994,butte creek,11390000,USGS,butte creek,flow,max,115
40,1994,butte creek,11390000,USGS,butte creek,flow,mean,81.8139880952381
40,1994,butte creek,11390000,USGS,butte creek,flow,min,69
41,1994,butte creek,11390000,USGS,butte creek,flow,max,80
41,1994,butte creek,11390000,USGS,butte creek,flow,mean,77.31845238095238
41,1994,butte creek,11390000,USGS,butte creek,flow,min,74
42,1994,butte creek,11390000,USGS,butte creek,flow,max,88
42,1994,butte creek,11390000,USGS,butte creek,flow,mean,81.67410714285714
42,1994,butte creek,11390000,USGS,butte creek,flow,min,64
43,1994,butte creek,11390000,USGS,butte creek,flow,max,175
43,1994,butte creek,11390000,USGS,butte creek,flow,mean,78.65159161490682
43,1994,butte creek,11390000,USGS,butte creek,flow,min,25
44,1994,butte creek,11390000,USGS,butte creek,flow,max,136
44,1994,butte creek,11390000,USGS,butte creek,flow,mean,83.59252070393374
44,1994,butte creek,11390000,USGS,butte creek,flow,min,71
45,1994,butte creek,11390000,USGS,butte creek,flow,max,395
45,1994,butte creek,11390000,USGS,butte creek,flow,mean,139.75
45,1994,butte creek,11390000,USGS,butte creek,flow,min,86
46,1994,butte creek,11390000,USGS,butte creek,flow,max,151
46,1994,butte creek,11390000,USGS,butte creek,flow,mean,113.22916666666667
46,1994,butte creek,11390000,USGS,butte creek,flow,min,96
47,1994,butte creek,11390000,USGS,butte creek,flow,max,188
47,1994,butte creek,11390000,USGS,butte creek,flow,mean,106.44047619047619
47,1994,butte creek,11390000,USGS,butte creek,flow,min,80
48,1994,butte creek,11390000,USGS,butte creek,flow,max,185
48,1994,butte creek,11390000,USGS,butte creek,flow,mean,118.80208333333334
48,1994,butte creek,11390000,USGS,butte creek,flow,min,99
49,1994,butte creek,11390000,USGS,butte creek,flow,max,1760
49,1994,butte creek,11390000,USGS,butte creek,flow,mean,427.1205357142858
49,1994,butte creek,11390000,USGS,butte creek,flow,min,115
50,1994,butte creek,11390000,USGS,butte creek,flow,max,298
50,1994,butte creek,11390000,USGS,butte creek,flow,mean,195.52529761904762
50,1994,butte creek,11390000,USGS,butte creek,flow,min,88
51,1994,butte creek,11390000,USGS,butte creek,flow,max,204
51,1994,butte creek,11390000,USGS,butte creek,flow,mean,169.02529761904762
51,1994,butte creek,11390000,USGS,butte creek,flow,min,108
52,1994,butte creek,11390000,USGS,butte creek,flow,max,218
52,1994,butte creek,11390000,USGS,butte creek,flow,mean,176.6904761904762
52,1994,butte creek,11390000,USGS,butte creek,flow,min,134
53,1994,butte creek,11390000,USGS,butte creek,flow,max,172
53,1994,butte creek,11390000,USGS,butte creek,flow,mean,166.8125
53,1994,butte creek,11390000,USGS,butte creek,flow,min,161
1,1995,butte creek,11390000,USGS,butte creek,flow,max,2210
1,1995,butte creek,11390000,USGS,butte creek,flow,mean,362.3677083333333
1,1995,butte creek,11390000,USGS,butte creek,flow,min,102
2,1995,butte creek,11390000,USGS,butte creek,flow,max,12100
2,1995,butte creek,11390000,USGS,butte creek,flow,mean,5450.952380952381
2,1995,butte creek,11390000,USGS,butte creek,flow,min,1980
3,1995,butte creek,11390000,USGS,butte creek,flow,max,6620
3,1995,butte creek,11390000,USGS,butte creek,flow,mean,1969.6666666666667
3,1995,butte creek,11390000,USGS,butte creek,flow,min,827
4,1995,butte creek,11390000,USGS,butte creek,flow,max,2020
4,1995,butte creek,11390000,USGS,butte creek,flow,mean,1465.1056547619046
4,1995,butte creek,11390000,USGS,butte creek,flow,min,807
5,1995,butte creek,11390000,USGS,butte creek,flow,max,1900
5,1995,butte creek,11390000,USGS,butte creek,flow,mean,1473.8839285714282
5,1995,butte creek,11390000,USGS,butte creek,flow,min,1120
6,1995,butte creek,11390000,USGS,butte creek,flow,max,1190
6,1995,butte creek,11390000,USGS,butte creek,flow,mean,876.3467261904763
6,1995,butte creek,11390000,USGS,butte creek,flow,min,510
7,1995,butte creek,11390000,USGS,butte creek,flow,max,794
7,1995,butte creek,11390000,USGS,butte creek,flow,mean,631.7217261904761
7,1995,butte creek,11390000,USGS,butte creek,flow,min,501
8,1995,butte creek,11390000,USGS,butte creek,flow,max,591
8,1995,butte creek,11390000,USGS,butte creek,flow,mean,500.98809523809524
8,1995,butte creek,11390000,USGS,butte creek,flow,min,455
9,1995,butte creek,11390000,USGS,butte creek,flow,max,1110
9,1995,butte creek,11390000,USGS,butte creek,flow,mean,585.985119047619
9,1995,butte creek,11390000,USGS,butte creek,flow,min,428
10,1995,butte creek,11390000,USGS,butte creek,flow,max,9530
10,1995,butte creek,11390000,USGS,butte creek,flow,mean,2940.526785714286
10,1995,butte creek,11390000,USGS,butte creek,flow,min,562
11,1995,butte creek,11390000,USGS,butte creek,flow,max,6240
11,1995,butte creek,11390000,USGS,butte creek,flow,mean,3946.1755952380954
11,1995,butte creek,11390000,USGS,butte creek,flow,min,2430
12,1995,butte creek,11390000,USGS,butte creek,flow,max,4360
12,1995,butte creek,11390000,USGS,butte creek,flow,mean,2818.2738095238096
12,1995,butte creek,11390000,USGS,butte creek,flow,min,2000
13,1995,butte creek,11390000,USGS,butte creek,flow,max,2030
13,1995,butte creek,11390000,USGS,butte creek,flow,mean,1607.752976190476
13,1995,butte creek,11390000,USGS,butte creek,flow,min,1390
14,1995,butte creek,11390000,USGS,butte creek,flow,max,4550
14,1995,butte creek,11390000,USGS,butte creek,flow,mean,2026.889880952381
14,1995,butte creek,11390000,USGS,butte creek,flow,min,1390
15,1995,butte creek,11390000,USGS,butte creek,flow,max,2920
15,1995,butte creek,11390000,USGS,butte creek,flow,mean,1713.9583333333335
15,1995,butte creek,11390000,USGS,butte creek,flow,min,1190
16,1995,butte creek,11390000,USGS,butte creek,flow,max,1230
16,1995,butte creek,11390000,USGS,butte creek,flow,mean,998.0818452380953
16,1995,butte creek,11390000,USGS,butte creek,flow,min,807
17,1995,butte creek,11390000,USGS,butte creek,flow,max,4060
17,1995,butte creek,11390000,USGS,butte creek,flow,mean,1023.9657738095237
17,1995,butte creek,11390000,USGS,butte creek,flow,min,754
18,1995,butte creek,11390000,USGS,butte creek,flow,max,6430
18,1995,butte creek,11390000,USGS,butte creek,flow,mean,2778.958333333333
18,1995,butte creek,11390000,USGS,butte creek,flow,min,1550
19,1995,butte creek,11390000,USGS,butte creek,flow,max,1600
19,1995,butte creek,11390000,USGS,butte creek,flow,mean,1251.6517857142858
19,1995,butte creek,11390000,USGS,butte creek,flow,min,1050
20,1995,butte creek,11390000,USGS,butte creek,flow,max,1140
20,1995,butte creek,11390000,USGS,butte creek,flow,mean,993.3690476190476
20,1995,butte creek,11390000,USGS,butte creek,flow,min,834
21,1995,butte creek,11390000,USGS,butte creek,flow,max,970
21,1995,butte creek,11390000,USGS,butte creek,flow,mean,895.3630952380953
21,1995,butte creek,11390000,USGS,butte creek,flow,min,787
22,1995,butte creek,11390000,USGS,butte creek,flow,max,926
22,1995,butte creek,11390000,USGS,butte creek,flow,mean,817.6622023809523
22,1995,butte creek,11390000,USGS,butte creek,flow,min,721
23,1995,butte creek,11390000,USGS,butte creek,flow,max,848
23,1995,butte creek,11390000,USGS,butte creek,flow,mean,677.2395833333333
23,1995,butte creek,11390000,USGS,butte creek,flow,min,534
24,1995,butte creek,11390000,USGS,butte creek,flow,max,1010
24,1995,butte creek,11390000,USGS,butte creek,flow,mean,651.6458333333333
24,1995,butte creek,11390000,USGS,butte creek,flow,min,487
25,1995,butte creek,11390000,USGS,butte creek,flow,max,728
25,1995,butte creek,11390000,USGS,butte creek,flow,mean,596.3601190476192
25,1995,butte creek,11390000,USGS,butte creek,flow,min,491
26,1995,butte creek,11390000,USGS,butte creek,flow,max,543
26,1995,butte creek,11390000,USGS,butte creek,flow,mean,457.01934523809524
26,1995,butte creek,11390000,USGS,butte creek,flow,min,403
27,1995,butte creek,11390000,USGS,butte creek,flow,max,433
27,1995,butte creek,11390000,USGS,butte creek,flow,mean,376.63690476190476
27,1995,butte creek,11390000,USGS,butte creek,flow,min,335
28,1995,butte creek,11390000,USGS,butte creek,flow,max,362
28,1995,butte creek,11390000,USGS,butte creek,flow,mean,313.44008799171843
28,1995,butte creek,11390000,USGS,butte creek,flow,min,271
29,1995,butte creek,11390000,USGS,butte creek,flow,max,277
29,1995,butte creek,11390000,USGS,butte creek,flow,mean,238.49343487394958
29,1995,butte creek,11390000,USGS,butte creek,flow,min,207
30,1995,butte creek,11390000,USGS,butte creek,flow,max,233
30,1995,butte creek,11390000,USGS,butte creek,flow,mean,212.43053471388552
30,1995,butte creek,11390000,USGS,butte creek,flow,min,195
31,1995,butte creek,11390000,USGS,butte creek,flow,max,222
31,1995,butte creek,11390000,USGS,butte creek,flow,mean,212.16071428571428
31,1995,butte creek,11390000,USGS,butte creek,flow,min,195
32,1995,butte creek,11390000,USGS,butte creek,flow,max,213
32,1995,butte creek,11390000,USGS,butte creek,flow,mean,204.00446428571428
32,1995,butte creek,11390000,USGS,butte creek,flow,min,195
33,1995,butte creek,11390000,USGS,butte creek,flow,max,207
33,1995,butte creek,11390000,USGS,butte creek,flow,mean,182.56398809523807
33,1995,butte creek,11390000,USGS,butte creek,flow,min,166
34,1995,butte creek,11390000,USGS,butte creek,flow,max,201
34,1995,butte creek,11390000,USGS,butte creek,flow,mean,185.42389455782316
34,1995,butte creek,11390000,USGS,butte creek,flow,min,166
36,1995,butte creek,11390000,USGS,butte creek,flow,max,137
36,1995,butte creek,11390000,USGS,butte creek,flow,mean,128.29595588235293
36,1995,butte creek,11390000,USGS,butte creek,flow,min,118
37,1995,butte creek,11390000,USGS,butte creek,flow,max,137
37,1995,butte creek,11390000,USGS,butte creek,flow,mean,123.45982142857143
37,1995,butte creek,11390000,USGS,butte creek,flow,min,103
38,1995,butte creek,11390000,USGS,butte creek,flow,max,129
38,1995,butte creek,11390000,USGS,butte creek,flow,mean,96.32380952380952
38,1995,butte creek,11390000,USGS,butte creek,flow,min,82
39,1995,butte creek,11390000,USGS,butte creek,flow,max,116
39,1995,butte creek,11390000,USGS,butte creek,flow,mean,97.92202380952381
39,1995,butte creek,11390000,USGS,butte creek,flow,min,82
40,1995,butte creek,11390000,USGS,butte creek,flow,max,135
40,1995,butte creek,11390000,USGS,butte creek,flow,mean,99.85892857142858
40,1995,butte creek,11390000,USGS,butte creek,flow,min,86
41,1995,butte creek,11390000,USGS,butte creek,flow,max,193
41,1995,butte creek,11390000,USGS,butte creek,flow,mean,133.23363095238093
41,1995,butte creek,11390000,USGS,butte creek,flow,min,107
42,1995,butte creek,11390000,USGS,butte creek,flow,max,169
42,1995,butte creek,11390000,USGS,butte creek,flow,mean,160.31547619047618
42,1995,butte creek,11390000,USGS,butte creek,flow,min,152
43,1995,butte creek,11390000,USGS,butte creek,flow,max,161
43,1995,butte creek,11390000,USGS,butte creek,flow,mean,118.92142857142858
43,1995,butte creek,11390000,USGS,butte creek,flow,min,96
44,1995,butte creek,11390000,USGS,butte creek,flow,max,122
44,1995,butte creek,11390000,USGS,butte creek,flow,mean,113.11244824016562
44,1995,butte creek,11390000,USGS,butte creek,flow,min,105
45,1995,butte creek,11390000,USGS,butte creek,flow,max,122
45,1995,butte creek,11390000,USGS,butte creek,flow,mean,113.35565476190477
45,1995,butte creek,11390000,USGS,butte creek,flow,min,105
46,1995,butte creek,11390000,USGS,butte creek,flow,max,120
46,1995,butte creek,11390000,USGS,butte creek,flow,mean,113.13392857142857
46,1995,butte creek,11390000,USGS,butte creek,flow,min,105
47,1995,butte creek,11390000,USGS,butte creek,flow,max,124
47,1995,butte creek,11390000,USGS,butte creek,flow,mean,114.12946428571429
47,1995,butte creek,11390000,USGS,butte creek,flow,min,103
48,1995,butte creek,11390000,USGS,butte creek,flow,max,175
48,1995,butte creek,11390000,USGS,butte creek,flow,mean,118.5386904761905
48,1995,butte creek,11390000,USGS,butte creek,flow,min,103
49,1995,butte creek,11390000,USGS,butte creek,flow,max,201
49,1995,butte creek,11390000,USGS,butte creek,flow,mean,146.79613095238096
49,1995,butte creek,11390000,USGS,butte creek,flow,min,113
50,1995,butte creek,11390000,USGS,butte creek,flow,max,5090
50,1995,butte creek,11390000,USGS,butte creek,flow,mean,828.3764880952382
50,1995,butte creek,11390000,USGS,butte creek,flow,min,118
51,1995,butte creek,11390000,USGS,butte creek,flow,max,538
51,1995,butte creek,11390000,USGS,butte creek,flow,mean,287.33035714285717
51,1995,butte creek,11390000,USGS,butte creek,flow,min,227
52,1995,butte creek,11390000,USGS,butte creek,flow,max,464
52,1995,butte creek,11390000,USGS,butte creek,flow,mean,251.7827380952381
52,1995,butte creek,11390000,USGS,butte creek,flow,min,181
53,1995,butte creek,11390000,USGS,butte creek,flow,max,450
53,1995,butte creek,11390000,USGS,butte creek,flow,mean,416.0729166666667
53,1995,butte creek,11390000,USGS,butte creek,flow,min,391
1,1996,butte creek,11390000,USGS,butte creek,flow,max,387
1,1996,butte creek,11390000,USGS,butte creek,flow,mean,286.5044642857143
1,1996,butte creek,11390000,USGS,butte creek,flow,min,219
2,1996,butte creek,11390000,USGS,butte creek,flow,max,241
2,1996,butte creek,11390000,USGS,butte creek,flow,mean,213.48809523809524
2,1996,butte creek,11390000,USGS,butte creek,flow,min,195
3,1996,butte creek,11390000,USGS,butte creek,flow,max,1400
3,1996,butte creek,11390000,USGS,butte creek,flow,mean,630.5848214285714
3,1996,butte creek,11390000,USGS,butte creek,flow,min,190
4,1996,butte creek,11390000,USGS,butte creek,flow,max,1250
4,1996,butte creek,11390000,USGS,butte creek,flow,mean,709.1026785714286
4,1996,butte creek,11390000,USGS,butte creek,flow,min,454
5,1996,butte creek,11390000,USGS,butte creek,flow,max,6320
5,1996,butte creek,11390000,USGS,butte creek,flow,mean,775.9821428571429
5,1996,butte creek,11390000,USGS,butte creek,flow,min,461
6,1996,butte creek,11390000,USGS,butte creek,flow,max,6210
6,1996,butte creek,11390000,USGS,butte creek,flow,mean,1713.1235119047615
6,1996,butte creek,11390000,USGS,butte creek,flow,min,756
7,1996,butte creek,11390000,USGS,butte creek,flow,max,1160
7,1996,butte creek,11390000,USGS,butte creek,flow,mean,719.3854166666666
7,1996,butte creek,11390000,USGS,butte creek,flow,min,597
8,1996,butte creek,11390000,USGS,butte creek,flow,max,6210
8,1996,butte creek,11390000,USGS,butte creek,flow,mean,2537.983630952381
8,1996,butte creek,11390000,USGS,butte creek,flow,min,1050
9,1996,butte creek,11390000,USGS,butte creek,flow,max,1220
9,1996,butte creek,11390000,USGS,butte creek,flow,mean,995.2752976190476
9,1996,butte creek,11390000,USGS,butte creek,flow,min,840
10,1996,butte creek,11390000,USGS,butte creek,flow,max,2450
10,1996,butte creek,11390000,USGS,butte creek,flow,mean,1193.2380952380952
10,1996,butte creek,11390000,USGS,butte creek,flow,min,780
11,1996,butte creek,11390000,USGS,butte creek,flow,max,1850
11,1996,butte creek,11390000,USGS,butte creek,flow,mean,1160.1562500000002
11,1996,butte creek,11390000,USGS,butte creek,flow,min,842
12,1996,butte creek,11390000,USGS,butte creek,flow,max,885
12,1996,butte creek,11390000,USGS,butte creek,flow,mean,752.6815476190476
12,1996,butte creek,11390000,USGS,butte creek,flow,min,638
13,1996,butte creek,11390000,USGS,butte creek,flow,max,801
13,1996,butte creek,11390000,USGS,butte creek,flow,mean,607.8005952380953
13,1996,butte creek,11390000,USGS,butte creek,flow,min,545
14,1996,butte creek,11390000,USGS,butte creek,flow,max,1770
14,1996,butte creek,11390000,USGS,butte creek,flow,mean,848.220238095238
14,1996,butte creek,11390000,USGS,butte creek,flow,min,543
15,1996,butte creek,11390000,USGS,butte creek,flow,max,734
15,1996,butte creek,11390000,USGS,butte creek,flow,mean,623.0982142857143
15,1996,butte creek,11390000,USGS,butte creek,flow,min,551
16,1996,butte creek,11390000,USGS,butte creek,flow,max,1260
16,1996,butte creek,11390000,USGS,butte creek,flow,mean,810.985119047619
16,1996,butte creek,11390000,USGS,butte creek,flow,min,524
17,1996,butte creek,11390000,USGS,butte creek,flow,max,896
17,1996,butte creek,11390000,USGS,butte creek,flow,mean,736.4449404761905
17,1996,butte creek,11390000,USGS,butte creek,flow,min,651
18,1996,butte creek,11390000,USGS,butte creek,flow,max,660
18,1996,butte creek,11390000,USGS,butte creek,flow,mean,608.7738095238095
18,1996,butte creek,11390000,USGS,butte creek,flow,min,548
19,1996,butte creek,11390000,USGS,butte creek,flow,max,550
19,1996,butte creek,11390000,USGS,butte creek,flow,mean,501.6934523809524
19,1996,butte creek,11390000,USGS,butte creek,flow,min,454
20,1996,butte creek,11390000,USGS,butte creek,flow,max,3670
20,1996,butte creek,11390000,USGS,butte creek,flow,mean,1135.9895833333335
20,1996,butte creek,11390000,USGS,butte creek,flow,min,454
21,1996,butte creek,11390000,USGS,butte creek,flow,max,1460
21,1996,butte creek,11390000,USGS,butte creek,flow,mean,1010.8720238095239
21,1996,butte creek,11390000,USGS,butte creek,flow,min,615
22,1996,butte creek,11390000,USGS,butte creek,flow,max,746
22,1996,butte creek,11390000,USGS,butte creek,flow,mean,596.2410714285714
22,1996,butte creek,11390000,USGS,butte creek,flow,min,482
23,1996,butte creek,11390000,USGS,butte creek,flow,max,497
23,1996,butte creek,11390000,USGS,butte creek,flow,mean,435.32291666666663
23,1996,butte creek,11390000,USGS,butte creek,flow,min,387
24,1996,butte creek,11390000,USGS,butte creek,flow,max,389
24,1996,butte creek,11390000,USGS,butte creek,flow,mean,356.0788690476191
24,1996,butte creek,11390000,USGS,butte creek,flow,min,277
25,1996,butte creek,11390000,USGS,butte creek,flow,max,332
25,1996,butte creek,11390000,USGS,butte creek,flow,mean,298.64732142857144
25,1996,butte creek,11390000,USGS,butte creek,flow,min,271
26,1996,butte creek,11390000,USGS,butte creek,flow,max,350
26,1996,butte creek,11390000,USGS,butte creek,flow,mean,275.3839285714286
26,1996,butte creek,11390000,USGS,butte creek,flow,min,244
27,1996,butte creek,11390000,USGS,butte creek,flow,max,258
27,1996,butte creek,11390000,USGS,butte creek,flow,mean,228.45535714285714
27,1996,butte creek,11390000,USGS,butte creek,flow,min,208
28,1996,butte creek,11390000,USGS,butte creek,flow,max,234
28,1996,butte creek,11390000,USGS,butte creek,flow,mean,201.11904761904762
28,1996,butte creek,11390000,USGS,butte creek,flow,min,137
29,1996,butte creek,11390000,USGS,butte creek,flow,max,246
29,1996,butte creek,11390000,USGS,butte creek,flow,mean,181.3244047619048
29,1996,butte creek,11390000,USGS,butte creek,flow,min,164
30,1996,butte creek,11390000,USGS,butte creek,flow,max,172
30,1996,butte creek,11390000,USGS,butte creek,flow,mean,116.24494047619046
30,1996,butte creek,11390000,USGS,butte creek,flow,min,86
31,1996,butte creek,11390000,USGS,butte creek,flow,max,175
31,1996,butte creek,11390000,USGS,butte creek,flow,mean,101.52053571428571
31,1996,butte creek,11390000,USGS,butte creek,flow,min,87
32,1996,butte creek,11390000,USGS,butte creek,flow,max,112
32,1996,butte creek,11390000,USGS,butte creek,flow,mean,95.75059523809524
32,1996,butte creek,11390000,USGS,butte creek,flow,min,80
33,1996,butte creek,11390000,USGS,butte creek,flow,max,258
33,1996,butte creek,11390000,USGS,butte creek,flow,mean,170.25773809523812
33,1996,butte creek,11390000,USGS,butte creek,flow,min,85
34,1996,butte creek,11390000,USGS,butte creek,flow,max,177
34,1996,butte creek,11390000,USGS,butte creek,flow,mean,104.83601190476192
34,1996,butte creek,11390000,USGS,butte creek,flow,min,97
35,1996,butte creek,11390000,USGS,butte creek,flow,max,196
35,1996,butte creek,11390000,USGS,butte creek,flow,mean,119.17142857142858
35,1996,butte creek,11390000,USGS,butte creek,flow,min,91
36,1996,butte creek,11390000,USGS,butte creek,flow,max,175
36,1996,butte creek,11390000,USGS,butte creek,flow,mean,159.08779761904762
36,1996,butte creek,11390000,USGS,butte creek,flow,min,143
37,1996,butte creek,11390000,USGS,butte creek,flow,max,204
37,1996,butte creek,11390000,USGS,butte creek,flow,mean,164.84375
37,1996,butte creek,11390000,USGS,butte creek,flow,min,146
38,1996,butte creek,11390000,USGS,butte creek,flow,max,294
38,1996,butte creek,11390000,USGS,butte creek,flow,mean,174.08333333333331
38,1996,butte creek,11390000,USGS,butte creek,flow,min,153
39,1996,butte creek,11390000,USGS,butte creek,flow,max,165
39,1996,butte creek,11390000,USGS,butte creek,flow,mean,155.75446428571428
39,1996,butte creek,11390000,USGS,butte creek,flow,min,141
40,1996,butte creek,11390000,USGS,butte creek,flow,max,162
40,1996,butte creek,11390000,USGS,butte creek,flow,mean,153.98958333333331
40,1996,butte creek,11390000,USGS,butte creek,flow,min,142
41,1996,butte creek,11390000,USGS,butte creek,flow,max,169
41,1996,butte creek,11390000,USGS,butte creek,flow,mean,132.32113095238094
41,1996,butte creek,11390000,USGS,butte creek,flow,min,99.8
42,1996,butte creek,11390000,USGS,butte creek,flow,max,168
42,1996,butte creek,11390000,USGS,butte creek,flow,mean,116.28720238095238
42,1996,butte creek,11390000,USGS,butte creek,flow,min,90
43,1996,butte creek,11390000,USGS,butte creek,flow,max,159
43,1996,butte creek,11390000,USGS,butte creek,flow,mean,123.60119047619047
43,1996,butte creek,11390000,USGS,butte creek,flow,min,109
44,1996,butte creek,11390000,USGS,butte creek,flow,max,264
44,1996,butte creek,11390000,USGS,butte creek,flow,mean,148.94345238095238
44,1996,butte creek,11390000,USGS,butte creek,flow,min,91
45,1996,butte creek,11390000,USGS,butte creek,flow,max,133
45,1996,butte creek,11390000,USGS,butte creek,flow,mean,121.10119047619048
45,1996,butte creek,11390000,USGS,butte creek,flow,min,110
46,1996,butte creek,11390000,USGS,butte creek,flow,max,296
46,1996,butte creek,11390000,USGS,butte creek,flow,mean,126.42708333333334
46,1996,butte creek,11390000,USGS,butte creek,flow,min,110
47,1996,butte creek,11390000,USGS,butte creek,flow,max,870
47,1996,butte creek,11390000,USGS,butte creek,flow,mean,427.0645050125313
47,1996,butte creek,11390000,USGS,butte creek,flow,min,235
48,1996,butte creek,11390000,USGS,butte creek,flow,max,300
48,1996,butte creek,11390000,USGS,butte creek,flow,mean,221.11011904761904
48,1996,butte creek,11390000,USGS,butte creek,flow,min,162
49,1996,butte creek,11390000,USGS,butte creek,flow,max,1820
49,1996,butte creek,11390000,USGS,butte creek,flow,mean,440.34226190476187
49,1996,butte creek,11390000,USGS,butte creek,flow,min,192
50,1996,butte creek,11390000,USGS,butte creek,flow,max,5270
50,1996,butte creek,11390000,USGS,butte creek,flow,mean,1640.151785714286
50,1996,butte creek,11390000,USGS,butte creek,flow,min,571
51,1996,butte creek,11390000,USGS,butte creek,flow,max,718
51,1996,butte creek,11390000,USGS,butte creek,flow,mean,493.203869047619
51,1996,butte creek,11390000,USGS,butte creek,flow,min,394
52,1996,butte creek,11390000,USGS,butte creek,flow,max,4850
52,1996,butte creek,11390000,USGS,butte creek,flow,mean,1250.0431547619046
52,1996,butte creek,11390000,USGS,butte creek,flow,min,359
53,1996,butte creek,11390000,USGS,butte creek,flow,max,9280
53,1996,butte creek,11390000,USGS,butte creek,flow,mean,7771.614583333334
53,1996,butte creek,11390000,USGS,butte creek,flow,min,4980
2,1997,butte creek,11390000,USGS,butte creek,flow,max,1330
2,1997,butte creek,11390000,USGS,butte creek,flow,mean,917.4494047619048
2,1997,butte creek,11390000,USGS,butte creek,flow,min,634
3,1997,butte creek,11390000,USGS,butte creek,flow,max,967
3,1997,butte creek,11390000,USGS,butte creek,flow,mean,643.5729166666666
3,1997,butte creek,11390000,USGS,butte creek,flow,min,618
4,1997,butte creek,11390000,USGS,butte creek,flow,max,5860
4,1997,butte creek,11390000,USGS,butte creek,flow,mean,2865.848214285714
4,1997,butte creek,11390000,USGS,butte creek,flow,min,1010
5,1997,butte creek,11390000,USGS,butte creek,flow,max,2690
5,1997,butte creek,11390000,USGS,butte creek,flow,mean,1498.141369047619
5,1997,butte creek,11390000,USGS,butte creek,flow,min,945
6,1997,butte creek,11390000,USGS,butte creek,flow,max,1010
6,1997,butte creek,11390000,USGS,butte creek,flow,mean,747.360119047619
6,1997,butte creek,11390000,USGS,butte creek,flow,min,623
7,1997,butte creek,11390000,USGS,butte creek,flow,max,628
7,1997,butte creek,11390000,USGS,butte creek,flow,mean,566.8005952380953
7,1997,butte creek,11390000,USGS,butte creek,flow,min,522
8,1997,butte creek,11390000,USGS,butte creek,flow,max,537
8,1997,butte creek,11390000,USGS,butte creek,flow,mean,465.10763888888886
8,1997,butte creek,11390000,USGS,butte creek,flow,min,366
9,1997,butte creek,11390000,USGS,butte creek,flow,max,523
9,1997,butte creek,11390000,USGS,butte creek,flow,mean,382.2708333333333
9,1997,butte creek,11390000,USGS,butte creek,flow,min,332
10,1997,butte creek,11390000,USGS,butte creek,flow,max,380
10,1997,butte creek,11390000,USGS,butte creek,flow,mean,315.9888392857143
10,1997,butte creek,11390000,USGS,butte creek,flow,min,272
11,1997,butte creek,11390000,USGS,butte creek,flow,max,413
11,1997,butte creek,11390000,USGS,butte creek,flow,mean,308.0044642857143
11,1997,butte creek,11390000,USGS,butte creek,flow,min,268
12,1997,butte creek,11390000,USGS,butte creek,flow,max,334
12,1997,butte creek,11390000,USGS,butte creek,flow,mean,310.27232142857144
12,1997,butte creek,11390000,USGS,butte creek,flow,min,295
13,1997,butte creek,11390000,USGS,butte creek,flow,max,329
13,1997,butte creek,11390000,USGS,butte creek,flow,mean,295.76190476190476
13,1997,butte creek,11390000,USGS,butte creek,flow,min,229
14,1997,butte creek,11390000,USGS,butte creek,flow,max,285
14,1997,butte creek,11390000,USGS,butte creek,flow,mean,274.03163402457756
14,1997,butte creek,11390000,USGS,butte creek,flow,min,264
15,1997,butte creek,11390000,USGS,butte creek,flow,max,285
15,1997,butte creek,11390000,USGS,butte creek,flow,mean,260.9657738095238
15,1997,butte creek,11390000,USGS,butte creek,flow,min,210
16,1997,butte creek,11390000,USGS,butte creek,flow,max,413
16,1997,butte creek,11390000,USGS,butte creek,flow,mean,306.30208333333337
16,1997,butte creek,11390000,USGS,butte creek,flow,min,210
17,1997,butte creek,11390000,USGS,butte creek,flow,max,329
17,1997,butte creek,11390000,USGS,butte creek,flow,mean,298.68758753501396
17,1997,butte creek,11390000,USGS,butte creek,flow,min,279
18,1997,butte creek,11390000,USGS,butte creek,flow,max,285
18,1997,butte creek,11390000,USGS,butte creek,flow,mean,261.5699404761905
18,1997,butte creek,11390000,USGS,butte creek,flow,min,234
19,1997,butte creek,11390000,USGS,butte creek,flow,max,239
19,1997,butte creek,11390000,USGS,butte creek,flow,mean,215.44940476190476
19,1997,butte creek,11390000,USGS,butte creek,flow,min,201
20,1997,butte creek,11390000,USGS,butte creek,flow,max,201
20,1997,butte creek,11390000,USGS,butte creek,flow,mean,194.02529761904762
20,1997,butte creek,11390000,USGS,butte creek,flow,min,188
21,1997,butte creek,11390000,USGS,butte creek,flow,max,210
21,1997,butte creek,11390000,USGS,butte creek,flow,mean,191.20089285714286
21,1997,butte creek,11390000,USGS,butte creek,flow,min,183
22,1997,butte creek,11390000,USGS,butte creek,flow,max,183
22,1997,butte creek,11390000,USGS,butte creek,flow,mean,177.36011904761904
22,1997,butte creek,11390000,USGS,butte creek,flow,min,162
23,1997,butte creek,11390000,USGS,butte creek,flow,max,229
23,1997,butte creek,11390000,USGS,butte creek,flow,mean,183.63988095238093
23,1997,butte creek,11390000,USGS,butte creek,flow,min,166
24,1997,butte creek,11390000,USGS,butte creek,flow,max,201
24,1997,butte creek,11390000,USGS,butte creek,flow,mean,191.75892857142858
24,1997,butte creek,11390000,USGS,butte creek,flow,min,179
25,1997,butte creek,11390000,USGS,butte creek,flow,max,188
25,1997,butte creek,11390000,USGS,butte creek,flow,mean,173.09672619047618
25,1997,butte creek,11390000,USGS,butte creek,flow,min,166
26,1997,butte creek,11390000,USGS,butte creek,flow,max,188
26,1997,butte creek,11390000,USGS,butte creek,flow,mean,165.64434523809524
26,1997,butte creek,11390000,USGS,butte creek,flow,min,150
27,1997,butte creek,11390000,USGS,butte creek,flow,max,179
27,1997,butte creek,11390000,USGS,butte creek,flow,mean,164.32589285714286
27,1997,butte creek,11390000,USGS,butte creek,flow,min,154
28,1997,butte creek,11390000,USGS,butte creek,flow,max,162
28,1997,butte creek,11390000,USGS,butte creek,flow,mean,158.3630952380952
28,1997,butte creek,11390000,USGS,butte creek,flow,min,150
29,1997,butte creek,11390000,USGS,butte creek,flow,max,158
29,1997,butte creek,11390000,USGS,butte creek,flow,mean,153.99404761904762
29,1997,butte creek,11390000,USGS,butte creek,flow,min,150
30,1997,butte creek,11390000,USGS,butte creek,flow,max,162
30,1997,butte creek,11390000,USGS,butte creek,flow,mean,156.33333333333331
30,1997,butte creek,11390000,USGS,butte creek,flow,min,154
31,1997,butte creek,11390000,USGS,butte creek,flow,max,162
31,1997,butte creek,11390000,USGS,butte creek,flow,mean,155.54761904761904
31,1997,butte creek,11390000,USGS,butte creek,flow,min,150
32,1997,butte creek,11390000,USGS,butte creek,flow,max,170
32,1997,butte creek,11390000,USGS,butte creek,flow,mean,155.8824404761905
32,1997,butte creek,11390000,USGS,butte creek,flow,min,131
33,1997,butte creek,11390000,USGS,butte creek,flow,max,162
33,1997,butte creek,11390000,USGS,butte creek,flow,mean,152.06845238095238
33,1997,butte creek,11390000,USGS,butte creek,flow,min,106
34,1997,butte creek,11390000,USGS,butte creek,flow,max,179
34,1997,butte creek,11390000,USGS,butte creek,flow,mean,150.42113095238096
34,1997,butte creek,11390000,USGS,butte creek,flow,min,116
35,1997,butte creek,11390000,USGS,butte creek,flow,max,131
35,1997,butte creek,11390000,USGS,butte creek,flow,mean,126.51190476190477
35,1997,butte creek,11390000,USGS,butte creek,flow,min,123
36,1997,butte creek,11390000,USGS,butte creek,flow,max,127
36,1997,butte creek,11390000,USGS,butte creek,flow,mean,121.09672619047618
36,1997,butte creek,11390000,USGS,butte creek,flow,min,120
37,1997,butte creek,11390000,USGS,butte creek,flow,max,162
37,1997,butte creek,11390000,USGS,butte creek,flow,mean,123.0565476190476
37,1997,butte creek,11390000,USGS,butte creek,flow,min,116
38,1997,butte creek,11390000,USGS,butte creek,flow,max,131
38,1997,butte creek,11390000,USGS,butte creek,flow,mean,120.78125
38,1997,butte creek,11390000,USGS,butte creek,flow,min,113
39,1997,butte creek,11390000,USGS,butte creek,flow,max,123
39,1997,butte creek,11390000,USGS,butte creek,flow,mean,116.76339285714285
39,1997,butte creek,11390000,USGS,butte creek,flow,min,109
40,1997,butte creek,11390000,USGS,butte creek,flow,max,158
40,1997,butte creek,11390000,USGS,butte creek,flow,mean,118.75744047619048
40,1997,butte creek,11390000,USGS,butte creek,flow,min,113
41,1997,butte creek,11390000,USGS,butte creek,flow,max,269
41,1997,butte creek,11390000,USGS,butte creek,flow,mean,150.06696428571428
41,1997,butte creek,11390000,USGS,butte creek,flow,min,120
42,1997,butte creek,11390000,USGS,butte creek,flow,max,146
42,1997,butte creek,11390000,USGS,butte creek,flow,mean,140.70833333333331
42,1997,butte creek,11390000,USGS,butte creek,flow,min,134
43,1997,butte creek,11390000,USGS,butte creek,flow,max,166
43,1997,butte creek,11390000,USGS,butte creek,flow,mean,151.11878881987576
43,1997,butte creek,11390000,USGS,butte creek,flow,min,138
44,1997,butte creek,11390000,USGS,butte creek,flow,max,175
44,1997,butte creek,11390000,USGS,butte creek,flow,mean,164.01785714285714
44,1997,butte creek,11390000,USGS,butte creek,flow,min,142
45,1997,butte creek,11390000,USGS,butte creek,flow,max,224
45,1997,butte creek,11390000,USGS,butte creek,flow,mean,184.7098214285714
45,1997,butte creek,11390000,USGS,butte creek,flow,min,166
46,1997,butte creek,11390000,USGS,butte creek,flow,max,340
46,1997,butte creek,11390000,USGS,butte creek,flow,mean,254.49107142857142
46,1997,butte creek,11390000,USGS,butte creek,flow,min,192
47,1997,butte creek,11390000,USGS,butte creek,flow,max,370
47,1997,butte creek,11390000,USGS,butte creek,flow,mean,296.2842261904762
47,1997,butte creek,11390000,USGS,butte creek,flow,min,249
48,1997,butte creek,11390000,USGS,butte creek,flow,max,684
48,1997,butte creek,11390000,USGS,butte creek,flow,mean,386.7217261904762
48,1997,butte creek,11390000,USGS,butte creek,flow,min,301
49,1997,butte creek,11390000,USGS,butte creek,flow,max,923
49,1997,butte creek,11390000,USGS,butte creek,flow,mean,447.61620082815733
49,1997,butte creek,11390000,USGS,butte creek,flow,min,312
50,1997,butte creek,11390000,USGS,butte creek,flow,max,526
50,1997,butte creek,11390000,USGS,butte creek,flow,mean,343.9047619047619
50,1997,butte creek,11390000,USGS,butte creek,flow,min,219
51,1997,butte creek,11390000,USGS,butte creek,flow,max,491
51,1997,butte creek,11390000,USGS,butte creek,flow,mean,357.70982142857144
51,1997,butte creek,11390000,USGS,butte creek,flow,min,264
52,1997,butte creek,11390000,USGS,butte creek,flow,max,269
52,1997,butte creek,11390000,USGS,butte creek,flow,mean,232.31845238095238
52,1997,butte creek,11390000,USGS,butte creek,flow,min,210
53,1997,butte creek,11390000,USGS,butte creek,flow,max,224
53,1997,butte creek,11390000,USGS,butte creek,flow,mean,218.78125
53,1997,butte creek,11390000,USGS,butte creek,flow,min,210
1,1998,butte creek,11390000,USGS,butte creek,flow,max,1750
1,1998,butte creek,11390000,USGS,butte creek,flow,mean,615.8005952380953
1,1998,butte creek,11390000,USGS,butte creek,flow,min,146
2,1998,butte creek,11390000,USGS,butte creek,flow,max,6240
2,1998,butte creek,11390000,USGS,butte creek,flow,mean,1601.6517857142858
2,1998,butte creek,11390000,USGS,butte creek,flow,min,388
3,1998,butte creek,11390000,USGS,butte creek,flow,max,3670
3,1998,butte creek,11390000,USGS,butte creek,flow,mean,2248.869047619048
3,1998,butte creek,11390000,USGS,butte creek,flow,min,1280
4,1998,butte creek,11390000,USGS,butte creek,flow,max,1630
4,1998,butte creek,11390000,USGS,butte creek,flow,mean,1041.5357142857142
4,1998,butte creek,11390000,USGS,butte creek,flow,min,692
5,1998,butte creek,11390000,USGS,butte creek,flow,max,10400
5,1998,butte creek,11390000,USGS,butte creek,flow,mean,2446.2261904761904
5,1998,butte creek,11390000,USGS,butte creek,flow,min,997
6,1998,butte creek,11390000,USGS,butte creek,flow,max,5980
6,1998,butte creek,11390000,USGS,butte creek,flow,mean,3012.7380952380954
6,1998,butte creek,11390000,USGS,butte creek,flow,min,1620
7,1998,butte creek,11390000,USGS,butte creek,flow,max,2710
7,1998,butte creek,11390000,USGS,butte creek,flow,mean,1803.2440476190477
7,1998,butte creek,11390000,USGS,butte creek,flow,min,1380
8,1998,butte creek,11390000,USGS,butte creek,flow,max,3280
8,1998,butte creek,11390000,USGS,butte creek,flow,mean,1889.2113095238094
8,1998,butte creek,11390000,USGS,butte creek,flow,min,1350
9,1998,butte creek,11390000,USGS,butte creek,flow,max,1450
9,1998,butte creek,11390000,USGS,butte creek,flow,mean,1037.0282738095239
9,1998,butte creek,11390000,USGS,butte creek,flow,min,757
10,1998,butte creek,11390000,USGS,butte creek,flow,max,878
10,1998,butte creek,11390000,USGS,butte creek,flow,mean,677.3467261904761
10,1998,butte creek,11390000,USGS,butte creek,flow,min,562
11,1998,butte creek,11390000,USGS,butte creek,flow,max,842
11,1998,butte creek,11390000,USGS,butte creek,flow,mean,721.0178571428571
11,1998,butte creek,11390000,USGS,butte creek,flow,min,569
12,1998,butte creek,11390000,USGS,butte creek,flow,max,3570
12,1998,butte creek,11390000,USGS,butte creek,flow,mean,1399.498511904762
12,1998,butte creek,11390000,USGS,butte creek,flow,min,692
13,1998,butte creek,11390000,USGS,butte creek,flow,max,1950
13,1998,butte creek,11390000,USGS,butte creek,flow,mean,1222.953869047619
13,1998,butte creek,11390000,USGS,butte creek,flow,min,914
14,1998,butte creek,11390000,USGS,butte creek,flow,max,1320
14,1998,butte creek,11390000,USGS,butte creek,flow,mean,1005.7317312563322
14,1998,butte creek,11390000,USGS,butte creek,flow,min,860
15,1998,butte creek,11390000,USGS,butte creek,flow,max,1040
15,1998,butte creek,11390000,USGS,butte creek,flow,mean,911.0877976190476
15,1998,butte creek,11390000,USGS,butte creek,flow,min,732
16,1998,butte creek,11390000,USGS,butte creek,flow,max,799
16,1998,butte creek,11390000,USGS,butte creek,flow,mean,705.7217261904761
16,1998,butte creek,11390000,USGS,butte creek,flow,min,652
17,1998,butte creek,11390000,USGS,butte creek,flow,max,1120
17,1998,butte creek,11390000,USGS,butte creek,flow,mean,914.8556547619048
17,1998,butte creek,11390000,USGS,butte creek,flow,min,652
18,1998,butte creek,11390000,USGS,butte creek,flow,max,1310
18,1998,butte creek,11390000,USGS,butte creek,flow,mean,1045.297619047619
18,1998,butte creek,11390000,USGS,butte creek,flow,min,749
19,1998,butte creek,11390000,USGS,butte creek,flow,max,1760
19,1998,butte creek,11390000,USGS,butte creek,flow,mean,1202.3348214285713
19,1998,butte creek,11390000,USGS,butte creek,flow,min,941
20,1998,butte creek,11390000,USGS,butte creek,flow,max,1090
20,1998,butte creek,11390000,USGS,butte creek,flow,mean,910.2306547619048
20,1998,butte creek,11390000,USGS,butte creek,flow,min,740
21,1998,butte creek,11390000,USGS,butte creek,flow,max,1120
21,1998,butte creek,11390000,USGS,butte creek,flow,mean,832.1026785714286
21,1998,butte creek,11390000,USGS,butte creek,flow,min,637
22,1998,butte creek,11390000,USGS,butte creek,flow,max,2610
22,1998,butte creek,11390000,USGS,butte creek,flow,mean,1491.486607142857
22,1998,butte creek,11390000,USGS,butte creek,flow,min,905
23,1998,butte creek,11390000,USGS,butte creek,flow,max,1220
23,1998,butte creek,11390000,USGS,butte creek,flow,mean,898.6711309523811
23,1998,butte creek,11390000,USGS,butte creek,flow,min,724
24,1998,butte creek,11390000,USGS,butte creek,flow,max,1220
24,1998,butte creek,11390000,USGS,butte creek,flow,mean,868.4840561224491
24,1998,butte creek,11390000,USGS,butte creek,flow,min,700
25,1998,butte creek,11390000,USGS,butte creek,flow,max,676
25,1998,butte creek,11390000,USGS,butte creek,flow,mean,662.3697478991596
25,1998,butte creek,11390000,USGS,butte creek,flow,min,644
33,1998,butte creek,11390000,USGS,butte creek,flow,max,192
33,1998,butte creek,11390000,USGS,butte creek,flow,mean,189.73529411764707
33,1998,butte creek,11390000,USGS,butte creek,flow,min,183
34,1998,butte creek,11390000,USGS,butte creek,flow,max,196
34,1998,butte creek,11390000,USGS,butte creek,flow,mean,182.76488095238096
34,1998,butte creek,11390000,USGS,butte creek,flow,min,158
35,1998,butte creek,11390000,USGS,butte creek,flow,max,196
35,1998,butte creek,11390000,USGS,butte creek,flow,mean,175.12053571428572
35,1998,butte creek,11390000,USGS,butte creek,flow,min,158
36,1998,butte creek,11390000,USGS,butte creek,flow,max,205
36,1998,butte creek,11390000,USGS,butte creek,flow,mean,185.69345238095235
36,1998,butte creek,11390000,USGS,butte creek,flow,min,166
37,1998,butte creek,11390000,USGS,butte creek,flow,max,192
37,1998,butte creek,11390000,USGS,butte creek,flow,mean,162.32589285714286
37,1998,butte creek,11390000,USGS,butte creek,flow,min,99
38,1998,butte creek,11390000,USGS,butte creek,flow,max,188
38,1998,butte creek,11390000,USGS,butte creek,flow,mean,177.7425595238095
38,1998,butte creek,11390000,USGS,butte creek,flow,min,150
39,1998,butte creek,11390000,USGS,butte creek,flow,max,254
39,1998,butte creek,11390000,USGS,butte creek,flow,mean,201.86755952380955
39,1998,butte creek,11390000,USGS,butte creek,flow,min,179
40,1998,butte creek,11390000,USGS,butte creek,flow,max,242
40,1998,butte creek,11390000,USGS,butte creek,flow,mean,207.0610119047619
40,1998,butte creek,11390000,USGS,butte creek,flow,min,192
41,1998,butte creek,11390000,USGS,butte creek,flow,max,209
41,1998,butte creek,11390000,USGS,butte creek,flow,mean,197.15476190476193
41,1998,butte creek,11390000,USGS,butte creek,flow,min,189
42,1998,butte creek,11390000,USGS,butte creek,flow,max,199
42,1998,butte creek,11390000,USGS,butte creek,flow,mean,169.86160714285714
42,1998,butte creek,11390000,USGS,butte creek,flow,min,148
43,1998,butte creek,11390000,USGS,butte creek,flow,max,308
43,1998,butte creek,11390000,USGS,butte creek,flow,mean,181.19287008281574
43,1998,butte creek,11390000,USGS,butte creek,flow,min,103
44,1998,butte creek,11390000,USGS,butte creek,flow,max,194
44,1998,butte creek,11390000,USGS,butte creek,flow,mean,166.6369047619048
44,1998,butte creek,11390000,USGS,butte creek,flow,min,144
45,1998,butte creek,11390000,USGS,butte creek,flow,max,477
45,1998,butte creek,11390000,USGS,butte creek,flow,mean,220.76488095238096
45,1998,butte creek,11390000,USGS,butte creek,flow,min,152
46,1998,butte creek,11390000,USGS,butte creek,flow,max,327
46,1998,butte creek,11390000,USGS,butte creek,flow,mean,195.28720238095238
46,1998,butte creek,11390000,USGS,butte creek,flow,min,156
47,1998,butte creek,11390000,USGS,butte creek,flow,max,492
47,1998,butte creek,11390000,USGS,butte creek,flow,mean,278.24913194444446
47,1998,butte creek,11390000,USGS,butte creek,flow,min,174
48,1998,butte creek,11390000,USGS,butte creek,flow,max,799
48,1998,butte creek,11390000,USGS,butte creek,flow,mean,434.13541666666663
48,1998,butte creek,11390000,USGS,butte creek,flow,min,302
49,1998,butte creek,11390000,USGS,butte creek,flow,max,2860
49,1998,butte creek,11390000,USGS,butte creek,flow,mean,826.3102678571429
49,1998,butte creek,11390000,USGS,butte creek,flow,min,374
50,1998,butte creek,11390000,USGS,butte creek,flow,max,409
50,1998,butte creek,11390000,USGS,butte creek,flow,mean,358.0431547619047
50,1998,butte creek,11390000,USGS,butte creek,flow,min,321
51,1998,butte creek,11390000,USGS,butte creek,flow,max,409
51,1998,butte creek,11390000,USGS,butte creek,flow,mean,312.98929716117215
51,1998,butte creek,11390000,USGS,butte creek,flow,min,242
52,1998,butte creek,11390000,USGS,butte creek,flow,max,302
52,1998,butte creek,11390000,USGS,butte creek,flow,mean,267.88715277777777
52,1998,butte creek,11390000,USGS,butte creek,flow,min,248
53,1998,butte creek,11390000,USGS,butte creek,flow,max,296
53,1998,butte creek,11390000,USGS,butte creek,flow,mean,274.4583333333333
53,1998,butte creek,11390000,USGS,butte creek,flow,min,255
1,1999,butte creek,11390000,USGS,butte creek,flow,max,290
1,1999,butte creek,11390000,USGS,butte creek,flow,mean,260.7247023809524
1,1999,butte creek,11390000,USGS,butte creek,flow,min,220
2,1999,butte creek,11390000,USGS,butte creek,flow,max,267
2,1999,butte creek,11390000,USGS,butte creek,flow,mean,237.8125
2,1999,butte creek,11390000,USGS,butte creek,flow,min,214
3,1999,butte creek,11390000,USGS,butte creek,flow,max,1450
3,1999,butte creek,11390000,USGS,butte creek,flow,mean,637.7872023809524
3,1999,butte creek,11390000,USGS,butte creek,flow,min,214
4,1999,butte creek,11390000,USGS,butte creek,flow,max,2720
4,1999,butte creek,11390000,USGS,butte creek,flow,mean,1016.5877976190477
4,1999,butte creek,11390000,USGS,butte creek,flow,min,569
5,1999,butte creek,11390000,USGS,butte creek,flow,max,577
5,1999,butte creek,11390000,USGS,butte creek,flow,mean,472.11309523809524
5,1999,butte creek,11390000,USGS,butte creek,flow,min,402
6,1999,butte creek,11390000,USGS,butte creek,flow,max,8270
6,1999,butte creek,11390000,USGS,butte creek,flow,mean,1904.6026785714282
6,1999,butte creek,11390000,USGS,butte creek,flow,min,346
7,1999,butte creek,11390000,USGS,butte creek,flow,max,2030
7,1999,butte creek,11390000,USGS,butte creek,flow,mean,1210.345238095238
7,1999,butte creek,11390000,USGS,butte creek,flow,min,808
8,1999,butte creek,11390000,USGS,butte creek,flow,max,2140
8,1999,butte creek,11390000,USGS,butte creek,flow,mean,1415.4538690476188
8,1999,butte creek,11390000,USGS,butte creek,flow,min,970
9,1999,butte creek,11390000,USGS,butte creek,flow,max,2410
9,1999,butte creek,11390000,USGS,butte creek,flow,mean,1630.654761904762
9,1999,butte creek,11390000,USGS,butte creek,flow,min,1010
10,1999,butte creek,11390000,USGS,butte creek,flow,max,1570
10,1999,butte creek,11390000,USGS,butte creek,flow,mean,1109.3511904761906
10,1999,butte creek,11390000,USGS,butte creek,flow,min,825
11,1999,butte creek,11390000,USGS,butte creek,flow,max,862
11,1999,butte creek,11390000,USGS,butte creek,flow,mean,723.779761904762
11,1999,butte creek,11390000,USGS,butte creek,flow,min,619
12,1999,butte creek,11390000,USGS,butte creek,flow,max,1080
12,1999,butte creek,11390000,USGS,butte creek,flow,mean,646.3720238095237
12,1999,butte creek,11390000,USGS,butte creek,flow,min,561
13,1999,butte creek,11390000,USGS,butte creek,flow,max,952
13,1999,butte creek,11390000,USGS,butte creek,flow,mean,698.9761904761905
13,1999,butte creek,11390000,USGS,butte creek,flow,min,507
14,1999,butte creek,11390000,USGS,butte creek,flow,max,834
14,1999,butte creek,11390000,USGS,butte creek,flow,mean,562.2797619047618
14,1999,butte creek,11390000,USGS,butte creek,flow,min,499
15,1999,butte creek,11390000,USGS,butte creek,flow,max,834
15,1999,butte creek,11390000,USGS,butte creek,flow,mean,705.5505952380953
15,1999,butte creek,11390000,USGS,butte creek,flow,min,593
16,1999,butte creek,11390000,USGS,butte creek,flow,max,762
16,1999,butte creek,11390000,USGS,butte creek,flow,mean,707.3229166666667
16,1999,butte creek,11390000,USGS,butte creek,flow,min,663
17,1999,butte creek,11390000,USGS,butte creek,flow,max,808
17,1999,butte creek,11390000,USGS,butte creek,flow,mean,655.141369047619
17,1999,butte creek,11390000,USGS,butte creek,flow,min,545
18,1999,butte creek,11390000,USGS,butte creek,flow,max,672
18,1999,butte creek,11390000,USGS,butte creek,flow,mean,521.046130952381
18,1999,butte creek,11390000,USGS,butte creek,flow,min,296
19,1999,butte creek,11390000,USGS,butte creek,flow,max,507
19,1999,butte creek,11390000,USGS,butte creek,flow,mean,435.2261904761905
19,1999,butte creek,11390000,USGS,butte creek,flow,min,381
20,1999,butte creek,11390000,USGS,butte creek,flow,max,577
20,1999,butte creek,11390000,USGS,butte creek,flow,mean,404.9479166666667
20,1999,butte creek,11390000,USGS,butte creek,flow,min,254
21,1999,butte creek,11390000,USGS,butte creek,flow,max,602
21,1999,butte creek,11390000,USGS,butte creek,flow,mean,485.74702380952385
21,1999,butte creek,11390000,USGS,butte creek,flow,min,409
22,1999,butte creek,11390000,USGS,butte creek,flow,max,545
22,1999,butte creek,11390000,USGS,butte creek,flow,mean,462.50148809523813
22,1999,butte creek,11390000,USGS,butte creek,flow,min,417
23,1999,butte creek,11390000,USGS,butte creek,flow,max,484
23,1999,butte creek,11390000,USGS,butte creek,flow,mean,391.99404761904765
23,1999,butte creek,11390000,USGS,butte creek,flow,min,340
24,1999,butte creek,11390000,USGS,butte creek,flow,max,388
24,1999,butte creek,11390000,USGS,butte creek,flow,mean,331.07440476190476
24,1999,butte creek,11390000,USGS,butte creek,flow,min,284
25,1999,butte creek,11390000,USGS,butte creek,flow,max,327
25,1999,butte creek,11390000,USGS,butte creek,flow,mean,293.7961309523809
25,1999,butte creek,11390000,USGS,butte creek,flow,min,242
26,1999,butte creek,11390000,USGS,butte creek,flow,max,308
26,1999,butte creek,11390000,USGS,butte creek,flow,mean,249.20238095238093
26,1999,butte creek,11390000,USGS,butte creek,flow,min,209
27,1999,butte creek,11390000,USGS,butte creek,flow,max,278
27,1999,butte creek,11390000,USGS,butte creek,flow,mean,217.1577380952381
27,1999,butte creek,11390000,USGS,butte creek,flow,min,194
28,1999,butte creek,11390000,USGS,butte creek,flow,max,261
28,1999,butte creek,11390000,USGS,butte creek,flow,mean,209.69047619047618
28,1999,butte creek,11390000,USGS,butte creek,flow,min,179
29,1999,butte creek,11390000,USGS,butte creek,flow,max,248
29,1999,butte creek,11390000,USGS,butte creek,flow,mean,184.09523809523807
29,1999,butte creek,11390000,USGS,butte creek,flow,min,161
30,1999,butte creek,11390000,USGS,butte creek,flow,max,220
30,1999,butte creek,11390000,USGS,butte creek,flow,mean,179.2425595238095
30,1999,butte creek,11390000,USGS,butte creek,flow,min,161
31,1999,butte creek,11390000,USGS,butte creek,flow,max,242
31,1999,butte creek,11390000,USGS,butte creek,flow,mean,192.1175595238095
31,1999,butte creek,11390000,USGS,butte creek,flow,min,148
32,1999,butte creek,11390000,USGS,butte creek,flow,max,231
32,1999,butte creek,11390000,USGS,butte creek,flow,mean,184.8080357142857
32,1999,butte creek,11390000,USGS,butte creek,flow,min,152
33,1999,butte creek,11390000,USGS,butte creek,flow,max,220
33,1999,butte creek,11390000,USGS,butte creek,flow,mean,174.61458333333334
33,1999,butte creek,11390000,USGS,butte creek,flow,min,113
34,1999,butte creek,11390000,USGS,butte creek,flow,max,209
34,1999,butte creek,11390000,USGS,butte creek,flow,mean,170.92410714285714
34,1999,butte creek,11390000,USGS,butte creek,flow,min,124
35,1999,butte creek,11390000,USGS,butte creek,flow,max,174
35,1999,butte creek,11390000,USGS,butte creek,flow,mean,168.04166666666666
35,1999,butte creek,11390000,USGS,butte creek,flow,min,156
36,1999,butte creek,11390000,USGS,butte creek,flow,max,174
36,1999,butte creek,11390000,USGS,butte creek,flow,mean,165.94047619047618
36,1999,butte creek,11390000,USGS,butte creek,flow,min,156
37,1999,butte creek,11390000,USGS,butte creek,flow,max,174
37,1999,butte creek,11390000,USGS,butte creek,flow,mean,164.58928571428572
37,1999,butte creek,11390000,USGS,butte creek,flow,min,156
38,1999,butte creek,11390000,USGS,butte creek,flow,max,174
38,1999,butte creek,11390000,USGS,butte creek,flow,mean,146.19791666666669
38,1999,butte creek,11390000,USGS,butte creek,flow,min,100
39,1999,butte creek,11390000,USGS,butte creek,flow,max,124
39,1999,butte creek,11390000,USGS,butte creek,flow,mean,119.09970238095238
39,1999,butte creek,11390000,USGS,butte creek,flow,min,113
40,1999,butte creek,11390000,USGS,butte creek,flow,max,140
40,1999,butte creek,11390000,USGS,butte creek,flow,mean,121.70833333333333
40,1999,butte creek,11390000,USGS,butte creek,flow,min,113
41,1999,butte creek,11390000,USGS,butte creek,flow,max,136
41,1999,butte creek,11390000,USGS,butte creek,flow,mean,119.16815476190474
41,1999,butte creek,11390000,USGS,butte creek,flow,min,110
42,1999,butte creek,11390000,USGS,butte creek,flow,max,117
42,1999,butte creek,11390000,USGS,butte creek,flow,mean,113.16570660522275
42,1999,butte creek,11390000,USGS,butte creek,flow,min,110
43,1999,butte creek,11390000,USGS,butte creek,flow,max,530
43,1999,butte creek,11390000,USGS,butte creek,flow,mean,150.89732142857142
43,1999,butte creek,11390000,USGS,butte creek,flow,min,113
44,1999,butte creek,11390000,USGS,butte creek,flow,max,296
44,1999,butte creek,11390000,USGS,butte creek,flow,mean,146.8598602484472
44,1999,butte creek,11390000,USGS,butte creek,flow,min,121
45,1999,butte creek,11390000,USGS,butte creek,flow,max,477
45,1999,butte creek,11390000,USGS,butte creek,flow,mean,187.35714285714286
45,1999,butte creek,11390000,USGS,butte creek,flow,min,121
46,1999,butte creek,11390000,USGS,butte creek,flow,max,381
46,1999,butte creek,11390000,USGS,butte creek,flow,mean,190.94345238095235
46,1999,butte creek,11390000,USGS,butte creek,flow,min,110
47,1999,butte creek,11390000,USGS,butte creek,flow,max,507
47,1999,butte creek,11390000,USGS,butte creek,flow,mean,267.654761904762
47,1999,butte creek,11390000,USGS,butte creek,flow,min,170
48,1999,butte creek,11390000,USGS,butte creek,flow,max,402
48,1999,butte creek,11390000,USGS,butte creek,flow,mean,226.29166666666669
48,1999,butte creek,11390000,USGS,butte creek,flow,min,165
49,1999,butte creek,11390000,USGS,butte creek,flow,max,267
49,1999,butte creek,11390000,USGS,butte creek,flow,mean,203.18601190476193
49,1999,butte creek,11390000,USGS,butte creek,flow,min,148
50,1999,butte creek,11390000,USGS,butte creek,flow,max,273
50,1999,butte creek,11390000,USGS,butte creek,flow,mean,194.05654761904762
50,1999,butte creek,11390000,USGS,butte creek,flow,min,170
51,1999,butte creek,11390000,USGS,butte creek,flow,max,209
51,1999,butte creek,11390000,USGS,butte creek,flow,mean,171.4806547619048
51,1999,butte creek,11390000,USGS,butte creek,flow,min,113
52,1999,butte creek,11390000,USGS,butte creek,flow,max,174
52,1999,butte creek,11390000,USGS,butte creek,flow,mean,159.60863095238096
52,1999,butte creek,11390000,USGS,butte creek,flow,min,107
53,1999,butte creek,11390000,USGS,butte creek,flow,max,156
53,1999,butte creek,11390000,USGS,butte creek,flow,mean,156
53,1999,butte creek,11390000,USGS,butte creek,flow,min,156
1,2000,butte creek,11390000,USGS,butte creek,flow,max,170
1,2000,butte creek,11390000,USGS,butte creek,flow,mean,152.4985119047619
1,2000,butte creek,11390000,USGS,butte creek,flow,min,124
2,2000,butte creek,11390000,USGS,butte creek,flow,max,898
2,2000,butte creek,11390000,USGS,butte creek,flow,mean,272.15625
2,2000,butte creek,11390000,USGS,butte creek,flow,min,140
3,2000,butte creek,11390000,USGS,butte creek,flow,max,1230
3,2000,butte creek,11390000,USGS,butte creek,flow,mean,537.2247023809524
3,2000,butte creek,11390000,USGS,butte creek,flow,min,290
4,2000,butte creek,11390000,USGS,butte creek,flow,max,1530
4,2000,butte creek,11390000,USGS,butte creek,flow,mean,736.3139880952378
4,2000,butte creek,11390000,USGS,butte creek,flow,min,395
5,2000,butte creek,11390000,USGS,butte creek,flow,max,825
5,2000,butte creek,11390000,USGS,butte creek,flow,mean,495.19642857142856
5,2000,butte creek,11390000,USGS,butte creek,flow,min,327
6,2000,butte creek,11390000,USGS,butte creek,flow,max,1230
6,2000,butte creek,11390000,USGS,butte creek,flow,mean,597.0595238095237
6,2000,butte creek,11390000,USGS,butte creek,flow,min,409
7,2000,butte creek,11390000,USGS,butte creek,flow,max,7510
7,2000,butte creek,11390000,USGS,butte creek,flow,mean,2285.37569213732
7,2000,butte creek,11390000,USGS,butte creek,flow,min,961
8,2000,butte creek,11390000,USGS,butte creek,flow,max,3410
8,2000,butte creek,11390000,USGS,butte creek,flow,mean,1272.1101190476188
8,2000,butte creek,11390000,USGS,butte creek,flow,min,753
9,2000,butte creek,11390000,USGS,butte creek,flow,max,5390
9,2000,butte creek,11390000,USGS,butte creek,flow,mean,2250.535714285714
9,2000,butte creek,11390000,USGS,butte creek,flow,min,1050
10,2000,butte creek,11390000,USGS,butte creek,flow,max,2270
10,2000,butte creek,11390000,USGS,butte creek,flow,mean,1617.485119047619
10,2000,butte creek,11390000,USGS,butte creek,flow,min,1190
11,2000,butte creek,11390000,USGS,butte creek,flow,max,1460
11,2000,butte creek,11390000,USGS,butte creek,flow,mean,1132.4122023809525
11,2000,butte creek,11390000,USGS,butte creek,flow,min,852
12,2000,butte creek,11390000,USGS,butte creek,flow,max,907
12,2000,butte creek,11390000,USGS,butte creek,flow,mean,802.3258928571429
12,2000,butte creek,11390000,USGS,butte creek,flow,min,700
13,2000,butte creek,11390000,USGS,butte creek,flow,max,726
13,2000,butte creek,11390000,USGS,butte creek,flow,mean,681.3199404761905
13,2000,butte creek,11390000,USGS,butte creek,flow,min,619
14,2000,butte creek,11390000,USGS,butte creek,flow,max,709
14,2000,butte creek,11390000,USGS,butte creek,flow,mean,650.995352077001
14,2000,butte creek,11390000,USGS,butte creek,flow,min,593
15,2000,butte creek,11390000,USGS,butte creek,flow,max,1110
15,2000,butte creek,11390000,USGS,butte creek,flow,mean,684.9940476190476
15,2000,butte creek,11390000,USGS,butte creek,flow,min,569
16,2000,butte creek,11390000,USGS,butte creek,flow,max,1480
16,2000,butte creek,11390000,USGS,butte creek,flow,mean,802.1324404761905
16,2000,butte creek,11390000,USGS,butte creek,flow,min,569
17,2000,butte creek,11390000,USGS,butte creek,flow,max,577
17,2000,butte creek,11390000,USGS,butte creek,flow,mean,479.46279761904765
17,2000,butte creek,11390000,USGS,butte creek,flow,min,388
18,2000,butte creek,11390000,USGS,butte creek,flow,max,447
18,2000,butte creek,11390000,USGS,butte creek,flow,mean,391.57291666666663
18,2000,butte creek,11390000,USGS,butte creek,flow,min,353
19,2000,butte creek,11390000,USGS,butte creek,flow,max,455
19,2000,butte creek,11390000,USGS,butte creek,flow,mean,379.82589285714283
19,2000,butte creek,11390000,USGS,butte creek,flow,min,333
20,2000,butte creek,11390000,USGS,butte creek,flow,max,469
20,2000,butte creek,11390000,USGS,butte creek,flow,mean,398.98273809523806
20,2000,butte creek,11390000,USGS,butte creek,flow,min,327
21,2000,butte creek,11390000,USGS,butte creek,flow,max,514
21,2000,butte creek,11390000,USGS,butte creek,flow,mean,404.66666666666663
21,2000,butte creek,11390000,USGS,butte creek,flow,min,374
22,2000,butte creek,11390000,USGS,butte creek,flow,max,402
22,2000,butte creek,11390000,USGS,butte creek,flow,mean,355.98214285714283
22,2000,butte creek,11390000,USGS,butte creek,flow,min,314
23,2000,butte creek,11390000,USGS,butte creek,flow,max,353
23,2000,butte creek,11390000,USGS,butte creek,flow,mean,310.20089285714283
23,2000,butte creek,11390000,USGS,butte creek,flow,min,267
24,2000,butte creek,11390000,USGS,butte creek,flow,max,314
24,2000,butte creek,11390000,USGS,butte creek,flow,mean,279.9732142857143
24,2000,butte creek,11390000,USGS,butte creek,flow,min,242
25,2000,butte creek,11390000,USGS,butte creek,flow,max,273
25,2000,butte creek,11390000,USGS,butte creek,flow,mean,237.95238095238096
25,2000,butte creek,11390000,USGS,butte creek,flow,min,194
26,2000,butte creek,11390000,USGS,butte creek,flow,max,236
26,2000,butte creek,11390000,USGS,butte creek,flow,mean,220.6279761904762
26,2000,butte creek,11390000,USGS,butte creek,flow,min,204
27,2000,butte creek,11390000,USGS,butte creek,flow,max,220
27,2000,butte creek,11390000,USGS,butte creek,flow,mean,199.45031682027653
27,2000,butte creek,11390000,USGS,butte creek,flow,min,174
28,2000,butte creek,11390000,USGS,butte creek,flow,max,194
28,2000,butte creek,11390000,USGS,butte creek,flow,mean,176.02232142857142
28,2000,butte creek,11390000,USGS,butte creek,flow,min,161
29,2000,butte creek,11390000,USGS,butte creek,flow,max,170
29,2000,butte creek,11390000,USGS,butte creek,flow,mean,155.78571428571428
29,2000,butte creek,11390000,USGS,butte creek,flow,min,144
30,2000,butte creek,11390000,USGS,butte creek,flow,max,165
30,2000,butte creek,11390000,USGS,butte creek,flow,mean,152.08928571428572
30,2000,butte creek,11390000,USGS,butte creek,flow,min,140
31,2000,butte creek,11390000,USGS,butte creek,flow,max,174
31,2000,butte creek,11390000,USGS,butte creek,flow,mean,156.26785714285714
31,2000,butte creek,11390000,USGS,butte creek,flow,min,144
32,2000,butte creek,11390000,USGS,butte creek,flow,max,179
32,2000,butte creek,11390000,USGS,butte creek,flow,mean,159.07589285714286
32,2000,butte creek,11390000,USGS,butte creek,flow,min,148
33,2000,butte creek,11390000,USGS,butte creek,flow,max,161
33,2000,butte creek,11390000,USGS,butte creek,flow,mean,148.48958333333334
33,2000,butte creek,11390000,USGS,butte creek,flow,min,140
34,2000,butte creek,11390000,USGS,butte creek,flow,max,179
34,2000,butte creek,11390000,USGS,butte creek,flow,mean,150.94354838709677
34,2000,butte creek,11390000,USGS,butte creek,flow,min,100
35,2000,butte creek,11390000,USGS,butte creek,flow,max,174
35,2000,butte creek,11390000,USGS,butte creek,flow,mean,164.14583333333331
35,2000,butte creek,11390000,USGS,butte creek,flow,min,152
36,2000,butte creek,11390000,USGS,butte creek,flow,max,214
36,2000,butte creek,11390000,USGS,butte creek,flow,mean,184.47321428571425
36,2000,butte creek,11390000,USGS,butte creek,flow,min,140
37,2000,butte creek,11390000,USGS,butte creek,flow,max,174
37,2000,butte creek,11390000,USGS,butte creek,flow,mean,163.72470238095235
37,2000,butte creek,11390000,USGS,butte creek,flow,min,152
38,2000,butte creek,11390000,USGS,butte creek,flow,max,170
38,2000,butte creek,11390000,USGS,butte creek,flow,mean,132.52529761904762
38,2000,butte creek,11390000,USGS,butte creek,flow,min,100
39,2000,butte creek,11390000,USGS,butte creek,flow,max,132
39,2000,butte creek,11390000,USGS,butte creek,flow,mean,114.81547619047619
39,2000,butte creek,11390000,USGS,butte creek,flow,min,103
40,2000,butte creek,11390000,USGS,butte creek,flow,max,137
40,2000,butte creek,11390000,USGS,butte creek,flow,mean,115.17233709273182
40,2000,butte creek,11390000,USGS,butte creek,flow,min,103
41,2000,butte creek,11390000,USGS,butte creek,flow,max,278
41,2000,butte creek,11390000,USGS,butte creek,flow,mean,153.30526315789476
41,2000,butte creek,11390000,USGS,butte creek,flow,min,108
42,2000,butte creek,11390000,USGS,butte creek,flow,max,141
42,2000,butte creek,11390000,USGS,butte creek,flow,mean,126.71239177489177
42,2000,butte creek,11390000,USGS,butte creek,flow,min,115
43,2000,butte creek,11390000,USGS,butte creek,flow,max,303
43,2000,butte creek,11390000,USGS,butte creek,flow,mean,147.93154761904765
43,2000,butte creek,11390000,USGS,butte creek,flow,min,95
44,2000,butte creek,11390000,USGS,butte creek,flow,max,470
44,2000,butte creek,11390000,USGS,butte creek,flow,mean,187.62571169772255
44,2000,butte creek,11390000,USGS,butte creek,flow,min,118
45,2000,butte creek,11390000,USGS,butte creek,flow,max,149
45,2000,butte creek,11390000,USGS,butte creek,flow,mean,114.24255952380952
45,2000,butte creek,11390000,USGS,butte creek,flow,min,104
46,2000,butte creek,11390000,USGS,butte creek,flow,max,149
46,2000,butte creek,11390000,USGS,butte creek,flow,mean,123.18005952380953
46,2000,butte creek,11390000,USGS,butte creek,flow,min,104
47,2000,butte creek,11390000,USGS,butte creek,flow,max,137
47,2000,butte creek,11390000,USGS,butte creek,flow,mean,122.40178571428571
47,2000,butte creek,11390000,USGS,butte creek,flow,min,104
48,2000,butte creek,11390000,USGS,butte creek,flow,max,336
48,2000,butte creek,11390000,USGS,butte creek,flow,mean,148.44494047619045
48,2000,butte creek,11390000,USGS,butte creek,flow,min,95
49,2000,butte creek,11390000,USGS,butte creek,flow,max,149
49,2000,butte creek,11390000,USGS,butte creek,flow,mean,131.21428571428572
49,2000,butte creek,11390000,USGS,butte creek,flow,min,118
50,2000,butte creek,11390000,USGS,butte creek,flow,max,329
50,2000,butte creek,11390000,USGS,butte creek,flow,mean,169.77083333333334
50,2000,butte creek,11390000,USGS,butte creek,flow,min,118
51,2000,butte creek,11390000,USGS,butte creek,flow,max,220
51,2000,butte creek,11390000,USGS,butte creek,flow,mean,141.38690476190476
51,2000,butte creek,11390000,USGS,butte creek,flow,min,95
52,2000,butte creek,11390000,USGS,butte creek,flow,max,137
52,2000,butte creek,11390000,USGS,butte creek,flow,mean,119.26190476190477
52,2000,butte creek,11390000,USGS,butte creek,flow,min,108
53,2000,butte creek,11390000,USGS,butte creek,flow,max,118
53,2000,butte creek,11390000,USGS,butte creek,flow,mean,112.02604166666667
53,2000,butte creek,11390000,USGS,butte creek,flow,min,104
1,2001,butte creek,11390000,USGS,butte creek,flow,max,118
1,2001,butte creek,11390000,USGS,butte creek,flow,mean,108.56398809523809
1,2001,butte creek,11390000,USGS,butte creek,flow,min,101
2,2001,butte creek,11390000,USGS,butte creek,flow,max,592
2,2001,butte creek,11390000,USGS,butte creek,flow,mean,224.48214285714286
2,2001,butte creek,11390000,USGS,butte creek,flow,min,104
3,2001,butte creek,11390000,USGS,butte creek,flow,max,163
3,2001,butte creek,11390000,USGS,butte creek,flow,mean,132.49959273182955
3,2001,butte creek,11390000,USGS,butte creek,flow,min,95
4,2001,butte creek,11390000,USGS,butte creek,flow,max,484
4,2001,butte creek,11390000,USGS,butte creek,flow,mean,223.0610119047619
4,2001,butte creek,11390000,USGS,butte creek,flow,min,101
5,2001,butte creek,11390000,USGS,butte creek,flow,max,245
5,2001,butte creek,11390000,USGS,butte creek,flow,mean,179.47321428571428
5,2001,butte creek,11390000,USGS,butte creek,flow,min,115
6,2001,butte creek,11390000,USGS,butte creek,flow,max,870
6,2001,butte creek,11390000,USGS,butte creek,flow,mean,250.29910714285714
6,2001,butte creek,11390000,USGS,butte creek,flow,min,108
7,2001,butte creek,11390000,USGS,butte creek,flow,max,545
7,2001,butte creek,11390000,USGS,butte creek,flow,mean,253.33630952380955
7,2001,butte creek,11390000,USGS,butte creek,flow,min,172
8,2001,butte creek,11390000,USGS,butte creek,flow,max,1650
8,2001,butte creek,11390000,USGS,butte creek,flow,mean,849.3139880952382
8,2001,butte creek,11390000,USGS,butte creek,flow,min,355
9,2001,butte creek,11390000,USGS,butte creek,flow,max,844
9,2001,butte creek,11390000,USGS,butte creek,flow,mean,454.9017857142858
9,2001,butte creek,11390000,USGS,butte creek,flow,min,336
10,2001,butte creek,11390000,USGS,butte creek,flow,max,1690
10,2001,butte creek,11390000,USGS,butte creek,flow,mean,790.6912593984963
10,2001,butte creek,11390000,USGS,butte creek,flow,min,456
11,2001,butte creek,11390000,USGS,butte creek,flow,max,522
11,2001,butte creek,11390000,USGS,butte creek,flow,mean,421.40625000000006
11,2001,butte creek,11390000,USGS,butte creek,flow,min,322
12,2001,butte creek,11390000,USGS,butte creek,flow,max,903
12,2001,butte creek,11390000,USGS,butte creek,flow,mean,519.1473214285714
12,2001,butte creek,11390000,USGS,butte creek,flow,min,388
13,2001,butte creek,11390000,USGS,butte creek,flow,max,827
13,2001,butte creek,11390000,USGS,butte creek,flow,mean,544.3424185463658
13,2001,butte creek,11390000,USGS,butte creek,flow,min,463
14,2001,butte creek,11390000,USGS,butte creek,flow,max,499
14,2001,butte creek,11390000,USGS,butte creek,flow,mean,422.7827380952381
14,2001,butte creek,11390000,USGS,butte creek,flow,min,361
15,2001,butte creek,11390000,USGS,butte creek,flow,max,402
15,2001,butte creek,11390000,USGS,butte creek,flow,mean,354.6577380952381
15,2001,butte creek,11390000,USGS,butte creek,flow,min,329
16,2001,butte creek,11390000,USGS,butte creek,flow,max,632
16,2001,butte creek,11390000,USGS,butte creek,flow,mean,381.66220238095235
16,2001,butte creek,11390000,USGS,butte creek,flow,min,215
17,2001,butte creek,11390000,USGS,butte creek,flow,max,449
17,2001,butte creek,11390000,USGS,butte creek,flow,mean,403.046130952381
17,2001,butte creek,11390000,USGS,butte creek,flow,min,368
18,2001,butte creek,11390000,USGS,butte creek,flow,max,456
18,2001,butte creek,11390000,USGS,butte creek,flow,mean,403.077380952381
18,2001,butte creek,11390000,USGS,butte creek,flow,min,342
19,2001,butte creek,11390000,USGS,butte creek,flow,max,537
19,2001,butte creek,11390000,USGS,butte creek,flow,mean,430.0550595238096
19,2001,butte creek,11390000,USGS,butte creek,flow,min,355
20,2001,butte creek,11390000,USGS,butte creek,flow,max,470
20,2001,butte creek,11390000,USGS,butte creek,flow,mean,255.16517857142853
20,2001,butte creek,11390000,USGS,butte creek,flow,min,195
21,2001,butte creek,11390000,USGS,butte creek,flow,max,205
21,2001,butte creek,11390000,USGS,butte creek,flow,mean,176.17857142857142
21,2001,butte creek,11390000,USGS,butte creek,flow,min,149
22,2001,butte creek,11390000,USGS,butte creek,flow,max,256
22,2001,butte creek,11390000,USGS,butte creek,flow,mean,196.9702380952381
22,2001,butte creek,11390000,USGS,butte creek,flow,min,129
23,2001,butte creek,11390000,USGS,butte creek,flow,max,250
23,2001,butte creek,11390000,USGS,butte creek,flow,mean,218.52678571428575
23,2001,butte creek,11390000,USGS,butte creek,flow,min,195
24,2001,butte creek,11390000,USGS,butte creek,flow,max,230
24,2001,butte creek,11390000,USGS,butte creek,flow,mean,195.0446428571429
24,2001,butte creek,11390000,USGS,butte creek,flow,min,95
25,2001,butte creek,11390000,USGS,butte creek,flow,max,220
25,2001,butte creek,11390000,USGS,butte creek,flow,mean,167.0431547619048
25,2001,butte creek,11390000,USGS,butte creek,flow,min,125
26,2001,butte creek,11390000,USGS,butte creek,flow,max,220
26,2001,butte creek,11390000,USGS,butte creek,flow,mean,169.35267857142853
26,2001,butte creek,11390000,USGS,butte creek,flow,min,137
27,2001,butte creek,11390000,USGS,butte creek,flow,max,154
27,2001,butte creek,11390000,USGS,butte creek,flow,mean,143.11011904761904
27,2001,butte creek,11390000,USGS,butte creek,flow,min,129
28,2001,butte creek,11390000,USGS,butte creek,flow,max,145
28,2001,butte creek,11390000,USGS,butte creek,flow,mean,132.67410714285714
28,2001,butte creek,11390000,USGS,butte creek,flow,min,118
29,2001,butte creek,11390000,USGS,butte creek,flow,max,149
29,2001,butte creek,11390000,USGS,butte creek,flow,mean,135.76041666666666
29,2001,butte creek,11390000,USGS,butte creek,flow,min,122
30,2001,butte creek,11390000,USGS,butte creek,flow,max,137
30,2001,butte creek,11390000,USGS,butte creek,flow,mean,125.42708333333334
30,2001,butte creek,11390000,USGS,butte creek,flow,min,115
31,2001,butte creek,11390000,USGS,butte creek,flow,max,133
31,2001,butte creek,11390000,USGS,butte creek,flow,mean,123.25446428571429
31,2001,butte creek,11390000,USGS,butte creek,flow,min,115
32,2001,butte creek,11390000,USGS,butte creek,flow,max,125
32,2001,butte creek,11390000,USGS,butte creek,flow,mean,118.86755952380952
32,2001,butte creek,11390000,USGS,butte creek,flow,min,98
33,2001,butte creek,11390000,USGS,butte creek,flow,max,125
33,2001,butte creek,11390000,USGS,butte creek,flow,mean,115.49107142857144
33,2001,butte creek,11390000,USGS,butte creek,flow,min,104
34,2001,butte creek,11390000,USGS,butte creek,flow,max,125
34,2001,butte creek,11390000,USGS,butte creek,flow,mean,112.10565476190477
34,2001,butte creek,11390000,USGS,butte creek,flow,min,95
35,2001,butte creek,11390000,USGS,butte creek,flow,max,125
35,2001,butte creek,11390000,USGS,butte creek,flow,mean,108.65922619047619
35,2001,butte creek,11390000,USGS,butte creek,flow,min,88
36,2001,butte creek,11390000,USGS,butte creek,flow,max,115
36,2001,butte creek,11390000,USGS,butte creek,flow,mean,106.60416666666666
36,2001,butte creek,11390000,USGS,butte creek,flow,min,98
37,2001,butte creek,11390000,USGS,butte creek,flow,max,118
37,2001,butte creek,11390000,USGS,butte creek,flow,mean,108.93542358803985
37,2001,butte creek,11390000,USGS,butte creek,flow,min,98
38,2001,butte creek,11390000,USGS,butte creek,flow,max,115
38,2001,butte creek,11390000,USGS,butte creek,flow,mean,99.73809523809523
38,2001,butte creek,11390000,USGS,butte creek,flow,min,74
39,2001,butte creek,11390000,USGS,butte creek,flow,max,141
39,2001,butte creek,11390000,USGS,butte creek,flow,mean,96.39880952380952
39,2001,butte creek,11390000,USGS,butte creek,flow,min,77
40,2001,butte creek,11390000,USGS,butte creek,flow,max,91
40,2001,butte creek,11390000,USGS,butte creek,flow,mean,84.05208333333336
40,2001,butte creek,11390000,USGS,butte creek,flow,min,74
41,2001,butte creek,11390000,USGS,butte creek,flow,max,95
41,2001,butte creek,11390000,USGS,butte creek,flow,mean,86.01339285714286
41,2001,butte creek,11390000,USGS,butte creek,flow,min,77
42,2001,butte creek,11390000,USGS,butte creek,flow,max,95
42,2001,butte creek,11390000,USGS,butte creek,flow,mean,86.17113095238095
42,2001,butte creek,11390000,USGS,butte creek,flow,min,77
43,2001,butte creek,11390000,USGS,butte creek,flow,max,98
43,2001,butte creek,11390000,USGS,butte creek,flow,mean,90.95697463768116
43,2001,butte creek,11390000,USGS,butte creek,flow,min,81
44,2001,butte creek,11390000,USGS,butte creek,flow,max,361
44,2001,butte creek,11390000,USGS,butte creek,flow,mean,132.19196428571428
44,2001,butte creek,11390000,USGS,butte creek,flow,min,88
45,2001,butte creek,11390000,USGS,butte creek,flow,max,215
45,2001,butte creek,11390000,USGS,butte creek,flow,mean,100.44940476190477
45,2001,butte creek,11390000,USGS,butte creek,flow,min,74
46,2001,butte creek,11390000,USGS,butte creek,flow,max,545
46,2001,butte creek,11390000,USGS,butte creek,flow,mean,213.63541666666669
46,2001,butte creek,11390000,USGS,butte creek,flow,min,111
47,2001,butte creek,11390000,USGS,butte creek,flow,max,1360
47,2001,butte creek,11390000,USGS,butte creek,flow,mean,378.1235119047619
47,2001,butte creek,11390000,USGS,butte creek,flow,min,115
48,2001,butte creek,11390000,USGS,butte creek,flow,max,2320
48,2001,butte creek,11390000,USGS,butte creek,flow,mean,503.07589285714283
48,2001,butte creek,11390000,USGS,butte creek,flow,min,163
49,2001,butte creek,11390000,USGS,butte creek,flow,max,1810
49,2001,butte creek,11390000,USGS,butte creek,flow,mean,601.967261904762
49,2001,butte creek,11390000,USGS,butte creek,flow,min,349
50,2001,butte creek,11390000,USGS,butte creek,flow,max,704
50,2001,butte creek,11390000,USGS,butte creek,flow,mean,330.3050595238096
50,2001,butte creek,11390000,USGS,butte creek,flow,min,230
51,2001,butte creek,11390000,USGS,butte creek,flow,max,911
51,2001,butte creek,11390000,USGS,butte creek,flow,mean,624.7023809523808
51,2001,butte creek,11390000,USGS,butte creek,flow,min,272
52,2001,butte creek,11390000,USGS,butte creek,flow,max,679
52,2001,butte creek,11390000,USGS,butte creek,flow,mean,478.7038690476191
52,2001,butte creek,11390000,USGS,butte creek,flow,min,355
53,2001,butte creek,11390000,USGS,butte creek,flow,max,2030
53,2001,butte creek,11390000,USGS,butte creek,flow,mean,1471.3229166666667
53,2001,butte creek,11390000,USGS,butte creek,flow,min,592
1,2002,butte creek,11390000,USGS,butte creek,flow,max,3750
1,2002,butte creek,11390000,USGS,butte creek,flow,mean,1528.8962098393574
1,2002,butte creek,11390000,USGS,butte creek,flow,min,853
2,2002,butte creek,11390000,USGS,butte creek,flow,max,827
2,2002,butte creek,11390000,USGS,butte creek,flow,mean,589.5277777777778
2,2002,butte creek,11390000,USGS,butte creek,flow,min,463
3,2002,butte creek,11390000,USGS,butte creek,flow,max,470
3,2002,butte creek,11390000,USGS,butte creek,flow,mean,388.6636904761904
3,2002,butte creek,11390000,USGS,butte creek,flow,min,336
4,2002,butte creek,11390000,USGS,butte creek,flow,max,537
4,2002,butte creek,11390000,USGS,butte creek,flow,mean,358.4032738095238
4,2002,butte creek,11390000,USGS,butte creek,flow,min,250
5,2002,butte creek,11390000,USGS,butte creek,flow,max,375
5,2002,butte creek,11390000,USGS,butte creek,flow,mean,308.7596726190476
5,2002,butte creek,11390000,USGS,butte creek,flow,min,272
6,2002,butte creek,11390000,USGS,butte creek,flow,max,608
6,2002,butte creek,11390000,USGS,butte creek,flow,mean,350.6145833333333
6,2002,butte creek,11390000,USGS,butte creek,flow,min,261
7,2002,butte creek,11390000,USGS,butte creek,flow,max,395
7,2002,butte creek,11390000,USGS,butte creek,flow,mean,351.927995391705
7,2002,butte creek,11390000,USGS,butte creek,flow,min,303
8,2002,butte creek,11390000,USGS,butte creek,flow,max,997
8,2002,butte creek,11390000,USGS,butte creek,flow,mean,633.125
8,2002,butte creek,11390000,USGS,butte creek,flow,min,336
9,2002,butte creek,11390000,USGS,butte creek,flow,max,499
9,2002,butte creek,11390000,USGS,butte creek,flow,mean,437.96886446886447
9,2002,butte creek,11390000,USGS,butte creek,flow,min,381
10,2002,butte creek,11390000,USGS,butte creek,flow,max,1010
10,2002,butte creek,11390000,USGS,butte creek,flow,mean,622.3199404761905
10,2002,butte creek,11390000,USGS,butte creek,flow,min,381
11,2002,butte creek,11390000,USGS,butte creek,flow,max,679
11,2002,butte creek,11390000,USGS,butte creek,flow,mean,547.3244047619048
11,2002,butte creek,11390000,USGS,butte creek,flow,min,456
12,2002,butte creek,11390000,USGS,butte creek,flow,max,696
12,2002,butte creek,11390000,USGS,butte creek,flow,mean,497.69940476190476
12,2002,butte creek,11390000,USGS,butte creek,flow,min,322
13,2002,butte creek,11390000,USGS,butte creek,flow,max,584
13,2002,butte creek,11390000,USGS,butte creek,flow,mean,501.5044642857143
13,2002,butte creek,11390000,USGS,butte creek,flow,min,428
14,2002,butte creek,11390000,USGS,butte creek,flow,max,529
14,2002,butte creek,11390000,USGS,butte creek,flow,mean,497.7579205069124
14,2002,butte creek,11390000,USGS,butte creek,flow,min,470
15,2002,butte creek,11390000,USGS,butte creek,flow,max,537
15,2002,butte creek,11390000,USGS,butte creek,flow,mean,481.233630952381
15,2002,butte creek,11390000,USGS,butte creek,flow,min,449
16,2002,butte creek,11390000,USGS,butte creek,flow,max,449
16,2002,butte creek,11390000,USGS,butte creek,flow,mean,393.5863095238095
16,2002,butte creek,11390000,USGS,butte creek,flow,min,322
17,2002,butte creek,11390000,USGS,butte creek,flow,max,514
17,2002,butte creek,11390000,USGS,butte creek,flow,mean,409.53125
17,2002,butte creek,11390000,USGS,butte creek,flow,min,309
18,2002,butte creek,11390000,USGS,butte creek,flow,max,309
18,2002,butte creek,11390000,USGS,butte creek,flow,mean,256.77529761904765
18,2002,butte creek,11390000,USGS,butte creek,flow,min,235
19,2002,butte creek,11390000,USGS,butte creek,flow,max,256
19,2002,butte creek,11390000,USGS,butte creek,flow,mean,222.19334975369458
19,2002,butte creek,11390000,USGS,butte creek,flow,min,200
20,2002,butte creek,11390000,USGS,butte creek,flow,max,415
20,2002,butte creek,11390000,USGS,butte creek,flow,mean,271.94345238095235
20,2002,butte creek,11390000,USGS,butte creek,flow,min,158
21,2002,butte creek,11390000,USGS,butte creek,flow,max,395
21,2002,butte creek,11390000,USGS,butte creek,flow,mean,313.8913690476191
21,2002,butte creek,11390000,USGS,butte creek,flow,min,284
22,2002,butte creek,11390000,USGS,butte creek,flow,max,297
22,2002,butte creek,11390000,USGS,butte creek,flow,mean,277.4627976190476
22,2002,butte creek,11390000,USGS,butte creek,flow,min,256
23,2002,butte creek,11390000,USGS,butte creek,flow,max,272
23,2002,butte creek,11390000,USGS,butte creek,flow,mean,229.92708333333334
23,2002,butte creek,11390000,USGS,butte creek,flow,min,195
24,2002,butte creek,11390000,USGS,butte creek,flow,max,225
24,2002,butte creek,11390000,USGS,butte creek,flow,mean,194.12351190476193
24,2002,butte creek,11390000,USGS,butte creek,flow,min,176
25,2002,butte creek,11390000,USGS,butte creek,flow,max,190
25,2002,butte creek,11390000,USGS,butte creek,flow,mean,172.0297619047619
25,2002,butte creek,11390000,USGS,butte creek,flow,min,158
26,2002,butte creek,11390000,USGS,butte creek,flow,max,167
26,2002,butte creek,11390000,USGS,butte creek,flow,mean,151.93005952380955
26,2002,butte creek,11390000,USGS,butte creek,flow,min,137
27,2002,butte creek,11390000,USGS,butte creek,flow,max,149
27,2002,butte creek,11390000,USGS,butte creek,flow,mean,132.66071428571428
27,2002,butte creek,11390000,USGS,butte creek,flow,min,118
28,2002,butte creek,11390000,USGS,butte creek,flow,max,137
28,2002,butte creek,11390000,USGS,butte creek,flow,mean,125.13392857142857
28,2002,butte creek,11390000,USGS,butte creek,flow,min,115
29,2002,butte creek,11390000,USGS,butte creek,flow,max,133
29,2002,butte creek,11390000,USGS,butte creek,flow,mean,122.23065476190477
29,2002,butte creek,11390000,USGS,butte creek,flow,min,104
30,2002,butte creek,11390000,USGS,butte creek,flow,max,133
30,2002,butte creek,11390000,USGS,butte creek,flow,mean,120.46875
30,2002,butte creek,11390000,USGS,butte creek,flow,min,111
31,2002,butte creek,11390000,USGS,butte creek,flow,max,129
31,2002,butte creek,11390000,USGS,butte creek,flow,mean,120.89434523809526
31,2002,butte creek,11390000,USGS,butte creek,flow,min,115
32,2002,butte creek,11390000,USGS,butte creek,flow,max,125
32,2002,butte creek,11390000,USGS,butte creek,flow,mean,116.70684523809526
32,2002,butte creek,11390000,USGS,butte creek,flow,min,108
33,2002,butte creek,11390000,USGS,butte creek,flow,max,122
33,2002,butte creek,11390000,USGS,butte creek,flow,mean,115.88244047619048
33,2002,butte creek,11390000,USGS,butte creek,flow,min,108
34,2002,butte creek,11390000,USGS,butte creek,flow,max,125
34,2002,butte creek,11390000,USGS,butte creek,flow,mean,118.8377976190476
34,2002,butte creek,11390000,USGS,butte creek,flow,min,108
35,2002,butte creek,11390000,USGS,butte creek,flow,max,125
35,2002,butte creek,11390000,USGS,butte creek,flow,mean,118.13839285714286
35,2002,butte creek,11390000,USGS,butte creek,flow,min,111
36,2002,butte creek,11390000,USGS,butte creek,flow,max,125
36,2002,butte creek,11390000,USGS,butte creek,flow,mean,116.72767857142856
36,2002,butte creek,11390000,USGS,butte creek,flow,min,111
37,2002,butte creek,11390000,USGS,butte creek,flow,max,129
37,2002,butte creek,11390000,USGS,butte creek,flow,mean,117.46428571428571
37,2002,butte creek,11390000,USGS,butte creek,flow,min,108
38,2002,butte creek,11390000,USGS,butte creek,flow,max,125
38,2002,butte creek,11390000,USGS,butte creek,flow,mean,85.63988095238095
38,2002,butte creek,11390000,USGS,butte creek,flow,min,71
39,2002,butte creek,11390000,USGS,butte creek,flow,max,88
39,2002,butte creek,11390000,USGS,butte creek,flow,mean,78.1577380952381
39,2002,butte creek,11390000,USGS,butte creek,flow,min,71
40,2002,butte creek,11390000,USGS,butte creek,flow,max,88
40,2002,butte creek,11390000,USGS,butte creek,flow,mean,80.87351190476191
40,2002,butte creek,11390000,USGS,butte creek,flow,min,77
41,2002,butte creek,11390000,USGS,butte creek,flow,max,81
41,2002,butte creek,11390000,USGS,butte creek,flow,mean,78.56547619047619
41,2002,butte creek,11390000,USGS,butte creek,flow,min,74
42,2002,butte creek,11390000,USGS,butte creek,flow,max,88
42,2002,butte creek,11390000,USGS,butte creek,flow,mean,82.696537456446
42,2002,butte creek,11390000,USGS,butte creek,flow,min,81
43,2002,butte creek,11390000,USGS,butte creek,flow,max,95
43,2002,butte creek,11390000,USGS,butte creek,flow,mean,87.63839285714288
43,2002,butte creek,11390000,USGS,butte creek,flow,min,84
44,2002,butte creek,11390000,USGS,butte creek,flow,max,98
44,2002,butte creek,11390000,USGS,butte creek,flow,mean,89.5078477443609
44,2002,butte creek,11390000,USGS,butte creek,flow,min,84
45,2002,butte creek,11390000,USGS,butte creek,flow,max,492
45,2002,butte creek,11390000,USGS,butte creek,flow,mean,215.52377807352084
45,2002,butte creek,11390000,USGS,butte creek,flow,min,84
46,2002,butte creek,11390000,USGS,butte creek,flow,max,215
46,2002,butte creek,11390000,USGS,butte creek,flow,mean,139.10416666666666
46,2002,butte creek,11390000,USGS,butte creek,flow,min,108
47,2002,butte creek,11390000,USGS,butte creek,flow,max,129
47,2002,butte creek,11390000,USGS,butte creek,flow,mean,108.68749999999999
47,2002,butte creek,11390000,USGS,butte creek,flow,min,84
48,2002,butte creek,11390000,USGS,butte creek,flow,max,111
48,2002,butte creek,11390000,USGS,butte creek,flow,mean,101.94494047619048
48,2002,butte creek,11390000,USGS,butte creek,flow,min,95
49,2002,butte creek,11390000,USGS,butte creek,flow,max,108
49,2002,butte creek,11390000,USGS,butte creek,flow,mean,95.70238095238096
49,2002,butte creek,11390000,USGS,butte creek,flow,min,84
50,2002,butte creek,11390000,USGS,butte creek,flow,max,5950
50,2002,butte creek,11390000,USGS,butte creek,flow,mean,1063.3526785714287
50,2002,butte creek,11390000,USGS,butte creek,flow,min,88
51,2002,butte creek,11390000,USGS,butte creek,flow,max,2370
51,2002,butte creek,11390000,USGS,butte creek,flow,mean,889.8958333333334
51,2002,butte creek,11390000,USGS,butte creek,flow,min,470
52,2002,butte creek,11390000,USGS,butte creek,flow,max,7330
52,2002,butte creek,11390000,USGS,butte creek,flow,mean,1919.982142857143
52,2002,butte creek,11390000,USGS,butte creek,flow,min,322
53,2002,butte creek,11390000,USGS,butte creek,flow,max,1700
53,2002,butte creek,11390000,USGS,butte creek,flow,mean,1700
53,2002,butte creek,11390000,USGS,butte creek,flow,min,1700
1,2003,butte creek,11390000,USGS,butte creek,flow,max,1890
1,2003,butte creek,11390000,USGS,butte creek,flow,mean,865.1875
1,2003,butte creek,11390000,USGS,butte creek,flow,min,514
2,2003,butte creek,11390000,USGS,butte creek,flow,max,3040
2,2003,butte creek,11390000,USGS,butte creek,flow,mean,1429.8943452380954
2,2003,butte creek,11390000,USGS,butte creek,flow,min,507
3,2003,butte creek,11390000,USGS,butte creek,flow,max,1920
3,2003,butte creek,11390000,USGS,butte creek,flow,mean,1081.172305764411
3,2003,butte creek,11390000,USGS,butte creek,flow,min,704
4,2003,butte creek,11390000,USGS,butte creek,flow,max,1970
4,2003,butte creek,11390000,USGS,butte creek,flow,mean,1166.702380952381
4,2003,butte creek,11390000,USGS,butte creek,flow,min,704
5,2003,butte creek,11390000,USGS,butte creek,flow,max,911
5,2003,butte creek,11390000,USGS,butte creek,flow,mean,721.5208333333333
5,2003,butte creek,11390000,USGS,butte creek,flow,min,600
6,2003,butte creek,11390000,USGS,butte creek,flow,max,655
6,2003,butte creek,11390000,USGS,butte creek,flow,mean,470.577380952381
6,2003,butte creek,11390000,USGS,butte creek,flow,min,409
7,2003,butte creek,11390000,USGS,butte creek,flow,max,1610
7,2003,butte creek,11390000,USGS,butte creek,flow,mean,656.7738095238095
7,2003,butte creek,11390000,USGS,butte creek,flow,min,381
8,2003,butte creek,11390000,USGS,butte creek,flow,max,679
8,2003,butte creek,11390000,USGS,butte creek,flow,mean,543.6235119047619
8,2003,butte creek,11390000,USGS,butte creek,flow,min,463
9,2003,butte creek,11390000,USGS,butte creek,flow,max,492
9,2003,butte creek,11390000,USGS,butte creek,flow,mean,440.3809523809524
9,2003,butte creek,11390000,USGS,butte creek,flow,min,409
10,2003,butte creek,11390000,USGS,butte creek,flow,max,428
10,2003,butte creek,11390000,USGS,butte creek,flow,mean,398.59970238095235
10,2003,butte creek,11390000,USGS,butte creek,flow,min,361
11,2003,butte creek,11390000,USGS,butte creek,flow,max,4440
11,2003,butte creek,11390000,USGS,butte creek,flow,mean,1175.409226190476
11,2003,butte creek,11390000,USGS,butte creek,flow,min,381
12,2003,butte creek,11390000,USGS,butte creek,flow,max,844
12,2003,butte creek,11390000,USGS,butte creek,flow,mean,697.7894345238095
12,2003,butte creek,11390000,USGS,butte creek,flow,min,584
13,2003,butte creek,11390000,USGS,butte creek,flow,max,1210
13,2003,butte creek,11390000,USGS,butte creek,flow,mean,723.5461309523808
13,2003,butte creek,11390000,USGS,butte creek,flow,min,568
14,2003,butte creek,11390000,USGS,butte creek,flow,max,1090
14,2003,butte creek,11390000,USGS,butte creek,flow,mean,624.6354166666667
14,2003,butte creek,11390000,USGS,butte creek,flow,min,522
15,2003,butte creek,11390000,USGS,butte creek,flow,max,1980
15,2003,butte creek,11390000,USGS,butte creek,flow,mean,1162.5104166666665
15,2003,butte creek,11390000,USGS,butte creek,flow,min,744
16,2003,butte creek,11390000,USGS,butte creek,flow,max,1110
16,2003,butte creek,11390000,USGS,butte creek,flow,mean,864.0699404761906
16,2003,butte creek,11390000,USGS,butte creek,flow,min,744
17,2003,butte creek,11390000,USGS,butte creek,flow,max,3590
17,2003,butte creek,11390000,USGS,butte creek,flow,mean,1752.436011904762
17,2003,butte creek,11390000,USGS,butte creek,flow,min,704
18,2003,butte creek,11390000,USGS,butte creek,flow,max,2770
18,2003,butte creek,11390000,USGS,butte creek,flow,mean,1734.6875000000002
18,2003,butte creek,11390000,USGS,butte creek,flow,min,1230
19,2003,butte creek,11390000,USGS,butte creek,flow,max,1380
19,2003,butte creek,11390000,USGS,butte creek,flow,mean,993.6041666666667
19,2003,butte creek,11390000,USGS,butte creek,flow,min,663
20,2003,butte creek,11390000,USGS,butte creek,flow,max,786
20,2003,butte creek,11390000,USGS,butte creek,flow,mean,688.6964285714286
20,2003,butte creek,11390000,USGS,butte creek,flow,min,553
21,2003,butte creek,11390000,USGS,butte creek,flow,max,1020
21,2003,butte creek,11390000,USGS,butte creek,flow,mean,786.8809523809523
21,2003,butte creek,11390000,USGS,butte creek,flow,min,545
22,2003,butte creek,11390000,USGS,butte creek,flow,max,819
22,2003,butte creek,11390000,USGS,butte creek,flow,mean,632.9315476190476
22,2003,butte creek,11390000,USGS,butte creek,flow,min,545
23,2003,butte creek,11390000,USGS,butte creek,flow,max,640
23,2003,butte creek,11390000,USGS,butte creek,flow,mean,513.4806547619047
23,2003,butte creek,11390000,USGS,butte creek,flow,min,442
24,2003,butte creek,11390000,USGS,butte creek,flow,max,463
24,2003,butte creek,11390000,USGS,butte creek,flow,mean,415.5044642857143
24,2003,butte creek,11390000,USGS,butte creek,flow,min,375
25,2003,butte creek,11390000,USGS,butte creek,flow,max,388
25,2003,butte creek,11390000,USGS,butte creek,flow,mean,317.69047619047615
25,2003,butte creek,11390000,USGS,butte creek,flow,min,250
26,2003,butte creek,11390000,USGS,butte creek,flow,max,266
26,2003,butte creek,11390000,USGS,butte creek,flow,mean,234.56845238095238
26,2003,butte creek,11390000,USGS,butte creek,flow,min,181
27,2003,butte creek,11390000,USGS,butte creek,flow,max,235
27,2003,butte creek,11390000,USGS,butte creek,flow,mean,211.32440476190476
27,2003,butte creek,11390000,USGS,butte creek,flow,min,190
28,2003,butte creek,11390000,USGS,butte creek,flow,max,215
28,2003,butte creek,11390000,USGS,butte creek,flow,mean,192.7068452380952
28,2003,butte creek,11390000,USGS,butte creek,flow,min,181
29,2003,butte creek,11390000,USGS,butte creek,flow,max,195
29,2003,butte creek,11390000,USGS,butte creek,flow,mean,170.72321428571428
29,2003,butte creek,11390000,USGS,butte creek,flow,min,149
30,2003,butte creek,11390000,USGS,butte creek,flow,max,158
30,2003,butte creek,11390000,USGS,butte creek,flow,mean,148.79761904761904
30,2003,butte creek,11390000,USGS,butte creek,flow,min,141
31,2003,butte creek,11390000,USGS,butte creek,flow,max,181
31,2003,butte creek,11390000,USGS,butte creek,flow,mean,158.98214285714283
31,2003,butte creek,11390000,USGS,butte creek,flow,min,141
32,2003,butte creek,11390000,USGS,butte creek,flow,max,163
32,2003,butte creek,11390000,USGS,butte creek,flow,mean,155.51636904761907
32,2003,butte creek,11390000,USGS,butte creek,flow,min,145
33,2003,butte creek,11390000,USGS,butte creek,flow,max,154
33,2003,butte creek,11390000,USGS,butte creek,flow,mean,149.60714285714286
33,2003,butte creek,11390000,USGS,butte creek,flow,min,145
34,2003,butte creek,11390000,USGS,butte creek,flow,max,200
34,2003,butte creek,11390000,USGS,butte creek,flow,mean,158.94345238095235
34,2003,butte creek,11390000,USGS,butte creek,flow,min,145
35,2003,butte creek,11390000,USGS,butte creek,flow,max,163
35,2003,butte creek,11390000,USGS,butte creek,flow,mean,147.16964285714286
35,2003,butte creek,11390000,USGS,butte creek,flow,min,141
36,2003,butte creek,11390000,USGS,butte creek,flow,max,167
36,2003,butte creek,11390000,USGS,butte creek,flow,mean,144.78125
36,2003,butte creek,11390000,USGS,butte creek,flow,min,141
37,2003,butte creek,11390000,USGS,butte creek,flow,max,163
37,2003,butte creek,11390000,USGS,butte creek,flow,mean,145.49702380952382
37,2003,butte creek,11390000,USGS,butte creek,flow,min,137
38,2003,butte creek,11390000,USGS,butte creek,flow,max,145
38,2003,butte creek,11390000,USGS,butte creek,flow,mean,116.57807055749129
38,2003,butte creek,11390000,USGS,butte creek,flow,min,104
39,2003,butte creek,11390000,USGS,butte creek,flow,max,115
39,2003,butte creek,11390000,USGS,butte creek,flow,mean,104.04910714285714
39,2003,butte creek,11390000,USGS,butte creek,flow,min,95
40,2003,butte creek,11390000,USGS,butte creek,flow,max,111
40,2003,butte creek,11390000,USGS,butte creek,flow,mean,103.30888157894735
40,2003,butte creek,11390000,USGS,butte creek,flow,min,98
41,2003,butte creek,11390000,USGS,butte creek,flow,max,108
41,2003,butte creek,11390000,USGS,butte creek,flow,mean,102.1264880952381
41,2003,butte creek,11390000,USGS,butte creek,flow,min,95
42,2003,butte creek,11390000,USGS,butte creek,flow,max,118
42,2003,butte creek,11390000,USGS,butte creek,flow,mean,100.46130952380952
42,2003,butte creek,11390000,USGS,butte creek,flow,min,91
43,2003,butte creek,11390000,USGS,butte creek,flow,max,108
43,2003,butte creek,11390000,USGS,butte creek,flow,mean,97.9375
43,2003,butte creek,11390000,USGS,butte creek,flow,min,91
44,2003,butte creek,11390000,USGS,butte creek,flow,max,149
44,2003,butte creek,11390000,USGS,butte creek,flow,mean,109.03422619047619
44,2003,butte creek,11390000,USGS,butte creek,flow,min,91
45,2003,butte creek,11390000,USGS,butte creek,flow,max,256
45,2003,butte creek,11390000,USGS,butte creek,flow,mean,145.8139880952381
45,2003,butte creek,11390000,USGS,butte creek,flow,min,108
46,2003,butte creek,11390000,USGS,butte creek,flow,max,297
46,2003,butte creek,11390000,USGS,butte creek,flow,mean,151.6547619047619
46,2003,butte creek,11390000,USGS,butte creek,flow,min,108
47,2003,butte creek,11390000,USGS,butte creek,flow,max,149
47,2003,butte creek,11390000,USGS,butte creek,flow,mean,125.77380952380953
47,2003,butte creek,11390000,USGS,butte creek,flow,min,115
48,2003,butte creek,11390000,USGS,butte creek,flow,max,240
48,2003,butte creek,11390000,USGS,butte creek,flow,mean,140.92261904761907
48,2003,butte creek,11390000,USGS,butte creek,flow,min,111
49,2003,butte creek,11390000,USGS,butte creek,flow,max,1060
49,2003,butte creek,11390000,USGS,butte creek,flow,mean,299.9761904761905
49,2003,butte creek,11390000,USGS,butte creek,flow,min,125
50,2003,butte creek,11390000,USGS,butte creek,flow,max,3150
50,2003,butte creek,11390000,USGS,butte creek,flow,mean,638.9255952380952
50,2003,butte creek,11390000,USGS,butte creek,flow,min,230
51,2003,butte creek,11390000,USGS,butte creek,flow,max,388
51,2003,butte creek,11390000,USGS,butte creek,flow,mean,325.86904761904765
51,2003,butte creek,11390000,USGS,butte creek,flow,min,256
52,2003,butte creek,11390000,USGS,butte creek,flow,max,3570
52,2003,butte creek,11390000,USGS,butte creek,flow,mean,937.047619047619
52,2003,butte creek,11390000,USGS,butte creek,flow,min,342
53,2003,butte creek,11390000,USGS,butte creek,flow,max,802
53,2003,butte creek,11390000,USGS,butte creek,flow,mean,646.2604166666666
53,2003,butte creek,11390000,USGS,butte creek,flow,min,522
1,2004,butte creek,11390000,USGS,butte creek,flow,max,2830
1,2004,butte creek,11390000,USGS,butte creek,flow,mean,726.6994047619048
1,2004,butte creek,11390000,USGS,butte creek,flow,min,355
2,2004,butte creek,11390000,USGS,butte creek,flow,max,688
2,2004,butte creek,11390000,USGS,butte creek,flow,mean,546.4925595238095
2,2004,butte creek,11390000,USGS,butte creek,flow,min,442
3,2004,butte creek,11390000,USGS,butte creek,flow,max,484
3,2004,butte creek,11390000,USGS,butte creek,flow,mean,425.61160714285717
3,2004,butte creek,11390000,USGS,butte creek,flow,min,368
4,2004,butte creek,11390000,USGS,butte creek,flow,max,679
4,2004,butte creek,11390000,USGS,butte creek,flow,mean,378.08184523809524
4,2004,butte creek,11390000,USGS,butte creek,flow,min,303
5,2004,butte creek,11390000,USGS,butte creek,flow,max,1080
5,2004,butte creek,11390000,USGS,butte creek,flow,mean,541.6975284679089
5,2004,butte creek,11390000,USGS,butte creek,flow,min,361
6,2004,butte creek,11390000,USGS,butte creek,flow,max,671
6,2004,butte creek,11390000,USGS,butte creek,flow,mean,482.8705357142857
6,2004,butte creek,11390000,USGS,butte creek,flow,min,402
7,2004,butte creek,11390000,USGS,butte creek,flow,max,9080
7,2004,butte creek,11390000,USGS,butte creek,flow,mean,1906.4041378648233
7,2004,butte creek,11390000,USGS,butte creek,flow,min,368
8,2004,butte creek,11390000,USGS,butte creek,flow,max,5600
8,2004,butte creek,11390000,USGS,butte creek,flow,mean,1711.9583333333333
8,2004,butte creek,11390000,USGS,butte creek,flow,min,886
9,2004,butte creek,11390000,USGS,butte creek,flow,max,4710
9,2004,butte creek,11390000,USGS,butte creek,flow,mean,1671.8824404761904
9,2004,butte creek,11390000,USGS,butte creek,flow,min,954
10,2004,butte creek,11390000,USGS,butte creek,flow,max,1010
10,2004,butte creek,11390000,USGS,butte creek,flow,mean,794.9806547619047
10,2004,butte creek,11390000,USGS,butte creek,flow,min,679
11,2004,butte creek,11390000,USGS,butte creek,flow,max,736
11,2004,butte creek,11390000,USGS,butte creek,flow,mean,646.532738095238
11,2004,butte creek,11390000,USGS,butte creek,flow,min,537
12,2004,butte creek,11390000,USGS,butte creek,flow,max,640
12,2004,butte creek,11390000,USGS,butte creek,flow,mean,573.5327380952381
12,2004,butte creek,11390000,USGS,butte creek,flow,min,514
13,2004,butte creek,11390000,USGS,butte creek,flow,max,728
13,2004,butte creek,11390000,USGS,butte creek,flow,mean,537.7321428571429
13,2004,butte creek,11390000,USGS,butte creek,flow,min,449
14,2004,butte creek,11390000,USGS,butte creek,flow,max,608
14,2004,butte creek,11390000,USGS,butte creek,flow,mean,528.8526785714286
14,2004,butte creek,11390000,USGS,butte creek,flow,min,470
15,2004,butte creek,11390000,USGS,butte creek,flow,max,553
15,2004,butte creek,11390000,USGS,butte creek,flow,mean,520.9345238095239
15,2004,butte creek,11390000,USGS,butte creek,flow,min,492
16,2004,butte creek,11390000,USGS,butte creek,flow,max,600
16,2004,butte creek,11390000,USGS,butte creek,flow,mean,464.39732142857144
16,2004,butte creek,11390000,USGS,butte creek,flow,min,409
17,2004,butte creek,11390000,USGS,butte creek,flow,max,560
17,2004,butte creek,11390000,USGS,butte creek,flow,mean,422.9211309523809
17,2004,butte creek,11390000,USGS,butte creek,flow,min,290
18,2004,butte creek,11390000,USGS,butte creek,flow,max,492
18,2004,butte creek,11390000,USGS,butte creek,flow,mean,422.92410714285717
18,2004,butte creek,11390000,USGS,butte creek,flow,min,303
19,2004,butte creek,11390000,USGS,butte creek,flow,max,568
19,2004,butte creek,11390000,USGS,butte creek,flow,mean,475.6800595238096
19,2004,butte creek,11390000,USGS,butte creek,flow,min,422
20,2004,butte creek,11390000,USGS,butte creek,flow,max,456
20,2004,butte creek,11390000,USGS,butte creek,flow,mean,428.8288690476191
20,2004,butte creek,11390000,USGS,butte creek,flow,min,395
21,2004,butte creek,11390000,USGS,butte creek,flow,max,442
21,2004,butte creek,11390000,USGS,butte creek,flow,mean,369.73065476190476
21,2004,butte creek,11390000,USGS,butte creek,flow,min,329
22,2004,butte creek,11390000,USGS,butte creek,flow,max,422
22,2004,butte creek,11390000,USGS,butte creek,flow,mean,345.35267857142856
22,2004,butte creek,11390000,USGS,butte creek,flow,min,297
23,2004,butte creek,11390000,USGS,butte creek,flow,max,349
23,2004,butte creek,11390000,USGS,butte creek,flow,mean,295.6041666666667
23,2004,butte creek,11390000,USGS,butte creek,flow,min,272
24,2004,butte creek,11390000,USGS,butte creek,flow,max,316
24,2004,butte creek,11390000,USGS,butte creek,flow,mean,281.6830357142857
24,2004,butte creek,11390000,USGS,butte creek,flow,min,250
25,2004,butte creek,11390000,USGS,butte creek,flow,max,290
25,2004,butte creek,11390000,USGS,butte creek,flow,mean,248.9985119047619
25,2004,butte creek,11390000,USGS,butte creek,flow,min,200
26,2004,butte creek,11390000,USGS,butte creek,flow,max,240
26,2004,butte creek,11390000,USGS,butte creek,flow,mean,218.95238095238096
26,2004,butte creek,11390000,USGS,butte creek,flow,min,186
27,2004,butte creek,11390000,USGS,butte creek,flow,max,205
27,2004,butte creek,11390000,USGS,butte creek,flow,mean,184.9375
27,2004,butte creek,11390000,USGS,butte creek,flow,min,163
28,2004,butte creek,11390000,USGS,butte creek,flow,max,176
28,2004,butte creek,11390000,USGS,butte creek,flow,mean,160.83630952380955
28,2004,butte creek,11390000,USGS,butte creek,flow,min,149
29,2004,butte creek,11390000,USGS,butte creek,flow,max,181
29,2004,butte creek,11390000,USGS,butte creek,flow,mean,153.49647556390977
29,2004,butte creek,11390000,USGS,butte creek,flow,min,137
30,2004,butte creek,11390000,USGS,butte creek,flow,max,176
30,2004,butte creek,11390000,USGS,butte creek,flow,mean,155.92113095238093
30,2004,butte creek,11390000,USGS,butte creek,flow,min,137
31,2004,butte creek,11390000,USGS,butte creek,flow,max,172
31,2004,butte creek,11390000,USGS,butte creek,flow,mean,149.49851190476193
31,2004,butte creek,11390000,USGS,butte creek,flow,min,129
32,2004,butte creek,11390000,USGS,butte creek,flow,max,200
32,2004,butte creek,11390000,USGS,butte creek,flow,mean,144.6845238095238
32,2004,butte creek,11390000,USGS,butte creek,flow,min,118
33,2004,butte creek,11390000,USGS,butte creek,flow,max,167
33,2004,butte creek,11390000,USGS,butte creek,flow,mean,144.22767857142858
33,2004,butte creek,11390000,USGS,butte creek,flow,min,125
34,2004,butte creek,11390000,USGS,butte creek,flow,max,176
34,2004,butte creek,11390000,USGS,butte creek,flow,mean,152.7113095238095
34,2004,butte creek,11390000,USGS,butte creek,flow,min,137
35,2004,butte creek,11390000,USGS,butte creek,flow,max,154
35,2004,butte creek,11390000,USGS,butte creek,flow,mean,143.35416666666669
35,2004,butte creek,11390000,USGS,butte creek,flow,min,133
36,2004,butte creek,11390000,USGS,butte creek,flow,max,195
36,2004,butte creek,11390000,USGS,butte creek,flow,mean,144.4702380952381
36,2004,butte creek,11390000,USGS,butte creek,flow,min,129
37,2004,butte creek,11390000,USGS,butte creek,flow,max,141
37,2004,butte creek,11390000,USGS,butte creek,flow,mean,125.57440476190477
37,2004,butte creek,11390000,USGS,butte creek,flow,min,104
38,2004,butte creek,11390000,USGS,butte creek,flow,max,137
38,2004,butte creek,11390000,USGS,butte creek,flow,mean,98.45535714285712
38,2004,butte creek,11390000,USGS,butte creek,flow,min,84
39,2004,butte creek,11390000,USGS,butte creek,flow,max,98
39,2004,butte creek,11390000,USGS,butte creek,flow,mean,91.11755952380952
39,2004,butte creek,11390000,USGS,butte creek,flow,min,84
40,2004,butte creek,11390000,USGS,butte creek,flow,max,98
40,2004,butte creek,11390000,USGS,butte creek,flow,mean,90.8110119047619
40,2004,butte creek,11390000,USGS,butte creek,flow,min,59
41,2004,butte creek,11390000,USGS,butte creek,flow,max,115
41,2004,butte creek,11390000,USGS,butte creek,flow,mean,95.60416666666667
41,2004,butte creek,11390000,USGS,butte creek,flow,min,84
42,2004,butte creek,11390000,USGS,butte creek,flow,max,499
42,2004,butte creek,11390000,USGS,butte creek,flow,mean,162.73065476190476
42,2004,butte creek,11390000,USGS,butte creek,flow,min,84
43,2004,butte creek,11390000,USGS,butte creek,flow,max,442
43,2004,butte creek,11390000,USGS,butte creek,flow,mean,205.18898809523807
43,2004,butte creek,11390000,USGS,butte creek,flow,min,115
44,2004,butte creek,11390000,USGS,butte creek,flow,max,261
44,2004,butte creek,11390000,USGS,butte creek,flow,mean,153.44642857142858
44,2004,butte creek,11390000,USGS,butte creek,flow,min,125
45,2004,butte creek,11390000,USGS,butte creek,flow,max,181
45,2004,butte creek,11390000,USGS,butte creek,flow,mean,147.23712406015036
45,2004,butte creek,11390000,USGS,butte creek,flow,min,129
46,2004,butte creek,11390000,USGS,butte creek,flow,max,190
46,2004,butte creek,11390000,USGS,butte creek,flow,mean,142.88385025062655
46,2004,butte creek,11390000,USGS,butte creek,flow,min,111
47,2004,butte creek,11390000,USGS,butte creek,flow,max,149
47,2004,butte creek,11390000,USGS,butte creek,flow,mean,122.63244047619048
47,2004,butte creek,11390000,USGS,butte creek,flow,min,98
48,2004,butte creek,11390000,USGS,butte creek,flow,max,215
48,2004,butte creek,11390000,USGS,butte creek,flow,mean,133.58482142857142
48,2004,butte creek,11390000,USGS,butte creek,flow,min,111
49,2004,butte creek,11390000,USGS,butte creek,flow,max,2430
49,2004,butte creek,11390000,USGS,butte creek,flow,mean,321.864802631579
49,2004,butte creek,11390000,USGS,butte creek,flow,min,104
50,2004,butte creek,11390000,USGS,butte creek,flow,max,1930
50,2004,butte creek,11390000,USGS,butte creek,flow,mean,426.2113095238095
50,2004,butte creek,11390000,USGS,butte creek,flow,min,205
51,2004,butte creek,11390000,USGS,butte creek,flow,max,230
51,2004,butte creek,11390000,USGS,butte creek,flow,mean,183.0654761904762
51,2004,butte creek,11390000,USGS,butte creek,flow,min,158
52,2004,butte creek,11390000,USGS,butte creek,flow,max,568
52,2004,butte creek,11390000,USGS,butte creek,flow,mean,228.77083333333331
52,2004,butte creek,11390000,USGS,butte creek,flow,min,141
53,2004,butte creek,11390000,USGS,butte creek,flow,max,1210
53,2004,butte creek,11390000,USGS,butte creek,flow,mean,736.5989583333334
53,2004,butte creek,11390000,USGS,butte creek,flow,min,470
1,2005,butte creek,11390000,USGS,butte creek,flow,max,844
1,2005,butte creek,11390000,USGS,butte creek,flow,mean,479.1279761904762
1,2005,butte creek,11390000,USGS,butte creek,flow,min,250
2,2005,butte creek,11390000,USGS,butte creek,flow,max,769
2,2005,butte creek,11390000,USGS,butte creek,flow,mean,481.5390194235589
2,2005,butte creek,11390000,USGS,butte creek,flow,min,316
3,2005,butte creek,11390000,USGS,butte creek,flow,max,361
3,2005,butte creek,11390000,USGS,butte creek,flow,mean,312.04166666666663
3,2005,butte creek,11390000,USGS,butte creek,flow,min,272
4,2005,butte creek,11390000,USGS,butte creek,flow,max,1030
4,2005,butte creek,11390000,USGS,butte creek,flow,mean,492.33035714285717
4,2005,butte creek,11390000,USGS,butte creek,flow,min,261
5,2005,butte creek,11390000,USGS,butte creek,flow,max,886
5,2005,butte creek,11390000,USGS,butte creek,flow,mean,492.92410714285717
5,2005,butte creek,11390000,USGS,butte creek,flow,min,309
6,2005,butte creek,11390000,USGS,butte creek,flow,max,415
6,2005,butte creek,11390000,USGS,butte creek,flow,mean,350.70089285714283
6,2005,butte creek,11390000,USGS,butte creek,flow,min,309
7,2005,butte creek,11390000,USGS,butte creek,flow,max,529
7,2005,butte creek,11390000,USGS,butte creek,flow,mean,375.5282738095238
7,2005,butte creek,11390000,USGS,butte creek,flow,min,297
8,2005,butte creek,11390000,USGS,butte creek,flow,max,786
8,2005,butte creek,11390000,USGS,butte creek,flow,mean,494.4479166666667
8,2005,butte creek,11390000,USGS,butte creek,flow,min,342
9,2005,butte creek,11390000,USGS,butte creek,flow,max,819
9,2005,butte creek,11390000,USGS,butte creek,flow,mean,533.766369047619
9,2005,butte creek,11390000,USGS,butte creek,flow,min,381
10,2005,butte creek,11390000,USGS,butte creek,flow,max,522
10,2005,butte creek,11390000,USGS,butte creek,flow,mean,447.70833333333337
10,2005,butte creek,11390000,USGS,butte creek,flow,min,388
11,2005,butte creek,11390000,USGS,butte creek,flow,max,499
11,2005,butte creek,11390000,USGS,butte creek,flow,mean,408.35714285714283
11,2005,butte creek,11390000,USGS,butte creek,flow,min,322
12,2005,butte creek,11390000,USGS,butte creek,flow,max,2140
12,2005,butte creek,11390000,USGS,butte creek,flow,mean,1001.2470238095239
12,2005,butte creek,11390000,USGS,butte creek,flow,min,316
13,2005,butte creek,11390000,USGS,butte creek,flow,max,1930
13,2005,butte creek,11390000,USGS,butte creek,flow,mean,974.6607142857143
13,2005,butte creek,11390000,USGS,butte creek,flow,min,720
14,2005,butte creek,11390000,USGS,butte creek,flow,max,920
14,2005,butte creek,11390000,USGS,butte creek,flow,mean,707.1696428571429
14,2005,butte creek,11390000,USGS,butte creek,flow,min,624
15,2005,butte creek,11390000,USGS,butte creek,flow,max,895
15,2005,butte creek,11390000,USGS,butte creek,flow,mean,683.0892857142856
15,2005,butte creek,11390000,USGS,butte creek,flow,min,560
16,2005,butte creek,11390000,USGS,butte creek,flow,max,584
16,2005,butte creek,11390000,USGS,butte creek,flow,mean,529.1934523809525
16,2005,butte creek,11390000,USGS,butte creek,flow,min,477
17,2005,butte creek,11390000,USGS,butte creek,flow,max,553
17,2005,butte creek,11390000,USGS,butte creek,flow,mean,460.63392857142856
17,2005,butte creek,11390000,USGS,butte creek,flow,min,402
18,2005,butte creek,11390000,USGS,butte creek,flow,max,616
18,2005,butte creek,11390000,USGS,butte creek,flow,mean,420.53273809523813
18,2005,butte creek,11390000,USGS,butte creek,flow,min,361
19,2005,butte creek,11390000,USGS,butte creek,flow,max,1720
19,2005,butte creek,11390000,USGS,butte creek,flow,mean,891.2723214285714
19,2005,butte creek,11390000,USGS,butte creek,flow,min,484
20,2005,butte creek,11390000,USGS,butte creek,flow,max,4520
20,2005,butte creek,11390000,USGS,butte creek,flow,mean,1262.9122023809523
20,2005,butte creek,11390000,USGS,butte creek,flow,min,624
21,2005,butte creek,11390000,USGS,butte creek,flow,max,1540
21,2005,butte creek,11390000,USGS,butte creek,flow,mean,943.4270833333333
21,2005,butte creek,11390000,USGS,butte creek,flow,min,663
22,2005,butte creek,11390000,USGS,butte creek,flow,max,720
22,2005,butte creek,11390000,USGS,butte creek,flow,mean,554.2053571428571
22,2005,butte creek,11390000,USGS,butte creek,flow,min,449
23,2005,butte creek,11390000,USGS,butte creek,flow,max,663
23,2005,butte creek,11390000,USGS,butte creek,flow,mean,493.2276785714286
23,2005,butte creek,11390000,USGS,butte creek,flow,min,428
24,2005,butte creek,11390000,USGS,butte creek,flow,max,484
24,2005,butte creek,11390000,USGS,butte creek,flow,mean,411.70982142857144
24,2005,butte creek,11390000,USGS,butte creek,flow,min,329
25,2005,butte creek,11390000,USGS,butte creek,flow,max,442
25,2005,butte creek,11390000,USGS,butte creek,flow,mean,379.44345238095235
25,2005,butte creek,11390000,USGS,butte creek,flow,min,329
26,2005,butte creek,11390000,USGS,butte creek,flow,max,355
26,2005,butte creek,11390000,USGS,butte creek,flow,mean,304.68475877192986
26,2005,butte creek,11390000,USGS,butte creek,flow,min,245
27,2005,butte creek,11390000,USGS,butte creek,flow,max,290
27,2005,butte creek,11390000,USGS,butte creek,flow,mean,261.07589285714283
27,2005,butte creek,11390000,USGS,butte creek,flow,min,240
28,2005,butte creek,11390000,USGS,butte creek,flow,max,266
28,2005,butte creek,11390000,USGS,butte creek,flow,mean,235.86011904761904
28,2005,butte creek,11390000,USGS,butte creek,flow,min,210
29,2005,butte creek,11390000,USGS,butte creek,flow,max,266
29,2005,butte creek,11390000,USGS,butte creek,flow,mean,228.13541666666669
29,2005,butte creek,11390000,USGS,butte creek,flow,min,200
30,2005,butte creek,11390000,USGS,butte creek,flow,max,266
30,2005,butte creek,11390000,USGS,butte creek,flow,mean,223.60267857142858
30,2005,butte creek,11390000,USGS,butte creek,flow,min,186
31,2005,butte creek,11390000,USGS,butte creek,flow,max,225
31,2005,butte creek,11390000,USGS,butte creek,flow,mean,200.84031954887217
31,2005,butte creek,11390000,USGS,butte creek,flow,min,186
32,2005,butte creek,11390000,USGS,butte creek,flow,max,225
32,2005,butte creek,11390000,USGS,butte creek,flow,mean,205.92857142857147
32,2005,butte creek,11390000,USGS,butte creek,flow,min,186
33,2005,butte creek,11390000,USGS,butte creek,flow,max,210
33,2005,butte creek,11390000,USGS,butte creek,flow,mean,194.60714285714286
33,2005,butte creek,11390000,USGS,butte creek,flow,min,181
34,2005,butte creek,11390000,USGS,butte creek,flow,max,205
34,2005,butte creek,11390000,USGS,butte creek,flow,mean,186.18154761904765
34,2005,butte creek,11390000,USGS,butte creek,flow,min,167
35,2005,butte creek,11390000,USGS,butte creek,flow,max,195
35,2005,butte creek,11390000,USGS,butte creek,flow,mean,174.7157738095238
35,2005,butte creek,11390000,USGS,butte creek,flow,min,154
36,2005,butte creek,11390000,USGS,butte creek,flow,max,163
36,2005,butte creek,11390000,USGS,butte creek,flow,mean,148.83184523809524
36,2005,butte creek,11390000,USGS,butte creek,flow,min,118
37,2005,butte creek,11390000,USGS,butte creek,flow,max,145
37,2005,butte creek,11390000,USGS,butte creek,flow,mean,133.17410714285714
37,2005,butte creek,11390000,USGS,butte creek,flow,min,104
38,2005,butte creek,11390000,USGS,butte creek,flow,max,118
38,2005,butte creek,11390000,USGS,butte creek,flow,mean,106.30059523809523
38,2005,butte creek,11390000,USGS,butte creek,flow,min,84
39,2005,butte creek,11390000,USGS,butte creek,flow,max,125
39,2005,butte creek,11390000,USGS,butte creek,flow,mean,108.7933897243108
39,2005,butte creek,11390000,USGS,butte creek,flow,min,101
40,2005,butte creek,11390000,USGS,butte creek,flow,max,122
40,2005,butte creek,11390000,USGS,butte creek,flow,mean,112.05208333333333
40,2005,butte creek,11390000,USGS,butte creek,flow,min,104
41,2005,butte creek,11390000,USGS,butte creek,flow,max,118
41,2005,butte creek,11390000,USGS,butte creek,flow,mean,109.63244047619047
41,2005,butte creek,11390000,USGS,butte creek,flow,min,101
42,2005,butte creek,11390000,USGS,butte creek,flow,max,137
42,2005,butte creek,11390000,USGS,butte creek,flow,mean,115.73809523809523
42,2005,butte creek,11390000,USGS,butte creek,flow,min,104
43,2005,butte creek,11390000,USGS,butte creek,flow,max,167
43,2005,butte creek,11390000,USGS,butte creek,flow,mean,119.23958333333334
43,2005,butte creek,11390000,USGS,butte creek,flow,min,104
44,2005,butte creek,11390000,USGS,butte creek,flow,max,342
44,2005,butte creek,11390000,USGS,butte creek,flow,mean,148.16220238095238
44,2005,butte creek,11390000,USGS,butte creek,flow,min,108
45,2005,butte creek,11390000,USGS,butte creek,flow,max,1070
45,2005,butte creek,11390000,USGS,butte creek,flow,mean,277.4479166666667
45,2005,butte creek,11390000,USGS,butte creek,flow,min,133
46,2005,butte creek,11390000,USGS,butte creek,flow,max,176
46,2005,butte creek,11390000,USGS,butte creek,flow,mean,145.54613095238093
46,2005,butte creek,11390000,USGS,butte creek,flow,min,125
47,2005,butte creek,11390000,USGS,butte creek,flow,max,205
47,2005,butte creek,11390000,USGS,butte creek,flow,mean,162.32291666666666
47,2005,butte creek,11390000,USGS,butte creek,flow,min,149
48,2005,butte creek,11390000,USGS,butte creek,flow,max,3270
48,2005,butte creek,11390000,USGS,butte creek,flow,mean,528.4940476190476
48,2005,butte creek,11390000,USGS,butte creek,flow,min,167
49,2005,butte creek,11390000,USGS,butte creek,flow,max,802
49,2005,butte creek,11390000,USGS,butte creek,flow,mean,328.6547619047619
49,2005,butte creek,11390000,USGS,butte creek,flow,min,240
50,2005,butte creek,11390000,USGS,butte creek,flow,max,240
50,2005,butte creek,11390000,USGS,butte creek,flow,mean,205.63690476190476
50,2005,butte creek,11390000,USGS,butte creek,flow,min,181
51,2005,butte creek,11390000,USGS,butte creek,flow,max,8050
51,2005,butte creek,11390000,USGS,butte creek,flow,mean,1691.6443452380954
51,2005,butte creek,11390000,USGS,butte creek,flow,min,181
52,2005,butte creek,11390000,USGS,butte creek,flow,max,9970
52,2005,butte creek,11390000,USGS,butte creek,flow,mean,2840.2976190476193
52,2005,butte creek,11390000,USGS,butte creek,flow,min,1110
53,2005,butte creek,11390000,USGS,butte creek,flow,max,2640
53,2005,butte creek,11390000,USGS,butte creek,flow,mean,2640
53,2005,butte creek,11390000,USGS,butte creek,flow,min,2640
1,2006,butte creek,11390000,USGS,butte creek,flow,max,10400
1,2006,butte creek,11390000,USGS,butte creek,flow,mean,2867.247023809524
1,2006,butte creek,11390000,USGS,butte creek,flow,min,1130
2,2006,butte creek,11390000,USGS,butte creek,flow,max,2140
2,2006,butte creek,11390000,USGS,butte creek,flow,mean,889.9598214285714
2,2006,butte creek,11390000,USGS,butte creek,flow,min,673
3,2006,butte creek,11390000,USGS,butte creek,flow,max,2210
3,2006,butte creek,11390000,USGS,butte creek,flow,mean,1205.2723214285713
3,2006,butte creek,11390000,USGS,butte creek,flow,min,826
4,2006,butte creek,11390000,USGS,butte creek,flow,max,965
4,2006,butte creek,11390000,USGS,butte creek,flow,mean,777.65625
4,2006,butte creek,11390000,USGS,butte creek,flow,min,603
5,2006,butte creek,11390000,USGS,butte creek,flow,max,1660
5,2006,butte creek,11390000,USGS,butte creek,flow,mean,1336.7447916666665
5,2006,butte creek,11390000,USGS,butte creek,flow,min,1080
6,2006,butte creek,11390000,USGS,butte creek,flow,max,1590
6,2006,butte creek,11390000,USGS,butte creek,flow,mean,920.1404761904761
6,2006,butte creek,11390000,USGS,butte creek,flow,min,664
7,2006,butte creek,11390000,USGS,butte creek,flow,max,806
7,2006,butte creek,11390000,USGS,butte creek,flow,mean,658.2991071428571
7,2006,butte creek,11390000,USGS,butte creek,flow,min,521
8,2006,butte creek,11390000,USGS,butte creek,flow,max,545
8,2006,butte creek,11390000,USGS,butte creek,flow,mean,501.3705357142857
8,2006,butte creek,11390000,USGS,butte creek,flow,min,454
9,2006,butte creek,11390000,USGS,butte creek,flow,max,10900
9,2006,butte creek,11390000,USGS,butte creek,flow,mean,2332.498511904762
9,2006,butte creek,11390000,USGS,butte creek,flow,min,454
10,2006,butte creek,11390000,USGS,butte creek,flow,max,5270
10,2006,butte creek,11390000,USGS,butte creek,flow,mean,1825.94298245614
10,2006,butte creek,11390000,USGS,butte creek,flow,min,1060
11,2006,butte creek,11390000,USGS,butte creek,flow,max,1850
11,2006,butte creek,11390000,USGS,butte creek,flow,mean,1111.5535714285713
11,2006,butte creek,11390000,USGS,butte creek,flow,min,796
12,2006,butte creek,11390000,USGS,butte creek,flow,max,4900
12,2006,butte creek,11390000,USGS,butte creek,flow,mean,1207.5223214285713
12,2006,butte creek,11390000,USGS,butte creek,flow,min,728
13,2006,butte creek,11390000,USGS,butte creek,flow,max,3700
13,2006,butte creek,11390000,USGS,butte creek,flow,mean,2233.3184523809527
13,2006,butte creek,11390000,USGS,butte creek,flow,min,1610
14,2006,butte creek,11390000,USGS,butte creek,flow,max,7590
14,2006,butte creek,11390000,USGS,butte creek,flow,mean,3022.0833333333335
14,2006,butte creek,11390000,USGS,butte creek,flow,min,1510
15,2006,butte creek,11390000,USGS,butte creek,flow,max,4880
15,2006,butte creek,11390000,USGS,butte creek,flow,mean,2464.9553571428573
15,2006,butte creek,11390000,USGS,butte creek,flow,min,1670
16,2006,butte creek,11390000,USGS,butte creek,flow,max,5120
16,2006,butte creek,11390000,USGS,butte creek,flow,mean,2314.1666666666665
16,2006,butte creek,11390000,USGS,butte creek,flow,min,1400
17,2006,butte creek,11390000,USGS,butte creek,flow,max,1540
17,2006,butte creek,11390000,USGS,butte creek,flow,mean,1317.3065476190477
17,2006,butte creek,11390000,USGS,butte creek,flow,min,1130
18,2006,butte creek,11390000,USGS,butte creek,flow,max,1560
18,2006,butte creek,11390000,USGS,butte creek,flow,mean,1226.2269668737063
18,2006,butte creek,11390000,USGS,butte creek,flow,min,976
19,2006,butte creek,11390000,USGS,butte creek,flow,max,1070
19,2006,butte creek,11390000,USGS,butte creek,flow,mean,934.6616854636593
19,2006,butte creek,11390000,USGS,butte creek,flow,min,719
20,2006,butte creek,11390000,USGS,butte creek,flow,max,1160
20,2006,butte creek,11390000,USGS,butte creek,flow,mean,883.518828320802
20,2006,butte creek,11390000,USGS,butte creek,flow,min,747
21,2006,butte creek,11390000,USGS,butte creek,flow,max,976
21,2006,butte creek,11390000,USGS,butte creek,flow,mean,758.7127819548872
21,2006,butte creek,11390000,USGS,butte creek,flow,min,529
22,2006,butte creek,11390000,USGS,butte creek,flow,max,719
22,2006,butte creek,11390000,USGS,butte creek,flow,mean,544.6088972431078
22,2006,butte creek,11390000,USGS,butte creek,flow,min,483
23,2006,butte creek,11390000,USGS,butte creek,flow,max,594
23,2006,butte creek,11390000,USGS,butte creek,flow,mean,483.92180451127814
23,2006,butte creek,11390000,USGS,butte creek,flow,min,432
24,2006,butte creek,11390000,USGS,butte creek,flow,max,461
24,2006,butte creek,11390000,USGS,butte creek,flow,mean,415.1781598277609
24,2006,butte creek,11390000,USGS,butte creek,flow,min,374
25,2006,butte creek,11390000,USGS,butte creek,flow,max,447
25,2006,butte creek,11390000,USGS,butte creek,flow,mean,357.8252192982456
25,2006,butte creek,11390000,USGS,butte creek,flow,min,315
26,2006,butte creek,11390000,USGS,butte creek,flow,max,374
26,2006,butte creek,11390000,USGS,butte creek,flow,mean,293.21218671679196
26,2006,butte creek,11390000,USGS,butte creek,flow,min,262
27,2006,butte creek,11390000,USGS,butte creek,flow,max,278
27,2006,butte creek,11390000,USGS,butte creek,flow,mean,256.86011904761904
27,2006,butte creek,11390000,USGS,butte creek,flow,min,219
28,2006,butte creek,11390000,USGS,butte creek,flow,max,283
28,2006,butte creek,11390000,USGS,butte creek,flow,mean,242.41369047619045
28,2006,butte creek,11390000,USGS,butte creek,flow,min,223
29,2006,butte creek,11390000,USGS,butte creek,flow,max,242
29,2006,butte creek,11390000,USGS,butte creek,flow,mean,221.44494047619045
29,2006,butte creek,11390000,USGS,butte creek,flow,min,210
30,2006,butte creek,11390000,USGS,butte creek,flow,max,267
30,2006,butte creek,11390000,USGS,butte creek,flow,mean,225.61350373482728
30,2006,butte creek,11390000,USGS,butte creek,flow,min,196
31,2006,butte creek,11390000,USGS,butte creek,flow,max,228
31,2006,butte creek,11390000,USGS,butte creek,flow,mean,197.52380952380955
31,2006,butte creek,11390000,USGS,butte creek,flow,min,164
32,2006,butte creek,11390000,USGS,butte creek,flow,max,233
32,2006,butte creek,11390000,USGS,butte creek,flow,mean,199.72023809523807
32,2006,butte creek,11390000,USGS,butte creek,flow,min,164
33,2006,butte creek,11390000,USGS,butte creek,flow,max,237
33,2006,butte creek,11390000,USGS,butte creek,flow,mean,212.027615914787
33,2006,butte creek,11390000,USGS,butte creek,flow,min,201
34,2006,butte creek,11390000,USGS,butte creek,flow,max,233
34,2006,butte creek,11390000,USGS,butte creek,flow,mean,199.13541666666666
34,2006,butte creek,11390000,USGS,butte creek,flow,min,184
35,2006,butte creek,11390000,USGS,butte creek,flow,max,201
35,2006,butte creek,11390000,USGS,butte creek,flow,mean,188.59320175438594
35,2006,butte creek,11390000,USGS,butte creek,flow,min,180
36,2006,butte creek,11390000,USGS,butte creek,flow,max,201
36,2006,butte creek,11390000,USGS,butte creek,flow,mean,168.88687343358396
36,2006,butte creek,11390000,USGS,butte creek,flow,min,131
37,2006,butte creek,11390000,USGS,butte creek,flow,max,152
37,2006,butte creek,11390000,USGS,butte creek,flow,mean,137.61011904761907
37,2006,butte creek,11390000,USGS,butte creek,flow,min,105
38,2006,butte creek,11390000,USGS,butte creek,flow,max,148
38,2006,butte creek,11390000,USGS,butte creek,flow,mean,136.4500939849624
38,2006,butte creek,11390000,USGS,butte creek,flow,min,127
39,2006,butte creek,11390000,USGS,butte creek,flow,max,138
39,2006,butte creek,11390000,USGS,butte creek,flow,mean,131.45535714285717
39,2006,butte creek,11390000,USGS,butte creek,flow,min,127
40,2006,butte creek,11390000,USGS,butte creek,flow,max,156
40,2006,butte creek,11390000,USGS,butte creek,flow,mean,138.875
40,2006,butte creek,11390000,USGS,butte creek,flow,min,127
41,2006,butte creek,11390000,USGS,butte creek,flow,max,160
41,2006,butte creek,11390000,USGS,butte creek,flow,mean,134.73511904761904
41,2006,butte creek,11390000,USGS,butte creek,flow,min,127
42,2006,butte creek,11390000,USGS,butte creek,flow,max,145
42,2006,butte creek,11390000,USGS,butte creek,flow,mean,137.26636904761904
42,2006,butte creek,11390000,USGS,butte creek,flow,min,134
43,2006,butte creek,11390000,USGS,butte creek,flow,max,138
43,2006,butte creek,11390000,USGS,butte creek,flow,mean,132.92261904761904
43,2006,butte creek,11390000,USGS,butte creek,flow,min,131
44,2006,butte creek,11390000,USGS,butte creek,flow,max,223
44,2006,butte creek,11390000,USGS,butte creek,flow,mean,148.09077380952382
44,2006,butte creek,11390000,USGS,butte creek,flow,min,131
45,2006,butte creek,11390000,USGS,butte creek,flow,max,184
45,2006,butte creek,11390000,USGS,butte creek,flow,mean,151.7217261904762
45,2006,butte creek,11390000,USGS,butte creek,flow,min,141
46,2006,butte creek,11390000,USGS,butte creek,flow,max,267
46,2006,butte creek,11390000,USGS,butte creek,flow,mean,199.24851190476193
46,2006,butte creek,11390000,USGS,butte creek,flow,min,172
47,2006,butte creek,11390000,USGS,butte creek,flow,max,262
47,2006,butte creek,11390000,USGS,butte creek,flow,mean,189.94791666666669
47,2006,butte creek,11390000,USGS,butte creek,flow,min,164
48,2006,butte creek,11390000,USGS,butte creek,flow,max,278
48,2006,butte creek,11390000,USGS,butte creek,flow,mean,198.0610119047619
48,2006,butte creek,11390000,USGS,butte creek,flow,min,164
49,2006,butte creek,11390000,USGS,butte creek,flow,max,419
49,2006,butte creek,11390000,USGS,butte creek,flow,mean,199.00595238095238
49,2006,butte creek,11390000,USGS,butte creek,flow,min,180
50,2006,butte creek,11390000,USGS,butte creek,flow,max,868
50,2006,butte creek,11390000,USGS,butte creek,flow,mean,462.09374999999994
50,2006,butte creek,11390000,USGS,butte creek,flow,min,293
51,2006,butte creek,11390000,USGS,butte creek,flow,max,381
51,2006,butte creek,11390000,USGS,butte creek,flow,mean,257.23958333333337
51,2006,butte creek,11390000,USGS,butte creek,flow,min,214
52,2006,butte creek,11390000,USGS,butte creek,flow,max,1080
52,2006,butte creek,11390000,USGS,butte creek,flow,mean,373.02083333333337
52,2006,butte creek,11390000,USGS,butte creek,flow,min,201
53,2006,butte creek,11390000,USGS,butte creek,flow,max,315
53,2006,butte creek,11390000,USGS,butte creek,flow,mean,300.4791666666667
53,2006,butte creek,11390000,USGS,butte creek,flow,min,283
1,2007,butte creek,11390000,USGS,butte creek,flow,max,374
1,2007,butte creek,11390000,USGS,butte creek,flow,mean,274.67857142857144
1,2007,butte creek,11390000,USGS,butte creek,flow,min,237
2,2007,butte creek,11390000,USGS,butte creek,flow,max,252
2,2007,butte creek,11390000,USGS,butte creek,flow,mean,224.0297619047619
2,2007,butte creek,11390000,USGS,butte creek,flow,min,168
3,2007,butte creek,11390000,USGS,butte creek,flow,max,214
3,2007,butte creek,11390000,USGS,butte creek,flow,mean,182.1547619047619
3,2007,butte creek,11390000,USGS,butte creek,flow,min,156
4,2007,butte creek,11390000,USGS,butte creek,flow,max,168
4,2007,butte creek,11390000,USGS,butte creek,flow,mean,150.73511904761904
4,2007,butte creek,11390000,USGS,butte creek,flow,min,138
5,2007,butte creek,11390000,USGS,butte creek,flow,max,141
5,2007,butte creek,11390000,USGS,butte creek,flow,mean,130.52083333333334
5,2007,butte creek,11390000,USGS,butte creek,flow,min,120
6,2007,butte creek,11390000,USGS,butte creek,flow,max,4400
6,2007,butte creek,11390000,USGS,butte creek,flow,mean,909.1889880952382
6,2007,butte creek,11390000,USGS,butte creek,flow,min,111
7,2007,butte creek,11390000,USGS,butte creek,flow,max,1850
7,2007,butte creek,11390000,USGS,butte creek,flow,mean,633.3199404761905
7,2007,butte creek,11390000,USGS,butte creek,flow,min,350
8,2007,butte creek,11390000,USGS,butte creek,flow,max,719
8,2007,butte creek,11390000,USGS,butte creek,flow,mean,405.2470238095238
8,2007,butte creek,11390000,USGS,butte creek,flow,min,299
9,2007,butte creek,11390000,USGS,butte creek,flow,max,646
9,2007,butte creek,11390000,USGS,butte creek,flow,mean,475.358630952381
9,2007,butte creek,11390000,USGS,butte creek,flow,min,381
10,2007,butte creek,11390000,USGS,butte creek,flow,max,412
10,2007,butte creek,11390000,USGS,butte creek,flow,mean,383.0238095238095
10,2007,butte creek,11390000,USGS,butte creek,flow,min,344
11,2007,butte creek,11390000,USGS,butte creek,flow,max,425
11,2007,butte creek,11390000,USGS,butte creek,flow,mean,396.85267857142856
11,2007,butte creek,11390000,USGS,butte creek,flow,min,362
12,2007,butte creek,11390000,USGS,butte creek,flow,max,387
12,2007,butte creek,11390000,USGS,butte creek,flow,mean,357.38839285714283
12,2007,butte creek,11390000,USGS,butte creek,flow,min,333
13,2007,butte creek,11390000,USGS,butte creek,flow,max,483
13,2007,butte creek,11390000,USGS,butte creek,flow,mean,352.8467261904762
13,2007,butte creek,11390000,USGS,butte creek,flow,min,321
14,2007,butte creek,11390000,USGS,butte creek,flow,max,333
14,2007,butte creek,11390000,USGS,butte creek,flow,mean,321.70982142857144
14,2007,butte creek,11390000,USGS,butte creek,flow,min,310
15,2007,butte creek,11390000,USGS,butte creek,flow,max,333
15,2007,butte creek,11390000,USGS,butte creek,flow,mean,304.9404761904762
15,2007,butte creek,11390000,USGS,butte creek,flow,min,257
16,2007,butte creek,11390000,USGS,butte creek,flow,max,521
16,2007,butte creek,11390000,USGS,butte creek,flow,mean,282.25892857142856
16,2007,butte creek,11390000,USGS,butte creek,flow,min,247
17,2007,butte creek,11390000,USGS,butte creek,flow,max,476
17,2007,butte creek,11390000,USGS,butte creek,flow,mean,274.86309523809524
17,2007,butte creek,11390000,USGS,butte creek,flow,min,196
18,2007,butte creek,11390000,USGS,butte creek,flow,max,299
18,2007,butte creek,11390000,USGS,butte creek,flow,mean,230.86904761904762
18,2007,butte creek,11390000,USGS,butte creek,flow,min,205
19,2007,butte creek,11390000,USGS,butte creek,flow,max,205
19,2007,butte creek,11390000,USGS,butte creek,flow,mean,187.22470238095238
19,2007,butte creek,11390000,USGS,butte creek,flow,min,168
20,2007,butte creek,11390000,USGS,butte creek,flow,max,247
20,2007,butte creek,11390000,USGS,butte creek,flow,mean,192.57142857142858
20,2007,butte creek,11390000,USGS,butte creek,flow,min,138
21,2007,butte creek,11390000,USGS,butte creek,flow,max,242
21,2007,butte creek,11390000,USGS,butte creek,flow,mean,218.1488095238095
21,2007,butte creek,11390000,USGS,butte creek,flow,min,201
22,2007,butte creek,11390000,USGS,butte creek,flow,max,228
22,2007,butte creek,11390000,USGS,butte creek,flow,mean,204.66220238095238
22,2007,butte creek,11390000,USGS,butte creek,flow,min,188
23,2007,butte creek,11390000,USGS,butte creek,flow,max,233
23,2007,butte creek,11390000,USGS,butte creek,flow,mean,198.64880952380955
23,2007,butte creek,11390000,USGS,butte creek,flow,min,180
24,2007,butte creek,11390000,USGS,butte creek,flow,max,192
24,2007,butte creek,11390000,USGS,butte creek,flow,mean,169.73214285714283
24,2007,butte creek,11390000,USGS,butte creek,flow,min,152
25,2007,butte creek,11390000,USGS,butte creek,flow,max,164
25,2007,butte creek,11390000,USGS,butte creek,flow,mean,150.58630952380955
25,2007,butte creek,11390000,USGS,butte creek,flow,min,141
26,2007,butte creek,11390000,USGS,butte creek,flow,max,152
26,2007,butte creek,11390000,USGS,butte creek,flow,mean,145.9672619047619
26,2007,butte creek,11390000,USGS,butte creek,flow,min,138
27,2007,butte creek,11390000,USGS,butte creek,flow,max,184
27,2007,butte creek,11390000,USGS,butte creek,flow,mean,155.31547619047618
27,2007,butte creek,11390000,USGS,butte creek,flow,min,138
28,2007,butte creek,11390000,USGS,butte creek,flow,max,156
28,2007,butte creek,11390000,USGS,butte creek,flow,mean,147.54761904761907
28,2007,butte creek,11390000,USGS,butte creek,flow,min,138
29,2007,butte creek,11390000,USGS,butte creek,flow,max,180
29,2007,butte creek,11390000,USGS,butte creek,flow,mean,140.82738095238093
29,2007,butte creek,11390000,USGS,butte creek,flow,min,124
30,2007,butte creek,11390000,USGS,butte creek,flow,max,152
30,2007,butte creek,11390000,USGS,butte creek,flow,mean,122.26041666666667
30,2007,butte creek,11390000,USGS,butte creek,flow,min,108
31,2007,butte creek,11390000,USGS,butte creek,flow,max,124
31,2007,butte creek,11390000,USGS,butte creek,flow,mean,116.24107142857143
31,2007,butte creek,11390000,USGS,butte creek,flow,min,108
32,2007,butte creek,11390000,USGS,butte creek,flow,max,131
32,2007,butte creek,11390000,USGS,butte creek,flow,mean,120.75744047619048
32,2007,butte creek,11390000,USGS,butte creek,flow,min,114
33,2007,butte creek,11390000,USGS,butte creek,flow,max,124
33,2007,butte creek,11390000,USGS,butte creek,flow,mean,117.68452380952382
33,2007,butte creek,11390000,USGS,butte creek,flow,min,114
34,2007,butte creek,11390000,USGS,butte creek,flow,max,124
34,2007,butte creek,11390000,USGS,butte creek,flow,mean,117.65625
34,2007,butte creek,11390000,USGS,butte creek,flow,min,111
35,2007,butte creek,11390000,USGS,butte creek,flow,max,117
35,2007,butte creek,11390000,USGS,butte creek,flow,mean,104.17261904761904
35,2007,butte creek,11390000,USGS,butte creek,flow,min,85
36,2007,butte creek,11390000,USGS,butte creek,flow,max,114
36,2007,butte creek,11390000,USGS,butte creek,flow,mean,104.98660714285714
36,2007,butte creek,11390000,USGS,butte creek,flow,min,96
37,2007,butte creek,11390000,USGS,butte creek,flow,max,117
37,2007,butte creek,11390000,USGS,butte creek,flow,mean,107.4484022556391
37,2007,butte creek,11390000,USGS,butte creek,flow,min,99
38,2007,butte creek,11390000,USGS,butte creek,flow,max,141
38,2007,butte creek,11390000,USGS,butte creek,flow,mean,107.82291666666666
38,2007,butte creek,11390000,USGS,butte creek,flow,min,96
39,2007,butte creek,11390000,USGS,butte creek,flow,max,145
39,2007,butte creek,11390000,USGS,butte creek,flow,mean,110.4655388471178
39,2007,butte creek,11390000,USGS,butte creek,flow,min,99
40,2007,butte creek,11390000,USGS,butte creek,flow,max,131
40,2007,butte creek,11390000,USGS,butte creek,flow,mean,111.75982142857143
40,2007,butte creek,11390000,USGS,butte creek,flow,min,95.7
41,2007,butte creek,11390000,USGS,butte creek,flow,max,184
41,2007,butte creek,11390000,USGS,butte creek,flow,mean,114.53005952380953
41,2007,butte creek,11390000,USGS,butte creek,flow,min,94.8
42,2007,butte creek,11390000,USGS,butte creek,flow,max,174
42,2007,butte creek,11390000,USGS,butte creek,flow,mean,111.30758928571429
42,2007,butte creek,11390000,USGS,butte creek,flow,min,89.9
43,2007,butte creek,11390000,USGS,butte creek,flow,max,127
43,2007,butte creek,11390000,USGS,butte creek,flow,mean,105.26967411964786
43,2007,butte creek,11390000,USGS,butte creek,flow,min,97.3
44,2007,butte creek,11390000,USGS,butte creek,flow,max,108
44,2007,butte creek,11390000,USGS,butte creek,flow,mean,98.30122023809524
44,2007,butte creek,11390000,USGS,butte creek,flow,min,89.9
45,2007,butte creek,11390000,USGS,butte creek,flow,max,148
45,2007,butte creek,11390000,USGS,butte creek,flow,mean,96.84465852130326
45,2007,butte creek,11390000,USGS,butte creek,flow,min,92.3
46,2007,butte creek,11390000,USGS,butte creek,flow,max,154
46,2007,butte creek,11390000,USGS,butte creek,flow,mean,105.89062500000001
46,2007,butte creek,11390000,USGS,butte creek,flow,min,94.8
47,2007,butte creek,11390000,USGS,butte creek,flow,max,119
47,2007,butte creek,11390000,USGS,butte creek,flow,mean,99.05513716356108
47,2007,butte creek,11390000,USGS,butte creek,flow,min,82.7
48,2007,butte creek,11390000,USGS,butte creek,flow,max,102
48,2007,butte creek,11390000,USGS,butte creek,flow,mean,92.70248276942355
48,2007,butte creek,11390000,USGS,butte creek,flow,min,82.7
49,2007,butte creek,11390000,USGS,butte creek,flow,max,164
49,2007,butte creek,11390000,USGS,butte creek,flow,mean,122.49802944862154
49,2007,butte creek,11390000,USGS,butte creek,flow,min,89.9
50,2007,butte creek,11390000,USGS,butte creek,flow,max,124
50,2007,butte creek,11390000,USGS,butte creek,flow,mean,108.35580357142858
50,2007,butte creek,11390000,USGS,butte creek,flow,min,99.9
51,2007,butte creek,11390000,USGS,butte creek,flow,max,362
51,2007,butte creek,11390000,USGS,butte creek,flow,mean,206.62648809523807
51,2007,butte creek,11390000,USGS,butte creek,flow,min,116
52,2007,butte creek,11390000,USGS,butte creek,flow,max,212
52,2007,butte creek,11390000,USGS,butte creek,flow,mean,182.7306547619048
52,2007,butte creek,11390000,USGS,butte creek,flow,min,154
53,2007,butte creek,11390000,USGS,butte creek,flow,max,212
53,2007,butte creek,11390000,USGS,butte creek,flow,mean,201.69791666666666
53,2007,butte creek,11390000,USGS,butte creek,flow,min,191
1,2008,butte creek,11390000,USGS,butte creek,flow,max,2800
1,2008,butte creek,11390000,USGS,butte creek,flow,mean,413.483129699248
1,2008,butte creek,11390000,USGS,butte creek,flow,min,187
2,2008,butte creek,11390000,USGS,butte creek,flow,max,351
2,2008,butte creek,11390000,USGS,butte creek,flow,mean,279.1949404761905
2,2008,butte creek,11390000,USGS,butte creek,flow,min,212
3,2008,butte creek,11390000,USGS,butte creek,flow,max,258
3,2008,butte creek,11390000,USGS,butte creek,flow,mean,223.40733082706768
3,2008,butte creek,11390000,USGS,butte creek,flow,min,198
4,2008,butte creek,11390000,USGS,butte creek,flow,max,2260
4,2008,butte creek,11390000,USGS,butte creek,flow,mean,456.88095238095235
4,2008,butte creek,11390000,USGS,butte creek,flow,min,191
5,2008,butte creek,11390000,USGS,butte creek,flow,max,970
5,2008,butte creek,11390000,USGS,butte creek,flow,mean,407.37500000000006
5,2008,butte creek,11390000,USGS,butte creek,flow,min,287
6,2008,butte creek,11390000,USGS,butte creek,flow,max,308
6,2008,butte creek,11390000,USGS,butte creek,flow,mean,254.49107142857142
6,2008,butte creek,11390000,USGS,butte creek,flow,min,223
7,2008,butte creek,11390000,USGS,butte creek,flow,max,299
7,2008,butte creek,11390000,USGS,butte creek,flow,mean,266.4583333333333
7,2008,butte creek,11390000,USGS,butte creek,flow,min,242
8,2008,butte creek,11390000,USGS,butte creek,flow,max,2180
8,2008,butte creek,11390000,USGS,butte creek,flow,mean,549.8343828320802
8,2008,butte creek,11390000,USGS,butte creek,flow,min,238
9,2008,butte creek,11390000,USGS,butte creek,flow,max,900
9,2008,butte creek,11390000,USGS,butte creek,flow,mean,437.11160714285717
9,2008,butte creek,11390000,USGS,butte creek,flow,min,326
10,2008,butte creek,11390000,USGS,butte creek,flow,max,341
10,2008,butte creek,11390000,USGS,butte creek,flow,mean,303.8675595238095
10,2008,butte creek,11390000,USGS,butte creek,flow,min,274
11,2008,butte creek,11390000,USGS,butte creek,flow,max,362
11,2008,butte creek,11390000,USGS,butte creek,flow,mean,310.983630952381
11,2008,butte creek,11390000,USGS,butte creek,flow,min,274
12,2008,butte creek,11390000,USGS,butte creek,flow,max,308
12,2008,butte creek,11390000,USGS,butte creek,flow,mean,286.5282738095238
12,2008,butte creek,11390000,USGS,butte creek,flow,min,266
13,2008,butte creek,11390000,USGS,butte creek,flow,max,321
13,2008,butte creek,11390000,USGS,butte creek,flow,mean,298.8822779111645
13,2008,butte creek,11390000,USGS,butte creek,flow,min,274
14,2008,butte creek,11390000,USGS,butte creek,flow,max,317
14,2008,butte creek,11390000,USGS,butte creek,flow,mean,289.9989001035197
14,2008,butte creek,11390000,USGS,butte creek,flow,min,242
15,2008,butte creek,11390000,USGS,butte creek,flow,max,362
15,2008,butte creek,11390000,USGS,butte creek,flow,mean,308.31845238095235
15,2008,butte creek,11390000,USGS,butte creek,flow,min,262
16,2008,butte creek,11390000,USGS,butte creek,flow,max,368
16,2008,butte creek,11390000,USGS,butte creek,flow,mean,330.8154761904762
16,2008,butte creek,11390000,USGS,butte creek,flow,min,250
17,2008,butte creek,11390000,USGS,butte creek,flow,max,304
17,2008,butte creek,11390000,USGS,butte creek,flow,mean,249.64732142857142
17,2008,butte creek,11390000,USGS,butte creek,flow,min,219
18,2008,butte creek,11390000,USGS,butte creek,flow,max,321
18,2008,butte creek,11390000,USGS,butte creek,flow,mean,269.8467261904762
18,2008,butte creek,11390000,USGS,butte creek,flow,min,242
19,2008,butte creek,11390000,USGS,butte creek,flow,max,326
19,2008,butte creek,11390000,USGS,butte creek,flow,mean,290.73065476190476
19,2008,butte creek,11390000,USGS,butte creek,flow,min,262
20,2008,butte creek,11390000,USGS,butte creek,flow,max,346
20,2008,butte creek,11390000,USGS,butte creek,flow,mean,287.28004385964914
20,2008,butte creek,11390000,USGS,butte creek,flow,min,212
21,2008,butte creek,11390000,USGS,butte creek,flow,max,304
21,2008,butte creek,11390000,USGS,butte creek,flow,mean,260.01934523809524
21,2008,butte creek,11390000,USGS,butte creek,flow,min,219
22,2008,butte creek,11390000,USGS,butte creek,flow,max,274
22,2008,butte creek,11390000,USGS,butte creek,flow,mean,231.7604166666667
22,2008,butte creek,11390000,USGS,butte creek,flow,min,194
23,2008,butte creek,11390000,USGS,butte creek,flow,max,242
23,2008,butte creek,11390000,USGS,butte creek,flow,mean,201.7425595238095
23,2008,butte creek,11390000,USGS,butte creek,flow,min,177
24,2008,butte creek,11390000,USGS,butte creek,flow,max,187
24,2008,butte creek,11390000,USGS,butte creek,flow,mean,169.28571428571428
24,2008,butte creek,11390000,USGS,butte creek,flow,min,116
25,2008,butte creek,11390000,USGS,butte creek,flow,max,170
25,2008,butte creek,11390000,USGS,butte creek,flow,mean,144.9047619047619
25,2008,butte creek,11390000,USGS,butte creek,flow,min,127
26,2008,butte creek,11390000,USGS,butte creek,flow,max,142
26,2008,butte creek,11390000,USGS,butte creek,flow,mean,131.25892857142858
26,2008,butte creek,11390000,USGS,butte creek,flow,min,121
27,2008,butte creek,11390000,USGS,butte creek,flow,max,145
27,2008,butte creek,11390000,USGS,butte creek,flow,mean,127.58333333333334
27,2008,butte creek,11390000,USGS,butte creek,flow,min,113
28,2008,butte creek,11390000,USGS,butte creek,flow,max,139
28,2008,butte creek,11390000,USGS,butte creek,flow,mean,111.27965852130326
28,2008,butte creek,11390000,USGS,butte creek,flow,min,94.8
29,2008,butte creek,11390000,USGS,butte creek,flow,max,105
29,2008,butte creek,11390000,USGS,butte creek,flow,mean,94.0482142857143
29,2008,butte creek,11390000,USGS,butte creek,flow,min,85.1
30,2008,butte creek,11390000,USGS,butte creek,flow,max,102
30,2008,butte creek,11390000,USGS,butte creek,flow,mean,97.36785714285713
30,2008,butte creek,11390000,USGS,butte creek,flow,min,92.3
31,2008,butte creek,11390000,USGS,butte creek,flow,max,105
31,2008,butte creek,11390000,USGS,butte creek,flow,mean,99.24895833333333
31,2008,butte creek,11390000,USGS,butte creek,flow,min,89.9
32,2008,butte creek,11390000,USGS,butte creek,flow,max,119
32,2008,butte creek,11390000,USGS,butte creek,flow,mean,100.58988095238097
32,2008,butte creek,11390000,USGS,butte creek,flow,min,92.3
33,2008,butte creek,11390000,USGS,butte creek,flow,max,105
33,2008,butte creek,11390000,USGS,butte creek,flow,mean,98.77247023809525
33,2008,butte creek,11390000,USGS,butte creek,flow,min,92.3
34,2008,butte creek,11390000,USGS,butte creek,flow,max,102
34,2008,butte creek,11390000,USGS,butte creek,flow,mean,97.55407037815128
34,2008,butte creek,11390000,USGS,butte creek,flow,min,92.3
35,2008,butte creek,11390000,USGS,butte creek,flow,max,99.9
35,2008,butte creek,11390000,USGS,butte creek,flow,mean,93.5154083994709
35,2008,butte creek,11390000,USGS,butte creek,flow,min,89.9
36,2008,butte creek,11390000,USGS,butte creek,flow,max,97.3
36,2008,butte creek,11390000,USGS,butte creek,flow,mean,90.22428867533446
36,2008,butte creek,11390000,USGS,butte creek,flow,min,85.1
37,2008,butte creek,11390000,USGS,butte creek,flow,max,89.9
37,2008,butte creek,11390000,USGS,butte creek,flow,mean,85.68630952380953
37,2008,butte creek,11390000,USGS,butte creek,flow,min,75.8
38,2008,butte creek,11390000,USGS,butte creek,flow,max,78.1
38,2008,butte creek,11390000,USGS,butte creek,flow,mean,68.01994047619047
38,2008,butte creek,11390000,USGS,butte creek,flow,min,62.9
39,2008,butte creek,11390000,USGS,butte creek,flow,max,69.2
39,2008,butte creek,11390000,USGS,butte creek,flow,mean,64.99776785714285
39,2008,butte creek,11390000,USGS,butte creek,flow,min,60.9
40,2008,butte creek,11390000,USGS,butte creek,flow,max,212
40,2008,butte creek,11390000,USGS,butte creek,flow,mean,95.22500000000001
40,2008,butte creek,11390000,USGS,butte creek,flow,min,62.9
41,2008,butte creek,11390000,USGS,butte creek,flow,max,92.3
41,2008,butte creek,11390000,USGS,butte creek,flow,mean,84.69211309523811
41,2008,butte creek,11390000,USGS,butte creek,flow,min,80.4
42,2008,butte creek,11390000,USGS,butte creek,flow,max,87.5
42,2008,butte creek,11390000,USGS,butte creek,flow,mean,83.23184523809525
42,2008,butte creek,11390000,USGS,butte creek,flow,min,80.4
43,2008,butte creek,11390000,USGS,butte creek,flow,max,85.1
43,2008,butte creek,11390000,USGS,butte creek,flow,mean,83.3188988095238
43,2008,butte creek,11390000,USGS,butte creek,flow,min,80.4
44,2008,butte creek,11390000,USGS,butte creek,flow,max,405
44,2008,butte creek,11390000,USGS,butte creek,flow,mean,155.93184523809524
44,2008,butte creek,11390000,USGS,butte creek,flow,min,82.7
45,2008,butte creek,11390000,USGS,butte creek,flow,max,321
45,2008,butte creek,11390000,USGS,butte creek,flow,mean,162.4345238095238
45,2008,butte creek,11390000,USGS,butte creek,flow,min,121
46,2008,butte creek,11390000,USGS,butte creek,flow,max,136
46,2008,butte creek,11390000,USGS,butte creek,flow,mean,119.26830357142856
46,2008,butte creek,11390000,USGS,butte creek,flow,min,97.3
47,2008,butte creek,11390000,USGS,butte creek,flow,max,121
47,2008,butte creek,11390000,USGS,butte creek,flow,mean,114.88847117794488
47,2008,butte creek,11390000,USGS,butte creek,flow,min,113
48,2008,butte creek,11390000,USGS,butte creek,flow,max,116
48,2008,butte creek,11390000,USGS,butte creek,flow,mean,107.72529761904762
48,2008,butte creek,11390000,USGS,butte creek,flow,min,94.8
49,2008,butte creek,11390000,USGS,butte creek,flow,max,105
49,2008,butte creek,11390000,USGS,butte creek,flow,mean,100.80535714285715
49,2008,butte creek,11390000,USGS,butte creek,flow,min,97.3
50,2008,butte creek,11390000,USGS,butte creek,flow,max,124
50,2008,butte creek,11390000,USGS,butte creek,flow,mean,101.40372023809525
50,2008,butte creek,11390000,USGS,butte creek,flow,min,92.3
51,2008,butte creek,11390000,USGS,butte creek,flow,max,216
51,2008,butte creek,11390000,USGS,butte creek,flow,mean,117.01800595238093
51,2008,butte creek,11390000,USGS,butte creek,flow,min,82.7
52,2008,butte creek,11390000,USGS,butte creek,flow,max,900
52,2008,butte creek,11390000,USGS,butte creek,flow,mean,188.00595238095238
52,2008,butte creek,11390000,USGS,butte creek,flow,min,130
53,2008,butte creek,11390000,USGS,butte creek,flow,max,145
53,2008,butte creek,11390000,USGS,butte creek,flow,mean,141.40625
53,2008,butte creek,11390000,USGS,butte creek,flow,min,136
1,2009,butte creek,11390000,USGS,butte creek,flow,max,219
1,2009,butte creek,11390000,USGS,butte creek,flow,mean,145.93154761904762
1,2009,butte creek,11390000,USGS,butte creek,flow,min,116
2,2009,butte creek,11390000,USGS,butte creek,flow,max,160
2,2009,butte creek,11390000,USGS,butte creek,flow,mean,131.6592261904762
2,2009,butte creek,11390000,USGS,butte creek,flow,min,116
3,2009,butte creek,11390000,USGS,butte creek,flow,max,154
3,2009,butte creek,11390000,USGS,butte creek,flow,mean,140.9359022556391
3,2009,butte creek,11390000,USGS,butte creek,flow,min,127
4,2009,butte creek,11390000,USGS,butte creek,flow,max,405
4,2009,butte creek,11390000,USGS,butte creek,flow,mean,223.26041666666669
4,2009,butte creek,11390000,USGS,butte creek,flow,min,127
5,2009,butte creek,11390000,USGS,butte creek,flow,max,191
5,2009,butte creek,11390000,USGS,butte creek,flow,mean,165.95572916666666
5,2009,butte creek,11390000,USGS,butte creek,flow,min,151
6,2009,butte creek,11390000,USGS,butte creek,flow,max,246
6,2009,butte creek,11390000,USGS,butte creek,flow,mean,197.27961207366243
6,2009,butte creek,11390000,USGS,butte creek,flow,min,157
7,2009,butte creek,11390000,USGS,butte creek,flow,max,1460
7,2009,butte creek,11390000,USGS,butte creek,flow,mean,485.5664364145505
7,2009,butte creek,11390000,USGS,butte creek,flow,min,201
8,2009,butte creek,11390000,USGS,butte creek,flow,max,6210
8,2009,butte creek,11390000,USGS,butte creek,flow,mean,1876.4188092137279
8,2009,butte creek,11390000,USGS,butte creek,flow,min,208
9,2009,butte creek,11390000,USGS,butte creek,flow,max,6570
9,2009,butte creek,11390000,USGS,butte creek,flow,mean,2005.0450227963527
9,2009,butte creek,11390000,USGS,butte creek,flow,min,539
10,2009,butte creek,11390000,USGS,butte creek,flow,max,1630
10,2009,butte creek,11390000,USGS,butte creek,flow,mean,780.4894433557299
10,2009,butte creek,11390000,USGS,butte creek,flow,min,434
11,2009,butte creek,11390000,USGS,butte creek,flow,max,572
11,2009,butte creek,11390000,USGS,butte creek,flow,mean,456.61180849905946
11,2009,butte creek,11390000,USGS,butte creek,flow,min,390
12,2009,butte creek,11390000,USGS,butte creek,flow,max,515
12,2009,butte creek,11390000,USGS,butte creek,flow,mean,443.7999576757851
12,2009,butte creek,11390000,USGS,butte creek,flow,min,342
13,2009,butte creek,11390000,USGS,butte creek,flow,max,474
13,2009,butte creek,11390000,USGS,butte creek,flow,mean,427.78211961355
13,2009,butte creek,11390000,USGS,butte creek,flow,min,390
14,2009,butte creek,11390000,USGS,butte creek,flow,max,434
14,2009,butte creek,11390000,USGS,butte creek,flow,mean,388.5244987468672
14,2009,butte creek,11390000,USGS,butte creek,flow,min,348
15,2009,butte creek,11390000,USGS,butte creek,flow,max,434
15,2009,butte creek,11390000,USGS,butte creek,flow,mean,375.0801590670224
15,2009,butte creek,11390000,USGS,butte creek,flow,min,302
16,2009,butte creek,11390000,USGS,butte creek,flow,max,372
16,2009,butte creek,11390000,USGS,butte creek,flow,mean,310.83184523809524
16,2009,butte creek,11390000,USGS,butte creek,flow,min,280
17,2009,butte creek,11390000,USGS,butte creek,flow,max,390
17,2009,butte creek,11390000,USGS,butte creek,flow,mean,316.51267281105993
17,2009,butte creek,11390000,USGS,butte creek,flow,min,264
18,2009,butte creek,11390000,USGS,butte creek,flow,max,1920
18,2009,butte creek,11390000,USGS,butte creek,flow,mean,639.9880952380952
18,2009,butte creek,11390000,USGS,butte creek,flow,min,254
19,2009,butte creek,11390000,USGS,butte creek,flow,max,789
19,2009,butte creek,11390000,USGS,butte creek,flow,mean,470.422619047619
19,2009,butte creek,11390000,USGS,butte creek,flow,min,313
20,2009,butte creek,11390000,USGS,butte creek,flow,max,428
20,2009,butte creek,11390000,USGS,butte creek,flow,mean,371.2738095238095
20,2009,butte creek,11390000,USGS,butte creek,flow,min,269
21,2009,butte creek,11390000,USGS,butte creek,flow,max,360
21,2009,butte creek,11390000,USGS,butte creek,flow,mean,320.5684523809524
21,2009,butte creek,11390000,USGS,butte creek,flow,min,285
22,2009,butte creek,11390000,USGS,butte creek,flow,max,302
22,2009,butte creek,11390000,USGS,butte creek,flow,mean,275.8913690476191
22,2009,butte creek,11390000,USGS,butte creek,flow,min,249
23,2009,butte creek,11390000,USGS,butte creek,flow,max,324
23,2009,butte creek,11390000,USGS,butte creek,flow,mean,248.79667919799502
23,2009,butte creek,11390000,USGS,butte creek,flow,min,224
24,2009,butte creek,11390000,USGS,butte creek,flow,max,234
24,2009,butte creek,11390000,USGS,butte creek,flow,mean,210.7037777868584
24,2009,butte creek,11390000,USGS,butte creek,flow,min,183
25,2009,butte creek,11390000,USGS,butte creek,flow,max,201
25,2009,butte creek,11390000,USGS,butte creek,flow,mean,182.39703341013825
25,2009,butte creek,11390000,USGS,butte creek,flow,min,162
26,2009,butte creek,11390000,USGS,butte creek,flow,max,183
26,2009,butte creek,11390000,USGS,butte creek,flow,mean,157.05952380952382
26,2009,butte creek,11390000,USGS,butte creek,flow,min,139
27,2009,butte creek,11390000,USGS,butte creek,flow,max,158
27,2009,butte creek,11390000,USGS,butte creek,flow,mean,138.55654761904762
27,2009,butte creek,11390000,USGS,butte creek,flow,min,121
28,2009,butte creek,11390000,USGS,butte creek,flow,max,154
28,2009,butte creek,11390000,USGS,butte creek,flow,mean,124.72470238095238
28,2009,butte creek,11390000,USGS,butte creek,flow,min,111
29,2009,butte creek,11390000,USGS,butte creek,flow,max,158
29,2009,butte creek,11390000,USGS,butte creek,flow,mean,130.0639880952381
29,2009,butte creek,11390000,USGS,butte creek,flow,min,104
30,2009,butte creek,11390000,USGS,butte creek,flow,max,132
30,2009,butte creek,11390000,USGS,butte creek,flow,mean,121.10726135992157
30,2009,butte creek,11390000,USGS,butte creek,flow,min,111
31,2009,butte creek,11390000,USGS,butte creek,flow,max,139
31,2009,butte creek,11390000,USGS,butte creek,flow,mean,109.42410714285714
31,2009,butte creek,11390000,USGS,butte creek,flow,min,104
32,2009,butte creek,11390000,USGS,butte creek,flow,max,135
32,2009,butte creek,11390000,USGS,butte creek,flow,mean,117.10202695525706
32,2009,butte creek,11390000,USGS,butte creek,flow,min,107
33,2009,butte creek,11390000,USGS,butte creek,flow,max,121
33,2009,butte creek,11390000,USGS,butte creek,flow,mean,115.78422619047618
33,2009,butte creek,11390000,USGS,butte creek,flow,min,111
34,2009,butte creek,11390000,USGS,butte creek,flow,max,117
34,2009,butte creek,11390000,USGS,butte creek,flow,mean,110.08616854636591
34,2009,butte creek,11390000,USGS,butte creek,flow,min,101
35,2009,butte creek,11390000,USGS,butte creek,flow,max,114
35,2009,butte creek,11390000,USGS,butte creek,flow,mean,105.91517857142857
35,2009,butte creek,11390000,USGS,butte creek,flow,min,101
36,2009,butte creek,11390000,USGS,butte creek,flow,max,117
36,2009,butte creek,11390000,USGS,butte creek,flow,mean,103.9592261904762
36,2009,butte creek,11390000,USGS,butte creek,flow,min,97.8
37,2009,butte creek,11390000,USGS,butte creek,flow,max,150
37,2009,butte creek,11390000,USGS,butte creek,flow,mean,108.53541666666668
37,2009,butte creek,11390000,USGS,butte creek,flow,min,97.8
38,2009,butte creek,11390000,USGS,butte creek,flow,max,124
38,2009,butte creek,11390000,USGS,butte creek,flow,mean,91.79181547619048
38,2009,butte creek,11390000,USGS,butte creek,flow,min,66.5
39,2009,butte creek,11390000,USGS,butte creek,flow,max,71.7
39,2009,butte creek,11390000,USGS,butte creek,flow,mean,66.99910714285714
39,2009,butte creek,11390000,USGS,butte creek,flow,min,63.9
40,2009,butte creek,11390000,USGS,butte creek,flow,max,91.6
40,2009,butte creek,11390000,USGS,butte creek,flow,mean,75.68824404761904
40,2009,butte creek,11390000,USGS,butte creek,flow,min,69.1
41,2009,butte creek,11390000,USGS,butte creek,flow,max,415
41,2009,butte creek,11390000,USGS,butte creek,flow,mean,118.04672619047619
41,2009,butte creek,11390000,USGS,butte creek,flow,min,77.1
42,2009,butte creek,11390000,USGS,butte creek,flow,max,428
42,2009,butte creek,11390000,USGS,butte creek,flow,mean,138.50431547619047
42,2009,butte creek,11390000,USGS,butte creek,flow,min,94.7
43,2009,butte creek,11390000,USGS,butte creek,flow,max,104
43,2009,butte creek,11390000,USGS,butte creek,flow,mean,91.81517857142856
43,2009,butte creek,11390000,USGS,butte creek,flow,min,82.8
44,2009,butte creek,11390000,USGS,butte creek,flow,max,94.7
44,2009,butte creek,11390000,USGS,butte creek,flow,mean,90.04409562211981
44,2009,butte creek,11390000,USGS,butte creek,flow,min,85.7
45,2009,butte creek,11390000,USGS,butte creek,flow,max,179
45,2009,butte creek,11390000,USGS,butte creek,flow,mean,99.88779761904763
45,2009,butte creek,11390000,USGS,butte creek,flow,min,85.7
46,2009,butte creek,11390000,USGS,butte creek,flow,max,132
46,2009,butte creek,11390000,USGS,butte creek,flow,mean,98.8324452764977
46,2009,butte creek,11390000,USGS,butte creek,flow,min,88.6
47,2009,butte creek,11390000,USGS,butte creek,flow,max,171
47,2009,butte creek,11390000,USGS,butte creek,flow,mean,116.13350563909775
47,2009,butte creek,11390000,USGS,butte creek,flow,min,97.8
48,2009,butte creek,11390000,USGS,butte creek,flow,max,143
48,2009,butte creek,11390000,USGS,butte creek,flow,mean,111.04330357142858
48,2009,butte creek,11390000,USGS,butte creek,flow,min,94.7
49,2009,butte creek,11390000,USGS,butte creek,flow,max,104
49,2009,butte creek,11390000,USGS,butte creek,flow,mean,99.79404761904762
49,2009,butte creek,11390000,USGS,butte creek,flow,min,94.7
50,2009,butte creek,11390000,USGS,butte creek,flow,max,824
50,2009,butte creek,11390000,USGS,butte creek,flow,mean,235.34585772833725
50,2009,butte creek,11390000,USGS,butte creek,flow,min,71.7
51,2009,butte creek,11390000,USGS,butte creek,flow,max,291
51,2009,butte creek,11390000,USGS,butte creek,flow,mean,193.58035714285714
51,2009,butte creek,11390000,USGS,butte creek,flow,min,143
52,2009,butte creek,11390000,USGS,butte creek,flow,max,224
52,2009,butte creek,11390000,USGS,butte creek,flow,mean,158.29464285714286
52,2009,butte creek,11390000,USGS,butte creek,flow,min,132
53,2009,butte creek,11390000,USGS,butte creek,flow,max,205
53,2009,butte creek,11390000,USGS,butte creek,flow,mean,177.6236559139785
53,2009,butte creek,11390000,USGS,butte creek,flow,min,158
1,2010,butte creek,11390000,USGS,butte creek,flow,max,229
1,2010,butte creek,11390000,USGS,butte creek,flow,mean,173.85714285714286
1,2010,butte creek,11390000,USGS,butte creek,flow,min,143
2,2010,butte creek,11390000,USGS,butte creek,flow,max,1170
2,2010,butte creek,11390000,USGS,butte creek,flow,mean,308.16517857142856
2,2010,butte creek,11390000,USGS,butte creek,flow,min,128
3,2010,butte creek,11390000,USGS,butte creek,flow,max,3270
3,2010,butte creek,11390000,USGS,butte creek,flow,mean,1109.402062845109
3,2010,butte creek,11390000,USGS,butte creek,flow,min,224
4,2010,butte creek,11390000,USGS,butte creek,flow,max,1550
4,2010,butte creek,11390000,USGS,butte creek,flow,mean,819.8317021658576
4,2010,butte creek,11390000,USGS,butte creek,flow,min,480
5,2010,butte creek,11390000,USGS,butte creek,flow,max,656
5,2010,butte creek,11390000,USGS,butte creek,flow,mean,500.3244047619047
5,2010,butte creek,11390000,USGS,butte creek,flow,min,409
6,2010,butte creek,11390000,USGS,butte creek,flow,max,2480
6,2010,butte creek,11390000,USGS,butte creek,flow,mean,1036.2890786749483
6,2010,butte creek,11390000,USGS,butte creek,flow,min,421
7,2010,butte creek,11390000,USGS,butte creek,flow,max,618
7,2010,butte creek,11390000,USGS,butte creek,flow,mean,529.1622023809524
7,2010,butte creek,11390000,USGS,butte creek,flow,min,460
8,2010,butte creek,11390000,USGS,butte creek,flow,max,806
8,2010,butte creek,11390000,USGS,butte creek,flow,mean,496.52520022883294
8,2010,butte creek,11390000,USGS,butte creek,flow,min,390
9,2010,butte creek,11390000,USGS,butte creek,flow,max,1150
9,2010,butte creek,11390000,USGS,butte creek,flow,mean,715.9315476190476
9,2010,butte creek,11390000,USGS,butte creek,flow,min,529
10,2010,butte creek,11390000,USGS,butte creek,flow,max,713
10,2010,butte creek,11390000,USGS,butte creek,flow,mean,551.360119047619
10,2010,butte creek,11390000,USGS,butte creek,flow,min,441
11,2010,butte creek,11390000,USGS,butte creek,flow,max,815
11,2010,butte creek,11390000,USGS,butte creek,flow,mean,525.8704044117648
11,2010,butte creek,11390000,USGS,butte creek,flow,min,402
12,2010,butte creek,11390000,USGS,butte creek,flow,max,494
12,2010,butte creek,11390000,USGS,butte creek,flow,mean,459.35758978563433
12,2010,butte creek,11390000,USGS,butte creek,flow,min,428
13,2010,butte creek,11390000,USGS,butte creek,flow,max,697
13,2010,butte creek,11390000,USGS,butte creek,flow,mean,472.4036654135339
13,2010,butte creek,11390000,USGS,butte creek,flow,min,402
14,2010,butte creek,11390000,USGS,butte creek,flow,max,656
14,2010,butte creek,11390000,USGS,butte creek,flow,mean,501.24708949793836
14,2010,butte creek,11390000,USGS,butte creek,flow,min,428
15,2010,butte creek,11390000,USGS,butte creek,flow,max,2170
15,2010,butte creek,11390000,USGS,butte creek,flow,mean,842.4925595238094
15,2010,butte creek,11390000,USGS,butte creek,flow,min,487
16,2010,butte creek,11390000,USGS,butte creek,flow,max,981
16,2010,butte creek,11390000,USGS,butte creek,flow,mean,715.764880952381
16,2010,butte creek,11390000,USGS,butte creek,flow,min,515
17,2010,butte creek,11390000,USGS,butte creek,flow,max,1930
17,2010,butte creek,11390000,USGS,butte creek,flow,mean,868.8871173469388
17,2010,butte creek,11390000,USGS,butte creek,flow,min,529
18,2010,butte creek,11390000,USGS,butte creek,flow,max,962
18,2010,butte creek,11390000,USGS,butte creek,flow,mean,716.6762296823338
18,2010,butte creek,11390000,USGS,butte creek,flow,min,565
19,2010,butte creek,11390000,USGS,butte creek,flow,max,656
19,2010,butte creek,11390000,USGS,butte creek,flow,mean,536.9339285714285
19,2010,butte creek,11390000,USGS,butte creek,flow,min,480
20,2010,butte creek,11390000,USGS,butte creek,flow,max,587
20,2010,butte creek,11390000,USGS,butte creek,flow,mean,521.1666666666666
20,2010,butte creek,11390000,USGS,butte creek,flow,min,454
21,2010,butte creek,11390000,USGS,butte creek,flow,max,633
21,2010,butte creek,11390000,USGS,butte creek,flow,mean,525.0487472004479
21,2010,butte creek,11390000,USGS,butte creek,flow,min,285
22,2010,butte creek,11390000,USGS,butte creek,flow,max,587
22,2010,butte creek,11390000,USGS,butte creek,flow,mean,519.320084485407
22,2010,butte creek,11390000,USGS,butte creek,flow,min,467
23,2010,butte creek,11390000,USGS,butte creek,flow,max,633
23,2010,butte creek,11390000,USGS,butte creek,flow,mean,560.4508928571429
23,2010,butte creek,11390000,USGS,butte creek,flow,min,487
24,2010,butte creek,11390000,USGS,butte creek,flow,max,522
24,2010,butte creek,11390000,USGS,butte creek,flow,mean,458.5208980331263
24,2010,butte creek,11390000,USGS,butte creek,flow,min,396
25,2010,butte creek,11390000,USGS,butte creek,flow,max,409
25,2010,butte creek,11390000,USGS,butte creek,flow,mean,367.76204042276095
25,2010,butte creek,11390000,USGS,butte creek,flow,min,336
26,2010,butte creek,11390000,USGS,butte creek,flow,max,378
26,2010,butte creek,11390000,USGS,butte creek,flow,mean,325.10416666666663
26,2010,butte creek,11390000,USGS,butte creek,flow,min,269
27,2010,butte creek,11390000,USGS,butte creek,flow,max,307
27,2010,butte creek,11390000,USGS,butte creek,flow,mean,279.7767857142857
27,2010,butte creek,11390000,USGS,butte creek,flow,min,205
28,2010,butte creek,11390000,USGS,butte creek,flow,max,269
28,2010,butte creek,11390000,USGS,butte creek,flow,mean,228.5710925499232
28,2010,butte creek,11390000,USGS,butte creek,flow,min,201
29,2010,butte creek,11390000,USGS,butte creek,flow,max,229
29,2010,butte creek,11390000,USGS,butte creek,flow,mean,195.33071741854636
29,2010,butte creek,11390000,USGS,butte creek,flow,min,171
30,2010,butte creek,11390000,USGS,butte creek,flow,max,183
30,2010,butte creek,11390000,USGS,butte creek,flow,mean,166.79645989974938
30,2010,butte creek,11390000,USGS,butte creek,flow,min,154
31,2010,butte creek,11390000,USGS,butte creek,flow,max,171
31,2010,butte creek,11390000,USGS,butte creek,flow,mean,158.91666666666666
31,2010,butte creek,11390000,USGS,butte creek,flow,min,147
32,2010,butte creek,11390000,USGS,butte creek,flow,max,162
32,2010,butte creek,11390000,USGS,butte creek,flow,mean,149.68569862155388
32,2010,butte creek,11390000,USGS,butte creek,flow,min,139
33,2010,butte creek,11390000,USGS,butte creek,flow,max,162
33,2010,butte creek,11390000,USGS,butte creek,flow,mean,149.73607910906298
33,2010,butte creek,11390000,USGS,butte creek,flow,min,135
34,2010,butte creek,11390000,USGS,butte creek,flow,max,150
34,2010,butte creek,11390000,USGS,butte creek,flow,mean,138.54676418439718
34,2010,butte creek,11390000,USGS,butte creek,flow,min,121
35,2010,butte creek,11390000,USGS,butte creek,flow,max,158
35,2010,butte creek,11390000,USGS,butte creek,flow,mean,142.47916666666666
35,2010,butte creek,11390000,USGS,butte creek,flow,min,128
36,2010,butte creek,11390000,USGS,butte creek,flow,max,158
36,2010,butte creek,11390000,USGS,butte creek,flow,mean,137.27917799818695
36,2010,butte creek,11390000,USGS,butte creek,flow,min,124
37,2010,butte creek,11390000,USGS,butte creek,flow,max,154
37,2010,butte creek,11390000,USGS,butte creek,flow,mean,136.93154761904762
37,2010,butte creek,11390000,USGS,butte creek,flow,min,114
38,2010,butte creek,11390000,USGS,butte creek,flow,max,150
38,2010,butte creek,11390000,USGS,butte creek,flow,mean,136.92972350230417
38,2010,butte creek,11390000,USGS,butte creek,flow,min,114
39,2010,butte creek,11390000,USGS,butte creek,flow,max,143
39,2010,butte creek,11390000,USGS,butte creek,flow,mean,102.3421130952381
39,2010,butte creek,11390000,USGS,butte creek,flow,min,79.9
40,2010,butte creek,11390000,USGS,butte creek,flow,max,97.8
40,2010,butte creek,11390000,USGS,butte creek,flow,mean,86.59761904761903
40,2010,butte creek,11390000,USGS,butte creek,flow,min,79.9
41,2010,butte creek,11390000,USGS,butte creek,flow,max,91.6
41,2010,butte creek,11390000,USGS,butte creek,flow,mean,86.80684523809524
41,2010,butte creek,11390000,USGS,butte creek,flow,min,79.9
42,2010,butte creek,11390000,USGS,butte creek,flow,max,117
42,2010,butte creek,11390000,USGS,butte creek,flow,mean,93.32043219461698
42,2010,butte creek,11390000,USGS,butte creek,flow,min,85.1
43,2010,butte creek,11390000,USGS,butte creek,flow,max,1380
43,2010,butte creek,11390000,USGS,butte creek,flow,mean,240.73199404761903
43,2010,butte creek,11390000,USGS,butte creek,flow,min,85.1
44,2010,butte creek,11390000,USGS,butte creek,flow,max,169
44,2010,butte creek,11390000,USGS,butte creek,flow,mean,127.54166666666666
44,2010,butte creek,11390000,USGS,butte creek,flow,min,107
45,2010,butte creek,11390000,USGS,butte creek,flow,max,355
45,2010,butte creek,11390000,USGS,butte creek,flow,mean,173.86309523809524
45,2010,butte creek,11390000,USGS,butte creek,flow,min,113
46,2010,butte creek,11390000,USGS,butte creek,flow,max,169
46,2010,butte creek,11390000,USGS,butte creek,flow,mean,144.4399062816616
46,2010,butte creek,11390000,USGS,butte creek,flow,min,113
47,2010,butte creek,11390000,USGS,butte creek,flow,max,414
47,2010,butte creek,11390000,USGS,butte creek,flow,mean,189.19776785714288
47,2010,butte creek,11390000,USGS,butte creek,flow,min,56.1
48,2010,butte creek,11390000,USGS,butte creek,flow,max,220
48,2010,butte creek,11390000,USGS,butte creek,flow,mean,137.55652862208714
48,2010,butte creek,11390000,USGS,butte creek,flow,min,88.1
49,2010,butte creek,11390000,USGS,butte creek,flow,max,1990
49,2010,butte creek,11390000,USGS,butte creek,flow,mean,560.0658677944862
49,2010,butte creek,11390000,USGS,butte creek,flow,min,130
50,2010,butte creek,11390000,USGS,butte creek,flow,max,1020
50,2010,butte creek,11390000,USGS,butte creek,flow,mean,487.42554319265906
50,2010,butte creek,11390000,USGS,butte creek,flow,min,272
51,2010,butte creek,11390000,USGS,butte creek,flow,max,2400
51,2010,butte creek,11390000,USGS,butte creek,flow,mean,1111.934523809524
51,2010,butte creek,11390000,USGS,butte creek,flow,min,312
52,2010,butte creek,11390000,USGS,butte creek,flow,max,2420
52,2010,butte creek,11390000,USGS,butte creek,flow,mean,1080.797619047619
52,2010,butte creek,11390000,USGS,butte creek,flow,min,612
53,2010,butte creek,11390000,USGS,butte creek,flow,max,1100
53,2010,butte creek,11390000,USGS,butte creek,flow,mean,964.8020833333334
53,2010,butte creek,11390000,USGS,butte creek,flow,min,830
1,2011,butte creek,11390000,USGS,butte creek,flow,max,849
1,2011,butte creek,11390000,USGS,butte creek,flow,mean,550.7559523809524
1,2011,butte creek,11390000,USGS,butte creek,flow,min,408
2,2011,butte creek,11390000,USGS,butte creek,flow,max,464
2,2011,butte creek,11390000,USGS,butte creek,flow,mean,386.06180917317835
2,2011,butte creek,11390000,USGS,butte creek,flow,min,343
3,2011,butte creek,11390000,USGS,butte creek,flow,max,428
3,2011,butte creek,11390000,USGS,butte creek,flow,mean,395.6889880952381
3,2011,butte creek,11390000,USGS,butte creek,flow,min,343
4,2011,butte creek,11390000,USGS,butte creek,flow,max,374
4,2011,butte creek,11390000,USGS,butte creek,flow,mean,342.8541666666667
4,2011,butte creek,11390000,USGS,butte creek,flow,min,318
5,2011,butte creek,11390000,USGS,butte creek,flow,max,401
5,2011,butte creek,11390000,USGS,butte creek,flow,mean,329.4300595238095
5,2011,butte creek,11390000,USGS,butte creek,flow,min,295
6,2011,butte creek,11390000,USGS,butte creek,flow,max,324
6,2011,butte creek,11390000,USGS,butte creek,flow,mean,303.06618107769424
6,2011,butte creek,11390000,USGS,butte creek,flow,min,278
7,2011,butte creek,11390000,USGS,butte creek,flow,max,4020
7,2011,butte creek,11390000,USGS,butte creek,flow,mean,920.8735119047618
7,2011,butte creek,11390000,USGS,butte creek,flow,min,267
8,2011,butte creek,11390000,USGS,butte creek,flow,max,1220
8,2011,butte creek,11390000,USGS,butte creek,flow,mean,687.3717361019338
8,2011,butte creek,11390000,USGS,butte creek,flow,min,442
9,2011,butte creek,11390000,USGS,butte creek,flow,max,1280
9,2011,butte creek,11390000,USGS,butte creek,flow,mean,707.414531573499
9,2011,butte creek,11390000,USGS,butte creek,flow,min,435
10,2011,butte creek,11390000,USGS,butte creek,flow,max,1330
10,2011,butte creek,11390000,USGS,butte creek,flow,mean,1005.0074404761905
10,2011,butte creek,11390000,USGS,butte creek,flow,min,744
11,2011,butte creek,11390000,USGS,butte creek,flow,max,2350
11,2011,butte creek,11390000,USGS,butte creek,flow,mean,1352.8850806451612
11,2011,butte creek,11390000,USGS,butte creek,flow,min,830
12,2011,butte creek,11390000,USGS,butte creek,flow,max,2890
12,2011,butte creek,11390000,USGS,butte creek,flow,mean,1934.3601190476188
12,2011,butte creek,11390000,USGS,butte creek,flow,min,1370
13,2011,butte creek,11390000,USGS,butte creek,flow,max,3010
13,2011,butte creek,11390000,USGS,butte creek,flow,mean,1724.8809523809525
13,2011,butte creek,11390000,USGS,butte creek,flow,min,1300
14,2011,butte creek,11390000,USGS,butte creek,flow,max,1580
14,2011,butte creek,11390000,USGS,butte creek,flow,mean,1282.4369719662056
14,2011,butte creek,11390000,USGS,butte creek,flow,min,983
15,2011,butte creek,11390000,USGS,butte creek,flow,max,1020
15,2011,butte creek,11390000,USGS,butte creek,flow,mean,806.2872023809524
15,2011,butte creek,11390000,USGS,butte creek,flow,min,681
16,2011,butte creek,11390000,USGS,butte creek,flow,max,1660
16,2011,butte creek,11390000,USGS,butte creek,flow,mean,1043.495978976697
16,2011,butte creek,11390000,USGS,butte creek,flow,min,672
17,2011,butte creek,11390000,USGS,butte creek,flow,max,1330
17,2011,butte creek,11390000,USGS,butte creek,flow,mean,1045.610119047619
17,2011,butte creek,11390000,USGS,butte creek,flow,min,772
18,2011,butte creek,11390000,USGS,butte creek,flow,max,889
18,2011,butte creek,11390000,USGS,butte creek,flow,mean,760.3005952380953
18,2011,butte creek,11390000,USGS,butte creek,flow,min,672
19,2011,butte creek,11390000,USGS,butte creek,flow,max,1100
19,2011,butte creek,11390000,USGS,butte creek,flow,mean,840.5528038847118
19,2011,butte creek,11390000,USGS,butte creek,flow,min,681
20,2011,butte creek,11390000,USGS,butte creek,flow,max,1460
20,2011,butte creek,11390000,USGS,butte creek,flow,mean,868.0127780092819
20,2011,butte creek,11390000,USGS,butte creek,flow,min,637
21,2011,butte creek,11390000,USGS,butte creek,flow,max,1200
21,2011,butte creek,11390000,USGS,butte creek,flow,mean,817.9211309523808
21,2011,butte creek,11390000,USGS,butte creek,flow,min,699
22,2011,butte creek,11390000,USGS,butte creek,flow,max,820
22,2011,butte creek,11390000,USGS,butte creek,flow,mean,728.7492717831813
22,2011,butte creek,11390000,USGS,butte creek,flow,min,637
23,2011,butte creek,11390000,USGS,butte creek,flow,max,900
23,2011,butte creek,11390000,USGS,butte creek,flow,mean,795.1022556390978
23,2011,butte creek,11390000,USGS,butte creek,flow,min,726
24,2011,butte creek,11390000,USGS,butte creek,flow,max,889
24,2011,butte creek,11390000,USGS,butte creek,flow,mean,791.1061076604556
24,2011,butte creek,11390000,USGS,butte creek,flow,min,381
25,2011,butte creek,11390000,USGS,butte creek,flow,max,681
25,2011,butte creek,11390000,USGS,butte creek,flow,mean,586.6391609062979
25,2011,butte creek,11390000,USGS,butte creek,flow,min,516
26,2011,butte creek,11390000,USGS,butte creek,flow,max,859
26,2011,butte creek,11390000,USGS,butte creek,flow,mean,532.1696428571429
26,2011,butte creek,11390000,USGS,butte creek,flow,min,289
27,2011,butte creek,11390000,USGS,butte creek,flow,max,612
27,2011,butte creek,11390000,USGS,butte creek,flow,mean,453.4166666666667
27,2011,butte creek,11390000,USGS,butte creek,flow,min,381
28,2011,butte creek,11390000,USGS,butte creek,flow,max,394
28,2011,butte creek,11390000,USGS,butte creek,flow,mean,353.6182065217391
28,2011,butte creek,11390000,USGS,butte creek,flow,min,324
29,2011,butte creek,11390000,USGS,butte creek,flow,max,337
29,2011,butte creek,11390000,USGS,butte creek,flow,mean,307.9226190476191
29,2011,butte creek,11390000,USGS,butte creek,flow,min,289
30,2011,butte creek,11390000,USGS,butte creek,flow,max,295
30,2011,butte creek,11390000,USGS,butte creek,flow,mean,280.2678571428571
30,2011,butte creek,11390000,USGS,butte creek,flow,min,267
31,2011,butte creek,11390000,USGS,butte creek,flow,max,284
31,2011,butte creek,11390000,USGS,butte creek,flow,mean,261.51190476190476
31,2011,butte creek,11390000,USGS,butte creek,flow,min,246
32,2011,butte creek,11390000,USGS,butte creek,flow,max,256
32,2011,butte creek,11390000,USGS,butte creek,flow,mean,238.74692780337946
32,2011,butte creek,11390000,USGS,butte creek,flow,min,230
33,2011,butte creek,11390000,USGS,butte creek,flow,max,235
33,2011,butte creek,11390000,USGS,butte creek,flow,mean,220.30357142857142
33,2011,butte creek,11390000,USGS,butte creek,flow,min,201
34,2011,butte creek,11390000,USGS,butte creek,flow,max,220
34,2011,butte creek,11390000,USGS,butte creek,flow,mean,201.97423245614033
34,2011,butte creek,11390000,USGS,butte creek,flow,min,183
35,2011,butte creek,11390000,USGS,butte creek,flow,max,201
35,2011,butte creek,11390000,USGS,butte creek,flow,mean,185.31895896656533
35,2011,butte creek,11390000,USGS,butte creek,flow,min,169
36,2011,butte creek,11390000,USGS,butte creek,flow,max,192
36,2011,butte creek,11390000,USGS,butte creek,flow,mean,165.25597307656582
36,2011,butte creek,11390000,USGS,butte creek,flow,min,149
37,2011,butte creek,11390000,USGS,butte creek,flow,max,174
37,2011,butte creek,11390000,USGS,butte creek,flow,mean,153.30654761904765
37,2011,butte creek,11390000,USGS,butte creek,flow,min,138
38,2011,butte creek,11390000,USGS,butte creek,flow,max,157
38,2011,butte creek,11390000,USGS,butte creek,flow,mean,145.98382296466974
38,2011,butte creek,11390000,USGS,butte creek,flow,min,134
39,2011,butte creek,11390000,USGS,butte creek,flow,max,161
39,2011,butte creek,11390000,USGS,butte creek,flow,mean,144.70089285714283
39,2011,butte creek,11390000,USGS,butte creek,flow,min,117
40,2011,butte creek,11390000,USGS,butte creek,flow,max,343
40,2011,butte creek,11390000,USGS,butte creek,flow,mean,154.78593591691995
40,2011,butte creek,11390000,USGS,butte creek,flow,min,103
41,2011,butte creek,11390000,USGS,butte creek,flow,max,235
41,2011,butte creek,11390000,USGS,butte creek,flow,mean,147.94988479262673
41,2011,butte creek,11390000,USGS,butte creek,flow,min,123
42,2011,butte creek,11390000,USGS,butte creek,flow,max,134
42,2011,butte creek,11390000,USGS,butte creek,flow,mean,123.38234549138805
42,2011,butte creek,11390000,USGS,butte creek,flow,min,113
43,2011,butte creek,11390000,USGS,butte creek,flow,max,127
43,2011,butte creek,11390000,USGS,butte creek,flow,mean,118.73511904761905
43,2011,butte creek,11390000,USGS,butte creek,flow,min,113
44,2011,butte creek,11390000,USGS,butte creek,flow,max,183
44,2011,butte creek,11390000,USGS,butte creek,flow,mean,121.57038690476192
44,2011,butte creek,11390000,USGS,butte creek,flow,min,97.1
45,2011,butte creek,11390000,USGS,butte creek,flow,max,153
45,2011,butte creek,11390000,USGS,butte creek,flow,mean,133.87265704154
45,2011,butte creek,11390000,USGS,butte creek,flow,min,120
46,2011,butte creek,11390000,USGS,butte creek,flow,max,165
46,2011,butte creek,11390000,USGS,butte creek,flow,mean,137.5209293394777
46,2011,butte creek,11390000,USGS,butte creek,flow,min,120
47,2011,butte creek,11390000,USGS,butte creek,flow,max,196
47,2011,butte creek,11390000,USGS,butte creek,flow,mean,152.67777255639098
47,2011,butte creek,11390000,USGS,butte creek,flow,min,127
48,2011,butte creek,11390000,USGS,butte creek,flow,max,169
48,2011,butte creek,11390000,USGS,butte creek,flow,mean,140.4955357142857
48,2011,butte creek,11390000,USGS,butte creek,flow,min,107
49,2011,butte creek,11390000,USGS,butte creek,flow,max,141
49,2011,butte creek,11390000,USGS,butte creek,flow,mean,127.83383458646617
49,2011,butte creek,11390000,USGS,butte creek,flow,min,103
50,2011,butte creek,11390000,USGS,butte creek,flow,max,149
50,2011,butte creek,11390000,USGS,butte creek,flow,mean,125.75595238095238
50,2011,butte creek,11390000,USGS,butte creek,flow,min,110
51,2011,butte creek,11390000,USGS,butte creek,flow,max,149
51,2011,butte creek,11390000,USGS,butte creek,flow,mean,121.08928571428574
51,2011,butte creek,11390000,USGS,butte creek,flow,min,107
52,2011,butte creek,11390000,USGS,butte creek,flow,max,130
52,2011,butte creek,11390000,USGS,butte creek,flow,mean,117.6000646778236
52,2011,butte creek,11390000,USGS,butte creek,flow,min,103
53,2011,butte creek,11390000,USGS,butte creek,flow,max,113
53,2011,butte creek,11390000,USGS,butte creek,flow,mean,113
53,2011,butte creek,11390000,USGS,butte creek,flow,min,113
1,2012,butte creek,11390000,USGS,butte creek,flow,max,145
1,2012,butte creek,11390000,USGS,butte creek,flow,mean,122.53422619047622
1,2012,butte creek,11390000,USGS,butte creek,flow,min,103
2,2012,butte creek,11390000,USGS,butte creek,flow,max,120
2,2012,butte creek,11390000,USGS,butte creek,flow,mean,109.38018300405268
2,2012,butte creek,11390000,USGS,butte creek,flow,min,94.1
3,2012,butte creek,11390000,USGS,butte creek,flow,max,1630
3,2012,butte creek,11390000,USGS,butte creek,flow,mean,234.6186011904762
3,2012,butte creek,11390000,USGS,butte creek,flow,min,63.4
4,2012,butte creek,11390000,USGS,butte creek,flow,max,1260
4,2012,butte creek,11390000,USGS,butte creek,flow,mean,352.4970238095238
4,2012,butte creek,11390000,USGS,butte creek,flow,min,206
5,2012,butte creek,11390000,USGS,butte creek,flow,max,220
5,2012,butte creek,11390000,USGS,butte creek,flow,mean,179.562656641604
5,2012,butte creek,11390000,USGS,butte creek,flow,min,153
6,2012,butte creek,11390000,USGS,butte creek,flow,max,192
6,2012,butte creek,11390000,USGS,butte creek,flow,mean,156.7514880952381
6,2012,butte creek,11390000,USGS,butte creek,flow,min,138
7,2012,butte creek,11390000,USGS,butte creek,flow,max,289
7,2012,butte creek,11390000,USGS,butte creek,flow,mean,185.74566786705435
7,2012,butte creek,11390000,USGS,butte creek,flow,min,153
8,2012,butte creek,11390000,USGS,butte creek,flow,max,169
8,2012,butte creek,11390000,USGS,butte creek,flow,mean,155.8128166160081
8,2012,butte creek,11390000,USGS,butte creek,flow,min,141
9,2012,butte creek,11390000,USGS,butte creek,flow,max,246
9,2012,butte creek,11390000,USGS,butte creek,flow,mean,172.5625
9,2012,butte creek,11390000,USGS,butte creek,flow,min,134
10,2012,butte creek,11390000,USGS,butte creek,flow,max,210
10,2012,butte creek,11390000,USGS,butte creek,flow,mean,183.29032258064518
10,2012,butte creek,11390000,USGS,butte creek,flow,min,165
11,2012,butte creek,11390000,USGS,butte creek,flow,max,3890
11,2012,butte creek,11390000,USGS,butte creek,flow,mean,1395.1291510025062
11,2012,butte creek,11390000,USGS,butte creek,flow,min,178
12,2012,butte creek,11390000,USGS,butte creek,flow,max,1700
12,2012,butte creek,11390000,USGS,butte creek,flow,mean,737.4732142857143
12,2012,butte creek,11390000,USGS,butte creek,flow,min,473
13,2012,butte creek,11390000,USGS,butte creek,flow,max,2670
13,2012,butte creek,11390000,USGS,butte creek,flow,mean,857.4107142857141
13,2012,butte creek,11390000,USGS,butte creek,flow,min,417
14,2012,butte creek,11390000,USGS,butte creek,flow,max,1270
14,2012,butte creek,11390000,USGS,butte creek,flow,mean,765.0654761904763
14,2012,butte creek,11390000,USGS,butte creek,flow,min,532
15,2012,butte creek,11390000,USGS,butte creek,flow,max,1030
15,2012,butte creek,11390000,USGS,butte creek,flow,mean,560.5921365914787
15,2012,butte creek,11390000,USGS,butte creek,flow,min,384
16,2012,butte creek,11390000,USGS,butte creek,flow,max,762
16,2012,butte creek,11390000,USGS,butte creek,flow,mean,601.6655231829574
16,2012,butte creek,11390000,USGS,butte creek,flow,min,517
17,2012,butte creek,11390000,USGS,butte creek,flow,max,1460
17,2012,butte creek,11390000,USGS,butte creek,flow,mean,714.3095238095237
17,2012,butte creek,11390000,USGS,butte creek,flow,min,509
18,2012,butte creek,11390000,USGS,butte creek,flow,max,723
18,2012,butte creek,11390000,USGS,butte creek,flow,mean,557.5901405775077
18,2012,butte creek,11390000,USGS,butte creek,flow,min,424
19,2012,butte creek,11390000,USGS,butte creek,flow,max,445
19,2012,butte creek,11390000,USGS,butte creek,flow,mean,393.1592261904762
19,2012,butte creek,11390000,USGS,butte creek,flow,min,352
20,2012,butte creek,11390000,USGS,butte creek,flow,max,445
20,2012,butte creek,11390000,USGS,butte creek,flow,mean,397.827380952381
20,2012,butte creek,11390000,USGS,butte creek,flow,min,352
21,2012,butte creek,11390000,USGS,butte creek,flow,max,358
21,2012,butte creek,11390000,USGS,butte creek,flow,mean,332.31230590062114
21,2012,butte creek,11390000,USGS,butte creek,flow,min,315
22,2012,butte creek,11390000,USGS,butte creek,flow,max,358
22,2012,butte creek,11390000,USGS,butte creek,flow,mean,310.75892857142856
22,2012,butte creek,11390000,USGS,butte creek,flow,min,292
23,2012,butte creek,11390000,USGS,butte creek,flow,max,352
23,2012,butte creek,11390000,USGS,butte creek,flow,mean,284.02976190476187
23,2012,butte creek,11390000,USGS,butte creek,flow,min,227
24,2012,butte creek,11390000,USGS,butte creek,flow,max,248
24,2012,butte creek,11390000,USGS,butte creek,flow,mean,225.50744047619045
24,2012,butte creek,11390000,USGS,butte creek,flow,min,202
25,2012,butte creek,11390000,USGS,butte creek,flow,max,207
25,2012,butte creek,11390000,USGS,butte creek,flow,mean,188.86458333333334
25,2012,butte creek,11390000,USGS,butte creek,flow,min,169
26,2012,butte creek,11390000,USGS,butte creek,flow,max,192
26,2012,butte creek,11390000,USGS,butte creek,flow,mean,172.91537058371733
26,2012,butte creek,11390000,USGS,butte creek,flow,min,152
27,2012,butte creek,11390000,USGS,butte creek,flow,max,169
27,2012,butte creek,11390000,USGS,butte creek,flow,mean,152.53869047619045
27,2012,butte creek,11390000,USGS,butte creek,flow,min,135
28,2012,butte creek,11390000,USGS,butte creek,flow,max,160
28,2012,butte creek,11390000,USGS,butte creek,flow,mean,140.45535714285717
28,2012,butte creek,11390000,USGS,butte creek,flow,min,115
29,2012,butte creek,11390000,USGS,butte creek,flow,max,143
29,2012,butte creek,11390000,USGS,butte creek,flow,mean,132.5755012531328
29,2012,butte creek,11390000,USGS,butte creek,flow,min,115
30,2012,butte creek,11390000,USGS,butte creek,flow,max,131
30,2012,butte creek,11390000,USGS,butte creek,flow,mean,118.64583333333334
30,2012,butte creek,11390000,USGS,butte creek,flow,min,108
31,2012,butte creek,11390000,USGS,butte creek,flow,max,131
31,2012,butte creek,11390000,USGS,butte creek,flow,mean,117.40341781874041
31,2012,butte creek,11390000,USGS,butte creek,flow,min,104
32,2012,butte creek,11390000,USGS,butte creek,flow,max,127
32,2012,butte creek,11390000,USGS,butte creek,flow,mean,114.80956346423561
32,2012,butte creek,11390000,USGS,butte creek,flow,min,101
33,2012,butte creek,11390000,USGS,butte creek,flow,max,127
33,2012,butte creek,11390000,USGS,butte creek,flow,mean,116.17934782608697
33,2012,butte creek,11390000,USGS,butte creek,flow,min,104
34,2012,butte creek,11390000,USGS,butte creek,flow,max,119
34,2012,butte creek,11390000,USGS,butte creek,flow,mean,113.09772972556276
34,2012,butte creek,11390000,USGS,butte creek,flow,min,104
35,2012,butte creek,11390000,USGS,butte creek,flow,max,119
35,2012,butte creek,11390000,USGS,butte creek,flow,mean,112.24395263424519
35,2012,butte creek,11390000,USGS,butte creek,flow,min,104
36,2012,butte creek,11390000,USGS,butte creek,flow,max,119
36,2012,butte creek,11390000,USGS,butte creek,flow,mean,110.171476321853
36,2012,butte creek,11390000,USGS,butte creek,flow,min,90.3
37,2012,butte creek,11390000,USGS,butte creek,flow,max,104
37,2012,butte creek,11390000,USGS,butte creek,flow,mean,90.85773809523809
37,2012,butte creek,11390000,USGS,butte creek,flow,min,80.5
38,2012,butte creek,11390000,USGS,butte creek,flow,max,108
38,2012,butte creek,11390000,USGS,butte creek,flow,mean,93.78943452380952
38,2012,butte creek,11390000,USGS,butte creek,flow,min,74.2
39,2012,butte creek,11390000,USGS,butte creek,flow,max,127
39,2012,butte creek,11390000,USGS,butte creek,flow,mean,90.4983630952381
39,2012,butte creek,11390000,USGS,butte creek,flow,min,77.3
40,2012,butte creek,11390000,USGS,butte creek,flow,max,93.7
40,2012,butte creek,11390000,USGS,butte creek,flow,mean,82.25116867967792
40,2012,butte creek,11390000,USGS,butte creek,flow,min,77.3
41,2012,butte creek,11390000,USGS,butte creek,flow,max,90.3
41,2012,butte creek,11390000,USGS,butte creek,flow,mean,89.15302795031057
41,2012,butte creek,11390000,USGS,butte creek,flow,min,83.7
42,2012,butte creek,11390000,USGS,butte creek,flow,max,90.3
42,2012,butte creek,11390000,USGS,butte creek,flow,mean,85.78545466058763
42,2012,butte creek,11390000,USGS,butte creek,flow,min,77.3
43,2012,butte creek,11390000,USGS,butte creek,flow,max,178
43,2012,butte creek,11390000,USGS,butte creek,flow,mean,122.33192684331797
43,2012,butte creek,11390000,USGS,butte creek,flow,min,83.7
44,2012,butte creek,11390000,USGS,butte creek,flow,max,212
44,2012,butte creek,11390000,USGS,butte creek,flow,mean,119.76700544579535
44,2012,butte creek,11390000,USGS,butte creek,flow,min,93.7
45,2012,butte creek,11390000,USGS,butte creek,flow,max,119
45,2012,butte creek,11390000,USGS,butte creek,flow,mean,104.42335992907802
45,2012,butte creek,11390000,USGS,butte creek,flow,min,90.3
46,2012,butte creek,11390000,USGS,butte creek,flow,max,466
46,2012,butte creek,11390000,USGS,butte creek,flow,mean,115.97127976190477
46,2012,butte creek,11390000,USGS,butte creek,flow,min,93.7
47,2012,butte creek,11390000,USGS,butte creek,flow,max,894
47,2012,butte creek,11390000,USGS,butte creek,flow,mean,320.125
47,2012,butte creek,11390000,USGS,butte creek,flow,min,160
48,2012,butte creek,11390000,USGS,butte creek,flow,max,7460
48,2012,butte creek,11390000,USGS,butte creek,flow,mean,858.578042781972
48,2012,butte creek,11390000,USGS,butte creek,flow,min,135
49,2012,butte creek,11390000,USGS,butte creek,flow,max,17300
49,2012,butte creek,11390000,USGS,butte creek,flow,mean,2155.1979166666665
49,2012,butte creek,11390000,USGS,butte creek,flow,min,610
50,2012,butte creek,11390000,USGS,butte creek,flow,max,632
50,2012,butte creek,11390000,USGS,butte creek,flow,mean,455.8675595238095
50,2012,butte creek,11390000,USGS,butte creek,flow,min,352
51,2012,butte creek,11390000,USGS,butte creek,flow,max,2040
51,2012,butte creek,11390000,USGS,butte creek,flow,mean,729.9112208713271
51,2012,butte creek,11390000,USGS,butte creek,flow,min,346
52,2012,butte creek,11390000,USGS,butte creek,flow,max,3640
52,2012,butte creek,11390000,USGS,butte creek,flow,mean,1309.2309907834099
52,2012,butte creek,11390000,USGS,butte creek,flow,min,617
53,2012,butte creek,11390000,USGS,butte creek,flow,max,632
53,2012,butte creek,11390000,USGS,butte creek,flow,mean,569.1614583333333
53,2012,butte creek,11390000,USGS,butte creek,flow,min,480
1,2013,butte creek,11390000,USGS,butte creek,flow,max,502
1,2013,butte creek,11390000,USGS,butte creek,flow,mean,423.3898176291794
1,2013,butte creek,11390000,USGS,butte creek,flow,min,281
2,2013,butte creek,11390000,USGS,butte creek,flow,max,445
2,2013,butte creek,11390000,USGS,butte creek,flow,mean,371.3005952380953
2,2013,butte creek,11390000,USGS,butte creek,flow,min,327
3,2013,butte creek,11390000,USGS,butte creek,flow,max,340
3,2013,butte creek,11390000,USGS,butte creek,flow,mean,314.0877976190476
3,2013,butte creek,11390000,USGS,butte creek,flow,min,304
4,2013,butte creek,11390000,USGS,butte creek,flow,max,509
4,2013,butte creek,11390000,USGS,butte creek,flow,mean,418.0555027862209
4,2013,butte creek,11390000,USGS,butte creek,flow,min,304
5,2013,butte creek,11390000,USGS,butte creek,flow,max,431
5,2013,butte creek,11390000,USGS,butte creek,flow,mean,370.57857142857137
5,2013,butte creek,11390000,USGS,butte creek,flow,min,340
6,2013,butte creek,11390000,USGS,butte creek,flow,max,386
6,2013,butte creek,11390000,USGS,butte creek,flow,mean,346.25352443609023
6,2013,butte creek,11390000,USGS,butte creek,flow,min,280
7,2013,butte creek,11390000,USGS,butte creek,flow,max,337
7,2013,butte creek,11390000,USGS,butte creek,flow,mean,317.85263056835635
7,2013,butte creek,11390000,USGS,butte creek,flow,min,257
8,2013,butte creek,11390000,USGS,butte creek,flow,max,364
8,2013,butte creek,11390000,USGS,butte creek,flow,mean,312.65975877192983
8,2013,butte creek,11390000,USGS,butte creek,flow,min,294
9,2013,butte creek,11390000,USGS,butte creek,flow,max,404
9,2013,butte creek,11390000,USGS,butte creek,flow,mean,309.4844470046083
9,2013,butte creek,11390000,USGS,butte creek,flow,min,272
10,2013,butte creek,11390000,USGS,butte creek,flow,max,467
10,2013,butte creek,11390000,USGS,butte creek,flow,mean,355.3344580084577
10,2013,butte creek,11390000,USGS,butte creek,flow,min,317
11,2013,butte creek,11390000,USGS,butte creek,flow,max,386
11,2013,butte creek,11390000,USGS,butte creek,flow,mean,363.64285714285717
11,2013,butte creek,11390000,USGS,butte creek,flow,min,313
12,2013,butte creek,11390000,USGS,butte creek,flow,max,781
12,2013,butte creek,11390000,USGS,butte creek,flow,mean,500.42857142857144
12,2013,butte creek,11390000,USGS,butte creek,flow,min,317
13,2013,butte creek,11390000,USGS,butte creek,flow,max,726
13,2013,butte creek,11390000,USGS,butte creek,flow,mean,453.0542184265011
13,2013,butte creek,11390000,USGS,butte creek,flow,min,392
14,2013,butte creek,11390000,USGS,butte creek,flow,max,545
14,2013,butte creek,11390000,USGS,butte creek,flow,mean,487.99702380952385
14,2013,butte creek,11390000,USGS,butte creek,flow,min,447
15,2013,butte creek,11390000,USGS,butte creek,flow,max,480
15,2013,butte creek,11390000,USGS,butte creek,flow,mean,337.63095238095235
15,2013,butte creek,11390000,USGS,butte creek,flow,min,272
16,2013,butte creek,11390000,USGS,butte creek,flow,max,280
16,2013,butte creek,11390000,USGS,butte creek,flow,mean,239.51339285714286
16,2013,butte creek,11390000,USGS,butte creek,flow,min,214
17,2013,butte creek,11390000,USGS,butte creek,flow,max,220
17,2013,butte creek,11390000,USGS,butte creek,flow,mean,199.91815476190476
17,2013,butte creek,11390000,USGS,butte creek,flow,min,185
18,2013,butte creek,11390000,USGS,butte creek,flow,max,188
18,2013,butte creek,11390000,USGS,butte creek,flow,mean,171.50000000000003
18,2013,butte creek,11390000,USGS,butte creek,flow,min,160
19,2013,butte creek,11390000,USGS,butte creek,flow,max,194
19,2013,butte creek,11390000,USGS,butte creek,flow,mean,173.2133675278622
19,2013,butte creek,11390000,USGS,butte creek,flow,min,158
20,2013,butte creek,11390000,USGS,butte creek,flow,max,220
20,2013,butte creek,11390000,USGS,butte creek,flow,mean,181.80952380952382
20,2013,butte creek,11390000,USGS,butte creek,flow,min,137
21,2013,butte creek,11390000,USGS,butte creek,flow,max,191
21,2013,butte creek,11390000,USGS,butte creek,flow,mean,180.41369047619045
21,2013,butte creek,11390000,USGS,butte creek,flow,min,172
22,2013,butte creek,11390000,USGS,butte creek,flow,max,205
22,2013,butte creek,11390000,USGS,butte creek,flow,mean,175.85714285714286
22,2013,butte creek,11390000,USGS,butte creek,flow,min,155
23,2013,butte creek,11390000,USGS,butte creek,flow,max,165
23,2013,butte creek,11390000,USGS,butte creek,flow,mean,146.48214285714286
23,2013,butte creek,11390000,USGS,butte creek,flow,min,125
24,2013,butte creek,11390000,USGS,butte creek,flow,max,151
24,2013,butte creek,11390000,USGS,butte creek,flow,mean,134.79097744360905
24,2013,butte creek,11390000,USGS,butte creek,flow,min,123
25,2013,butte creek,11390000,USGS,butte creek,flow,max,135
25,2013,butte creek,11390000,USGS,butte creek,flow,mean,127.83974149082383
25,2013,butte creek,11390000,USGS,butte creek,flow,min,119
26,2013,butte creek,11390000,USGS,butte creek,flow,max,276
26,2013,butte creek,11390000,USGS,butte creek,flow,mean,164.61607142857142
26,2013,butte creek,11390000,USGS,butte creek,flow,min,127
27,2013,butte creek,11390000,USGS,butte creek,flow,max,146
27,2013,butte creek,11390000,USGS,butte creek,flow,mean,133.22017339544513
27,2013,butte creek,11390000,USGS,butte creek,flow,min,112
28,2013,butte creek,11390000,USGS,butte creek,flow,max,121
28,2013,butte creek,11390000,USGS,butte creek,flow,mean,113.17857142857143
28,2013,butte creek,11390000,USGS,butte creek,flow,min,106
29,2013,butte creek,11390000,USGS,butte creek,flow,max,121
29,2013,butte creek,11390000,USGS,butte creek,flow,mean,112.56761128364391
29,2013,butte creek,11390000,USGS,butte creek,flow,min,103
30,2013,butte creek,11390000,USGS,butte creek,flow,max,115
30,2013,butte creek,11390000,USGS,butte creek,flow,mean,109.35267857142857
30,2013,butte creek,11390000,USGS,butte creek,flow,min,103
31,2013,butte creek,11390000,USGS,butte creek,flow,max,139
31,2013,butte creek,11390000,USGS,butte creek,flow,mean,116.67363221884499
31,2013,butte creek,11390000,USGS,butte creek,flow,min,108
32,2013,butte creek,11390000,USGS,butte creek,flow,max,123
32,2013,butte creek,11390000,USGS,butte creek,flow,mean,115.6023905529954
32,2013,butte creek,11390000,USGS,butte creek,flow,min,106
33,2013,butte creek,11390000,USGS,butte creek,flow,max,119
33,2013,butte creek,11390000,USGS,butte creek,flow,mean,111.47172619047618
33,2013,butte creek,11390000,USGS,butte creek,flow,min,106
34,2013,butte creek,11390000,USGS,butte creek,flow,max,119
34,2013,butte creek,11390000,USGS,butte creek,flow,mean,115.42986955420466
34,2013,butte creek,11390000,USGS,butte creek,flow,min,112
35,2013,butte creek,11390000,USGS,butte creek,flow,max,135
35,2013,butte creek,11390000,USGS,butte creek,flow,mean,107.77217261904762
35,2013,butte creek,11390000,USGS,butte creek,flow,min,91.8
36,2013,butte creek,11390000,USGS,butte creek,flow,max,115
36,2013,butte creek,11390000,USGS,butte creek,flow,mean,107.00208333333333
36,2013,butte creek,11390000,USGS,butte creek,flow,min,99.7
37,2013,butte creek,11390000,USGS,butte creek,flow,max,115
37,2013,butte creek,11390000,USGS,butte creek,flow,mean,109.76765350877193
37,2013,butte creek,11390000,USGS,butte creek,flow,min,103
38,2013,butte creek,11390000,USGS,butte creek,flow,max,180
38,2013,butte creek,11390000,USGS,butte creek,flow,mean,104.21160714285715
38,2013,butte creek,11390000,USGS,butte creek,flow,min,78.8
39,2013,butte creek,11390000,USGS,butte creek,flow,max,106
39,2013,butte creek,11390000,USGS,butte creek,flow,mean,89.57625666905558
39,2013,butte creek,11390000,USGS,butte creek,flow,min,82.9
40,2013,butte creek,11390000,USGS,butte creek,flow,max,114
40,2013,butte creek,11390000,USGS,butte creek,flow,mean,91.11904761904762
40,2013,butte creek,11390000,USGS,butte creek,flow,min,82.9
41,2013,butte creek,11390000,USGS,butte creek,flow,max,98.1
41,2013,butte creek,11390000,USGS,butte creek,flow,mean,87.99151785714285
41,2013,butte creek,11390000,USGS,butte creek,flow,min,84.4
42,2013,butte creek,11390000,USGS,butte creek,flow,max,88.8
42,2013,butte creek,11390000,USGS,butte creek,flow,mean,85.98526785714284
42,2013,butte creek,11390000,USGS,butte creek,flow,min,82.9
43,2013,butte creek,11390000,USGS,butte creek,flow,max,106
43,2013,butte creek,11390000,USGS,butte creek,flow,mean,88.46205357142857
43,2013,butte creek,11390000,USGS,butte creek,flow,min,82.9
44,2013,butte creek,11390000,USGS,butte creek,flow,max,114
44,2013,butte creek,11390000,USGS,butte creek,flow,mean,99.54857456140351
44,2013,butte creek,11390000,USGS,butte creek,flow,min,93.3
45,2013,butte creek,11390000,USGS,butte creek,flow,max,96.5
45,2013,butte creek,11390000,USGS,butte creek,flow,mean,93.62654569892472
45,2013,butte creek,11390000,USGS,butte creek,flow,min,90.3
46,2013,butte creek,11390000,USGS,butte creek,flow,max,106
46,2013,butte creek,11390000,USGS,butte creek,flow,mean,98.08224846390169
46,2013,butte creek,11390000,USGS,butte creek,flow,min,90.3
47,2013,butte creek,11390000,USGS,butte creek,flow,max,214
47,2013,butte creek,11390000,USGS,butte creek,flow,mean,119.21220238095238
47,2013,butte creek,11390000,USGS,butte creek,flow,min,78.8
48,2013,butte creek,11390000,USGS,butte creek,flow,max,117
48,2013,butte creek,11390000,USGS,butte creek,flow,mean,101.71651785714288
48,2013,butte creek,11390000,USGS,butte creek,flow,min,82.9
49,2013,butte creek,11390000,USGS,butte creek,flow,max,127
49,2013,butte creek,11390000,USGS,butte creek,flow,mean,102.0703869047619
49,2013,butte creek,11390000,USGS,butte creek,flow,min,74.8
50,2013,butte creek,11390000,USGS,butte creek,flow,max,123
50,2013,butte creek,11390000,USGS,butte creek,flow,mean,107.57812500000001
50,2013,butte creek,11390000,USGS,butte creek,flow,min,80.1
51,2013,butte creek,11390000,USGS,butte creek,flow,max,114
51,2013,butte creek,11390000,USGS,butte creek,flow,mean,103.59264363354039
51,2013,butte creek,11390000,USGS,butte creek,flow,min,98.1
52,2013,butte creek,11390000,USGS,butte creek,flow,max,106
52,2013,butte creek,11390000,USGS,butte creek,flow,mean,98.83794642857141
52,2013,butte creek,11390000,USGS,butte creek,flow,min,96.5
53,2013,butte creek,11390000,USGS,butte creek,flow,max,98.1
53,2013,butte creek,11390000,USGS,butte creek,flow,mean,97.55
53,2013,butte creek,11390000,USGS,butte creek,flow,min,96.5
1,2014,butte creek,11390000,USGS,butte creek,flow,max,98.1
1,2014,butte creek,11390000,USGS,butte creek,flow,mean,97.4454887218045
1,2014,butte creek,11390000,USGS,butte creek,flow,min,93.3
2,2014,butte creek,11390000,USGS,butte creek,flow,max,114
2,2014,butte creek,11390000,USGS,butte creek,flow,mean,97.88058755760369
2,2014,butte creek,11390000,USGS,butte creek,flow,min,93.3
3,2014,butte creek,11390000,USGS,butte creek,flow,max,106
3,2014,butte creek,11390000,USGS,butte creek,flow,mean,92.3578007518797
3,2014,butte creek,11390000,USGS,butte creek,flow,min,82.9
4,2014,butte creek,11390000,USGS,butte creek,flow,max,93.3
4,2014,butte creek,11390000,USGS,butte creek,flow,mean,89.77537442396313
4,2014,butte creek,11390000,USGS,butte creek,flow,min,85.8
5,2014,butte creek,11390000,USGS,butte creek,flow,max,172
5,2014,butte creek,11390000,USGS,butte creek,flow,mean,109.48049053455794
5,2014,butte creek,11390000,USGS,butte creek,flow,min,88.8
6,2014,butte creek,11390000,USGS,butte creek,flow,max,1840
6,2014,butte creek,11390000,USGS,butte creek,flow,mean,429.4516525689223
6,2014,butte creek,11390000,USGS,butte creek,flow,min,98.1
7,2014,butte creek,11390000,USGS,butte creek,flow,max,319
7,2014,butte creek,11390000,USGS,butte creek,flow,mean,222.75
7,2014,butte creek,11390000,USGS,butte creek,flow,min,184
8,2014,butte creek,11390000,USGS,butte creek,flow,max,194
8,2014,butte creek,11390000,USGS,butte creek,flow,mean,158.93475877192984
8,2014,butte creek,11390000,USGS,butte creek,flow,min,132
9,2014,butte creek,11390000,USGS,butte creek,flow,max,1320
9,2014,butte creek,11390000,USGS,butte creek,flow,mean,496.09523809523813
9,2014,butte creek,11390000,USGS,butte creek,flow,min,132
10,2014,butte creek,11390000,USGS,butte creek,flow,max,1300
10,2014,butte creek,11390000,USGS,butte creek,flow,mean,639.3258928571429
10,2014,butte creek,11390000,USGS,butte creek,flow,min,388
11,2014,butte creek,11390000,USGS,butte creek,flow,max,553
11,2014,butte creek,11390000,USGS,butte creek,flow,mean,375.8705357142858
11,2014,butte creek,11390000,USGS,butte creek,flow,min,280
12,2014,butte creek,11390000,USGS,butte creek,flow,max,299
12,2014,butte creek,11390000,USGS,butte creek,flow,mean,257.127420279422
12,2014,butte creek,11390000,USGS,butte creek,flow,min,221
13,2014,butte creek,11390000,USGS,butte creek,flow,max,2520
13,2014,butte creek,11390000,USGS,butte creek,flow,mean,689.0257776497696
13,2014,butte creek,11390000,USGS,butte creek,flow,min,232
14,2014,butte creek,11390000,USGS,butte creek,flow,max,664
14,2014,butte creek,11390000,USGS,butte creek,flow,mean,482.21875
14,2014,butte creek,11390000,USGS,butte creek,flow,min,388
15,2014,butte creek,11390000,USGS,butte creek,flow,max,423
15,2014,butte creek,11390000,USGS,butte creek,flow,mean,337.3154761904762
15,2014,butte creek,11390000,USGS,butte creek,flow,min,188
16,2014,butte creek,11390000,USGS,butte creek,flow,max,235
16,2014,butte creek,11390000,USGS,butte creek,flow,mean,183.33812111801242
16,2014,butte creek,11390000,USGS,butte creek,flow,min,160
17,2014,butte creek,11390000,USGS,butte creek,flow,max,221
17,2014,butte creek,11390000,USGS,butte creek,flow,mean,175.86607142857142
17,2014,butte creek,11390000,USGS,butte creek,flow,min,154
18,2014,butte creek,11390000,USGS,butte creek,flow,max,157
18,2014,butte creek,11390000,USGS,butte creek,flow,mean,139.57291666666669
18,2014,butte creek,11390000,USGS,butte creek,flow,min,129
19,2014,butte creek,11390000,USGS,butte creek,flow,max,166
19,2014,butte creek,11390000,USGS,butte creek,flow,mean,129.80357142857142
19,2014,butte creek,11390000,USGS,butte creek,flow,min,111
20,2014,butte creek,11390000,USGS,butte creek,flow,max,126
20,2014,butte creek,11390000,USGS,butte creek,flow,mean,112.71261645962734
20,2014,butte creek,11390000,USGS,butte creek,flow,min,78
21,2014,butte creek,11390000,USGS,butte creek,flow,max,181
21,2014,butte creek,11390000,USGS,butte creek,flow,mean,141.42742794486216
21,2014,butte creek,11390000,USGS,butte creek,flow,min,116
22,2014,butte creek,11390000,USGS,butte creek,flow,max,148
22,2014,butte creek,11390000,USGS,butte creek,flow,mean,126.2851048554064
22,2014,butte creek,11390000,USGS,butte creek,flow,min,114
23,2014,butte creek,11390000,USGS,butte creek,flow,max,119
23,2014,butte creek,11390000,USGS,butte creek,flow,mean,105.8000861528822
23,2014,butte creek,11390000,USGS,butte creek,flow,min,88.4
24,2014,butte creek,11390000,USGS,butte creek,flow,max,102
24,2014,butte creek,11390000,USGS,butte creek,flow,mean,90.0108630952381
24,2014,butte creek,11390000,USGS,butte creek,flow,min,82
25,2014,butte creek,11390000,USGS,butte creek,flow,max,92.7
25,2014,butte creek,11390000,USGS,butte creek,flow,mean,83.44085061443933
25,2014,butte creek,11390000,USGS,butte creek,flow,min,78
26,2014,butte creek,11390000,USGS,butte creek,flow,max,94.9
26,2014,butte creek,11390000,USGS,butte creek,flow,mean,84.71632155521783
26,2014,butte creek,11390000,USGS,butte creek,flow,min,78
27,2014,butte creek,11390000,USGS,butte creek,flow,max,82
27,2014,butte creek,11390000,USGS,butte creek,flow,mean,77.64526689708141
27,2014,butte creek,11390000,USGS,butte creek,flow,min,68.2
28,2014,butte creek,11390000,USGS,butte creek,flow,max,90.5
28,2014,butte creek,11390000,USGS,butte creek,flow,mean,82.93154761904762
28,2014,butte creek,11390000,USGS,butte creek,flow,min,78
29,2014,butte creek,11390000,USGS,butte creek,flow,max,104
29,2014,butte creek,11390000,USGS,butte creek,flow,mean,94.5473793859649
29,2014,butte creek,11390000,USGS,butte creek,flow,min,82
30,2014,butte creek,11390000,USGS,butte creek,flow,max,114
30,2014,butte creek,11390000,USGS,butte creek,flow,mean,104.61190476190475
30,2014,butte creek,11390000,USGS,butte creek,flow,min,97.2
31,2014,butte creek,11390000,USGS,butte creek,flow,max,145
31,2014,butte creek,11390000,USGS,butte creek,flow,mean,110.10551378446117
31,2014,butte creek,11390000,USGS,butte creek,flow,min,104
32,2014,butte creek,11390000,USGS,butte creek,flow,max,169
32,2014,butte creek,11390000,USGS,butte creek,flow,mean,115.14880952380953
32,2014,butte creek,11390000,USGS,butte creek,flow,min,99.5
33,2014,butte creek,11390000,USGS,butte creek,flow,max,106
33,2014,butte creek,11390000,USGS,butte creek,flow,mean,93.00848214285715
33,2014,butte creek,11390000,USGS,butte creek,flow,min,84.1
34,2014,butte creek,11390000,USGS,butte creek,flow,max,92.7
34,2014,butte creek,11390000,USGS,butte creek,flow,mean,83.16663786482334
34,2014,butte creek,11390000,USGS,butte creek,flow,min,78
35,2014,butte creek,11390000,USGS,butte creek,flow,max,82
35,2014,butte creek,11390000,USGS,butte creek,flow,mean,76.07797619047619
35,2014,butte creek,11390000,USGS,butte creek,flow,min,70.1
36,2014,butte creek,11390000,USGS,butte creek,flow,max,78
36,2014,butte creek,11390000,USGS,butte creek,flow,mean,75.42065602836878
36,2014,butte creek,11390000,USGS,butte creek,flow,min,72
37,2014,butte creek,11390000,USGS,butte creek,flow,max,88.4
37,2014,butte creek,11390000,USGS,butte creek,flow,mean,76.31309523809523
37,2014,butte creek,11390000,USGS,butte creek,flow,min,74
38,2014,butte creek,11390000,USGS,butte creek,flow,max,86.2
38,2014,butte creek,11390000,USGS,butte creek,flow,mean,68.91987082066869
38,2014,butte creek,11390000,USGS,butte creek,flow,min,59.2
39,2014,butte creek,11390000,USGS,butte creek,flow,max,124
39,2014,butte creek,11390000,USGS,butte creek,flow,mean,78.6264880952381
39,2014,butte creek,11390000,USGS,butte creek,flow,min,59.2
40,2014,butte creek,11390000,USGS,butte creek,flow,max,78
40,2014,butte creek,11390000,USGS,butte creek,flow,mean,67.88244047619047
40,2014,butte creek,11390000,USGS,butte creek,flow,min,55.8
41,2014,butte creek,11390000,USGS,butte creek,flow,max,68.2
41,2014,butte creek,11390000,USGS,butte creek,flow,mean,65.62113095238097
41,2014,butte creek,11390000,USGS,butte creek,flow,min,62.7
42,2014,butte creek,11390000,USGS,butte creek,flow,max,129
42,2014,butte creek,11390000,USGS,butte creek,flow,mean,83.3230137163561
42,2014,butte creek,11390000,USGS,butte creek,flow,min,64.5
43,2014,butte creek,11390000,USGS,butte creek,flow,max,172
43,2014,butte creek,11390000,USGS,butte creek,flow,mean,95.80312500000001
43,2014,butte creek,11390000,USGS,butte creek,flow,min,52.5
44,2014,butte creek,11390000,USGS,butte creek,flow,max,166
44,2014,butte creek,11390000,USGS,butte creek,flow,mean,95.30029761904761
44,2014,butte creek,11390000,USGS,butte creek,flow,min,68.2
45,2014,butte creek,11390000,USGS,butte creek,flow,max,90.5
45,2014,butte creek,11390000,USGS,butte creek,flow,mean,76.29389880952381
45,2014,butte creek,11390000,USGS,butte creek,flow,min,66.4
46,2014,butte creek,11390000,USGS,butte creek,flow,max,111
46,2014,butte creek,11390000,USGS,butte creek,flow,mean,83.36175595238095
46,2014,butte creek,11390000,USGS,butte creek,flow,min,70.1
47,2014,butte creek,11390000,USGS,butte creek,flow,max,271
47,2014,butte creek,11390000,USGS,butte creek,flow,mean,123.49836309523809
47,2014,butte creek,11390000,USGS,butte creek,flow,min,76
48,2014,butte creek,11390000,USGS,butte creek,flow,max,280
48,2014,butte creek,11390000,USGS,butte creek,flow,mean,149.775
48,2014,butte creek,11390000,USGS,butte creek,flow,min,82
49,2014,butte creek,11390000,USGS,butte creek,flow,max,1150
49,2014,butte creek,11390000,USGS,butte creek,flow,mean,468.11160714285717
49,2014,butte creek,11390000,USGS,butte creek,flow,min,184
50,2014,butte creek,11390000,USGS,butte creek,flow,max,6300
50,2014,butte creek,11390000,USGS,butte creek,flow,mean,1045.8323308270676
50,2014,butte creek,11390000,USGS,butte creek,flow,min,188
51,2014,butte creek,11390000,USGS,butte creek,flow,max,1120
51,2014,butte creek,11390000,USGS,butte creek,flow,mean,792.2911094224925
51,2014,butte creek,11390000,USGS,butte creek,flow,min,505
52,2014,butte creek,11390000,USGS,butte creek,flow,max,519
52,2014,butte creek,11390000,USGS,butte creek,flow,mean,339.68601190476187
52,2014,butte creek,11390000,USGS,butte creek,flow,min,232
53,2014,butte creek,11390000,USGS,butte creek,flow,max,232
53,2014,butte creek,11390000,USGS,butte creek,flow,mean,232
53,2014,butte creek,11390000,USGS,butte creek,flow,min,232
1,2015,butte creek,11390000,USGS,butte creek,flow,max,225
1,2015,butte creek,11390000,USGS,butte creek,flow,mean,188.5863095238095
1,2015,butte creek,11390000,USGS,butte creek,flow,min,163
2,2015,butte creek,11390000,USGS,butte creek,flow,max,172
2,2015,butte creek,11390000,USGS,butte creek,flow,mean,153.67708333333331
2,2015,butte creek,11390000,USGS,butte creek,flow,min,137
3,2015,butte creek,11390000,USGS,butte creek,flow,max,163
3,2015,butte creek,11390000,USGS,butte creek,flow,mean,141.13988095238096
3,2015,butte creek,11390000,USGS,butte creek,flow,min,129
4,2015,butte creek,11390000,USGS,butte creek,flow,max,140
4,2015,butte creek,11390000,USGS,butte creek,flow,mean,128.7470238095238
4,2015,butte creek,11390000,USGS,butte creek,flow,min,116
5,2015,butte creek,11390000,USGS,butte creek,flow,max,197
5,2015,butte creek,11390000,USGS,butte creek,flow,mean,170.22321428571428
5,2015,butte creek,11390000,USGS,butte creek,flow,min,119
6,2015,butte creek,11390000,USGS,butte creek,flow,max,2570
6,2015,butte creek,11390000,USGS,butte creek,flow,mean,734.0407168186423
6,2015,butte creek,11390000,USGS,butte creek,flow,min,104
7,2015,butte creek,11390000,USGS,butte creek,flow,max,603
7,2015,butte creek,11390000,USGS,butte creek,flow,mean,414.62351190476187
7,2015,butte creek,11390000,USGS,butte creek,flow,min,319
8,2015,butte creek,11390000,USGS,butte creek,flow,max,339
8,2015,butte creek,11390000,USGS,butte creek,flow,mean,287.5461309523809
8,2015,butte creek,11390000,USGS,butte creek,flow,min,257
9,2015,butte creek,11390000,USGS,butte creek,flow,max,271
9,2015,butte creek,11390000,USGS,butte creek,flow,mean,248.61904761904762
9,2015,butte creek,11390000,USGS,butte creek,flow,min,228
10,2015,butte creek,11390000,USGS,butte creek,flow,max,240
10,2015,butte creek,11390000,USGS,butte creek,flow,mean,215.7068452380952
10,2015,butte creek,11390000,USGS,butte creek,flow,min,194
11,2015,butte creek,11390000,USGS,butte creek,flow,max,232
11,2015,butte creek,11390000,USGS,butte creek,flow,mean,196.8482142857143
11,2015,butte creek,11390000,USGS,butte creek,flow,min,175
12,2015,butte creek,11390000,USGS,butte creek,flow,max,240
12,2015,butte creek,11390000,USGS,butte creek,flow,mean,183.23511904761904
12,2015,butte creek,11390000,USGS,butte creek,flow,min,148
13,2015,butte creek,11390000,USGS,butte creek,flow,max,194
13,2015,butte creek,11390000,USGS,butte creek,flow,mean,164.88829787234042
13,2015,butte creek,11390000,USGS,butte creek,flow,min,143
14,2015,butte creek,11390000,USGS,butte creek,flow,max,228
14,2015,butte creek,11390000,USGS,butte creek,flow,mean,160.11458333333331
14,2015,butte creek,11390000,USGS,butte creek,flow,min,121
15,2015,butte creek,11390000,USGS,butte creek,flow,max,188
15,2015,butte creek,11390000,USGS,butte creek,flow,mean,148.91145833333331
15,2015,butte creek,11390000,USGS,butte creek,flow,min,94.9
16,2015,butte creek,11390000,USGS,butte creek,flow,max,102
16,2015,butte creek,11390000,USGS,butte creek,flow,mean,93.24395641321046
16,2015,butte creek,11390000,USGS,butte creek,flow,min,90.5
17,2015,butte creek,11390000,USGS,butte creek,flow,max,148
17,2015,butte creek,11390000,USGS,butte creek,flow,mean,97.05382104454686
17,2015,butte creek,11390000,USGS,butte creek,flow,min,72
18,2015,butte creek,11390000,USGS,butte creek,flow,max,90.5
18,2015,butte creek,11390000,USGS,butte creek,flow,mean,85.03583823254947
18,2015,butte creek,11390000,USGS,butte creek,flow,min,80
19,2015,butte creek,11390000,USGS,butte creek,flow,max,90.5
19,2015,butte creek,11390000,USGS,butte creek,flow,mean,86.88854166666667
19,2015,butte creek,11390000,USGS,butte creek,flow,min,82
20,2015,butte creek,11390000,USGS,butte creek,flow,max,94.9
20,2015,butte creek,11390000,USGS,butte creek,flow,mean,91.28794642857143
20,2015,butte creek,11390000,USGS,butte creek,flow,min,88.4
21,2015,butte creek,11390000,USGS,butte creek,flow,max,116
21,2015,butte creek,11390000,USGS,butte creek,flow,mean,96.03035714285714
21,2015,butte creek,11390000,USGS,butte creek,flow,min,84.1
22,2015,butte creek,11390000,USGS,butte creek,flow,max,121
22,2015,butte creek,11390000,USGS,butte creek,flow,mean,90.5828869047619
22,2015,butte creek,11390000,USGS,butte creek,flow,min,78
23,2015,butte creek,11390000,USGS,butte creek,flow,max,106
23,2015,butte creek,11390000,USGS,butte creek,flow,mean,78.49717261904763
23,2015,butte creek,11390000,USGS,butte creek,flow,min,70.1
24,2015,butte creek,11390000,USGS,butte creek,flow,max,78
24,2015,butte creek,11390000,USGS,butte creek,flow,mean,69.67479943064181
24,2015,butte creek,11390000,USGS,butte creek,flow,min,60.9
25,2015,butte creek,11390000,USGS,butte creek,flow,max,84.1
25,2015,butte creek,11390000,USGS,butte creek,flow,mean,69.77017229417206
25,2015,butte creek,11390000,USGS,butte creek,flow,min,60.9
26,2015,butte creek,11390000,USGS,butte creek,flow,max,97.2
26,2015,butte creek,11390000,USGS,butte creek,flow,mean,85.52236650971749
26,2015,butte creek,11390000,USGS,butte creek,flow,min,76
27,2015,butte creek,11390000,USGS,butte creek,flow,max,109
27,2015,butte creek,11390000,USGS,butte creek,flow,mean,93.24770453394125
27,2015,butte creek,11390000,USGS,butte creek,flow,min,80
28,2015,butte creek,11390000,USGS,butte creek,flow,max,114
28,2015,butte creek,11390000,USGS,butte creek,flow,mean,93.16043546365914
28,2015,butte creek,11390000,USGS,butte creek,flow,min,82
29,2015,butte creek,11390000,USGS,butte creek,flow,max,88.4
29,2015,butte creek,11390000,USGS,butte creek,flow,mean,79.81830357142857
29,2015,butte creek,11390000,USGS,butte creek,flow,min,74
30,2015,butte creek,11390000,USGS,butte creek,flow,max,90.5
30,2015,butte creek,11390000,USGS,butte creek,flow,mean,83.37110432330827
30,2015,butte creek,11390000,USGS,butte creek,flow,min,74
31,2015,butte creek,11390000,USGS,butte creek,flow,max,92.7
31,2015,butte creek,11390000,USGS,butte creek,flow,mean,87.87931547619046
31,2015,butte creek,11390000,USGS,butte creek,flow,min,84.1
32,2015,butte creek,11390000,USGS,butte creek,flow,max,92.7
32,2015,butte creek,11390000,USGS,butte creek,flow,mean,88.75887681159419
32,2015,butte creek,11390000,USGS,butte creek,flow,min,86.2
33,2015,butte creek,11390000,USGS,butte creek,flow,max,90.5
33,2015,butte creek,11390000,USGS,butte creek,flow,mean,86.140625
33,2015,butte creek,11390000,USGS,butte creek,flow,min,82
34,2015,butte creek,11390000,USGS,butte creek,flow,max,86.2
34,2015,butte creek,11390000,USGS,butte creek,flow,mean,79.45119047619049
34,2015,butte creek,11390000,USGS,butte creek,flow,min,74
35,2015,butte creek,11390000,USGS,butte creek,flow,max,82
35,2015,butte creek,11390000,USGS,butte creek,flow,mean,77.49164133738601
35,2015,butte creek,11390000,USGS,butte creek,flow,min,74
36,2015,butte creek,11390000,USGS,butte creek,flow,max,78
36,2015,butte creek,11390000,USGS,butte creek,flow,mean,74.26094720496894
36,2015,butte creek,11390000,USGS,butte creek,flow,min,70.1
37,2015,butte creek,11390000,USGS,butte creek,flow,max,80
37,2015,butte creek,11390000,USGS,butte creek,flow,mean,71.68979166666666
37,2015,butte creek,11390000,USGS,butte creek,flow,min,66.4
38,2015,butte creek,11390000,USGS,butte creek,flow,max,97.2
38,2015,butte creek,11390000,USGS,butte creek,flow,mean,71.13451733954453
38,2015,butte creek,11390000,USGS,butte creek,flow,min,62.7
39,2015,butte creek,11390000,USGS,butte creek,flow,max,66.4
39,2015,butte creek,11390000,USGS,butte creek,flow,mean,63.81651785714286
39,2015,butte creek,11390000,USGS,butte creek,flow,min,54.1
40,2015,butte creek,11390000,USGS,butte creek,flow,max,84.1
40,2015,butte creek,11390000,USGS,butte creek,flow,mean,72.12485119047619
40,2015,butte creek,11390000,USGS,butte creek,flow,min,62.7
41,2015,butte creek,11390000,USGS,butte creek,flow,max,74
41,2015,butte creek,11390000,USGS,butte creek,flow,mean,65.89981237060042
41,2015,butte creek,11390000,USGS,butte creek,flow,min,60.9
42,2015,butte creek,11390000,USGS,butte creek,flow,max,88.4
42,2015,butte creek,11390000,USGS,butte creek,flow,mean,68.56815476190476
42,2015,butte creek,11390000,USGS,butte creek,flow,min,60.9
43,2015,butte creek,11390000,USGS,butte creek,flow,max,82
43,2015,butte creek,11390000,USGS,butte creek,flow,mean,66.38879608294931
43,2015,butte creek,11390000,USGS,butte creek,flow,min,62.7
44,2015,butte creek,11390000,USGS,butte creek,flow,max,143
44,2015,butte creek,11390000,USGS,butte creek,flow,mean,80.24404761904762
44,2015,butte creek,11390000,USGS,butte creek,flow,min,66.4
45,2015,butte creek,11390000,USGS,butte creek,flow,max,175
45,2015,butte creek,11390000,USGS,butte creek,flow,mean,88.83348214285715
45,2015,butte creek,11390000,USGS,butte creek,flow,min,66.4
46,2015,butte creek,11390000,USGS,butte creek,flow,max,225
46,2015,butte creek,11390000,USGS,butte creek,flow,mean,93.64166666666667
46,2015,butte creek,11390000,USGS,butte creek,flow,min,70.1
47,2015,butte creek,11390000,USGS,butte creek,flow,max,132
47,2015,butte creek,11390000,USGS,butte creek,flow,mean,86.11696428571429
47,2015,butte creek,11390000,USGS,butte creek,flow,min,72
48,2015,butte creek,11390000,USGS,butte creek,flow,max,99.5
48,2015,butte creek,11390000,USGS,butte creek,flow,mean,81.67256838905777
48,2015,butte creek,11390000,USGS,butte creek,flow,min,74
49,2015,butte creek,11390000,USGS,butte creek,flow,max,211
49,2015,butte creek,11390000,USGS,butte creek,flow,mean,115.76413690476191
49,2015,butte creek,11390000,USGS,butte creek,flow,min,80
50,2015,butte creek,11390000,USGS,butte creek,flow,max,699
50,2015,butte creek,11390000,USGS,butte creek,flow,mean,265.17543859649123
50,2015,butte creek,11390000,USGS,butte creek,flow,min,104
51,2015,butte creek,11390000,USGS,butte creek,flow,max,1020
51,2015,butte creek,11390000,USGS,butte creek,flow,mean,413.53564483446087
51,2015,butte creek,11390000,USGS,butte creek,flow,min,119
52,2015,butte creek,11390000,USGS,butte creek,flow,max,435
52,2015,butte creek,11390000,USGS,butte creek,flow,mean,237.4264350392109
52,2015,butte creek,11390000,USGS,butte creek,flow,min,127
53,2015,butte creek,11390000,USGS,butte creek,flow,max,168
53,2015,butte creek,11390000,USGS,butte creek,flow,mean,156.3125
53,2015,butte creek,11390000,USGS,butte creek,flow,min,141
1,2016,butte creek,11390000,USGS,butte creek,flow,max,1020
1,2016,butte creek,11390000,USGS,butte creek,flow,mean,315.52529761904765
1,2016,butte creek,11390000,USGS,butte creek,flow,min,127
2,2016,butte creek,11390000,USGS,butte creek,flow,max,667
2,2016,butte creek,11390000,USGS,butte creek,flow,mean,349.26339285714283
2,2016,butte creek,11390000,USGS,butte creek,flow,min,204
3,2016,butte creek,11390000,USGS,butte creek,flow,max,4710
3,2016,butte creek,11390000,USGS,butte creek,flow,mean,1209.6473214285713
3,2016,butte creek,11390000,USGS,butte creek,flow,min,318
4,2016,butte creek,11390000,USGS,butte creek,flow,max,2040
4,2016,butte creek,11390000,USGS,butte creek,flow,mean,901.4017857142859
4,2016,butte creek,11390000,USGS,butte creek,flow,min,492
5,2016,butte creek,11390000,USGS,butte creek,flow,max,2450
5,2016,butte creek,11390000,USGS,butte creek,flow,mean,872.4687500000001
5,2016,butte creek,11390000,USGS,butte creek,flow,min,471
6,2016,butte creek,11390000,USGS,butte creek,flow,max,498
6,2016,butte creek,11390000,USGS,butte creek,flow,mean,408.6318164362519
6,2016,butte creek,11390000,USGS,butte creek,flow,min,340
7,2016,butte creek,11390000,USGS,butte creek,flow,max,582
7,2016,butte creek,11390000,USGS,butte creek,flow,mean,368.4229479949875
7,2016,butte creek,11390000,USGS,butte creek,flow,min,318
8,2016,butte creek,11390000,USGS,butte creek,flow,max,618
8,2016,butte creek,11390000,USGS,butte creek,flow,mean,489.3199404761905
8,2016,butte creek,11390000,USGS,butte creek,flow,min,400
9,2016,butte creek,11390000,USGS,butte creek,flow,max,425
9,2016,butte creek,11390000,USGS,butte creek,flow,mean,379.0297619047619
9,2016,butte creek,11390000,USGS,butte creek,flow,min,340
10,2016,butte creek,11390000,USGS,butte creek,flow,max,7730
10,2016,butte creek,11390000,USGS,butte creek,flow,mean,1811.5799138804457
10,2016,butte creek,11390000,USGS,butte creek,flow,min,353
11,2016,butte creek,11390000,USGS,butte creek,flow,max,6930
11,2016,butte creek,11390000,USGS,butte creek,flow,mean,2948.788882488479
11,2016,butte creek,11390000,USGS,butte creek,flow,min,1230
12,2016,butte creek,11390000,USGS,butte creek,flow,max,1370
12,2016,butte creek,11390000,USGS,butte creek,flow,mean,971.2793476377113
12,2016,butte creek,11390000,USGS,butte creek,flow,min,725
13,2016,butte creek,11390000,USGS,butte creek,flow,max,731
13,2016,butte creek,11390000,USGS,butte creek,flow,mean,568.2253728414443
13,2016,butte creek,11390000,USGS,butte creek,flow,min,445
14,2016,butte creek,11390000,USGS,butte creek,flow,max,461
14,2016,butte creek,11390000,USGS,butte creek,flow,mean,414.50148809523813
14,2016,butte creek,11390000,USGS,butte creek,flow,min,362
15,2016,butte creek,11390000,USGS,butte creek,flow,max,455
15,2016,butte creek,11390000,USGS,butte creek,flow,mean,408.203869047619
15,2016,butte creek,11390000,USGS,butte creek,flow,min,386
16,2016,butte creek,11390000,USGS,butte creek,flow,max,420
16,2016,butte creek,11390000,USGS,butte creek,flow,mean,360.45684523809524
16,2016,butte creek,11390000,USGS,butte creek,flow,min,313
17,2016,butte creek,11390000,USGS,butte creek,flow,max,600
17,2016,butte creek,11390000,USGS,butte creek,flow,mean,388.7827380952381
17,2016,butte creek,11390000,USGS,butte creek,flow,min,194
18,2016,butte creek,11390000,USGS,butte creek,flow,max,296
18,2016,butte creek,11390000,USGS,butte creek,flow,mean,274.4642857142857
18,2016,butte creek,11390000,USGS,butte creek,flow,min,256
19,2016,butte creek,11390000,USGS,butte creek,flow,max,318
19,2016,butte creek,11390000,USGS,butte creek,flow,mean,264.97715053763443
19,2016,butte creek,11390000,USGS,butte creek,flow,min,226
20,2016,butte creek,11390000,USGS,butte creek,flow,max,233
20,2016,butte creek,11390000,USGS,butte creek,flow,mean,208.69038120567376
20,2016,butte creek,11390000,USGS,butte creek,flow,min,184
21,2016,butte creek,11390000,USGS,butte creek,flow,max,248
21,2016,butte creek,11390000,USGS,butte creek,flow,mean,203.67276305683566
21,2016,butte creek,11390000,USGS,butte creek,flow,min,184
22,2016,butte creek,11390000,USGS,butte creek,flow,max,241
22,2016,butte creek,11390000,USGS,butte creek,flow,mean,174.36300125313284
22,2016,butte creek,11390000,USGS,butte creek,flow,min,150
23,2016,butte creek,11390000,USGS,butte creek,flow,max,229
23,2016,butte creek,11390000,USGS,butte creek,flow,mean,210.7586119554205
23,2016,butte creek,11390000,USGS,butte creek,flow,min,184
24,2016,butte creek,11390000,USGS,butte creek,flow,max,208
24,2016,butte creek,11390000,USGS,butte creek,flow,mean,191.4300595238095
24,2016,butte creek,11390000,USGS,butte creek,flow,min,174
25,2016,butte creek,11390000,USGS,butte creek,flow,max,335
25,2016,butte creek,11390000,USGS,butte creek,flow,mean,227.44791666666666
25,2016,butte creek,11390000,USGS,butte creek,flow,min,144
26,2016,butte creek,11390000,USGS,butte creek,flow,max,208
26,2016,butte creek,11390000,USGS,butte creek,flow,mean,183.0327224310777
26,2016,butte creek,11390000,USGS,butte creek,flow,min,159
27,2016,butte creek,11390000,USGS,butte creek,flow,max,181
27,2016,butte creek,11390000,USGS,butte creek,flow,mean,157.6443452380952
27,2016,butte creek,11390000,USGS,butte creek,flow,min,141
28,2016,butte creek,11390000,USGS,butte creek,flow,max,156
28,2016,butte creek,11390000,USGS,butte creek,flow,mean,145.57589285714286
28,2016,butte creek,11390000,USGS,butte creek,flow,min,129
29,2016,butte creek,11390000,USGS,butte creek,flow,max,156
29,2016,butte creek,11390000,USGS,butte creek,flow,mean,138.1002447579402
29,2016,butte creek,11390000,USGS,butte creek,flow,min,127
30,2016,butte creek,11390000,USGS,butte creek,flow,max,147
30,2016,butte creek,11390000,USGS,butte creek,flow,mean,128.93303571428572
30,2016,butte creek,11390000,USGS,butte creek,flow,min,119
31,2016,butte creek,11390000,USGS,butte creek,flow,max,141
31,2016,butte creek,11390000,USGS,butte creek,flow,mean,121.45352077001014
31,2016,butte creek,11390000,USGS,butte creek,flow,min,108
32,2016,butte creek,11390000,USGS,butte creek,flow,max,121
32,2016,butte creek,11390000,USGS,butte creek,flow,mean,111.4747023809524
32,2016,butte creek,11390000,USGS,butte creek,flow,min,103
33,2016,butte creek,11390000,USGS,butte creek,flow,max,108
33,2016,butte creek,11390000,USGS,butte creek,flow,mean,101.64956306990881
33,2016,butte creek,11390000,USGS,butte creek,flow,min,91.2
34,2016,butte creek,11390000,USGS,butte creek,flow,max,113
34,2016,butte creek,11390000,USGS,butte creek,flow,mean,103.61143796992481
34,2016,butte creek,11390000,USGS,butte creek,flow,min,91.2
35,2016,butte creek,11390000,USGS,butte creek,flow,max,98.3
35,2016,butte creek,11390000,USGS,butte creek,flow,mean,90.77277882205513
35,2016,butte creek,11390000,USGS,butte creek,flow,min,86.6
36,2016,butte creek,11390000,USGS,butte creek,flow,max,91.2
36,2016,butte creek,11390000,USGS,butte creek,flow,mean,87.27354040020263
36,2016,butte creek,11390000,USGS,butte creek,flow,min,82.1
37,2016,butte creek,11390000,USGS,butte creek,flow,max,84.3
37,2016,butte creek,11390000,USGS,butte creek,flow,mean,79.97013248847927
37,2016,butte creek,11390000,USGS,butte creek,flow,min,71.4
38,2016,butte creek,11390000,USGS,butte creek,flow,max,75.6
38,2016,butte creek,11390000,USGS,butte creek,flow,mean,72.1556329331393
38,2016,butte creek,11390000,USGS,butte creek,flow,min,67.4
39,2016,butte creek,11390000,USGS,butte creek,flow,max,82.1
39,2016,butte creek,11390000,USGS,butte creek,flow,mean,72.2956401975684
39,2016,butte creek,11390000,USGS,butte creek,flow,min,65.4
40,2016,butte creek,11390000,USGS,butte creek,flow,max,113
40,2016,butte creek,11390000,USGS,butte creek,flow,mean,82.24464285714285
40,2016,butte creek,11390000,USGS,butte creek,flow,min,67.4
41,2016,butte creek,11390000,USGS,butte creek,flow,max,84.3
41,2016,butte creek,11390000,USGS,butte creek,flow,mean,82.05450530668716
41,2016,butte creek,11390000,USGS,butte creek,flow,min,77.8
42,2016,butte creek,11390000,USGS,butte creek,flow,max,395
42,2016,butte creek,11390000,USGS,butte creek,flow,mean,176.68809523809523
42,2016,butte creek,11390000,USGS,butte creek,flow,min,79.9
43,2016,butte creek,11390000,USGS,butte creek,flow,max,1080
43,2016,butte creek,11390000,USGS,butte creek,flow,mean,268.8744047619048
43,2016,butte creek,11390000,USGS,butte creek,flow,min,93.1
44,2016,butte creek,11390000,USGS,butte creek,flow,max,645
44,2016,butte creek,11390000,USGS,butte creek,flow,mean,425.8660714285715
44,2016,butte creek,11390000,USGS,butte creek,flow,min,239
45,2016,butte creek,11390000,USGS,butte creek,flow,max,297
45,2016,butte creek,11390000,USGS,butte creek,flow,mean,217.56420972644378
45,2016,butte creek,11390000,USGS,butte creek,flow,min,179
46,2016,butte creek,11390000,USGS,butte creek,flow,max,196
46,2016,butte creek,11390000,USGS,butte creek,flow,mean,174.54761904761907
46,2016,butte creek,11390000,USGS,butte creek,flow,min,157
47,2016,butte creek,11390000,USGS,butte creek,flow,max,428
47,2016,butte creek,11390000,USGS,butte creek,flow,mean,293.49107142857144
47,2016,butte creek,11390000,USGS,butte creek,flow,min,149
48,2016,butte creek,11390000,USGS,butte creek,flow,max,560
48,2016,butte creek,11390000,USGS,butte creek,flow,mean,338.30208333333337
48,2016,butte creek,11390000,USGS,butte creek,flow,min,249
49,2016,butte creek,11390000,USGS,butte creek,flow,max,302
49,2016,butte creek,11390000,USGS,butte creek,flow,mean,256.09442810655673
49,2016,butte creek,11390000,USGS,butte creek,flow,min,234
50,2016,butte creek,11390000,USGS,butte creek,flow,max,9340
50,2016,butte creek,11390000,USGS,butte creek,flow,mean,1694.37148556231
50,2016,butte creek,11390000,USGS,butte creek,flow,min,309
51,2016,butte creek,11390000,USGS,butte creek,flow,max,9210
51,2016,butte creek,11390000,USGS,butte creek,flow,mean,2225.4270833333335
51,2016,butte creek,11390000,USGS,butte creek,flow,min,838
52,2016,butte creek,11390000,USGS,butte creek,flow,max,1180
52,2016,butte creek,11390000,USGS,butte creek,flow,mean,825.2916666666667
52,2016,butte creek,11390000,USGS,butte creek,flow,min,642
53,2016,butte creek,11390000,USGS,butte creek,flow,max,661
53,2016,butte creek,11390000,USGS,butte creek,flow,mean,628.109375
53,2016,butte creek,11390000,USGS,butte creek,flow,min,603
1,2017,butte creek,11390000,USGS,butte creek,flow,max,1920
1,2017,butte creek,11390000,USGS,butte creek,flow,mean,984.90039260385
1,2017,butte creek,11390000,USGS,butte creek,flow,min,572
2,2017,butte creek,11390000,USGS,butte creek,flow,max,13700
2,2017,butte creek,11390000,USGS,butte creek,flow,mean,4576.112381579774
2,2017,butte creek,11390000,USGS,butte creek,flow,min,1190
3,2017,butte creek,11390000,USGS,butte creek,flow,max,2550
3,2017,butte creek,11390000,USGS,butte creek,flow,mean,1510.4687028091305
3,2017,butte creek,11390000,USGS,butte creek,flow,min,992
4,2017,butte creek,11390000,USGS,butte creek,flow,max,2360
4,2017,butte creek,11390000,USGS,butte creek,flow,mean,1448.705357142857
4,2017,butte creek,11390000,USGS,butte creek,flow,min,957
5,2017,butte creek,11390000,USGS,butte creek,flow,max,2710
5,2017,butte creek,11390000,USGS,butte creek,flow,mean,1225.7083333333335
5,2017,butte creek,11390000,USGS,butte creek,flow,min,801
6,2017,butte creek,11390000,USGS,butte creek,flow,max,14000
6,2017,butte creek,11390000,USGS,butte creek,flow,mean,5125.714285714285
6,2017,butte creek,11390000,USGS,butte creek,flow,min,1890
7,2017,butte creek,11390000,USGS,butte creek,flow,max,3290
7,2017,butte creek,11390000,USGS,butte creek,flow,mean,1985.907738095238
7,2017,butte creek,11390000,USGS,butte creek,flow,min,1400
8,2017,butte creek,11390000,USGS,butte creek,flow,max,5280
8,2017,butte creek,11390000,USGS,butte creek,flow,mean,2618.4523809523807
8,2017,butte creek,11390000,USGS,butte creek,flow,min,1500
9,2017,butte creek,11390000,USGS,butte creek,flow,max,1550
9,2017,butte creek,11390000,USGS,butte creek,flow,mean,1138.8065476190475
9,2017,butte creek,11390000,USGS,butte creek,flow,min,880
10,2017,butte creek,11390000,USGS,butte creek,flow,max,1100
10,2017,butte creek,11390000,USGS,butte creek,flow,mean,830.4360119047618
10,2017,butte creek,11390000,USGS,butte creek,flow,min,701
11,2017,butte creek,11390000,USGS,butte creek,flow,max,721
11,2017,butte creek,11390000,USGS,butte creek,flow,mean,625.8556547619048
11,2017,butte creek,11390000,USGS,butte creek,flow,min,574
12,2017,butte creek,11390000,USGS,butte creek,flow,max,2080
12,2017,butte creek,11390000,USGS,butte creek,flow,mean,1143.5357142857142
12,2017,butte creek,11390000,USGS,butte creek,flow,min,592
13,2017,butte creek,11390000,USGS,butte creek,flow,max,1420
13,2017,butte creek,11390000,USGS,butte creek,flow,mean,1011.3883928571429
13,2017,butte creek,11390000,USGS,butte creek,flow,min,754
14,2017,butte creek,11390000,USGS,butte creek,flow,max,2030
14,2017,butte creek,11390000,USGS,butte creek,flow,mean,967.7113095238094
14,2017,butte creek,11390000,USGS,butte creek,flow,min,648
15,2017,butte creek,11390000,USGS,butte creek,flow,max,2010
15,2017,butte creek,11390000,USGS,butte creek,flow,mean,1277.5833333333333
15,2017,butte creek,11390000,USGS,butte creek,flow,min,977
16,2017,butte creek,11390000,USGS,butte creek,flow,max,1500
16,2017,butte creek,11390000,USGS,butte creek,flow,mean,1238.6904761904764
16,2017,butte creek,11390000,USGS,butte creek,flow,min,1010
17,2017,butte creek,11390000,USGS,butte creek,flow,max,1010
17,2017,butte creek,11390000,USGS,butte creek,flow,mean,882.421130952381
17,2017,butte creek,11390000,USGS,butte creek,flow,min,727
18,2017,butte creek,11390000,USGS,butte creek,flow,max,803
18,2017,butte creek,11390000,USGS,butte creek,flow,mean,712.561011904762
18,2017,butte creek,11390000,USGS,butte creek,flow,min,661
19,2017,butte creek,11390000,USGS,butte creek,flow,max,741
19,2017,butte creek,11390000,USGS,butte creek,flow,mean,645.6011904761906
19,2017,butte creek,11390000,USGS,butte creek,flow,min,471
20,2017,butte creek,11390000,USGS,butte creek,flow,max,610
20,2017,butte creek,11390000,USGS,butte creek,flow,mean,564.8497023809524
20,2017,butte creek,11390000,USGS,butte creek,flow,min,517
21,2017,butte creek,11390000,USGS,butte creek,flow,max,589
21,2017,butte creek,11390000,USGS,butte creek,flow,mean,539.046130952381
21,2017,butte creek,11390000,USGS,butte creek,flow,min,497
22,2017,butte creek,11390000,USGS,butte creek,flow,max,514
22,2017,butte creek,11390000,USGS,butte creek,flow,mean,410.98065476190476
22,2017,butte creek,11390000,USGS,butte creek,flow,min,331
23,2017,butte creek,11390000,USGS,butte creek,flow,max,387
23,2017,butte creek,11390000,USGS,butte creek,flow,mean,318.73545991231924
23,2017,butte creek,11390000,USGS,butte creek,flow,min,291
24,2017,butte creek,11390000,USGS,butte creek,flow,max,310
24,2017,butte creek,11390000,USGS,butte creek,flow,mean,265.64085213032587
24,2017,butte creek,11390000,USGS,butte creek,flow,min,229
25,2017,butte creek,11390000,USGS,butte creek,flow,max,246
25,2017,butte creek,11390000,USGS,butte creek,flow,mean,202.86607142857142
25,2017,butte creek,11390000,USGS,butte creek,flow,min,158
26,2017,butte creek,11390000,USGS,butte creek,flow,max,287
26,2017,butte creek,11390000,USGS,butte creek,flow,mean,187.1228540100251
26,2017,butte creek,11390000,USGS,butte creek,flow,min,150
27,2017,butte creek,11390000,USGS,butte creek,flow,max,302
27,2017,butte creek,11390000,USGS,butte creek,flow,mean,227.42330170183521
27,2017,butte creek,11390000,USGS,butte creek,flow,min,178
28,2017,butte creek,11390000,USGS,butte creek,flow,max,232
28,2017,butte creek,11390000,USGS,butte creek,flow,mean,210.91676998346932
28,2017,butte creek,11390000,USGS,butte creek,flow,min,194
29,2017,butte creek,11390000,USGS,butte creek,flow,max,220
29,2017,butte creek,11390000,USGS,butte creek,flow,mean,202.2313472689696
29,2017,butte creek,11390000,USGS,butte creek,flow,min,187
30,2017,butte creek,11390000,USGS,butte creek,flow,max,224
30,2017,butte creek,11390000,USGS,butte creek,flow,mean,205.33061486506244
30,2017,butte creek,11390000,USGS,butte creek,flow,min,186
31,2017,butte creek,11390000,USGS,butte creek,flow,max,215
31,2017,butte creek,11390000,USGS,butte creek,flow,mean,182.72767857142858
31,2017,butte creek,11390000,USGS,butte creek,flow,min,150
32,2017,butte creek,11390000,USGS,butte creek,flow,max,201
32,2017,butte creek,11390000,USGS,butte creek,flow,mean,173.04827721767418
32,2017,butte creek,11390000,USGS,butte creek,flow,min,155
33,2017,butte creek,11390000,USGS,butte creek,flow,max,173
33,2017,butte creek,11390000,USGS,butte creek,flow,mean,158.12255280556388
33,2017,butte creek,11390000,USGS,butte creek,flow,min,137
34,2017,butte creek,11390000,USGS,butte creek,flow,max,158
34,2017,butte creek,11390000,USGS,butte creek,flow,mean,148.71961010969426
34,2017,butte creek,11390000,USGS,butte creek,flow,min,137
35,2017,butte creek,11390000,USGS,butte creek,flow,max,150
35,2017,butte creek,11390000,USGS,butte creek,flow,mean,139.31994047619045
35,2017,butte creek,11390000,USGS,butte creek,flow,min,130
36,2017,butte creek,11390000,USGS,butte creek,flow,max,163
36,2017,butte creek,11390000,USGS,butte creek,flow,mean,136.31994047619048
36,2017,butte creek,11390000,USGS,butte creek,flow,min,122
37,2017,butte creek,11390000,USGS,butte creek,flow,max,147
37,2017,butte creek,11390000,USGS,butte creek,flow,mean,134.10863095238093
37,2017,butte creek,11390000,USGS,butte creek,flow,min,111
38,2017,butte creek,11390000,USGS,butte creek,flow,max,150
38,2017,butte creek,11390000,USGS,butte creek,flow,mean,136.02678571428572
38,2017,butte creek,11390000,USGS,butte creek,flow,min,115
39,2017,butte creek,11390000,USGS,butte creek,flow,max,142
39,2017,butte creek,11390000,USGS,butte creek,flow,mean,127.01041666666667
39,2017,butte creek,11390000,USGS,butte creek,flow,min,115
40,2017,butte creek,11390000,USGS,butte creek,flow,max,145
40,2017,butte creek,11390000,USGS,butte creek,flow,mean,123.48511904761905
40,2017,butte creek,11390000,USGS,butte creek,flow,min,98
41,2017,butte creek,11390000,USGS,butte creek,flow,max,137
41,2017,butte creek,11390000,USGS,butte creek,flow,mean,121.60777608915906
41,2017,butte creek,11390000,USGS,butte creek,flow,min,98
42,2017,butte creek,11390000,USGS,butte creek,flow,max,201
42,2017,butte creek,11390000,USGS,butte creek,flow,mean,130.49107142857142
42,2017,butte creek,11390000,USGS,butte creek,flow,min,118
43,2017,butte creek,11390000,USGS,butte creek,flow,max,137
43,2017,butte creek,11390000,USGS,butte creek,flow,mean,129.44494047619048
43,2017,butte creek,11390000,USGS,butte creek,flow,min,122
44,2017,butte creek,11390000,USGS,butte creek,flow,max,330
44,2017,butte creek,11390000,USGS,butte creek,flow,mean,143.2110119047619
44,2017,butte creek,11390000,USGS,butte creek,flow,min,122
45,2017,butte creek,11390000,USGS,butte creek,flow,max,610
45,2017,butte creek,11390000,USGS,butte creek,flow,mean,215.9248746867168
45,2017,butte creek,11390000,USGS,butte creek,flow,min,140
46,2017,butte creek,11390000,USGS,butte creek,flow,max,1090
46,2017,butte creek,11390000,USGS,butte creek,flow,mean,331.3205513784461
46,2017,butte creek,11390000,USGS,butte creek,flow,min,155
47,2017,butte creek,11390000,USGS,butte creek,flow,max,431
47,2017,butte creek,11390000,USGS,butte creek,flow,mean,271.5928884711779
47,2017,butte creek,11390000,USGS,butte creek,flow,min,221
48,2017,butte creek,11390000,USGS,butte creek,flow,max,635
48,2017,butte creek,11390000,USGS,butte creek,flow,mean,324.4470551378446
48,2017,butte creek,11390000,USGS,butte creek,flow,min,214
49,2017,butte creek,11390000,USGS,butte creek,flow,max,249
49,2017,butte creek,11390000,USGS,butte creek,flow,mean,218.52183583959896
49,2017,butte creek,11390000,USGS,butte creek,flow,min,195
50,2017,butte creek,11390000,USGS,butte creek,flow,max,204
50,2017,butte creek,11390000,USGS,butte creek,flow,mean,185.88392857142858
50,2017,butte creek,11390000,USGS,butte creek,flow,min,142
51,2017,butte creek,11390000,USGS,butte creek,flow,max,231
51,2017,butte creek,11390000,USGS,butte creek,flow,mean,180.50744047619045
51,2017,butte creek,11390000,USGS,butte creek,flow,min,140
52,2017,butte creek,11390000,USGS,butte creek,flow,max,182
52,2017,butte creek,11390000,USGS,butte creek,flow,mean,169.89136904761907
52,2017,butte creek,11390000,USGS,butte creek,flow,min,158
53,2017,butte creek,11390000,USGS,butte creek,flow,max,165
53,2017,butte creek,11390000,USGS,butte creek,flow,mean,165
53,2017,butte creek,11390000,USGS,butte creek,flow,min,165
1,2018,butte creek,11390000,USGS,butte creek,flow,max,285
1,2018,butte creek,11390000,USGS,butte creek,flow,mean,191.07886904761904
1,2018,butte creek,11390000,USGS,butte creek,flow,min,155
2,2018,butte creek,11390000,USGS,butte creek,flow,max,1210
2,2018,butte creek,11390000,USGS,butte creek,flow,mean,430.2589285714285
2,2018,butte creek,11390000,USGS,butte creek,flow,min,195
3,2018,butte creek,11390000,USGS,butte creek,flow,max,591
3,2018,butte creek,11390000,USGS,butte creek,flow,mean,275.79464285714283
3,2018,butte creek,11390000,USGS,butte creek,flow,min,173
4,2018,butte creek,11390000,USGS,butte creek,flow,max,591
4,2018,butte creek,11390000,USGS,butte creek,flow,mean,364.0863095238096
4,2018,butte creek,11390000,USGS,butte creek,flow,min,252
5,2018,butte creek,11390000,USGS,butte creek,flow,max,354
5,2018,butte creek,11390000,USGS,butte creek,flow,mean,309.0059523809524
5,2018,butte creek,11390000,USGS,butte creek,flow,min,274
6,2018,butte creek,11390000,USGS,butte creek,flow,max,292
6,2018,butte creek,11390000,USGS,butte creek,flow,mean,260.9866071428571
6,2018,butte creek,11390000,USGS,butte creek,flow,min,235
7,2018,butte creek,11390000,USGS,butte creek,flow,max,252
7,2018,butte creek,11390000,USGS,butte creek,flow,mean,232.95386904761907
7,2018,butte creek,11390000,USGS,butte creek,flow,min,218
8,2018,butte creek,11390000,USGS,butte creek,flow,max,238
8,2018,butte creek,11390000,USGS,butte creek,flow,mean,220.1532738095238
8,2018,butte creek,11390000,USGS,butte creek,flow,min,204
9,2018,butte creek,11390000,USGS,butte creek,flow,max,548
9,2018,butte creek,11390000,USGS,butte creek,flow,mean,276.92857142857144
9,2018,butte creek,11390000,USGS,butte creek,flow,min,204
10,2018,butte creek,11390000,USGS,butte creek,flow,max,374
10,2018,butte creek,11390000,USGS,butte creek,flow,mean,299.0119047619047
10,2018,butte creek,11390000,USGS,butte creek,flow,min,224
11,2018,butte creek,11390000,USGS,butte creek,flow,max,2170
11,2018,butte creek,11390000,USGS,butte creek,flow,mean,848.625
11,2018,butte creek,11390000,USGS,butte creek,flow,min,289
12,2018,butte creek,11390000,USGS,butte creek,flow,max,6220
12,2018,butte creek,11390000,USGS,butte creek,flow,mean,1601.9732142857142
12,2018,butte creek,11390000,USGS,butte creek,flow,min,459
13,2018,butte creek,11390000,USGS,butte creek,flow,max,1060
13,2018,butte creek,11390000,USGS,butte creek,flow,mean,768.5963502506265
13,2018,butte creek,11390000,USGS,butte creek,flow,min,648
14,2018,butte creek,11390000,USGS,butte creek,flow,max,4380
14,2018,butte creek,11390000,USGS,butte creek,flow,mean,1181.9514780631355
14,2018,butte creek,11390000,USGS,butte creek,flow,min,543
15,2018,butte creek,11390000,USGS,butte creek,flow,max,1550
15,2018,butte creek,11390000,USGS,butte creek,flow,mean,949.9122505616491
15,2018,butte creek,11390000,USGS,butte creek,flow,min,708
16,2018,butte creek,11390000,USGS,butte creek,flow,max,873
16,2018,butte creek,11390000,USGS,butte creek,flow,mean,606.5528916155723
16,2018,butte creek,11390000,USGS,butte creek,flow,min,472
17,2018,butte creek,11390000,USGS,butte creek,flow,max,477
17,2018,butte creek,11390000,USGS,butte creek,flow,mean,415.8377976190476
17,2018,butte creek,11390000,USGS,butte creek,flow,min,216
18,2018,butte creek,11390000,USGS,butte creek,flow,max,412
18,2018,butte creek,11390000,USGS,butte creek,flow,mean,362.5595238095238
18,2018,butte creek,11390000,USGS,butte creek,flow,min,308
19,2018,butte creek,11390000,USGS,butte creek,flow,max,379
19,2018,butte creek,11390000,USGS,butte creek,flow,mean,329.6279761904762
19,2018,butte creek,11390000,USGS,butte creek,flow,min,290
20,2018,butte creek,11390000,USGS,butte creek,flow,max,318
20,2018,butte creek,11390000,USGS,butte creek,flow,mean,290.08035714285717
20,2018,butte creek,11390000,USGS,butte creek,flow,min,266
21,2018,butte creek,11390000,USGS,butte creek,flow,max,307
21,2018,butte creek,11390000,USGS,butte creek,flow,mean,272.51785714285717
21,2018,butte creek,11390000,USGS,butte creek,flow,min,246
22,2018,butte creek,11390000,USGS,butte creek,flow,max,273
22,2018,butte creek,11390000,USGS,butte creek,flow,mean,241.64136904761904
22,2018,butte creek,11390000,USGS,butte creek,flow,min,207
23,2018,butte creek,11390000,USGS,butte creek,flow,max,225
23,2018,butte creek,11390000,USGS,butte creek,flow,mean,205.98958333333334
23,2018,butte creek,11390000,USGS,butte creek,flow,min,182
24,2018,butte creek,11390000,USGS,butte creek,flow,max,205
24,2018,butte creek,11390000,USGS,butte creek,flow,mean,186.4449404761905
24,2018,butte creek,11390000,USGS,butte creek,flow,min,171
25,2018,butte creek,11390000,USGS,butte creek,flow,max,204
25,2018,butte creek,11390000,USGS,butte creek,flow,mean,186.56994047619045
25,2018,butte creek,11390000,USGS,butte creek,flow,min,169
26,2018,butte creek,11390000,USGS,butte creek,flow,max,193
26,2018,butte creek,11390000,USGS,butte creek,flow,mean,171.8139880952381
26,2018,butte creek,11390000,USGS,butte creek,flow,min,156
27,2018,butte creek,11390000,USGS,butte creek,flow,max,175
27,2018,butte creek,11390000,USGS,butte creek,flow,mean,160.06101190476193
27,2018,butte creek,11390000,USGS,butte creek,flow,min,149
28,2018,butte creek,11390000,USGS,butte creek,flow,max,178
28,2018,butte creek,11390000,USGS,butte creek,flow,mean,156.4047619047619
28,2018,butte creek,11390000,USGS,butte creek,flow,min,140
29,2018,butte creek,11390000,USGS,butte creek,flow,max,182
29,2018,butte creek,11390000,USGS,butte creek,flow,mean,162.17558552960875
29,2018,butte creek,11390000,USGS,butte creek,flow,min,145
30,2018,butte creek,11390000,USGS,butte creek,flow,max,178
30,2018,butte creek,11390000,USGS,butte creek,flow,mean,164.19196428571428
30,2018,butte creek,11390000,USGS,butte creek,flow,min,149
31,2018,butte creek,11390000,USGS,butte creek,flow,max,175
31,2018,butte creek,11390000,USGS,butte creek,flow,mean,144.10416666666666
31,2018,butte creek,11390000,USGS,butte creek,flow,min,121
32,2018,butte creek,11390000,USGS,butte creek,flow,max,138
32,2018,butte creek,11390000,USGS,butte creek,flow,mean,126.59821428571429
32,2018,butte creek,11390000,USGS,butte creek,flow,min,113
33,2018,butte creek,11390000,USGS,butte creek,flow,max,129
33,2018,butte creek,11390000,USGS,butte creek,flow,mean,113.28079573934838
33,2018,butte creek,11390000,USGS,butte creek,flow,min,94.9
34,2018,butte creek,11390000,USGS,butte creek,flow,max,132
34,2018,butte creek,11390000,USGS,butte creek,flow,mean,117.01726190476191
34,2018,butte creek,11390000,USGS,butte creek,flow,min,97.6
35,2018,butte creek,11390000,USGS,butte creek,flow,max,130
35,2018,butte creek,11390000,USGS,butte creek,flow,mean,118.94642857142857
35,2018,butte creek,11390000,USGS,butte creek,flow,min,108
36,2018,butte creek,11390000,USGS,butte creek,flow,max,119
36,2018,butte creek,11390000,USGS,butte creek,flow,mean,103.14122023809523
36,2018,butte creek,11390000,USGS,butte creek,flow,min,84.2
37,2018,butte creek,11390000,USGS,butte creek,flow,max,104
37,2018,butte creek,11390000,USGS,butte creek,flow,mean,93.26264880952381
37,2018,butte creek,11390000,USGS,butte creek,flow,min,86.6
38,2018,butte creek,11390000,USGS,butte creek,flow,max,99
38,2018,butte creek,11390000,USGS,butte creek,flow,mean,90.40907738095237
38,2018,butte creek,11390000,USGS,butte creek,flow,min,82.5
39,2018,butte creek,11390000,USGS,butte creek,flow,max,109
39,2018,butte creek,11390000,USGS,butte creek,flow,mean,86.92619047619048
39,2018,butte creek,11390000,USGS,butte creek,flow,min,76
40,2018,butte creek,11390000,USGS,butte creek,flow,max,150
40,2018,butte creek,11390000,USGS,butte creek,flow,mean,107.4703869047619
40,2018,butte creek,11390000,USGS,butte creek,flow,min,82.9
41,2018,butte creek,11390000,USGS,butte creek,flow,max,113
41,2018,butte creek,11390000,USGS,butte creek,flow,mean,101.52199956715228
41,2018,butte creek,11390000,USGS,butte creek,flow,min,85.8
42,2018,butte creek,11390000,USGS,butte creek,flow,max,100
42,2018,butte creek,11390000,USGS,butte creek,flow,mean,90.41434741579558
42,2018,butte creek,11390000,USGS,butte creek,flow,min,83.6
43,2018,butte creek,11390000,USGS,butte creek,flow,max,95.9
43,2018,butte creek,11390000,USGS,butte creek,flow,mean,91.8888392857143
43,2018,butte creek,11390000,USGS,butte creek,flow,min,81.6
44,2018,butte creek,11390000,USGS,butte creek,flow,max,96.1
44,2018,butte creek,11390000,USGS,butte creek,flow,mean,90.86666666666667
44,2018,butte creek,11390000,USGS,butte creek,flow,min,86.7
45,2018,butte creek,11390000,USGS,butte creek,flow,max,94
45,2018,butte creek,11390000,USGS,butte creek,flow,mean,83.50074404761905
45,2018,butte creek,11390000,USGS,butte creek,flow,min,65.3
46,2018,butte creek,11390000,USGS,butte creek,flow,max,99.3
46,2018,butte creek,11390000,USGS,butte creek,flow,mean,77.21502976190477
46,2018,butte creek,11390000,USGS,butte creek,flow,min,69.7
47,2018,butte creek,11390000,USGS,butte creek,flow,max,477
47,2018,butte creek,11390000,USGS,butte creek,flow,mean,221.38705357142857
47,2018,butte creek,11390000,USGS,butte creek,flow,min,80.5
48,2018,butte creek,11390000,USGS,butte creek,flow,max,805
48,2018,butte creek,11390000,USGS,butte creek,flow,mean,228.2306547619048
48,2018,butte creek,11390000,USGS,butte creek,flow,min,121
49,2018,butte creek,11390000,USGS,butte creek,flow,max,174
49,2018,butte creek,11390000,USGS,butte creek,flow,mean,132.77232142857142
49,2018,butte creek,11390000,USGS,butte creek,flow,min,117
50,2018,butte creek,11390000,USGS,butte creek,flow,max,362
50,2018,butte creek,11390000,USGS,butte creek,flow,mean,160.85714285714286
50,2018,butte creek,11390000,USGS,butte creek,flow,min,109
51,2018,butte creek,11390000,USGS,butte creek,flow,max,1390
51,2018,butte creek,11390000,USGS,butte creek,flow,mean,364.51934523809524
51,2018,butte creek,11390000,USGS,butte creek,flow,min,193
52,2018,butte creek,11390000,USGS,butte creek,flow,max,607
52,2018,butte creek,11390000,USGS,butte creek,flow,mean,273.2127976190476
52,2018,butte creek,11390000,USGS,butte creek,flow,min,172
53,2018,butte creek,11390000,USGS,butte creek,flow,max,217
53,2018,butte creek,11390000,USGS,butte creek,flow,mean,195.125
53,2018,butte creek,11390000,USGS,butte creek,flow,min,175
1,2019,butte creek,11390000,USGS,butte creek,flow,max,1360
1,2019,butte creek,11390000,USGS,butte creek,flow,mean,289.7514880952381
1,2019,butte creek,11390000,USGS,butte creek,flow,min,140
2,2019,butte creek,11390000,USGS,butte creek,flow,max,2240
2,2019,butte creek,11390000,USGS,butte creek,flow,mean,769.2693452380953
2,2019,butte creek,11390000,USGS,butte creek,flow,min,308
3,2019,butte creek,11390000,USGS,butte creek,flow,max,5180
3,2019,butte creek,11390000,USGS,butte creek,flow,mean,1363.4747023809525
3,2019,butte creek,11390000,USGS,butte creek,flow,min,295
4,2019,butte creek,11390000,USGS,butte creek,flow,max,1210
4,2019,butte creek,11390000,USGS,butte creek,flow,mean,652.7812500000001
4,2019,butte creek,11390000,USGS,butte creek,flow,min,421
5,2019,butte creek,11390000,USGS,butte creek,flow,max,1970
5,2019,butte creek,11390000,USGS,butte creek,flow,mean,749.4791666666667
5,2019,butte creek,11390000,USGS,butte creek,flow,min,342
6,2019,butte creek,11390000,USGS,butte creek,flow,max,1700
6,2019,butte creek,11390000,USGS,butte creek,flow,mean,768.75
6,2019,butte creek,11390000,USGS,butte creek,flow,min,499
7,2019,butte creek,11390000,USGS,butte creek,flow,max,7110
7,2019,butte creek,11390000,USGS,butte creek,flow,mean,1793.9747023809525
7,2019,butte creek,11390000,USGS,butte creek,flow,min,440
8,2019,butte creek,11390000,USGS,butte creek,flow,max,986
8,2019,butte creek,11390000,USGS,butte creek,flow,mean,706.6517857142856
8,2019,butte creek,11390000,USGS,butte creek,flow,min,563
9,2019,butte creek,11390000,USGS,butte creek,flow,max,7580
9,2019,butte creek,11390000,USGS,butte creek,flow,mean,2887.6160714285716
9,2019,butte creek,11390000,USGS,butte creek,flow,min,766
10,2019,butte creek,11390000,USGS,butte creek,flow,max,4070
10,2019,butte creek,11390000,USGS,butte creek,flow,mean,2133.511904761905
10,2019,butte creek,11390000,USGS,butte creek,flow,min,1150
11,2019,butte creek,11390000,USGS,butte creek,flow,max,1210
11,2019,butte creek,11390000,USGS,butte creek,flow,mean,885.6443452380953
11,2019,butte creek,11390000,USGS,butte creek,flow,min,744
12,2019,butte creek,11390000,USGS,butte creek,flow,max,1030
12,2019,butte creek,11390000,USGS,butte creek,flow,mean,804.1235119047618
12,2019,butte creek,11390000,USGS,butte creek,flow,min,732
13,2019,butte creek,11390000,USGS,butte creek,flow,max,2800
13,2019,butte creek,11390000,USGS,butte creek,flow,mean,1418.8541666666665
13,2019,butte creek,11390000,USGS,butte creek,flow,min,943
14,2019,butte creek,11390000,USGS,butte creek,flow,max,1690
14,2019,butte creek,11390000,USGS,butte creek,flow,mean,1278.733630952381
14,2019,butte creek,11390000,USGS,butte creek,flow,min,936
15,2019,butte creek,11390000,USGS,butte creek,flow,max,1740
15,2019,butte creek,11390000,USGS,butte creek,flow,mean,1134.4627976190477
15,2019,butte creek,11390000,USGS,butte creek,flow,min,855
16,2019,butte creek,11390000,USGS,butte creek,flow,max,1190
16,2019,butte creek,11390000,USGS,butte creek,flow,mean,835.4255952380953
16,2019,butte creek,11390000,USGS,butte creek,flow,min,608
17,2019,butte creek,11390000,USGS,butte creek,flow,max,905
17,2019,butte creek,11390000,USGS,butte creek,flow,mean,809.4613095238095
17,2019,butte creek,11390000,USGS,butte creek,flow,min,744
18,2019,butte creek,11390000,USGS,butte creek,flow,max,845
18,2019,butte creek,11390000,USGS,butte creek,flow,mean,720.688988095238
18,2019,butte creek,11390000,USGS,butte creek,flow,min,630
19,2019,butte creek,11390000,USGS,butte creek,flow,max,703
19,2019,butte creek,11390000,USGS,butte creek,flow,mean,648.9122023809524
19,2019,butte creek,11390000,USGS,butte creek,flow,min,593
20,2019,butte creek,11390000,USGS,butte creek,flow,max,1590
20,2019,butte creek,11390000,USGS,butte creek,flow,mean,861.2098214285714
20,2019,butte creek,11390000,USGS,butte creek,flow,min,390
21,2019,butte creek,11390000,USGS,butte creek,flow,max,1750
21,2019,butte creek,11390000,USGS,butte creek,flow,mean,863.2395833333334
21,2019,butte creek,11390000,USGS,butte creek,flow,min,643
22,2019,butte creek,11390000,USGS,butte creek,flow,max,1330
22,2019,butte creek,11390000,USGS,butte creek,flow,mean,873.174560041408
22,2019,butte creek,11390000,USGS,butte creek,flow,min,746
23,2019,butte creek,11390000,USGS,butte creek,flow,max,792
23,2019,butte creek,11390000,USGS,butte creek,flow,mean,651.3333333333333
23,2019,butte creek,11390000,USGS,butte creek,flow,min,468
24,2019,butte creek,11390000,USGS,butte creek,flow,max,534
24,2019,butte creek,11390000,USGS,butte creek,flow,mean,494.0833333333333
24,2019,butte creek,11390000,USGS,butte creek,flow,min,311
25,2019,butte creek,11390000,USGS,butte creek,flow,max,472
25,2019,butte creek,11390000,USGS,butte creek,flow,mean,396.97767857142856
25,2019,butte creek,11390000,USGS,butte creek,flow,min,357
26,2019,butte creek,11390000,USGS,butte creek,flow,max,403
26,2019,butte creek,11390000,USGS,butte creek,flow,mean,338.13541666666663
26,2019,butte creek,11390000,USGS,butte creek,flow,min,241
27,2019,butte creek,11390000,USGS,butte creek,flow,max,345
27,2019,butte creek,11390000,USGS,butte creek,flow,mean,298.90625
27,2019,butte creek,11390000,USGS,butte creek,flow,min,228
28,2019,butte creek,11390000,USGS,butte creek,flow,max,291
28,2019,butte creek,11390000,USGS,butte creek,flow,mean,265.07886904761904
28,2019,butte creek,11390000,USGS,butte creek,flow,min,236
29,2019,butte creek,11390000,USGS,butte creek,flow,max,261
29,2019,butte creek,11390000,USGS,butte creek,flow,mean,243.1175595238095
29,2019,butte creek,11390000,USGS,butte creek,flow,min,224
30,2019,butte creek,11390000,USGS,butte creek,flow,max,245
30,2019,butte creek,11390000,USGS,butte creek,flow,mean,228.30654761904762
30,2019,butte creek,11390000,USGS,butte creek,flow,min,201
31,2019,butte creek,11390000,USGS,butte creek,flow,max,228
31,2019,butte creek,11390000,USGS,butte creek,flow,mean,213.45089285714286
31,2019,butte creek,11390000,USGS,butte creek,flow,min,200
32,2019,butte creek,11390000,USGS,butte creek,flow,max,220
32,2019,butte creek,11390000,USGS,butte creek,flow,mean,205.54613095238096
32,2019,butte creek,11390000,USGS,butte creek,flow,min,193
33,2019,butte creek,11390000,USGS,butte creek,flow,max,215
33,2019,butte creek,11390000,USGS,butte creek,flow,mean,195.9077380952381
33,2019,butte creek,11390000,USGS,butte creek,flow,min,178
34,2019,butte creek,11390000,USGS,butte creek,flow,max,218
34,2019,butte creek,11390000,USGS,butte creek,flow,mean,180.0014880952381
34,2019,butte creek,11390000,USGS,butte creek,flow,min,153
35,2019,butte creek,11390000,USGS,butte creek,flow,max,187
35,2019,butte creek,11390000,USGS,butte creek,flow,mean,164.0119047619048
35,2019,butte creek,11390000,USGS,butte creek,flow,min,144
36,2019,butte creek,11390000,USGS,butte creek,flow,max,167
36,2019,butte creek,11390000,USGS,butte creek,flow,mean,150.89136904761907
36,2019,butte creek,11390000,USGS,butte creek,flow,min,137
37,2019,butte creek,11390000,USGS,butte creek,flow,max,178
37,2019,butte creek,11390000,USGS,butte creek,flow,mean,143.8422619047619
37,2019,butte creek,11390000,USGS,butte creek,flow,min,128
38,2019,butte creek,11390000,USGS,butte creek,flow,max,251
38,2019,butte creek,11390000,USGS,butte creek,flow,mean,149.97321428571428
38,2019,butte creek,11390000,USGS,butte creek,flow,min,122
39,2019,butte creek,11390000,USGS,butte creek,flow,max,173
39,2019,butte creek,11390000,USGS,butte creek,flow,mean,136.30357142857142
39,2019,butte creek,11390000,USGS,butte creek,flow,min,119
40,2019,butte creek,11390000,USGS,butte creek,flow,max,177
40,2019,butte creek,11390000,USGS,butte creek,flow,mean,146.25744047619045
40,2019,butte creek,11390000,USGS,butte creek,flow,min,132
41,2019,butte creek,11390000,USGS,butte creek,flow,max,146
41,2019,butte creek,11390000,USGS,butte creek,flow,mean,133.94791666666666
41,2019,butte creek,11390000,USGS,butte creek,flow,min,123
42,2019,butte creek,11390000,USGS,butte creek,flow,max,145
42,2019,butte creek,11390000,USGS,butte creek,flow,mean,134.38244047619045
42,2019,butte creek,11390000,USGS,butte creek,flow,min,126
43,2019,butte creek,11390000,USGS,butte creek,flow,max,142
43,2019,butte creek,11390000,USGS,butte creek,flow,mean,124.94494047619048
43,2019,butte creek,11390000,USGS,butte creek,flow,min,110
44,2019,butte creek,11390000,USGS,butte creek,flow,max,134
44,2019,butte creek,11390000,USGS,butte creek,flow,mean,118.73511904761905
44,2019,butte creek,11390000,USGS,butte creek,flow,min,110
45,2019,butte creek,11390000,USGS,butte creek,flow,max,157
45,2019,butte creek,11390000,USGS,butte creek,flow,mean,122.47619047619048
45,2019,butte creek,11390000,USGS,butte creek,flow,min,110
46,2019,butte creek,11390000,USGS,butte creek,flow,max,139
46,2019,butte creek,11390000,USGS,butte creek,flow,mean,117.03125
46,2019,butte creek,11390000,USGS,butte creek,flow,min,108
47,2019,butte creek,11390000,USGS,butte creek,flow,max,131
47,2019,butte creek,11390000,USGS,butte creek,flow,mean,117.47767857142857
47,2019,butte creek,11390000,USGS,butte creek,flow,min,108
48,2019,butte creek,11390000,USGS,butte creek,flow,max,551
48,2019,butte creek,11390000,USGS,butte creek,flow,mean,201.51488095238096
48,2019,butte creek,11390000,USGS,butte creek,flow,min,110
49,2019,butte creek,11390000,USGS,butte creek,flow,max,793
49,2019,butte creek,11390000,USGS,butte creek,flow,mean,315.49999999999994
49,2019,butte creek,11390000,USGS,butte creek,flow,min,154
50,2019,butte creek,11390000,USGS,butte creek,flow,max,430
50,2019,butte creek,11390000,USGS,butte creek,flow,mean,302.453869047619
50,2019,butte creek,11390000,USGS,butte creek,flow,min,189
51,2019,butte creek,11390000,USGS,butte creek,flow,max,551
51,2019,butte creek,11390000,USGS,butte creek,flow,mean,257.72916666666663
51,2019,butte creek,11390000,USGS,butte creek,flow,min,192
52,2019,butte creek,11390000,USGS,butte creek,flow,max,405
52,2019,butte creek,11390000,USGS,butte creek,flow,mean,239.2098214285714
52,2019,butte creek,11390000,USGS,butte creek,flow,min,192
53,2019,butte creek,11390000,USGS,butte creek,flow,max,198
53,2019,butte creek,11390000,USGS,butte creek,flow,mean,187.26041666666666
53,2019,butte creek,11390000,USGS,butte creek,flow,min,179
1,2020,butte creek,11390000,USGS,butte creek,flow,max,212
1,2020,butte creek,11390000,USGS,butte creek,flow,mean,189.74851190476193
1,2020,butte creek,11390000,USGS,butte creek,flow,min,173
2,2020,butte creek,11390000,USGS,butte creek,flow,max,298
2,2020,butte creek,11390000,USGS,butte creek,flow,mean,197.0297619047619
2,2020,butte creek,11390000,USGS,butte creek,flow,min,150
3,2020,butte creek,11390000,USGS,butte creek,flow,max,311
3,2020,butte creek,11390000,USGS,butte creek,flow,mean,226.64136904761904
3,2020,butte creek,11390000,USGS,butte creek,flow,min,195
4,2020,butte creek,11390000,USGS,butte creek,flow,max,1120
4,2020,butte creek,11390000,USGS,butte creek,flow,mean,482.01785714285717
4,2020,butte creek,11390000,USGS,butte creek,flow,min,212
5,2020,butte creek,11390000,USGS,butte creek,flow,max,489
5,2020,butte creek,11390000,USGS,butte creek,flow,mean,329.4672619047619
5,2020,butte creek,11390000,USGS,butte creek,flow,min,249
6,2020,butte creek,11390000,USGS,butte creek,flow,max,249
6,2020,butte creek,11390000,USGS,butte creek,flow,mean,224.9985119047619
6,2020,butte creek,11390000,USGS,butte creek,flow,min,195
7,2020,butte creek,11390000,USGS,butte creek,flow,max,219
7,2020,butte creek,11390000,USGS,butte creek,flow,mean,199.33928571428572
7,2020,butte creek,11390000,USGS,butte creek,flow,min,185
8,2020,butte creek,11390000,USGS,butte creek,flow,max,202
8,2020,butte creek,11390000,USGS,butte creek,flow,mean,187.34375
8,2020,butte creek,11390000,USGS,butte creek,flow,min,173
9,2020,butte creek,11390000,USGS,butte creek,flow,max,205
9,2020,butte creek,11390000,USGS,butte creek,flow,mean,179.86160714285714
9,2020,butte creek,11390000,USGS,butte creek,flow,min,158
10,2020,butte creek,11390000,USGS,butte creek,flow,max,205
10,2020,butte creek,11390000,USGS,butte creek,flow,mean,180.82589285714286
10,2020,butte creek,11390000,USGS,butte creek,flow,min,150
11,2020,butte creek,11390000,USGS,butte creek,flow,max,202
11,2020,butte creek,11390000,USGS,butte creek,flow,mean,170.125
11,2020,butte creek,11390000,USGS,butte creek,flow,min,136
12,2020,butte creek,11390000,USGS,butte creek,flow,max,195
12,2020,butte creek,11390000,USGS,butte creek,flow,mean,174.35714285714283
12,2020,butte creek,11390000,USGS,butte creek,flow,min,158
13,2020,butte creek,11390000,USGS,butte creek,flow,max,212
13,2020,butte creek,11390000,USGS,butte creek,flow,mean,187.68749999999997
13,2020,butte creek,11390000,USGS,butte creek,flow,min,164
14,2020,butte creek,11390000,USGS,butte creek,flow,max,587
14,2020,butte creek,11390000,USGS,butte creek,flow,mean,274.16517857142856
14,2020,butte creek,11390000,USGS,butte creek,flow,min,123
15,2020,butte creek,11390000,USGS,butte creek,flow,max,307
15,2020,butte creek,11390000,USGS,butte creek,flow,mean,274.20684523809524
15,2020,butte creek,11390000,USGS,butte creek,flow,min,138
16,2020,butte creek,11390000,USGS,butte creek,flow,max,307
16,2020,butte creek,11390000,USGS,butte creek,flow,mean,245.8422619047619
16,2020,butte creek,11390000,USGS,butte creek,flow,min,172
17,2020,butte creek,11390000,USGS,butte creek,flow,max,282
17,2020,butte creek,11390000,USGS,butte creek,flow,mean,230.70238095238093
17,2020,butte creek,11390000,USGS,butte creek,flow,min,167
18,2020,butte creek,11390000,USGS,butte creek,flow,max,242
18,2020,butte creek,11390000,USGS,butte creek,flow,mean,215.51190476190476
18,2020,butte creek,11390000,USGS,butte creek,flow,min,190
19,2020,butte creek,11390000,USGS,butte creek,flow,max,242
19,2020,butte creek,11390000,USGS,butte creek,flow,mean,190.1889880952381
19,2020,butte creek,11390000,USGS,butte creek,flow,min,175
20,2020,butte creek,11390000,USGS,butte creek,flow,max,511
20,2020,butte creek,11390000,USGS,butte creek,flow,mean,292.35565476190476
20,2020,butte creek,11390000,USGS,butte creek,flow,min,202
21,2020,butte creek,11390000,USGS,butte creek,flow,max,390
21,2020,butte creek,11390000,USGS,butte creek,flow,mean,265.0565476190476
21,2020,butte creek,11390000,USGS,butte creek,flow,min,205
22,2020,butte creek,11390000,USGS,butte creek,flow,max,219
22,2020,butte creek,11390000,USGS,butte creek,flow,mean,183.7827380952381
22,2020,butte creek,11390000,USGS,butte creek,flow,min,148
23,2020,butte creek,11390000,USGS,butte creek,flow,max,181
23,2020,butte creek,11390000,USGS,butte creek,flow,mean,166.61904761904762
23,2020,butte creek,11390000,USGS,butte creek,flow,min,153
24,2020,butte creek,11390000,USGS,butte creek,flow,max,167
24,2020,butte creek,11390000,USGS,butte creek,flow,mean,155.86160714285714
24,2020,butte creek,11390000,USGS,butte creek,flow,min,148
25,2020,butte creek,11390000,USGS,butte creek,flow,max,158
25,2020,butte creek,11390000,USGS,butte creek,flow,mean,147.62797619047618
25,2020,butte creek,11390000,USGS,butte creek,flow,min,132
26,2020,butte creek,11390000,USGS,butte creek,flow,max,158
26,2020,butte creek,11390000,USGS,butte creek,flow,mean,141.89880952380952
26,2020,butte creek,11390000,USGS,butte creek,flow,min,130
27,2020,butte creek,11390000,USGS,butte creek,flow,max,156
27,2020,butte creek,11390000,USGS,butte creek,flow,mean,136.8125
27,2020,butte creek,11390000,USGS,butte creek,flow,min,125
28,2020,butte creek,11390000,USGS,butte creek,flow,max,140
28,2020,butte creek,11390000,USGS,butte creek,flow,mean,130.16220238095238
28,2020,butte creek,11390000,USGS,butte creek,flow,min,123
29,2020,butte creek,11390000,USGS,butte creek,flow,max,140
29,2020,butte creek,11390000,USGS,butte creek,flow,mean,129.16517857142858
29,2020,butte creek,11390000,USGS,butte creek,flow,min,120
30,2020,butte creek,11390000,USGS,butte creek,flow,max,146
30,2020,butte creek,11390000,USGS,butte creek,flow,mean,129.46279761904762
30,2020,butte creek,11390000,USGS,butte creek,flow,min,119
31,2020,butte creek,11390000,USGS,butte creek,flow,max,151
31,2020,butte creek,11390000,USGS,butte creek,flow,mean,130.96428571428572
31,2020,butte creek,11390000,USGS,butte creek,flow,min,109
32,2020,butte creek,11390000,USGS,butte creek,flow,max,133
32,2020,butte creek,11390000,USGS,butte creek,flow,mean,119.13392857142856
32,2020,butte creek,11390000,USGS,butte creek,flow,min,104
33,2020,butte creek,11390000,USGS,butte creek,flow,max,127
33,2020,butte creek,11390000,USGS,butte creek,flow,mean,114.51488095238095
33,2020,butte creek,11390000,USGS,butte creek,flow,min,98
34,2020,butte creek,11390000,USGS,butte creek,flow,max,122
34,2020,butte creek,11390000,USGS,butte creek,flow,mean,107.81666666666668
34,2020,butte creek,11390000,USGS,butte creek,flow,min,84.2
35,2020,butte creek,11390000,USGS,butte creek,flow,max,110
35,2020,butte creek,11390000,USGS,butte creek,flow,mean,99.3547619047619
35,2020,butte creek,11390000,USGS,butte creek,flow,min,84.9
36,2020,butte creek,11390000,USGS,butte creek,flow,max,103
36,2020,butte creek,11390000,USGS,butte creek,flow,mean,88.61294642857142
36,2020,butte creek,11390000,USGS,butte creek,flow,min,76.1
37,2020,butte creek,11390000,USGS,butte creek,flow,max,85.8
37,2020,butte creek,11390000,USGS,butte creek,flow,mean,77.92723214285715
37,2020,butte creek,11390000,USGS,butte creek,flow,min,71.4
38,2020,butte creek,11390000,USGS,butte creek,flow,max,96
38,2020,butte creek,11390000,USGS,butte creek,flow,mean,79.9075892857143
38,2020,butte creek,11390000,USGS,butte creek,flow,min,70.4
39,2020,butte creek,11390000,USGS,butte creek,flow,max,92.1
39,2020,butte creek,11390000,USGS,butte creek,flow,mean,81.83154761904761
39,2020,butte creek,11390000,USGS,butte creek,flow,min,69.7
40,2020,butte creek,11390000,USGS,butte creek,flow,max,88.3
40,2020,butte creek,11390000,USGS,butte creek,flow,mean,78.69181547619048
40,2020,butte creek,11390000,USGS,butte creek,flow,min,67.4
41,2020,butte creek,11390000,USGS,butte creek,flow,max,79.3
41,2020,butte creek,11390000,USGS,butte creek,flow,mean,67.16233865914788
41,2020,butte creek,11390000,USGS,butte creek,flow,min,62.5
42,2020,butte creek,11390000,USGS,butte creek,flow,max,68.8
42,2020,butte creek,11390000,USGS,butte creek,flow,mean,65.2921130952381
42,2020,butte creek,11390000,USGS,butte creek,flow,min,59.3
43,2020,butte creek,11390000,USGS,butte creek,flow,max,75.7
43,2020,butte creek,11390000,USGS,butte creek,flow,mean,68.69181547619048
43,2020,butte creek,11390000,USGS,butte creek,flow,min,63.1
44,2020,butte creek,11390000,USGS,butte creek,flow,max,78
44,2020,butte creek,11390000,USGS,butte creek,flow,mean,72.2875
44,2020,butte creek,11390000,USGS,butte creek,flow,min,68.3
45,2020,butte creek,11390000,USGS,butte creek,flow,max,106
45,2020,butte creek,11390000,USGS,butte creek,flow,mean,87.26904761904761
45,2020,butte creek,11390000,USGS,butte creek,flow,min,71.9
46,2020,butte creek,11390000,USGS,butte creek,flow,max,163
46,2020,butte creek,11390000,USGS,butte creek,flow,mean,100.53616071428571
46,2020,butte creek,11390000,USGS,butte creek,flow,min,70.6
47,2020,butte creek,11390000,USGS,butte creek,flow,max,272
47,2020,butte creek,11390000,USGS,butte creek,flow,mean,124.72827380952381
47,2020,butte creek,11390000,USGS,butte creek,flow,min,80.9
48,2020,butte creek,11390000,USGS,butte creek,flow,max,110
48,2020,butte creek,11390000,USGS,butte creek,flow,mean,92.71428571428571
48,2020,butte creek,11390000,USGS,butte creek,flow,min,77.7
49,2020,butte creek,11390000,USGS,butte creek,flow,max,97.3
49,2020,butte creek,11390000,USGS,butte creek,flow,mean,91.74880952380953
49,2020,butte creek,11390000,USGS,butte creek,flow,min,77.3
50,2020,butte creek,11390000,USGS,butte creek,flow,max,165
50,2020,butte creek,11390000,USGS,butte creek,flow,mean,97.50446428571429
50,2020,butte creek,11390000,USGS,butte creek,flow,min,77.3
51,2020,butte creek,11390000,USGS,butte creek,flow,max,281
51,2020,butte creek,11390000,USGS,butte creek,flow,mean,121.07574404761907
51,2020,butte creek,11390000,USGS,butte creek,flow,min,92
52,2020,butte creek,11390000,USGS,butte creek,flow,max,265
52,2020,butte creek,11390000,USGS,butte creek,flow,mean,132.54925595238095
52,2020,butte creek,11390000,USGS,butte creek,flow,min,82.9
53,2020,butte creek,11390000,USGS,butte creek,flow,max,116
53,2020,butte creek,11390000,USGS,butte creek,flow,mean,108.38541666666666
53,2020,butte creek,11390000,USGS,butte creek,flow,min,101
1,2021,butte creek,11390000,USGS,butte creek,flow,max,339
1,2021,butte creek,11390000,USGS,butte creek,flow,mean,148.34761904761905
1,2021,butte creek,11390000,USGS,butte creek,flow,min,98.3
2,2021,butte creek,11390000,USGS,butte creek,flow,max,142
2,2021,butte creek,11390000,USGS,butte creek,flow,mean,115.18854166666665
2,2021,butte creek,11390000,USGS,butte creek,flow,min,95.7
3,2021,butte creek,11390000,USGS,butte creek,flow,max,125
3,2021,butte creek,11390000,USGS,butte creek,flow,mean,88.20967261904761
3,2021,butte creek,11390000,USGS,butte creek,flow,min,73.2
4,2021,butte creek,11390000,USGS,butte creek,flow,max,705
4,2021,butte creek,11390000,USGS,butte creek,flow,mean,149.83928571428572
4,2021,butte creek,11390000,USGS,butte creek,flow,min,75.1
5,2021,butte creek,11390000,USGS,butte creek,flow,max,1020
5,2021,butte creek,11390000,USGS,butte creek,flow,mean,312.33184523809524
5,2021,butte creek,11390000,USGS,butte creek,flow,min,151
6,2021,butte creek,11390000,USGS,butte creek,flow,max,234
6,2021,butte creek,11390000,USGS,butte creek,flow,mean,180.33779761904762
6,2021,butte creek,11390000,USGS,butte creek,flow,min,120
7,2021,butte creek,11390000,USGS,butte creek,flow,max,603
7,2021,butte creek,11390000,USGS,butte creek,flow,mean,300.2886904761904
7,2021,butte creek,11390000,USGS,butte creek,flow,min,182
8,2021,butte creek,11390000,USGS,butte creek,flow,max,208
8,2021,butte creek,11390000,USGS,butte creek,flow,mean,184.82291666666669
8,2021,butte creek,11390000,USGS,butte creek,flow,min,166
9,2021,butte creek,11390000,USGS,butte creek,flow,max,175
9,2021,butte creek,11390000,USGS,butte creek,flow,mean,156.8125
9,2021,butte creek,11390000,USGS,butte creek,flow,min,136
10,2021,butte creek,11390000,USGS,butte creek,flow,max,208
10,2021,butte creek,11390000,USGS,butte creek,flow,mean,164.85714285714286
10,2021,butte creek,11390000,USGS,butte creek,flow,min,136
11,2021,butte creek,11390000,USGS,butte creek,flow,max,304
11,2021,butte creek,11390000,USGS,butte creek,flow,mean,203.15625
11,2021,butte creek,11390000,USGS,butte creek,flow,min,134
12,2021,butte creek,11390000,USGS,butte creek,flow,max,652
12,2021,butte creek,11390000,USGS,butte creek,flow,mean,342.68601190476187
12,2021,butte creek,11390000,USGS,butte creek,flow,min,226
13,2021,butte creek,11390000,USGS,butte creek,flow,max,244
13,2021,butte creek,11390000,USGS,butte creek,flow,mean,212.21279761904762
13,2021,butte creek,11390000,USGS,butte creek,flow,min,148
14,2021,butte creek,11390000,USGS,butte creek,flow,max,185
14,2021,butte creek,11390000,USGS,butte creek,flow,mean,157.71726190476193
14,2021,butte creek,11390000,USGS,butte creek,flow,min,148
15,2021,butte creek,11390000,USGS,butte creek,flow,max,154
15,2021,butte creek,11390000,USGS,butte creek,flow,mean,147.12946428571428
15,2021,butte creek,11390000,USGS,butte creek,flow,min,139
16,2021,butte creek,11390000,USGS,butte creek,flow,max,148
16,2021,butte creek,11390000,USGS,butte creek,flow,mean,125.85565476190477
16,2021,butte creek,11390000,USGS,butte creek,flow,min,113
17,2021,butte creek,11390000,USGS,butte creek,flow,max,178
17,2021,butte creek,11390000,USGS,butte creek,flow,mean,126.37797619047618
17,2021,butte creek,11390000,USGS,butte creek,flow,min,108
18,2021,butte creek,11390000,USGS,butte creek,flow,max,131
18,2021,butte creek,11390000,USGS,butte creek,flow,mean,117.63095238095238
18,2021,butte creek,11390000,USGS,butte creek,flow,min,108
19,2021,butte creek,11390000,USGS,butte creek,flow,max,178
19,2021,butte creek,11390000,USGS,butte creek,flow,mean,121.89999999999999
19,2021,butte creek,11390000,USGS,butte creek,flow,min,95.6
20,2021,butte creek,11390000,USGS,butte creek,flow,max,178
20,2021,butte creek,11390000,USGS,butte creek,flow,mean,158.82142857142858
20,2021,butte creek,11390000,USGS,butte creek,flow,min,139
21,2021,butte creek,11390000,USGS,butte creek,flow,max,160
21,2021,butte creek,11390000,USGS,butte creek,flow,mean,139.86755952380952
21,2021,butte creek,11390000,USGS,butte creek,flow,min,123
22,2021,butte creek,11390000,USGS,butte creek,flow,max,139
22,2021,butte creek,11390000,USGS,butte creek,flow,mean,119.52976190476191
22,2021,butte creek,11390000,USGS,butte creek,flow,min,100
23,2021,butte creek,11390000,USGS,butte creek,flow,max,119
23,2021,butte creek,11390000,USGS,butte creek,flow,mean,105.14866071428571
23,2021,butte creek,11390000,USGS,butte creek,flow,min,92.8
24,2021,butte creek,11390000,USGS,butte creek,flow,max,149
24,2021,butte creek,11390000,USGS,butte creek,flow,mean,116.06830357142857
24,2021,butte creek,11390000,USGS,butte creek,flow,min,90.2
25,2021,butte creek,11390000,USGS,butte creek,flow,max,105
25,2021,butte creek,11390000,USGS,butte creek,flow,mean,99.2110119047619
25,2021,butte creek,11390000,USGS,butte creek,flow,min,88.8
26,2021,butte creek,11390000,USGS,butte creek,flow,max,109
26,2021,butte creek,11390000,USGS,butte creek,flow,mean,102.51294642857142
26,2021,butte creek,11390000,USGS,butte creek,flow,min,94.9
27,2021,butte creek,11390000,USGS,butte creek,flow,max,98.9
27,2021,butte creek,11390000,USGS,butte creek,flow,mean,95.60238095238094
27,2021,butte creek,11390000,USGS,butte creek,flow,min,88.2
28,2021,butte creek,11390000,USGS,butte creek,flow,max,97.6
28,2021,butte creek,11390000,USGS,butte creek,flow,mean,93.17276785714286
28,2021,butte creek,11390000,USGS,butte creek,flow,min,86.7
29,2021,butte creek,11390000,USGS,butte creek,flow,max,93.3
29,2021,butte creek,11390000,USGS,butte creek,flow,mean,88.58110119047619
29,2021,butte creek,11390000,USGS,butte creek,flow,min,84.3
30,2021,butte creek,11390000,USGS,butte creek,flow,max,100
30,2021,butte creek,11390000,USGS,butte creek,flow,mean,90.45744047619048
30,2021,butte creek,11390000,USGS,butte creek,flow,min,86.5
31,2021,butte creek,11390000,USGS,butte creek,flow,max,103
31,2021,butte creek,11390000,USGS,butte creek,flow,mean,92.08095238095237
31,2021,butte creek,11390000,USGS,butte creek,flow,min,86.5
32,2021,butte creek,11390000,USGS,butte creek,flow,max,103
32,2021,butte creek,11390000,USGS,butte creek,flow,mean,97.22425595238096
32,2021,butte creek,11390000,USGS,butte creek,flow,min,93.3
33,2021,butte creek,11390000,USGS,butte creek,flow,max,97.9
33,2021,butte creek,11390000,USGS,butte creek,flow,mean,89.81919642857142
33,2021,butte creek,11390000,USGS,butte creek,flow,min,77.9
34,2021,butte creek,11390000,USGS,butte creek,flow,max,97.9
34,2021,butte creek,11390000,USGS,butte creek,flow,mean,85.04747023809524
34,2021,butte creek,11390000,USGS,butte creek,flow,min,82.2
35,2021,butte creek,11390000,USGS,butte creek,flow,max,84.3
35,2021,butte creek,11390000,USGS,butte creek,flow,mean,80.87291666666667
35,2021,butte creek,11390000,USGS,butte creek,flow,min,77.8
36,2021,butte creek,11390000,USGS,butte creek,flow,max,82.1
36,2021,butte creek,11390000,USGS,butte creek,flow,mean,72.64508928571429
36,2021,butte creek,11390000,USGS,butte creek,flow,min,66.9
37,2021,butte creek,11390000,USGS,butte creek,flow,max,72.8
37,2021,butte creek,11390000,USGS,butte creek,flow,mean,69.75654761904762
37,2021,butte creek,11390000,USGS,butte creek,flow,min,66.1
38,2021,butte creek,11390000,USGS,butte creek,flow,max,118
38,2021,butte creek,11390000,USGS,butte creek,flow,mean,76.17872023809524
38,2021,butte creek,11390000,USGS,butte creek,flow,min,65.8
39,2021,butte creek,11390000,USGS,butte creek,flow,max,88.7
39,2021,butte creek,11390000,USGS,butte creek,flow,mean,67.47619047619047
39,2021,butte creek,11390000,USGS,butte creek,flow,min,61.3
40,2021,butte creek,11390000,USGS,butte creek,flow,max,75.8
40,2021,butte creek,11390000,USGS,butte creek,flow,mean,67.53779761904762
40,2021,butte creek,11390000,USGS,butte creek,flow,min,64
41,2021,butte creek,11390000,USGS,butte creek,flow,max,78.4
41,2021,butte creek,11390000,USGS,butte creek,flow,mean,71.73616071428572
41,2021,butte creek,11390000,USGS,butte creek,flow,min,64
42,2021,butte creek,11390000,USGS,butte creek,flow,max,157
42,2021,butte creek,11390000,USGS,butte creek,flow,mean,92.30416666666666
42,2021,butte creek,11390000,USGS,butte creek,flow,min,65.9
43,2021,butte creek,11390000,USGS,butte creek,flow,max,5240
43,2021,butte creek,11390000,USGS,butte creek,flow,mean,726.6889880952382
43,2021,butte creek,11390000,USGS,butte creek,flow,min,108
44,2021,butte creek,11390000,USGS,butte creek,flow,max,227
44,2021,butte creek,11390000,USGS,butte creek,flow,mean,172.29315476190476
44,2021,butte creek,11390000,USGS,butte creek,flow,min,131
45,2021,butte creek,11390000,USGS,butte creek,flow,max,746
45,2021,butte creek,11390000,USGS,butte creek,flow,mean,262.41964285714283
45,2021,butte creek,11390000,USGS,butte creek,flow,min,142
46,2021,butte creek,11390000,USGS,butte creek,flow,max,278
46,2021,butte creek,11390000,USGS,butte creek,flow,mean,195.83779761904762
46,2021,butte creek,11390000,USGS,butte creek,flow,min,154
47,2021,butte creek,11390000,USGS,butte creek,flow,max,178
47,2021,butte creek,11390000,USGS,butte creek,flow,mean,149.07886904761907
47,2021,butte creek,11390000,USGS,butte creek,flow,min,128
48,2021,butte creek,11390000,USGS,butte creek,flow,max,145
48,2021,butte creek,11390000,USGS,butte creek,flow,mean,127.21726190476191
48,2021,butte creek,11390000,USGS,butte creek,flow,min,103
49,2021,butte creek,11390000,USGS,butte creek,flow,max,134
49,2021,butte creek,11390000,USGS,butte creek,flow,mean,119.97470238095238
49,2021,butte creek,11390000,USGS,butte creek,flow,min,110
50,2021,butte creek,11390000,USGS,butte creek,flow,max,3430
50,2021,butte creek,11390000,USGS,butte creek,flow,mean,786.1849702380952
50,2021,butte creek,11390000,USGS,butte creek,flow,min,84.3
51,2021,butte creek,11390000,USGS,butte creek,flow,max,1760
51,2021,butte creek,11390000,USGS,butte creek,flow,mean,495.13690476190476
51,2021,butte creek,11390000,USGS,butte creek,flow,min,244
52,2021,butte creek,11390000,USGS,butte creek,flow,max,1660
52,2021,butte creek,11390000,USGS,butte creek,flow,mean,846.2261904761906
52,2021,butte creek,11390000,USGS,butte creek,flow,min,448
53,2021,butte creek,11390000,USGS,butte creek,flow,max,468
53,2021,butte creek,11390000,USGS,butte creek,flow,mean,441.7083333333333
53,2021,butte creek,11390000,USGS,butte creek,flow,min,415
1,2022,butte creek,11390000,USGS,butte creek,flow,max,1260
1,2022,butte creek,11390000,USGS,butte creek,flow,mean,592.3511904761905
1,2022,butte creek,11390000,USGS,butte creek,flow,min,305
2,2022,butte creek,11390000,USGS,butte creek,flow,max,734
2,2022,butte creek,11390000,USGS,butte creek,flow,mean,497.21875
2,2022,butte creek,11390000,USGS,butte creek,flow,min,387
3,2022,butte creek,11390000,USGS,butte creek,flow,max,396
3,2022,butte creek,11390000,USGS,butte creek,flow,mean,348.4985119047619
3,2022,butte creek,11390000,USGS,butte creek,flow,min,305
4,2022,butte creek,11390000,USGS,butte creek,flow,max,330
4,2022,butte creek,11390000,USGS,butte creek,flow,mean,297.87351190476187
4,2022,butte creek,11390000,USGS,butte creek,flow,min,266
5,2022,butte creek,11390000,USGS,butte creek,flow,max,286
5,2022,butte creek,11390000,USGS,butte creek,flow,mean,265.72916666666663
5,2022,butte creek,11390000,USGS,butte creek,flow,min,252
6,2022,butte creek,11390000,USGS,butte creek,flow,max,326
6,2022,butte creek,11390000,USGS,butte creek,flow,mean,270.4092261904762
6,2022,butte creek,11390000,USGS,butte creek,flow,min,248
7,2022,butte creek,11390000,USGS,butte creek,flow,max,334
7,2022,butte creek,11390000,USGS,butte creek,flow,mean,306.85565476190476
7,2022,butte creek,11390000,USGS,butte creek,flow,min,270
8,2022,butte creek,11390000,USGS,butte creek,flow,max,297
8,2022,butte creek,11390000,USGS,butte creek,flow,mean,274.89732142857144
8,2022,butte creek,11390000,USGS,butte creek,flow,min,244
9,2022,butte creek,11390000,USGS,butte creek,flow,max,282
9,2022,butte creek,11390000,USGS,butte creek,flow,mean,245.33493107769422
9,2022,butte creek,11390000,USGS,butte creek,flow,min,197
10,2022,butte creek,11390000,USGS,butte creek,flow,max,266
10,2022,butte creek,11390000,USGS,butte creek,flow,mean,232.94196428571428
10,2022,butte creek,11390000,USGS,butte creek,flow,min,213
11,2022,butte creek,11390000,USGS,butte creek,flow,max,347
11,2022,butte creek,11390000,USGS,butte creek,flow,mean,259.13839285714283
11,2022,butte creek,11390000,USGS,butte creek,flow,min,210
12,2022,butte creek,11390000,USGS,butte creek,flow,max,410
12,2022,butte creek,11390000,USGS,butte creek,flow,mean,311.1294642857143
12,2022,butte creek,11390000,USGS,butte creek,flow,min,252
13,2022,butte creek,11390000,USGS,butte creek,flow,max,391
13,2022,butte creek,11390000,USGS,butte creek,flow,mean,321.2574404761905
13,2022,butte creek,11390000,USGS,butte creek,flow,min,282
14,2022,butte creek,11390000,USGS,butte creek,flow,max,297
14,2022,butte creek,11390000,USGS,butte creek,flow,mean,262.34375
14,2022,butte creek,11390000,USGS,butte creek,flow,min,233
15,2022,butte creek,11390000,USGS,butte creek,flow,max,360
15,2022,butte creek,11390000,USGS,butte creek,flow,mean,247.85863095238093
15,2022,butte creek,11390000,USGS,butte creek,flow,min,196
16,2022,butte creek,11390000,USGS,butte creek,flow,max,715
16,2022,butte creek,11390000,USGS,butte creek,flow,mean,475.0238095238095
16,2022,butte creek,11390000,USGS,butte creek,flow,min,266
17,2022,butte creek,11390000,USGS,butte creek,flow,max,530
17,2022,butte creek,11390000,USGS,butte creek,flow,mean,405.1324404761904
17,2022,butte creek,11390000,USGS,butte creek,flow,min,334
18,2022,butte creek,11390000,USGS,butte creek,flow,max,338
18,2022,butte creek,11390000,USGS,butte creek,flow,mean,253.6755952380952
18,2022,butte creek,11390000,USGS,butte creek,flow,min,193
19,2022,butte creek,11390000,USGS,butte creek,flow,max,213
19,2022,butte creek,11390000,USGS,butte creek,flow,mean,191.2797619047619
19,2022,butte creek,11390000,USGS,butte creek,flow,min,177
20,2022,butte creek,11390000,USGS,butte creek,flow,max,222
20,2022,butte creek,11390000,USGS,butte creek,flow,mean,172.41071428571428
20,2022,butte creek,11390000,USGS,butte creek,flow,min,148
21,2022,butte creek,11390000,USGS,butte creek,flow,max,243
21,2022,butte creek,11390000,USGS,butte creek,flow,mean,224.98363095238093
21,2022,butte creek,11390000,USGS,butte creek,flow,min,202
22,2022,butte creek,11390000,USGS,butte creek,flow,max,249
22,2022,butte creek,11390000,USGS,butte creek,flow,mean,216.46875
22,2022,butte creek,11390000,USGS,butte creek,flow,min,190
23,2022,butte creek,11390000,USGS,butte creek,flow,max,274
23,2022,butte creek,11390000,USGS,butte creek,flow,mean,212.60863095238096
23,2022,butte creek,11390000,USGS,butte creek,flow,min,182
24,2022,butte creek,11390000,USGS,butte creek,flow,max,316
24,2022,butte creek,11390000,USGS,butte creek,flow,mean,192.80357142857142
24,2022,butte creek,11390000,USGS,butte creek,flow,min,162
25,2022,butte creek,11390000,USGS,butte creek,flow,max,216
25,2022,butte creek,11390000,USGS,butte creek,flow,mean,177.98511904761907
25,2022,butte creek,11390000,USGS,butte creek,flow,min,146
26,2022,butte creek,11390000,USGS,butte creek,flow,max,163
26,2022,butte creek,11390000,USGS,butte creek,flow,mean,137.79910714285717
26,2022,butte creek,11390000,USGS,butte creek,flow,min,120
27,2022,butte creek,11390000,USGS,butte creek,flow,max,136
27,2022,butte creek,11390000,USGS,butte creek,flow,mean,123.90327380952382
27,2022,butte creek,11390000,USGS,butte creek,flow,min,114
28,2022,butte creek,11390000,USGS,butte creek,flow,max,127
28,2022,butte creek,11390000,USGS,butte creek,flow,mean,115.12053571428571
28,2022,butte creek,11390000,USGS,butte creek,flow,min,104
29,2022,butte creek,11390000,USGS,butte creek,flow,max,132
29,2022,butte creek,11390000,USGS,butte creek,flow,mean,120.13839285714286
29,2022,butte creek,11390000,USGS,butte creek,flow,min,104
30,2022,butte creek,11390000,USGS,butte creek,flow,max,141
30,2022,butte creek,11390000,USGS,butte creek,flow,mean,124.70833333333333
30,2022,butte creek,11390000,USGS,butte creek,flow,min,114
31,2022,butte creek,11390000,USGS,butte creek,flow,max,130
31,2022,butte creek,11390000,USGS,butte creek,flow,mean,118.02529761904762
31,2022,butte creek,11390000,USGS,butte creek,flow,min,109
32,2022,butte creek,11390000,USGS,butte creek,flow,max,127
32,2022,butte creek,11390000,USGS,butte creek,flow,mean,116.35714285714286
32,2022,butte creek,11390000,USGS,butte creek,flow,min,107
33,2022,butte creek,11390000,USGS,butte creek,flow,max,119
33,2022,butte creek,11390000,USGS,butte creek,flow,mean,107.45014880952381
33,2022,butte creek,11390000,USGS,butte creek,flow,min,99.7
34,2022,butte creek,11390000,USGS,butte creek,flow,max,112
34,2022,butte creek,11390000,USGS,butte creek,flow,mean,97.10669642857142
34,2022,butte creek,11390000,USGS,butte creek,flow,min,88.4
35,2022,butte creek,11390000,USGS,butte creek,flow,max,99.7
35,2022,butte creek,11390000,USGS,butte creek,flow,mean,90.58690476190476
35,2022,butte creek,11390000,USGS,butte creek,flow,min,84
36,2022,butte creek,11390000,USGS,butte creek,flow,max,109
36,2022,butte creek,11390000,USGS,butte creek,flow,mean,85.55699404761904
36,2022,butte creek,11390000,USGS,butte creek,flow,min,75.7
37,2022,butte creek,11390000,USGS,butte creek,flow,max,86.2
37,2022,butte creek,11390000,USGS,butte creek,flow,mean,78.51904761904761
37,2022,butte creek,11390000,USGS,butte creek,flow,min,73.7
38,2022,butte creek,11390000,USGS,butte creek,flow,max,176
38,2022,butte creek,11390000,USGS,butte creek,flow,mean,94.59583333333333
38,2022,butte creek,11390000,USGS,butte creek,flow,min,71.7
39,2022,butte creek,11390000,USGS,butte creek,flow,max,75.7
39,2022,butte creek,11390000,USGS,butte creek,flow,mean,72.03065476190476
39,2022,butte creek,11390000,USGS,butte creek,flow,min,67.8
40,2022,butte creek,11390000,USGS,butte creek,flow,max,71.7
40,2022,butte creek,11390000,USGS,butte creek,flow,mean,68.76622023809524
40,2022,butte creek,11390000,USGS,butte creek,flow,min,67.8
41,2022,butte creek,11390000,USGS,butte creek,flow,max,69.7
41,2022,butte creek,11390000,USGS,butte creek,flow,mean,66.84717261904761
41,2022,butte creek,11390000,USGS,butte creek,flow,min,65.9
42,2022,butte creek,11390000,USGS,butte creek,flow,max,69.7
42,2022,butte creek,11390000,USGS,butte creek,flow,mean,67.4748511904762
42,2022,butte creek,11390000,USGS,butte creek,flow,min,65.9
43,2022,butte creek,11390000,USGS,butte creek,flow,max,71.7
43,2022,butte creek,11390000,USGS,butte creek,flow,mean,69.134375
43,2022,butte creek,11390000,USGS,butte creek,flow,min,65.9
44,2022,butte creek,11390000,USGS,butte creek,flow,max,138
44,2022,butte creek,11390000,USGS,butte creek,flow,mean,83.23675595238095
44,2022,butte creek,11390000,USGS,butte creek,flow,min,67.8
45,2022,butte creek,11390000,USGS,butte creek,flow,max,212
45,2022,butte creek,11390000,USGS,butte creek,flow,mean,125.98095238095239
45,2022,butte creek,11390000,USGS,butte creek,flow,min,73.7
46,2022,butte creek,11390000,USGS,butte creek,flow,max,104
46,2022,butte creek,11390000,USGS,butte creek,flow,mean,91.98913690476192
46,2022,butte creek,11390000,USGS,butte creek,flow,min,84
47,2022,butte creek,11390000,USGS,butte creek,flow,max,95.1
47,2022,butte creek,11390000,USGS,butte creek,flow,mean,88.02291666666667
47,2022,butte creek,11390000,USGS,butte creek,flow,min,79.8
48,2022,butte creek,11390000,USGS,butte creek,flow,max,259
48,2022,butte creek,11390000,USGS,butte creek,flow,mean,105.37306547619049
48,2022,butte creek,11390000,USGS,butte creek,flow,min,81.9
49,2022,butte creek,11390000,USGS,butte creek,flow,max,506
49,2022,butte creek,11390000,USGS,butte creek,flow,mean,231.66473214285716
49,2022,butte creek,11390000,USGS,butte creek,flow,min,99.7
50,2022,butte creek,11390000,USGS,butte creek,flow,max,1310
50,2022,butte creek,11390000,USGS,butte creek,flow,mean,341.58779761904765
50,2022,butte creek,11390000,USGS,butte creek,flow,min,158
51,2022,butte creek,11390000,USGS,butte creek,flow,max,164
51,2022,butte creek,11390000,USGS,butte creek,flow,mean,137.03124999999997
51,2022,butte creek,11390000,USGS,butte creek,flow,min,124
52,2022,butte creek,11390000,USGS,butte creek,flow,max,2230
52,2022,butte creek,11390000,USGS,butte creek,flow,mean,506.81398809523813
52,2022,butte creek,11390000,USGS,butte creek,flow,min,127
53,2022,butte creek,11390000,USGS,butte creek,flow,max,3660
53,2022,butte creek,11390000,USGS,butte creek,flow,mean,2597.2916666666665
53,2022,butte creek,11390000,USGS,butte creek,flow,min,1620
1,2023,butte creek,11390000,USGS,butte creek,flow,max,3270
1,2023,butte creek,11390000,USGS,butte creek,flow,mean,1135.5267857142858
1,2023,butte creek,11390000,USGS,butte creek,flow,min,499
2,2023,butte creek,11390000,USGS,butte creek,flow,max,4610
2,2023,butte creek,11390000,USGS,butte creek,flow,mean,2270.1607142857147
2,2023,butte creek,11390000,USGS,butte creek,flow,min,917
3,2023,butte creek,11390000,USGS,butte creek,flow,max,3750
3,2023,butte creek,11390000,USGS,butte creek,flow,mean,1488.1622023809523
3,2023,butte creek,11390000,USGS,butte creek,flow,min,742
4,2023,butte creek,11390000,USGS,butte creek,flow,max,754
4,2023,butte creek,11390000,USGS,butte creek,flow,mean,573.0252976190476
4,2023,butte creek,11390000,USGS,butte creek,flow,min,458
5,2023,butte creek,11390000,USGS,butte creek,flow,max,568
5,2023,butte creek,11390000,USGS,butte creek,flow,mean,412.45833333333337
5,2023,butte creek,11390000,USGS,butte creek,flow,min,355
6,2023,butte creek,11390000,USGS,butte creek,flow,max,579
6,2023,butte creek,11390000,USGS,butte creek,flow,mean,420.4032738095238
6,2023,butte creek,11390000,USGS,butte creek,flow,min,355
7,2023,butte creek,11390000,USGS,butte creek,flow,max,373
7,2023,butte creek,11390000,USGS,butte creek,flow,mean,329.3050595238095
7,2023,butte creek,11390000,USGS,butte creek,flow,min,287
8,2023,butte creek,11390000,USGS,butte creek,flow,max,391
8,2023,butte creek,11390000,USGS,butte creek,flow,mean,300.8735119047619
8,2023,butte creek,11390000,USGS,butte creek,flow,min,223
9,2023,butte creek,11390000,USGS,butte creek,flow,max,718
9,2023,butte creek,11390000,USGS,butte creek,flow,mean,455.1011904761904
9,2023,butte creek,11390000,USGS,butte creek,flow,min,283
10,2023,butte creek,11390000,USGS,butte creek,flow,max,2180
10,2023,butte creek,11390000,USGS,butte creek,flow,mean,707.1473214285714
10,2023,butte creek,11390000,USGS,butte creek,flow,min,382
11,2023,butte creek,11390000,USGS,butte creek,flow,max,9160
11,2023,butte creek,11390000,USGS,butte creek,flow,mean,2782.3660714285716
11,2023,butte creek,11390000,USGS,butte creek,flow,min,1060
12,2023,butte creek,11390000,USGS,butte creek,flow,max,2000
12,2023,butte creek,11390000,USGS,butte creek,flow,mean,1466.3541666666667
12,2023,butte creek,11390000,USGS,butte creek,flow,min,1020
13,2023,butte creek,11390000,USGS,butte creek,flow,max,1570
13,2023,butte creek,11390000,USGS,butte creek,flow,mean,1088.4092261904761
13,2023,butte creek,11390000,USGS,butte creek,flow,min,863
14,2023,butte creek,11390000,USGS,butte creek,flow,max,1010
14,2023,butte creek,11390000,USGS,butte creek,flow,mean,828.5625
14,2023,butte creek,11390000,USGS,butte creek,flow,min,682
15,2023,butte creek,11390000,USGS,butte creek,flow,max,1250
15,2023,butte creek,11390000,USGS,butte creek,flow,mean,1025.7113095238096
15,2023,butte creek,11390000,USGS,butte creek,flow,min,870
16,2023,butte creek,11390000,USGS,butte creek,flow,max,1000
16,2023,butte creek,11390000,USGS,butte creek,flow,mean,869.9821428571429
16,2023,butte creek,11390000,USGS,butte creek,flow,min,736
17,2023,butte creek,11390000,USGS,butte creek,flow,max,1450
17,2023,butte creek,11390000,USGS,butte creek,flow,mean,1079.217261904762
17,2023,butte creek,11390000,USGS,butte creek,flow,min,844
18,2023,butte creek,11390000,USGS,butte creek,flow,max,1500
18,2023,butte creek,11390000,USGS,butte creek,flow,mean,1024.6056547619048
18,2023,butte creek,11390000,USGS,butte creek,flow,min,799
19,2023,butte creek,11390000,USGS,butte creek,flow,max,1060
19,2023,butte creek,11390000,USGS,butte creek,flow,mean,809.5193452380953
19,2023,butte creek,11390000,USGS,butte creek,flow,min,646
20,2023,butte creek,11390000,USGS,butte creek,flow,max,1280
20,2023,butte creek,11390000,USGS,butte creek,flow,mean,1012.0922619047618
20,2023,butte creek,11390000,USGS,butte creek,flow,min,786
21,2023,butte creek,11390000,USGS,butte creek,flow,max,1110
21,2023,butte creek,11390000,USGS,butte creek,flow,mean,822.6800595238095
21,2023,butte creek,11390000,USGS,butte creek,flow,min,652
22,2023,butte creek,11390000,USGS,butte creek,flow,max,758
22,2023,butte creek,11390000,USGS,butte creek,flow,mean,576.2619047619048
22,2023,butte creek,11390000,USGS,butte creek,flow,min,440
23,2023,butte creek,11390000,USGS,butte creek,flow,max,495
23,2023,butte creek,11390000,USGS,butte creek,flow,mean,406.45833333333337
23,2023,butte creek,11390000,USGS,butte creek,flow,min,339
24,2023,butte creek,11390000,USGS,butte creek,flow,max,383
24,2023,butte creek,11390000,USGS,butte creek,flow,mean,315.7202380952381
24,2023,butte creek,11390000,USGS,butte creek,flow,min,261
25,2023,butte creek,11390000,USGS,butte creek,flow,max,292
25,2023,butte creek,11390000,USGS,butte creek,flow,mean,258.0431547619047
25,2023,butte creek,11390000,USGS,butte creek,flow,min,232
26,2023,butte creek,11390000,USGS,butte creek,flow,max,278
26,2023,butte creek,11390000,USGS,butte creek,flow,mean,255.12351190476193
26,2023,butte creek,11390000,USGS,butte creek,flow,min,221
27,2023,butte creek,11390000,USGS,butte creek,flow,max,256
27,2023,butte creek,11390000,USGS,butte creek,flow,mean,225.08035714285714
27,2023,butte creek,11390000,USGS,butte creek,flow,min,193
28,2023,butte creek,11390000,USGS,butte creek,flow,max,234
28,2023,butte creek,11390000,USGS,butte creek,flow,mean,203.3154761904762
28,2023,butte creek,11390000,USGS,butte creek,flow,min,175
29,2023,butte creek,11390000,USGS,butte creek,flow,max,209
29,2023,butte creek,11390000,USGS,butte creek,flow,mean,189.55654761904762
29,2023,butte creek,11390000,USGS,butte creek,flow,min,166
30,2023,butte creek,11390000,USGS,butte creek,flow,max,198
30,2023,butte creek,11390000,USGS,butte creek,flow,mean,180.80952380952382
30,2023,butte creek,11390000,USGS,butte creek,flow,min,163
31,2023,butte creek,11390000,USGS,butte creek,flow,max,185
31,2023,butte creek,11390000,USGS,butte creek,flow,mean,168.1324404761905
31,2023,butte creek,11390000,USGS,butte creek,flow,min,150
32,2023,butte creek,11390000,USGS,butte creek,flow,max,186
32,2023,butte creek,11390000,USGS,butte creek,flow,mean,164.57589285714286
32,2023,butte creek,11390000,USGS,butte creek,flow,min,141
33,2023,butte creek,11390000,USGS,butte creek,flow,max,199
33,2023,butte creek,11390000,USGS,butte creek,flow,mean,166.97470238095235
33,2023,butte creek,11390000,USGS,butte creek,flow,min,141
34,2023,butte creek,11390000,USGS,butte creek,flow,max,193
34,2023,butte creek,11390000,USGS,butte creek,flow,mean,161.45238095238093
34,2023,butte creek,11390000,USGS,butte creek,flow,min,146
35,2023,butte creek,11390000,USGS,butte creek,flow,max,158
35,2023,butte creek,11390000,USGS,butte creek,flow,mean,145.89285714285714
35,2023,butte creek,11390000,USGS,butte creek,flow,min,129
36,2023,butte creek,11390000,USGS,butte creek,flow,max,206
36,2023,butte creek,11390000,USGS,butte creek,flow,mean,145.96875000000003
36,2023,butte creek,11390000,USGS,butte creek,flow,min,119
37,2023,butte creek,11390000,USGS,butte creek,flow,max,121
37,2023,butte creek,11390000,USGS,butte creek,flow,mean,115.04761904761904
37,2023,butte creek,11390000,USGS,butte creek,flow,min,106
38,2023,butte creek,11390000,USGS,butte creek,flow,max,108
38,2023,butte creek,11390000,USGS,butte creek,flow,mean,104.55505952380952
38,2023,butte creek,11390000,USGS,butte creek,flow,min,101
39,2023,butte creek,11390000,USGS,butte creek,flow,max,227
39,2023,butte creek,11390000,USGS,butte creek,flow,mean,117.01190476190477
39,2023,butte creek,11390000,USGS,butte creek,flow,min,101
40,2023,butte creek,11390000,USGS,butte creek,flow,max,210
40,2023,butte creek,11390000,USGS,butte creek,flow,mean,116.86622023809524
40,2023,butte creek,11390000,USGS,butte creek,flow,min,93.4
41,2023,butte creek,11390000,USGS,butte creek,flow,max,128
41,2023,butte creek,11390000,USGS,butte creek,flow,mean,105.23258928571428
41,2023,butte creek,11390000,USGS,butte creek,flow,min,96
42,2023,butte creek,11390000,USGS,butte creek,flow,max,115
42,2023,butte creek,11390000,USGS,butte creek,flow,mean,100.77127976190476
42,2023,butte creek,11390000,USGS,butte creek,flow,min,89.8
43,2023,butte creek,11390000,USGS,butte creek,flow,max,133
43,2023,butte creek,11390000,USGS,butte creek,flow,mean,107.08869047619048
43,2023,butte creek,11390000,USGS,butte creek,flow,min,98.2
44,2023,butte creek,11390000,USGS,butte creek,flow,max,117
44,2023,butte creek,11390000,USGS,butte creek,flow,mean,104.28794642857143
44,2023,butte creek,11390000,USGS,butte creek,flow,min,94.1
45,2023,butte creek,11390000,USGS,butte creek,flow,max,284
45,2023,butte creek,11390000,USGS,butte creek,flow,mean,134.3578869047619
45,2023,butte creek,11390000,USGS,butte creek,flow,min,99.3
46,2023,butte creek,11390000,USGS,butte creek,flow,max,244
46,2023,butte creek,11390000,USGS,butte creek,flow,mean,120.72619047619048
46,2023,butte creek,11390000,USGS,butte creek,flow,min,108
47,2023,butte creek,11390000,USGS,butte creek,flow,max,445
47,2023,butte creek,11390000,USGS,butte creek,flow,mean,176.69196428571428
47,2023,butte creek,11390000,USGS,butte creek,flow,min,124
48,2023,butte creek,11390000,USGS,butte creek,flow,max,132
48,2023,butte creek,11390000,USGS,butte creek,flow,mean,126.11011904761905
48,2023,butte creek,11390000,USGS,butte creek,flow,min,119
49,2023,butte creek,11390000,USGS,butte creek,flow,max,183
49,2023,butte creek,11390000,USGS,butte creek,flow,mean,146.78125
49,2023,butte creek,11390000,USGS,butte creek,flow,min,127
50,2023,butte creek,11390000,USGS,butte creek,flow,max,149
50,2023,butte creek,11390000,USGS,butte creek,flow,mean,130.74851190476193
50,2023,butte creek,11390000,USGS,butte creek,flow,min,113
51,2023,butte creek,11390000,USGS,butte creek,flow,max,1190
51,2023,butte creek,11390000,USGS,butte creek,flow,mean,363.2857142857142
51,2023,butte creek,11390000,USGS,butte creek,flow,min,124
52,2023,butte creek,11390000,USGS,butte creek,flow,max,317
52,2023,butte creek,11390000,USGS,butte creek,flow,mean,210.89583333333331
52,2023,butte creek,11390000,USGS,butte creek,flow,min,176
53,2023,butte creek,11390000,USGS,butte creek,flow,max,293
53,2023,butte creek,11390000,USGS,butte creek,flow,mean,293
53,2023,butte creek,11390000,USGS,butte creek,flow,min,293
1,2024,butte creek,11390000,USGS,butte creek,flow,max,381
1,2024,butte creek,11390000,USGS,butte creek,flow,mean,243.17113095238093
1,2024,butte creek,11390000,USGS,butte creek,flow,min,192
2,2024,butte creek,11390000,USGS,butte creek,flow,max,858
2,2024,butte creek,11390000,USGS,butte creek,flow,mean,268.4047619047619
2,2024,butte creek,11390000,USGS,butte creek,flow,min,186
3,2024,butte creek,11390000,USGS,butte creek,flow,max,1740
3,2024,butte creek,11390000,USGS,butte creek,flow,mean,583.1830357142857
3,2024,butte creek,11390000,USGS,butte creek,flow,min,293
4,2024,butte creek,11390000,USGS,butte creek,flow,max,3020
4,2024,butte creek,11390000,USGS,butte creek,flow,mean,1158.7440476190475
4,2024,butte creek,11390000,USGS,butte creek,flow,min,561
5,2024,butte creek,11390000,USGS,butte creek,flow,max,1690
5,2024,butte creek,11390000,USGS,butte creek,flow,mean,750.0520833333334
5,2024,butte creek,11390000,USGS,butte creek,flow,min,445
6,2024,butte creek,11390000,USGS,butte creek,flow,max,1910
6,2024,butte creek,11390000,USGS,butte creek,flow,mean,946.1160714285714
6,2024,butte creek,11390000,USGS,butte creek,flow,min,587
7,2024,butte creek,11390000,USGS,butte creek,flow,max,1350
7,2024,butte creek,11390000,USGS,butte creek,flow,mean,720.953869047619
7,2024,butte creek,11390000,USGS,butte creek,flow,min,464
8,2024,butte creek,11390000,USGS,butte creek,flow,max,3940
8,2024,butte creek,11390000,USGS,butte creek,flow,mean,1871.565476190476
8,2024,butte creek,11390000,USGS,butte creek,flow,min,852
9,2024,butte creek,11390000,USGS,butte creek,flow,max,1260
9,2024,butte creek,11390000,USGS,butte creek,flow,mean,854.8035714285714
9,2024,butte creek,11390000,USGS,butte creek,flow,min,637
10,2024,butte creek,11390000,USGS,butte creek,flow,max,1400
10,2024,butte creek,11390000,USGS,butte creek,flow,mean,989.4955357142857
10,2024,butte creek,11390000,USGS,butte creek,flow,min,747
11,2024,butte creek,11390000,USGS,butte creek,flow,max,930
11,2024,butte creek,11390000,USGS,butte creek,flow,mean,787.4449404761905
11,2024,butte creek,11390000,USGS,butte creek,flow,min,648
12,2024,butte creek,11390000,USGS,butte creek,flow,max,1200
12,2024,butte creek,11390000,USGS,butte creek,flow,mean,747.7544642857143
12,2024,butte creek,11390000,USGS,butte creek,flow,min,609
13,2024,butte creek,11390000,USGS,butte creek,flow,max,1660
13,2024,butte creek,11390000,USGS,butte creek,flow,mean,1020.1294642857143
13,2024,butte creek,11390000,USGS,butte creek,flow,min,614
14,2024,butte creek,11390000,USGS,butte creek,flow,max,1010
14,2024,butte creek,11390000,USGS,butte creek,flow,mean,764.4925595238095
14,2024,butte creek,11390000,USGS,butte creek,flow,min,600
15,2024,butte creek,11390000,USGS,butte creek,flow,max,704
15,2024,butte creek,11390000,USGS,butte creek,flow,mean,592.4806547619047
15,2024,butte creek,11390000,USGS,butte creek,flow,min,357
16,2024,butte creek,11390000,USGS,butte creek,flow,max,847
16,2024,butte creek,11390000,USGS,butte creek,flow,mean,667.3154761904763
16,2024,butte creek,11390000,USGS,butte creek,flow,min,499
17,2024,butte creek,11390000,USGS,butte creek,flow,max,913
17,2024,butte creek,11390000,USGS,butte creek,flow,mean,726.9270833333334
17,2024,butte creek,11390000,USGS,butte creek,flow,min,459
18,2024,butte creek,11390000,USGS,butte creek,flow,max,1300
18,2024,butte creek,11390000,USGS,butte creek,flow,mean,671.2217261904763
18,2024,butte creek,11390000,USGS,butte creek,flow,min,484
19,2024,butte creek,11390000,USGS,butte creek,flow,max,945
19,2024,butte creek,11390000,USGS,butte creek,flow,mean,686.766369047619
19,2024,butte creek,11390000,USGS,butte creek,flow,min,547
20,2024,butte creek,11390000,USGS,butte creek,flow,max,728
20,2024,butte creek,11390000,USGS,butte creek,flow,mean,583.96875
20,2024,butte creek,11390000,USGS,butte creek,flow,min,341
21,2024,butte creek,11390000,USGS,butte creek,flow,max,559
21,2024,butte creek,11390000,USGS,butte creek,flow,mean,413.3616071428572
21,2024,butte creek,11390000,USGS,butte creek,flow,min,248
22,2024,butte creek,11390000,USGS,butte creek,flow,max,377
22,2024,butte creek,11390000,USGS,butte creek,flow,mean,329.47767857142856
22,2024,butte creek,11390000,USGS,butte creek,flow,min,288
23,2024,butte creek,11390000,USGS,butte creek,flow,max,353
23,2024,butte creek,11390000,USGS,butte creek,flow,mean,281.0595238095238
23,2024,butte creek,11390000,USGS,butte creek,flow,min,201
24,2024,butte creek,11390000,USGS,butte creek,flow,max,292
24,2024,butte creek,11390000,USGS,butte creek,flow,mean,250.2619047619048
24,2024,butte creek,11390000,USGS,butte creek,flow,min,202
25,2024,butte creek,11390000,USGS,butte creek,flow,max,288
25,2024,butte creek,11390000,USGS,butte creek,flow,mean,242.46875
25,2024,butte creek,11390000,USGS,butte creek,flow,min,205
26,2024,butte creek,11390000,USGS,butte creek,flow,max,245
26,2024,butte creek,11390000,USGS,butte creek,flow,mean,227.47916666666666
26,2024,butte creek,11390000,USGS,butte creek,flow,min,203
27,2024,butte creek,11390000,USGS,butte creek,flow,max,233
27,2024,butte creek,11390000,USGS,butte creek,flow,mean,194.91220238095238
27,2024,butte creek,11390000,USGS,butte creek,flow,min,173
28,2024,butte creek,11390000,USGS,butte creek,flow,max,244
28,2024,butte creek,11390000,USGS,butte creek,flow,mean,183.89285714285714
28,2024,butte creek,11390000,USGS,butte creek,flow,min,155
29,2024,butte creek,11390000,USGS,butte creek,flow,max,212
29,2024,butte creek,11390000,USGS,butte creek,flow,mean,176.70089285714286
29,2024,butte creek,11390000,USGS,butte creek,flow,min,130
30,2024,butte creek,11390000,USGS,butte creek,flow,max,189
30,2024,butte creek,11390000,USGS,butte creek,flow,mean,165.88095238095238
30,2024,butte creek,11390000,USGS,butte creek,flow,min,138
31,2024,butte creek,11390000,USGS,butte creek,flow,max,209
31,2024,butte creek,11390000,USGS,butte creek,flow,mean,172.6577380952381
31,2024,butte creek,11390000,USGS,butte creek,flow,min,146
32,2024,butte creek,11390000,USGS,butte creek,flow,max,186
32,2024,butte creek,11390000,USGS,butte creek,flow,mean,167.8422619047619
32,2024,butte creek,11390000,USGS,butte creek,flow,min,158
33,2024,butte creek,11390000,USGS,butte creek,flow,max,173
33,2024,butte creek,11390000,USGS,butte creek,flow,mean,161.40178571428572
33,2024,butte creek,11390000,USGS,butte creek,flow,min,149
34,2024,butte creek,11390000,USGS,butte creek,flow,max,206
34,2024,butte creek,11390000,USGS,butte creek,flow,mean,161.7797619047619
34,2024,butte creek,11390000,USGS,butte creek,flow,min,143
35,2024,butte creek,11390000,USGS,butte creek,flow,max,170
35,2024,butte creek,11390000,USGS,butte creek,flow,mean,155.59375
35,2024,butte creek,11390000,USGS,butte creek,flow,min,143
41,2024,butte creek,11390000,USGS,butte creek,flow,max,NA
41,2024,butte creek,11390000,USGS,butte creek,flow,mean,NA
41,2024,butte creek,11390000,USGS,butte creek,flow,min,NA
42,2024,butte creek,11390000,USGS,butte creek,flow,max,NA
42,2024,butte creek,11390000,USGS,butte creek,flow,mean,NA
42,2024,butte creek,11390000,USGS,butte creek,flow,min,NA
43,2024,butte creek,11390000,USGS,butte creek,flow,max,NA
43,2024,butte creek,11390000,USGS,butte creek,flow,mean,NA
43,2024,butte creek,11390000,USGS,butte creek,flow,min,NA
44,2024,butte creek,11390000,USGS,butte creek,flow,max,NA
44,2024,butte creek,11390000,USGS,butte creek,flow,mean,NA
44,2024,butte creek,11390000,USGS,butte creek,flow,min,NA
45,2024,butte creek,11390000,USGS,butte creek,flow,max,NA
45,2024,butte creek,11390000,USGS,butte creek,flow,mean,NA
45,2024,butte creek,11390000,USGS,butte creek,flow,min,NA
46,2024,butte creek,11390000,USGS,butte creek,flow,max,NA
46,2024,butte creek,11390000,USGS,butte creek,flow,mean,NA
46,2024,butte creek,11390000,USGS,butte creek,flow,min,NA
47,2024,butte creek,11390000,USGS,butte creek,flow,max,NA
47,2024,butte creek,11390000,USGS,butte creek,flow,mean,NA
47,2024,butte creek,11390000,USGS,butte creek,flow,min,NA
48,2024,butte creek,11390000,USGS,butte creek,flow,max,NA
48,2024,butte creek,11390000,USGS,butte creek,flow,mean,NA
48,2024,butte creek,11390000,USGS,butte creek,flow,min,NA
49,2024,butte creek,11390000,USGS,butte creek,flow,max,NA
49,2024,butte creek,11390000,USGS,butte creek,flow,mean,NA
49,2024,butte creek,11390000,USGS,butte creek,flow,min,NA
50,2024,butte creek,11390000,USGS,butte creek,flow,max,NA
50,2024,butte creek,11390000,USGS,butte creek,flow,mean,NA
50,2024,butte creek,11390000,USGS,butte creek,flow,min,NA
51,2024,butte creek,11390000,USGS,butte creek,flow,max,NA
51,2024,butte creek,11390000,USGS,butte creek,flow,mean,NA
51,2024,butte creek,11390000,USGS,butte creek,flow,min,NA
52,2024,butte creek,11390000,USGS,butte creek,flow,max,NA
52,2024,butte creek,11390000,USGS,butte creek,flow,mean,NA
52,2024,butte creek,11390000,USGS,butte creek,flow,min,NA
53,2024,butte creek,11390000,USGS,butte creek,flow,max,NA
53,2024,butte creek,11390000,USGS,butte creek,flow,mean,NA
53,2024,butte creek,11390000,USGS,butte creek,flow,min,NA
1,2025,butte creek,11390000,USGS,butte creek,flow,max,NA
1,2025,butte creek,11390000,USGS,butte creek,flow,mean,NA
1,2025,butte creek,11390000,USGS,butte creek,flow,min,NA
2,2025,butte creek,11390000,USGS,butte creek,flow,max,NA
2,2025,butte creek,11390000,USGS,butte creek,flow,mean,NA
2,2025,butte creek,11390000,USGS,butte creek,flow,min,NA
3,2025,butte creek,11390000,USGS,butte creek,flow,max,NA
3,2025,butte creek,11390000,USGS,butte creek,flow,mean,NA
3,2025,butte creek,11390000,USGS,butte creek,flow,min,NA
4,2025,butte creek,11390000,USGS,butte creek,flow,max,NA
4,2025,butte creek,11390000,USGS,butte creek,flow,mean,NA
4,2025,butte creek,11390000,USGS,butte creek,flow,min,NA
5,2025,butte creek,11390000,USGS,butte creek,flow,max,NA
5,2025,butte creek,11390000,USGS,butte creek,flow,mean,NA
5,2025,butte creek,11390000,USGS,butte creek,flow,min,NA
6,2025,butte creek,11390000,USGS,butte creek,flow,max,NA
6,2025,butte creek,11390000,USGS,butte creek,flow,mean,NA
6,2025,butte creek,11390000,USGS,butte creek,flow,min,NA
7,2025,butte creek,11390000,USGS,butte creek,flow,max,NA
7,2025,butte creek,11390000,USGS,butte creek,flow,mean,NA
7,2025,butte creek,11390000,USGS,butte creek,flow,min,NA
8,2025,butte creek,11390000,USGS,butte creek,flow,max,NA
8,2025,butte creek,11390000,USGS,butte creek,flow,mean,NA
8,2025,butte creek,11390000,USGS,butte creek,flow,min,NA
9,2025,butte creek,11390000,USGS,butte creek,flow,max,NA
9,2025,butte creek,11390000,USGS,butte creek,flow,mean,NA
9,2025,butte creek,11390000,USGS,butte creek,flow,min,NA
10,2025,butte creek,11390000,USGS,butte creek,flow,max,NA
10,2025,butte creek,11390000,USGS,butte creek,flow,mean,NA
10,2025,butte creek,11390000,USGS,butte creek,flow,min,NA
11,2025,butte creek,11390000,USGS,butte creek,flow,max,NA
11,2025,butte creek,11390000,USGS,butte creek,flow,mean,NA
11,2025,butte creek,11390000,USGS,butte creek,flow,min,NA
12,2025,butte creek,11390000,USGS,butte creek,flow,max,NA
12,2025,butte creek,11390000,USGS,butte creek,flow,mean,NA
12,2025,butte creek,11390000,USGS,butte creek,flow,min,NA
13,2025,butte creek,11390000,USGS,butte creek,flow,max,NA
13,2025,butte creek,11390000,USGS,butte creek,flow,mean,NA
13,2025,butte creek,11390000,USGS,butte creek,flow,min,NA
14,2025,butte creek,11390000,USGS,butte creek,flow,max,NA
14,2025,butte creek,11390000,USGS,butte creek,flow,mean,NA
14,2025,butte creek,11390000,USGS,butte creek,flow,min,NA
15,2025,butte creek,11390000,USGS,butte creek,flow,max,NA
15,2025,butte creek,11390000,USGS,butte creek,flow,mean,NA
15,2025,butte creek,11390000,USGS,butte creek,flow,min,NA
16,2025,butte creek,11390000,USGS,butte creek,flow,max,NA
16,2025,butte creek,11390000,USGS,butte creek,flow,mean,NA
16,2025,butte creek,11390000,USGS,butte creek,flow,min,NA
17,2025,butte creek,11390000,USGS,butte creek,flow,max,NA
17,2025,butte creek,11390000,USGS,butte creek,flow,mean,NA
17,2025,butte creek,11390000,USGS,butte creek,flow,min,NA
18,2025,butte creek,11390000,USGS,butte creek,flow,max,NA
18,2025,butte creek,11390000,USGS,butte creek,flow,mean,NA
18,2025,butte creek,11390000,USGS,butte creek,flow,min,NA
19,2025,butte creek,11390000,USGS,butte creek,flow,max,NA
19,2025,butte creek,11390000,USGS,butte creek,flow,mean,NA
19,2025,butte creek,11390000,USGS,butte creek,flow,min,NA
20,2025,butte creek,11390000,USGS,butte creek,flow,max,NA
20,2025,butte creek,11390000,USGS,butte creek,flow,mean,NA
20,2025,butte creek,11390000,USGS,butte creek,flow,min,NA
21,2025,butte creek,11390000,USGS,butte creek,flow,max,NA
21,2025,butte creek,11390000,USGS,butte creek,flow,mean,NA
21,2025,butte creek,11390000,USGS,butte creek,flow,min,NA
22,2025,butte creek,11390000,USGS,butte creek,flow,max,NA
22,2025,butte creek,11390000,USGS,butte creek,flow,mean,NA
22,2025,butte creek,11390000,USGS,butte creek,flow,min,NA
23,2025,butte creek,11390000,USGS,butte creek,flow,max,NA
23,2025,butte creek,11390000,USGS,butte creek,flow,mean,NA
23,2025,butte creek,11390000,USGS,butte creek,flow,min,NA
24,2025,butte creek,11390000,USGS,butte creek,flow,max,NA
24,2025,butte creek,11390000,USGS,butte creek,flow,mean,NA
24,2025,butte creek,11390000,USGS,butte creek,flow,min,NA
25,2025,butte creek,11390000,USGS,butte creek,flow,max,NA
25,2025,butte creek,11390000,USGS,butte creek,flow,mean,NA
25,2025,butte creek,11390000,USGS,butte creek,flow,min,NA
26,2025,butte creek,11390000,USGS,butte creek,flow,max,NA
26,2025,butte creek,11390000,USGS,butte creek,flow,mean,NA
26,2025,butte creek,11390000,USGS,butte creek,flow,min,NA
27,2025,butte creek,11390000,USGS,butte creek,flow,max,NA
27,2025,butte creek,11390000,USGS,butte creek,flow,mean,NA
27,2025,butte creek,11390000,USGS,butte creek,flow,min,NA
28,2025,butte creek,11390000,USGS,butte creek,flow,max,NA
28,2025,butte creek,11390000,USGS,butte creek,flow,mean,NA
28,2025,butte creek,11390000,USGS,butte creek,flow,min,NA
29,2025,butte creek,11390000,USGS,butte creek,flow,max,NA
29,2025,butte creek,11390000,USGS,butte creek,flow,mean,NA
29,2025,butte creek,11390000,USGS,butte creek,flow,min,NA
30,2025,butte creek,11390000,USGS,butte creek,flow,max,NA
30,2025,butte creek,11390000,USGS,butte creek,flow,mean,NA
30,2025,butte creek,11390000,USGS,butte creek,flow,min,NA
31,2025,butte creek,11390000,USGS,butte creek,flow,max,NA
31,2025,butte creek,11390000,USGS,butte creek,flow,mean,NA
31,2025,butte creek,11390000,USGS,butte creek,flow,min,NA
32,2025,butte creek,11390000,USGS,butte creek,flow,max,NA
32,2025,butte creek,11390000,USGS,butte creek,flow,mean,NA
32,2025,butte creek,11390000,USGS,butte creek,flow,min,NA
33,2025,butte creek,11390000,USGS,butte creek,flow,max,NA
33,2025,butte creek,11390000,USGS,butte creek,flow,mean,NA
33,2025,butte creek,11390000,USGS,butte creek,flow,min,NA
34,2025,butte creek,11390000,USGS,butte creek,flow,max,NA
34,2025,butte creek,11390000,USGS,butte creek,flow,mean,NA
34,2025,butte creek,11390000,USGS,butte creek,flow,min,NA
35,2025,butte creek,11390000,USGS,butte creek,flow,max,NA
35,2025,butte creek,11390000,USGS,butte creek,flow,mean,NA
35,2025,butte creek,11390000,USGS,butte creek,flow,min,NA
36,2025,butte creek,11390000,USGS,butte creek,flow,max,NA
36,2025,butte creek,11390000,USGS,butte creek,flow,mean,NA
36,2025,butte creek,11390000,USGS,butte creek,flow,min,NA
37,2025,butte creek,11390000,USGS,butte creek,flow,max,NA
37,2025,butte creek,11390000,USGS,butte creek,flow,mean,NA
37,2025,butte creek,11390000,USGS,butte creek,flow,min,NA
38,2025,butte creek,11390000,USGS,butte creek,flow,max,NA
38,2025,butte creek,11390000,USGS,butte creek,flow,mean,NA
38,2025,butte creek,11390000,USGS,butte creek,flow,min,NA
39,2025,butte creek,11390000,USGS,butte creek,flow,max,NA
39,2025,butte creek,11390000,USGS,butte creek,flow,mean,NA
39,2025,butte creek,11390000,USGS,butte creek,flow,min,NA
40,2025,butte creek,11390000,USGS,butte creek,flow,max,NA
40,2025,butte creek,11390000,USGS,butte creek,flow,mean,NA
40,2025,butte creek,11390000,USGS,butte creek,flow,min,NA
41,2025,butte creek,11390000,USGS,butte creek,flow,max,NA
41,2025,butte creek,11390000,USGS,butte creek,flow,mean,NA
41,2025,butte creek,11390000,USGS,butte creek,flow,min,NA
42,2025,butte creek,11390000,USGS,butte creek,flow,max,NA
42,2025,butte creek,11390000,USGS,butte creek,flow,mean,NA
42,2025,butte creek,11390000,USGS,butte creek,flow,min,NA
43,2025,butte creek,11390000,USGS,butte creek,flow,max,NA
43,2025,butte creek,11390000,USGS,butte creek,flow,mean,NA
43,2025,butte creek,11390000,USGS,butte creek,flow,min,NA
44,2025,butte creek,11390000,USGS,butte creek,flow,max,NA
44,2025,butte creek,11390000,USGS,butte creek,flow,mean,NA
44,2025,butte creek,11390000,USGS,butte creek,flow,min,NA
45,2025,butte creek,11390000,USGS,butte creek,flow,max,NA
45,2025,butte creek,11390000,USGS,butte creek,flow,mean,NA
45,2025,butte creek,11390000,USGS,butte creek,flow,min,NA
46,2025,butte creek,11390000,USGS,butte creek,flow,max,NA
46,2025,butte creek,11390000,USGS,butte creek,flow,mean,NA
46,2025,butte creek,11390000,USGS,butte creek,flow,min,NA
47,2025,butte creek,11390000,USGS,butte creek,flow,max,NA
47,2025,butte creek,11390000,USGS,butte creek,flow,mean,NA
47,2025,butte creek,11390000,USGS,butte creek,flow,min,NA
48,2025,butte creek,11390000,USGS,butte creek,flow,max,NA
48,2025,butte creek,11390000,USGS,butte creek,flow,mean,NA
48,2025,butte creek,11390000,USGS,butte creek,flow,min,NA
49,2025,butte creek,11390000,USGS,butte creek,flow,max,NA
49,2025,butte creek,11390000,USGS,butte creek,flow,mean,NA
49,2025,butte creek,11390000,USGS,butte creek,flow,min,NA
50,2025,butte creek,11390000,USGS,butte creek,flow,max,NA
50,2025,butte creek,11390000,USGS,butte creek,flow,mean,NA
50,2025,butte creek,11390000,USGS,butte creek,flow,min,NA
51,2025,butte creek,11390000,USGS,butte creek,flow,max,NA
51,2025,butte creek,11390000,USGS,butte creek,flow,mean,NA
51,2025,butte creek,11390000,USGS,butte creek,flow,min,NA
52,2025,butte creek,11390000,USGS,butte creek,flow,max,NA
52,2025,butte creek,11390000,USGS,butte creek,flow,mean,NA
52,2025,butte creek,11390000,USGS,butte creek,flow,min,NA
53,2025,butte creek,11390000,USGS,butte creek,flow,max,NA
53,2025,butte creek,11390000,USGS,butte creek,flow,mean,NA
53,2025,butte creek,11390000,USGS,butte creek,flow,min,NA
1,2026,butte creek,11390000,USGS,butte creek,flow,max,NA
1,2026,butte creek,11390000,USGS,butte creek,flow,mean,NA
1,2026,butte creek,11390000,USGS,butte creek,flow,min,NA
2,2026,butte creek,11390000,USGS,butte creek,flow,max,NA
2,2026,butte creek,11390000,USGS,butte creek,flow,mean,NA
2,2026,butte creek,11390000,USGS,butte creek,flow,min,NA
3,2026,butte creek,11390000,USGS,butte creek,flow,max,NA
3,2026,butte creek,11390000,USGS,butte creek,flow,mean,NA
3,2026,butte creek,11390000,USGS,butte creek,flow,min,NA
4,2026,butte creek,11390000,USGS,butte creek,flow,max,NA
4,2026,butte creek,11390000,USGS,butte creek,flow,mean,NA
4,2026,butte creek,11390000,USGS,butte creek,flow,min,NA
5,2026,butte creek,11390000,USGS,butte creek,flow,max,NA
5,2026,butte creek,11390000,USGS,butte creek,flow,mean,NA
5,2026,butte creek,11390000,USGS,butte creek,flow,min,NA
6,2026,butte creek,11390000,USGS,butte creek,flow,max,NA
6,2026,butte creek,11390000,USGS,butte creek,flow,mean,NA
6,2026,butte creek,11390000,USGS,butte creek,flow,min,NA
7,2026,butte creek,11390000,USGS,butte creek,flow,max,NA
7,2026,butte creek,11390000,USGS,butte creek,flow,mean,NA
7,2026,butte creek,11390000,USGS,butte creek,flow,min,NA
8,2026,butte creek,11390000,USGS,butte creek,flow,max,NA
8,2026,butte creek,11390000,USGS,butte creek,flow,mean,NA
8,2026,butte creek,11390000,USGS,butte creek,flow,min,NA
9,2026,butte creek,11390000,USGS,butte creek,flow,max,NA
9,2026,butte creek,11390000,USGS,butte creek,flow,mean,NA
9,2026,butte creek,11390000,USGS,butte creek,flow,min,NA
10,2026,butte creek,11390000,USGS,butte creek,flow,max,NA
10,2026,butte creek,11390000,USGS,butte creek,flow,mean,NA
10,2026,butte creek,11390000,USGS,butte creek,flow,min,NA
11,2026,butte creek,11390000,USGS,butte creek,flow,max,NA
11,2026,butte creek,11390000,USGS,butte creek,flow,mean,NA
11,2026,butte creek,11390000,USGS,butte creek,flow,min,NA
12,2026,butte creek,11390000,USGS,butte creek,flow,max,NA
12,2026,butte creek,11390000,USGS,butte creek,flow,mean,NA
12,2026,butte creek,11390000,USGS,butte creek,flow,min,NA
13,2026,butte creek,11390000,USGS,butte creek,flow,max,NA
13,2026,butte creek,11390000,USGS,butte creek,flow,mean,NA
13,2026,butte creek,11390000,USGS,butte creek,flow,min,NA
14,2026,butte creek,11390000,USGS,butte creek,flow,max,NA
14,2026,butte creek,11390000,USGS,butte creek,flow,mean,NA
14,2026,butte creek,11390000,USGS,butte creek,flow,min,NA
15,2026,butte creek,11390000,USGS,butte creek,flow,max,NA
15,2026,butte creek,11390000,USGS,butte creek,flow,mean,NA
15,2026,butte creek,11390000,USGS,butte creek,flow,min,NA
16,2026,butte creek,11390000,USGS,butte creek,flow,max,NA
16,2026,butte creek,11390000,USGS,butte creek,flow,mean,NA
16,2026,butte creek,11390000,USGS,butte creek,flow,min,NA
17,2026,butte creek,11390000,USGS,butte creek,flow,max,NA
17,2026,butte creek,11390000,USGS,butte creek,flow,mean,NA
17,2026,butte creek,11390000,USGS,butte creek,flow,min,NA
18,2026,butte creek,11390000,USGS,butte creek,flow,max,NA
18,2026,butte creek,11390000,USGS,butte creek,flow,mean,NA
18,2026,butte creek,11390000,USGS,butte creek,flow,min,NA
19,2026,butte creek,11390000,USGS,butte creek,flow,max,NA
19,2026,butte creek,11390000,USGS,butte creek,flow,mean,NA
19,2026,butte creek,11390000,USGS,butte creek,flow,min,NA
20,2026,butte creek,11390000,USGS,butte creek,flow,max,NA
20,2026,butte creek,11390000,USGS,butte creek,flow,mean,NA
20,2026,butte creek,11390000,USGS,butte creek,flow,min,NA
21,2026,butte creek,11390000,USGS,butte creek,flow,max,NA
21,2026,butte creek,11390000,USGS,butte creek,flow,mean,NA
21,2026,butte creek,11390000,USGS,butte creek,flow,min,NA
22,2026,butte creek,11390000,USGS,butte creek,flow,max,NA
22,2026,butte creek,11390000,USGS,butte creek,flow,mean,NA
22,2026,butte creek,11390000,USGS,butte creek,flow,min,NA
23,2026,butte creek,11390000,USGS,butte creek,flow,max,NA
23,2026,butte creek,11390000,USGS,butte creek,flow,mean,NA
23,2026,butte creek,11390000,USGS,butte creek,flow,min,NA
24,2026,butte creek,11390000,USGS,butte creek,flow,max,NA
24,2026,butte creek,11390000,USGS,butte creek,flow,mean,NA
24,2026,butte creek,11390000,USGS,butte creek,flow,min,NA
25,2026,butte creek,11390000,USGS,butte creek,flow,max,NA
25,2026,butte creek,11390000,USGS,butte creek,flow,mean,NA
25,2026,butte creek,11390000,USGS,butte creek,flow,min,NA
26,2026,butte creek,11390000,USGS,butte creek,flow,max,NA
26,2026,butte creek,11390000,USGS,butte creek,flow,mean,NA
26,2026,butte creek,11390000,USGS,butte creek,flow,min,NA
27,2026,butte creek,11390000,USGS,butte creek,flow,max,NA
27,2026,butte creek,11390000,USGS,butte creek,flow,mean,NA
27,2026,butte creek,11390000,USGS,butte creek,flow,min,NA
28,2026,butte creek,11390000,USGS,butte creek,flow,max,NA
28,2026,butte creek,11390000,USGS,butte creek,flow,mean,NA
28,2026,butte creek,11390000,USGS,butte creek,flow,min,NA
29,2026,butte creek,11390000,USGS,butte creek,flow,max,NA
29,2026,butte creek,11390000,USGS,butte creek,flow,mean,NA
29,2026,butte creek,11390000,USGS,butte creek,flow,min,NA
30,2026,butte creek,11390000,USGS,butte creek,flow,max,NA
30,2026,butte creek,11390000,USGS,butte creek,flow,mean,NA
30,2026,butte creek,11390000,USGS,butte creek,flow,min,NA
31,2026,butte creek,11390000,USGS,butte creek,flow,max,NA
31,2026,butte creek,11390000,USGS,butte creek,flow,mean,NA
31,2026,butte creek,11390000,USGS,butte creek,flow,min,NA
32,2026,butte creek,11390000,USGS,butte creek,flow,max,NA
32,2026,butte creek,11390000,USGS,butte creek,flow,mean,NA
32,2026,butte creek,11390000,USGS,butte creek,flow,min,NA
33,2026,butte creek,11390000,USGS,butte creek,flow,max,NA
33,2026,butte creek,11390000,USGS,butte creek,flow,mean,NA
33,2026,butte creek,11390000,USGS,butte creek,flow,min,NA
34,2026,butte creek,11390000,USGS,butte creek,flow,max,NA
34,2026,butte creek,11390000,USGS,butte creek,flow,mean,NA
34,2026,butte creek,11390000,USGS,butte creek,flow,min,NA
35,2026,butte creek,11390000,USGS,butte creek,flow,max,NA
35,2026,butte creek,11390000,USGS,butte creek,flow,mean,NA
35,2026,butte creek,11390000,USGS,butte creek,flow,min,NA
36,2026,butte creek,11390000,USGS,butte creek,flow,max,NA
36,2026,butte creek,11390000,USGS,butte creek,flow,mean,NA
36,2026,butte creek,11390000,USGS,butte creek,flow,min,NA
37,2026,butte creek,11390000,USGS,butte creek,flow,max,NA
37,2026,butte creek,11390000,USGS,butte creek,flow,mean,NA
37,2026,butte creek,11390000,USGS,butte creek,flow,min,NA
38,2026,butte creek,11390000,USGS,butte creek,flow,max,NA
38,2026,butte creek,11390000,USGS,butte creek,flow,mean,NA
38,2026,butte creek,11390000,USGS,butte creek,flow,min,NA
39,2026,butte creek,11390000,USGS,butte creek,flow,max,NA
39,2026,butte creek,11390000,USGS,butte creek,flow,mean,NA
39,2026,butte creek,11390000,USGS,butte creek,flow,min,NA
40,2026,butte creek,11390000,USGS,butte creek,flow,max,NA
40,2026,butte creek,11390000,USGS,butte creek,flow,mean,NA
40,2026,butte creek,11390000,USGS,butte creek,flow,min,NA
41,2026,butte creek,11390000,USGS,butte creek,flow,max,NA
41,2026,butte creek,11390000,USGS,butte creek,flow,mean,NA
41,2026,butte creek,11390000,USGS,butte creek,flow,min,NA
