week,year,stream,gage_number,gage_agency,site_group,parameter,statistic,value
40,1998,butte creek,11390000,USGS,butte creek,temperature,max,17
40,1998,butte creek,11390000,USGS,butte creek,temperature,mean,13.714285714285714
40,1998,butte creek,11390000,USGS,butte creek,temperature,min,11
41,1998,butte creek,11390000,USGS,butte creek,temperature,max,15
41,1998,butte creek,11390000,USGS,butte creek,temperature,mean,12.214285714285714
41,1998,butte creek,11390000,USGS,butte creek,temperature,min,10
42,1998,butte creek,11390000,USGS,butte creek,temperature,max,13
42,1998,butte creek,11390000,USGS,butte creek,temperature,mean,10.821428571428571
42,1998,butte creek,11390000,USGS,butte creek,temperature,min,8.5
43,1998,butte creek,11390000,USGS,butte creek,temperature,max,13
43,1998,butte creek,11390000,USGS,butte creek,temperature,mean,11.392857142857142
43,1998,butte creek,11390000,USGS,butte creek,temperature,min,9.5
44,1998,butte creek,11390000,USGS,butte creek,temperature,max,12.5
44,1998,butte creek,11390000,USGS,butte creek,temperature,mean,10.392857142857142
44,1998,butte creek,11390000,USGS,butte creek,temperature,min,8.5
45,1998,butte creek,11390000,USGS,butte creek,temperature,max,11
45,1998,butte creek,11390000,USGS,butte creek,temperature,mean,8.714285714285714
45,1998,butte creek,11390000,USGS,butte creek,temperature,min,7
46,1998,butte creek,11390000,USGS,butte creek,temperature,max,9.5
46,1998,butte creek,11390000,USGS,butte creek,temperature,mean,8.035714285714286
46,1998,butte creek,11390000,USGS,butte creek,temperature,min,6.5
47,1998,butte creek,11390000,USGS,butte creek,temperature,max,10
47,1998,butte creek,11390000,USGS,butte creek,temperature,mean,8.285714285714286
47,1998,butte creek,11390000,USGS,butte creek,temperature,min,6
48,1998,butte creek,11390000,USGS,butte creek,temperature,max,10
48,1998,butte creek,11390000,USGS,butte creek,temperature,mean,8.857142857142858
48,1998,butte creek,11390000,USGS,butte creek,temperature,min,7.5
49,1998,butte creek,11390000,USGS,butte creek,temperature,max,9.5
49,1998,butte creek,11390000,USGS,butte creek,temperature,mean,5.892857142857143
49,1998,butte creek,11390000,USGS,butte creek,temperature,min,4
50,1998,butte creek,11390000,USGS,butte creek,temperature,max,9
50,1998,butte creek,11390000,USGS,butte creek,temperature,mean,6.571428571428571
50,1998,butte creek,11390000,USGS,butte creek,temperature,min,4.5
51,1998,butte creek,11390000,USGS,butte creek,temperature,max,8.5
51,1998,butte creek,11390000,USGS,butte creek,temperature,mean,4.642857142857143
51,1998,butte creek,11390000,USGS,butte creek,temperature,min,1
52,1998,butte creek,11390000,USGS,butte creek,temperature,max,6
52,1998,butte creek,11390000,USGS,butte creek,temperature,mean,4.142857142857143
52,1998,butte creek,11390000,USGS,butte creek,temperature,min,1
53,1998,butte creek,11390000,USGS,butte creek,temperature,max,6.5
53,1998,butte creek,11390000,USGS,butte creek,temperature,mean,5.75
53,1998,butte creek,11390000,USGS,butte creek,temperature,min,5
1,1999,butte creek,11390000,USGS,butte creek,temperature,max,6.5
1,1999,butte creek,11390000,USGS,butte creek,temperature,mean,5.214285714285714
1,1999,butte creek,11390000,USGS,butte creek,temperature,min,4
2,1999,butte creek,11390000,USGS,butte creek,temperature,max,7
2,1999,butte creek,11390000,USGS,butte creek,temperature,mean,5.178571428571429
2,1999,butte creek,11390000,USGS,butte creek,temperature,min,3.5
3,1999,butte creek,11390000,USGS,butte creek,temperature,max,9.5
3,1999,butte creek,11390000,USGS,butte creek,temperature,mean,8.214285714285714
3,1999,butte creek,11390000,USGS,butte creek,temperature,min,6
4,1999,butte creek,11390000,USGS,butte creek,temperature,max,9
4,1999,butte creek,11390000,USGS,butte creek,temperature,mean,7.107142857142857
4,1999,butte creek,11390000,USGS,butte creek,temperature,min,5
5,1999,butte creek,11390000,USGS,butte creek,temperature,max,8
5,1999,butte creek,11390000,USGS,butte creek,temperature,mean,5.964285714285714
5,1999,butte creek,11390000,USGS,butte creek,temperature,min,4.5
6,1999,butte creek,11390000,USGS,butte creek,temperature,max,9
6,1999,butte creek,11390000,USGS,butte creek,temperature,mean,7.392857142857143
6,1999,butte creek,11390000,USGS,butte creek,temperature,min,5.5
7,1999,butte creek,11390000,USGS,butte creek,temperature,max,9.5
7,1999,butte creek,11390000,USGS,butte creek,temperature,mean,7.964285714285714
7,1999,butte creek,11390000,USGS,butte creek,temperature,min,6.5
8,1999,butte creek,11390000,USGS,butte creek,temperature,max,10
8,1999,butte creek,11390000,USGS,butte creek,temperature,mean,8.357142857142858
8,1999,butte creek,11390000,USGS,butte creek,temperature,min,7.5
9,1999,butte creek,11390000,USGS,butte creek,temperature,max,10
9,1999,butte creek,11390000,USGS,butte creek,temperature,mean,8.857142857142858
9,1999,butte creek,11390000,USGS,butte creek,temperature,min,7.5
10,1999,butte creek,11390000,USGS,butte creek,temperature,max,9
10,1999,butte creek,11390000,USGS,butte creek,temperature,mean,7.357142857142857
10,1999,butte creek,11390000,USGS,butte creek,temperature,min,6
11,1999,butte creek,11390000,USGS,butte creek,temperature,max,11
11,1999,butte creek,11390000,USGS,butte creek,temperature,mean,9
11,1999,butte creek,11390000,USGS,butte creek,temperature,min,6.5
12,1999,butte creek,11390000,USGS,butte creek,temperature,max,11
12,1999,butte creek,11390000,USGS,butte creek,temperature,mean,9.071428571428571
12,1999,butte creek,11390000,USGS,butte creek,temperature,min,7.5
13,1999,butte creek,11390000,USGS,butte creek,temperature,max,12
13,1999,butte creek,11390000,USGS,butte creek,temperature,mean,8.428571428571429
13,1999,butte creek,11390000,USGS,butte creek,temperature,min,5.5
14,1999,butte creek,11390000,USGS,butte creek,temperature,max,9.5
14,1999,butte creek,11390000,USGS,butte creek,temperature,mean,7.285714285714286
14,1999,butte creek,11390000,USGS,butte creek,temperature,min,5.5
15,1999,butte creek,11390000,USGS,butte creek,temperature,max,13
15,1999,butte creek,11390000,USGS,butte creek,temperature,mean,9.214285714285714
15,1999,butte creek,11390000,USGS,butte creek,temperature,min,5
16,1999,butte creek,11390000,USGS,butte creek,temperature,max,14.5
16,1999,butte creek,11390000,USGS,butte creek,temperature,mean,12.107142857142858
16,1999,butte creek,11390000,USGS,butte creek,temperature,min,9.5
17,1999,butte creek,11390000,USGS,butte creek,temperature,max,14.5
17,1999,butte creek,11390000,USGS,butte creek,temperature,mean,11.142857142857142
17,1999,butte creek,11390000,USGS,butte creek,temperature,min,7.5
18,1999,butte creek,11390000,USGS,butte creek,temperature,max,15.5
18,1999,butte creek,11390000,USGS,butte creek,temperature,mean,11.5
18,1999,butte creek,11390000,USGS,butte creek,temperature,min,8.5
19,1999,butte creek,11390000,USGS,butte creek,temperature,max,16
19,1999,butte creek,11390000,USGS,butte creek,temperature,mean,12.392857142857142
19,1999,butte creek,11390000,USGS,butte creek,temperature,min,9.5
20,1999,butte creek,11390000,USGS,butte creek,temperature,max,16.5
20,1999,butte creek,11390000,USGS,butte creek,temperature,mean,12.785714285714286
20,1999,butte creek,11390000,USGS,butte creek,temperature,min,9.5
21,1999,butte creek,11390000,USGS,butte creek,temperature,max,19
21,1999,butte creek,11390000,USGS,butte creek,temperature,mean,15.714285714285714
21,1999,butte creek,11390000,USGS,butte creek,temperature,min,11.5
22,1999,butte creek,11390000,USGS,butte creek,temperature,max,18.5
22,1999,butte creek,11390000,USGS,butte creek,temperature,mean,14.892857142857142
22,1999,butte creek,11390000,USGS,butte creek,temperature,min,11
23,1999,butte creek,11390000,USGS,butte creek,temperature,max,17
23,1999,butte creek,11390000,USGS,butte creek,temperature,mean,13.785714285714286
23,1999,butte creek,11390000,USGS,butte creek,temperature,min,10
24,1999,butte creek,11390000,USGS,butte creek,temperature,max,19
24,1999,butte creek,11390000,USGS,butte creek,temperature,mean,16.428571428571427
24,1999,butte creek,11390000,USGS,butte creek,temperature,min,12.5
25,1999,butte creek,11390000,USGS,butte creek,temperature,max,22
25,1999,butte creek,11390000,USGS,butte creek,temperature,mean,18.642857142857142
25,1999,butte creek,11390000,USGS,butte creek,temperature,min,16
26,1999,butte creek,11390000,USGS,butte creek,temperature,max,23.5
26,1999,butte creek,11390000,USGS,butte creek,temperature,mean,19.678571428571427
26,1999,butte creek,11390000,USGS,butte creek,temperature,min,16.5
27,1999,butte creek,11390000,USGS,butte creek,temperature,max,23
27,1999,butte creek,11390000,USGS,butte creek,temperature,mean,19.428571428571427
27,1999,butte creek,11390000,USGS,butte creek,temperature,min,16
28,1999,butte creek,11390000,USGS,butte creek,temperature,max,24.5
28,1999,butte creek,11390000,USGS,butte creek,temperature,mean,21.285714285714285
28,1999,butte creek,11390000,USGS,butte creek,temperature,min,17
29,1999,butte creek,11390000,USGS,butte creek,temperature,max,23
29,1999,butte creek,11390000,USGS,butte creek,temperature,mean,19.535714285714285
29,1999,butte creek,11390000,USGS,butte creek,temperature,min,16.5
30,1999,butte creek,11390000,USGS,butte creek,temperature,max,22.5
30,1999,butte creek,11390000,USGS,butte creek,temperature,mean,19.321428571428573
30,1999,butte creek,11390000,USGS,butte creek,temperature,min,16.5
31,1999,butte creek,11390000,USGS,butte creek,temperature,max,23
31,1999,butte creek,11390000,USGS,butte creek,temperature,mean,19.857142857142858
31,1999,butte creek,11390000,USGS,butte creek,temperature,min,17
32,1999,butte creek,11390000,USGS,butte creek,temperature,max,22
32,1999,butte creek,11390000,USGS,butte creek,temperature,mean,18.857142857142858
32,1999,butte creek,11390000,USGS,butte creek,temperature,min,16.5
33,1999,butte creek,11390000,USGS,butte creek,temperature,max,22
33,1999,butte creek,11390000,USGS,butte creek,temperature,mean,18.714285714285715
33,1999,butte creek,11390000,USGS,butte creek,temperature,min,15.5
34,1999,butte creek,11390000,USGS,butte creek,temperature,max,23.5
34,1999,butte creek,11390000,USGS,butte creek,temperature,mean,19.714285714285715
34,1999,butte creek,11390000,USGS,butte creek,temperature,min,15.5
35,1999,butte creek,11390000,USGS,butte creek,temperature,max,23
35,1999,butte creek,11390000,USGS,butte creek,temperature,mean,18.75
35,1999,butte creek,11390000,USGS,butte creek,temperature,min,14
36,1999,butte creek,11390000,USGS,butte creek,temperature,max,20.5
36,1999,butte creek,11390000,USGS,butte creek,temperature,mean,17.25
36,1999,butte creek,11390000,USGS,butte creek,temperature,min,14
37,1999,butte creek,11390000,USGS,butte creek,temperature,max,21
37,1999,butte creek,11390000,USGS,butte creek,temperature,mean,18.285714285714285
37,1999,butte creek,11390000,USGS,butte creek,temperature,min,16
38,1999,butte creek,11390000,USGS,butte creek,temperature,max,21
38,1999,butte creek,11390000,USGS,butte creek,temperature,mean,18.178571428571427
38,1999,butte creek,11390000,USGS,butte creek,temperature,min,15.5
39,1999,butte creek,11390000,USGS,butte creek,temperature,max,21
39,1999,butte creek,11390000,USGS,butte creek,temperature,mean,17.464285714285715
39,1999,butte creek,11390000,USGS,butte creek,temperature,min,14.5
40,1999,butte creek,11390000,USGS,butte creek,temperature,max,18.5
40,1999,butte creek,11390000,USGS,butte creek,temperature,mean,15.75
40,1999,butte creek,11390000,USGS,butte creek,temperature,min,12.5
41,1999,butte creek,11390000,USGS,butte creek,temperature,max,17
41,1999,butte creek,11390000,USGS,butte creek,temperature,mean,14.857142857142858
41,1999,butte creek,11390000,USGS,butte creek,temperature,min,12.5
42,1999,butte creek,11390000,USGS,butte creek,temperature,max,15.5
42,1999,butte creek,11390000,USGS,butte creek,temperature,mean,12.642857142857142
42,1999,butte creek,11390000,USGS,butte creek,temperature,min,10.5
43,1999,butte creek,11390000,USGS,butte creek,temperature,max,14
43,1999,butte creek,11390000,USGS,butte creek,temperature,mean,11.857142857142858
43,1999,butte creek,11390000,USGS,butte creek,temperature,min,10
44,1999,butte creek,11390000,USGS,butte creek,temperature,max,13
44,1999,butte creek,11390000,USGS,butte creek,temperature,mean,11.428571428571429
44,1999,butte creek,11390000,USGS,butte creek,temperature,min,9.5
45,1999,butte creek,11390000,USGS,butte creek,temperature,max,13
45,1999,butte creek,11390000,USGS,butte creek,temperature,mean,10.714285714285714
45,1999,butte creek,11390000,USGS,butte creek,temperature,min,9
46,1999,butte creek,11390000,USGS,butte creek,temperature,max,12.5
46,1999,butte creek,11390000,USGS,butte creek,temperature,mean,10.321428571428571
46,1999,butte creek,11390000,USGS,butte creek,temperature,min,7.5
47,1999,butte creek,11390000,USGS,butte creek,temperature,max,9.5
47,1999,butte creek,11390000,USGS,butte creek,temperature,mean,7.357142857142857
47,1999,butte creek,11390000,USGS,butte creek,temperature,min,5
48,1999,butte creek,11390000,USGS,butte creek,temperature,max,9
48,1999,butte creek,11390000,USGS,butte creek,temperature,mean,7.928571428571429
48,1999,butte creek,11390000,USGS,butte creek,temperature,min,6
49,1999,butte creek,11390000,USGS,butte creek,temperature,max,7.5
49,1999,butte creek,11390000,USGS,butte creek,temperature,mean,5.75
49,1999,butte creek,11390000,USGS,butte creek,temperature,min,4.5
50,1999,butte creek,11390000,USGS,butte creek,temperature,max,6.5
50,1999,butte creek,11390000,USGS,butte creek,temperature,mean,5.107142857142857
50,1999,butte creek,11390000,USGS,butte creek,temperature,min,3.5
51,1999,butte creek,11390000,USGS,butte creek,temperature,max,7.5
51,1999,butte creek,11390000,USGS,butte creek,temperature,mean,5.892857142857143
51,1999,butte creek,11390000,USGS,butte creek,temperature,min,4
52,1999,butte creek,11390000,USGS,butte creek,temperature,max,7
52,1999,butte creek,11390000,USGS,butte creek,temperature,mean,5.642857142857143
52,1999,butte creek,11390000,USGS,butte creek,temperature,min,4
53,1999,butte creek,11390000,USGS,butte creek,temperature,max,6
53,1999,butte creek,11390000,USGS,butte creek,temperature,mean,5
53,1999,butte creek,11390000,USGS,butte creek,temperature,min,4
1,2000,butte creek,11390000,USGS,butte creek,temperature,max,6
1,2000,butte creek,11390000,USGS,butte creek,temperature,mean,4.678571428571429
1,2000,butte creek,11390000,USGS,butte creek,temperature,min,3
2,2000,butte creek,11390000,USGS,butte creek,temperature,max,8
2,2000,butte creek,11390000,USGS,butte creek,temperature,mean,6.678571428571429
2,2000,butte creek,11390000,USGS,butte creek,temperature,min,4.5
3,2000,butte creek,11390000,USGS,butte creek,temperature,max,9.5
3,2000,butte creek,11390000,USGS,butte creek,temperature,mean,7.964285714285714
3,2000,butte creek,11390000,USGS,butte creek,temperature,min,6.5
4,2000,butte creek,11390000,USGS,butte creek,temperature,max,9
4,2000,butte creek,11390000,USGS,butte creek,temperature,mean,7.857142857142857
4,2000,butte creek,11390000,USGS,butte creek,temperature,min,5.5
5,2000,butte creek,11390000,USGS,butte creek,temperature,max,9.5
5,2000,butte creek,11390000,USGS,butte creek,temperature,mean,7.285714285714286
5,2000,butte creek,11390000,USGS,butte creek,temperature,min,5
6,2000,butte creek,11390000,USGS,butte creek,temperature,max,9.5
6,2000,butte creek,11390000,USGS,butte creek,temperature,mean,8.392857142857142
6,2000,butte creek,11390000,USGS,butte creek,temperature,min,7
7,2000,butte creek,11390000,USGS,butte creek,temperature,max,9.5
7,2000,butte creek,11390000,USGS,butte creek,temperature,mean,8.392857142857142
7,2000,butte creek,11390000,USGS,butte creek,temperature,min,7
8,2000,butte creek,11390000,USGS,butte creek,temperature,max,9.5
8,2000,butte creek,11390000,USGS,butte creek,temperature,mean,8.107142857142858
8,2000,butte creek,11390000,USGS,butte creek,temperature,min,7
9,2000,butte creek,11390000,USGS,butte creek,temperature,max,10
9,2000,butte creek,11390000,USGS,butte creek,temperature,mean,8.714285714285714
9,2000,butte creek,11390000,USGS,butte creek,temperature,min,7.5
10,2000,butte creek,11390000,USGS,butte creek,temperature,max,9.5
10,2000,butte creek,11390000,USGS,butte creek,temperature,mean,8.428571428571429
10,2000,butte creek,11390000,USGS,butte creek,temperature,min,7.5
11,2000,butte creek,11390000,USGS,butte creek,temperature,max,11.5
11,2000,butte creek,11390000,USGS,butte creek,temperature,mean,9.642857142857142
11,2000,butte creek,11390000,USGS,butte creek,temperature,min,7.5
12,2000,butte creek,11390000,USGS,butte creek,temperature,max,11.5
12,2000,butte creek,11390000,USGS,butte creek,temperature,mean,9.571428571428571
12,2000,butte creek,11390000,USGS,butte creek,temperature,min,7
13,2000,butte creek,11390000,USGS,butte creek,temperature,max,12
13,2000,butte creek,11390000,USGS,butte creek,temperature,mean,9.964285714285714
13,2000,butte creek,11390000,USGS,butte creek,temperature,min,8
14,2000,butte creek,11390000,USGS,butte creek,temperature,max,13.5
14,2000,butte creek,11390000,USGS,butte creek,temperature,mean,11.357142857142858
14,2000,butte creek,11390000,USGS,butte creek,temperature,min,8.5
15,2000,butte creek,11390000,USGS,butte creek,temperature,max,13
15,2000,butte creek,11390000,USGS,butte creek,temperature,mean,11.142857142857142
15,2000,butte creek,11390000,USGS,butte creek,temperature,min,9
16,2000,butte creek,11390000,USGS,butte creek,temperature,max,14
16,2000,butte creek,11390000,USGS,butte creek,temperature,mean,10.071428571428571
16,2000,butte creek,11390000,USGS,butte creek,temperature,min,8.5
17,2000,butte creek,11390000,USGS,butte creek,temperature,max,15
17,2000,butte creek,11390000,USGS,butte creek,temperature,mean,12
17,2000,butte creek,11390000,USGS,butte creek,temperature,min,9
18,2000,butte creek,11390000,USGS,butte creek,temperature,max,16.5
18,2000,butte creek,11390000,USGS,butte creek,temperature,mean,13.285714285714286
18,2000,butte creek,11390000,USGS,butte creek,temperature,min,9
19,2000,butte creek,11390000,USGS,butte creek,temperature,max,15.5
19,2000,butte creek,11390000,USGS,butte creek,temperature,mean,11.607142857142858
19,2000,butte creek,11390000,USGS,butte creek,temperature,min,8.5
20,2000,butte creek,11390000,USGS,butte creek,temperature,max,17
20,2000,butte creek,11390000,USGS,butte creek,temperature,mean,11.357142857142858
20,2000,butte creek,11390000,USGS,butte creek,temperature,min,8.5
21,2000,butte creek,11390000,USGS,butte creek,temperature,max,20.5
21,2000,butte creek,11390000,USGS,butte creek,temperature,mean,17.142857142857142
21,2000,butte creek,11390000,USGS,butte creek,temperature,min,13
22,2000,butte creek,11390000,USGS,butte creek,temperature,max,19.5
22,2000,butte creek,11390000,USGS,butte creek,temperature,mean,16.321428571428573
22,2000,butte creek,11390000,USGS,butte creek,temperature,min,12.5
23,2000,butte creek,11390000,USGS,butte creek,temperature,max,20
23,2000,butte creek,11390000,USGS,butte creek,temperature,mean,16.642857142857142
23,2000,butte creek,11390000,USGS,butte creek,temperature,min,13.5
24,2000,butte creek,11390000,USGS,butte creek,temperature,max,23
24,2000,butte creek,11390000,USGS,butte creek,temperature,mean,17.964285714285715
24,2000,butte creek,11390000,USGS,butte creek,temperature,min,13
25,2000,butte creek,11390000,USGS,butte creek,temperature,max,23.5
25,2000,butte creek,11390000,USGS,butte creek,temperature,mean,20.607142857142858
25,2000,butte creek,11390000,USGS,butte creek,temperature,min,17.5
26,2000,butte creek,11390000,USGS,butte creek,temperature,max,25.5
26,2000,butte creek,11390000,USGS,butte creek,temperature,mean,22
26,2000,butte creek,11390000,USGS,butte creek,temperature,min,18
27,2000,butte creek,11390000,USGS,butte creek,temperature,max,23.5
27,2000,butte creek,11390000,USGS,butte creek,temperature,mean,19.785714285714285
27,2000,butte creek,11390000,USGS,butte creek,temperature,min,16.5
28,2000,butte creek,11390000,USGS,butte creek,temperature,max,23.5
28,2000,butte creek,11390000,USGS,butte creek,temperature,mean,20.142857142857142
28,2000,butte creek,11390000,USGS,butte creek,temperature,min,16
29,2000,butte creek,11390000,USGS,butte creek,temperature,max,24.5
29,2000,butte creek,11390000,USGS,butte creek,temperature,mean,20.892857142857142
29,2000,butte creek,11390000,USGS,butte creek,temperature,min,17.5
30,2000,butte creek,11390000,USGS,butte creek,temperature,max,24
30,2000,butte creek,11390000,USGS,butte creek,temperature,mean,20.964285714285715
30,2000,butte creek,11390000,USGS,butte creek,temperature,min,17.5
31,2000,butte creek,11390000,USGS,butte creek,temperature,max,25.5
31,2000,butte creek,11390000,USGS,butte creek,temperature,mean,22
31,2000,butte creek,11390000,USGS,butte creek,temperature,min,18
32,2000,butte creek,11390000,USGS,butte creek,temperature,max,25.5
32,2000,butte creek,11390000,USGS,butte creek,temperature,mean,21.535714285714285
32,2000,butte creek,11390000,USGS,butte creek,temperature,min,17.5
33,2000,butte creek,11390000,USGS,butte creek,temperature,max,23
33,2000,butte creek,11390000,USGS,butte creek,temperature,mean,20.071428571428573
33,2000,butte creek,11390000,USGS,butte creek,temperature,min,17
34,2000,butte creek,11390000,USGS,butte creek,temperature,max,22
34,2000,butte creek,11390000,USGS,butte creek,temperature,mean,19.142857142857142
34,2000,butte creek,11390000,USGS,butte creek,temperature,min,16
35,2000,butte creek,11390000,USGS,butte creek,temperature,max,21.5
35,2000,butte creek,11390000,USGS,butte creek,temperature,mean,18.321428571428573
35,2000,butte creek,11390000,USGS,butte creek,temperature,min,16
36,2000,butte creek,11390000,USGS,butte creek,temperature,max,19
36,2000,butte creek,11390000,USGS,butte creek,temperature,mean,15.964285714285714
36,2000,butte creek,11390000,USGS,butte creek,temperature,min,13
37,2000,butte creek,11390000,USGS,butte creek,temperature,max,20.5
37,2000,butte creek,11390000,USGS,butte creek,temperature,mean,17.285714285714285
37,2000,butte creek,11390000,USGS,butte creek,temperature,min,14
38,2000,butte creek,11390000,USGS,butte creek,temperature,max,22
38,2000,butte creek,11390000,USGS,butte creek,temperature,mean,18.892857142857142
38,2000,butte creek,11390000,USGS,butte creek,temperature,min,15.5
39,2000,butte creek,11390000,USGS,butte creek,temperature,max,19
39,2000,butte creek,11390000,USGS,butte creek,temperature,mean,16.571428571428573
39,2000,butte creek,11390000,USGS,butte creek,temperature,min,14
40,2000,butte creek,11390000,USGS,butte creek,temperature,max,19.5
40,2000,butte creek,11390000,USGS,butte creek,temperature,mean,16.964285714285715
40,2000,butte creek,11390000,USGS,butte creek,temperature,min,14.5
41,2000,butte creek,11390000,USGS,butte creek,temperature,max,18
41,2000,butte creek,11390000,USGS,butte creek,temperature,mean,14.25
41,2000,butte creek,11390000,USGS,butte creek,temperature,min,11
42,2000,butte creek,11390000,USGS,butte creek,temperature,max,15
42,2000,butte creek,11390000,USGS,butte creek,temperature,mean,12.892857142857142
42,2000,butte creek,11390000,USGS,butte creek,temperature,min,11
43,2000,butte creek,11390000,USGS,butte creek,temperature,max,13.5
43,2000,butte creek,11390000,USGS,butte creek,temperature,mean,11.035714285714286
43,2000,butte creek,11390000,USGS,butte creek,temperature,min,9
44,2000,butte creek,11390000,USGS,butte creek,temperature,max,12
44,2000,butte creek,11390000,USGS,butte creek,temperature,mean,9.964285714285714
44,2000,butte creek,11390000,USGS,butte creek,temperature,min,8
45,2000,butte creek,11390000,USGS,butte creek,temperature,max,11.5
45,2000,butte creek,11390000,USGS,butte creek,temperature,mean,9.25
45,2000,butte creek,11390000,USGS,butte creek,temperature,min,7
46,2000,butte creek,11390000,USGS,butte creek,temperature,max,8
46,2000,butte creek,11390000,USGS,butte creek,temperature,mean,5.714285714285714
46,2000,butte creek,11390000,USGS,butte creek,temperature,min,4
47,2000,butte creek,11390000,USGS,butte creek,temperature,max,7
47,2000,butte creek,11390000,USGS,butte creek,temperature,mean,5.392857142857143
47,2000,butte creek,11390000,USGS,butte creek,temperature,min,3.5
48,2000,butte creek,11390000,USGS,butte creek,temperature,max,9.5
48,2000,butte creek,11390000,USGS,butte creek,temperature,mean,7.285714285714286
48,2000,butte creek,11390000,USGS,butte creek,temperature,min,5.5
49,2000,butte creek,11390000,USGS,butte creek,temperature,max,8
49,2000,butte creek,11390000,USGS,butte creek,temperature,mean,6.571428571428571
49,2000,butte creek,11390000,USGS,butte creek,temperature,min,5
50,2000,butte creek,11390000,USGS,butte creek,temperature,max,8.5
50,2000,butte creek,11390000,USGS,butte creek,temperature,mean,7.178571428571429
50,2000,butte creek,11390000,USGS,butte creek,temperature,min,6.5
51,2000,butte creek,11390000,USGS,butte creek,temperature,max,8
51,2000,butte creek,11390000,USGS,butte creek,temperature,mean,6.178571428571429
51,2000,butte creek,11390000,USGS,butte creek,temperature,min,4.5
52,2000,butte creek,11390000,USGS,butte creek,temperature,max,7
52,2000,butte creek,11390000,USGS,butte creek,temperature,mean,5.535714285714286
52,2000,butte creek,11390000,USGS,butte creek,temperature,min,4
53,2000,butte creek,11390000,USGS,butte creek,temperature,max,6
53,2000,butte creek,11390000,USGS,butte creek,temperature,mean,5
53,2000,butte creek,11390000,USGS,butte creek,temperature,min,4
1,2001,butte creek,11390000,USGS,butte creek,temperature,max,6.5
1,2001,butte creek,11390000,USGS,butte creek,temperature,mean,5.142857142857143
1,2001,butte creek,11390000,USGS,butte creek,temperature,min,4
2,2001,butte creek,11390000,USGS,butte creek,temperature,max,7.5
2,2001,butte creek,11390000,USGS,butte creek,temperature,mean,6.357142857142857
2,2001,butte creek,11390000,USGS,butte creek,temperature,min,5
3,2001,butte creek,11390000,USGS,butte creek,temperature,max,6
3,2001,butte creek,11390000,USGS,butte creek,temperature,mean,4.321428571428571
3,2001,butte creek,11390000,USGS,butte creek,temperature,min,2
4,2001,butte creek,11390000,USGS,butte creek,temperature,max,8
4,2001,butte creek,11390000,USGS,butte creek,temperature,mean,5.892857142857143
4,2001,butte creek,11390000,USGS,butte creek,temperature,min,4
5,2001,butte creek,11390000,USGS,butte creek,temperature,max,9
5,2001,butte creek,11390000,USGS,butte creek,temperature,mean,5.785714285714286
5,2001,butte creek,11390000,USGS,butte creek,temperature,min,3
6,2001,butte creek,11390000,USGS,butte creek,temperature,max,9
6,2001,butte creek,11390000,USGS,butte creek,temperature,mean,5.964285714285714
6,2001,butte creek,11390000,USGS,butte creek,temperature,min,3
7,2001,butte creek,11390000,USGS,butte creek,temperature,max,8.5
7,2001,butte creek,11390000,USGS,butte creek,temperature,mean,6.321428571428571
7,2001,butte creek,11390000,USGS,butte creek,temperature,min,4.5
8,2001,butte creek,11390000,USGS,butte creek,temperature,max,9
8,2001,butte creek,11390000,USGS,butte creek,temperature,mean,7.571428571428571
8,2001,butte creek,11390000,USGS,butte creek,temperature,min,6
9,2001,butte creek,11390000,USGS,butte creek,temperature,max,9.5
9,2001,butte creek,11390000,USGS,butte creek,temperature,mean,7.285714285714286
9,2001,butte creek,11390000,USGS,butte creek,temperature,min,5.5
10,2001,butte creek,11390000,USGS,butte creek,temperature,max,10.5
10,2001,butte creek,11390000,USGS,butte creek,temperature,mean,8.678571428571429
10,2001,butte creek,11390000,USGS,butte creek,temperature,min,6.5
11,2001,butte creek,11390000,USGS,butte creek,temperature,max,12
11,2001,butte creek,11390000,USGS,butte creek,temperature,mean,9
11,2001,butte creek,11390000,USGS,butte creek,temperature,min,7
12,2001,butte creek,11390000,USGS,butte creek,temperature,max,13
12,2001,butte creek,11390000,USGS,butte creek,temperature,mean,10.821428571428571
12,2001,butte creek,11390000,USGS,butte creek,temperature,min,9
13,2001,butte creek,11390000,USGS,butte creek,temperature,max,13
13,2001,butte creek,11390000,USGS,butte creek,temperature,mean,10.607142857142858
13,2001,butte creek,11390000,USGS,butte creek,temperature,min,8
14,2001,butte creek,11390000,USGS,butte creek,temperature,max,11.5
14,2001,butte creek,11390000,USGS,butte creek,temperature,mean,8
14,2001,butte creek,11390000,USGS,butte creek,temperature,min,5
15,2001,butte creek,11390000,USGS,butte creek,temperature,max,12
15,2001,butte creek,11390000,USGS,butte creek,temperature,mean,8.428571428571429
15,2001,butte creek,11390000,USGS,butte creek,temperature,min,5
16,2001,butte creek,11390000,USGS,butte creek,temperature,max,14.5
16,2001,butte creek,11390000,USGS,butte creek,temperature,mean,10.5
16,2001,butte creek,11390000,USGS,butte creek,temperature,min,7.5
17,2001,butte creek,11390000,USGS,butte creek,temperature,max,16.5
17,2001,butte creek,11390000,USGS,butte creek,temperature,mean,13.107142857142858
17,2001,butte creek,11390000,USGS,butte creek,temperature,min,9.5
18,2001,butte creek,11390000,USGS,butte creek,temperature,max,16
18,2001,butte creek,11390000,USGS,butte creek,temperature,mean,12.714285714285714
18,2001,butte creek,11390000,USGS,butte creek,temperature,min,9.5
19,2001,butte creek,11390000,USGS,butte creek,temperature,max,17.5
19,2001,butte creek,11390000,USGS,butte creek,temperature,mean,14.821428571428571
19,2001,butte creek,11390000,USGS,butte creek,temperature,min,11
20,2001,butte creek,11390000,USGS,butte creek,temperature,max,21
20,2001,butte creek,11390000,USGS,butte creek,temperature,mean,15.928571428571429
20,2001,butte creek,11390000,USGS,butte creek,temperature,min,12.5
21,2001,butte creek,11390000,USGS,butte creek,temperature,max,23
21,2001,butte creek,11390000,USGS,butte creek,temperature,mean,19.428571428571427
21,2001,butte creek,11390000,USGS,butte creek,temperature,min,16
22,2001,butte creek,11390000,USGS,butte creek,temperature,max,22.5
22,2001,butte creek,11390000,USGS,butte creek,temperature,mean,18.892857142857142
22,2001,butte creek,11390000,USGS,butte creek,temperature,min,15.5
23,2001,butte creek,11390000,USGS,butte creek,temperature,max,21.5
23,2001,butte creek,11390000,USGS,butte creek,temperature,mean,17.928571428571427
23,2001,butte creek,11390000,USGS,butte creek,temperature,min,14
24,2001,butte creek,11390000,USGS,butte creek,temperature,max,23
24,2001,butte creek,11390000,USGS,butte creek,temperature,mean,18.785714285714285
24,2001,butte creek,11390000,USGS,butte creek,temperature,min,15
25,2001,butte creek,11390000,USGS,butte creek,temperature,max,25.5
25,2001,butte creek,11390000,USGS,butte creek,temperature,mean,21.107142857142858
25,2001,butte creek,11390000,USGS,butte creek,temperature,min,17.5
26,2001,butte creek,11390000,USGS,butte creek,temperature,max,24
26,2001,butte creek,11390000,USGS,butte creek,temperature,mean,18.642857142857142
26,2001,butte creek,11390000,USGS,butte creek,temperature,min,14.5
27,2001,butte creek,11390000,USGS,butte creek,temperature,max,25.5
27,2001,butte creek,11390000,USGS,butte creek,temperature,mean,21.857142857142858
27,2001,butte creek,11390000,USGS,butte creek,temperature,min,18
28,2001,butte creek,11390000,USGS,butte creek,temperature,max,25.5
28,2001,butte creek,11390000,USGS,butte creek,temperature,mean,22.107142857142858
28,2001,butte creek,11390000,USGS,butte creek,temperature,min,18.5
29,2001,butte creek,11390000,USGS,butte creek,temperature,max,23.5
29,2001,butte creek,11390000,USGS,butte creek,temperature,mean,20.392857142857142
29,2001,butte creek,11390000,USGS,butte creek,temperature,min,17
30,2001,butte creek,11390000,USGS,butte creek,temperature,max,25.5
30,2001,butte creek,11390000,USGS,butte creek,temperature,mean,21.892857142857142
30,2001,butte creek,11390000,USGS,butte creek,temperature,min,17.5
31,2001,butte creek,11390000,USGS,butte creek,temperature,max,24.5
31,2001,butte creek,11390000,USGS,butte creek,temperature,mean,21.321428571428573
31,2001,butte creek,11390000,USGS,butte creek,temperature,min,18
32,2001,butte creek,11390000,USGS,butte creek,temperature,max,26
32,2001,butte creek,11390000,USGS,butte creek,temperature,mean,22.178571428571427
32,2001,butte creek,11390000,USGS,butte creek,temperature,min,18.5
33,2001,butte creek,11390000,USGS,butte creek,temperature,max,24
33,2001,butte creek,11390000,USGS,butte creek,temperature,mean,20.892857142857142
33,2001,butte creek,11390000,USGS,butte creek,temperature,min,18
34,2001,butte creek,11390000,USGS,butte creek,temperature,max,23.5
34,2001,butte creek,11390000,USGS,butte creek,temperature,mean,20.214285714285715
34,2001,butte creek,11390000,USGS,butte creek,temperature,min,17.5
35,2001,butte creek,11390000,USGS,butte creek,temperature,max,24
35,2001,butte creek,11390000,USGS,butte creek,temperature,mean,21.107142857142858
35,2001,butte creek,11390000,USGS,butte creek,temperature,min,18
36,2001,butte creek,11390000,USGS,butte creek,temperature,max,23.5
36,2001,butte creek,11390000,USGS,butte creek,temperature,mean,19.571428571428573
36,2001,butte creek,11390000,USGS,butte creek,temperature,min,16
37,2001,butte creek,11390000,USGS,butte creek,temperature,max,21.5
37,2001,butte creek,11390000,USGS,butte creek,temperature,mean,18.75
37,2001,butte creek,11390000,USGS,butte creek,temperature,min,16
38,2001,butte creek,11390000,USGS,butte creek,temperature,max,22
38,2001,butte creek,11390000,USGS,butte creek,temperature,mean,18.964285714285715
38,2001,butte creek,11390000,USGS,butte creek,temperature,min,16.5
39,2001,butte creek,11390000,USGS,butte creek,temperature,max,20
39,2001,butte creek,11390000,USGS,butte creek,temperature,mean,17.285714285714285
39,2001,butte creek,11390000,USGS,butte creek,temperature,min,14.5
40,2001,butte creek,11390000,USGS,butte creek,temperature,max,20.5
40,2001,butte creek,11390000,USGS,butte creek,temperature,mean,17.285714285714285
40,2001,butte creek,11390000,USGS,butte creek,temperature,min,14
41,2001,butte creek,11390000,USGS,butte creek,temperature,max,18
41,2001,butte creek,11390000,USGS,butte creek,temperature,mean,14.928571428571429
41,2001,butte creek,11390000,USGS,butte creek,temperature,min,12.5
42,2001,butte creek,11390000,USGS,butte creek,temperature,max,16
42,2001,butte creek,11390000,USGS,butte creek,temperature,mean,14
42,2001,butte creek,11390000,USGS,butte creek,temperature,min,11.5
43,2001,butte creek,11390000,USGS,butte creek,temperature,max,14.5
43,2001,butte creek,11390000,USGS,butte creek,temperature,mean,12.392857142857142
43,2001,butte creek,11390000,USGS,butte creek,temperature,min,10
44,2001,butte creek,11390000,USGS,butte creek,temperature,max,13.5
44,2001,butte creek,11390000,USGS,butte creek,temperature,mean,11.964285714285714
44,2001,butte creek,11390000,USGS,butte creek,temperature,min,10
45,2001,butte creek,11390000,USGS,butte creek,temperature,max,13
45,2001,butte creek,11390000,USGS,butte creek,temperature,mean,10.785714285714286
45,2001,butte creek,11390000,USGS,butte creek,temperature,min,8.5
46,2001,butte creek,11390000,USGS,butte creek,temperature,max,12.5
46,2001,butte creek,11390000,USGS,butte creek,temperature,mean,11.25
46,2001,butte creek,11390000,USGS,butte creek,temperature,min,9.5
47,2001,butte creek,11390000,USGS,butte creek,temperature,max,12
47,2001,butte creek,11390000,USGS,butte creek,temperature,mean,10.285714285714286
47,2001,butte creek,11390000,USGS,butte creek,temperature,min,8
48,2001,butte creek,11390000,USGS,butte creek,temperature,max,9.5
48,2001,butte creek,11390000,USGS,butte creek,temperature,mean,7.321428571428571
48,2001,butte creek,11390000,USGS,butte creek,temperature,min,5.5
49,2001,butte creek,11390000,USGS,butte creek,temperature,max,9
49,2001,butte creek,11390000,USGS,butte creek,temperature,mean,7.571428571428571
49,2001,butte creek,11390000,USGS,butte creek,temperature,min,6.5
50,2001,butte creek,11390000,USGS,butte creek,temperature,max,8
50,2001,butte creek,11390000,USGS,butte creek,temperature,mean,6.107142857142857
50,2001,butte creek,11390000,USGS,butte creek,temperature,min,4.5
51,2001,butte creek,11390000,USGS,butte creek,temperature,max,8.5
51,2001,butte creek,11390000,USGS,butte creek,temperature,mean,7.714285714285714
51,2001,butte creek,11390000,USGS,butte creek,temperature,min,6.5
52,2001,butte creek,11390000,USGS,butte creek,temperature,max,10.5
52,2001,butte creek,11390000,USGS,butte creek,temperature,mean,8.214285714285714
52,2001,butte creek,11390000,USGS,butte creek,temperature,min,6
53,2001,butte creek,11390000,USGS,butte creek,temperature,max,10.5
53,2001,butte creek,11390000,USGS,butte creek,temperature,mean,10.25
53,2001,butte creek,11390000,USGS,butte creek,temperature,min,10
1,2002,butte creek,11390000,USGS,butte creek,temperature,max,10.5
1,2002,butte creek,11390000,USGS,butte creek,temperature,mean,9.178571428571429
1,2002,butte creek,11390000,USGS,butte creek,temperature,min,8
2,2002,butte creek,11390000,USGS,butte creek,temperature,max,9.5
2,2002,butte creek,11390000,USGS,butte creek,temperature,mean,7.75
2,2002,butte creek,11390000,USGS,butte creek,temperature,min,5.5
3,2002,butte creek,11390000,USGS,butte creek,temperature,max,6
3,2002,butte creek,11390000,USGS,butte creek,temperature,mean,5
3,2002,butte creek,11390000,USGS,butte creek,temperature,min,3.5
4,2002,butte creek,11390000,USGS,butte creek,temperature,max,6.5
4,2002,butte creek,11390000,USGS,butte creek,temperature,mean,4.535714285714286
4,2002,butte creek,11390000,USGS,butte creek,temperature,min,2.5
5,2002,butte creek,11390000,USGS,butte creek,temperature,max,6.5
5,2002,butte creek,11390000,USGS,butte creek,temperature,mean,4.285714285714286
5,2002,butte creek,11390000,USGS,butte creek,temperature,min,2.5
6,2002,butte creek,11390000,USGS,butte creek,temperature,max,7.5
6,2002,butte creek,11390000,USGS,butte creek,temperature,mean,5.964285714285714
6,2002,butte creek,11390000,USGS,butte creek,temperature,min,4
7,2002,butte creek,11390000,USGS,butte creek,temperature,max,9.5
7,2002,butte creek,11390000,USGS,butte creek,temperature,mean,7.464285714285714
7,2002,butte creek,11390000,USGS,butte creek,temperature,min,5.5
8,2002,butte creek,11390000,USGS,butte creek,temperature,max,10
8,2002,butte creek,11390000,USGS,butte creek,temperature,mean,8.5
8,2002,butte creek,11390000,USGS,butte creek,temperature,min,7
9,2002,butte creek,11390000,USGS,butte creek,temperature,max,10.5
9,2002,butte creek,11390000,USGS,butte creek,temperature,mean,7.964285714285714
9,2002,butte creek,11390000,USGS,butte creek,temperature,min,5.5
10,2002,butte creek,11390000,USGS,butte creek,temperature,max,9.5
10,2002,butte creek,11390000,USGS,butte creek,temperature,mean,7.357142857142857
10,2002,butte creek,11390000,USGS,butte creek,temperature,min,5
11,2002,butte creek,11390000,USGS,butte creek,temperature,max,10
11,2002,butte creek,11390000,USGS,butte creek,temperature,mean,7.285714285714286
11,2002,butte creek,11390000,USGS,butte creek,temperature,min,4.5
12,2002,butte creek,11390000,USGS,butte creek,temperature,max,11.5
12,2002,butte creek,11390000,USGS,butte creek,temperature,mean,8.571428571428571
12,2002,butte creek,11390000,USGS,butte creek,temperature,min,5
13,2002,butte creek,11390000,USGS,butte creek,temperature,max,13.5
13,2002,butte creek,11390000,USGS,butte creek,temperature,mean,10.642857142857142
13,2002,butte creek,11390000,USGS,butte creek,temperature,min,7.5
14,2002,butte creek,11390000,USGS,butte creek,temperature,max,14
14,2002,butte creek,11390000,USGS,butte creek,temperature,mean,11.607142857142858
14,2002,butte creek,11390000,USGS,butte creek,temperature,min,9
15,2002,butte creek,11390000,USGS,butte creek,temperature,max,15
15,2002,butte creek,11390000,USGS,butte creek,temperature,mean,11.892857142857142
15,2002,butte creek,11390000,USGS,butte creek,temperature,min,9.5
16,2002,butte creek,11390000,USGS,butte creek,temperature,max,13.5
16,2002,butte creek,11390000,USGS,butte creek,temperature,mean,9.428571428571429
16,2002,butte creek,11390000,USGS,butte creek,temperature,min,6.5
17,2002,butte creek,11390000,USGS,butte creek,temperature,max,15.5
17,2002,butte creek,11390000,USGS,butte creek,temperature,mean,11.392857142857142
17,2002,butte creek,11390000,USGS,butte creek,temperature,min,8.5
18,2002,butte creek,11390000,USGS,butte creek,temperature,max,17
18,2002,butte creek,11390000,USGS,butte creek,temperature,mean,12.714285714285714
18,2002,butte creek,11390000,USGS,butte creek,temperature,min,8
19,2002,butte creek,11390000,USGS,butte creek,temperature,max,17.5
19,2002,butte creek,11390000,USGS,butte creek,temperature,mean,13.928571428571429
19,2002,butte creek,11390000,USGS,butte creek,temperature,min,10.5
20,2002,butte creek,11390000,USGS,butte creek,temperature,max,19
20,2002,butte creek,11390000,USGS,butte creek,temperature,mean,14.821428571428571
20,2002,butte creek,11390000,USGS,butte creek,temperature,min,10.5
21,2002,butte creek,11390000,USGS,butte creek,temperature,max,18.5
21,2002,butte creek,11390000,USGS,butte creek,temperature,mean,13.642857142857142
21,2002,butte creek,11390000,USGS,butte creek,temperature,min,9
22,2002,butte creek,11390000,USGS,butte creek,temperature,max,22.5
22,2002,butte creek,11390000,USGS,butte creek,temperature,mean,18.428571428571427
22,2002,butte creek,11390000,USGS,butte creek,temperature,min,13.5
23,2002,butte creek,11390000,USGS,butte creek,temperature,max,23
23,2002,butte creek,11390000,USGS,butte creek,temperature,mean,18.5
23,2002,butte creek,11390000,USGS,butte creek,temperature,min,14
24,2002,butte creek,11390000,USGS,butte creek,temperature,max,22.5
24,2002,butte creek,11390000,USGS,butte creek,temperature,mean,19.107142857142858
24,2002,butte creek,11390000,USGS,butte creek,temperature,min,15
25,2002,butte creek,11390000,USGS,butte creek,temperature,max,24
25,2002,butte creek,11390000,USGS,butte creek,temperature,mean,20.428571428571427
25,2002,butte creek,11390000,USGS,butte creek,temperature,min,17
26,2002,butte creek,11390000,USGS,butte creek,temperature,max,25.5
26,2002,butte creek,11390000,USGS,butte creek,temperature,mean,22.142857142857142
26,2002,butte creek,11390000,USGS,butte creek,temperature,min,18.5
27,2002,butte creek,11390000,USGS,butte creek,temperature,max,25.5
27,2002,butte creek,11390000,USGS,butte creek,temperature,mean,22.428571428571427
27,2002,butte creek,11390000,USGS,butte creek,temperature,min,19
28,2002,butte creek,11390000,USGS,butte creek,temperature,max,27.5
28,2002,butte creek,11390000,USGS,butte creek,temperature,mean,23.928571428571427
28,2002,butte creek,11390000,USGS,butte creek,temperature,min,19.5
29,2002,butte creek,11390000,USGS,butte creek,temperature,max,26.5
29,2002,butte creek,11390000,USGS,butte creek,temperature,mean,23
29,2002,butte creek,11390000,USGS,butte creek,temperature,min,19.5
30,2002,butte creek,11390000,USGS,butte creek,temperature,max,26
30,2002,butte creek,11390000,USGS,butte creek,temperature,mean,22.75
30,2002,butte creek,11390000,USGS,butte creek,temperature,min,19
31,2002,butte creek,11390000,USGS,butte creek,temperature,max,26
31,2002,butte creek,11390000,USGS,butte creek,temperature,mean,22.678571428571427
31,2002,butte creek,11390000,USGS,butte creek,temperature,min,18.5
32,2002,butte creek,11390000,USGS,butte creek,temperature,max,25
32,2002,butte creek,11390000,USGS,butte creek,temperature,mean,20.714285714285715
32,2002,butte creek,11390000,USGS,butte creek,temperature,min,16.5
33,2002,butte creek,11390000,USGS,butte creek,temperature,max,25.5
33,2002,butte creek,11390000,USGS,butte creek,temperature,mean,22.642857142857142
33,2002,butte creek,11390000,USGS,butte creek,temperature,min,19.5
34,2002,butte creek,11390000,USGS,butte creek,temperature,max,23
34,2002,butte creek,11390000,USGS,butte creek,temperature,mean,19.892857142857142
34,2002,butte creek,11390000,USGS,butte creek,temperature,min,16.5
35,2002,butte creek,11390000,USGS,butte creek,temperature,max,23.5
35,2002,butte creek,11390000,USGS,butte creek,temperature,mean,20.607142857142858
35,2002,butte creek,11390000,USGS,butte creek,temperature,min,17
36,2002,butte creek,11390000,USGS,butte creek,temperature,max,23
36,2002,butte creek,11390000,USGS,butte creek,temperature,mean,18.321428571428573
36,2002,butte creek,11390000,USGS,butte creek,temperature,min,14
37,2002,butte creek,11390000,USGS,butte creek,temperature,max,21
37,2002,butte creek,11390000,USGS,butte creek,temperature,mean,17.857142857142858
37,2002,butte creek,11390000,USGS,butte creek,temperature,min,14.5
38,2002,butte creek,11390000,USGS,butte creek,temperature,max,21.5
38,2002,butte creek,11390000,USGS,butte creek,temperature,mean,18.392857142857142
38,2002,butte creek,11390000,USGS,butte creek,temperature,min,15.5
39,2002,butte creek,11390000,USGS,butte creek,temperature,max,21
39,2002,butte creek,11390000,USGS,butte creek,temperature,mean,18.75
39,2002,butte creek,11390000,USGS,butte creek,temperature,min,16.5
42,2002,butte creek,11390000,USGS,butte creek,temperature,max,15
42,2002,butte creek,11390000,USGS,butte creek,temperature,mean,13.3125
42,2002,butte creek,11390000,USGS,butte creek,temperature,min,11.5
43,2002,butte creek,11390000,USGS,butte creek,temperature,max,14.5
43,2002,butte creek,11390000,USGS,butte creek,temperature,mean,12.357142857142858
43,2002,butte creek,11390000,USGS,butte creek,temperature,min,10.5
44,2002,butte creek,11390000,USGS,butte creek,temperature,max,12.5
44,2002,butte creek,11390000,USGS,butte creek,temperature,mean,9.107142857142858
44,2002,butte creek,11390000,USGS,butte creek,temperature,min,6.5
45,2002,butte creek,11390000,USGS,butte creek,temperature,max,11
45,2002,butte creek,11390000,USGS,butte creek,temperature,mean,9.464285714285714
45,2002,butte creek,11390000,USGS,butte creek,temperature,min,6.5
46,2002,butte creek,11390000,USGS,butte creek,temperature,max,11
46,2002,butte creek,11390000,USGS,butte creek,temperature,mean,9.071428571428571
46,2002,butte creek,11390000,USGS,butte creek,temperature,min,7
47,2002,butte creek,11390000,USGS,butte creek,temperature,max,10.5
47,2002,butte creek,11390000,USGS,butte creek,temperature,mean,9.142857142857142
47,2002,butte creek,11390000,USGS,butte creek,temperature,min,7
48,2002,butte creek,11390000,USGS,butte creek,temperature,max,9.5
48,2002,butte creek,11390000,USGS,butte creek,temperature,mean,7.535714285714286
48,2002,butte creek,11390000,USGS,butte creek,temperature,min,6
49,2002,butte creek,11390000,USGS,butte creek,temperature,max,9
49,2002,butte creek,11390000,USGS,butte creek,temperature,mean,7.392857142857143
49,2002,butte creek,11390000,USGS,butte creek,temperature,min,6
50,2002,butte creek,11390000,USGS,butte creek,temperature,max,11
50,2002,butte creek,11390000,USGS,butte creek,temperature,mean,8.892857142857142
50,2002,butte creek,11390000,USGS,butte creek,temperature,min,6.5
51,2002,butte creek,11390000,USGS,butte creek,temperature,max,9.5
51,2002,butte creek,11390000,USGS,butte creek,temperature,mean,7.392857142857143
51,2002,butte creek,11390000,USGS,butte creek,temperature,min,5.5
52,2002,butte creek,11390000,USGS,butte creek,temperature,max,10
52,2002,butte creek,11390000,USGS,butte creek,temperature,mean,7.607142857142857
52,2002,butte creek,11390000,USGS,butte creek,temperature,min,5.5
53,2002,butte creek,11390000,USGS,butte creek,temperature,max,8.5
53,2002,butte creek,11390000,USGS,butte creek,temperature,mean,8.25
53,2002,butte creek,11390000,USGS,butte creek,temperature,min,8
1,2003,butte creek,11390000,USGS,butte creek,temperature,max,9
1,2003,butte creek,11390000,USGS,butte creek,temperature,mean,8.035714285714286
1,2003,butte creek,11390000,USGS,butte creek,temperature,min,6.5
2,2003,butte creek,11390000,USGS,butte creek,temperature,max,10
2,2003,butte creek,11390000,USGS,butte creek,temperature,mean,8.535714285714286
2,2003,butte creek,11390000,USGS,butte creek,temperature,min,6.5
3,2003,butte creek,11390000,USGS,butte creek,temperature,max,9
3,2003,butte creek,11390000,USGS,butte creek,temperature,mean,8.214285714285714
3,2003,butte creek,11390000,USGS,butte creek,temperature,min,7.5
4,2003,butte creek,11390000,USGS,butte creek,temperature,max,10
4,2003,butte creek,11390000,USGS,butte creek,temperature,mean,9.25
4,2003,butte creek,11390000,USGS,butte creek,temperature,min,8.5
5,2003,butte creek,11390000,USGS,butte creek,temperature,max,10
5,2003,butte creek,11390000,USGS,butte creek,temperature,mean,7.964285714285714
5,2003,butte creek,11390000,USGS,butte creek,temperature,min,5.5
6,2003,butte creek,11390000,USGS,butte creek,temperature,max,7.5
6,2003,butte creek,11390000,USGS,butte creek,temperature,mean,5.678571428571429
6,2003,butte creek,11390000,USGS,butte creek,temperature,min,4
7,2003,butte creek,11390000,USGS,butte creek,temperature,max,10.5
7,2003,butte creek,11390000,USGS,butte creek,temperature,mean,8.392857142857142
7,2003,butte creek,11390000,USGS,butte creek,temperature,min,6
8,2003,butte creek,11390000,USGS,butte creek,temperature,max,9.5
8,2003,butte creek,11390000,USGS,butte creek,temperature,mean,8
8,2003,butte creek,11390000,USGS,butte creek,temperature,min,6.5
9,2003,butte creek,11390000,USGS,butte creek,temperature,max,9
9,2003,butte creek,11390000,USGS,butte creek,temperature,mean,7.25
9,2003,butte creek,11390000,USGS,butte creek,temperature,min,5.5
10,2003,butte creek,11390000,USGS,butte creek,temperature,max,11.5
10,2003,butte creek,11390000,USGS,butte creek,temperature,mean,8.535714285714286
10,2003,butte creek,11390000,USGS,butte creek,temperature,min,5.5
11,2003,butte creek,11390000,USGS,butte creek,temperature,max,12
11,2003,butte creek,11390000,USGS,butte creek,temperature,mean,9.571428571428571
11,2003,butte creek,11390000,USGS,butte creek,temperature,min,7.5
12,2003,butte creek,11390000,USGS,butte creek,temperature,max,11.5
12,2003,butte creek,11390000,USGS,butte creek,temperature,mean,9.785714285714286
12,2003,butte creek,11390000,USGS,butte creek,temperature,min,7.5
13,2003,butte creek,11390000,USGS,butte creek,temperature,max,13
13,2003,butte creek,11390000,USGS,butte creek,temperature,mean,10.214285714285714
13,2003,butte creek,11390000,USGS,butte creek,temperature,min,7.5
14,2003,butte creek,11390000,USGS,butte creek,temperature,max,12
14,2003,butte creek,11390000,USGS,butte creek,temperature,mean,8.25
14,2003,butte creek,11390000,USGS,butte creek,temperature,min,5.5
15,2003,butte creek,11390000,USGS,butte creek,temperature,max,12.5
15,2003,butte creek,11390000,USGS,butte creek,temperature,mean,9.535714285714286
15,2003,butte creek,11390000,USGS,butte creek,temperature,min,7.5
16,2003,butte creek,11390000,USGS,butte creek,temperature,max,12
16,2003,butte creek,11390000,USGS,butte creek,temperature,mean,9.964285714285714
16,2003,butte creek,11390000,USGS,butte creek,temperature,min,8
17,2003,butte creek,11390000,USGS,butte creek,temperature,max,11.5
17,2003,butte creek,11390000,USGS,butte creek,temperature,mean,9.5
17,2003,butte creek,11390000,USGS,butte creek,temperature,min,8
18,2003,butte creek,11390000,USGS,butte creek,temperature,max,12
18,2003,butte creek,11390000,USGS,butte creek,temperature,mean,10.392857142857142
18,2003,butte creek,11390000,USGS,butte creek,temperature,min,9
19,2003,butte creek,11390000,USGS,butte creek,temperature,max,14.5
19,2003,butte creek,11390000,USGS,butte creek,temperature,mean,10.821428571428571
19,2003,butte creek,11390000,USGS,butte creek,temperature,min,8
20,2003,butte creek,11390000,USGS,butte creek,temperature,max,15.5
20,2003,butte creek,11390000,USGS,butte creek,temperature,mean,12.892857142857142
20,2003,butte creek,11390000,USGS,butte creek,temperature,min,10.5
21,2003,butte creek,11390000,USGS,butte creek,temperature,max,17.5
21,2003,butte creek,11390000,USGS,butte creek,temperature,mean,14.892857142857142
21,2003,butte creek,11390000,USGS,butte creek,temperature,min,12.5
22,2003,butte creek,11390000,USGS,butte creek,temperature,max,18.5
22,2003,butte creek,11390000,USGS,butte creek,temperature,mean,15.571428571428571
22,2003,butte creek,11390000,USGS,butte creek,temperature,min,13
23,2003,butte creek,11390000,USGS,butte creek,temperature,max,20.5
23,2003,butte creek,11390000,USGS,butte creek,temperature,mean,17.785714285714285
23,2003,butte creek,11390000,USGS,butte creek,temperature,min,15
24,2003,butte creek,11390000,USGS,butte creek,temperature,max,22
24,2003,butte creek,11390000,USGS,butte creek,temperature,mean,17.785714285714285
24,2003,butte creek,11390000,USGS,butte creek,temperature,min,15
25,2003,butte creek,11390000,USGS,butte creek,temperature,max,21
25,2003,butte creek,11390000,USGS,butte creek,temperature,mean,18.25
25,2003,butte creek,11390000,USGS,butte creek,temperature,min,14.5
26,2003,butte creek,11390000,USGS,butte creek,temperature,max,23
26,2003,butte creek,11390000,USGS,butte creek,temperature,mean,19.035714285714285
26,2003,butte creek,11390000,USGS,butte creek,temperature,min,14.5
27,2003,butte creek,11390000,USGS,butte creek,temperature,max,22.5
27,2003,butte creek,11390000,USGS,butte creek,temperature,mean,19.25
27,2003,butte creek,11390000,USGS,butte creek,temperature,min,15.5
28,2003,butte creek,11390000,USGS,butte creek,temperature,max,23.5
28,2003,butte creek,11390000,USGS,butte creek,temperature,mean,20.678571428571427
28,2003,butte creek,11390000,USGS,butte creek,temperature,min,17
29,2003,butte creek,11390000,USGS,butte creek,temperature,max,26.5
29,2003,butte creek,11390000,USGS,butte creek,temperature,mean,22.035714285714285
29,2003,butte creek,11390000,USGS,butte creek,temperature,min,18.5
30,2003,butte creek,11390000,USGS,butte creek,temperature,max,26.5
30,2003,butte creek,11390000,USGS,butte creek,temperature,mean,23.678571428571427
30,2003,butte creek,11390000,USGS,butte creek,temperature,min,20.5
31,2003,butte creek,11390000,USGS,butte creek,temperature,max,26
31,2003,butte creek,11390000,USGS,butte creek,temperature,mean,22.321428571428573
31,2003,butte creek,11390000,USGS,butte creek,temperature,min,19
32,2003,butte creek,11390000,USGS,butte creek,temperature,max,23
32,2003,butte creek,11390000,USGS,butte creek,temperature,mean,19.892857142857142
32,2003,butte creek,11390000,USGS,butte creek,temperature,min,16.5
33,2003,butte creek,11390000,USGS,butte creek,temperature,max,22.5
33,2003,butte creek,11390000,USGS,butte creek,temperature,mean,19.321428571428573
33,2003,butte creek,11390000,USGS,butte creek,temperature,min,16
34,2003,butte creek,11390000,USGS,butte creek,temperature,max,22.5
34,2003,butte creek,11390000,USGS,butte creek,temperature,mean,19.642857142857142
34,2003,butte creek,11390000,USGS,butte creek,temperature,min,17
35,2003,butte creek,11390000,USGS,butte creek,temperature,max,23
35,2003,butte creek,11390000,USGS,butte creek,temperature,mean,19.714285714285715
35,2003,butte creek,11390000,USGS,butte creek,temperature,min,16.5
36,2003,butte creek,11390000,USGS,butte creek,temperature,max,23
36,2003,butte creek,11390000,USGS,butte creek,temperature,mean,19.25
36,2003,butte creek,11390000,USGS,butte creek,temperature,min,16.5
37,2003,butte creek,11390000,USGS,butte creek,temperature,max,20.5
37,2003,butte creek,11390000,USGS,butte creek,temperature,mean,17.857142857142858
37,2003,butte creek,11390000,USGS,butte creek,temperature,min,15
38,2003,butte creek,11390000,USGS,butte creek,temperature,max,20
38,2003,butte creek,11390000,USGS,butte creek,temperature,mean,17.214285714285715
38,2003,butte creek,11390000,USGS,butte creek,temperature,min,14.5
39,2003,butte creek,11390000,USGS,butte creek,temperature,max,20
39,2003,butte creek,11390000,USGS,butte creek,temperature,mean,17.821428571428573
39,2003,butte creek,11390000,USGS,butte creek,temperature,min,15
40,2003,butte creek,11390000,USGS,butte creek,temperature,max,19
40,2003,butte creek,11390000,USGS,butte creek,temperature,mean,17.142857142857142
40,2003,butte creek,11390000,USGS,butte creek,temperature,min,15
41,2003,butte creek,11390000,USGS,butte creek,temperature,max,18.5
41,2003,butte creek,11390000,USGS,butte creek,temperature,mean,14.428571428571429
41,2003,butte creek,11390000,USGS,butte creek,temperature,min,11
42,2003,butte creek,11390000,USGS,butte creek,temperature,max,15.5
42,2003,butte creek,11390000,USGS,butte creek,temperature,mean,13.285714285714286
42,2003,butte creek,11390000,USGS,butte creek,temperature,min,11.5
43,2003,butte creek,11390000,USGS,butte creek,temperature,max,15.5
43,2003,butte creek,11390000,USGS,butte creek,temperature,mean,13.785714285714286
43,2003,butte creek,11390000,USGS,butte creek,temperature,min,11.5
44,2003,butte creek,11390000,USGS,butte creek,temperature,max,15.5
44,2003,butte creek,11390000,USGS,butte creek,temperature,mean,10.285714285714286
44,2003,butte creek,11390000,USGS,butte creek,temperature,min,6.5
45,2003,butte creek,11390000,USGS,butte creek,temperature,max,11.5
45,2003,butte creek,11390000,USGS,butte creek,temperature,mean,9.285714285714286
45,2003,butte creek,11390000,USGS,butte creek,temperature,min,7.5
46,2003,butte creek,11390000,USGS,butte creek,temperature,max,10
46,2003,butte creek,11390000,USGS,butte creek,temperature,mean,8.892857142857142
46,2003,butte creek,11390000,USGS,butte creek,temperature,min,7.5
47,2003,butte creek,11390000,USGS,butte creek,temperature,max,10
47,2003,butte creek,11390000,USGS,butte creek,temperature,mean,7
47,2003,butte creek,11390000,USGS,butte creek,temperature,min,4
48,2003,butte creek,11390000,USGS,butte creek,temperature,max,9.5
48,2003,butte creek,11390000,USGS,butte creek,temperature,mean,7.071428571428571
48,2003,butte creek,11390000,USGS,butte creek,temperature,min,4.5
49,2003,butte creek,11390000,USGS,butte creek,temperature,max,10
49,2003,butte creek,11390000,USGS,butte creek,temperature,mean,8.357142857142858
49,2003,butte creek,11390000,USGS,butte creek,temperature,min,6
50,2003,butte creek,11390000,USGS,butte creek,temperature,max,8.5
50,2003,butte creek,11390000,USGS,butte creek,temperature,mean,6.892857142857143
50,2003,butte creek,11390000,USGS,butte creek,temperature,min,5.5
51,2003,butte creek,11390000,USGS,butte creek,temperature,max,8.5
51,2003,butte creek,11390000,USGS,butte creek,temperature,mean,6.642857142857143
51,2003,butte creek,11390000,USGS,butte creek,temperature,min,5
52,2003,butte creek,11390000,USGS,butte creek,temperature,max,9.5
52,2003,butte creek,11390000,USGS,butte creek,temperature,mean,6.714285714285714
52,2003,butte creek,11390000,USGS,butte creek,temperature,min,4
53,2003,butte creek,11390000,USGS,butte creek,temperature,max,7.5
53,2003,butte creek,11390000,USGS,butte creek,temperature,mean,7.25
53,2003,butte creek,11390000,USGS,butte creek,temperature,min,7
1,2004,butte creek,11390000,USGS,butte creek,temperature,max,8.5
1,2004,butte creek,11390000,USGS,butte creek,temperature,mean,6.392857142857143
1,2004,butte creek,11390000,USGS,butte creek,temperature,min,4.5
2,2004,butte creek,11390000,USGS,butte creek,temperature,max,9
2,2004,butte creek,11390000,USGS,butte creek,temperature,mean,7.464285714285714
2,2004,butte creek,11390000,USGS,butte creek,temperature,min,6
3,2004,butte creek,11390000,USGS,butte creek,temperature,max,8
3,2004,butte creek,11390000,USGS,butte creek,temperature,mean,6.821428571428571
3,2004,butte creek,11390000,USGS,butte creek,temperature,min,5
4,2004,butte creek,11390000,USGS,butte creek,temperature,max,7
4,2004,butte creek,11390000,USGS,butte creek,temperature,mean,5.857142857142857
4,2004,butte creek,11390000,USGS,butte creek,temperature,min,4.5
5,2004,butte creek,11390000,USGS,butte creek,temperature,max,8
5,2004,butte creek,11390000,USGS,butte creek,temperature,mean,6.607142857142857
5,2004,butte creek,11390000,USGS,butte creek,temperature,min,5.5
6,2004,butte creek,11390000,USGS,butte creek,temperature,max,8
6,2004,butte creek,11390000,USGS,butte creek,temperature,mean,6.464285714285714
6,2004,butte creek,11390000,USGS,butte creek,temperature,min,5
7,2004,butte creek,11390000,USGS,butte creek,temperature,max,9.5
7,2004,butte creek,11390000,USGS,butte creek,temperature,mean,7.678571428571429
7,2004,butte creek,11390000,USGS,butte creek,temperature,min,5
8,2004,butte creek,11390000,USGS,butte creek,temperature,max,10
8,2004,butte creek,11390000,USGS,butte creek,temperature,mean,8.642857142857142
8,2004,butte creek,11390000,USGS,butte creek,temperature,min,8
9,2004,butte creek,11390000,USGS,butte creek,temperature,max,9.5
9,2004,butte creek,11390000,USGS,butte creek,temperature,mean,8.178571428571429
9,2004,butte creek,11390000,USGS,butte creek,temperature,min,7
10,2004,butte creek,11390000,USGS,butte creek,temperature,max,12.5
10,2004,butte creek,11390000,USGS,butte creek,temperature,mean,9.714285714285714
10,2004,butte creek,11390000,USGS,butte creek,temperature,min,7
11,2004,butte creek,11390000,USGS,butte creek,temperature,max,12.5
11,2004,butte creek,11390000,USGS,butte creek,temperature,mean,10.821428571428571
11,2004,butte creek,11390000,USGS,butte creek,temperature,min,9
12,2004,butte creek,11390000,USGS,butte creek,temperature,max,13
12,2004,butte creek,11390000,USGS,butte creek,temperature,mean,11.214285714285714
12,2004,butte creek,11390000,USGS,butte creek,temperature,min,9.5
13,2004,butte creek,11390000,USGS,butte creek,temperature,max,13
13,2004,butte creek,11390000,USGS,butte creek,temperature,mean,10.178571428571429
13,2004,butte creek,11390000,USGS,butte creek,temperature,min,8
14,2004,butte creek,11390000,USGS,butte creek,temperature,max,12.5
14,2004,butte creek,11390000,USGS,butte creek,temperature,mean,10.392857142857142
14,2004,butte creek,11390000,USGS,butte creek,temperature,min,8.5
15,2004,butte creek,11390000,USGS,butte creek,temperature,max,13.5
15,2004,butte creek,11390000,USGS,butte creek,temperature,mean,11.214285714285714
15,2004,butte creek,11390000,USGS,butte creek,temperature,min,9
16,2004,butte creek,11390000,USGS,butte creek,temperature,max,11.5
16,2004,butte creek,11390000,USGS,butte creek,temperature,mean,8.964285714285714
16,2004,butte creek,11390000,USGS,butte creek,temperature,min,7.5
17,2004,butte creek,11390000,USGS,butte creek,temperature,max,17
17,2004,butte creek,11390000,USGS,butte creek,temperature,mean,12.535714285714286
17,2004,butte creek,11390000,USGS,butte creek,temperature,min,7.5
18,2004,butte creek,11390000,USGS,butte creek,temperature,max,17
18,2004,butte creek,11390000,USGS,butte creek,temperature,mean,13.785714285714286
18,2004,butte creek,11390000,USGS,butte creek,temperature,min,10.5
19,2004,butte creek,11390000,USGS,butte creek,temperature,max,15.5
19,2004,butte creek,11390000,USGS,butte creek,temperature,mean,12.928571428571429
19,2004,butte creek,11390000,USGS,butte creek,temperature,min,9.5
20,2004,butte creek,11390000,USGS,butte creek,temperature,max,16.5
20,2004,butte creek,11390000,USGS,butte creek,temperature,mean,13.785714285714286
20,2004,butte creek,11390000,USGS,butte creek,temperature,min,10.5
21,2004,butte creek,11390000,USGS,butte creek,temperature,max,17
21,2004,butte creek,11390000,USGS,butte creek,temperature,mean,14.214285714285714
21,2004,butte creek,11390000,USGS,butte creek,temperature,min,12
22,2004,butte creek,11390000,USGS,butte creek,temperature,max,20
22,2004,butte creek,11390000,USGS,butte creek,temperature,mean,15.714285714285714
22,2004,butte creek,11390000,USGS,butte creek,temperature,min,12.5
23,2004,butte creek,11390000,USGS,butte creek,temperature,max,20
23,2004,butte creek,11390000,USGS,butte creek,temperature,mean,17.107142857142858
23,2004,butte creek,11390000,USGS,butte creek,temperature,min,13.5
24,2004,butte creek,11390000,USGS,butte creek,temperature,max,22
24,2004,butte creek,11390000,USGS,butte creek,temperature,mean,17.642857142857142
24,2004,butte creek,11390000,USGS,butte creek,temperature,min,13.5
25,2004,butte creek,11390000,USGS,butte creek,temperature,max,23
25,2004,butte creek,11390000,USGS,butte creek,temperature,mean,20.107142857142858
25,2004,butte creek,11390000,USGS,butte creek,temperature,min,17.5
26,2004,butte creek,11390000,USGS,butte creek,temperature,max,23
26,2004,butte creek,11390000,USGS,butte creek,temperature,mean,20.5
26,2004,butte creek,11390000,USGS,butte creek,temperature,min,17.5
27,2004,butte creek,11390000,USGS,butte creek,temperature,max,26
27,2004,butte creek,11390000,USGS,butte creek,temperature,mean,22.142857142857142
27,2004,butte creek,11390000,USGS,butte creek,temperature,min,18.5
28,2004,butte creek,11390000,USGS,butte creek,temperature,max,25
28,2004,butte creek,11390000,USGS,butte creek,temperature,mean,21.107142857142858
28,2004,butte creek,11390000,USGS,butte creek,temperature,min,17.5
29,2004,butte creek,11390000,USGS,butte creek,temperature,max,25.5
29,2004,butte creek,11390000,USGS,butte creek,temperature,mean,21.428571428571427
29,2004,butte creek,11390000,USGS,butte creek,temperature,min,17.5
30,2004,butte creek,11390000,USGS,butte creek,temperature,max,25.5
30,2004,butte creek,11390000,USGS,butte creek,temperature,mean,22.464285714285715
30,2004,butte creek,11390000,USGS,butte creek,temperature,min,19.5
31,2004,butte creek,11390000,USGS,butte creek,temperature,max,24.5
31,2004,butte creek,11390000,USGS,butte creek,temperature,mean,21.178571428571427
31,2004,butte creek,11390000,USGS,butte creek,temperature,min,18
32,2004,butte creek,11390000,USGS,butte creek,temperature,max,23.5
32,2004,butte creek,11390000,USGS,butte creek,temperature,mean,20.5
32,2004,butte creek,11390000,USGS,butte creek,temperature,min,17.5
33,2004,butte creek,11390000,USGS,butte creek,temperature,max,23.5
33,2004,butte creek,11390000,USGS,butte creek,temperature,mean,20.785714285714285
33,2004,butte creek,11390000,USGS,butte creek,temperature,min,18
34,2004,butte creek,11390000,USGS,butte creek,temperature,max,24
34,2004,butte creek,11390000,USGS,butte creek,temperature,mean,20.892857142857142
34,2004,butte creek,11390000,USGS,butte creek,temperature,min,18
35,2004,butte creek,11390000,USGS,butte creek,temperature,max,22.5
35,2004,butte creek,11390000,USGS,butte creek,temperature,mean,19.857142857142858
35,2004,butte creek,11390000,USGS,butte creek,temperature,min,17
36,2004,butte creek,11390000,USGS,butte creek,temperature,max,21.5
36,2004,butte creek,11390000,USGS,butte creek,temperature,mean,18.821428571428573
36,2004,butte creek,11390000,USGS,butte creek,temperature,min,16
37,2004,butte creek,11390000,USGS,butte creek,temperature,max,21.5
37,2004,butte creek,11390000,USGS,butte creek,temperature,mean,18.392857142857142
37,2004,butte creek,11390000,USGS,butte creek,temperature,min,15
38,2004,butte creek,11390000,USGS,butte creek,temperature,max,20.5
38,2004,butte creek,11390000,USGS,butte creek,temperature,mean,16.571428571428573
38,2004,butte creek,11390000,USGS,butte creek,temperature,min,13
39,2004,butte creek,11390000,USGS,butte creek,temperature,max,18.5
39,2004,butte creek,11390000,USGS,butte creek,temperature,mean,15.857142857142858
39,2004,butte creek,11390000,USGS,butte creek,temperature,min,13.5
40,2004,butte creek,11390000,USGS,butte creek,temperature,max,18.6
40,2004,butte creek,11390000,USGS,butte creek,temperature,mean,16.449999999999996
40,2004,butte creek,11390000,USGS,butte creek,temperature,min,14
41,2004,butte creek,11390000,USGS,butte creek,temperature,max,18.1
41,2004,butte creek,11390000,USGS,butte creek,temperature,mean,15.385714285714284
41,2004,butte creek,11390000,USGS,butte creek,temperature,min,12.5
42,2004,butte creek,11390000,USGS,butte creek,temperature,max,16.3
42,2004,butte creek,11390000,USGS,butte creek,temperature,mean,13.32142857142857
42,2004,butte creek,11390000,USGS,butte creek,temperature,min,10.4
43,2004,butte creek,11390000,USGS,butte creek,temperature,max,12.5
43,2004,butte creek,11390000,USGS,butte creek,temperature,mean,10.707142857142857
43,2004,butte creek,11390000,USGS,butte creek,temperature,min,8.8
44,2004,butte creek,11390000,USGS,butte creek,temperature,max,10.6
44,2004,butte creek,11390000,USGS,butte creek,temperature,mean,9.007142857142856
44,2004,butte creek,11390000,USGS,butte creek,temperature,min,7.2
45,2004,butte creek,11390000,USGS,butte creek,temperature,max,10.6
45,2004,butte creek,11390000,USGS,butte creek,temperature,mean,9.214285714285712
45,2004,butte creek,11390000,USGS,butte creek,temperature,min,7.1
46,2004,butte creek,11390000,USGS,butte creek,temperature,max,11.3
46,2004,butte creek,11390000,USGS,butte creek,temperature,mean,9.742857142857144
46,2004,butte creek,11390000,USGS,butte creek,temperature,min,8.4
47,2004,butte creek,11390000,USGS,butte creek,temperature,max,9.9
47,2004,butte creek,11390000,USGS,butte creek,temperature,mean,7.307142857142858
47,2004,butte creek,11390000,USGS,butte creek,temperature,min,5
48,2004,butte creek,11390000,USGS,butte creek,temperature,max,8.4
48,2004,butte creek,11390000,USGS,butte creek,temperature,mean,5.621428571428572
48,2004,butte creek,11390000,USGS,butte creek,temperature,min,3.1
49,2004,butte creek,11390000,USGS,butte creek,temperature,max,8.9
49,2004,butte creek,11390000,USGS,butte creek,temperature,mean,5.1000000000000005
49,2004,butte creek,11390000,USGS,butte creek,temperature,min,3
50,2004,butte creek,11390000,USGS,butte creek,temperature,max,9.8
50,2004,butte creek,11390000,USGS,butte creek,temperature,mean,8.1
50,2004,butte creek,11390000,USGS,butte creek,temperature,min,6.3
51,2004,butte creek,11390000,USGS,butte creek,temperature,max,7.4
51,2004,butte creek,11390000,USGS,butte creek,temperature,mean,6.028571428571429
51,2004,butte creek,11390000,USGS,butte creek,temperature,min,4.6
52,2004,butte creek,11390000,USGS,butte creek,temperature,max,7.7
52,2004,butte creek,11390000,USGS,butte creek,temperature,mean,5.75
52,2004,butte creek,11390000,USGS,butte creek,temperature,min,3.7
53,2004,butte creek,11390000,USGS,butte creek,temperature,max,8.2
53,2004,butte creek,11390000,USGS,butte creek,temperature,mean,7.550000000000001
53,2004,butte creek,11390000,USGS,butte creek,temperature,min,6.9
1,2005,butte creek,11390000,USGS,butte creek,temperature,max,7.7
1,2005,butte creek,11390000,USGS,butte creek,temperature,mean,6.828571428571429
1,2005,butte creek,11390000,USGS,butte creek,temperature,min,5.8
2,2005,butte creek,11390000,USGS,butte creek,temperature,max,8.1
2,2005,butte creek,11390000,USGS,butte creek,temperature,mean,6.757142857142858
2,2005,butte creek,11390000,USGS,butte creek,temperature,min,5.3
3,2005,butte creek,11390000,USGS,butte creek,temperature,max,8.3
3,2005,butte creek,11390000,USGS,butte creek,temperature,mean,7.078571428571429
3,2005,butte creek,11390000,USGS,butte creek,temperature,min,6.2
4,2005,butte creek,11390000,USGS,butte creek,temperature,max,8.8
4,2005,butte creek,11390000,USGS,butte creek,temperature,mean,7.485714285714286
4,2005,butte creek,11390000,USGS,butte creek,temperature,min,5.8
5,2005,butte creek,11390000,USGS,butte creek,temperature,max,9.3
5,2005,butte creek,11390000,USGS,butte creek,temperature,mean,7.457142857142856
5,2005,butte creek,11390000,USGS,butte creek,temperature,min,6.1
6,2005,butte creek,11390000,USGS,butte creek,temperature,max,8.7
6,2005,butte creek,11390000,USGS,butte creek,temperature,mean,7.421428571428572
6,2005,butte creek,11390000,USGS,butte creek,temperature,min,5.9
7,2005,butte creek,11390000,USGS,butte creek,temperature,max,10.2
7,2005,butte creek,11390000,USGS,butte creek,temperature,mean,8.178571428571429
7,2005,butte creek,11390000,USGS,butte creek,temperature,min,6
8,2005,butte creek,11390000,USGS,butte creek,temperature,max,10.5
8,2005,butte creek,11390000,USGS,butte creek,temperature,mean,8.85
8,2005,butte creek,11390000,USGS,butte creek,temperature,min,7.6
9,2005,butte creek,11390000,USGS,butte creek,temperature,max,11
9,2005,butte creek,11390000,USGS,butte creek,temperature,mean,8.842857142857143
9,2005,butte creek,11390000,USGS,butte creek,temperature,min,7
10,2005,butte creek,11390000,USGS,butte creek,temperature,max,12.9
10,2005,butte creek,11390000,USGS,butte creek,temperature,mean,10.535714285714286
10,2005,butte creek,11390000,USGS,butte creek,temperature,min,8.1
11,2005,butte creek,11390000,USGS,butte creek,temperature,max,13
11,2005,butte creek,11390000,USGS,butte creek,temperature,mean,9.664285714285715
11,2005,butte creek,11390000,USGS,butte creek,temperature,min,7.3
12,2005,butte creek,11390000,USGS,butte creek,temperature,max,9.7
12,2005,butte creek,11390000,USGS,butte creek,temperature,mean,8.728571428571428
12,2005,butte creek,11390000,USGS,butte creek,temperature,min,7.1
13,2005,butte creek,11390000,USGS,butte creek,temperature,max,10.5
13,2005,butte creek,11390000,USGS,butte creek,temperature,mean,9.214285714285712
13,2005,butte creek,11390000,USGS,butte creek,temperature,min,7.4
14,2005,butte creek,11390000,USGS,butte creek,temperature,max,12.4
14,2005,butte creek,11390000,USGS,butte creek,temperature,mean,9.528571428571428
14,2005,butte creek,11390000,USGS,butte creek,temperature,min,7.3
15,2005,butte creek,11390000,USGS,butte creek,temperature,max,12.2
15,2005,butte creek,11390000,USGS,butte creek,temperature,mean,9.650000000000002
15,2005,butte creek,11390000,USGS,butte creek,temperature,min,6.9
16,2005,butte creek,11390000,USGS,butte creek,temperature,max,13.5
16,2005,butte creek,11390000,USGS,butte creek,temperature,mean,10.77142857142857
16,2005,butte creek,11390000,USGS,butte creek,temperature,min,8.1
17,2005,butte creek,11390000,USGS,butte creek,temperature,max,13.9
17,2005,butte creek,11390000,USGS,butte creek,temperature,mean,11.328571428571427
17,2005,butte creek,11390000,USGS,butte creek,temperature,min,8.7
18,2005,butte creek,11390000,USGS,butte creek,temperature,max,15
18,2005,butte creek,11390000,USGS,butte creek,temperature,mean,12.3
18,2005,butte creek,11390000,USGS,butte creek,temperature,min,10.2
19,2005,butte creek,11390000,USGS,butte creek,temperature,max,14.5
19,2005,butte creek,11390000,USGS,butte creek,temperature,mean,11.164285714285715
19,2005,butte creek,11390000,USGS,butte creek,temperature,min,8.4
20,2005,butte creek,11390000,USGS,butte creek,temperature,max,15.2
20,2005,butte creek,11390000,USGS,butte creek,temperature,mean,11.642857142857144
20,2005,butte creek,11390000,USGS,butte creek,temperature,min,9.6
21,2005,butte creek,11390000,USGS,butte creek,temperature,max,17.8
21,2005,butte creek,11390000,USGS,butte creek,temperature,mean,13.914285714285715
21,2005,butte creek,11390000,USGS,butte creek,temperature,min,10.6
22,2005,butte creek,11390000,USGS,butte creek,temperature,max,17.6
22,2005,butte creek,11390000,USGS,butte creek,temperature,mean,14.828571428571431
22,2005,butte creek,11390000,USGS,butte creek,temperature,min,11.6
23,2005,butte creek,11390000,USGS,butte creek,temperature,max,17.1
23,2005,butte creek,11390000,USGS,butte creek,temperature,mean,13.671428571428573
23,2005,butte creek,11390000,USGS,butte creek,temperature,min,10.6
24,2005,butte creek,11390000,USGS,butte creek,temperature,max,19.2
24,2005,butte creek,11390000,USGS,butte creek,temperature,mean,15.435714285714289
24,2005,butte creek,11390000,USGS,butte creek,temperature,min,11.9
25,2005,butte creek,11390000,USGS,butte creek,temperature,max,19
25,2005,butte creek,11390000,USGS,butte creek,temperature,mean,15.014285714285714
25,2005,butte creek,11390000,USGS,butte creek,temperature,min,11
26,2005,butte creek,11390000,USGS,butte creek,temperature,max,22.4
26,2005,butte creek,11390000,USGS,butte creek,temperature,mean,17.900000000000002
26,2005,butte creek,11390000,USGS,butte creek,temperature,min,14.8
27,2005,butte creek,11390000,USGS,butte creek,temperature,max,23.2
27,2005,butte creek,11390000,USGS,butte creek,temperature,mean,20.428571428571427
27,2005,butte creek,11390000,USGS,butte creek,temperature,min,17.8
28,2005,butte creek,11390000,USGS,butte creek,temperature,max,24.6
28,2005,butte creek,11390000,USGS,butte creek,temperature,mean,20.907142857142855
28,2005,butte creek,11390000,USGS,butte creek,temperature,min,17.7
29,2005,butte creek,11390000,USGS,butte creek,temperature,max,25.4
29,2005,butte creek,11390000,USGS,butte creek,temperature,mean,22.39285714285714
29,2005,butte creek,11390000,USGS,butte creek,temperature,min,19
30,2005,butte creek,11390000,USGS,butte creek,temperature,max,23.8
30,2005,butte creek,11390000,USGS,butte creek,temperature,mean,21.235714285714284
30,2005,butte creek,11390000,USGS,butte creek,temperature,min,18.5
31,2005,butte creek,11390000,USGS,butte creek,temperature,max,24.3
31,2005,butte creek,11390000,USGS,butte creek,temperature,mean,20.921428571428574
31,2005,butte creek,11390000,USGS,butte creek,temperature,min,17.6
32,2005,butte creek,11390000,USGS,butte creek,temperature,max,23.4
32,2005,butte creek,11390000,USGS,butte creek,temperature,mean,20.835714285714285
32,2005,butte creek,11390000,USGS,butte creek,temperature,min,18.1
33,2005,butte creek,11390000,USGS,butte creek,temperature,max,23
33,2005,butte creek,11390000,USGS,butte creek,temperature,mean,20.407142857142855
33,2005,butte creek,11390000,USGS,butte creek,temperature,min,17.6
34,2005,butte creek,11390000,USGS,butte creek,temperature,max,22.2
34,2005,butte creek,11390000,USGS,butte creek,temperature,mean,19.47142857142857
34,2005,butte creek,11390000,USGS,butte creek,temperature,min,16.6
35,2005,butte creek,11390000,USGS,butte creek,temperature,max,22.2
35,2005,butte creek,11390000,USGS,butte creek,temperature,mean,18.857142857142858
35,2005,butte creek,11390000,USGS,butte creek,temperature,min,15.8
36,2005,butte creek,11390000,USGS,butte creek,temperature,max,20.7
36,2005,butte creek,11390000,USGS,butte creek,temperature,mean,17.95
36,2005,butte creek,11390000,USGS,butte creek,temperature,min,15.2
37,2005,butte creek,11390000,USGS,butte creek,temperature,max,19.6
37,2005,butte creek,11390000,USGS,butte creek,temperature,mean,16.242857142857144
37,2005,butte creek,11390000,USGS,butte creek,temperature,min,13.4
38,2005,butte creek,11390000,USGS,butte creek,temperature,max,18.9
38,2005,butte creek,11390000,USGS,butte creek,temperature,mean,16.46428571428571
38,2005,butte creek,11390000,USGS,butte creek,temperature,min,13.8
39,2005,butte creek,11390000,USGS,butte creek,temperature,max,17.8
39,2005,butte creek,11390000,USGS,butte creek,temperature,mean,15.557142857142859
39,2005,butte creek,11390000,USGS,butte creek,temperature,min,13.2
40,2005,butte creek,11390000,USGS,butte creek,temperature,max,16.5
40,2005,butte creek,11390000,USGS,butte creek,temperature,mean,14.1
40,2005,butte creek,11390000,USGS,butte creek,temperature,min,11.6
41,2005,butte creek,11390000,USGS,butte creek,temperature,max,15.3
41,2005,butte creek,11390000,USGS,butte creek,temperature,mean,13.607142857142858
41,2005,butte creek,11390000,USGS,butte creek,temperature,min,11.7
42,2005,butte creek,11390000,USGS,butte creek,temperature,max,15.2
42,2005,butte creek,11390000,USGS,butte creek,temperature,mean,13.442857142857145
42,2005,butte creek,11390000,USGS,butte creek,temperature,min,11.3
43,2005,butte creek,11390000,USGS,butte creek,temperature,max,14.3
43,2005,butte creek,11390000,USGS,butte creek,temperature,mean,12.528571428571427
43,2005,butte creek,11390000,USGS,butte creek,temperature,min,11.2
44,2005,butte creek,11390000,USGS,butte creek,temperature,max,13.2
44,2005,butte creek,11390000,USGS,butte creek,temperature,mean,11.02142857142857
44,2005,butte creek,11390000,USGS,butte creek,temperature,min,9.4
45,2005,butte creek,11390000,USGS,butte creek,temperature,max,12.2
45,2005,butte creek,11390000,USGS,butte creek,temperature,mean,10.707142857142856
45,2005,butte creek,11390000,USGS,butte creek,temperature,min,8.6
46,2005,butte creek,11390000,USGS,butte creek,temperature,max,11.7
46,2005,butte creek,11390000,USGS,butte creek,temperature,mean,9.92857142857143
46,2005,butte creek,11390000,USGS,butte creek,temperature,min,7.7
47,2005,butte creek,11390000,USGS,butte creek,temperature,max,9.7
47,2005,butte creek,11390000,USGS,butte creek,temperature,mean,8.335714285714285
47,2005,butte creek,11390000,USGS,butte creek,temperature,min,7
48,2005,butte creek,11390000,USGS,butte creek,temperature,max,9.9
48,2005,butte creek,11390000,USGS,butte creek,temperature,mean,7.092857142857143
48,2005,butte creek,11390000,USGS,butte creek,temperature,min,5.5
49,2005,butte creek,11390000,USGS,butte creek,temperature,max,7.4
49,2005,butte creek,11390000,USGS,butte creek,temperature,mean,5.757142857142859
49,2005,butte creek,11390000,USGS,butte creek,temperature,min,3.9
50,2005,butte creek,11390000,USGS,butte creek,temperature,max,7.2
50,2005,butte creek,11390000,USGS,butte creek,temperature,mean,5.6571428571428575
50,2005,butte creek,11390000,USGS,butte creek,temperature,min,4.2
51,2005,butte creek,11390000,USGS,butte creek,temperature,max,11.7
51,2005,butte creek,11390000,USGS,butte creek,temperature,mean,8.549999999999999
51,2005,butte creek,11390000,USGS,butte creek,temperature,min,4.3
52,2005,butte creek,11390000,USGS,butte creek,temperature,max,11.1
52,2005,butte creek,11390000,USGS,butte creek,temperature,mean,9.964285714285714
52,2005,butte creek,11390000,USGS,butte creek,temperature,min,8.8
53,2005,butte creek,11390000,USGS,butte creek,temperature,max,10.3
53,2005,butte creek,11390000,USGS,butte creek,temperature,mean,9.8
53,2005,butte creek,11390000,USGS,butte creek,temperature,min,9.3
1,2006,butte creek,11390000,USGS,butte creek,temperature,max,9.7
1,2006,butte creek,11390000,USGS,butte creek,temperature,mean,9.221428571428572
1,2006,butte creek,11390000,USGS,butte creek,temperature,min,8.5
2,2006,butte creek,11390000,USGS,butte creek,temperature,max,9.1
2,2006,butte creek,11390000,USGS,butte creek,temperature,mean,8.292857142857143
2,2006,butte creek,11390000,USGS,butte creek,temperature,min,7.3
3,2006,butte creek,11390000,USGS,butte creek,temperature,max,8.4
3,2006,butte creek,11390000,USGS,butte creek,temperature,mean,7.528571428571428
3,2006,butte creek,11390000,USGS,butte creek,temperature,min,6.4
4,2006,butte creek,11390000,USGS,butte creek,temperature,max,8.2
4,2006,butte creek,11390000,USGS,butte creek,temperature,mean,7.3
4,2006,butte creek,11390000,USGS,butte creek,temperature,min,6.3
5,2006,butte creek,11390000,USGS,butte creek,temperature,max,9.9
5,2006,butte creek,11390000,USGS,butte creek,temperature,mean,8.299999999999999
5,2006,butte creek,11390000,USGS,butte creek,temperature,min,6.9
6,2006,butte creek,11390000,USGS,butte creek,temperature,max,9.8
6,2006,butte creek,11390000,USGS,butte creek,temperature,mean,8.285714285714285
6,2006,butte creek,11390000,USGS,butte creek,temperature,min,6.8
7,2006,butte creek,11390000,USGS,butte creek,temperature,max,9.7
7,2006,butte creek,11390000,USGS,butte creek,temperature,mean,6.992857142857142
7,2006,butte creek,11390000,USGS,butte creek,temperature,min,4.6
8,2006,butte creek,11390000,USGS,butte creek,temperature,max,8.9
8,2006,butte creek,11390000,USGS,butte creek,temperature,mean,6.371428571428572
8,2006,butte creek,11390000,USGS,butte creek,temperature,min,4.1
9,2006,butte creek,11390000,USGS,butte creek,temperature,max,10.3
9,2006,butte creek,11390000,USGS,butte creek,temperature,mean,7.95
9,2006,butte creek,11390000,USGS,butte creek,temperature,min,6.5
10,2006,butte creek,11390000,USGS,butte creek,temperature,max,9.3
10,2006,butte creek,11390000,USGS,butte creek,temperature,mean,7.885714285714285
10,2006,butte creek,11390000,USGS,butte creek,temperature,min,6.2
11,2006,butte creek,11390000,USGS,butte creek,temperature,max,8.9
11,2006,butte creek,11390000,USGS,butte creek,temperature,mean,7.335714285714287
11,2006,butte creek,11390000,USGS,butte creek,temperature,min,6.1
12,2006,butte creek,11390000,USGS,butte creek,temperature,max,10.3
12,2006,butte creek,11390000,USGS,butte creek,temperature,mean,8.35
12,2006,butte creek,11390000,USGS,butte creek,temperature,min,6.8
13,2006,butte creek,11390000,USGS,butte creek,temperature,max,10
13,2006,butte creek,11390000,USGS,butte creek,temperature,mean,8.764285714285716
13,2006,butte creek,11390000,USGS,butte creek,temperature,min,7.8
14,2006,butte creek,11390000,USGS,butte creek,temperature,max,10.4
14,2006,butte creek,11390000,USGS,butte creek,temperature,mean,9.107142857142858
14,2006,butte creek,11390000,USGS,butte creek,temperature,min,8.3
15,2006,butte creek,11390000,USGS,butte creek,temperature,max,11.2
15,2006,butte creek,11390000,USGS,butte creek,temperature,mean,9.542857142857143
15,2006,butte creek,11390000,USGS,butte creek,temperature,min,8.6
16,2006,butte creek,11390000,USGS,butte creek,temperature,max,11.6
16,2006,butte creek,11390000,USGS,butte creek,temperature,mean,9.457142857142856
16,2006,butte creek,11390000,USGS,butte creek,temperature,min,6.8
17,2006,butte creek,11390000,USGS,butte creek,temperature,max,13.2
17,2006,butte creek,11390000,USGS,butte creek,temperature,mean,11.099999999999998
17,2006,butte creek,11390000,USGS,butte creek,temperature,min,9
18,2006,butte creek,11390000,USGS,butte creek,temperature,max,12.7
18,2006,butte creek,11390000,USGS,butte creek,temperature,mean,11.235714285714286
18,2006,butte creek,11390000,USGS,butte creek,temperature,min,9.8
19,2006,butte creek,11390000,USGS,butte creek,temperature,max,14.1
19,2006,butte creek,11390000,USGS,butte creek,temperature,mean,12.257142857142856
19,2006,butte creek,11390000,USGS,butte creek,temperature,min,10.6
20,2006,butte creek,11390000,USGS,butte creek,temperature,max,15.5
20,2006,butte creek,11390000,USGS,butte creek,temperature,mean,13.657142857142857
20,2006,butte creek,11390000,USGS,butte creek,temperature,min,11.8
21,2006,butte creek,11390000,USGS,butte creek,temperature,max,14.4
21,2006,butte creek,11390000,USGS,butte creek,temperature,mean,12.178571428571429
21,2006,butte creek,11390000,USGS,butte creek,temperature,min,10.3
22,2006,butte creek,11390000,USGS,butte creek,temperature,max,17.3
22,2006,butte creek,11390000,USGS,butte creek,temperature,mean,13.235714285714286
22,2006,butte creek,11390000,USGS,butte creek,temperature,min,9.7
23,2006,butte creek,11390000,USGS,butte creek,temperature,max,18.5
23,2006,butte creek,11390000,USGS,butte creek,temperature,mean,16
23,2006,butte creek,11390000,USGS,butte creek,temperature,min,13.9
24,2006,butte creek,11390000,USGS,butte creek,temperature,max,19.3
24,2006,butte creek,11390000,USGS,butte creek,temperature,mean,15.642857142857142
24,2006,butte creek,11390000,USGS,butte creek,temperature,min,12.9
25,2006,butte creek,11390000,USGS,butte creek,temperature,max,21.7
25,2006,butte creek,11390000,USGS,butte creek,temperature,mean,18.064285714285713
25,2006,butte creek,11390000,USGS,butte creek,temperature,min,15.3
26,2006,butte creek,11390000,USGS,butte creek,temperature,max,22.9
26,2006,butte creek,11390000,USGS,butte creek,temperature,mean,20.25
26,2006,butte creek,11390000,USGS,butte creek,temperature,min,17.4
27,2006,butte creek,11390000,USGS,butte creek,temperature,max,22.1
27,2006,butte creek,11390000,USGS,butte creek,temperature,mean,19.235714285714288
27,2006,butte creek,11390000,USGS,butte creek,temperature,min,16.3
28,2006,butte creek,11390000,USGS,butte creek,temperature,max,22.8
28,2006,butte creek,11390000,USGS,butte creek,temperature,mean,19.87142857142857
28,2006,butte creek,11390000,USGS,butte creek,temperature,min,17
29,2006,butte creek,11390000,USGS,butte creek,temperature,max,24.3
29,2006,butte creek,11390000,USGS,butte creek,temperature,mean,21.214285714285715
29,2006,butte creek,11390000,USGS,butte creek,temperature,min,17.9
30,2006,butte creek,11390000,USGS,butte creek,temperature,max,25.1
30,2006,butte creek,11390000,USGS,butte creek,temperature,mean,21.930000000000003
30,2006,butte creek,11390000,USGS,butte creek,temperature,min,18.8
31,2006,butte creek,11390000,USGS,butte creek,temperature,max,22.8
31,2006,butte creek,11390000,USGS,butte creek,temperature,mean,19.900000000000002
31,2006,butte creek,11390000,USGS,butte creek,temperature,min,17.2
32,2006,butte creek,11390000,USGS,butte creek,temperature,max,22.7
32,2006,butte creek,11390000,USGS,butte creek,temperature,mean,20.1
32,2006,butte creek,11390000,USGS,butte creek,temperature,min,17
33,2006,butte creek,11390000,USGS,butte creek,temperature,max,21.6
33,2006,butte creek,11390000,USGS,butte creek,temperature,mean,18.621428571428574
33,2006,butte creek,11390000,USGS,butte creek,temperature,min,15.7
34,2006,butte creek,11390000,USGS,butte creek,temperature,max,20.6
34,2006,butte creek,11390000,USGS,butte creek,temperature,mean,18.057142857142857
34,2006,butte creek,11390000,USGS,butte creek,temperature,min,15.3
35,2006,butte creek,11390000,USGS,butte creek,temperature,max,21.2
35,2006,butte creek,11390000,USGS,butte creek,temperature,mean,18.471428571428568
35,2006,butte creek,11390000,USGS,butte creek,temperature,min,16
36,2006,butte creek,11390000,USGS,butte creek,temperature,max,20.7
36,2006,butte creek,11390000,USGS,butte creek,temperature,mean,18.242857142857144
36,2006,butte creek,11390000,USGS,butte creek,temperature,min,16.1
37,2006,butte creek,11390000,USGS,butte creek,temperature,max,20.9
37,2006,butte creek,11390000,USGS,butte creek,temperature,mean,17.72142857142857
37,2006,butte creek,11390000,USGS,butte creek,temperature,min,13.8
38,2006,butte creek,11390000,USGS,butte creek,temperature,max,17.7
38,2006,butte creek,11390000,USGS,butte creek,temperature,mean,15.285714285714286
38,2006,butte creek,11390000,USGS,butte creek,temperature,min,12.7
39,2006,butte creek,11390000,USGS,butte creek,temperature,max,17.1
39,2006,butte creek,11390000,USGS,butte creek,temperature,mean,14.957142857142857
39,2006,butte creek,11390000,USGS,butte creek,temperature,min,12.8
40,2006,butte creek,11390000,USGS,butte creek,temperature,max,15.6
40,2006,butte creek,11390000,USGS,butte creek,temperature,mean,13.828571428571427
40,2006,butte creek,11390000,USGS,butte creek,temperature,min,11.6
41,2006,butte creek,11390000,USGS,butte creek,temperature,max,15.2
41,2006,butte creek,11390000,USGS,butte creek,temperature,mean,13.035714285714286
41,2006,butte creek,11390000,USGS,butte creek,temperature,min,11.1
42,2006,butte creek,11390000,USGS,butte creek,temperature,max,14.2
42,2006,butte creek,11390000,USGS,butte creek,temperature,mean,12.15
42,2006,butte creek,11390000,USGS,butte creek,temperature,min,9.9
43,2006,butte creek,11390000,USGS,butte creek,temperature,max,13.4
43,2006,butte creek,11390000,USGS,butte creek,temperature,mean,10.792857142857143
43,2006,butte creek,11390000,USGS,butte creek,temperature,min,8.3
44,2006,butte creek,11390000,USGS,butte creek,temperature,max,11
44,2006,butte creek,11390000,USGS,butte creek,temperature,mean,9.471428571428572
44,2006,butte creek,11390000,USGS,butte creek,temperature,min,7.7
45,2006,butte creek,11390000,USGS,butte creek,temperature,max,13.2
45,2006,butte creek,11390000,USGS,butte creek,temperature,mean,10.57142857142857
45,2006,butte creek,11390000,USGS,butte creek,temperature,min,8.2
46,2006,butte creek,11390000,USGS,butte creek,temperature,max,11.6
46,2006,butte creek,11390000,USGS,butte creek,temperature,mean,9.342857142857143
46,2006,butte creek,11390000,USGS,butte creek,temperature,min,6.9
47,2006,butte creek,11390000,USGS,butte creek,temperature,max,11.4
47,2006,butte creek,11390000,USGS,butte creek,temperature,mean,9.407142857142857
47,2006,butte creek,11390000,USGS,butte creek,temperature,min,5.7
48,2006,butte creek,11390000,USGS,butte creek,temperature,max,7.9
48,2006,butte creek,11390000,USGS,butte creek,temperature,mean,5.414285714285714
48,2006,butte creek,11390000,USGS,butte creek,temperature,min,3.6
49,2006,butte creek,11390000,USGS,butte creek,temperature,max,7.9
49,2006,butte creek,11390000,USGS,butte creek,temperature,mean,5.514285714285714
49,2006,butte creek,11390000,USGS,butte creek,temperature,min,3.8
50,2006,butte creek,11390000,USGS,butte creek,temperature,max,10.3
50,2006,butte creek,11390000,USGS,butte creek,temperature,mean,8.135714285714286
50,2006,butte creek,11390000,USGS,butte creek,temperature,min,5.9
51,2006,butte creek,11390000,USGS,butte creek,temperature,max,6.3
51,2006,butte creek,11390000,USGS,butte creek,temperature,mean,4.6499999999999995
51,2006,butte creek,11390000,USGS,butte creek,temperature,min,2.8
52,2006,butte creek,11390000,USGS,butte creek,temperature,max,8.4
52,2006,butte creek,11390000,USGS,butte creek,temperature,mean,5.9642857142857135
52,2006,butte creek,11390000,USGS,butte creek,temperature,min,4
53,2006,butte creek,11390000,USGS,butte creek,temperature,max,6.4
53,2006,butte creek,11390000,USGS,butte creek,temperature,mean,5.45
53,2006,butte creek,11390000,USGS,butte creek,temperature,min,4.5
1,2007,butte creek,11390000,USGS,butte creek,temperature,max,7.7
1,2007,butte creek,11390000,USGS,butte creek,temperature,mean,5.478571428571429
1,2007,butte creek,11390000,USGS,butte creek,temperature,min,3.4
2,2007,butte creek,11390000,USGS,butte creek,temperature,max,6.7
2,2007,butte creek,11390000,USGS,butte creek,temperature,mean,3.9642857142857144
2,2007,butte creek,11390000,USGS,butte creek,temperature,min,0.7
3,2007,butte creek,11390000,USGS,butte creek,temperature,max,5.2
3,2007,butte creek,11390000,USGS,butte creek,temperature,mean,3.021428571428572
3,2007,butte creek,11390000,USGS,butte creek,temperature,min,0.9
4,2007,butte creek,11390000,USGS,butte creek,temperature,max,6.3
4,2007,butte creek,11390000,USGS,butte creek,temperature,mean,4.421428571428572
4,2007,butte creek,11390000,USGS,butte creek,temperature,min,2.6
5,2007,butte creek,11390000,USGS,butte creek,temperature,max,7.1
5,2007,butte creek,11390000,USGS,butte creek,temperature,mean,5.378571428571428
5,2007,butte creek,11390000,USGS,butte creek,temperature,min,3.8
6,2007,butte creek,11390000,USGS,butte creek,temperature,max,10.3
6,2007,butte creek,11390000,USGS,butte creek,temperature,mean,8.221428571428572
6,2007,butte creek,11390000,USGS,butte creek,temperature,min,5
7,2007,butte creek,11390000,USGS,butte creek,temperature,max,10.7
7,2007,butte creek,11390000,USGS,butte creek,temperature,mean,8.471428571428572
7,2007,butte creek,11390000,USGS,butte creek,temperature,min,6.7
8,2007,butte creek,11390000,USGS,butte creek,temperature,max,9.4
8,2007,butte creek,11390000,USGS,butte creek,temperature,mean,7.1499999999999995
8,2007,butte creek,11390000,USGS,butte creek,temperature,min,5.2
9,2007,butte creek,11390000,USGS,butte creek,temperature,max,9.4
9,2007,butte creek,11390000,USGS,butte creek,temperature,mean,6.771428571428571
9,2007,butte creek,11390000,USGS,butte creek,temperature,min,5.1
10,2007,butte creek,11390000,USGS,butte creek,temperature,max,11.6
10,2007,butte creek,11390000,USGS,butte creek,temperature,mean,9.049999999999999
10,2007,butte creek,11390000,USGS,butte creek,temperature,min,7.3
11,2007,butte creek,11390000,USGS,butte creek,temperature,max,12.9
11,2007,butte creek,11390000,USGS,butte creek,temperature,mean,10.97857142857143
11,2007,butte creek,11390000,USGS,butte creek,temperature,min,8.8
12,2007,butte creek,11390000,USGS,butte creek,temperature,max,12.9
12,2007,butte creek,11390000,USGS,butte creek,temperature,mean,10.514285714285716
12,2007,butte creek,11390000,USGS,butte creek,temperature,min,7.7
13,2007,butte creek,11390000,USGS,butte creek,temperature,max,10.9
13,2007,butte creek,11390000,USGS,butte creek,temperature,mean,9.016666666666667
13,2007,butte creek,11390000,USGS,butte creek,temperature,min,6.2
14,2007,butte creek,11390000,USGS,butte creek,temperature,max,14.3
14,2007,butte creek,11390000,USGS,butte creek,temperature,mean,12.350000000000001
14,2007,butte creek,11390000,USGS,butte creek,temperature,min,9.9
15,2007,butte creek,11390000,USGS,butte creek,temperature,max,13.8
15,2007,butte creek,11390000,USGS,butte creek,temperature,mean,10.607142857142858
15,2007,butte creek,11390000,USGS,butte creek,temperature,min,7.9
16,2007,butte creek,11390000,USGS,butte creek,temperature,max,13.2
16,2007,butte creek,11390000,USGS,butte creek,temperature,mean,9.692857142857141
16,2007,butte creek,11390000,USGS,butte creek,temperature,min,7
17,2007,butte creek,11390000,USGS,butte creek,temperature,max,18
17,2007,butte creek,11390000,USGS,butte creek,temperature,mean,13.164285714285713
17,2007,butte creek,11390000,USGS,butte creek,temperature,min,7.7
18,2007,butte creek,11390000,USGS,butte creek,temperature,max,17.9
18,2007,butte creek,11390000,USGS,butte creek,temperature,mean,13.042857142857143
18,2007,butte creek,11390000,USGS,butte creek,temperature,min,9.2
19,2007,butte creek,11390000,USGS,butte creek,temperature,max,19.4
19,2007,butte creek,11390000,USGS,butte creek,temperature,mean,16.185714285714287
19,2007,butte creek,11390000,USGS,butte creek,temperature,min,12.1
20,2007,butte creek,11390000,USGS,butte creek,temperature,max,19.9
20,2007,butte creek,11390000,USGS,butte creek,temperature,mean,17.035714285714285
20,2007,butte creek,11390000,USGS,butte creek,temperature,min,13.4
21,2007,butte creek,11390000,USGS,butte creek,temperature,max,20.2
21,2007,butte creek,11390000,USGS,butte creek,temperature,mean,16.664285714285715
21,2007,butte creek,11390000,USGS,butte creek,temperature,min,13.3
22,2007,butte creek,11390000,USGS,butte creek,temperature,max,21.9
22,2007,butte creek,11390000,USGS,butte creek,temperature,mean,18.771428571428572
22,2007,butte creek,11390000,USGS,butte creek,temperature,min,15.4
23,2007,butte creek,11390000,USGS,butte creek,temperature,max,20.2
23,2007,butte creek,11390000,USGS,butte creek,temperature,mean,16.72142857142857
23,2007,butte creek,11390000,USGS,butte creek,temperature,min,12.9
24,2007,butte creek,11390000,USGS,butte creek,temperature,max,23.8
24,2007,butte creek,11390000,USGS,butte creek,temperature,mean,19.87142857142857
24,2007,butte creek,11390000,USGS,butte creek,temperature,min,15.6
25,2007,butte creek,11390000,USGS,butte creek,temperature,max,23.3
25,2007,butte creek,11390000,USGS,butte creek,temperature,mean,20.271428571428572
25,2007,butte creek,11390000,USGS,butte creek,temperature,min,17.2
26,2007,butte creek,11390000,USGS,butte creek,temperature,max,23.2
26,2007,butte creek,11390000,USGS,butte creek,temperature,mean,20.171428571428574
26,2007,butte creek,11390000,USGS,butte creek,temperature,min,16.8
27,2007,butte creek,11390000,USGS,butte creek,temperature,max,25.4
27,2007,butte creek,11390000,USGS,butte creek,temperature,mean,21.542857142857144
27,2007,butte creek,11390000,USGS,butte creek,temperature,min,17.1
28,2007,butte creek,11390000,USGS,butte creek,temperature,max,24.5
28,2007,butte creek,11390000,USGS,butte creek,temperature,mean,21.45
28,2007,butte creek,11390000,USGS,butte creek,temperature,min,18.6
29,2007,butte creek,11390000,USGS,butte creek,temperature,max,24
29,2007,butte creek,11390000,USGS,butte creek,temperature,mean,20.349999999999998
29,2007,butte creek,11390000,USGS,butte creek,temperature,min,17.1
30,2007,butte creek,11390000,USGS,butte creek,temperature,max,25.1
30,2007,butte creek,11390000,USGS,butte creek,temperature,mean,21.87857142857143
30,2007,butte creek,11390000,USGS,butte creek,temperature,min,18.4
31,2007,butte creek,11390000,USGS,butte creek,temperature,max,24.6
31,2007,butte creek,11390000,USGS,butte creek,temperature,mean,21.592857142857138
31,2007,butte creek,11390000,USGS,butte creek,temperature,min,18.7
32,2007,butte creek,11390000,USGS,butte creek,temperature,max,22.7
32,2007,butte creek,11390000,USGS,butte creek,temperature,mean,19.878571428571426
32,2007,butte creek,11390000,USGS,butte creek,temperature,min,16.7
33,2007,butte creek,11390000,USGS,butte creek,temperature,max,22.1
33,2007,butte creek,11390000,USGS,butte creek,temperature,mean,19.235714285714288
33,2007,butte creek,11390000,USGS,butte creek,temperature,min,16.5
34,2007,butte creek,11390000,USGS,butte creek,temperature,max,23.7
34,2007,butte creek,11390000,USGS,butte creek,temperature,mean,20.885714285714283
34,2007,butte creek,11390000,USGS,butte creek,temperature,min,17.3
35,2007,butte creek,11390000,USGS,butte creek,temperature,max,24.6
35,2007,butte creek,11390000,USGS,butte creek,temperature,mean,21.442857142857143
35,2007,butte creek,11390000,USGS,butte creek,temperature,min,18.1
36,2007,butte creek,11390000,USGS,butte creek,temperature,max,22.9
36,2007,butte creek,11390000,USGS,butte creek,temperature,mean,19.885714285714283
36,2007,butte creek,11390000,USGS,butte creek,temperature,min,17.6
37,2007,butte creek,11390000,USGS,butte creek,temperature,max,21.6
37,2007,butte creek,11390000,USGS,butte creek,temperature,mean,18.650000000000002
37,2007,butte creek,11390000,USGS,butte creek,temperature,min,15.3
38,2007,butte creek,11390000,USGS,butte creek,temperature,max,19.3
38,2007,butte creek,11390000,USGS,butte creek,temperature,mean,15.721428571428572
38,2007,butte creek,11390000,USGS,butte creek,temperature,min,13.4
39,2007,butte creek,11390000,USGS,butte creek,temperature,max,16.8
39,2007,butte creek,11390000,USGS,butte creek,temperature,mean,14.142857142857144
39,2007,butte creek,11390000,USGS,butte creek,temperature,min,11.3
40,2007,butte creek,11390000,USGS,butte creek,temperature,max,15.7
40,2007,butte creek,11390000,USGS,butte creek,temperature,mean,13.185714285714287
40,2007,butte creek,11390000,USGS,butte creek,temperature,min,10.1
41,2007,butte creek,11390000,USGS,butte creek,temperature,max,14.1
41,2007,butte creek,11390000,USGS,butte creek,temperature,mean,12.242857142857144
41,2007,butte creek,11390000,USGS,butte creek,temperature,min,10.4
42,2007,butte creek,11390000,USGS,butte creek,temperature,max,13.4
42,2007,butte creek,11390000,USGS,butte creek,temperature,mean,11.971428571428572
42,2007,butte creek,11390000,USGS,butte creek,temperature,min,9.3
43,2007,butte creek,11390000,USGS,butte creek,temperature,max,13.8
43,2007,butte creek,11390000,USGS,butte creek,temperature,mean,11.87142857142857
43,2007,butte creek,11390000,USGS,butte creek,temperature,min,9.7
44,2007,butte creek,11390000,USGS,butte creek,temperature,max,14.2
44,2007,butte creek,11390000,USGS,butte creek,temperature,mean,11.950000000000001
44,2007,butte creek,11390000,USGS,butte creek,temperature,min,9.3
45,2007,butte creek,11390000,USGS,butte creek,temperature,max,11.8
45,2007,butte creek,11390000,USGS,butte creek,temperature,mean,10.464285714285714
45,2007,butte creek,11390000,USGS,butte creek,temperature,min,9.1
46,2007,butte creek,11390000,USGS,butte creek,temperature,max,12.2
46,2007,butte creek,11390000,USGS,butte creek,temperature,mean,10.892857142857142
46,2007,butte creek,11390000,USGS,butte creek,temperature,min,9.2
47,2007,butte creek,11390000,USGS,butte creek,temperature,max,11.7
47,2007,butte creek,11390000,USGS,butte creek,temperature,mean,8.071428571428571
47,2007,butte creek,11390000,USGS,butte creek,temperature,min,5.3
48,2007,butte creek,11390000,USGS,butte creek,temperature,max,8.6
48,2007,butte creek,11390000,USGS,butte creek,temperature,mean,6.385714285714286
48,2007,butte creek,11390000,USGS,butte creek,temperature,min,4.2
49,2007,butte creek,11390000,USGS,butte creek,temperature,max,9.3
49,2007,butte creek,11390000,USGS,butte creek,temperature,mean,7.571428571428571
49,2007,butte creek,11390000,USGS,butte creek,temperature,min,4.8
50,2007,butte creek,11390000,USGS,butte creek,temperature,max,6.1
50,2007,butte creek,11390000,USGS,butte creek,temperature,mean,4.828571428571428
50,2007,butte creek,11390000,USGS,butte creek,temperature,min,3.3
51,2007,butte creek,11390000,USGS,butte creek,temperature,max,7.7
51,2007,butte creek,11390000,USGS,butte creek,temperature,mean,5.985714285714287
51,2007,butte creek,11390000,USGS,butte creek,temperature,min,3.8
52,2007,butte creek,11390000,USGS,butte creek,temperature,max,6.7
52,2007,butte creek,11390000,USGS,butte creek,temperature,mean,4.457142857142857
52,2007,butte creek,11390000,USGS,butte creek,temperature,min,2.4
53,2007,butte creek,11390000,USGS,butte creek,temperature,max,4.9
53,2007,butte creek,11390000,USGS,butte creek,temperature,mean,4
53,2007,butte creek,11390000,USGS,butte creek,temperature,min,3.1
1,2008,butte creek,11390000,USGS,butte creek,temperature,max,7.1
1,2008,butte creek,11390000,USGS,butte creek,temperature,mean,5.416666666666667
1,2008,butte creek,11390000,USGS,butte creek,temperature,min,3.2
2,2008,butte creek,11390000,USGS,butte creek,temperature,max,8.3
2,2008,butte creek,11390000,USGS,butte creek,temperature,mean,6.528571428571428
2,2008,butte creek,11390000,USGS,butte creek,temperature,min,5.1
3,2008,butte creek,11390000,USGS,butte creek,temperature,max,7.2
3,2008,butte creek,11390000,USGS,butte creek,temperature,mean,5.107142857142857
3,2008,butte creek,11390000,USGS,butte creek,temperature,min,3.8
4,2008,butte creek,11390000,USGS,butte creek,temperature,max,7.4
4,2008,butte creek,11390000,USGS,butte creek,temperature,mean,5.592857142857143
4,2008,butte creek,11390000,USGS,butte creek,temperature,min,3.9
5,2008,butte creek,11390000,USGS,butte creek,temperature,max,7.3
5,2008,butte creek,11390000,USGS,butte creek,temperature,mean,5.957142857142857
5,2008,butte creek,11390000,USGS,butte creek,temperature,min,4.8
6,2008,butte creek,11390000,USGS,butte creek,temperature,max,8.6
6,2008,butte creek,11390000,USGS,butte creek,temperature,mean,6.678571428571429
6,2008,butte creek,11390000,USGS,butte creek,temperature,min,4.5
7,2008,butte creek,11390000,USGS,butte creek,temperature,max,8.9
7,2008,butte creek,11390000,USGS,butte creek,temperature,mean,6.814285714285714
7,2008,butte creek,11390000,USGS,butte creek,temperature,min,4.7
8,2008,butte creek,11390000,USGS,butte creek,temperature,max,9.2
8,2008,butte creek,11390000,USGS,butte creek,temperature,mean,7.321428571428571
8,2008,butte creek,11390000,USGS,butte creek,temperature,min,6
9,2008,butte creek,11390000,USGS,butte creek,temperature,max,10.3
9,2008,butte creek,11390000,USGS,butte creek,temperature,mean,8.421428571428573
9,2008,butte creek,11390000,USGS,butte creek,temperature,min,6.1
10,2008,butte creek,11390000,USGS,butte creek,temperature,max,11.1
10,2008,butte creek,11390000,USGS,butte creek,temperature,mean,8.25
10,2008,butte creek,11390000,USGS,butte creek,temperature,min,6.1
11,2008,butte creek,11390000,USGS,butte creek,temperature,max,11.9
11,2008,butte creek,11390000,USGS,butte creek,temperature,mean,8.635714285714284
11,2008,butte creek,11390000,USGS,butte creek,temperature,min,5.1
12,2008,butte creek,11390000,USGS,butte creek,temperature,max,11.7
12,2008,butte creek,11390000,USGS,butte creek,temperature,mean,9.171428571428569
12,2008,butte creek,11390000,USGS,butte creek,temperature,min,6.8
13,2008,butte creek,11390000,USGS,butte creek,temperature,max,12.3
13,2008,butte creek,11390000,USGS,butte creek,temperature,mean,8.933333333333335
13,2008,butte creek,11390000,USGS,butte creek,temperature,min,6.4
14,2008,butte creek,11390000,USGS,butte creek,temperature,max,11.9
14,2008,butte creek,11390000,USGS,butte creek,temperature,mean,9.235714285714286
14,2008,butte creek,11390000,USGS,butte creek,temperature,min,6.7
15,2008,butte creek,11390000,USGS,butte creek,temperature,max,13.8
15,2008,butte creek,11390000,USGS,butte creek,temperature,mean,10.37142857142857
15,2008,butte creek,11390000,USGS,butte creek,temperature,min,6.9
16,2008,butte creek,11390000,USGS,butte creek,temperature,max,12.9
16,2008,butte creek,11390000,USGS,butte creek,temperature,mean,9.628571428571428
16,2008,butte creek,11390000,USGS,butte creek,temperature,min,5.8
17,2008,butte creek,11390000,USGS,butte creek,temperature,max,16
17,2008,butte creek,11390000,USGS,butte creek,temperature,mean,10.85
17,2008,butte creek,11390000,USGS,butte creek,temperature,min,6.9
18,2008,butte creek,11390000,USGS,butte creek,temperature,max,15.4
18,2008,butte creek,11390000,USGS,butte creek,temperature,mean,11.65
18,2008,butte creek,11390000,USGS,butte creek,temperature,min,8
19,2008,butte creek,11390000,USGS,butte creek,temperature,max,16.2
19,2008,butte creek,11390000,USGS,butte creek,temperature,mean,13.464285714285714
19,2008,butte creek,11390000,USGS,butte creek,temperature,min,10.9
20,2008,butte creek,11390000,USGS,butte creek,temperature,max,19.8
20,2008,butte creek,11390000,USGS,butte creek,temperature,mean,15.864285714285714
20,2008,butte creek,11390000,USGS,butte creek,temperature,min,10.8
21,2008,butte creek,11390000,USGS,butte creek,temperature,max,17.3
21,2008,butte creek,11390000,USGS,butte creek,temperature,mean,13.442857142857145
21,2008,butte creek,11390000,USGS,butte creek,temperature,min,10.2
22,2008,butte creek,11390000,USGS,butte creek,temperature,max,17.6
22,2008,butte creek,11390000,USGS,butte creek,temperature,mean,14.157142857142858
22,2008,butte creek,11390000,USGS,butte creek,temperature,min,11
23,2008,butte creek,11390000,USGS,butte creek,temperature,max,19.5
23,2008,butte creek,11390000,USGS,butte creek,temperature,mean,15.664285714285715
23,2008,butte creek,11390000,USGS,butte creek,temperature,min,12.7
24,2008,butte creek,11390000,USGS,butte creek,temperature,max,21.4
24,2008,butte creek,11390000,USGS,butte creek,temperature,mean,17.685714285714283
24,2008,butte creek,11390000,USGS,butte creek,temperature,min,14.1
25,2008,butte creek,11390000,USGS,butte creek,temperature,max,22.2
25,2008,butte creek,11390000,USGS,butte creek,temperature,mean,19.03571428571428
25,2008,butte creek,11390000,USGS,butte creek,temperature,min,16
26,2008,butte creek,11390000,USGS,butte creek,temperature,max,22.2
26,2008,butte creek,11390000,USGS,butte creek,temperature,mean,19.257142857142856
26,2008,butte creek,11390000,USGS,butte creek,temperature,min,16.6
27,2008,butte creek,11390000,USGS,butte creek,temperature,max,24.5
27,2008,butte creek,11390000,USGS,butte creek,temperature,mean,20.685714285714287
27,2008,butte creek,11390000,USGS,butte creek,temperature,min,17.8
28,2008,butte creek,11390000,USGS,butte creek,temperature,max,24.5
28,2008,butte creek,11390000,USGS,butte creek,temperature,mean,21.03571428571429
28,2008,butte creek,11390000,USGS,butte creek,temperature,min,19
29,2008,butte creek,11390000,USGS,butte creek,temperature,max,24.5
29,2008,butte creek,11390000,USGS,butte creek,temperature,mean,21.599999999999998
29,2008,butte creek,11390000,USGS,butte creek,temperature,min,18.4
30,2008,butte creek,11390000,USGS,butte creek,temperature,max,23.2
30,2008,butte creek,11390000,USGS,butte creek,temperature,mean,20.421428571428574
30,2008,butte creek,11390000,USGS,butte creek,temperature,min,17.8
31,2008,butte creek,11390000,USGS,butte creek,temperature,max,23.5
31,2008,butte creek,11390000,USGS,butte creek,temperature,mean,20.707142857142856
31,2008,butte creek,11390000,USGS,butte creek,temperature,min,17.5
32,2008,butte creek,11390000,USGS,butte creek,temperature,max,23.8
32,2008,butte creek,11390000,USGS,butte creek,temperature,mean,20.75714285714286
32,2008,butte creek,11390000,USGS,butte creek,temperature,min,17.6
33,2008,butte creek,11390000,USGS,butte creek,temperature,max,24.9
33,2008,butte creek,11390000,USGS,butte creek,temperature,mean,22.057142857142857
33,2008,butte creek,11390000,USGS,butte creek,temperature,min,18.5
34,2008,butte creek,11390000,USGS,butte creek,temperature,max,23.8
34,2008,butte creek,11390000,USGS,butte creek,temperature,mean,21.22857142857143
34,2008,butte creek,11390000,USGS,butte creek,temperature,min,18.5
35,2008,butte creek,11390000,USGS,butte creek,temperature,max,23.5
35,2008,butte creek,11390000,USGS,butte creek,temperature,mean,20.628571428571426
35,2008,butte creek,11390000,USGS,butte creek,temperature,min,16.2
36,2008,butte creek,11390000,USGS,butte creek,temperature,max,22.1
36,2008,butte creek,11390000,USGS,butte creek,temperature,mean,19.192857142857143
36,2008,butte creek,11390000,USGS,butte creek,temperature,min,15.7
37,2008,butte creek,11390000,USGS,butte creek,temperature,max,20.5
37,2008,butte creek,11390000,USGS,butte creek,temperature,mean,18.321428571428573
37,2008,butte creek,11390000,USGS,butte creek,temperature,min,16
38,2008,butte creek,11390000,USGS,butte creek,temperature,max,20.3
38,2008,butte creek,11390000,USGS,butte creek,temperature,mean,17.678571428571427
38,2008,butte creek,11390000,USGS,butte creek,temperature,min,15.3
39,2008,butte creek,11390000,USGS,butte creek,temperature,max,18.9
39,2008,butte creek,11390000,USGS,butte creek,temperature,mean,16.757142857142856
39,2008,butte creek,11390000,USGS,butte creek,temperature,min,14.4
40,2008,butte creek,11390000,USGS,butte creek,temperature,max,19.2
40,2008,butte creek,11390000,USGS,butte creek,temperature,mean,16.485714285714284
40,2008,butte creek,11390000,USGS,butte creek,temperature,min,13.4
41,2008,butte creek,11390000,USGS,butte creek,temperature,max,16.9
41,2008,butte creek,11390000,USGS,butte creek,temperature,mean,12.542857142857143
41,2008,butte creek,11390000,USGS,butte creek,temperature,min,8.7
42,2008,butte creek,11390000,USGS,butte creek,temperature,max,14.3
42,2008,butte creek,11390000,USGS,butte creek,temperature,mean,12.142857142857142
42,2008,butte creek,11390000,USGS,butte creek,temperature,min,9.5
43,2008,butte creek,11390000,USGS,butte creek,temperature,max,13.7
43,2008,butte creek,11390000,USGS,butte creek,temperature,mean,12.042857142857144
43,2008,butte creek,11390000,USGS,butte creek,temperature,min,10.5
44,2008,butte creek,11390000,USGS,butte creek,temperature,max,13.2
44,2008,butte creek,11390000,USGS,butte creek,temperature,mean,11.7
44,2008,butte creek,11390000,USGS,butte creek,temperature,min,10.3
45,2008,butte creek,11390000,USGS,butte creek,temperature,max,11.2
45,2008,butte creek,11390000,USGS,butte creek,temperature,mean,9.792857142857143
45,2008,butte creek,11390000,USGS,butte creek,temperature,min,8.4
46,2008,butte creek,11390000,USGS,butte creek,temperature,max,11.7
46,2008,butte creek,11390000,USGS,butte creek,temperature,mean,10.214285714285714
46,2008,butte creek,11390000,USGS,butte creek,temperature,min,8.7
47,2008,butte creek,11390000,USGS,butte creek,temperature,max,11.3
47,2008,butte creek,11390000,USGS,butte creek,temperature,mean,9.007142857142856
47,2008,butte creek,11390000,USGS,butte creek,temperature,min,7
48,2008,butte creek,11390000,USGS,butte creek,temperature,max,9.9
48,2008,butte creek,11390000,USGS,butte creek,temperature,mean,8.714285714285714
48,2008,butte creek,11390000,USGS,butte creek,temperature,min,7.6
49,2008,butte creek,11390000,USGS,butte creek,temperature,max,9.6
49,2008,butte creek,11390000,USGS,butte creek,temperature,mean,7.207142857142857
49,2008,butte creek,11390000,USGS,butte creek,temperature,min,5.5
50,2008,butte creek,11390000,USGS,butte creek,temperature,max,7
50,2008,butte creek,11390000,USGS,butte creek,temperature,mean,5.607142857142857
50,2008,butte creek,11390000,USGS,butte creek,temperature,min,4.5
51,2008,butte creek,11390000,USGS,butte creek,temperature,max,5.8
51,2008,butte creek,11390000,USGS,butte creek,temperature,mean,4.007142857142857
51,2008,butte creek,11390000,USGS,butte creek,temperature,min,1.9
52,2008,butte creek,11390000,USGS,butte creek,temperature,max,6.5
52,2008,butte creek,11390000,USGS,butte creek,temperature,mean,5.114285714285714
52,2008,butte creek,11390000,USGS,butte creek,temperature,min,3.5
53,2008,butte creek,11390000,USGS,butte creek,temperature,max,6.1
53,2008,butte creek,11390000,USGS,butte creek,temperature,mean,4.975
53,2008,butte creek,11390000,USGS,butte creek,temperature,min,3.8
1,2009,butte creek,11390000,USGS,butte creek,temperature,max,6.1
1,2009,butte creek,11390000,USGS,butte creek,temperature,mean,4.799999999999999
1,2009,butte creek,11390000,USGS,butte creek,temperature,min,2.8
2,2009,butte creek,11390000,USGS,butte creek,temperature,max,7.1
2,2009,butte creek,11390000,USGS,butte creek,temperature,mean,5.25
2,2009,butte creek,11390000,USGS,butte creek,temperature,min,3.5
3,2009,butte creek,11390000,USGS,butte creek,temperature,max,7.3
3,2009,butte creek,11390000,USGS,butte creek,temperature,mean,5.757142857142858
3,2009,butte creek,11390000,USGS,butte creek,temperature,min,4.3
4,2009,butte creek,11390000,USGS,butte creek,temperature,max,8.5
4,2009,butte creek,11390000,USGS,butte creek,temperature,mean,6.428571428571429
4,2009,butte creek,11390000,USGS,butte creek,temperature,min,3.5
5,2009,butte creek,11390000,USGS,butte creek,temperature,max,7.9
5,2009,butte creek,11390000,USGS,butte creek,temperature,mean,6.042857142857143
5,2009,butte creek,11390000,USGS,butte creek,temperature,min,4.1
6,2009,butte creek,11390000,USGS,butte creek,temperature,max,9
6,2009,butte creek,11390000,USGS,butte creek,temperature,mean,6.414285714285714
6,2009,butte creek,11390000,USGS,butte creek,temperature,min,3.8
7,2009,butte creek,11390000,USGS,butte creek,temperature,max,9.1
7,2009,butte creek,11390000,USGS,butte creek,temperature,mean,6.464285714285715
7,2009,butte creek,11390000,USGS,butte creek,temperature,min,4.1
8,2009,butte creek,11390000,USGS,butte creek,temperature,max,10
8,2009,butte creek,11390000,USGS,butte creek,temperature,mean,8.507142857142856
8,2009,butte creek,11390000,USGS,butte creek,temperature,min,6.9
9,2009,butte creek,11390000,USGS,butte creek,temperature,max,9.5
9,2009,butte creek,11390000,USGS,butte creek,temperature,mean,8.407142857142857
9,2009,butte creek,11390000,USGS,butte creek,temperature,min,7.6
10,2009,butte creek,11390000,USGS,butte creek,temperature,max,9
10,2009,butte creek,11390000,USGS,butte creek,temperature,mean,7.442857142857143
10,2009,butte creek,11390000,USGS,butte creek,temperature,min,5.3
11,2009,butte creek,11390000,USGS,butte creek,temperature,max,10.3
11,2009,butte creek,11390000,USGS,butte creek,temperature,mean,8.421428571428573
11,2009,butte creek,11390000,USGS,butte creek,temperature,min,6.1
12,2009,butte creek,11390000,USGS,butte creek,temperature,max,11.4
12,2009,butte creek,11390000,USGS,butte creek,temperature,mean,8.671428571428573
12,2009,butte creek,11390000,USGS,butte creek,temperature,min,5.3
13,2009,butte creek,11390000,USGS,butte creek,temperature,max,12.2
13,2009,butte creek,11390000,USGS,butte creek,temperature,mean,9.571428571428571
13,2009,butte creek,11390000,USGS,butte creek,temperature,min,6.8
14,2009,butte creek,11390000,USGS,butte creek,temperature,max,11.8
14,2009,butte creek,11390000,USGS,butte creek,temperature,mean,9.392857142857142
14,2009,butte creek,11390000,USGS,butte creek,temperature,min,6.6
15,2009,butte creek,11390000,USGS,butte creek,temperature,max,13.3
15,2009,butte creek,11390000,USGS,butte creek,temperature,mean,9.535714285714286
15,2009,butte creek,11390000,USGS,butte creek,temperature,min,6.7
16,2009,butte creek,11390000,USGS,butte creek,temperature,max,16.6
16,2009,butte creek,11390000,USGS,butte creek,temperature,mean,12.485714285714286
16,2009,butte creek,11390000,USGS,butte creek,temperature,min,6.9
17,2009,butte creek,11390000,USGS,butte creek,temperature,max,14.1
17,2009,butte creek,11390000,USGS,butte creek,temperature,mean,11.307142857142855
17,2009,butte creek,11390000,USGS,butte creek,temperature,min,8.4
18,2009,butte creek,11390000,USGS,butte creek,temperature,max,12.6
18,2009,butte creek,11390000,USGS,butte creek,temperature,mean,10.892857142857142
18,2009,butte creek,11390000,USGS,butte creek,temperature,min,9.3
19,2009,butte creek,11390000,USGS,butte creek,temperature,max,15.5
19,2009,butte creek,11390000,USGS,butte creek,temperature,mean,12.878571428571428
19,2009,butte creek,11390000,USGS,butte creek,temperature,min,10.7
20,2009,butte creek,11390000,USGS,butte creek,temperature,max,18.3
20,2009,butte creek,11390000,USGS,butte creek,temperature,mean,15.521428571428572
20,2009,butte creek,11390000,USGS,butte creek,temperature,min,11.8
21,2009,butte creek,11390000,USGS,butte creek,temperature,max,19.9
21,2009,butte creek,11390000,USGS,butte creek,temperature,mean,15.992857142857144
21,2009,butte creek,11390000,USGS,butte creek,temperature,min,13
22,2009,butte creek,11390000,USGS,butte creek,temperature,max,21.1
22,2009,butte creek,11390000,USGS,butte creek,temperature,mean,18.07857142857143
22,2009,butte creek,11390000,USGS,butte creek,temperature,min,15.3
23,2009,butte creek,11390000,USGS,butte creek,temperature,max,18.9
23,2009,butte creek,11390000,USGS,butte creek,temperature,mean,16.099999999999998
23,2009,butte creek,11390000,USGS,butte creek,temperature,min,13.3
24,2009,butte creek,11390000,USGS,butte creek,temperature,max,20.4
24,2009,butte creek,11390000,USGS,butte creek,temperature,mean,16.864285714285714
24,2009,butte creek,11390000,USGS,butte creek,temperature,min,14.2
25,2009,butte creek,11390000,USGS,butte creek,temperature,max,21.8
25,2009,butte creek,11390000,USGS,butte creek,temperature,mean,18.478571428571428
25,2009,butte creek,11390000,USGS,butte creek,temperature,min,15.4
26,2009,butte creek,11390000,USGS,butte creek,temperature,max,23.9
26,2009,butte creek,11390000,USGS,butte creek,temperature,mean,20.599999999999998
26,2009,butte creek,11390000,USGS,butte creek,temperature,min,16.9
27,2009,butte creek,11390000,USGS,butte creek,temperature,max,23.9
27,2009,butte creek,11390000,USGS,butte creek,temperature,mean,20.735714285714288
27,2009,butte creek,11390000,USGS,butte creek,temperature,min,17.2
28,2009,butte creek,11390000,USGS,butte creek,temperature,max,23.5
28,2009,butte creek,11390000,USGS,butte creek,temperature,mean,19.792857142857144
28,2009,butte creek,11390000,USGS,butte creek,temperature,min,16.9
29,2009,butte creek,11390000,USGS,butte creek,temperature,max,25.1
29,2009,butte creek,11390000,USGS,butte creek,temperature,mean,22.05
29,2009,butte creek,11390000,USGS,butte creek,temperature,min,18.8
30,2009,butte creek,11390000,USGS,butte creek,temperature,max,25.1
30,2009,butte creek,11390000,USGS,butte creek,temperature,mean,22.171428571428574
30,2009,butte creek,11390000,USGS,butte creek,temperature,min,19.1
31,2009,butte creek,11390000,USGS,butte creek,temperature,max,25.3
31,2009,butte creek,11390000,USGS,butte creek,temperature,mean,22.34285714285715
31,2009,butte creek,11390000,USGS,butte creek,temperature,min,18.4
32,2009,butte creek,11390000,USGS,butte creek,temperature,max,23
32,2009,butte creek,11390000,USGS,butte creek,temperature,mean,19.907142857142855
32,2009,butte creek,11390000,USGS,butte creek,temperature,min,17
33,2009,butte creek,11390000,USGS,butte creek,temperature,max,23.3
33,2009,butte creek,11390000,USGS,butte creek,temperature,mean,20.50714285714286
33,2009,butte creek,11390000,USGS,butte creek,temperature,min,17.5
34,2009,butte creek,11390000,USGS,butte creek,temperature,max,23.9
34,2009,butte creek,11390000,USGS,butte creek,temperature,mean,20.714285714285715
34,2009,butte creek,11390000,USGS,butte creek,temperature,min,17.2
35,2009,butte creek,11390000,USGS,butte creek,temperature,max,22.3
35,2009,butte creek,11390000,USGS,butte creek,temperature,mean,19.507142857142856
35,2009,butte creek,11390000,USGS,butte creek,temperature,min,17.2
36,2009,butte creek,11390000,USGS,butte creek,temperature,max,21.9
36,2009,butte creek,11390000,USGS,butte creek,temperature,mean,18.77857142857143
36,2009,butte creek,11390000,USGS,butte creek,temperature,min,15.9
37,2009,butte creek,11390000,USGS,butte creek,temperature,max,21.3
37,2009,butte creek,11390000,USGS,butte creek,temperature,mean,18.707142857142856
37,2009,butte creek,11390000,USGS,butte creek,temperature,min,16.2
38,2009,butte creek,11390000,USGS,butte creek,temperature,max,21
38,2009,butte creek,11390000,USGS,butte creek,temperature,mean,18.8
38,2009,butte creek,11390000,USGS,butte creek,temperature,min,16.3
39,2009,butte creek,11390000,USGS,butte creek,temperature,max,20.8
39,2009,butte creek,11390000,USGS,butte creek,temperature,mean,17.985714285714284
39,2009,butte creek,11390000,USGS,butte creek,temperature,min,13.8
40,2009,butte creek,11390000,USGS,butte creek,temperature,max,16.5
40,2009,butte creek,11390000,USGS,butte creek,temperature,mean,13.442857142857145
40,2009,butte creek,11390000,USGS,butte creek,temperature,min,10.8
41,2009,butte creek,11390000,USGS,butte creek,temperature,max,14.3
41,2009,butte creek,11390000,USGS,butte creek,temperature,mean,12.6
41,2009,butte creek,11390000,USGS,butte creek,temperature,min,11
42,2009,butte creek,11390000,USGS,butte creek,temperature,max,15.3
42,2009,butte creek,11390000,USGS,butte creek,temperature,mean,13.414285714285715
42,2009,butte creek,11390000,USGS,butte creek,temperature,min,11.2
43,2009,butte creek,11390000,USGS,butte creek,temperature,max,14.4
43,2009,butte creek,11390000,USGS,butte creek,temperature,mean,12.342857142857143
43,2009,butte creek,11390000,USGS,butte creek,temperature,min,9
44,2009,butte creek,11390000,USGS,butte creek,temperature,max,12.1
44,2009,butte creek,11390000,USGS,butte creek,temperature,mean,10.37857142857143
44,2009,butte creek,11390000,USGS,butte creek,temperature,min,8.3
45,2009,butte creek,11390000,USGS,butte creek,temperature,max,12.1
45,2009,butte creek,11390000,USGS,butte creek,temperature,mean,10.314285714285713
45,2009,butte creek,11390000,USGS,butte creek,temperature,min,8.2
46,2009,butte creek,11390000,USGS,butte creek,temperature,max,10.7
46,2009,butte creek,11390000,USGS,butte creek,temperature,mean,7.828571428571428
46,2009,butte creek,11390000,USGS,butte creek,temperature,min,5.8
47,2009,butte creek,11390000,USGS,butte creek,temperature,max,8.2
47,2009,butte creek,11390000,USGS,butte creek,temperature,mean,6.85
47,2009,butte creek,11390000,USGS,butte creek,temperature,min,5.4
48,2009,butte creek,11390000,USGS,butte creek,temperature,max,8.1
48,2009,butte creek,11390000,USGS,butte creek,temperature,mean,6.521428571428571
48,2009,butte creek,11390000,USGS,butte creek,temperature,min,4.9
49,2009,butte creek,11390000,USGS,butte creek,temperature,max,6.5
49,2009,butte creek,11390000,USGS,butte creek,temperature,mean,4.121428571428572
49,2009,butte creek,11390000,USGS,butte creek,temperature,min,1.1
50,2009,butte creek,11390000,USGS,butte creek,temperature,max,7.5
50,2009,butte creek,11390000,USGS,butte creek,temperature,mean,5.221428571428571
50,2009,butte creek,11390000,USGS,butte creek,temperature,min,1.1
51,2009,butte creek,11390000,USGS,butte creek,temperature,max,8.1
51,2009,butte creek,11390000,USGS,butte creek,temperature,mean,6.65
51,2009,butte creek,11390000,USGS,butte creek,temperature,min,4.2
52,2009,butte creek,11390000,USGS,butte creek,temperature,max,6.5
52,2009,butte creek,11390000,USGS,butte creek,temperature,mean,4.992857142857143
52,2009,butte creek,11390000,USGS,butte creek,temperature,min,3.5
53,2009,butte creek,11390000,USGS,butte creek,temperature,max,6.3
53,2009,butte creek,11390000,USGS,butte creek,temperature,mean,5.9
53,2009,butte creek,11390000,USGS,butte creek,temperature,min,5.5
1,2010,butte creek,11390000,USGS,butte creek,temperature,max,8
1,2010,butte creek,11390000,USGS,butte creek,temperature,mean,6.485714285714287
1,2010,butte creek,11390000,USGS,butte creek,temperature,min,5.2
2,2010,butte creek,11390000,USGS,butte creek,temperature,max,9.7
2,2010,butte creek,11390000,USGS,butte creek,temperature,mean,7.714285714285715
2,2010,butte creek,11390000,USGS,butte creek,temperature,min,6.2
3,2010,butte creek,11390000,USGS,butte creek,temperature,max,9.1
3,2010,butte creek,11390000,USGS,butte creek,temperature,mean,7.916666666666667
3,2010,butte creek,11390000,USGS,butte creek,temperature,min,6.5
4,2010,butte creek,11390000,USGS,butte creek,temperature,max,8.8
4,2010,butte creek,11390000,USGS,butte creek,temperature,mean,7.628571428571428
4,2010,butte creek,11390000,USGS,butte creek,temperature,min,6.9
5,2010,butte creek,11390000,USGS,butte creek,temperature,max,9
5,2010,butte creek,11390000,USGS,butte creek,temperature,mean,7.807142857142857
5,2010,butte creek,11390000,USGS,butte creek,temperature,min,6.6
6,2010,butte creek,11390000,USGS,butte creek,temperature,max,9.3
6,2010,butte creek,11390000,USGS,butte creek,temperature,mean,8.371428571428572
6,2010,butte creek,11390000,USGS,butte creek,temperature,min,7.1
7,2010,butte creek,11390000,USGS,butte creek,temperature,max,10.3
7,2010,butte creek,11390000,USGS,butte creek,temperature,mean,8.935714285714285
7,2010,butte creek,11390000,USGS,butte creek,temperature,min,7.6
8,2010,butte creek,11390000,USGS,butte creek,temperature,max,9.6
8,2010,butte creek,11390000,USGS,butte creek,temperature,mean,7.935714285714286
8,2010,butte creek,11390000,USGS,butte creek,temperature,min,6.1
9,2010,butte creek,11390000,USGS,butte creek,temperature,max,10
9,2010,butte creek,11390000,USGS,butte creek,temperature,mean,8.442857142857143
9,2010,butte creek,11390000,USGS,butte creek,temperature,min,6.1
10,2010,butte creek,11390000,USGS,butte creek,temperature,max,10.2
10,2010,butte creek,11390000,USGS,butte creek,temperature,mean,7.814285714285714
10,2010,butte creek,11390000,USGS,butte creek,temperature,min,5.7
11,2010,butte creek,11390000,USGS,butte creek,temperature,max,11.4
11,2010,butte creek,11390000,USGS,butte creek,temperature,mean,8.435714285714287
11,2010,butte creek,11390000,USGS,butte creek,temperature,min,5.7
12,2010,butte creek,11390000,USGS,butte creek,temperature,max,11.7
12,2010,butte creek,11390000,USGS,butte creek,temperature,mean,9.621428571428572
12,2010,butte creek,11390000,USGS,butte creek,temperature,min,7.8
13,2010,butte creek,11390000,USGS,butte creek,temperature,max,11
13,2010,butte creek,11390000,USGS,butte creek,temperature,mean,8.542857142857143
13,2010,butte creek,11390000,USGS,butte creek,temperature,min,6.3
14,2010,butte creek,11390000,USGS,butte creek,temperature,max,11.4
14,2010,butte creek,11390000,USGS,butte creek,temperature,mean,7.421428571428571
14,2010,butte creek,11390000,USGS,butte creek,temperature,min,5.1
15,2010,butte creek,11390000,USGS,butte creek,temperature,max,11.1
15,2010,butte creek,11390000,USGS,butte creek,temperature,mean,8.9
15,2010,butte creek,11390000,USGS,butte creek,temperature,min,7.6
16,2010,butte creek,11390000,USGS,butte creek,temperature,max,12
16,2010,butte creek,11390000,USGS,butte creek,temperature,mean,10.107142857142858
16,2010,butte creek,11390000,USGS,butte creek,temperature,min,8.3
17,2010,butte creek,11390000,USGS,butte creek,temperature,max,13.1
17,2010,butte creek,11390000,USGS,butte creek,temperature,mean,10.128571428571428
17,2010,butte creek,11390000,USGS,butte creek,temperature,min,6.7
18,2010,butte creek,11390000,USGS,butte creek,temperature,max,13
18,2010,butte creek,11390000,USGS,butte creek,temperature,mean,10.442857142857141
18,2010,butte creek,11390000,USGS,butte creek,temperature,min,7.4
19,2010,butte creek,11390000,USGS,butte creek,temperature,max,14
19,2010,butte creek,11390000,USGS,butte creek,temperature,mean,10.37142857142857
19,2010,butte creek,11390000,USGS,butte creek,temperature,min,7
20,2010,butte creek,11390000,USGS,butte creek,temperature,max,14.4
20,2010,butte creek,11390000,USGS,butte creek,temperature,mean,11.771428571428572
20,2010,butte creek,11390000,USGS,butte creek,temperature,min,9.6
21,2010,butte creek,11390000,USGS,butte creek,temperature,max,11.8
21,2010,butte creek,11390000,USGS,butte creek,temperature,mean,9.599999999999998
21,2010,butte creek,11390000,USGS,butte creek,temperature,min,7
22,2010,butte creek,11390000,USGS,butte creek,temperature,max,14.9
22,2010,butte creek,11390000,USGS,butte creek,temperature,mean,12.321428571428571
22,2010,butte creek,11390000,USGS,butte creek,temperature,min,8.3
23,2010,butte creek,11390000,USGS,butte creek,temperature,max,16.1
23,2010,butte creek,11390000,USGS,butte creek,temperature,mean,13.507142857142858
23,2010,butte creek,11390000,USGS,butte creek,temperature,min,10.9
24,2010,butte creek,11390000,USGS,butte creek,temperature,max,17.1
24,2010,butte creek,11390000,USGS,butte creek,temperature,mean,14.12142857142857
24,2010,butte creek,11390000,USGS,butte creek,temperature,min,10.4
25,2010,butte creek,11390000,USGS,butte creek,temperature,max,19
25,2010,butte creek,11390000,USGS,butte creek,temperature,mean,15.235714285714286
25,2010,butte creek,11390000,USGS,butte creek,temperature,min,12
26,2010,butte creek,11390000,USGS,butte creek,temperature,max,21.4
26,2010,butte creek,11390000,USGS,butte creek,temperature,mean,18.20714285714286
26,2010,butte creek,11390000,USGS,butte creek,temperature,min,15.2
27,2010,butte creek,11390000,USGS,butte creek,temperature,max,22.2
27,2010,butte creek,11390000,USGS,butte creek,temperature,mean,18.25714285714286
27,2010,butte creek,11390000,USGS,butte creek,temperature,min,14.6
28,2010,butte creek,11390000,USGS,butte creek,temperature,max,23.3
28,2010,butte creek,11390000,USGS,butte creek,temperature,mean,20.385714285714283
28,2010,butte creek,11390000,USGS,butte creek,temperature,min,17.9
29,2010,butte creek,11390000,USGS,butte creek,temperature,max,24.9
29,2010,butte creek,11390000,USGS,butte creek,temperature,mean,21.87857142857143
29,2010,butte creek,11390000,USGS,butte creek,temperature,min,18.8
30,2010,butte creek,11390000,USGS,butte creek,temperature,max,24.5
30,2010,butte creek,11390000,USGS,butte creek,temperature,mean,21.400000000000002
30,2010,butte creek,11390000,USGS,butte creek,temperature,min,18.2
31,2010,butte creek,11390000,USGS,butte creek,temperature,max,22.4
31,2010,butte creek,11390000,USGS,butte creek,temperature,mean,19.599999999999998
31,2010,butte creek,11390000,USGS,butte creek,temperature,min,16.9
32,2010,butte creek,11390000,USGS,butte creek,temperature,max,22.2
32,2010,butte creek,11390000,USGS,butte creek,temperature,mean,19.571428571428573
32,2010,butte creek,11390000,USGS,butte creek,temperature,min,16.7
33,2010,butte creek,11390000,USGS,butte creek,temperature,max,22.6
33,2010,butte creek,11390000,USGS,butte creek,temperature,mean,19.7
33,2010,butte creek,11390000,USGS,butte creek,temperature,min,16.5
34,2010,butte creek,11390000,USGS,butte creek,temperature,max,22.1
34,2010,butte creek,11390000,USGS,butte creek,temperature,mean,18.785714285714285
34,2010,butte creek,11390000,USGS,butte creek,temperature,min,15.5
35,2010,butte creek,11390000,USGS,butte creek,temperature,max,21.2
35,2010,butte creek,11390000,USGS,butte creek,temperature,mean,17.657142857142855
35,2010,butte creek,11390000,USGS,butte creek,temperature,min,14.6
36,2010,butte creek,11390000,USGS,butte creek,temperature,max,20.9
36,2010,butte creek,11390000,USGS,butte creek,temperature,mean,17.721428571428568
36,2010,butte creek,11390000,USGS,butte creek,temperature,min,14.9
37,2010,butte creek,11390000,USGS,butte creek,temperature,max,18.5
37,2010,butte creek,11390000,USGS,butte creek,temperature,mean,16.35
37,2010,butte creek,11390000,USGS,butte creek,temperature,min,14.2
38,2010,butte creek,11390000,USGS,butte creek,temperature,max,18.6
38,2010,butte creek,11390000,USGS,butte creek,temperature,mean,16.15714285714286
38,2010,butte creek,11390000,USGS,butte creek,temperature,min,13.5
39,2010,butte creek,11390000,USGS,butte creek,temperature,max,19.2
39,2010,butte creek,11390000,USGS,butte creek,temperature,mean,16.342857142857145
39,2010,butte creek,11390000,USGS,butte creek,temperature,min,13.5
40,2010,butte creek,11390000,USGS,butte creek,temperature,max,19.1
40,2010,butte creek,11390000,USGS,butte creek,temperature,mean,16.67142857142857
40,2010,butte creek,11390000,USGS,butte creek,temperature,min,14.8
41,2010,butte creek,11390000,USGS,butte creek,temperature,max,17.1
41,2010,butte creek,11390000,USGS,butte creek,temperature,mean,15.157142857142857
41,2010,butte creek,11390000,USGS,butte creek,temperature,min,13.2
42,2010,butte creek,11390000,USGS,butte creek,temperature,max,16.7
42,2010,butte creek,11390000,USGS,butte creek,temperature,mean,14.321428571428571
42,2010,butte creek,11390000,USGS,butte creek,temperature,min,12.5
43,2010,butte creek,11390000,USGS,butte creek,temperature,max,14.3
43,2010,butte creek,11390000,USGS,butte creek,temperature,mean,11.528571428571428
43,2010,butte creek,11390000,USGS,butte creek,temperature,min,8.3
44,2010,butte creek,11390000,USGS,butte creek,temperature,max,12.9
44,2010,butte creek,11390000,USGS,butte creek,temperature,mean,11.299999999999999
44,2010,butte creek,11390000,USGS,butte creek,temperature,min,9.9
45,2010,butte creek,11390000,USGS,butte creek,temperature,max,13.4
45,2010,butte creek,11390000,USGS,butte creek,temperature,mean,10.378571428571428
45,2010,butte creek,11390000,USGS,butte creek,temperature,min,7.2
46,2010,butte creek,11390000,USGS,butte creek,temperature,max,10.7
46,2010,butte creek,11390000,USGS,butte creek,temperature,mean,8.77142857142857
46,2010,butte creek,11390000,USGS,butte creek,temperature,min,6.8
47,2010,butte creek,11390000,USGS,butte creek,temperature,max,9.2
47,2010,butte creek,11390000,USGS,butte creek,temperature,mean,6.714285714285715
47,2010,butte creek,11390000,USGS,butte creek,temperature,min,3.5
48,2010,butte creek,11390000,USGS,butte creek,temperature,max,6.4
48,2010,butte creek,11390000,USGS,butte creek,temperature,mean,5.042857142857144
48,2010,butte creek,11390000,USGS,butte creek,temperature,min,3.6
49,2010,butte creek,11390000,USGS,butte creek,temperature,max,9.1
49,2010,butte creek,11390000,USGS,butte creek,temperature,mean,7.778571428571429
49,2010,butte creek,11390000,USGS,butte creek,temperature,min,6.3
50,2010,butte creek,11390000,USGS,butte creek,temperature,max,9.8
50,2010,butte creek,11390000,USGS,butte creek,temperature,mean,8.071428571428571
50,2010,butte creek,11390000,USGS,butte creek,temperature,min,5.2
51,2010,butte creek,11390000,USGS,butte creek,temperature,max,9.3
51,2010,butte creek,11390000,USGS,butte creek,temperature,mean,7.907142857142857
51,2010,butte creek,11390000,USGS,butte creek,temperature,min,5.2
52,2010,butte creek,11390000,USGS,butte creek,temperature,max,8.9
52,2010,butte creek,11390000,USGS,butte creek,temperature,mean,7.942857142857144
52,2010,butte creek,11390000,USGS,butte creek,temperature,min,6.1
53,2010,butte creek,11390000,USGS,butte creek,temperature,max,6.1
53,2010,butte creek,11390000,USGS,butte creek,temperature,mean,5.699999999999999
53,2010,butte creek,11390000,USGS,butte creek,temperature,min,5.3
1,2011,butte creek,11390000,USGS,butte creek,temperature,max,7.3
1,2011,butte creek,11390000,USGS,butte creek,temperature,mean,5.757142857142858
1,2011,butte creek,11390000,USGS,butte creek,temperature,min,4.5
2,2011,butte creek,11390000,USGS,butte creek,temperature,max,7.8
2,2011,butte creek,11390000,USGS,butte creek,temperature,mean,5.364285714285714
2,2011,butte creek,11390000,USGS,butte creek,temperature,min,3.2
3,2011,butte creek,11390000,USGS,butte creek,temperature,max,8.7
3,2011,butte creek,11390000,USGS,butte creek,temperature,mean,7.314285714285714
3,2011,butte creek,11390000,USGS,butte creek,temperature,min,5.6
4,2011,butte creek,11390000,USGS,butte creek,temperature,max,8.3
4,2011,butte creek,11390000,USGS,butte creek,temperature,mean,7.035714285714286
4,2011,butte creek,11390000,USGS,butte creek,temperature,min,5.8
5,2011,butte creek,11390000,USGS,butte creek,temperature,max,7.7
5,2011,butte creek,11390000,USGS,butte creek,temperature,mean,6.17857142857143
5,2011,butte creek,11390000,USGS,butte creek,temperature,min,4.2
6,2011,butte creek,11390000,USGS,butte creek,temperature,max,9.2
6,2011,butte creek,11390000,USGS,butte creek,temperature,mean,6.6499999999999995
6,2011,butte creek,11390000,USGS,butte creek,temperature,min,3.9
7,2011,butte creek,11390000,USGS,butte creek,temperature,max,8
7,2011,butte creek,11390000,USGS,butte creek,temperature,mean,6.749999999999999
7,2011,butte creek,11390000,USGS,butte creek,temperature,min,4.9
8,2011,butte creek,11390000,USGS,butte creek,temperature,max,7.8
8,2011,butte creek,11390000,USGS,butte creek,temperature,mean,6.299999999999999
8,2011,butte creek,11390000,USGS,butte creek,temperature,min,4.7
9,2011,butte creek,11390000,USGS,butte creek,temperature,max,9.1
9,2011,butte creek,11390000,USGS,butte creek,temperature,mean,6.664285714285714
9,2011,butte creek,11390000,USGS,butte creek,temperature,min,4
10,2011,butte creek,11390000,USGS,butte creek,temperature,max,10.1
10,2011,butte creek,11390000,USGS,butte creek,temperature,mean,8.499999999999998
10,2011,butte creek,11390000,USGS,butte creek,temperature,min,7.4
11,2011,butte creek,11390000,USGS,butte creek,temperature,max,9.3
11,2011,butte creek,11390000,USGS,butte creek,temperature,mean,8.17142857142857
11,2011,butte creek,11390000,USGS,butte creek,temperature,min,6.7
12,2011,butte creek,11390000,USGS,butte creek,temperature,max,8.6
12,2011,butte creek,11390000,USGS,butte creek,temperature,mean,7.642857142857143
12,2011,butte creek,11390000,USGS,butte creek,temperature,min,6.7
13,2011,butte creek,11390000,USGS,butte creek,temperature,max,11
13,2011,butte creek,11390000,USGS,butte creek,temperature,mean,9.114285714285714
13,2011,butte creek,11390000,USGS,butte creek,temperature,min,7.5
14,2011,butte creek,11390000,USGS,butte creek,temperature,max,10.9
14,2011,butte creek,11390000,USGS,butte creek,temperature,mean,8.8
14,2011,butte creek,11390000,USGS,butte creek,temperature,min,6.5
15,2011,butte creek,11390000,USGS,butte creek,temperature,max,10.7
15,2011,butte creek,11390000,USGS,butte creek,temperature,mean,8.585714285714285
15,2011,butte creek,11390000,USGS,butte creek,temperature,min,6.3
16,2011,butte creek,11390000,USGS,butte creek,temperature,max,11.6
16,2011,butte creek,11390000,USGS,butte creek,temperature,mean,9.421428571428573
16,2011,butte creek,11390000,USGS,butte creek,temperature,min,7.6
17,2011,butte creek,11390000,USGS,butte creek,temperature,max,10.1
17,2011,butte creek,11390000,USGS,butte creek,temperature,mean,8.764285714285714
17,2011,butte creek,11390000,USGS,butte creek,temperature,min,6.7
18,2011,butte creek,11390000,USGS,butte creek,temperature,max,12.1
18,2011,butte creek,11390000,USGS,butte creek,temperature,mean,10.22857142857143
18,2011,butte creek,11390000,USGS,butte creek,temperature,min,7.4
19,2011,butte creek,11390000,USGS,butte creek,temperature,max,12.4
19,2011,butte creek,11390000,USGS,butte creek,temperature,mean,10.314285714285715
19,2011,butte creek,11390000,USGS,butte creek,temperature,min,8
20,2011,butte creek,11390000,USGS,butte creek,temperature,max,12.7
20,2011,butte creek,11390000,USGS,butte creek,temperature,mean,9.12857142857143
20,2011,butte creek,11390000,USGS,butte creek,temperature,min,6.5
21,2011,butte creek,11390000,USGS,butte creek,temperature,max,13.4
21,2011,butte creek,11390000,USGS,butte creek,temperature,mean,10.907142857142858
21,2011,butte creek,11390000,USGS,butte creek,temperature,min,7.9
22,2011,butte creek,11390000,USGS,butte creek,temperature,max,11
22,2011,butte creek,11390000,USGS,butte creek,temperature,mean,9.192857142857141
22,2011,butte creek,11390000,USGS,butte creek,temperature,min,7.9
23,2011,butte creek,11390000,USGS,butte creek,temperature,max,13.9
23,2011,butte creek,11390000,USGS,butte creek,temperature,mean,11.271428571428572
23,2011,butte creek,11390000,USGS,butte creek,temperature,min,9
24,2011,butte creek,11390000,USGS,butte creek,temperature,max,14.7
24,2011,butte creek,11390000,USGS,butte creek,temperature,mean,12.928571428571429
24,2011,butte creek,11390000,USGS,butte creek,temperature,min,10.9
25,2011,butte creek,11390000,USGS,butte creek,temperature,max,17.9
25,2011,butte creek,11390000,USGS,butte creek,temperature,mean,15.078571428571426
25,2011,butte creek,11390000,USGS,butte creek,temperature,min,12
26,2011,butte creek,11390000,USGS,butte creek,temperature,max,17.9
26,2011,butte creek,11390000,USGS,butte creek,temperature,mean,14.664285714285715
26,2011,butte creek,11390000,USGS,butte creek,temperature,min,11.4
27,2011,butte creek,11390000,USGS,butte creek,temperature,max,20.1
27,2011,butte creek,11390000,USGS,butte creek,temperature,mean,17.300000000000004
27,2011,butte creek,11390000,USGS,butte creek,temperature,min,14
28,2011,butte creek,11390000,USGS,butte creek,temperature,max,20.1
28,2011,butte creek,11390000,USGS,butte creek,temperature,mean,17.171428571428574
28,2011,butte creek,11390000,USGS,butte creek,temperature,min,14.3
29,2011,butte creek,11390000,USGS,butte creek,temperature,max,21
29,2011,butte creek,11390000,USGS,butte creek,temperature,mean,17.37142857142857
29,2011,butte creek,11390000,USGS,butte creek,temperature,min,14.3
30,2011,butte creek,11390000,USGS,butte creek,temperature,max,21.8
30,2011,butte creek,11390000,USGS,butte creek,temperature,mean,18.75714285714286
30,2011,butte creek,11390000,USGS,butte creek,temperature,min,15.6
31,2011,butte creek,11390000,USGS,butte creek,temperature,max,22.2
31,2011,butte creek,11390000,USGS,butte creek,temperature,mean,19.235714285714288
31,2011,butte creek,11390000,USGS,butte creek,temperature,min,16.2
32,2011,butte creek,11390000,USGS,butte creek,temperature,max,20.9
32,2011,butte creek,11390000,USGS,butte creek,temperature,mean,18.37142857142857
32,2011,butte creek,11390000,USGS,butte creek,temperature,min,15.8
33,2011,butte creek,11390000,USGS,butte creek,temperature,max,21.1
33,2011,butte creek,11390000,USGS,butte creek,temperature,mean,18.257142857142856
33,2011,butte creek,11390000,USGS,butte creek,temperature,min,15.4
34,2011,butte creek,11390000,USGS,butte creek,temperature,max,21
34,2011,butte creek,11390000,USGS,butte creek,temperature,mean,18.2
34,2011,butte creek,11390000,USGS,butte creek,temperature,min,15.6
35,2011,butte creek,11390000,USGS,butte creek,temperature,max,21.3
35,2011,butte creek,11390000,USGS,butte creek,temperature,mean,18.285714285714285
35,2011,butte creek,11390000,USGS,butte creek,temperature,min,15.3
36,2011,butte creek,11390000,USGS,butte creek,temperature,max,20.1
36,2011,butte creek,11390000,USGS,butte creek,temperature,mean,17.842857142857145
36,2011,butte creek,11390000,USGS,butte creek,temperature,min,15.4
37,2011,butte creek,11390000,USGS,butte creek,temperature,max,21
37,2011,butte creek,11390000,USGS,butte creek,temperature,mean,18.67142857142857
37,2011,butte creek,11390000,USGS,butte creek,temperature,min,15.8
38,2011,butte creek,11390000,USGS,butte creek,temperature,max,19.1
38,2011,butte creek,11390000,USGS,butte creek,temperature,mean,16.985714285714284
38,2011,butte creek,11390000,USGS,butte creek,temperature,min,14.7
39,2011,butte creek,11390000,USGS,butte creek,temperature,max,18.6
39,2011,butte creek,11390000,USGS,butte creek,temperature,mean,16.371428571428574
39,2011,butte creek,11390000,USGS,butte creek,temperature,min,14.1
40,2011,butte creek,11390000,USGS,butte creek,temperature,max,17.2
40,2011,butte creek,11390000,USGS,butte creek,temperature,mean,13.728571428571428
40,2011,butte creek,11390000,USGS,butte creek,temperature,min,9.5
41,2011,butte creek,11390000,USGS,butte creek,temperature,max,15.3
41,2011,butte creek,11390000,USGS,butte creek,temperature,mean,12.935714285714287
41,2011,butte creek,11390000,USGS,butte creek,temperature,min,10.1
42,2011,butte creek,11390000,USGS,butte creek,temperature,max,16.2
42,2011,butte creek,11390000,USGS,butte creek,temperature,mean,14.407142857142858
42,2011,butte creek,11390000,USGS,butte creek,temperature,min,12.5
43,2011,butte creek,11390000,USGS,butte creek,temperature,max,14.8
43,2011,butte creek,11390000,USGS,butte creek,temperature,mean,11.935714285714285
43,2011,butte creek,11390000,USGS,butte creek,temperature,min,8.6
44,2011,butte creek,11390000,USGS,butte creek,temperature,max,12.3
44,2011,butte creek,11390000,USGS,butte creek,temperature,mean,9.849999999999998
44,2011,butte creek,11390000,USGS,butte creek,temperature,min,7.5
45,2011,butte creek,11390000,USGS,butte creek,temperature,max,8.1
45,2011,butte creek,11390000,USGS,butte creek,temperature,mean,6.778571428571428
45,2011,butte creek,11390000,USGS,butte creek,temperature,min,5.3
46,2011,butte creek,11390000,USGS,butte creek,temperature,max,9.7
46,2011,butte creek,11390000,USGS,butte creek,temperature,mean,8.257142857142858
46,2011,butte creek,11390000,USGS,butte creek,temperature,min,7
47,2011,butte creek,11390000,USGS,butte creek,temperature,max,9
47,2011,butte creek,11390000,USGS,butte creek,temperature,mean,7.507142857142857
47,2011,butte creek,11390000,USGS,butte creek,temperature,min,6.1
48,2011,butte creek,11390000,USGS,butte creek,temperature,max,8.7
48,2011,butte creek,11390000,USGS,butte creek,temperature,mean,6.999999999999999
48,2011,butte creek,11390000,USGS,butte creek,temperature,min,4.6
49,2011,butte creek,11390000,USGS,butte creek,temperature,max,5.8
49,2011,butte creek,11390000,USGS,butte creek,temperature,mean,4.3999999999999995
49,2011,butte creek,11390000,USGS,butte creek,temperature,min,3.1
50,2011,butte creek,11390000,USGS,butte creek,temperature,max,5.7
50,2011,butte creek,11390000,USGS,butte creek,temperature,mean,4.285714285714286
50,2011,butte creek,11390000,USGS,butte creek,temperature,min,2.8
51,2011,butte creek,11390000,USGS,butte creek,temperature,max,5.7
51,2011,butte creek,11390000,USGS,butte creek,temperature,mean,4.235714285714286
51,2011,butte creek,11390000,USGS,butte creek,temperature,min,2.2
52,2011,butte creek,11390000,USGS,butte creek,temperature,max,7.6
52,2011,butte creek,11390000,USGS,butte creek,temperature,mean,4.192857142857143
52,2011,butte creek,11390000,USGS,butte creek,temperature,min,2
53,2011,butte creek,11390000,USGS,butte creek,temperature,max,7.6
53,2011,butte creek,11390000,USGS,butte creek,temperature,mean,6.9
53,2011,butte creek,11390000,USGS,butte creek,temperature,min,6.2
1,2012,butte creek,11390000,USGS,butte creek,temperature,max,7.3
1,2012,butte creek,11390000,USGS,butte creek,temperature,mean,5.9642857142857135
1,2012,butte creek,11390000,USGS,butte creek,temperature,min,4.4
2,2012,butte creek,11390000,USGS,butte creek,temperature,max,6
2,2012,butte creek,11390000,USGS,butte creek,temperature,mean,4.714285714285714
2,2012,butte creek,11390000,USGS,butte creek,temperature,min,3.4
3,2012,butte creek,11390000,USGS,butte creek,temperature,max,7.9
3,2012,butte creek,11390000,USGS,butte creek,temperature,mean,4.271428571428571
3,2012,butte creek,11390000,USGS,butte creek,temperature,min,1.2
4,2012,butte creek,11390000,USGS,butte creek,temperature,max,7.8
4,2012,butte creek,11390000,USGS,butte creek,temperature,mean,6.414285714285714
4,2012,butte creek,11390000,USGS,butte creek,temperature,min,4.3
5,2012,butte creek,11390000,USGS,butte creek,temperature,max,8.1
5,2012,butte creek,11390000,USGS,butte creek,temperature,mean,6.107142857142857
5,2012,butte creek,11390000,USGS,butte creek,temperature,min,4.2
6,2012,butte creek,11390000,USGS,butte creek,temperature,max,9.1
6,2012,butte creek,11390000,USGS,butte creek,temperature,mean,6.721428571428571
6,2012,butte creek,11390000,USGS,butte creek,temperature,min,4.1
7,2012,butte creek,11390000,USGS,butte creek,temperature,max,8.4
7,2012,butte creek,11390000,USGS,butte creek,temperature,mean,6.442857142857142
7,2012,butte creek,11390000,USGS,butte creek,temperature,min,4.1
8,2012,butte creek,11390000,USGS,butte creek,temperature,max,10.3
8,2012,butte creek,11390000,USGS,butte creek,temperature,mean,7.42857142857143
8,2012,butte creek,11390000,USGS,butte creek,temperature,min,4.7
9,2012,butte creek,11390000,USGS,butte creek,temperature,max,8.2
9,2012,butte creek,11390000,USGS,butte creek,temperature,mean,5.857142857142857
9,2012,butte creek,11390000,USGS,butte creek,temperature,min,2.9
10,2012,butte creek,11390000,USGS,butte creek,temperature,max,9.8
10,2012,butte creek,11390000,USGS,butte creek,temperature,mean,7.171428571428572
10,2012,butte creek,11390000,USGS,butte creek,temperature,min,4.4
11,2012,butte creek,11390000,USGS,butte creek,temperature,max,9.4
11,2012,butte creek,11390000,USGS,butte creek,temperature,mean,8.22857142857143
11,2012,butte creek,11390000,USGS,butte creek,temperature,min,6.1
12,2012,butte creek,11390000,USGS,butte creek,temperature,max,10
12,2012,butte creek,11390000,USGS,butte creek,temperature,mean,7.8571428571428585
12,2012,butte creek,11390000,USGS,butte creek,temperature,min,5.9
13,2012,butte creek,11390000,USGS,butte creek,temperature,max,10.2
13,2012,butte creek,11390000,USGS,butte creek,temperature,mean,8.428571428571429
13,2012,butte creek,11390000,USGS,butte creek,temperature,min,6.9
14,2012,butte creek,11390000,USGS,butte creek,temperature,max,10.4
14,2012,butte creek,11390000,USGS,butte creek,temperature,mean,8.192857142857145
14,2012,butte creek,11390000,USGS,butte creek,temperature,min,5.6
15,2012,butte creek,11390000,USGS,butte creek,temperature,max,10.7
15,2012,butte creek,11390000,USGS,butte creek,temperature,mean,8.950000000000001
15,2012,butte creek,11390000,USGS,butte creek,temperature,min,6.9
16,2012,butte creek,11390000,USGS,butte creek,temperature,max,15.2
16,2012,butte creek,11390000,USGS,butte creek,temperature,mean,11.485714285714286
16,2012,butte creek,11390000,USGS,butte creek,temperature,min,8.3
17,2012,butte creek,11390000,USGS,butte creek,temperature,max,15.7
17,2012,butte creek,11390000,USGS,butte creek,temperature,mean,11.87857142857143
17,2012,butte creek,11390000,USGS,butte creek,temperature,min,8.1
18,2012,butte creek,11390000,USGS,butte creek,temperature,max,14.1
18,2012,butte creek,11390000,USGS,butte creek,temperature,mean,11.864285714285714
18,2012,butte creek,11390000,USGS,butte creek,temperature,min,9.3
19,2012,butte creek,11390000,USGS,butte creek,temperature,max,16.6
19,2012,butte creek,11390000,USGS,butte creek,temperature,mean,13.635714285714286
19,2012,butte creek,11390000,USGS,butte creek,temperature,min,9.6
20,2012,butte creek,11390000,USGS,butte creek,temperature,max,17.5
20,2012,butte creek,11390000,USGS,butte creek,temperature,mean,14.814285714285713
20,2012,butte creek,11390000,USGS,butte creek,temperature,min,11.9
21,2012,butte creek,11390000,USGS,butte creek,temperature,max,18.1
21,2012,butte creek,11390000,USGS,butte creek,temperature,mean,14.599999999999998
21,2012,butte creek,11390000,USGS,butte creek,temperature,min,10.6
22,2012,butte creek,11390000,USGS,butte creek,temperature,max,20.4
22,2012,butte creek,11390000,USGS,butte creek,temperature,mean,15.307142857142859
22,2012,butte creek,11390000,USGS,butte creek,temperature,min,10.4
23,2012,butte creek,11390000,USGS,butte creek,temperature,max,20.3
23,2012,butte creek,11390000,USGS,butte creek,temperature,mean,15.549999999999997
23,2012,butte creek,11390000,USGS,butte creek,temperature,min,11.1
24,2012,butte creek,11390000,USGS,butte creek,temperature,max,22.2
24,2012,butte creek,11390000,USGS,butte creek,temperature,mean,17.764285714285712
24,2012,butte creek,11390000,USGS,butte creek,temperature,min,12.6
25,2012,butte creek,11390000,USGS,butte creek,temperature,max,22.9
25,2012,butte creek,11390000,USGS,butte creek,temperature,mean,19.185714285714287
25,2012,butte creek,11390000,USGS,butte creek,temperature,min,15.6
26,2012,butte creek,11390000,USGS,butte creek,temperature,max,21.2
26,2012,butte creek,11390000,USGS,butte creek,temperature,mean,17.228571428571428
26,2012,butte creek,11390000,USGS,butte creek,temperature,min,14
27,2012,butte creek,11390000,USGS,butte creek,temperature,max,23.2
27,2012,butte creek,11390000,USGS,butte creek,temperature,mean,20.385714285714283
27,2012,butte creek,11390000,USGS,butte creek,temperature,min,17.4
28,2012,butte creek,11390000,USGS,butte creek,temperature,max,23.2
28,2012,butte creek,11390000,USGS,butte creek,temperature,mean,20.592857142857145
28,2012,butte creek,11390000,USGS,butte creek,temperature,min,17.9
29,2012,butte creek,11390000,USGS,butte creek,temperature,max,23.1
29,2012,butte creek,11390000,USGS,butte creek,temperature,mean,19.67142857142857
29,2012,butte creek,11390000,USGS,butte creek,temperature,min,16.7
30,2012,butte creek,11390000,USGS,butte creek,temperature,max,24.1
30,2012,butte creek,11390000,USGS,butte creek,temperature,mean,20.85
30,2012,butte creek,11390000,USGS,butte creek,temperature,min,17.9
31,2012,butte creek,11390000,USGS,butte creek,temperature,max,23.2
31,2012,butte creek,11390000,USGS,butte creek,temperature,mean,20.52857142857143
31,2012,butte creek,11390000,USGS,butte creek,temperature,min,17.6
32,2012,butte creek,11390000,USGS,butte creek,temperature,max,23.5
32,2012,butte creek,11390000,USGS,butte creek,temperature,mean,20.650000000000002
32,2012,butte creek,11390000,USGS,butte creek,temperature,min,17.8
33,2012,butte creek,11390000,USGS,butte creek,temperature,max,24.3
33,2012,butte creek,11390000,USGS,butte creek,temperature,mean,21.692857142857143
33,2012,butte creek,11390000,USGS,butte creek,temperature,min,18.4
34,2012,butte creek,11390000,USGS,butte creek,temperature,max,23.7
34,2012,butte creek,11390000,USGS,butte creek,temperature,mean,20.171428571428574
34,2012,butte creek,11390000,USGS,butte creek,temperature,min,17.1
35,2012,butte creek,11390000,USGS,butte creek,temperature,max,20.9
35,2012,butte creek,11390000,USGS,butte creek,temperature,mean,18.1
35,2012,butte creek,11390000,USGS,butte creek,temperature,min,15.6
36,2012,butte creek,11390000,USGS,butte creek,temperature,max,21.3
36,2012,butte creek,11390000,USGS,butte creek,temperature,mean,18.242857142857144
36,2012,butte creek,11390000,USGS,butte creek,temperature,min,15.2
37,2012,butte creek,11390000,USGS,butte creek,temperature,max,21.2
37,2012,butte creek,11390000,USGS,butte creek,temperature,mean,18.692857142857147
37,2012,butte creek,11390000,USGS,butte creek,temperature,min,16.1
38,2012,butte creek,11390000,USGS,butte creek,temperature,max,20.3
38,2012,butte creek,11390000,USGS,butte creek,temperature,mean,18.014285714285712
38,2012,butte creek,11390000,USGS,butte creek,temperature,min,15.9
39,2012,butte creek,11390000,USGS,butte creek,temperature,max,19.6
39,2012,butte creek,11390000,USGS,butte creek,temperature,mean,17.428571428571427
39,2012,butte creek,11390000,USGS,butte creek,temperature,min,15.4
40,2012,butte creek,11390000,USGS,butte creek,temperature,max,19.1
40,2012,butte creek,11390000,USGS,butte creek,temperature,mean,16.79285714285714
40,2012,butte creek,11390000,USGS,butte creek,temperature,min,14.3
41,2012,butte creek,11390000,USGS,butte creek,temperature,max,17.1
41,2012,butte creek,11390000,USGS,butte creek,temperature,mean,14.542857142857143
41,2012,butte creek,11390000,USGS,butte creek,temperature,min,12.2
42,2012,butte creek,11390000,USGS,butte creek,temperature,max,16.7
42,2012,butte creek,11390000,USGS,butte creek,temperature,mean,14.299999999999999
42,2012,butte creek,11390000,USGS,butte creek,temperature,min,12.2
43,2012,butte creek,11390000,USGS,butte creek,temperature,max,15.1
43,2012,butte creek,11390000,USGS,butte creek,temperature,mean,11.278571428571427
43,2012,butte creek,11390000,USGS,butte creek,temperature,min,8.5
44,2012,butte creek,11390000,USGS,butte creek,temperature,max,12.6
44,2012,butte creek,11390000,USGS,butte creek,temperature,mean,11.385714285714284
44,2012,butte creek,11390000,USGS,butte creek,temperature,min,10
45,2012,butte creek,11390000,USGS,butte creek,temperature,max,12.8
45,2012,butte creek,11390000,USGS,butte creek,temperature,mean,10.864285714285714
45,2012,butte creek,11390000,USGS,butte creek,temperature,min,7.8
46,2012,butte creek,11390000,USGS,butte creek,temperature,max,10.3
46,2012,butte creek,11390000,USGS,butte creek,temperature,mean,8.135714285714284
46,2012,butte creek,11390000,USGS,butte creek,temperature,min,6.4
47,2012,butte creek,11390000,USGS,butte creek,temperature,max,10.7
47,2012,butte creek,11390000,USGS,butte creek,temperature,mean,9.342857142857143
47,2012,butte creek,11390000,USGS,butte creek,temperature,min,7.4
48,2012,butte creek,11390000,USGS,butte creek,temperature,max,11.2
48,2012,butte creek,11390000,USGS,butte creek,temperature,mean,8.971428571428572
48,2012,butte creek,11390000,USGS,butte creek,temperature,min,6.8
49,2012,butte creek,11390000,USGS,butte creek,temperature,max,11.5
49,2012,butte creek,11390000,USGS,butte creek,temperature,mean,9.421428571428573
49,2012,butte creek,11390000,USGS,butte creek,temperature,min,7
50,2012,butte creek,11390000,USGS,butte creek,temperature,max,8.6
50,2012,butte creek,11390000,USGS,butte creek,temperature,mean,6.657142857142857
50,2012,butte creek,11390000,USGS,butte creek,temperature,min,4.5
51,2012,butte creek,11390000,USGS,butte creek,temperature,max,7.6
51,2012,butte creek,11390000,USGS,butte creek,temperature,mean,5.878571428571428
51,2012,butte creek,11390000,USGS,butte creek,temperature,min,4.2
52,2012,butte creek,11390000,USGS,butte creek,temperature,max,8.6
52,2012,butte creek,11390000,USGS,butte creek,temperature,mean,7.385714285714286
52,2012,butte creek,11390000,USGS,butte creek,temperature,min,6.3
53,2012,butte creek,11390000,USGS,butte creek,temperature,max,6.7
53,2012,butte creek,11390000,USGS,butte creek,temperature,mean,5.65
53,2012,butte creek,11390000,USGS,butte creek,temperature,min,4.7
1,2013,butte creek,11390000,USGS,butte creek,temperature,max,6.7
1,2013,butte creek,11390000,USGS,butte creek,temperature,mean,5.235714285714286
1,2013,butte creek,11390000,USGS,butte creek,temperature,min,4
2,2013,butte creek,11390000,USGS,butte creek,temperature,max,7.1
2,2013,butte creek,11390000,USGS,butte creek,temperature,mean,4.357142857142857
2,2013,butte creek,11390000,USGS,butte creek,temperature,min,1.7
3,2013,butte creek,11390000,USGS,butte creek,temperature,max,5.6
3,2013,butte creek,11390000,USGS,butte creek,temperature,mean,4.107142857142857
3,2013,butte creek,11390000,USGS,butte creek,temperature,min,2
4,2013,butte creek,11390000,USGS,butte creek,temperature,max,8
4,2013,butte creek,11390000,USGS,butte creek,temperature,mean,6.264285714285713
4,2013,butte creek,11390000,USGS,butte creek,temperature,min,3.8
5,2013,butte creek,11390000,USGS,butte creek,temperature,max,7.6
5,2013,butte creek,11390000,USGS,butte creek,temperature,mean,6.228571428571428
5,2013,butte creek,11390000,USGS,butte creek,temperature,min,4.8
6,2013,butte creek,11390000,USGS,butte creek,temperature,max,7.5
6,2013,butte creek,11390000,USGS,butte creek,temperature,mean,5.671428571428572
6,2013,butte creek,11390000,USGS,butte creek,temperature,min,3.6
7,2013,butte creek,11390000,USGS,butte creek,temperature,max,8.3
7,2013,butte creek,11390000,USGS,butte creek,temperature,mean,6.428571428571428
7,2013,butte creek,11390000,USGS,butte creek,temperature,min,4.1
8,2013,butte creek,11390000,USGS,butte creek,temperature,max,7.5
8,2013,butte creek,11390000,USGS,butte creek,temperature,mean,5.6000000000000005
8,2013,butte creek,11390000,USGS,butte creek,temperature,min,3.5
9,2013,butte creek,11390000,USGS,butte creek,temperature,max,10.1
9,2013,butte creek,11390000,USGS,butte creek,temperature,mean,7.457142857142857
9,2013,butte creek,11390000,USGS,butte creek,temperature,min,4.3
10,2013,butte creek,11390000,USGS,butte creek,temperature,max,9.8
10,2013,butte creek,11390000,USGS,butte creek,temperature,mean,7.435714285714286
10,2013,butte creek,11390000,USGS,butte creek,temperature,min,5
11,2013,butte creek,11390000,USGS,butte creek,temperature,max,11.3
11,2013,butte creek,11390000,USGS,butte creek,temperature,mean,9.242857142857144
11,2013,butte creek,11390000,USGS,butte creek,temperature,min,7
12,2013,butte creek,11390000,USGS,butte creek,temperature,max,10.5
12,2013,butte creek,11390000,USGS,butte creek,temperature,mean,8.485714285714286
12,2013,butte creek,11390000,USGS,butte creek,temperature,min,6
13,2013,butte creek,11390000,USGS,butte creek,temperature,max,11.7
13,2013,butte creek,11390000,USGS,butte creek,temperature,mean,10.042857142857144
13,2013,butte creek,11390000,USGS,butte creek,temperature,min,7.9
14,2013,butte creek,11390000,USGS,butte creek,temperature,max,12
14,2013,butte creek,11390000,USGS,butte creek,temperature,mean,10.285714285714286
14,2013,butte creek,11390000,USGS,butte creek,temperature,min,8.5
15,2013,butte creek,11390000,USGS,butte creek,temperature,max,14
15,2013,butte creek,11390000,USGS,butte creek,temperature,mean,11.192857142857145
15,2013,butte creek,11390000,USGS,butte creek,temperature,min,7.5
16,2013,butte creek,11390000,USGS,butte creek,temperature,max,16
16,2013,butte creek,11390000,USGS,butte creek,temperature,mean,11.314285714285715
16,2013,butte creek,11390000,USGS,butte creek,temperature,min,7
17,2013,butte creek,11390000,USGS,butte creek,temperature,max,18.3
17,2013,butte creek,11390000,USGS,butte creek,temperature,mean,14.599999999999998
17,2013,butte creek,11390000,USGS,butte creek,temperature,min,11.3
18,2013,butte creek,11390000,USGS,butte creek,temperature,max,18.3
18,2013,butte creek,11390000,USGS,butte creek,temperature,mean,15.321428571428571
18,2013,butte creek,11390000,USGS,butte creek,temperature,min,12.8
19,2013,butte creek,11390000,USGS,butte creek,temperature,max,20.9
19,2013,butte creek,11390000,USGS,butte creek,temperature,mean,16.407142857142855
19,2013,butte creek,11390000,USGS,butte creek,temperature,min,12.5
20,2013,butte creek,11390000,USGS,butte creek,temperature,max,20.9
20,2013,butte creek,11390000,USGS,butte creek,temperature,mean,17.12142857142857
20,2013,butte creek,11390000,USGS,butte creek,temperature,min,13.7
21,2013,butte creek,11390000,USGS,butte creek,temperature,max,18.9
21,2013,butte creek,11390000,USGS,butte creek,temperature,mean,15.042857142857141
21,2013,butte creek,11390000,USGS,butte creek,temperature,min,12.1
22,2013,butte creek,11390000,USGS,butte creek,temperature,max,21.4
22,2013,butte creek,11390000,USGS,butte creek,temperature,mean,16.907142857142855
22,2013,butte creek,11390000,USGS,butte creek,temperature,min,13.5
23,2013,butte creek,11390000,USGS,butte creek,temperature,max,24.6
23,2013,butte creek,11390000,USGS,butte creek,temperature,mean,20.949999999999996
23,2013,butte creek,11390000,USGS,butte creek,temperature,min,17.4
24,2013,butte creek,11390000,USGS,butte creek,temperature,max,22
24,2013,butte creek,11390000,USGS,butte creek,temperature,mean,19.285714285714285
24,2013,butte creek,11390000,USGS,butte creek,temperature,min,16.4
25,2013,butte creek,11390000,USGS,butte creek,temperature,max,21.3
25,2013,butte creek,11390000,USGS,butte creek,temperature,mean,18.550000000000004
25,2013,butte creek,11390000,USGS,butte creek,temperature,min,16.1
26,2013,butte creek,11390000,USGS,butte creek,temperature,max,24.7
26,2013,butte creek,11390000,USGS,butte creek,temperature,mean,20.321428571428573
26,2013,butte creek,11390000,USGS,butte creek,temperature,min,15.7
27,2013,butte creek,11390000,USGS,butte creek,temperature,max,26.3
27,2013,butte creek,11390000,USGS,butte creek,temperature,mean,23.071428571428566
27,2013,butte creek,11390000,USGS,butte creek,temperature,min,19.6
28,2013,butte creek,11390000,USGS,butte creek,temperature,max,24.1
28,2013,butte creek,11390000,USGS,butte creek,temperature,mean,21.264285714285712
28,2013,butte creek,11390000,USGS,butte creek,temperature,min,18.5
29,2013,butte creek,11390000,USGS,butte creek,temperature,max,25.3
29,2013,butte creek,11390000,USGS,butte creek,temperature,mean,21.785714285714285
29,2013,butte creek,11390000,USGS,butte creek,temperature,min,18.3
30,2013,butte creek,11390000,USGS,butte creek,temperature,max,26.3
30,2013,butte creek,11390000,USGS,butte creek,temperature,mean,23.61428571428571
30,2013,butte creek,11390000,USGS,butte creek,temperature,min,21.1
31,2013,butte creek,11390000,USGS,butte creek,temperature,max,23.5
31,2013,butte creek,11390000,USGS,butte creek,temperature,mean,20.764285714285712
31,2013,butte creek,11390000,USGS,butte creek,temperature,min,18.2
32,2013,butte creek,11390000,USGS,butte creek,temperature,max,22.3
32,2013,butte creek,11390000,USGS,butte creek,temperature,mean,20.00714285714286
32,2013,butte creek,11390000,USGS,butte creek,temperature,min,17.8
33,2013,butte creek,11390000,USGS,butte creek,temperature,max,22.7
33,2013,butte creek,11390000,USGS,butte creek,temperature,mean,20.364285714285717
33,2013,butte creek,11390000,USGS,butte creek,temperature,min,17.9
34,2013,butte creek,11390000,USGS,butte creek,temperature,max,23.5
34,2013,butte creek,11390000,USGS,butte creek,temperature,mean,20.942857142857143
34,2013,butte creek,11390000,USGS,butte creek,temperature,min,18.3
35,2013,butte creek,11390000,USGS,butte creek,temperature,max,22.2
35,2013,butte creek,11390000,USGS,butte creek,temperature,mean,19.842857142857145
35,2013,butte creek,11390000,USGS,butte creek,temperature,min,17.6
36,2013,butte creek,11390000,USGS,butte creek,temperature,max,22
36,2013,butte creek,11390000,USGS,butte creek,temperature,mean,19.45
36,2013,butte creek,11390000,USGS,butte creek,temperature,min,17.1
37,2013,butte creek,11390000,USGS,butte creek,temperature,max,21.8
37,2013,butte creek,11390000,USGS,butte creek,temperature,mean,19.55
37,2013,butte creek,11390000,USGS,butte creek,temperature,min,17
38,2013,butte creek,11390000,USGS,butte creek,temperature,max,20.1
38,2013,butte creek,11390000,USGS,butte creek,temperature,mean,17.014285714285716
38,2013,butte creek,11390000,USGS,butte creek,temperature,min,14.2
39,2013,butte creek,11390000,USGS,butte creek,temperature,max,17.9
39,2013,butte creek,11390000,USGS,butte creek,temperature,mean,14.964285714285712
39,2013,butte creek,11390000,USGS,butte creek,temperature,min,12.4
40,2013,butte creek,11390000,USGS,butte creek,temperature,max,16.9
40,2013,butte creek,11390000,USGS,butte creek,temperature,mean,13.814285714285715
40,2013,butte creek,11390000,USGS,butte creek,temperature,min,11.3
41,2013,butte creek,11390000,USGS,butte creek,temperature,max,14.1
41,2013,butte creek,11390000,USGS,butte creek,temperature,mean,12.514285714285714
41,2013,butte creek,11390000,USGS,butte creek,temperature,min,10.7
42,2013,butte creek,11390000,USGS,butte creek,temperature,max,13.7
42,2013,butte creek,11390000,USGS,butte creek,temperature,mean,11.814285714285715
42,2013,butte creek,11390000,USGS,butte creek,temperature,min,10.2
43,2013,butte creek,11390000,USGS,butte creek,temperature,max,13.1
43,2013,butte creek,11390000,USGS,butte creek,temperature,mean,11.057142857142859
43,2013,butte creek,11390000,USGS,butte creek,temperature,min,9.6
44,2013,butte creek,11390000,USGS,butte creek,temperature,max,11
44,2013,butte creek,11390000,USGS,butte creek,temperature,mean,9.435714285714285
44,2013,butte creek,11390000,USGS,butte creek,temperature,min,7.2
45,2013,butte creek,11390000,USGS,butte creek,temperature,max,10.4
45,2013,butte creek,11390000,USGS,butte creek,temperature,mean,9.071428571428571
45,2013,butte creek,11390000,USGS,butte creek,temperature,min,7.4
46,2013,butte creek,11390000,USGS,butte creek,temperature,max,10.5
46,2013,butte creek,11390000,USGS,butte creek,temperature,mean,8.907142857142857
46,2013,butte creek,11390000,USGS,butte creek,temperature,min,7
47,2013,butte creek,11390000,USGS,butte creek,temperature,max,9.7
47,2013,butte creek,11390000,USGS,butte creek,temperature,mean,7.757142857142858
47,2013,butte creek,11390000,USGS,butte creek,temperature,min,5.4
48,2013,butte creek,11390000,USGS,butte creek,temperature,max,8.3
48,2013,butte creek,11390000,USGS,butte creek,temperature,mean,7.092857142857143
48,2013,butte creek,11390000,USGS,butte creek,temperature,min,5.6
49,2013,butte creek,11390000,USGS,butte creek,temperature,max,8.6
49,2013,butte creek,11390000,USGS,butte creek,temperature,mean,3.914285714285714
49,2013,butte creek,11390000,USGS,butte creek,temperature,min,0.8
50,2013,butte creek,11390000,USGS,butte creek,temperature,max,4.6
50,2013,butte creek,11390000,USGS,butte creek,temperature,mean,2.807142857142857
50,2013,butte creek,11390000,USGS,butte creek,temperature,min,0.9
51,2013,butte creek,11390000,USGS,butte creek,temperature,max,5.8
51,2013,butte creek,11390000,USGS,butte creek,temperature,mean,4.535714285714286
51,2013,butte creek,11390000,USGS,butte creek,temperature,min,3.3
52,2013,butte creek,11390000,USGS,butte creek,temperature,max,6.1
52,2013,butte creek,11390000,USGS,butte creek,temperature,mean,4.721428571428571
52,2013,butte creek,11390000,USGS,butte creek,temperature,min,3.6
53,2013,butte creek,11390000,USGS,butte creek,temperature,max,6.2
53,2013,butte creek,11390000,USGS,butte creek,temperature,mean,5.35
53,2013,butte creek,11390000,USGS,butte creek,temperature,min,4.5
1,2014,butte creek,11390000,USGS,butte creek,temperature,max,6.6
1,2014,butte creek,11390000,USGS,butte creek,temperature,mean,5.2
1,2014,butte creek,11390000,USGS,butte creek,temperature,min,4.1
2,2014,butte creek,11390000,USGS,butte creek,temperature,max,7.2
2,2014,butte creek,11390000,USGS,butte creek,temperature,mean,5.714285714285714
2,2014,butte creek,11390000,USGS,butte creek,temperature,min,4.3
3,2014,butte creek,11390000,USGS,butte creek,temperature,max,7
3,2014,butte creek,11390000,USGS,butte creek,temperature,mean,5.7
3,2014,butte creek,11390000,USGS,butte creek,temperature,min,4.2
4,2014,butte creek,11390000,USGS,butte creek,temperature,max,8.6
4,2014,butte creek,11390000,USGS,butte creek,temperature,mean,6.471428571428571
4,2014,butte creek,11390000,USGS,butte creek,temperature,min,4.3
5,2014,butte creek,11390000,USGS,butte creek,temperature,max,9.3
5,2014,butte creek,11390000,USGS,butte creek,temperature,mean,6.742857142857143
5,2014,butte creek,11390000,USGS,butte creek,temperature,min,3.9
6,2014,butte creek,11390000,USGS,butte creek,temperature,max,9.8
6,2014,butte creek,11390000,USGS,butte creek,temperature,mean,7.264285714285714
6,2014,butte creek,11390000,USGS,butte creek,temperature,min,3.9
7,2014,butte creek,11390000,USGS,butte creek,temperature,max,11.2
7,2014,butte creek,11390000,USGS,butte creek,temperature,mean,9.214285714285714
7,2014,butte creek,11390000,USGS,butte creek,temperature,min,7.1
8,2014,butte creek,11390000,USGS,butte creek,temperature,max,10.8
8,2014,butte creek,11390000,USGS,butte creek,temperature,mean,8.65
8,2014,butte creek,11390000,USGS,butte creek,temperature,min,6.7
9,2014,butte creek,11390000,USGS,butte creek,temperature,max,10.9
9,2014,butte creek,11390000,USGS,butte creek,temperature,mean,9.235714285714286
9,2014,butte creek,11390000,USGS,butte creek,temperature,min,8.2
10,2014,butte creek,11390000,USGS,butte creek,temperature,max,11.3
10,2014,butte creek,11390000,USGS,butte creek,temperature,mean,9.9
10,2014,butte creek,11390000,USGS,butte creek,temperature,min,7.7
11,2014,butte creek,11390000,USGS,butte creek,temperature,max,12.3
11,2014,butte creek,11390000,USGS,butte creek,temperature,mean,9.721428571428573
11,2014,butte creek,11390000,USGS,butte creek,temperature,min,7.2
12,2014,butte creek,11390000,USGS,butte creek,temperature,max,12.7
12,2014,butte creek,11390000,USGS,butte creek,temperature,mean,10.057142857142859
12,2014,butte creek,11390000,USGS,butte creek,temperature,min,7.7
13,2014,butte creek,11390000,USGS,butte creek,temperature,max,10.4
13,2014,butte creek,11390000,USGS,butte creek,temperature,mean,8.785714285714286
13,2014,butte creek,11390000,USGS,butte creek,temperature,min,7.2
14,2014,butte creek,11390000,USGS,butte creek,temperature,max,13.6
14,2014,butte creek,11390000,USGS,butte creek,temperature,mean,9.65
14,2014,butte creek,11390000,USGS,butte creek,temperature,min,7.1
15,2014,butte creek,11390000,USGS,butte creek,temperature,max,15.9
15,2014,butte creek,11390000,USGS,butte creek,temperature,mean,12.77142857142857
15,2014,butte creek,11390000,USGS,butte creek,temperature,min,10.5
16,2014,butte creek,11390000,USGS,butte creek,temperature,max,17.2
16,2014,butte creek,11390000,USGS,butte creek,temperature,mean,14.450000000000001
16,2014,butte creek,11390000,USGS,butte creek,temperature,min,11.6
17,2014,butte creek,11390000,USGS,butte creek,temperature,max,16.1
17,2014,butte creek,11390000,USGS,butte creek,temperature,mean,12.414285714285715
17,2014,butte creek,11390000,USGS,butte creek,temperature,min,9.6
18,2014,butte creek,11390000,USGS,butte creek,temperature,max,18
18,2014,butte creek,11390000,USGS,butte creek,temperature,mean,15.328571428571426
18,2014,butte creek,11390000,USGS,butte creek,temperature,min,12.1
19,2014,butte creek,11390000,USGS,butte creek,temperature,max,18.6
19,2014,butte creek,11390000,USGS,butte creek,temperature,mean,14.992857142857142
19,2014,butte creek,11390000,USGS,butte creek,temperature,min,12.2
20,2014,butte creek,11390000,USGS,butte creek,temperature,max,20.2
20,2014,butte creek,11390000,USGS,butte creek,temperature,mean,17.5
20,2014,butte creek,11390000,USGS,butte creek,temperature,min,14.5
21,2014,butte creek,11390000,USGS,butte creek,temperature,max,21.4
21,2014,butte creek,11390000,USGS,butte creek,temperature,mean,18.035714285714285
21,2014,butte creek,11390000,USGS,butte creek,temperature,min,14.2
22,2014,butte creek,11390000,USGS,butte creek,temperature,max,20.6
22,2014,butte creek,11390000,USGS,butte creek,temperature,mean,17.642857142857142
22,2014,butte creek,11390000,USGS,butte creek,temperature,min,14.6
23,2014,butte creek,11390000,USGS,butte creek,temperature,max,24
23,2014,butte creek,11390000,USGS,butte creek,temperature,mean,20.55
23,2014,butte creek,11390000,USGS,butte creek,temperature,min,16.4
24,2014,butte creek,11390000,USGS,butte creek,temperature,max,23.5
24,2014,butte creek,11390000,USGS,butte creek,temperature,mean,20.135714285714283
24,2014,butte creek,11390000,USGS,butte creek,temperature,min,17.4
25,2014,butte creek,11390000,USGS,butte creek,temperature,max,23.5
25,2014,butte creek,11390000,USGS,butte creek,temperature,mean,20.178571428571427
25,2014,butte creek,11390000,USGS,butte creek,temperature,min,16.7
26,2014,butte creek,11390000,USGS,butte creek,temperature,max,25.2
26,2014,butte creek,11390000,USGS,butte creek,temperature,mean,21.571428571428573
26,2014,butte creek,11390000,USGS,butte creek,temperature,min,19
27,2014,butte creek,11390000,USGS,butte creek,temperature,max,25.4
27,2014,butte creek,11390000,USGS,butte creek,temperature,mean,22.5
27,2014,butte creek,11390000,USGS,butte creek,temperature,min,19.7
28,2014,butte creek,11390000,USGS,butte creek,temperature,max,26.3
28,2014,butte creek,11390000,USGS,butte creek,temperature,mean,23.27857142857143
28,2014,butte creek,11390000,USGS,butte creek,temperature,min,20.5
29,2014,butte creek,11390000,USGS,butte creek,temperature,max,25.2
29,2014,butte creek,11390000,USGS,butte creek,temperature,mean,22.978571428571428
29,2014,butte creek,11390000,USGS,butte creek,temperature,min,20.5
30,2014,butte creek,11390000,USGS,butte creek,temperature,max,24.2
30,2014,butte creek,11390000,USGS,butte creek,temperature,mean,21.707142857142856
30,2014,butte creek,11390000,USGS,butte creek,temperature,min,19.1
31,2014,butte creek,11390000,USGS,butte creek,temperature,max,25.3
31,2014,butte creek,11390000,USGS,butte creek,temperature,mean,22.042857142857144
31,2014,butte creek,11390000,USGS,butte creek,temperature,min,19.6
32,2014,butte creek,11390000,USGS,butte creek,temperature,max,24.2
32,2014,butte creek,11390000,USGS,butte creek,temperature,mean,21.685714285714283
32,2014,butte creek,11390000,USGS,butte creek,temperature,min,19
33,2014,butte creek,11390000,USGS,butte creek,temperature,max,23.6
33,2014,butte creek,11390000,USGS,butte creek,temperature,mean,21
33,2014,butte creek,11390000,USGS,butte creek,temperature,min,18.5
34,2014,butte creek,11390000,USGS,butte creek,temperature,max,23
34,2014,butte creek,11390000,USGS,butte creek,temperature,mean,20.821428571428573
34,2014,butte creek,11390000,USGS,butte creek,temperature,min,18.6
35,2014,butte creek,11390000,USGS,butte creek,temperature,max,23.4
35,2014,butte creek,11390000,USGS,butte creek,temperature,mean,20.807142857142857
35,2014,butte creek,11390000,USGS,butte creek,temperature,min,18.4
36,2014,butte creek,11390000,USGS,butte creek,temperature,max,22.6
36,2014,butte creek,11390000,USGS,butte creek,temperature,mean,19.535714285714285
36,2014,butte creek,11390000,USGS,butte creek,temperature,min,16.7
37,2014,butte creek,11390000,USGS,butte creek,temperature,max,21.4
37,2014,butte creek,11390000,USGS,butte creek,temperature,mean,19.107142857142858
37,2014,butte creek,11390000,USGS,butte creek,temperature,min,16.4
38,2014,butte creek,11390000,USGS,butte creek,temperature,max,21.1
38,2014,butte creek,11390000,USGS,butte creek,temperature,mean,19.214285714285715
38,2014,butte creek,11390000,USGS,butte creek,temperature,min,16.8
39,2014,butte creek,11390000,USGS,butte creek,temperature,max,20.7
39,2014,butte creek,11390000,USGS,butte creek,temperature,mean,17.871428571428574
39,2014,butte creek,11390000,USGS,butte creek,temperature,min,15
40,2014,butte creek,11390000,USGS,butte creek,temperature,max,18.5
40,2014,butte creek,11390000,USGS,butte creek,temperature,mean,16.385714285714286
40,2014,butte creek,11390000,USGS,butte creek,temperature,min,14
41,2014,butte creek,11390000,USGS,butte creek,temperature,max,18.3
41,2014,butte creek,11390000,USGS,butte creek,temperature,mean,15.72857142857143
41,2014,butte creek,11390000,USGS,butte creek,temperature,min,13.8
42,2014,butte creek,11390000,USGS,butte creek,temperature,max,16.3
42,2014,butte creek,11390000,USGS,butte creek,temperature,mean,14.421428571428573
42,2014,butte creek,11390000,USGS,butte creek,temperature,min,12.5
43,2014,butte creek,11390000,USGS,butte creek,temperature,max,14.3
43,2014,butte creek,11390000,USGS,butte creek,temperature,mean,12.785714285714288
43,2014,butte creek,11390000,USGS,butte creek,temperature,min,10.5
44,2014,butte creek,11390000,USGS,butte creek,temperature,max,13.7
44,2014,butte creek,11390000,USGS,butte creek,temperature,mean,11.778571428571428
44,2014,butte creek,11390000,USGS,butte creek,temperature,min,9.4
45,2014,butte creek,11390000,USGS,butte creek,temperature,max,12.7
45,2014,butte creek,11390000,USGS,butte creek,temperature,mean,11.242857142857142
45,2014,butte creek,11390000,USGS,butte creek,temperature,min,9.5
46,2014,butte creek,11390000,USGS,butte creek,temperature,max,12.5
46,2014,butte creek,11390000,USGS,butte creek,temperature,mean,10.27142857142857
46,2014,butte creek,11390000,USGS,butte creek,temperature,min,7
47,2014,butte creek,11390000,USGS,butte creek,temperature,max,9.7
47,2014,butte creek,11390000,USGS,butte creek,temperature,mean,8.628571428571428
47,2014,butte creek,11390000,USGS,butte creek,temperature,min,6.9
48,2014,butte creek,11390000,USGS,butte creek,temperature,max,10.6
48,2014,butte creek,11390000,USGS,butte creek,temperature,mean,8.821428571428571
48,2014,butte creek,11390000,USGS,butte creek,temperature,min,6.8
49,2014,butte creek,11390000,USGS,butte creek,temperature,max,11.5
49,2014,butte creek,11390000,USGS,butte creek,temperature,mean,10.364285714285714
49,2014,butte creek,11390000,USGS,butte creek,temperature,min,9.5
50,2014,butte creek,11390000,USGS,butte creek,temperature,max,11.3
50,2014,butte creek,11390000,USGS,butte creek,temperature,mean,9.25
50,2014,butte creek,11390000,USGS,butte creek,temperature,min,8.1
51,2014,butte creek,11390000,USGS,butte creek,temperature,max,10.8
51,2014,butte creek,11390000,USGS,butte creek,temperature,mean,10.021428571428572
51,2014,butte creek,11390000,USGS,butte creek,temperature,min,9.2
52,2014,butte creek,11390000,USGS,butte creek,temperature,max,9.6
52,2014,butte creek,11390000,USGS,butte creek,temperature,mean,6.328571428571429
52,2014,butte creek,11390000,USGS,butte creek,temperature,min,4.2
53,2014,butte creek,11390000,USGS,butte creek,temperature,max,4.8
53,2014,butte creek,11390000,USGS,butte creek,temperature,mean,3.95
53,2014,butte creek,11390000,USGS,butte creek,temperature,min,3.1
1,2015,butte creek,11390000,USGS,butte creek,temperature,max,7.6
1,2015,butte creek,11390000,USGS,butte creek,temperature,mean,4.8357142857142845
1,2015,butte creek,11390000,USGS,butte creek,temperature,min,2.8
2,2015,butte creek,11390000,USGS,butte creek,temperature,max,8.7
2,2015,butte creek,11390000,USGS,butte creek,temperature,mean,7.3500000000000005
2,2015,butte creek,11390000,USGS,butte creek,temperature,min,5.8
3,2015,butte creek,11390000,USGS,butte creek,temperature,max,10.2
3,2015,butte creek,11390000,USGS,butte creek,temperature,mean,8.314285714285715
3,2015,butte creek,11390000,USGS,butte creek,temperature,min,5.8
4,2015,butte creek,11390000,USGS,butte creek,temperature,max,10.1
4,2015,butte creek,11390000,USGS,butte creek,temperature,mean,8.264285714285714
4,2015,butte creek,11390000,USGS,butte creek,temperature,min,6.5
5,2015,butte creek,11390000,USGS,butte creek,temperature,max,9.9
5,2015,butte creek,11390000,USGS,butte creek,temperature,mean,8.4
5,2015,butte creek,11390000,USGS,butte creek,temperature,min,6.5
6,2015,butte creek,11390000,USGS,butte creek,temperature,max,10.7
6,2015,butte creek,11390000,USGS,butte creek,temperature,mean,9.357142857142858
6,2015,butte creek,11390000,USGS,butte creek,temperature,min,8
7,2015,butte creek,11390000,USGS,butte creek,temperature,max,11.4
7,2015,butte creek,11390000,USGS,butte creek,temperature,mean,9.764285714285714
7,2015,butte creek,11390000,USGS,butte creek,temperature,min,8.4
8,2015,butte creek,11390000,USGS,butte creek,temperature,max,11.3
8,2015,butte creek,11390000,USGS,butte creek,temperature,mean,8.45
8,2015,butte creek,11390000,USGS,butte creek,temperature,min,5.2
9,2015,butte creek,11390000,USGS,butte creek,temperature,max,10.2
9,2015,butte creek,11390000,USGS,butte creek,temperature,mean,8.128571428571428
9,2015,butte creek,11390000,USGS,butte creek,temperature,min,5.9
10,2015,butte creek,11390000,USGS,butte creek,temperature,max,12
10,2015,butte creek,11390000,USGS,butte creek,temperature,mean,9.221428571428572
10,2015,butte creek,11390000,USGS,butte creek,temperature,min,6
11,2015,butte creek,11390000,USGS,butte creek,temperature,max,14.2
11,2015,butte creek,11390000,USGS,butte creek,temperature,mean,11.7
11,2015,butte creek,11390000,USGS,butte creek,temperature,min,8.8
12,2015,butte creek,11390000,USGS,butte creek,temperature,max,14.1
12,2015,butte creek,11390000,USGS,butte creek,temperature,mean,12.05
12,2015,butte creek,11390000,USGS,butte creek,temperature,min,9.7
13,2015,butte creek,11390000,USGS,butte creek,temperature,max,15.8
13,2015,butte creek,11390000,USGS,butte creek,temperature,mean,13.314285714285713
13,2015,butte creek,11390000,USGS,butte creek,temperature,min,10.2
14,2015,butte creek,11390000,USGS,butte creek,temperature,max,13.7
14,2015,butte creek,11390000,USGS,butte creek,temperature,mean,10.914285714285713
14,2015,butte creek,11390000,USGS,butte creek,temperature,min,8.4
15,2015,butte creek,11390000,USGS,butte creek,temperature,max,15
15,2015,butte creek,11390000,USGS,butte creek,temperature,mean,11.592857142857143
15,2015,butte creek,11390000,USGS,butte creek,temperature,min,7.5
16,2015,butte creek,11390000,USGS,butte creek,temperature,max,18.7
16,2015,butte creek,11390000,USGS,butte creek,temperature,mean,14.985714285714286
16,2015,butte creek,11390000,USGS,butte creek,temperature,min,10.4
17,2015,butte creek,11390000,USGS,butte creek,temperature,max,19.8
17,2015,butte creek,11390000,USGS,butte creek,temperature,mean,16.47142857142857
17,2015,butte creek,11390000,USGS,butte creek,temperature,min,13.5
18,2015,butte creek,11390000,USGS,butte creek,temperature,max,20.4
18,2015,butte creek,11390000,USGS,butte creek,temperature,mean,17.799999999999997
18,2015,butte creek,11390000,USGS,butte creek,temperature,min,15.1
19,2015,butte creek,11390000,USGS,butte creek,temperature,max,19.8
19,2015,butte creek,11390000,USGS,butte creek,temperature,mean,17
19,2015,butte creek,11390000,USGS,butte creek,temperature,min,14.1
20,2015,butte creek,11390000,USGS,butte creek,temperature,max,19.7
20,2015,butte creek,11390000,USGS,butte creek,temperature,mean,16.54285714285714
20,2015,butte creek,11390000,USGS,butte creek,temperature,min,13.8
21,2015,butte creek,11390000,USGS,butte creek,temperature,max,21.9
21,2015,butte creek,11390000,USGS,butte creek,temperature,mean,18.75
21,2015,butte creek,11390000,USGS,butte creek,temperature,min,15.5
22,2015,butte creek,11390000,USGS,butte creek,temperature,max,22.8
22,2015,butte creek,11390000,USGS,butte creek,temperature,mean,20.07857142857143
22,2015,butte creek,11390000,USGS,butte creek,temperature,min,17.5
23,2015,butte creek,11390000,USGS,butte creek,temperature,max,25.9
23,2015,butte creek,11390000,USGS,butte creek,temperature,mean,22.12142857142857
23,2015,butte creek,11390000,USGS,butte creek,temperature,min,17.9
24,2015,butte creek,11390000,USGS,butte creek,temperature,max,26.5
24,2015,butte creek,11390000,USGS,butte creek,temperature,mean,23.614285714285707
24,2015,butte creek,11390000,USGS,butte creek,temperature,min,20.7
25,2015,butte creek,11390000,USGS,butte creek,temperature,max,25.4
25,2015,butte creek,11390000,USGS,butte creek,temperature,mean,22.314285714285713
25,2015,butte creek,11390000,USGS,butte creek,temperature,min,19.1
26,2015,butte creek,11390000,USGS,butte creek,temperature,max,26.8
26,2015,butte creek,11390000,USGS,butte creek,temperature,mean,24.178571428571427
26,2015,butte creek,11390000,USGS,butte creek,temperature,min,21
27,2015,butte creek,11390000,USGS,butte creek,temperature,max,27.5
27,2015,butte creek,11390000,USGS,butte creek,temperature,mean,24.70714285714286
27,2015,butte creek,11390000,USGS,butte creek,temperature,min,22.1
28,2015,butte creek,11390000,USGS,butte creek,temperature,max,24.5
28,2015,butte creek,11390000,USGS,butte creek,temperature,mean,22
28,2015,butte creek,11390000,USGS,butte creek,temperature,min,19.7
29,2015,butte creek,11390000,USGS,butte creek,temperature,max,26.3
29,2015,butte creek,11390000,USGS,butte creek,temperature,mean,23.35714285714286
29,2015,butte creek,11390000,USGS,butte creek,temperature,min,20.5
30,2015,butte creek,11390000,USGS,butte creek,temperature,max,24.4
30,2015,butte creek,11390000,USGS,butte creek,temperature,mean,21.564285714285713
30,2015,butte creek,11390000,USGS,butte creek,temperature,min,18.9
31,2015,butte creek,11390000,USGS,butte creek,temperature,max,24.4
31,2015,butte creek,11390000,USGS,butte creek,temperature,mean,21.999999999999996
31,2015,butte creek,11390000,USGS,butte creek,temperature,min,19.2
32,2015,butte creek,11390000,USGS,butte creek,temperature,max,23.6
32,2015,butte creek,11390000,USGS,butte creek,temperature,mean,21.142857142857146
32,2015,butte creek,11390000,USGS,butte creek,temperature,min,18.3
33,2015,butte creek,11390000,USGS,butte creek,temperature,max,22.6
33,2015,butte creek,11390000,USGS,butte creek,temperature,mean,20.25714285714286
33,2015,butte creek,11390000,USGS,butte creek,temperature,min,17.8
34,2015,butte creek,11390000,USGS,butte creek,temperature,max,22.9
34,2015,butte creek,11390000,USGS,butte creek,temperature,mean,20.55
34,2015,butte creek,11390000,USGS,butte creek,temperature,min,18.2
35,2015,butte creek,11390000,USGS,butte creek,temperature,max,23.4
35,2015,butte creek,11390000,USGS,butte creek,temperature,mean,20.364285714285717
35,2015,butte creek,11390000,USGS,butte creek,temperature,min,17.5
36,2015,butte creek,11390000,USGS,butte creek,temperature,max,21.1
36,2015,butte creek,11390000,USGS,butte creek,temperature,mean,18.17142857142857
36,2015,butte creek,11390000,USGS,butte creek,temperature,min,15.3
37,2015,butte creek,11390000,USGS,butte creek,temperature,max,21.4
37,2015,butte creek,11390000,USGS,butte creek,temperature,mean,18.821428571428573
37,2015,butte creek,11390000,USGS,butte creek,temperature,min,16
38,2015,butte creek,11390000,USGS,butte creek,temperature,max,20.2
38,2015,butte creek,11390000,USGS,butte creek,temperature,mean,17.47142857142857
38,2015,butte creek,11390000,USGS,butte creek,temperature,min,14.9
39,2015,butte creek,11390000,USGS,butte creek,temperature,max,19.6
39,2015,butte creek,11390000,USGS,butte creek,temperature,mean,17.392857142857142
39,2015,butte creek,11390000,USGS,butte creek,temperature,min,15.2
40,2015,butte creek,11390000,USGS,butte creek,temperature,max,18.2
40,2015,butte creek,11390000,USGS,butte creek,temperature,mean,16.55
40,2015,butte creek,11390000,USGS,butte creek,temperature,min,14.8
41,2015,butte creek,11390000,USGS,butte creek,temperature,max,18.9
41,2015,butte creek,11390000,USGS,butte creek,temperature,mean,17.17142857142857
41,2015,butte creek,11390000,USGS,butte creek,temperature,min,15.4
42,2015,butte creek,11390000,USGS,butte creek,temperature,max,19.2
42,2015,butte creek,11390000,USGS,butte creek,temperature,mean,16.835714285714285
42,2015,butte creek,11390000,USGS,butte creek,temperature,min,13.9
43,2015,butte creek,11390000,USGS,butte creek,temperature,max,16.8
43,2015,butte creek,11390000,USGS,butte creek,temperature,mean,14.499999999999998
43,2015,butte creek,11390000,USGS,butte creek,temperature,min,12.7
44,2015,butte creek,11390000,USGS,butte creek,temperature,max,14.4
44,2015,butte creek,11390000,USGS,butte creek,temperature,mean,12.671428571428573
44,2015,butte creek,11390000,USGS,butte creek,temperature,min,9.7
45,2015,butte creek,11390000,USGS,butte creek,temperature,max,11.3
45,2015,butte creek,11390000,USGS,butte creek,temperature,mean,9.421428571428573
45,2015,butte creek,11390000,USGS,butte creek,temperature,min,7.3
46,2015,butte creek,11390000,USGS,butte creek,temperature,max,9.3
46,2015,butte creek,11390000,USGS,butte creek,temperature,mean,7.642857142857143
46,2015,butte creek,11390000,USGS,butte creek,temperature,min,6
47,2015,butte creek,11390000,USGS,butte creek,temperature,max,9.7
47,2015,butte creek,11390000,USGS,butte creek,temperature,mean,8.271428571428572
47,2015,butte creek,11390000,USGS,butte creek,temperature,min,6.6
48,2015,butte creek,11390000,USGS,butte creek,temperature,max,6.9
48,2015,butte creek,11390000,USGS,butte creek,temperature,mean,4.8428571428571425
48,2015,butte creek,11390000,USGS,butte creek,temperature,min,3.1
49,2015,butte creek,11390000,USGS,butte creek,temperature,max,9.1
49,2015,butte creek,11390000,USGS,butte creek,temperature,mean,7.221428571428571
49,2015,butte creek,11390000,USGS,butte creek,temperature,min,5.6
50,2015,butte creek,11390000,USGS,butte creek,temperature,max,9.6
50,2015,butte creek,11390000,USGS,butte creek,temperature,mean,6.728571428571429
50,2015,butte creek,11390000,USGS,butte creek,temperature,min,3.5
51,2015,butte creek,11390000,USGS,butte creek,temperature,max,9
51,2015,butte creek,11390000,USGS,butte creek,temperature,mean,6.642857142857143
51,2015,butte creek,11390000,USGS,butte creek,temperature,min,4.4
52,2015,butte creek,11390000,USGS,butte creek,temperature,max,7.1
52,2015,butte creek,11390000,USGS,butte creek,temperature,mean,4.5285714285714285
52,2015,butte creek,11390000,USGS,butte creek,temperature,min,2.8
53,2015,butte creek,11390000,USGS,butte creek,temperature,max,4.1
53,2015,butte creek,11390000,USGS,butte creek,temperature,mean,3.3
53,2015,butte creek,11390000,USGS,butte creek,temperature,min,2.5
1,2016,butte creek,11390000,USGS,butte creek,temperature,max,7.8
1,2016,butte creek,11390000,USGS,butte creek,temperature,mean,4.8999999999999995
1,2016,butte creek,11390000,USGS,butte creek,temperature,min,2.3
2,2016,butte creek,11390000,USGS,butte creek,temperature,max,7.8
2,2016,butte creek,11390000,USGS,butte creek,temperature,mean,6.485714285714286
2,2016,butte creek,11390000,USGS,butte creek,temperature,min,5.6
3,2016,butte creek,11390000,USGS,butte creek,temperature,max,9.6
3,2016,butte creek,11390000,USGS,butte creek,temperature,mean,8.421428571428573
3,2016,butte creek,11390000,USGS,butte creek,temperature,min,6.1
4,2016,butte creek,11390000,USGS,butte creek,temperature,max,9.5
4,2016,butte creek,11390000,USGS,butte creek,temperature,mean,8.357142857142858
4,2016,butte creek,11390000,USGS,butte creek,temperature,min,7
5,2016,butte creek,11390000,USGS,butte creek,temperature,max,9.6
5,2016,butte creek,11390000,USGS,butte creek,temperature,mean,7.207142857142857
5,2016,butte creek,11390000,USGS,butte creek,temperature,min,5.5
6,2016,butte creek,11390000,USGS,butte creek,temperature,max,9.8
6,2016,butte creek,11390000,USGS,butte creek,temperature,mean,8.021428571428572
6,2016,butte creek,11390000,USGS,butte creek,temperature,min,6
7,2016,butte creek,11390000,USGS,butte creek,temperature,max,10.7
7,2016,butte creek,11390000,USGS,butte creek,temperature,mean,9
7,2016,butte creek,11390000,USGS,butte creek,temperature,min,7.5
8,2016,butte creek,11390000,USGS,butte creek,temperature,max,9.9
8,2016,butte creek,11390000,USGS,butte creek,temperature,mean,8.042857142857143
8,2016,butte creek,11390000,USGS,butte creek,temperature,min,6.6
9,2016,butte creek,11390000,USGS,butte creek,temperature,max,10.9
9,2016,butte creek,11390000,USGS,butte creek,temperature,mean,9.22857142857143
9,2016,butte creek,11390000,USGS,butte creek,temperature,min,7.6
10,2016,butte creek,11390000,USGS,butte creek,temperature,max,10.8
10,2016,butte creek,11390000,USGS,butte creek,temperature,mean,9.37857142857143
10,2016,butte creek,11390000,USGS,butte creek,temperature,min,7.7
11,2016,butte creek,11390000,USGS,butte creek,temperature,max,10.9
11,2016,butte creek,11390000,USGS,butte creek,temperature,mean,9.264285714285714
11,2016,butte creek,11390000,USGS,butte creek,temperature,min,8.1
12,2016,butte creek,11390000,USGS,butte creek,temperature,max,11.4
12,2016,butte creek,11390000,USGS,butte creek,temperature,mean,9.685714285714285
12,2016,butte creek,11390000,USGS,butte creek,temperature,min,7.6
13,2016,butte creek,11390000,USGS,butte creek,temperature,max,11.6
13,2016,butte creek,11390000,USGS,butte creek,temperature,mean,9.5
13,2016,butte creek,11390000,USGS,butte creek,temperature,min,7
14,2016,butte creek,11390000,USGS,butte creek,temperature,max,14.4
14,2016,butte creek,11390000,USGS,butte creek,temperature,mean,11.807142857142859
14,2016,butte creek,11390000,USGS,butte creek,temperature,min,9.2
15,2016,butte creek,11390000,USGS,butte creek,temperature,max,14.3
15,2016,butte creek,11390000,USGS,butte creek,temperature,mean,12.042857142857144
15,2016,butte creek,11390000,USGS,butte creek,temperature,min,9.6
16,2016,butte creek,11390000,USGS,butte creek,temperature,max,15.4
16,2016,butte creek,11390000,USGS,butte creek,temperature,mean,12.192857142857145
16,2016,butte creek,11390000,USGS,butte creek,temperature,min,8.1
17,2016,butte creek,11390000,USGS,butte creek,temperature,max,13.5
17,2016,butte creek,11390000,USGS,butte creek,temperature,mean,11.192857142857141
17,2016,butte creek,11390000,USGS,butte creek,temperature,min,9
18,2016,butte creek,11390000,USGS,butte creek,temperature,max,15.9
18,2016,butte creek,11390000,USGS,butte creek,temperature,mean,13.271428571428572
18,2016,butte creek,11390000,USGS,butte creek,temperature,min,10.3
19,2016,butte creek,11390000,USGS,butte creek,temperature,max,17.5
19,2016,butte creek,11390000,USGS,butte creek,temperature,mean,13.707142857142857
19,2016,butte creek,11390000,USGS,butte creek,temperature,min,11.6
20,2016,butte creek,11390000,USGS,butte creek,temperature,max,18.9
20,2016,butte creek,11390000,USGS,butte creek,temperature,mean,16.228571428571424
20,2016,butte creek,11390000,USGS,butte creek,temperature,min,13.6
21,2016,butte creek,11390000,USGS,butte creek,temperature,max,17.8
21,2016,butte creek,11390000,USGS,butte creek,temperature,mean,13.857142857142858
21,2016,butte creek,11390000,USGS,butte creek,temperature,min,10.5
22,2016,butte creek,11390000,USGS,butte creek,temperature,max,22
22,2016,butte creek,11390000,USGS,butte creek,temperature,mean,17.592857142857145
22,2016,butte creek,11390000,USGS,butte creek,temperature,min,13.7
23,2016,butte creek,11390000,USGS,butte creek,temperature,max,22.6
23,2016,butte creek,11390000,USGS,butte creek,temperature,mean,19.25
23,2016,butte creek,11390000,USGS,butte creek,temperature,min,16.2
24,2016,butte creek,11390000,USGS,butte creek,temperature,max,20.5
24,2016,butte creek,11390000,USGS,butte creek,temperature,mean,17.435714285714287
24,2016,butte creek,11390000,USGS,butte creek,temperature,min,14.1
25,2016,butte creek,11390000,USGS,butte creek,temperature,max,21.3
25,2016,butte creek,11390000,USGS,butte creek,temperature,mean,17.107142857142854
25,2016,butte creek,11390000,USGS,butte creek,temperature,min,13.8
26,2016,butte creek,11390000,USGS,butte creek,temperature,max,23.6
26,2016,butte creek,11390000,USGS,butte creek,temperature,mean,20.157142857142862
26,2016,butte creek,11390000,USGS,butte creek,temperature,min,16.6
27,2016,butte creek,11390000,USGS,butte creek,temperature,max,23.9
27,2016,butte creek,11390000,USGS,butte creek,temperature,mean,21.314285714285713
27,2016,butte creek,11390000,USGS,butte creek,temperature,min,18.8
28,2016,butte creek,11390000,USGS,butte creek,temperature,max,22.9
28,2016,butte creek,11390000,USGS,butte creek,temperature,mean,20.064285714285713
28,2016,butte creek,11390000,USGS,butte creek,temperature,min,17.1
29,2016,butte creek,11390000,USGS,butte creek,temperature,max,22.8
29,2016,butte creek,11390000,USGS,butte creek,temperature,mean,20.028571428571432
29,2016,butte creek,11390000,USGS,butte creek,temperature,min,17.1
30,2016,butte creek,11390000,USGS,butte creek,temperature,max,23.9
30,2016,butte creek,11390000,USGS,butte creek,temperature,mean,20.635714285714283
30,2016,butte creek,11390000,USGS,butte creek,temperature,min,16.9
31,2016,butte creek,11390000,USGS,butte creek,temperature,max,24.4
31,2016,butte creek,11390000,USGS,butte creek,temperature,mean,21.35
31,2016,butte creek,11390000,USGS,butte creek,temperature,min,18.5
32,2016,butte creek,11390000,USGS,butte creek,temperature,max,22.5
32,2016,butte creek,11390000,USGS,butte creek,temperature,mean,20.064285714285713
32,2016,butte creek,11390000,USGS,butte creek,temperature,min,17.7
33,2016,butte creek,11390000,USGS,butte creek,temperature,max,23.8
33,2016,butte creek,11390000,USGS,butte creek,temperature,mean,21.264285714285716
33,2016,butte creek,11390000,USGS,butte creek,temperature,min,19
34,2016,butte creek,11390000,USGS,butte creek,temperature,max,23.8
34,2016,butte creek,11390000,USGS,butte creek,temperature,mean,21.42142857142857
34,2016,butte creek,11390000,USGS,butte creek,temperature,min,18.5
35,2016,butte creek,11390000,USGS,butte creek,temperature,max,22.3
35,2016,butte creek,11390000,USGS,butte creek,temperature,mean,19.564285714285717
35,2016,butte creek,11390000,USGS,butte creek,temperature,min,16.9
36,2016,butte creek,11390000,USGS,butte creek,temperature,max,21
36,2016,butte creek,11390000,USGS,butte creek,temperature,mean,18.478571428571428
36,2016,butte creek,11390000,USGS,butte creek,temperature,min,15.8
37,2016,butte creek,11390000,USGS,butte creek,temperature,max,21.3
37,2016,butte creek,11390000,USGS,butte creek,temperature,mean,18.471428571428568
37,2016,butte creek,11390000,USGS,butte creek,temperature,min,15.3
38,2016,butte creek,11390000,USGS,butte creek,temperature,max,20.5
38,2016,butte creek,11390000,USGS,butte creek,temperature,mean,17.714285714285715
38,2016,butte creek,11390000,USGS,butte creek,temperature,min,14.9
39,2016,butte creek,11390000,USGS,butte creek,temperature,max,19.5
39,2016,butte creek,11390000,USGS,butte creek,temperature,mean,16.864285714285717
39,2016,butte creek,11390000,USGS,butte creek,temperature,min,13.8
40,2016,butte creek,11390000,USGS,butte creek,temperature,max,18.5
40,2016,butte creek,11390000,USGS,butte creek,temperature,mean,14.1
40,2016,butte creek,11390000,USGS,butte creek,temperature,min,11.1
41,2016,butte creek,11390000,USGS,butte creek,temperature,max,15.2
41,2016,butte creek,11390000,USGS,butte creek,temperature,mean,13.55
41,2016,butte creek,11390000,USGS,butte creek,temperature,min,11.4
42,2016,butte creek,11390000,USGS,butte creek,temperature,max,14.2
42,2016,butte creek,11390000,USGS,butte creek,temperature,mean,12.557142857142855
42,2016,butte creek,11390000,USGS,butte creek,temperature,min,10.3
43,2016,butte creek,11390000,USGS,butte creek,temperature,max,13.8
43,2016,butte creek,11390000,USGS,butte creek,temperature,mean,12.264285714285716
43,2016,butte creek,11390000,USGS,butte creek,temperature,min,10.6
44,2016,butte creek,11390000,USGS,butte creek,temperature,max,13.2
44,2016,butte creek,11390000,USGS,butte creek,temperature,mean,11.485714285714286
44,2016,butte creek,11390000,USGS,butte creek,temperature,min,9.2
45,2016,butte creek,11390000,USGS,butte creek,temperature,max,12.4
45,2016,butte creek,11390000,USGS,butte creek,temperature,mean,10.807142857142855
45,2016,butte creek,11390000,USGS,butte creek,temperature,min,9
46,2016,butte creek,11390000,USGS,butte creek,temperature,max,12.4
46,2016,butte creek,11390000,USGS,butte creek,temperature,mean,10.62142857142857
46,2016,butte creek,11390000,USGS,butte creek,temperature,min,8
47,2016,butte creek,11390000,USGS,butte creek,temperature,max,10.2
47,2016,butte creek,11390000,USGS,butte creek,temperature,mean,8.714285714285715
47,2016,butte creek,11390000,USGS,butte creek,temperature,min,7.3
48,2016,butte creek,11390000,USGS,butte creek,temperature,max,8.7
48,2016,butte creek,11390000,USGS,butte creek,temperature,mean,7.464285714285714
48,2016,butte creek,11390000,USGS,butte creek,temperature,min,5.9
49,2016,butte creek,11390000,USGS,butte creek,temperature,max,6.9
49,2016,butte creek,11390000,USGS,butte creek,temperature,mean,5.8
49,2016,butte creek,11390000,USGS,butte creek,temperature,min,4.3
50,2016,butte creek,11390000,USGS,butte creek,temperature,max,11.2
50,2016,butte creek,11390000,USGS,butte creek,temperature,mean,8.964285714285714
50,2016,butte creek,11390000,USGS,butte creek,temperature,min,6.2
51,2016,butte creek,11390000,USGS,butte creek,temperature,max,10.8
51,2016,butte creek,11390000,USGS,butte creek,temperature,mean,7.828571428571429
51,2016,butte creek,11390000,USGS,butte creek,temperature,min,6.3
52,2016,butte creek,11390000,USGS,butte creek,temperature,max,8
52,2016,butte creek,11390000,USGS,butte creek,temperature,mean,6.121428571428572
52,2016,butte creek,11390000,USGS,butte creek,temperature,min,4.6
53,2016,butte creek,11390000,USGS,butte creek,temperature,max,7.4
53,2016,butte creek,11390000,USGS,butte creek,temperature,mean,6.525
53,2016,butte creek,11390000,USGS,butte creek,temperature,min,5.6
1,2017,butte creek,11390000,USGS,butte creek,temperature,max,8.2
1,2017,butte creek,11390000,USGS,butte creek,temperature,mean,6.535714285714286
1,2017,butte creek,11390000,USGS,butte creek,temperature,min,5.3
2,2017,butte creek,11390000,USGS,butte creek,temperature,max,9.9
2,2017,butte creek,11390000,USGS,butte creek,temperature,mean,8.540000000000001
2,2017,butte creek,11390000,USGS,butte creek,temperature,min,7.5
3,2017,butte creek,11390000,USGS,butte creek,temperature,max,8.8
3,2017,butte creek,11390000,USGS,butte creek,temperature,mean,8.4
3,2017,butte creek,11390000,USGS,butte creek,temperature,min,8
4,2017,butte creek,11390000,USGS,butte creek,temperature,max,8.9
4,2017,butte creek,11390000,USGS,butte creek,temperature,mean,7.85
4,2017,butte creek,11390000,USGS,butte creek,temperature,min,6.5
5,2017,butte creek,11390000,USGS,butte creek,temperature,max,9.1
5,2017,butte creek,11390000,USGS,butte creek,temperature,mean,7.871428571428571
5,2017,butte creek,11390000,USGS,butte creek,temperature,min,6.6
6,2017,butte creek,11390000,USGS,butte creek,temperature,max,9.8
6,2017,butte creek,11390000,USGS,butte creek,temperature,mean,8.971428571428572
6,2017,butte creek,11390000,USGS,butte creek,temperature,min,8.3
7,2017,butte creek,11390000,USGS,butte creek,temperature,max,10.2
7,2017,butte creek,11390000,USGS,butte creek,temperature,mean,8.985714285714286
7,2017,butte creek,11390000,USGS,butte creek,temperature,min,7.7
8,2017,butte creek,11390000,USGS,butte creek,temperature,max,9.8
8,2017,butte creek,11390000,USGS,butte creek,temperature,mean,8.4
8,2017,butte creek,11390000,USGS,butte creek,temperature,min,6.6
9,2017,butte creek,11390000,USGS,butte creek,temperature,max,9.3
9,2017,butte creek,11390000,USGS,butte creek,temperature,mean,7.721428571428571
9,2017,butte creek,11390000,USGS,butte creek,temperature,min,6.3
10,2017,butte creek,11390000,USGS,butte creek,temperature,max,11.4
10,2017,butte creek,11390000,USGS,butte creek,temperature,mean,8.607142857142858
10,2017,butte creek,11390000,USGS,butte creek,temperature,min,6.2
11,2017,butte creek,11390000,USGS,butte creek,temperature,max,12.3
11,2017,butte creek,11390000,USGS,butte creek,temperature,mean,10.678571428571429
11,2017,butte creek,11390000,USGS,butte creek,temperature,min,8.9
12,2017,butte creek,11390000,USGS,butte creek,temperature,max,11.4
12,2017,butte creek,11390000,USGS,butte creek,temperature,mean,9.849999999999998
12,2017,butte creek,11390000,USGS,butte creek,temperature,min,7.9
13,2017,butte creek,11390000,USGS,butte creek,temperature,max,11.7
13,2017,butte creek,11390000,USGS,butte creek,temperature,mean,9.77142857142857
13,2017,butte creek,11390000,USGS,butte creek,temperature,min,7.9
14,2017,butte creek,11390000,USGS,butte creek,temperature,max,12.8
14,2017,butte creek,11390000,USGS,butte creek,temperature,mean,10.307142857142859
14,2017,butte creek,11390000,USGS,butte creek,temperature,min,7.9
15,2017,butte creek,11390000,USGS,butte creek,temperature,max,10.9
15,2017,butte creek,11390000,USGS,butte creek,temperature,mean,9.228571428571428
15,2017,butte creek,11390000,USGS,butte creek,temperature,min,7.3
16,2017,butte creek,11390000,USGS,butte creek,temperature,max,12.1
16,2017,butte creek,11390000,USGS,butte creek,temperature,mean,10.55
16,2017,butte creek,11390000,USGS,butte creek,temperature,min,9.4
17,2017,butte creek,11390000,USGS,butte creek,temperature,max,12.8
17,2017,butte creek,11390000,USGS,butte creek,temperature,mean,11.107142857142858
17,2017,butte creek,11390000,USGS,butte creek,temperature,min,9.3
18,2017,butte creek,11390000,USGS,butte creek,temperature,max,16.4
18,2017,butte creek,11390000,USGS,butte creek,temperature,mean,13.642857142857142
18,2017,butte creek,11390000,USGS,butte creek,temperature,min,10.6
19,2017,butte creek,11390000,USGS,butte creek,temperature,max,15.8
19,2017,butte creek,11390000,USGS,butte creek,temperature,mean,13.142857142857142
19,2017,butte creek,11390000,USGS,butte creek,temperature,min,10.1
20,2017,butte creek,11390000,USGS,butte creek,temperature,max,15.8
20,2017,butte creek,11390000,USGS,butte creek,temperature,mean,12
20,2017,butte creek,11390000,USGS,butte creek,temperature,min,9.4
21,2017,butte creek,11390000,USGS,butte creek,temperature,max,17.6
21,2017,butte creek,11390000,USGS,butte creek,temperature,mean,15.057142857142859
21,2017,butte creek,11390000,USGS,butte creek,temperature,min,12.4
22,2017,butte creek,11390000,USGS,butte creek,temperature,max,18.4
22,2017,butte creek,11390000,USGS,butte creek,temperature,mean,16.12857142857143
22,2017,butte creek,11390000,USGS,butte creek,temperature,min,13.4
23,2017,butte creek,11390000,USGS,butte creek,temperature,max,18.7
23,2017,butte creek,11390000,USGS,butte creek,temperature,mean,15.914285714285715
23,2017,butte creek,11390000,USGS,butte creek,temperature,min,13.2
24,2017,butte creek,11390000,USGS,butte creek,temperature,max,21.5
24,2017,butte creek,11390000,USGS,butte creek,temperature,mean,15.814285714285713
24,2017,butte creek,11390000,USGS,butte creek,temperature,min,11.9
25,2017,butte creek,11390000,USGS,butte creek,temperature,max,25.2
25,2017,butte creek,11390000,USGS,butte creek,temperature,mean,22.121428571428574
25,2017,butte creek,11390000,USGS,butte creek,temperature,min,17.7
26,2017,butte creek,11390000,USGS,butte creek,temperature,max,25.3
26,2017,butte creek,11390000,USGS,butte creek,temperature,mean,21.435714285714287
26,2017,butte creek,11390000,USGS,butte creek,temperature,min,18.5
27,2017,butte creek,11390000,USGS,butte creek,temperature,max,23.6
27,2017,butte creek,11390000,USGS,butte creek,temperature,mean,20.75
27,2017,butte creek,11390000,USGS,butte creek,temperature,min,17.9
28,2017,butte creek,11390000,USGS,butte creek,temperature,max,23.1
28,2017,butte creek,11390000,USGS,butte creek,temperature,mean,20.514285714285712
28,2017,butte creek,11390000,USGS,butte creek,temperature,min,17.8
29,2017,butte creek,11390000,USGS,butte creek,temperature,max,23.3
29,2017,butte creek,11390000,USGS,butte creek,temperature,mean,20.071428571428573
29,2017,butte creek,11390000,USGS,butte creek,temperature,min,17
30,2017,butte creek,11390000,USGS,butte creek,temperature,max,23
30,2017,butte creek,11390000,USGS,butte creek,temperature,mean,20.542857142857144
30,2017,butte creek,11390000,USGS,butte creek,temperature,min,18
31,2017,butte creek,11390000,USGS,butte creek,temperature,max,24.3
31,2017,butte creek,11390000,USGS,butte creek,temperature,mean,21.650000000000002
31,2017,butte creek,11390000,USGS,butte creek,temperature,min,18.2
32,2017,butte creek,11390000,USGS,butte creek,temperature,max,23.4
32,2017,butte creek,11390000,USGS,butte creek,temperature,mean,21.24285714285714
32,2017,butte creek,11390000,USGS,butte creek,temperature,min,19
33,2017,butte creek,11390000,USGS,butte creek,temperature,max,23.4
33,2017,butte creek,11390000,USGS,butte creek,temperature,mean,20.77142857142857
33,2017,butte creek,11390000,USGS,butte creek,temperature,min,18.3
34,2017,butte creek,11390000,USGS,butte creek,temperature,max,23.6
34,2017,butte creek,11390000,USGS,butte creek,temperature,mean,21.014285714285716
34,2017,butte creek,11390000,USGS,butte creek,temperature,min,18.2
35,2017,butte creek,11390000,USGS,butte creek,temperature,max,22.9
35,2017,butte creek,11390000,USGS,butte creek,temperature,mean,20.54285714285714
35,2017,butte creek,11390000,USGS,butte creek,temperature,min,18.2
36,2017,butte creek,11390000,USGS,butte creek,temperature,max,23.6
36,2017,butte creek,11390000,USGS,butte creek,temperature,mean,21.192857142857143
36,2017,butte creek,11390000,USGS,butte creek,temperature,min,18.9
37,2017,butte creek,11390000,USGS,butte creek,temperature,max,22.5
37,2017,butte creek,11390000,USGS,butte creek,temperature,mean,20.050000000000004
37,2017,butte creek,11390000,USGS,butte creek,temperature,min,16.8
38,2017,butte creek,11390000,USGS,butte creek,temperature,max,19.4
38,2017,butte creek,11390000,USGS,butte creek,temperature,mean,16.05
38,2017,butte creek,11390000,USGS,butte creek,temperature,min,12.3
39,2017,butte creek,11390000,USGS,butte creek,temperature,max,16.9
39,2017,butte creek,11390000,USGS,butte creek,temperature,mean,14.707142857142856
39,2017,butte creek,11390000,USGS,butte creek,temperature,min,12.2
40,2017,butte creek,11390000,USGS,butte creek,temperature,max,15.9
40,2017,butte creek,11390000,USGS,butte creek,temperature,mean,13.321428571428571
40,2017,butte creek,11390000,USGS,butte creek,temperature,min,11.1
41,2017,butte creek,11390000,USGS,butte creek,temperature,max,14.6
41,2017,butte creek,11390000,USGS,butte creek,temperature,mean,11.907142857142857
41,2017,butte creek,11390000,USGS,butte creek,temperature,min,9.4
42,2017,butte creek,11390000,USGS,butte creek,temperature,max,12.6
42,2017,butte creek,11390000,USGS,butte creek,temperature,mean,11.078571428571427
42,2017,butte creek,11390000,USGS,butte creek,temperature,min,9.6
43,2017,butte creek,11390000,USGS,butte creek,temperature,max,14.4
43,2017,butte creek,11390000,USGS,butte creek,temperature,mean,12.514285714285714
43,2017,butte creek,11390000,USGS,butte creek,temperature,min,9.6
44,2017,butte creek,11390000,USGS,butte creek,temperature,max,14
44,2017,butte creek,11390000,USGS,butte creek,temperature,mean,11.935714285714285
44,2017,butte creek,11390000,USGS,butte creek,temperature,min,10.6
45,2017,butte creek,11390000,USGS,butte creek,temperature,max,11.5
45,2017,butte creek,11390000,USGS,butte creek,temperature,mean,10.242857142857144
45,2017,butte creek,11390000,USGS,butte creek,temperature,min,8.5
46,2017,butte creek,11390000,USGS,butte creek,temperature,max,11.1
46,2017,butte creek,11390000,USGS,butte creek,temperature,mean,9.771428571428572
46,2017,butte creek,11390000,USGS,butte creek,temperature,min,7.3
47,2017,butte creek,11390000,USGS,butte creek,temperature,max,11.2
47,2017,butte creek,11390000,USGS,butte creek,temperature,mean,9.5
47,2017,butte creek,11390000,USGS,butte creek,temperature,min,6.7
48,2017,butte creek,11390000,USGS,butte creek,temperature,max,11.2
48,2017,butte creek,11390000,USGS,butte creek,temperature,mean,8.628571428571428
48,2017,butte creek,11390000,USGS,butte creek,temperature,min,6.8
49,2017,butte creek,11390000,USGS,butte creek,temperature,max,8.1
49,2017,butte creek,11390000,USGS,butte creek,temperature,mean,6.021428571428571
49,2017,butte creek,11390000,USGS,butte creek,temperature,min,4.5
50,2017,butte creek,11390000,USGS,butte creek,temperature,max,6.8
50,2017,butte creek,11390000,USGS,butte creek,temperature,mean,5.7
50,2017,butte creek,11390000,USGS,butte creek,temperature,min,4.4
51,2017,butte creek,11390000,USGS,butte creek,temperature,max,6.6
51,2017,butte creek,11390000,USGS,butte creek,temperature,mean,5.214285714285714
51,2017,butte creek,11390000,USGS,butte creek,temperature,min,3.8
52,2017,butte creek,11390000,USGS,butte creek,temperature,max,6.4
52,2017,butte creek,11390000,USGS,butte creek,temperature,mean,5.364285714285714
52,2017,butte creek,11390000,USGS,butte creek,temperature,min,4.3
53,2017,butte creek,11390000,USGS,butte creek,temperature,max,6.2
53,2017,butte creek,11390000,USGS,butte creek,temperature,mean,5.45
53,2017,butte creek,11390000,USGS,butte creek,temperature,min,4.7
1,2018,butte creek,11390000,USGS,butte creek,temperature,max,9.9
1,2018,butte creek,11390000,USGS,butte creek,temperature,mean,7.742857142857143
1,2018,butte creek,11390000,USGS,butte creek,temperature,min,5.4
2,2018,butte creek,11390000,USGS,butte creek,temperature,max,10.5
2,2018,butte creek,11390000,USGS,butte creek,temperature,mean,8.835714285714285
2,2018,butte creek,11390000,USGS,butte creek,temperature,min,7.2
3,2018,butte creek,11390000,USGS,butte creek,temperature,max,10.2
3,2018,butte creek,11390000,USGS,butte creek,temperature,mean,8.357142857142858
3,2018,butte creek,11390000,USGS,butte creek,temperature,min,5.7
4,2018,butte creek,11390000,USGS,butte creek,temperature,max,8.5
4,2018,butte creek,11390000,USGS,butte creek,temperature,mean,7.378571428571428
4,2018,butte creek,11390000,USGS,butte creek,temperature,min,6.4
5,2018,butte creek,11390000,USGS,butte creek,temperature,max,10.4
5,2018,butte creek,11390000,USGS,butte creek,temperature,mean,8.114285714285716
5,2018,butte creek,11390000,USGS,butte creek,temperature,min,6.4
6,2018,butte creek,11390000,USGS,butte creek,temperature,max,10.6
6,2018,butte creek,11390000,USGS,butte creek,temperature,mean,8.414285714285715
6,2018,butte creek,11390000,USGS,butte creek,temperature,min,6
7,2018,butte creek,11390000,USGS,butte creek,temperature,max,8.3
7,2018,butte creek,11390000,USGS,butte creek,temperature,mean,6.321428571428571
7,2018,butte creek,11390000,USGS,butte creek,temperature,min,4.5
8,2018,butte creek,11390000,USGS,butte creek,temperature,max,7.3
8,2018,butte creek,11390000,USGS,butte creek,temperature,mean,4.357142857142857
8,2018,butte creek,11390000,USGS,butte creek,temperature,min,2.4
9,2018,butte creek,11390000,USGS,butte creek,temperature,max,6.9
9,2018,butte creek,11390000,USGS,butte creek,temperature,mean,5.1499999999999995
9,2018,butte creek,11390000,USGS,butte creek,temperature,min,2.9
10,2018,butte creek,11390000,USGS,butte creek,temperature,max,10.4
10,2018,butte creek,11390000,USGS,butte creek,temperature,mean,7.442857142857142
10,2018,butte creek,11390000,USGS,butte creek,temperature,min,3.9
11,2018,butte creek,11390000,USGS,butte creek,temperature,max,11.3
11,2018,butte creek,11390000,USGS,butte creek,temperature,mean,7.907142857142857
11,2018,butte creek,11390000,USGS,butte creek,temperature,min,5.4
12,2018,butte creek,11390000,USGS,butte creek,temperature,max,10.1
12,2018,butte creek,11390000,USGS,butte creek,temperature,mean,8.242857142857144
12,2018,butte creek,11390000,USGS,butte creek,temperature,min,6.2
13,2018,butte creek,11390000,USGS,butte creek,temperature,max,12.3
13,2018,butte creek,11390000,USGS,butte creek,temperature,mean,9.87142857142857
13,2018,butte creek,11390000,USGS,butte creek,temperature,min,6.4
14,2018,butte creek,11390000,USGS,butte creek,temperature,max,12.4
14,2018,butte creek,11390000,USGS,butte creek,temperature,mean,10.678571428571429
14,2018,butte creek,11390000,USGS,butte creek,temperature,min,9
15,2018,butte creek,11390000,USGS,butte creek,temperature,max,12.3
15,2018,butte creek,11390000,USGS,butte creek,temperature,mean,10.035714285714286
15,2018,butte creek,11390000,USGS,butte creek,temperature,min,7.3
16,2018,butte creek,11390000,USGS,butte creek,temperature,max,14.4
16,2018,butte creek,11390000,USGS,butte creek,temperature,mean,10.299999999999999
16,2018,butte creek,11390000,USGS,butte creek,temperature,min,7.5
17,2018,butte creek,11390000,USGS,butte creek,temperature,max,16.2
17,2018,butte creek,11390000,USGS,butte creek,temperature,mean,13.414285714285713
17,2018,butte creek,11390000,USGS,butte creek,temperature,min,11
18,2018,butte creek,11390000,USGS,butte creek,temperature,max,16.4
18,2018,butte creek,11390000,USGS,butte creek,temperature,mean,13.257142857142854
18,2018,butte creek,11390000,USGS,butte creek,temperature,min,10
19,2018,butte creek,11390000,USGS,butte creek,temperature,max,17.8
19,2018,butte creek,11390000,USGS,butte creek,temperature,mean,14.950000000000001
19,2018,butte creek,11390000,USGS,butte creek,temperature,min,12.3
20,2018,butte creek,11390000,USGS,butte creek,temperature,max,18.4
20,2018,butte creek,11390000,USGS,butte creek,temperature,mean,15.55714285714286
20,2018,butte creek,11390000,USGS,butte creek,temperature,min,13
21,2018,butte creek,11390000,USGS,butte creek,temperature,max,18.6
21,2018,butte creek,11390000,USGS,butte creek,temperature,mean,15.62142857142857
21,2018,butte creek,11390000,USGS,butte creek,temperature,min,12.4
22,2018,butte creek,11390000,USGS,butte creek,temperature,max,20.7
22,2018,butte creek,11390000,USGS,butte creek,temperature,mean,16.96428571428571
22,2018,butte creek,11390000,USGS,butte creek,temperature,min,13.4
23,2018,butte creek,11390000,USGS,butte creek,temperature,max,21.4
23,2018,butte creek,11390000,USGS,butte creek,temperature,mean,17.871428571428574
23,2018,butte creek,11390000,USGS,butte creek,temperature,min,14.3
24,2018,butte creek,11390000,USGS,butte creek,temperature,max,21.6
24,2018,butte creek,11390000,USGS,butte creek,temperature,mean,18.464285714285715
24,2018,butte creek,11390000,USGS,butte creek,temperature,min,13.9
25,2018,butte creek,11390000,USGS,butte creek,temperature,max,23
25,2018,butte creek,11390000,USGS,butte creek,temperature,mean,19.599999999999998
25,2018,butte creek,11390000,USGS,butte creek,temperature,min,16.3
26,2018,butte creek,11390000,USGS,butte creek,temperature,max,23.5
26,2018,butte creek,11390000,USGS,butte creek,temperature,mean,20.74285714285714
26,2018,butte creek,11390000,USGS,butte creek,temperature,min,18.1
27,2018,butte creek,11390000,USGS,butte creek,temperature,max,23.9
27,2018,butte creek,11390000,USGS,butte creek,temperature,mean,20.414285714285715
27,2018,butte creek,11390000,USGS,butte creek,temperature,min,17
28,2018,butte creek,11390000,USGS,butte creek,temperature,max,24.3
28,2018,butte creek,11390000,USGS,butte creek,temperature,mean,20.792857142857144
28,2018,butte creek,11390000,USGS,butte creek,temperature,min,17.4
29,2018,butte creek,11390000,USGS,butte creek,temperature,max,25
29,2018,butte creek,11390000,USGS,butte creek,temperature,mean,22.571428571428566
29,2018,butte creek,11390000,USGS,butte creek,temperature,min,20
30,2018,butte creek,11390000,USGS,butte creek,temperature,max,25.5
30,2018,butte creek,11390000,USGS,butte creek,temperature,mean,22.778571428571432
30,2018,butte creek,11390000,USGS,butte creek,temperature,min,20.3
31,2018,butte creek,11390000,USGS,butte creek,temperature,max,23.4
31,2018,butte creek,11390000,USGS,butte creek,temperature,mean,20.87857142857143
31,2018,butte creek,11390000,USGS,butte creek,temperature,min,18.4
32,2018,butte creek,11390000,USGS,butte creek,temperature,max,22.8
32,2018,butte creek,11390000,USGS,butte creek,temperature,mean,20.264285714285712
32,2018,butte creek,11390000,USGS,butte creek,temperature,min,17.7
33,2018,butte creek,11390000,USGS,butte creek,temperature,max,23
33,2018,butte creek,11390000,USGS,butte creek,temperature,mean,20.685714285714287
33,2018,butte creek,11390000,USGS,butte creek,temperature,min,18.4
34,2018,butte creek,11390000,USGS,butte creek,temperature,max,22.6
34,2018,butte creek,11390000,USGS,butte creek,temperature,mean,19.285714285714285
34,2018,butte creek,11390000,USGS,butte creek,temperature,min,16.7
35,2018,butte creek,11390000,USGS,butte creek,temperature,max,21.1
35,2018,butte creek,11390000,USGS,butte creek,temperature,mean,18.707142857142856
35,2018,butte creek,11390000,USGS,butte creek,temperature,min,16.5
36,2018,butte creek,11390000,USGS,butte creek,temperature,max,21.4
36,2018,butte creek,11390000,USGS,butte creek,temperature,mean,19.157142857142862
36,2018,butte creek,11390000,USGS,butte creek,temperature,min,16.8
37,2018,butte creek,11390000,USGS,butte creek,temperature,max,20.2
37,2018,butte creek,11390000,USGS,butte creek,temperature,mean,17.057142857142857
37,2018,butte creek,11390000,USGS,butte creek,temperature,min,13.5
38,2018,butte creek,11390000,USGS,butte creek,temperature,max,17.7
38,2018,butte creek,11390000,USGS,butte creek,temperature,mean,15.557142857142859
38,2018,butte creek,11390000,USGS,butte creek,temperature,min,13.3
39,2018,butte creek,11390000,USGS,butte creek,temperature,max,18.1
39,2018,butte creek,11390000,USGS,butte creek,temperature,mean,15.992857142857142
39,2018,butte creek,11390000,USGS,butte creek,temperature,min,13.8
40,2018,butte creek,11390000,USGS,butte creek,temperature,max,18.4
40,2018,butte creek,11390000,USGS,butte creek,temperature,mean,15.957142857142857
40,2018,butte creek,11390000,USGS,butte creek,temperature,min,13
41,2018,butte creek,11390000,USGS,butte creek,temperature,max,15.2
41,2018,butte creek,11390000,USGS,butte creek,temperature,mean,13.316666666666668
41,2018,butte creek,11390000,USGS,butte creek,temperature,min,11.4
42,2018,butte creek,11390000,USGS,butte creek,temperature,max,13.7
42,2018,butte creek,11390000,USGS,butte creek,temperature,mean,12.066666666666668
42,2018,butte creek,11390000,USGS,butte creek,temperature,min,10.4
43,2018,butte creek,11390000,USGS,butte creek,temperature,max,13.5
43,2018,butte creek,11390000,USGS,butte creek,temperature,mean,11.964285714285714
43,2018,butte creek,11390000,USGS,butte creek,temperature,min,10.4
44,2018,butte creek,11390000,USGS,butte creek,temperature,max,13.5
44,2018,butte creek,11390000,USGS,butte creek,temperature,mean,11.478571428571428
44,2018,butte creek,11390000,USGS,butte creek,temperature,min,9.7
45,2018,butte creek,11390000,USGS,butte creek,temperature,max,12
45,2018,butte creek,11390000,USGS,butte creek,temperature,mean,8.721428571428572
45,2018,butte creek,11390000,USGS,butte creek,temperature,min,6.2
46,2018,butte creek,11390000,USGS,butte creek,temperature,max,7.8
46,2018,butte creek,11390000,USGS,butte creek,temperature,mean,6.6428571428571415
46,2018,butte creek,11390000,USGS,butte creek,temperature,min,5.8
47,2018,butte creek,11390000,USGS,butte creek,temperature,max,10.2
47,2018,butte creek,11390000,USGS,butte creek,temperature,mean,8.507142857142856
47,2018,butte creek,11390000,USGS,butte creek,temperature,min,6
48,2018,butte creek,11390000,USGS,butte creek,temperature,max,10.2
48,2018,butte creek,11390000,USGS,butte creek,temperature,mean,9.02142857142857
48,2018,butte creek,11390000,USGS,butte creek,temperature,min,6.6
49,2018,butte creek,11390000,USGS,butte creek,temperature,max,7.6
49,2018,butte creek,11390000,USGS,butte creek,temperature,mean,6.607142857142857
49,2018,butte creek,11390000,USGS,butte creek,temperature,min,5.6
50,2018,butte creek,11390000,USGS,butte creek,temperature,max,9.8
50,2018,butte creek,11390000,USGS,butte creek,temperature,mean,6.921428571428572
50,2018,butte creek,11390000,USGS,butte creek,temperature,min,5.3
51,2018,butte creek,11390000,USGS,butte creek,temperature,max,9.9
51,2018,butte creek,11390000,USGS,butte creek,temperature,mean,8.607142857142858
51,2018,butte creek,11390000,USGS,butte creek,temperature,min,7.1
52,2018,butte creek,11390000,USGS,butte creek,temperature,max,8.6
52,2018,butte creek,11390000,USGS,butte creek,temperature,mean,6.3428571428571425
52,2018,butte creek,11390000,USGS,butte creek,temperature,min,4.3
53,2018,butte creek,11390000,USGS,butte creek,temperature,max,5.7
53,2018,butte creek,11390000,USGS,butte creek,temperature,mean,5
53,2018,butte creek,11390000,USGS,butte creek,temperature,min,4.3
1,2019,butte creek,11390000,USGS,butte creek,temperature,max,7.9
1,2019,butte creek,11390000,USGS,butte creek,temperature,mean,5.171428571428572
1,2019,butte creek,11390000,USGS,butte creek,temperature,min,3.2
2,2019,butte creek,11390000,USGS,butte creek,temperature,max,9.2
2,2019,butte creek,11390000,USGS,butte creek,temperature,mean,7.978571428571428
2,2019,butte creek,11390000,USGS,butte creek,temperature,min,6.1
3,2019,butte creek,11390000,USGS,butte creek,temperature,max,10.1
3,2019,butte creek,11390000,USGS,butte creek,temperature,mean,8.685714285714285
3,2019,butte creek,11390000,USGS,butte creek,temperature,min,6.9
4,2019,butte creek,11390000,USGS,butte creek,temperature,max,9
4,2019,butte creek,11390000,USGS,butte creek,temperature,mean,7.492857142857143
4,2019,butte creek,11390000,USGS,butte creek,temperature,min,6.5
5,2019,butte creek,11390000,USGS,butte creek,temperature,max,9.7
5,2019,butte creek,11390000,USGS,butte creek,temperature,mean,8.757142857142856
5,2019,butte creek,11390000,USGS,butte creek,temperature,min,7.5
6,2019,butte creek,11390000,USGS,butte creek,temperature,max,7.7
6,2019,butte creek,11390000,USGS,butte creek,temperature,mean,6.3357142857142845
6,2019,butte creek,11390000,USGS,butte creek,temperature,min,4.8
7,2019,butte creek,11390000,USGS,butte creek,temperature,max,8.9
7,2019,butte creek,11390000,USGS,butte creek,temperature,mean,7.164285714285714
7,2019,butte creek,11390000,USGS,butte creek,temperature,min,5.2
8,2019,butte creek,11390000,USGS,butte creek,temperature,max,8.2
8,2019,butte creek,11390000,USGS,butte creek,temperature,mean,6.457142857142856
8,2019,butte creek,11390000,USGS,butte creek,temperature,min,4.8
9,2019,butte creek,11390000,USGS,butte creek,temperature,max,9.7
9,2019,butte creek,11390000,USGS,butte creek,temperature,mean,8.935714285714285
9,2019,butte creek,11390000,USGS,butte creek,temperature,min,8.1
10,2019,butte creek,11390000,USGS,butte creek,temperature,max,9.6
10,2019,butte creek,11390000,USGS,butte creek,temperature,mean,8.65
10,2019,butte creek,11390000,USGS,butte creek,temperature,min,7.4
11,2019,butte creek,11390000,USGS,butte creek,temperature,max,10.9
11,2019,butte creek,11390000,USGS,butte creek,temperature,mean,8.635714285714284
11,2019,butte creek,11390000,USGS,butte creek,temperature,min,6.7
12,2019,butte creek,11390000,USGS,butte creek,temperature,max,10.5
12,2019,butte creek,11390000,USGS,butte creek,temperature,mean,8.914285714285716
12,2019,butte creek,11390000,USGS,butte creek,temperature,min,7.2
13,2019,butte creek,11390000,USGS,butte creek,temperature,max,10.9
13,2019,butte creek,11390000,USGS,butte creek,temperature,mean,9.392857142857142
13,2019,butte creek,11390000,USGS,butte creek,temperature,min,8
14,2019,butte creek,11390000,USGS,butte creek,temperature,max,11.2
14,2019,butte creek,11390000,USGS,butte creek,temperature,mean,10.12857142857143
14,2019,butte creek,11390000,USGS,butte creek,temperature,min,9.4
15,2019,butte creek,11390000,USGS,butte creek,temperature,max,11.3
15,2019,butte creek,11390000,USGS,butte creek,temperature,mean,9.657142857142857
15,2019,butte creek,11390000,USGS,butte creek,temperature,min,7.6
16,2019,butte creek,11390000,USGS,butte creek,temperature,max,13.2
16,2019,butte creek,11390000,USGS,butte creek,temperature,mean,11.135714285714286
16,2019,butte creek,11390000,USGS,butte creek,temperature,min,8.8
17,2019,butte creek,11390000,USGS,butte creek,temperature,max,14.2
17,2019,butte creek,11390000,USGS,butte creek,temperature,mean,12.728571428571428
17,2019,butte creek,11390000,USGS,butte creek,temperature,min,10.9
18,2019,butte creek,11390000,USGS,butte creek,temperature,max,13.9
18,2019,butte creek,11390000,USGS,butte creek,temperature,mean,11.635714285714286
18,2019,butte creek,11390000,USGS,butte creek,temperature,min,9.6
19,2019,butte creek,11390000,USGS,butte creek,temperature,max,15.3
19,2019,butte creek,11390000,USGS,butte creek,temperature,mean,13.028571428571428
19,2019,butte creek,11390000,USGS,butte creek,temperature,min,11
20,2019,butte creek,11390000,USGS,butte creek,temperature,max,13.6
20,2019,butte creek,11390000,USGS,butte creek,temperature,mean,10.8
20,2019,butte creek,11390000,USGS,butte creek,temperature,min,8.9
21,2019,butte creek,11390000,USGS,butte creek,temperature,max,14.3
21,2019,butte creek,11390000,USGS,butte creek,temperature,mean,11.5
21,2019,butte creek,11390000,USGS,butte creek,temperature,min,9.2
22,2019,butte creek,11390000,USGS,butte creek,temperature,max,17
22,2019,butte creek,11390000,USGS,butte creek,temperature,mean,13.878571428571428
22,2019,butte creek,11390000,USGS,butte creek,temperature,min,10.8
23,2019,butte creek,11390000,USGS,butte creek,temperature,max,17.8
23,2019,butte creek,11390000,USGS,butte creek,temperature,mean,15.328571428571427
23,2019,butte creek,11390000,USGS,butte creek,temperature,min,12.2
24,2019,butte creek,11390000,USGS,butte creek,temperature,max,20.9
24,2019,butte creek,11390000,USGS,butte creek,temperature,mean,17.62857142857143
24,2019,butte creek,11390000,USGS,butte creek,temperature,min,14.7
25,2019,butte creek,11390000,USGS,butte creek,temperature,max,20.8
25,2019,butte creek,11390000,USGS,butte creek,temperature,mean,18.021428571428572
25,2019,butte creek,11390000,USGS,butte creek,temperature,min,15
26,2019,butte creek,11390000,USGS,butte creek,temperature,max,19.1
26,2019,butte creek,11390000,USGS,butte creek,temperature,mean,16.90714285714286
26,2019,butte creek,11390000,USGS,butte creek,temperature,min,14.2
27,2019,butte creek,11390000,USGS,butte creek,temperature,max,21.1
27,2019,butte creek,11390000,USGS,butte creek,temperature,mean,18.214285714285715
27,2019,butte creek,11390000,USGS,butte creek,temperature,min,15
28,2019,butte creek,11390000,USGS,butte creek,temperature,max,22.5
28,2019,butte creek,11390000,USGS,butte creek,temperature,mean,19.37142857142857
28,2019,butte creek,11390000,USGS,butte creek,temperature,min,16.3
29,2019,butte creek,11390000,USGS,butte creek,temperature,max,22.8
29,2019,butte creek,11390000,USGS,butte creek,temperature,mean,20.22142857142857
29,2019,butte creek,11390000,USGS,butte creek,temperature,min,17.7
30,2019,butte creek,11390000,USGS,butte creek,temperature,max,23.2
30,2019,butte creek,11390000,USGS,butte creek,temperature,mean,20.192857142857143
30,2019,butte creek,11390000,USGS,butte creek,temperature,min,17.5
31,2019,butte creek,11390000,USGS,butte creek,temperature,max,22.4
31,2019,butte creek,11390000,USGS,butte creek,temperature,mean,19.79285714285714
31,2019,butte creek,11390000,USGS,butte creek,temperature,min,17.2
32,2019,butte creek,11390000,USGS,butte creek,temperature,max,22.1
32,2019,butte creek,11390000,USGS,butte creek,temperature,mean,18.914285714285715
32,2019,butte creek,11390000,USGS,butte creek,temperature,min,16
33,2019,butte creek,11390000,USGS,butte creek,temperature,max,22.9
33,2019,butte creek,11390000,USGS,butte creek,temperature,mean,20.150000000000002
33,2019,butte creek,11390000,USGS,butte creek,temperature,min,16.7
34,2019,butte creek,11390000,USGS,butte creek,temperature,max,23.5
34,2019,butte creek,11390000,USGS,butte creek,temperature,mean,20.492857142857144
34,2019,butte creek,11390000,USGS,butte creek,temperature,min,17.7
35,2019,butte creek,11390000,USGS,butte creek,temperature,max,23.6
35,2019,butte creek,11390000,USGS,butte creek,temperature,mean,20.714285714285715
35,2019,butte creek,11390000,USGS,butte creek,temperature,min,17.7
36,2019,butte creek,11390000,USGS,butte creek,temperature,max,21.7
36,2019,butte creek,11390000,USGS,butte creek,temperature,mean,18.77142857142857
36,2019,butte creek,11390000,USGS,butte creek,temperature,min,16.2
37,2019,butte creek,11390000,USGS,butte creek,temperature,max,19.7
37,2019,butte creek,11390000,USGS,butte creek,temperature,mean,17.47857142857143
37,2019,butte creek,11390000,USGS,butte creek,temperature,min,15
38,2019,butte creek,11390000,USGS,butte creek,temperature,max,18.3
38,2019,butte creek,11390000,USGS,butte creek,temperature,mean,15.914285714285715
38,2019,butte creek,11390000,USGS,butte creek,temperature,min,13.5
39,2019,butte creek,11390000,USGS,butte creek,temperature,max,20.2
39,2019,butte creek,11390000,USGS,butte creek,temperature,mean,16.392857142857142
39,2019,butte creek,11390000,USGS,butte creek,temperature,min,12.1
40,2019,butte creek,11390000,USGS,butte creek,temperature,max,15
40,2019,butte creek,11390000,USGS,butte creek,temperature,mean,12.428571428571427
40,2019,butte creek,11390000,USGS,butte creek,temperature,min,10.3
41,2019,butte creek,11390000,USGS,butte creek,temperature,max,14.8
41,2019,butte creek,11390000,USGS,butte creek,temperature,mean,11.842857142857142
41,2019,butte creek,11390000,USGS,butte creek,temperature,min,9.5
42,2019,butte creek,11390000,USGS,butte creek,temperature,max,12.9
42,2019,butte creek,11390000,USGS,butte creek,temperature,mean,11.207142857142857
42,2019,butte creek,11390000,USGS,butte creek,temperature,min,9.4
43,2019,butte creek,11390000,USGS,butte creek,temperature,max,13.6
43,2019,butte creek,11390000,USGS,butte creek,temperature,mean,11.492857142857146
43,2019,butte creek,11390000,USGS,butte creek,temperature,min,8.4
44,2019,butte creek,11390000,USGS,butte creek,temperature,max,10.1
44,2019,butte creek,11390000,USGS,butte creek,temperature,mean,8.192857142857143
44,2019,butte creek,11390000,USGS,butte creek,temperature,min,6.2
45,2019,butte creek,11390000,USGS,butte creek,temperature,max,11
45,2019,butte creek,11390000,USGS,butte creek,temperature,mean,9.664285714285715
45,2019,butte creek,11390000,USGS,butte creek,temperature,min,7.9
46,2019,butte creek,11390000,USGS,butte creek,temperature,max,11.6
46,2019,butte creek,11390000,USGS,butte creek,temperature,mean,10.164285714285715
46,2019,butte creek,11390000,USGS,butte creek,temperature,min,8.8
47,2019,butte creek,11390000,USGS,butte creek,temperature,max,10.8
47,2019,butte creek,11390000,USGS,butte creek,temperature,mean,8.592857142857143
47,2019,butte creek,11390000,USGS,butte creek,temperature,min,6.3
48,2019,butte creek,11390000,USGS,butte creek,temperature,max,7.5
48,2019,butte creek,11390000,USGS,butte creek,temperature,mean,6.014285714285714
48,2019,butte creek,11390000,USGS,butte creek,temperature,min,4.2
49,2019,butte creek,11390000,USGS,butte creek,temperature,max,10
49,2019,butte creek,11390000,USGS,butte creek,temperature,mean,8.792857142857143
49,2019,butte creek,11390000,USGS,butte creek,temperature,min,7.4
50,2019,butte creek,11390000,USGS,butte creek,temperature,max,9.9
50,2019,butte creek,11390000,USGS,butte creek,temperature,mean,8.25
50,2019,butte creek,11390000,USGS,butte creek,temperature,min,5.7
51,2019,butte creek,11390000,USGS,butte creek,temperature,max,8.2
51,2019,butte creek,11390000,USGS,butte creek,temperature,mean,6.8500000000000005
51,2019,butte creek,11390000,USGS,butte creek,temperature,min,5.3
52,2019,butte creek,11390000,USGS,butte creek,temperature,max,7.7
52,2019,butte creek,11390000,USGS,butte creek,temperature,mean,5.957142857142856
52,2019,butte creek,11390000,USGS,butte creek,temperature,min,4.3
53,2019,butte creek,11390000,USGS,butte creek,temperature,max,7.2
53,2019,butte creek,11390000,USGS,butte creek,temperature,mean,6.25
53,2019,butte creek,11390000,USGS,butte creek,temperature,min,5.3
1,2020,butte creek,11390000,USGS,butte creek,temperature,max,7.6
1,2020,butte creek,11390000,USGS,butte creek,temperature,mean,6.314285714285714
1,2020,butte creek,11390000,USGS,butte creek,temperature,min,4.6
2,2020,butte creek,11390000,USGS,butte creek,temperature,max,7.4
2,2020,butte creek,11390000,USGS,butte creek,temperature,mean,6.357142857142857
2,2020,butte creek,11390000,USGS,butte creek,temperature,min,5
3,2020,butte creek,11390000,USGS,butte creek,temperature,max,7.2
3,2020,butte creek,11390000,USGS,butte creek,temperature,mean,5.878571428571429
3,2020,butte creek,11390000,USGS,butte creek,temperature,min,4.6
4,2020,butte creek,11390000,USGS,butte creek,temperature,max,10
4,2020,butte creek,11390000,USGS,butte creek,temperature,mean,8.664285714285715
4,2020,butte creek,11390000,USGS,butte creek,temperature,min,7
5,2020,butte creek,11390000,USGS,butte creek,temperature,max,10
5,2020,butte creek,11390000,USGS,butte creek,temperature,mean,7.764285714285713
5,2020,butte creek,11390000,USGS,butte creek,temperature,min,4
6,2020,butte creek,11390000,USGS,butte creek,temperature,max,8.4
6,2020,butte creek,11390000,USGS,butte creek,temperature,mean,6.364285714285714
6,2020,butte creek,11390000,USGS,butte creek,temperature,min,4.1
7,2020,butte creek,11390000,USGS,butte creek,temperature,max,9.9
7,2020,butte creek,11390000,USGS,butte creek,temperature,mean,7.557142857142857
7,2020,butte creek,11390000,USGS,butte creek,temperature,min,5.5
8,2020,butte creek,11390000,USGS,butte creek,temperature,max,10.1
8,2020,butte creek,11390000,USGS,butte creek,temperature,mean,7.9142857142857155
8,2020,butte creek,11390000,USGS,butte creek,temperature,min,5.7
9,2020,butte creek,11390000,USGS,butte creek,temperature,max,10.9
9,2020,butte creek,11390000,USGS,butte creek,temperature,mean,8.77142857142857
9,2020,butte creek,11390000,USGS,butte creek,temperature,min,6.3
10,2020,butte creek,11390000,USGS,butte creek,temperature,max,12
10,2020,butte creek,11390000,USGS,butte creek,temperature,mean,9.528571428571428
10,2020,butte creek,11390000,USGS,butte creek,temperature,min,7.3
11,2020,butte creek,11390000,USGS,butte creek,temperature,max,12.7
11,2020,butte creek,11390000,USGS,butte creek,temperature,mean,8.950000000000001
11,2020,butte creek,11390000,USGS,butte creek,temperature,min,6.1
12,2020,butte creek,11390000,USGS,butte creek,temperature,max,11.6
12,2020,butte creek,11390000,USGS,butte creek,temperature,mean,8.057142857142855
12,2020,butte creek,11390000,USGS,butte creek,temperature,min,4.4
13,2020,butte creek,11390000,USGS,butte creek,temperature,max,12.7
13,2020,butte creek,11390000,USGS,butte creek,temperature,mean,8.678571428571427
13,2020,butte creek,11390000,USGS,butte creek,temperature,min,5.4
14,2020,butte creek,11390000,USGS,butte creek,temperature,max,12.3
14,2020,butte creek,11390000,USGS,butte creek,temperature,mean,9.164285714285715
14,2020,butte creek,11390000,USGS,butte creek,temperature,min,6.9
15,2020,butte creek,11390000,USGS,butte creek,temperature,max,15
15,2020,butte creek,11390000,USGS,butte creek,temperature,mean,11.714285714285714
15,2020,butte creek,11390000,USGS,butte creek,temperature,min,8.7
16,2020,butte creek,11390000,USGS,butte creek,temperature,max,15.5
16,2020,butte creek,11390000,USGS,butte creek,temperature,mean,12.578571428571427
16,2020,butte creek,11390000,USGS,butte creek,temperature,min,9.8
17,2020,butte creek,11390000,USGS,butte creek,temperature,max,18.7
17,2020,butte creek,11390000,USGS,butte creek,temperature,mean,14.65
17,2020,butte creek,11390000,USGS,butte creek,temperature,min,10.8
18,2020,butte creek,11390000,USGS,butte creek,temperature,max,18.8
18,2020,butte creek,11390000,USGS,butte creek,temperature,mean,15.428571428571429
18,2020,butte creek,11390000,USGS,butte creek,temperature,min,12.1
19,2020,butte creek,11390000,USGS,butte creek,temperature,max,19.6
19,2020,butte creek,11390000,USGS,butte creek,temperature,mean,15.721428571428573
19,2020,butte creek,11390000,USGS,butte creek,temperature,min,12.3
20,2020,butte creek,11390000,USGS,butte creek,temperature,max,17
20,2020,butte creek,11390000,USGS,butte creek,temperature,mean,13.878571428571428
20,2020,butte creek,11390000,USGS,butte creek,temperature,min,11.2
21,2020,butte creek,11390000,USGS,butte creek,temperature,max,20.7
21,2020,butte creek,11390000,USGS,butte creek,temperature,mean,15.414285714285715
21,2020,butte creek,11390000,USGS,butte creek,temperature,min,11.5
22,2020,butte creek,11390000,USGS,butte creek,temperature,max,23.1
22,2020,butte creek,11390000,USGS,butte creek,temperature,mean,19.37857142857143
22,2020,butte creek,11390000,USGS,butte creek,temperature,min,16.4
23,2020,butte creek,11390000,USGS,butte creek,temperature,max,23.4
23,2020,butte creek,11390000,USGS,butte creek,temperature,mean,18.635714285714283
23,2020,butte creek,11390000,USGS,butte creek,temperature,min,13.8
24,2020,butte creek,11390000,USGS,butte creek,temperature,max,21.1
24,2020,butte creek,11390000,USGS,butte creek,temperature,mean,18.185714285714287
24,2020,butte creek,11390000,USGS,butte creek,temperature,min,15.5
25,2020,butte creek,11390000,USGS,butte creek,temperature,max,25.2
25,2020,butte creek,11390000,USGS,butte creek,temperature,mean,20.085714285714285
25,2020,butte creek,11390000,USGS,butte creek,temperature,min,15.2
26,2020,butte creek,11390000,USGS,butte creek,temperature,max,26.8
26,2020,butte creek,11390000,USGS,butte creek,temperature,mean,22.964285714285715
26,2020,butte creek,11390000,USGS,butte creek,temperature,min,18.6
27,2020,butte creek,11390000,USGS,butte creek,temperature,max,24
27,2020,butte creek,11390000,USGS,butte creek,temperature,mean,21.142857142857142
27,2020,butte creek,11390000,USGS,butte creek,temperature,min,18.4
28,2020,butte creek,11390000,USGS,butte creek,temperature,max,24.5
28,2020,butte creek,11390000,USGS,butte creek,temperature,mean,21.66428571428571
28,2020,butte creek,11390000,USGS,butte creek,temperature,min,18.5
29,2020,butte creek,11390000,USGS,butte creek,temperature,max,25.6
29,2020,butte creek,11390000,USGS,butte creek,temperature,mean,22.921428571428574
29,2020,butte creek,11390000,USGS,butte creek,temperature,min,19.9
30,2020,butte creek,11390000,USGS,butte creek,temperature,max,25.3
30,2020,butte creek,11390000,USGS,butte creek,temperature,mean,22.685714285714287
30,2020,butte creek,11390000,USGS,butte creek,temperature,min,20
31,2020,butte creek,11390000,USGS,butte creek,temperature,max,24.9
31,2020,butte creek,11390000,USGS,butte creek,temperature,mean,21.75714285714286
31,2020,butte creek,11390000,USGS,butte creek,temperature,min,18.9
32,2020,butte creek,11390000,USGS,butte creek,temperature,max,25.5
32,2020,butte creek,11390000,USGS,butte creek,temperature,mean,22.17142857142857
32,2020,butte creek,11390000,USGS,butte creek,temperature,min,18.8
33,2020,butte creek,11390000,USGS,butte creek,temperature,max,25.3
33,2020,butte creek,11390000,USGS,butte creek,temperature,mean,22.271428571428572
33,2020,butte creek,11390000,USGS,butte creek,temperature,min,19.7
34,2020,butte creek,11390000,USGS,butte creek,temperature,max,23.2
34,2020,butte creek,11390000,USGS,butte creek,temperature,mean,21.021428571428576
34,2020,butte creek,11390000,USGS,butte creek,temperature,min,18.3
35,2020,butte creek,11390000,USGS,butte creek,temperature,max,24
35,2020,butte creek,11390000,USGS,butte creek,temperature,mean,21.7
35,2020,butte creek,11390000,USGS,butte creek,temperature,min,19.2
36,2020,butte creek,11390000,USGS,butte creek,temperature,max,24.4
36,2020,butte creek,11390000,USGS,butte creek,temperature,mean,21.6
36,2020,butte creek,11390000,USGS,butte creek,temperature,min,19.3
37,2020,butte creek,11390000,USGS,butte creek,temperature,max,20.2
37,2020,butte creek,11390000,USGS,butte creek,temperature,mean,17.70714285714286
37,2020,butte creek,11390000,USGS,butte creek,temperature,min,15.5
38,2020,butte creek,11390000,USGS,butte creek,temperature,max,20.2
38,2020,butte creek,11390000,USGS,butte creek,temperature,mean,17.900000000000002
38,2020,butte creek,11390000,USGS,butte creek,temperature,min,15.8
39,2020,butte creek,11390000,USGS,butte creek,temperature,max,20
39,2020,butte creek,11390000,USGS,butte creek,temperature,mean,17.964285714285715
39,2020,butte creek,11390000,USGS,butte creek,temperature,min,15.9
40,2020,butte creek,11390000,USGS,butte creek,temperature,max,19.6
40,2020,butte creek,11390000,USGS,butte creek,temperature,mean,17.25
40,2020,butte creek,11390000,USGS,butte creek,temperature,min,14.4
41,2020,butte creek,11390000,USGS,butte creek,temperature,max,17.8
41,2020,butte creek,11390000,USGS,butte creek,temperature,mean,15.30714285714286
41,2020,butte creek,11390000,USGS,butte creek,temperature,min,13.2
42,2020,butte creek,11390000,USGS,butte creek,temperature,max,17.4
42,2020,butte creek,11390000,USGS,butte creek,temperature,mean,15.342857142857143
42,2020,butte creek,11390000,USGS,butte creek,temperature,min,13.4
43,2020,butte creek,11390000,USGS,butte creek,temperature,max,16.3
43,2020,butte creek,11390000,USGS,butte creek,temperature,mean,12.578571428571427
43,2020,butte creek,11390000,USGS,butte creek,temperature,min,9
44,2020,butte creek,11390000,USGS,butte creek,temperature,max,12.5
44,2020,butte creek,11390000,USGS,butte creek,temperature,mean,10.757142857142856
44,2020,butte creek,11390000,USGS,butte creek,temperature,min,9
45,2020,butte creek,11390000,USGS,butte creek,temperature,max,12.5
45,2020,butte creek,11390000,USGS,butte creek,temperature,mean,9.535714285714286
45,2020,butte creek,11390000,USGS,butte creek,temperature,min,5.8
46,2020,butte creek,11390000,USGS,butte creek,temperature,max,9.3
46,2020,butte creek,11390000,USGS,butte creek,temperature,mean,7.385714285714287
46,2020,butte creek,11390000,USGS,butte creek,temperature,min,5.1
47,2020,butte creek,11390000,USGS,butte creek,temperature,max,10.3
47,2020,butte creek,11390000,USGS,butte creek,temperature,mean,8.007142857142856
47,2020,butte creek,11390000,USGS,butte creek,temperature,min,6
48,2020,butte creek,11390000,USGS,butte creek,temperature,max,8.4
48,2020,butte creek,11390000,USGS,butte creek,temperature,mean,6.257142857142858
48,2020,butte creek,11390000,USGS,butte creek,temperature,min,4.8
49,2020,butte creek,11390000,USGS,butte creek,temperature,max,7.8
49,2020,butte creek,11390000,USGS,butte creek,temperature,mean,6.25
49,2020,butte creek,11390000,USGS,butte creek,temperature,min,4.9
50,2020,butte creek,11390000,USGS,butte creek,temperature,max,8.3
50,2020,butte creek,11390000,USGS,butte creek,temperature,mean,6.621428571428573
50,2020,butte creek,11390000,USGS,butte creek,temperature,min,5.2
51,2020,butte creek,11390000,USGS,butte creek,temperature,max,8.1
51,2020,butte creek,11390000,USGS,butte creek,temperature,mean,6.114285714285714
51,2020,butte creek,11390000,USGS,butte creek,temperature,min,4.5
52,2020,butte creek,11390000,USGS,butte creek,temperature,max,7.9
52,2020,butte creek,11390000,USGS,butte creek,temperature,mean,5.8500000000000005
52,2020,butte creek,11390000,USGS,butte creek,temperature,min,3.7
53,2020,butte creek,11390000,USGS,butte creek,temperature,max,6.8
53,2020,butte creek,11390000,USGS,butte creek,temperature,mean,5.6499999999999995
53,2020,butte creek,11390000,USGS,butte creek,temperature,min,4.5
1,2021,butte creek,11390000,USGS,butte creek,temperature,max,8.8
1,2021,butte creek,11390000,USGS,butte creek,temperature,mean,6.857142857142857
1,2021,butte creek,11390000,USGS,butte creek,temperature,min,4.7
2,2021,butte creek,11390000,USGS,butte creek,temperature,max,8.6
2,2021,butte creek,11390000,USGS,butte creek,temperature,mean,6.685714285714285
2,2021,butte creek,11390000,USGS,butte creek,temperature,min,4.9
3,2021,butte creek,11390000,USGS,butte creek,temperature,max,9.9
3,2021,butte creek,11390000,USGS,butte creek,temperature,mean,7.864285714285714
3,2021,butte creek,11390000,USGS,butte creek,temperature,min,5.6
4,2021,butte creek,11390000,USGS,butte creek,temperature,max,7.9
4,2021,butte creek,11390000,USGS,butte creek,temperature,mean,6.1071428571428585
4,2021,butte creek,11390000,USGS,butte creek,temperature,min,3.8
5,2021,butte creek,11390000,USGS,butte creek,temperature,max,8
5,2021,butte creek,11390000,USGS,butte creek,temperature,mean,6.985714285714287
5,2021,butte creek,11390000,USGS,butte creek,temperature,min,5.4
6,2021,butte creek,11390000,USGS,butte creek,temperature,max,9.5
6,2021,butte creek,11390000,USGS,butte creek,temperature,mean,7.107142857142857
6,2021,butte creek,11390000,USGS,butte creek,temperature,min,5
7,2021,butte creek,11390000,USGS,butte creek,temperature,max,9.6
7,2021,butte creek,11390000,USGS,butte creek,temperature,mean,7.750000000000001
7,2021,butte creek,11390000,USGS,butte creek,temperature,min,5.9
8,2021,butte creek,11390000,USGS,butte creek,temperature,max,10.1
8,2021,butte creek,11390000,USGS,butte creek,temperature,mean,7.6000000000000005
8,2021,butte creek,11390000,USGS,butte creek,temperature,min,5.4
9,2021,butte creek,11390000,USGS,butte creek,temperature,max,10.1
9,2021,butte creek,11390000,USGS,butte creek,temperature,mean,7.4
9,2021,butte creek,11390000,USGS,butte creek,temperature,min,5
10,2021,butte creek,11390000,USGS,butte creek,temperature,max,11
10,2021,butte creek,11390000,USGS,butte creek,temperature,mean,8.128571428571428
10,2021,butte creek,11390000,USGS,butte creek,temperature,min,5.2
11,2021,butte creek,11390000,USGS,butte creek,temperature,max,9.8
11,2021,butte creek,11390000,USGS,butte creek,temperature,mean,7.471428571428571
11,2021,butte creek,11390000,USGS,butte creek,temperature,min,5.1
12,2021,butte creek,11390000,USGS,butte creek,temperature,max,11.6
12,2021,butte creek,11390000,USGS,butte creek,temperature,mean,8.928571428571429
12,2021,butte creek,11390000,USGS,butte creek,temperature,min,6.3
13,2021,butte creek,11390000,USGS,butte creek,temperature,max,14.4
13,2021,butte creek,11390000,USGS,butte creek,temperature,mean,10.62142857142857
13,2021,butte creek,11390000,USGS,butte creek,temperature,min,6.9
14,2021,butte creek,11390000,USGS,butte creek,temperature,max,15.7
14,2021,butte creek,11390000,USGS,butte creek,temperature,mean,12.557142857142859
14,2021,butte creek,11390000,USGS,butte creek,temperature,min,9.8
15,2021,butte creek,11390000,USGS,butte creek,temperature,max,16.2
15,2021,butte creek,11390000,USGS,butte creek,temperature,mean,13.099999999999998
15,2021,butte creek,11390000,USGS,butte creek,temperature,min,10
16,2021,butte creek,11390000,USGS,butte creek,temperature,max,17.5
16,2021,butte creek,11390000,USGS,butte creek,temperature,mean,14.6
16,2021,butte creek,11390000,USGS,butte creek,temperature,min,10.8
17,2021,butte creek,11390000,USGS,butte creek,temperature,max,17.6
17,2021,butte creek,11390000,USGS,butte creek,temperature,mean,13.521428571428572
17,2021,butte creek,11390000,USGS,butte creek,temperature,min,9.1
18,2021,butte creek,11390000,USGS,butte creek,temperature,max,20.2
18,2021,butte creek,11390000,USGS,butte creek,temperature,mean,16.785714285714285
18,2021,butte creek,11390000,USGS,butte creek,temperature,min,13.6
19,2021,butte creek,11390000,USGS,butte creek,temperature,max,20.9
19,2021,butte creek,11390000,USGS,butte creek,temperature,mean,17.62142857142857
19,2021,butte creek,11390000,USGS,butte creek,temperature,min,14.3
20,2021,butte creek,11390000,USGS,butte creek,temperature,max,20.5
20,2021,butte creek,11390000,USGS,butte creek,temperature,mean,17.164285714285715
20,2021,butte creek,11390000,USGS,butte creek,temperature,min,13.8
21,2021,butte creek,11390000,USGS,butte creek,temperature,max,20.1
21,2021,butte creek,11390000,USGS,butte creek,temperature,mean,15.9
21,2021,butte creek,11390000,USGS,butte creek,temperature,min,12
22,2021,butte creek,11390000,USGS,butte creek,temperature,max,24.7
22,2021,butte creek,11390000,USGS,butte creek,temperature,mean,20.45
22,2021,butte creek,11390000,USGS,butte creek,temperature,min,15.3
23,2021,butte creek,11390000,USGS,butte creek,temperature,max,25
23,2021,butte creek,11390000,USGS,butte creek,temperature,mean,20.664285714285715
23,2021,butte creek,11390000,USGS,butte creek,temperature,min,16
24,2021,butte creek,11390000,USGS,butte creek,temperature,max,24
24,2021,butte creek,11390000,USGS,butte creek,temperature,mean,20
24,2021,butte creek,11390000,USGS,butte creek,temperature,min,15.7
25,2021,butte creek,11390000,USGS,butte creek,temperature,max,25.4
25,2021,butte creek,11390000,USGS,butte creek,temperature,mean,22.457142857142856
25,2021,butte creek,11390000,USGS,butte creek,temperature,min,18.9
26,2021,butte creek,11390000,USGS,butte creek,temperature,max,26.9
26,2021,butte creek,11390000,USGS,butte creek,temperature,mean,24.028571428571432
26,2021,butte creek,11390000,USGS,butte creek,temperature,min,20.5
27,2021,butte creek,11390000,USGS,butte creek,temperature,max,26.8
27,2021,butte creek,11390000,USGS,butte creek,temperature,mean,24.04285714285714
27,2021,butte creek,11390000,USGS,butte creek,temperature,min,20.9
28,2021,butte creek,11390000,USGS,butte creek,temperature,max,27.2
28,2021,butte creek,11390000,USGS,butte creek,temperature,mean,23.771428571428572
28,2021,butte creek,11390000,USGS,butte creek,temperature,min,20.2
29,2021,butte creek,11390000,USGS,butte creek,temperature,max,25.4
29,2021,butte creek,11390000,USGS,butte creek,temperature,mean,22.5
29,2021,butte creek,11390000,USGS,butte creek,temperature,min,19.4
30,2021,butte creek,11390000,USGS,butte creek,temperature,max,24.6
30,2021,butte creek,11390000,USGS,butte creek,temperature,mean,21.47142857142857
30,2021,butte creek,11390000,USGS,butte creek,temperature,min,18.9
31,2021,butte creek,11390000,USGS,butte creek,temperature,max,25.5
31,2021,butte creek,11390000,USGS,butte creek,temperature,mean,22.300000000000004
31,2021,butte creek,11390000,USGS,butte creek,temperature,min,19
32,2021,butte creek,11390000,USGS,butte creek,temperature,max,24
32,2021,butte creek,11390000,USGS,butte creek,temperature,mean,21.064285714285713
32,2021,butte creek,11390000,USGS,butte creek,temperature,min,18.4
33,2021,butte creek,11390000,USGS,butte creek,temperature,max,25.4
33,2021,butte creek,11390000,USGS,butte creek,temperature,mean,22.235714285714284
33,2021,butte creek,11390000,USGS,butte creek,temperature,min,18.6
34,2021,butte creek,11390000,USGS,butte creek,temperature,max,22.4
34,2021,butte creek,11390000,USGS,butte creek,temperature,mean,19.964285714285715
34,2021,butte creek,11390000,USGS,butte creek,temperature,min,17.5
35,2021,butte creek,11390000,USGS,butte creek,temperature,max,22.8
35,2021,butte creek,11390000,USGS,butte creek,temperature,mean,19.864285714285717
35,2021,butte creek,11390000,USGS,butte creek,temperature,min,16.9
36,2021,butte creek,11390000,USGS,butte creek,temperature,max,23.2
36,2021,butte creek,11390000,USGS,butte creek,temperature,mean,19.657142857142855
36,2021,butte creek,11390000,USGS,butte creek,temperature,min,16.4
37,2021,butte creek,11390000,USGS,butte creek,temperature,max,24
37,2021,butte creek,11390000,USGS,butte creek,temperature,mean,20.435714285714283
37,2021,butte creek,11390000,USGS,butte creek,temperature,min,17.5
38,2021,butte creek,11390000,USGS,butte creek,temperature,max,21
38,2021,butte creek,11390000,USGS,butte creek,temperature,mean,18.33571428571429
38,2021,butte creek,11390000,USGS,butte creek,temperature,min,15.3
39,2021,butte creek,11390000,USGS,butte creek,temperature,max,20.7
39,2021,butte creek,11390000,USGS,butte creek,temperature,mean,17.264285714285716
39,2021,butte creek,11390000,USGS,butte creek,temperature,min,13.8
40,2021,butte creek,11390000,USGS,butte creek,temperature,max,18.2
40,2021,butte creek,11390000,USGS,butte creek,temperature,mean,15.607142857142858
40,2021,butte creek,11390000,USGS,butte creek,temperature,min,13.7
41,2021,butte creek,11390000,USGS,butte creek,temperature,max,15.8
41,2021,butte creek,11390000,USGS,butte creek,temperature,mean,12.792857142857143
41,2021,butte creek,11390000,USGS,butte creek,temperature,min,9.6
42,2021,butte creek,11390000,USGS,butte creek,temperature,max,13.7
42,2021,butte creek,11390000,USGS,butte creek,temperature,mean,11.357142857142858
42,2021,butte creek,11390000,USGS,butte creek,temperature,min,9.3
43,2021,butte creek,11390000,USGS,butte creek,temperature,max,13.8
43,2021,butte creek,11390000,USGS,butte creek,temperature,mean,12.114285714285716
43,2021,butte creek,11390000,USGS,butte creek,temperature,min,10.5
44,2021,butte creek,11390000,USGS,butte creek,temperature,max,14.3
44,2021,butte creek,11390000,USGS,butte creek,temperature,mean,12.728571428571428
44,2021,butte creek,11390000,USGS,butte creek,temperature,min,11.2
45,2021,butte creek,11390000,USGS,butte creek,temperature,max,12.6
45,2021,butte creek,11390000,USGS,butte creek,temperature,mean,10.757142857142856
45,2021,butte creek,11390000,USGS,butte creek,temperature,min,8.4
46,2021,butte creek,11390000,USGS,butte creek,temperature,max,12.4
46,2021,butte creek,11390000,USGS,butte creek,temperature,mean,10.821428571428571
46,2021,butte creek,11390000,USGS,butte creek,temperature,min,9.1
47,2021,butte creek,11390000,USGS,butte creek,temperature,max,10.9
47,2021,butte creek,11390000,USGS,butte creek,temperature,mean,8.785714285714285
47,2021,butte creek,11390000,USGS,butte creek,temperature,min,6.4
48,2021,butte creek,11390000,USGS,butte creek,temperature,max,9.9
48,2021,butte creek,11390000,USGS,butte creek,temperature,mean,8.45
48,2021,butte creek,11390000,USGS,butte creek,temperature,min,6.7
49,2021,butte creek,11390000,USGS,butte creek,temperature,max,9.9
49,2021,butte creek,11390000,USGS,butte creek,temperature,mean,8.657142857142857
49,2021,butte creek,11390000,USGS,butte creek,temperature,min,7.7
50,2021,butte creek,11390000,USGS,butte creek,temperature,max,9.5
50,2021,butte creek,11390000,USGS,butte creek,temperature,mean,7.8428571428571425
50,2021,butte creek,11390000,USGS,butte creek,temperature,min,5.8
51,2021,butte creek,11390000,USGS,butte creek,temperature,max,8.7
51,2021,butte creek,11390000,USGS,butte creek,temperature,mean,6.964285714285714
51,2021,butte creek,11390000,USGS,butte creek,temperature,min,5.5
52,2021,butte creek,11390000,USGS,butte creek,temperature,max,9.1
52,2021,butte creek,11390000,USGS,butte creek,temperature,mean,7.307142857142858
52,2021,butte creek,11390000,USGS,butte creek,temperature,min,6.1
53,2021,butte creek,11390000,USGS,butte creek,temperature,max,7.5
53,2021,butte creek,11390000,USGS,butte creek,temperature,mean,6.8
53,2021,butte creek,11390000,USGS,butte creek,temperature,min,6.1
1,2022,butte creek,11390000,USGS,butte creek,temperature,max,8.9
1,2022,butte creek,11390000,USGS,butte creek,temperature,mean,7.1000000000000005
1,2022,butte creek,11390000,USGS,butte creek,temperature,min,4.6
2,2022,butte creek,11390000,USGS,butte creek,temperature,max,8.2
2,2022,butte creek,11390000,USGS,butte creek,temperature,mean,7.2
2,2022,butte creek,11390000,USGS,butte creek,temperature,min,6.1
3,2022,butte creek,11390000,USGS,butte creek,temperature,max,7.9
3,2022,butte creek,11390000,USGS,butte creek,temperature,mean,6.707142857142856
3,2022,butte creek,11390000,USGS,butte creek,temperature,min,5.5
4,2022,butte creek,11390000,USGS,butte creek,temperature,max,7.9
4,2022,butte creek,11390000,USGS,butte creek,temperature,mean,6.357142857142857
4,2022,butte creek,11390000,USGS,butte creek,temperature,min,4.7
5,2022,butte creek,11390000,USGS,butte creek,temperature,max,7.5
5,2022,butte creek,11390000,USGS,butte creek,temperature,mean,5.621428571428571
5,2022,butte creek,11390000,USGS,butte creek,temperature,min,3.6
6,2022,butte creek,11390000,USGS,butte creek,temperature,max,10.1
6,2022,butte creek,11390000,USGS,butte creek,temperature,mean,7.357142857142857
6,2022,butte creek,11390000,USGS,butte creek,temperature,min,4.8
7,2022,butte creek,11390000,USGS,butte creek,temperature,max,9.8
7,2022,butte creek,11390000,USGS,butte creek,temperature,mean,7.6071428571428585
7,2022,butte creek,11390000,USGS,butte creek,temperature,min,5.2
8,2022,butte creek,11390000,USGS,butte creek,temperature,max,9.2
8,2022,butte creek,11390000,USGS,butte creek,temperature,mean,6.064285714285715
8,2022,butte creek,11390000,USGS,butte creek,temperature,min,2.6
9,2022,butte creek,11390000,USGS,butte creek,temperature,max,10.9
9,2022,butte creek,11390000,USGS,butte creek,temperature,mean,7.6571428571428575
9,2022,butte creek,11390000,USGS,butte creek,temperature,min,3.1
10,2022,butte creek,11390000,USGS,butte creek,temperature,max,10.2
10,2022,butte creek,11390000,USGS,butte creek,temperature,mean,7.521428571428571
10,2022,butte creek,11390000,USGS,butte creek,temperature,min,5
11,2022,butte creek,11390000,USGS,butte creek,temperature,max,12
11,2022,butte creek,11390000,USGS,butte creek,temperature,mean,9.45
11,2022,butte creek,11390000,USGS,butte creek,temperature,min,5.7
12,2022,butte creek,11390000,USGS,butte creek,temperature,max,13.8
12,2022,butte creek,11390000,USGS,butte creek,temperature,mean,10.692857142857141
12,2022,butte creek,11390000,USGS,butte creek,temperature,min,7.4
13,2022,butte creek,11390000,USGS,butte creek,temperature,max,13.1
13,2022,butte creek,11390000,USGS,butte creek,temperature,mean,11.078571428571431
13,2022,butte creek,11390000,USGS,butte creek,temperature,min,8.9
14,2022,butte creek,11390000,USGS,butte creek,temperature,max,15.4
14,2022,butte creek,11390000,USGS,butte creek,temperature,mean,11.642857142857142
14,2022,butte creek,11390000,USGS,butte creek,temperature,min,9.1
15,2022,butte creek,11390000,USGS,butte creek,temperature,max,14.7
15,2022,butte creek,11390000,USGS,butte creek,temperature,mean,10.171428571428569
15,2022,butte creek,11390000,USGS,butte creek,temperature,min,6.8
16,2022,butte creek,11390000,USGS,butte creek,temperature,max,12.5
16,2022,butte creek,11390000,USGS,butte creek,temperature,mean,10.099999999999998
16,2022,butte creek,11390000,USGS,butte creek,temperature,min,8.5
17,2022,butte creek,11390000,USGS,butte creek,temperature,max,14.8
17,2022,butte creek,11390000,USGS,butte creek,temperature,mean,11.957142857142856
17,2022,butte creek,11390000,USGS,butte creek,temperature,min,8.2
18,2022,butte creek,11390000,USGS,butte creek,temperature,max,16.9
18,2022,butte creek,11390000,USGS,butte creek,temperature,mean,13.4
18,2022,butte creek,11390000,USGS,butte creek,temperature,min,10.2
19,2022,butte creek,11390000,USGS,butte creek,temperature,max,16.9
19,2022,butte creek,11390000,USGS,butte creek,temperature,mean,11.842857142857143
19,2022,butte creek,11390000,USGS,butte creek,temperature,min,7.9
20,2022,butte creek,11390000,USGS,butte creek,temperature,max,20.3
20,2022,butte creek,11390000,USGS,butte creek,temperature,mean,16.42142857142857
20,2022,butte creek,11390000,USGS,butte creek,temperature,min,11.4
21,2022,butte creek,11390000,USGS,butte creek,temperature,max,20.7
21,2022,butte creek,11390000,USGS,butte creek,temperature,mean,16.65
21,2022,butte creek,11390000,USGS,butte creek,temperature,min,12.8
22,2022,butte creek,11390000,USGS,butte creek,temperature,max,19.9
22,2022,butte creek,11390000,USGS,butte creek,temperature,mean,16.400000000000002
22,2022,butte creek,11390000,USGS,butte creek,temperature,min,12.6
23,2022,butte creek,11390000,USGS,butte creek,temperature,max,22.5
23,2022,butte creek,11390000,USGS,butte creek,temperature,mean,17.65714285714286
23,2022,butte creek,11390000,USGS,butte creek,temperature,min,14.3
24,2022,butte creek,11390000,USGS,butte creek,temperature,max,22.5
24,2022,butte creek,11390000,USGS,butte creek,temperature,mean,18.435714285714287
24,2022,butte creek,11390000,USGS,butte creek,temperature,min,14.7
25,2022,butte creek,11390000,USGS,butte creek,temperature,max,23.6
25,2022,butte creek,11390000,USGS,butte creek,temperature,mean,18.428571428571427
25,2022,butte creek,11390000,USGS,butte creek,temperature,min,14.2
26,2022,butte creek,11390000,USGS,butte creek,temperature,max,24
26,2022,butte creek,11390000,USGS,butte creek,temperature,mean,20.957142857142856
26,2022,butte creek,11390000,USGS,butte creek,temperature,min,17.8
27,2022,butte creek,11390000,USGS,butte creek,temperature,max,23.5
27,2022,butte creek,11390000,USGS,butte creek,temperature,mean,20.221428571428568
27,2022,butte creek,11390000,USGS,butte creek,temperature,min,17.1
28,2022,butte creek,11390000,USGS,butte creek,temperature,max,25
28,2022,butte creek,11390000,USGS,butte creek,temperature,mean,21.97142857142857
28,2022,butte creek,11390000,USGS,butte creek,temperature,min,18.4
29,2022,butte creek,11390000,USGS,butte creek,temperature,max,24.8
29,2022,butte creek,11390000,USGS,butte creek,temperature,mean,21.964285714285715
29,2022,butte creek,11390000,USGS,butte creek,temperature,min,19.1
30,2022,butte creek,11390000,USGS,butte creek,temperature,max,25.4
30,2022,butte creek,11390000,USGS,butte creek,temperature,mean,21.499999999999996
30,2022,butte creek,11390000,USGS,butte creek,temperature,min,18.5
31,2022,butte creek,11390000,USGS,butte creek,temperature,max,25.7
31,2022,butte creek,11390000,USGS,butte creek,temperature,mean,22.857142857142858
31,2022,butte creek,11390000,USGS,butte creek,temperature,min,19.8
32,2022,butte creek,11390000,USGS,butte creek,temperature,max,25.4
32,2022,butte creek,11390000,USGS,butte creek,temperature,mean,21.964285714285715
32,2022,butte creek,11390000,USGS,butte creek,temperature,min,18.2
33,2022,butte creek,11390000,USGS,butte creek,temperature,max,24.9
33,2022,butte creek,11390000,USGS,butte creek,temperature,mean,21.035714285714285
33,2022,butte creek,11390000,USGS,butte creek,temperature,min,17.7
34,2022,butte creek,11390000,USGS,butte creek,temperature,max,24.8
34,2022,butte creek,11390000,USGS,butte creek,temperature,mean,21.892857142857142
34,2022,butte creek,11390000,USGS,butte creek,temperature,min,18.8
35,2022,butte creek,11390000,USGS,butte creek,temperature,max,24
35,2022,butte creek,11390000,USGS,butte creek,temperature,mean,21.114285714285717
35,2022,butte creek,11390000,USGS,butte creek,temperature,min,18.2
36,2022,butte creek,11390000,USGS,butte creek,temperature,max,25
36,2022,butte creek,11390000,USGS,butte creek,temperature,mean,21.914285714285715
36,2022,butte creek,11390000,USGS,butte creek,temperature,min,18.5
37,2022,butte creek,11390000,USGS,butte creek,temperature,max,23.4
37,2022,butte creek,11390000,USGS,butte creek,temperature,mean,20.04285714285714
37,2022,butte creek,11390000,USGS,butte creek,temperature,min,16.4
38,2022,butte creek,11390000,USGS,butte creek,temperature,max,19.9
38,2022,butte creek,11390000,USGS,butte creek,temperature,mean,17.392857142857142
38,2022,butte creek,11390000,USGS,butte creek,temperature,min,15.2
39,2022,butte creek,11390000,USGS,butte creek,temperature,max,21.2
39,2022,butte creek,11390000,USGS,butte creek,temperature,mean,18.42142857142857
39,2022,butte creek,11390000,USGS,butte creek,temperature,min,15.7
40,2022,butte creek,11390000,USGS,butte creek,temperature,max,19.9
40,2022,butte creek,11390000,USGS,butte creek,temperature,mean,17.692857142857147
40,2022,butte creek,11390000,USGS,butte creek,temperature,min,15.4
41,2022,butte creek,11390000,USGS,butte creek,temperature,max,19.1
41,2022,butte creek,11390000,USGS,butte creek,temperature,mean,16.764285714285716
41,2022,butte creek,11390000,USGS,butte creek,temperature,min,14.1
42,2022,butte creek,11390000,USGS,butte creek,temperature,max,17.8
42,2022,butte creek,11390000,USGS,butte creek,temperature,mean,15.271428571428572
42,2022,butte creek,11390000,USGS,butte creek,temperature,min,13
43,2022,butte creek,11390000,USGS,butte creek,temperature,max,16.2
43,2022,butte creek,11390000,USGS,butte creek,temperature,mean,12.164285714285715
43,2022,butte creek,11390000,USGS,butte creek,temperature,min,9.4
44,2022,butte creek,11390000,USGS,butte creek,temperature,max,12.1
44,2022,butte creek,11390000,USGS,butte creek,temperature,mean,9.957142857142856
44,2022,butte creek,11390000,USGS,butte creek,temperature,min,7.7
45,2022,butte creek,11390000,USGS,butte creek,temperature,max,10.6
45,2022,butte creek,11390000,USGS,butte creek,temperature,mean,8.171428571428573
45,2022,butte creek,11390000,USGS,butte creek,temperature,min,5.4
46,2022,butte creek,11390000,USGS,butte creek,temperature,max,8
46,2022,butte creek,11390000,USGS,butte creek,temperature,mean,6.357142857142857
46,2022,butte creek,11390000,USGS,butte creek,temperature,min,4.8
47,2022,butte creek,11390000,USGS,butte creek,temperature,max,7.5
47,2022,butte creek,11390000,USGS,butte creek,temperature,mean,5.871428571428572
47,2022,butte creek,11390000,USGS,butte creek,temperature,min,4.3
48,2022,butte creek,11390000,USGS,butte creek,temperature,max,8
48,2022,butte creek,11390000,USGS,butte creek,temperature,mean,6.085714285714286
48,2022,butte creek,11390000,USGS,butte creek,temperature,min,4.3
49,2022,butte creek,11390000,USGS,butte creek,temperature,max,7.6
49,2022,butte creek,11390000,USGS,butte creek,temperature,mean,6.164285714285714
49,2022,butte creek,11390000,USGS,butte creek,temperature,min,4.8
50,2022,butte creek,11390000,USGS,butte creek,temperature,max,8.2
50,2022,butte creek,11390000,USGS,butte creek,temperature,mean,5.8500000000000005
50,2022,butte creek,11390000,USGS,butte creek,temperature,min,3.6
51,2022,butte creek,11390000,USGS,butte creek,temperature,max,7.6
51,2022,butte creek,11390000,USGS,butte creek,temperature,mean,5.107142857142857
51,2022,butte creek,11390000,USGS,butte creek,temperature,min,3.2
52,2022,butte creek,11390000,USGS,butte creek,temperature,max,9.7
52,2022,butte creek,11390000,USGS,butte creek,temperature,mean,7.442857142857143
52,2022,butte creek,11390000,USGS,butte creek,temperature,min,5.7
53,2022,butte creek,11390000,USGS,butte creek,temperature,max,9.3
53,2022,butte creek,11390000,USGS,butte creek,temperature,mean,8.7
53,2022,butte creek,11390000,USGS,butte creek,temperature,min,8.1
1,2023,butte creek,11390000,USGS,butte creek,temperature,max,8.8
1,2023,butte creek,11390000,USGS,butte creek,temperature,mean,7.5
1,2023,butte creek,11390000,USGS,butte creek,temperature,min,5.9
2,2023,butte creek,11390000,USGS,butte creek,temperature,max,10
2,2023,butte creek,11390000,USGS,butte creek,temperature,mean,9.014285714285714
2,2023,butte creek,11390000,USGS,butte creek,temperature,min,8.2
3,2023,butte creek,11390000,USGS,butte creek,temperature,max,8.8
3,2023,butte creek,11390000,USGS,butte creek,temperature,mean,7.3428571428571425
3,2023,butte creek,11390000,USGS,butte creek,temperature,min,5.4
4,2023,butte creek,11390000,USGS,butte creek,temperature,max,7.9
4,2023,butte creek,11390000,USGS,butte creek,temperature,mean,6.542857142857143
4,2023,butte creek,11390000,USGS,butte creek,temperature,min,5.1
5,2023,butte creek,11390000,USGS,butte creek,temperature,max,7.6
5,2023,butte creek,11390000,USGS,butte creek,temperature,mean,5.628571428571428
5,2023,butte creek,11390000,USGS,butte creek,temperature,min,3.5
6,2023,butte creek,11390000,USGS,butte creek,temperature,max,8.5
6,2023,butte creek,11390000,USGS,butte creek,temperature,mean,6.928571428571429
6,2023,butte creek,11390000,USGS,butte creek,temperature,min,5.3
7,2023,butte creek,11390000,USGS,butte creek,temperature,max,8.5
7,2023,butte creek,11390000,USGS,butte creek,temperature,mean,5.735714285714287
7,2023,butte creek,11390000,USGS,butte creek,temperature,min,3.5
8,2023,butte creek,11390000,USGS,butte creek,temperature,max,8.8
8,2023,butte creek,11390000,USGS,butte creek,temperature,mean,5.714285714285714
8,2023,butte creek,11390000,USGS,butte creek,temperature,min,3.2
9,2023,butte creek,11390000,USGS,butte creek,temperature,max,7.9
9,2023,butte creek,11390000,USGS,butte creek,temperature,mean,5.864285714285715
9,2023,butte creek,11390000,USGS,butte creek,temperature,min,4.1
10,2023,butte creek,11390000,USGS,butte creek,temperature,max,8.2
10,2023,butte creek,11390000,USGS,butte creek,temperature,mean,6.871428571428573
10,2023,butte creek,11390000,USGS,butte creek,temperature,min,5.3
11,2023,butte creek,11390000,USGS,butte creek,temperature,max,9.1
11,2023,butte creek,11390000,USGS,butte creek,temperature,mean,7.985714285714285
11,2023,butte creek,11390000,USGS,butte creek,temperature,min,7
12,2023,butte creek,11390000,USGS,butte creek,temperature,max,9.8
12,2023,butte creek,11390000,USGS,butte creek,temperature,mean,8.471428571428572
12,2023,butte creek,11390000,USGS,butte creek,temperature,min,7
13,2023,butte creek,11390000,USGS,butte creek,temperature,max,9.7
13,2023,butte creek,11390000,USGS,butte creek,temperature,mean,7.885714285714286
13,2023,butte creek,11390000,USGS,butte creek,temperature,min,6.3
14,2023,butte creek,11390000,USGS,butte creek,temperature,max,10.4
14,2023,butte creek,11390000,USGS,butte creek,temperature,mean,8.514285714285714
14,2023,butte creek,11390000,USGS,butte creek,temperature,min,6.2
15,2023,butte creek,11390000,USGS,butte creek,temperature,max,12.2
15,2023,butte creek,11390000,USGS,butte creek,temperature,mean,9.6
15,2023,butte creek,11390000,USGS,butte creek,temperature,min,7.4
16,2023,butte creek,11390000,USGS,butte creek,temperature,max,11.9
16,2023,butte creek,11390000,USGS,butte creek,temperature,mean,9.214285714285714
16,2023,butte creek,11390000,USGS,butte creek,temperature,min,7
17,2023,butte creek,11390000,USGS,butte creek,temperature,max,11.6
17,2023,butte creek,11390000,USGS,butte creek,temperature,mean,10.142857142857142
17,2023,butte creek,11390000,USGS,butte creek,temperature,min,8.6
18,2023,butte creek,11390000,USGS,butte creek,temperature,max,11
18,2023,butte creek,11390000,USGS,butte creek,temperature,mean,8.9
18,2023,butte creek,11390000,USGS,butte creek,temperature,min,7.8
19,2023,butte creek,11390000,USGS,butte creek,temperature,max,13
19,2023,butte creek,11390000,USGS,butte creek,temperature,mean,10.335714285714285
19,2023,butte creek,11390000,USGS,butte creek,temperature,min,7.9
20,2023,butte creek,11390000,USGS,butte creek,temperature,max,13.2
20,2023,butte creek,11390000,USGS,butte creek,temperature,mean,11.907142857142858
20,2023,butte creek,11390000,USGS,butte creek,temperature,min,10.4
21,2023,butte creek,11390000,USGS,butte creek,temperature,max,15.3
21,2023,butte creek,11390000,USGS,butte creek,temperature,mean,13.107142857142858
21,2023,butte creek,11390000,USGS,butte creek,temperature,min,11.8
22,2023,butte creek,11390000,USGS,butte creek,temperature,max,17.4
22,2023,butte creek,11390000,USGS,butte creek,temperature,mean,14.62857142857143
22,2023,butte creek,11390000,USGS,butte creek,temperature,min,12.5
23,2023,butte creek,11390000,USGS,butte creek,temperature,max,18.4
23,2023,butte creek,11390000,USGS,butte creek,temperature,mean,16.085714285714285
23,2023,butte creek,11390000,USGS,butte creek,temperature,min,13.7
24,2023,butte creek,11390000,USGS,butte creek,temperature,max,20
24,2023,butte creek,11390000,USGS,butte creek,temperature,mean,17.057142857142857
24,2023,butte creek,11390000,USGS,butte creek,temperature,min,14.8
25,2023,butte creek,11390000,USGS,butte creek,temperature,max,20.3
25,2023,butte creek,11390000,USGS,butte creek,temperature,mean,16.021428571428572
25,2023,butte creek,11390000,USGS,butte creek,temperature,min,12.6
26,2023,butte creek,11390000,USGS,butte creek,temperature,max,22.5
26,2023,butte creek,11390000,USGS,butte creek,temperature,mean,17.90714285714286
26,2023,butte creek,11390000,USGS,butte creek,temperature,min,14.2
27,2023,butte creek,11390000,USGS,butte creek,temperature,max,22.8
27,2023,butte creek,11390000,USGS,butte creek,temperature,mean,20.00714285714286
27,2023,butte creek,11390000,USGS,butte creek,temperature,min,17.2
28,2023,butte creek,11390000,USGS,butte creek,temperature,max,23.2
28,2023,butte creek,11390000,USGS,butte creek,temperature,mean,19.50714285714286
28,2023,butte creek,11390000,USGS,butte creek,temperature,min,16.6
29,2023,butte creek,11390000,USGS,butte creek,temperature,max,24.3
29,2023,butte creek,11390000,USGS,butte creek,temperature,mean,21.042857142857144
29,2023,butte creek,11390000,USGS,butte creek,temperature,min,17.9
30,2023,butte creek,11390000,USGS,butte creek,temperature,max,22.9
30,2023,butte creek,11390000,USGS,butte creek,temperature,mean,19.821428571428573
30,2023,butte creek,11390000,USGS,butte creek,temperature,min,16.8
31,2023,butte creek,11390000,USGS,butte creek,temperature,max,22.3
31,2023,butte creek,11390000,USGS,butte creek,temperature,mean,19.042857142857144
31,2023,butte creek,11390000,USGS,butte creek,temperature,min,16.4
32,2023,butte creek,11390000,USGS,butte creek,temperature,max,22.6
32,2023,butte creek,11390000,USGS,butte creek,temperature,mean,19.728571428571428
32,2023,butte creek,11390000,USGS,butte creek,temperature,min,17
33,2023,butte creek,11390000,USGS,butte creek,temperature,max,23.7
33,2023,butte creek,11390000,USGS,butte creek,temperature,mean,21.028571428571432
33,2023,butte creek,11390000,USGS,butte creek,temperature,min,18.1
34,2023,butte creek,11390000,USGS,butte creek,temperature,max,21.7
34,2023,butte creek,11390000,USGS,butte creek,temperature,mean,19.528571428571432
34,2023,butte creek,11390000,USGS,butte creek,temperature,min,17.1
35,2023,butte creek,11390000,USGS,butte creek,temperature,max,21
35,2023,butte creek,11390000,USGS,butte creek,temperature,mean,18.107142857142854
35,2023,butte creek,11390000,USGS,butte creek,temperature,min,15.9
36,2023,butte creek,11390000,USGS,butte creek,temperature,max,20.2
36,2023,butte creek,11390000,USGS,butte creek,temperature,mean,17.935714285714287
36,2023,butte creek,11390000,USGS,butte creek,temperature,min,15.4
37,2023,butte creek,11390000,USGS,butte creek,temperature,max,20.1
37,2023,butte creek,11390000,USGS,butte creek,temperature,mean,18.007142857142856
37,2023,butte creek,11390000,USGS,butte creek,temperature,min,15.8
38,2023,butte creek,11390000,USGS,butte creek,temperature,max,20.1
38,2023,butte creek,11390000,USGS,butte creek,temperature,mean,17.75
38,2023,butte creek,11390000,USGS,butte creek,temperature,min,14.7
39,2023,butte creek,11390000,USGS,butte creek,temperature,max,18
39,2023,butte creek,11390000,USGS,butte creek,temperature,mean,15.671428571428569
39,2023,butte creek,11390000,USGS,butte creek,temperature,min,13.9
40,2023,butte creek,11390000,USGS,butte creek,temperature,max,18.1
40,2023,butte creek,11390000,USGS,butte creek,temperature,mean,15.192857142857145
40,2023,butte creek,11390000,USGS,butte creek,temperature,min,12.7
41,2023,butte creek,11390000,USGS,butte creek,temperature,max,17.9
41,2023,butte creek,11390000,USGS,butte creek,temperature,mean,14.578571428571431
41,2023,butte creek,11390000,USGS,butte creek,temperature,min,12.1
42,2023,butte creek,11390000,USGS,butte creek,temperature,max,15.8
42,2023,butte creek,11390000,USGS,butte creek,temperature,mean,14.164285714285715
42,2023,butte creek,11390000,USGS,butte creek,temperature,min,12.5
43,2023,butte creek,11390000,USGS,butte creek,temperature,max,15.4
43,2023,butte creek,11390000,USGS,butte creek,temperature,mean,12.664285714285715
43,2023,butte creek,11390000,USGS,butte creek,temperature,min,9
44,2023,butte creek,11390000,USGS,butte creek,temperature,max,12.4
44,2023,butte creek,11390000,USGS,butte creek,temperature,mean,9.62857142857143
44,2023,butte creek,11390000,USGS,butte creek,temperature,min,7.4
45,2023,butte creek,11390000,USGS,butte creek,temperature,max,14
45,2023,butte creek,11390000,USGS,butte creek,temperature,mean,10.642857142857142
45,2023,butte creek,11390000,USGS,butte creek,temperature,min,8
46,2023,butte creek,11390000,USGS,butte creek,temperature,max,11.2
46,2023,butte creek,11390000,USGS,butte creek,temperature,mean,9.771428571428572
46,2023,butte creek,11390000,USGS,butte creek,temperature,min,8.2
47,2023,butte creek,11390000,USGS,butte creek,temperature,max,10.4
47,2023,butte creek,11390000,USGS,butte creek,temperature,mean,7.864285714285716
47,2023,butte creek,11390000,USGS,butte creek,temperature,min,5.9
48,2023,butte creek,11390000,USGS,butte creek,temperature,max,7.8
48,2023,butte creek,11390000,USGS,butte creek,temperature,mean,5.935714285714285
48,2023,butte creek,11390000,USGS,butte creek,temperature,min,4.2
49,2023,butte creek,11390000,USGS,butte creek,temperature,max,9.1
49,2023,butte creek,11390000,USGS,butte creek,temperature,mean,7.82142857142857
49,2023,butte creek,11390000,USGS,butte creek,temperature,min,5.4
50,2023,butte creek,11390000,USGS,butte creek,temperature,max,6.7
50,2023,butte creek,11390000,USGS,butte creek,temperature,mean,5.692857142857144
50,2023,butte creek,11390000,USGS,butte creek,temperature,min,4.7
51,2023,butte creek,11390000,USGS,butte creek,temperature,max,10.1
51,2023,butte creek,11390000,USGS,butte creek,temperature,mean,8.1
51,2023,butte creek,11390000,USGS,butte creek,temperature,min,5.2
52,2023,butte creek,11390000,USGS,butte creek,temperature,max,10
52,2023,butte creek,11390000,USGS,butte creek,temperature,mean,7.950000000000001
52,2023,butte creek,11390000,USGS,butte creek,temperature,min,5.8
53,2023,butte creek,11390000,USGS,butte creek,temperature,max,9.5
53,2023,butte creek,11390000,USGS,butte creek,temperature,mean,9.05
53,2023,butte creek,11390000,USGS,butte creek,temperature,min,8.6
1,2024,butte creek,11390000,USGS,butte creek,temperature,max,8.6
1,2024,butte creek,11390000,USGS,butte creek,temperature,mean,6.707142857142857
1,2024,butte creek,11390000,USGS,butte creek,temperature,min,4.2
2,2024,butte creek,11390000,USGS,butte creek,temperature,max,8.3
2,2024,butte creek,11390000,USGS,butte creek,temperature,mean,5.292857142857144
2,2024,butte creek,11390000,USGS,butte creek,temperature,min,3.6
3,2024,butte creek,11390000,USGS,butte creek,temperature,max,9.9
3,2024,butte creek,11390000,USGS,butte creek,temperature,mean,8.135714285714284
3,2024,butte creek,11390000,USGS,butte creek,temperature,min,6.4
4,2024,butte creek,11390000,USGS,butte creek,temperature,max,11.6
4,2024,butte creek,11390000,USGS,butte creek,temperature,mean,9.814285714285715
4,2024,butte creek,11390000,USGS,butte creek,temperature,min,9.2
5,2024,butte creek,11390000,USGS,butte creek,temperature,max,11.2
5,2024,butte creek,11390000,USGS,butte creek,temperature,mean,9.407142857142857
5,2024,butte creek,11390000,USGS,butte creek,temperature,min,7.8
6,2024,butte creek,11390000,USGS,butte creek,temperature,max,9.4
6,2024,butte creek,11390000,USGS,butte creek,temperature,mean,7.857142857142856
6,2024,butte creek,11390000,USGS,butte creek,temperature,min,6.2
7,2024,butte creek,11390000,USGS,butte creek,temperature,max,10
7,2024,butte creek,11390000,USGS,butte creek,temperature,mean,8.464285714285715
7,2024,butte creek,11390000,USGS,butte creek,temperature,min,6.4
8,2024,butte creek,11390000,USGS,butte creek,temperature,max,10.2
8,2024,butte creek,11390000,USGS,butte creek,temperature,mean,9.214285714285714
8,2024,butte creek,11390000,USGS,butte creek,temperature,min,8.1
9,2024,butte creek,11390000,USGS,butte creek,temperature,max,10.3
9,2024,butte creek,11390000,USGS,butte creek,temperature,mean,8.185714285714285
9,2024,butte creek,11390000,USGS,butte creek,temperature,min,6.1
10,2024,butte creek,11390000,USGS,butte creek,temperature,max,9.7
10,2024,butte creek,11390000,USGS,butte creek,temperature,mean,8.271428571428572
10,2024,butte creek,11390000,USGS,butte creek,temperature,min,6.4
11,2024,butte creek,11390000,USGS,butte creek,temperature,max,11.2
11,2024,butte creek,11390000,USGS,butte creek,temperature,mean,8.942857142857145
11,2024,butte creek,11390000,USGS,butte creek,temperature,min,7.3
12,2024,butte creek,11390000,USGS,butte creek,temperature,max,12
12,2024,butte creek,11390000,USGS,butte creek,temperature,mean,9.978571428571428
12,2024,butte creek,11390000,USGS,butte creek,temperature,min,8.2
13,2024,butte creek,11390000,USGS,butte creek,temperature,max,11.2
13,2024,butte creek,11390000,USGS,butte creek,temperature,mean,9.25
13,2024,butte creek,11390000,USGS,butte creek,temperature,min,7.9
14,2024,butte creek,11390000,USGS,butte creek,temperature,max,12.4
14,2024,butte creek,11390000,USGS,butte creek,temperature,mean,9.442857142857141
14,2024,butte creek,11390000,USGS,butte creek,temperature,min,7.1
15,2024,butte creek,11390000,USGS,butte creek,temperature,max,14
15,2024,butte creek,11390000,USGS,butte creek,temperature,mean,10.342857142857142
15,2024,butte creek,11390000,USGS,butte creek,temperature,min,7.2
16,2024,butte creek,11390000,USGS,butte creek,temperature,max,13.6
16,2024,butte creek,11390000,USGS,butte creek,temperature,mean,11.464285714285714
16,2024,butte creek,11390000,USGS,butte creek,temperature,min,7.8
17,2024,butte creek,11390000,USGS,butte creek,temperature,max,13.3
17,2024,butte creek,11390000,USGS,butte creek,temperature,mean,11.407142857142858
17,2024,butte creek,11390000,USGS,butte creek,temperature,min,8.9
18,2024,butte creek,11390000,USGS,butte creek,temperature,max,14.2
18,2024,butte creek,11390000,USGS,butte creek,temperature,mean,10.907142857142857
18,2024,butte creek,11390000,USGS,butte creek,temperature,min,7.4
19,2024,butte creek,11390000,USGS,butte creek,temperature,max,16.3
19,2024,butte creek,11390000,USGS,butte creek,temperature,mean,12.321428571428571
19,2024,butte creek,11390000,USGS,butte creek,temperature,min,8.5
20,2024,butte creek,11390000,USGS,butte creek,temperature,max,17.8
20,2024,butte creek,11390000,USGS,butte creek,temperature,mean,15.292857142857144
20,2024,butte creek,11390000,USGS,butte creek,temperature,min,12.8
21,2024,butte creek,11390000,USGS,butte creek,temperature,max,16.8
21,2024,butte creek,11390000,USGS,butte creek,temperature,mean,14.421428571428573
21,2024,butte creek,11390000,USGS,butte creek,temperature,min,11.9
22,2024,butte creek,11390000,USGS,butte creek,temperature,max,19.5
22,2024,butte creek,11390000,USGS,butte creek,temperature,mean,16.57857142857143
22,2024,butte creek,11390000,USGS,butte creek,temperature,min,13.3
23,2024,butte creek,11390000,USGS,butte creek,temperature,max,22.2
23,2024,butte creek,11390000,USGS,butte creek,temperature,mean,18.964285714285715
23,2024,butte creek,11390000,USGS,butte creek,temperature,min,15.6
24,2024,butte creek,11390000,USGS,butte creek,temperature,max,23
24,2024,butte creek,11390000,USGS,butte creek,temperature,mean,19.807142857142853
24,2024,butte creek,11390000,USGS,butte creek,temperature,min,15.8
25,2024,butte creek,11390000,USGS,butte creek,temperature,max,22.1
25,2024,butte creek,11390000,USGS,butte creek,temperature,mean,17.62857142857143
25,2024,butte creek,11390000,USGS,butte creek,temperature,min,14.1
26,2024,butte creek,11390000,USGS,butte creek,temperature,max,22.2
26,2024,butte creek,11390000,USGS,butte creek,temperature,mean,18.92142857142857
26,2024,butte creek,11390000,USGS,butte creek,temperature,min,16
27,2024,butte creek,11390000,USGS,butte creek,temperature,max,24.9
27,2024,butte creek,11390000,USGS,butte creek,temperature,mean,20.900000000000002
27,2024,butte creek,11390000,USGS,butte creek,temperature,min,17.1
28,2024,butte creek,11390000,USGS,butte creek,temperature,max,25.2
28,2024,butte creek,11390000,USGS,butte creek,temperature,mean,22.078571428571426
28,2024,butte creek,11390000,USGS,butte creek,temperature,min,19.6
29,2024,butte creek,11390000,USGS,butte creek,temperature,max,24
29,2024,butte creek,11390000,USGS,butte creek,temperature,mean,21.24285714285714
29,2024,butte creek,11390000,USGS,butte creek,temperature,min,18.5
30,2024,butte creek,11390000,USGS,butte creek,temperature,max,24.8
30,2024,butte creek,11390000,USGS,butte creek,temperature,mean,21.60714285714286
30,2024,butte creek,11390000,USGS,butte creek,temperature,min,17.8
31,2024,butte creek,11390000,USGS,butte creek,temperature,max,22.7
31,2024,butte creek,11390000,USGS,butte creek,temperature,mean,19.800000000000004
31,2024,butte creek,11390000,USGS,butte creek,temperature,min,17.5
32,2024,butte creek,11390000,USGS,butte creek,temperature,max,22.7
32,2024,butte creek,11390000,USGS,butte creek,temperature,mean,20.05
32,2024,butte creek,11390000,USGS,butte creek,temperature,min,17.6
33,2024,butte creek,11390000,USGS,butte creek,temperature,max,21.9
33,2024,butte creek,11390000,USGS,butte creek,temperature,mean,19.557142857142857
33,2024,butte creek,11390000,USGS,butte creek,temperature,min,17.3
34,2024,butte creek,11390000,USGS,butte creek,temperature,max,21.1
34,2024,butte creek,11390000,USGS,butte creek,temperature,mean,18.1
34,2024,butte creek,11390000,USGS,butte creek,temperature,min,14.4
35,2024,butte creek,11390000,USGS,butte creek,temperature,max,21.1
35,2024,butte creek,11390000,USGS,butte creek,temperature,mean,18.364285714285717
35,2024,butte creek,11390000,USGS,butte creek,temperature,min,14.7
36,2024,butte creek,11390000,USGS,butte creek,temperature,max,21.1
36,2024,butte creek,11390000,USGS,butte creek,temperature,mean,18.728571428571428
36,2024,butte creek,11390000,USGS,butte creek,temperature,min,15.8
37,2024,butte creek,11390000,USGS,butte creek,temperature,max,20.7
37,2024,butte creek,11390000,USGS,butte creek,temperature,mean,17.914285714285715
37,2024,butte creek,11390000,USGS,butte creek,temperature,min,15.4
38,2024,butte creek,11390000,USGS,butte creek,temperature,max,18.7
38,2024,butte creek,11390000,USGS,butte creek,temperature,mean,16.614285714285714
38,2024,butte creek,11390000,USGS,butte creek,temperature,min,14.8
39,2024,butte creek,11390000,USGS,butte creek,temperature,max,18.9
39,2024,butte creek,11390000,USGS,butte creek,temperature,mean,16.72142857142857
39,2024,butte creek,11390000,USGS,butte creek,temperature,min,14.5
40,2024,butte creek,11390000,USGS,butte creek,temperature,max,18.5
40,2024,butte creek,11390000,USGS,butte creek,temperature,mean,16.47857142857143
40,2024,butte creek,11390000,USGS,butte creek,temperature,min,14.6
41,2024,butte creek,11390000,USGS,butte creek,temperature,max,18.2
41,2024,butte creek,11390000,USGS,butte creek,temperature,mean,15.842857142857143
41,2024,butte creek,11390000,USGS,butte creek,temperature,min,13.9
42,2024,butte creek,11390000,USGS,butte creek,temperature,max,17.1
42,2024,butte creek,11390000,USGS,butte creek,temperature,mean,14.200000000000001
42,2024,butte creek,11390000,USGS,butte creek,temperature,min,11.1
43,2024,butte creek,11390000,USGS,butte creek,temperature,max,13.6
43,2024,butte creek,11390000,USGS,butte creek,temperature,mean,11.885714285714286
43,2024,butte creek,11390000,USGS,butte creek,temperature,min,10.1
44,2024,butte creek,11390000,USGS,butte creek,temperature,max,12.9
44,2024,butte creek,11390000,USGS,butte creek,temperature,mean,10.514285714285714
44,2024,butte creek,11390000,USGS,butte creek,temperature,min,8.7
45,2024,butte creek,11390000,USGS,butte creek,temperature,max,10.8
45,2024,butte creek,11390000,USGS,butte creek,temperature,mean,8.992857142857142
45,2024,butte creek,11390000,USGS,butte creek,temperature,min,7.3
46,2024,butte creek,11390000,USGS,butte creek,temperature,max,10.1
46,2024,butte creek,11390000,USGS,butte creek,temperature,mean,8.450000000000001
46,2024,butte creek,11390000,USGS,butte creek,temperature,min,6.6
47,2024,butte creek,11390000,USGS,butte creek,temperature,max,11
47,2024,butte creek,11390000,USGS,butte creek,temperature,mean,8.47142857142857
47,2024,butte creek,11390000,USGS,butte creek,temperature,min,5.9
48,2024,butte creek,11390000,USGS,butte creek,temperature,max,10.1
48,2024,butte creek,11390000,USGS,butte creek,temperature,mean,7.5214285714285705
48,2024,butte creek,11390000,USGS,butte creek,temperature,min,5.5
49,2024,butte creek,11390000,USGS,butte creek,temperature,max,8.3
49,2024,butte creek,11390000,USGS,butte creek,temperature,mean,7.25
49,2024,butte creek,11390000,USGS,butte creek,temperature,min,5.8
50,2024,butte creek,11390000,USGS,butte creek,temperature,max,9.1
50,2024,butte creek,11390000,USGS,butte creek,temperature,mean,6.771428571428572
50,2024,butte creek,11390000,USGS,butte creek,temperature,min,4.2
51,2024,butte creek,11390000,USGS,butte creek,temperature,max,9.9
51,2024,butte creek,11390000,USGS,butte creek,temperature,mean,8.52142857142857
51,2024,butte creek,11390000,USGS,butte creek,temperature,min,7.5
52,2024,butte creek,11390000,USGS,butte creek,temperature,max,10.9
52,2024,butte creek,11390000,USGS,butte creek,temperature,mean,9.714285714285714
52,2024,butte creek,11390000,USGS,butte creek,temperature,min,7.9
53,2024,butte creek,11390000,USGS,butte creek,temperature,max,9.6
53,2024,butte creek,11390000,USGS,butte creek,temperature,mean,8.475
53,2024,butte creek,11390000,USGS,butte creek,temperature,min,7.6
1,2025,butte creek,11390000,USGS,butte creek,temperature,max,10.2
1,2025,butte creek,11390000,USGS,butte creek,temperature,mean,8.928571428571429
1,2025,butte creek,11390000,USGS,butte creek,temperature,min,7.8
2,2025,butte creek,11390000,USGS,butte creek,temperature,max,8.7
2,2025,butte creek,11390000,USGS,butte creek,temperature,mean,7.2
2,2025,butte creek,11390000,USGS,butte creek,temperature,min,5.6
3,2025,butte creek,11390000,USGS,butte creek,temperature,max,8.1
3,2025,butte creek,11390000,USGS,butte creek,temperature,mean,6.264285714285713
3,2025,butte creek,11390000,USGS,butte creek,temperature,min,4.3
4,2025,butte creek,11390000,USGS,butte creek,temperature,max,7.3
4,2025,butte creek,11390000,USGS,butte creek,temperature,mean,5.764285714285713
4,2025,butte creek,11390000,USGS,butte creek,temperature,min,4.1
5,2025,butte creek,11390000,USGS,butte creek,temperature,max,10.1
5,2025,butte creek,11390000,USGS,butte creek,temperature,mean,7.435714285714285
5,2025,butte creek,11390000,USGS,butte creek,temperature,min,4.2
6,2025,butte creek,11390000,USGS,butte creek,temperature,max,9.4
6,2025,butte creek,11390000,USGS,butte creek,temperature,mean,7.9571428571428555
6,2025,butte creek,11390000,USGS,butte creek,temperature,min,6.5
7,2025,butte creek,11390000,USGS,butte creek,temperature,max,9.5
7,2025,butte creek,11390000,USGS,butte creek,temperature,mean,8.2
7,2025,butte creek,11390000,USGS,butte creek,temperature,min,6
8,2025,butte creek,11390000,USGS,butte creek,temperature,max,11.1
8,2025,butte creek,11390000,USGS,butte creek,temperature,mean,9.242857142857142
8,2025,butte creek,11390000,USGS,butte creek,temperature,min,7.5
9,2025,butte creek,11390000,USGS,butte creek,temperature,max,11.3
9,2025,butte creek,11390000,USGS,butte creek,temperature,mean,9.314285714285715
9,2025,butte creek,11390000,USGS,butte creek,temperature,min,7.5
10,2025,butte creek,11390000,USGS,butte creek,temperature,max,10.3
10,2025,butte creek,11390000,USGS,butte creek,temperature,mean,8.414285714285715
10,2025,butte creek,11390000,USGS,butte creek,temperature,min,6.5
11,2025,butte creek,11390000,USGS,butte creek,temperature,max,9.2
11,2025,butte creek,11390000,USGS,butte creek,temperature,mean,8.014285714285714
11,2025,butte creek,11390000,USGS,butte creek,temperature,min,6.7
12,2025,butte creek,11390000,USGS,butte creek,temperature,max,13
12,2025,butte creek,11390000,USGS,butte creek,temperature,mean,9.764285714285716
12,2025,butte creek,11390000,USGS,butte creek,temperature,min,7.3
13,2025,butte creek,11390000,USGS,butte creek,temperature,max,12.6
13,2025,butte creek,11390000,USGS,butte creek,temperature,mean,9.471428571428572
13,2025,butte creek,11390000,USGS,butte creek,temperature,min,7.3
14,2025,butte creek,11390000,USGS,butte creek,temperature,max,12.3
14,2025,butte creek,11390000,USGS,butte creek,temperature,mean,9.714285714285714
14,2025,butte creek,11390000,USGS,butte creek,temperature,min,6.6
15,2025,butte creek,11390000,USGS,butte creek,temperature,max,13.6
15,2025,butte creek,11390000,USGS,butte creek,temperature,mean,11.792857142857144
15,2025,butte creek,11390000,USGS,butte creek,temperature,min,9.8
16,2025,butte creek,11390000,USGS,butte creek,temperature,max,14.6
16,2025,butte creek,11390000,USGS,butte creek,temperature,mean,12.335714285714285
16,2025,butte creek,11390000,USGS,butte creek,temperature,min,9.4
17,2025,butte creek,11390000,USGS,butte creek,temperature,max,14.4
17,2025,butte creek,11390000,USGS,butte creek,temperature,mean,11.142857142857144
17,2025,butte creek,11390000,USGS,butte creek,temperature,min,8.8
18,2025,butte creek,11390000,USGS,butte creek,temperature,max,16.2
18,2025,butte creek,11390000,USGS,butte creek,temperature,mean,13.771428571428572
18,2025,butte creek,11390000,USGS,butte creek,temperature,min,11.2
19,2025,butte creek,11390000,USGS,butte creek,temperature,max,17.4
19,2025,butte creek,11390000,USGS,butte creek,temperature,mean,14.035714285714286
19,2025,butte creek,11390000,USGS,butte creek,temperature,min,10.4
20,2025,butte creek,11390000,USGS,butte creek,temperature,max,17
20,2025,butte creek,11390000,USGS,butte creek,temperature,mean,14.078571428571426
20,2025,butte creek,11390000,USGS,butte creek,temperature,min,10.7
21,2025,butte creek,11390000,USGS,butte creek,temperature,max,18.8
21,2025,butte creek,11390000,USGS,butte creek,temperature,mean,15.821428571428571
21,2025,butte creek,11390000,USGS,butte creek,temperature,min,12.7
22,2025,butte creek,11390000,USGS,butte creek,temperature,max,21.3
22,2025,butte creek,11390000,USGS,butte creek,temperature,mean,18.442857142857143
22,2025,butte creek,11390000,USGS,butte creek,temperature,min,15.1
23,2025,butte creek,11390000,USGS,butte creek,temperature,max,23
23,2025,butte creek,11390000,USGS,butte creek,temperature,mean,19.535714285714285
23,2025,butte creek,11390000,USGS,butte creek,temperature,min,16.4
24,2025,butte creek,11390000,USGS,butte creek,temperature,max,22.4
24,2025,butte creek,11390000,USGS,butte creek,temperature,mean,18.735714285714288
24,2025,butte creek,11390000,USGS,butte creek,temperature,min,15.4
25,2025,butte creek,11390000,USGS,butte creek,temperature,max,21.6
25,2025,butte creek,11390000,USGS,butte creek,temperature,mean,17.97857142857143
25,2025,butte creek,11390000,USGS,butte creek,temperature,min,14.4
26,2025,butte creek,11390000,USGS,butte creek,temperature,max,23.8
26,2025,butte creek,11390000,USGS,butte creek,temperature,mean,19.807142857142857
26,2025,butte creek,11390000,USGS,butte creek,temperature,min,15.7
27,2025,butte creek,11390000,USGS,butte creek,temperature,max,24.1
27,2025,butte creek,11390000,USGS,butte creek,temperature,mean,20.45
27,2025,butte creek,11390000,USGS,butte creek,temperature,min,17
28,2025,butte creek,11390000,USGS,butte creek,temperature,max,24.6
28,2025,butte creek,11390000,USGS,butte creek,temperature,mean,21.314285714285713
28,2025,butte creek,11390000,USGS,butte creek,temperature,min,17.5
29,2025,butte creek,11390000,USGS,butte creek,temperature,max,23.6
29,2025,butte creek,11390000,USGS,butte creek,temperature,mean,20.70714285714286
29,2025,butte creek,11390000,USGS,butte creek,temperature,min,17.3
30,2025,butte creek,11390000,USGS,butte creek,temperature,max,23
30,2025,butte creek,11390000,USGS,butte creek,temperature,mean,20.107142857142854
30,2025,butte creek,11390000,USGS,butte creek,temperature,min,17.4
31,2025,butte creek,11390000,USGS,butte creek,temperature,max,22.9
31,2025,butte creek,11390000,USGS,butte creek,temperature,mean,20.321428571428573
31,2025,butte creek,11390000,USGS,butte creek,temperature,min,17.6
32,2025,butte creek,11390000,USGS,butte creek,temperature,max,23.7
32,2025,butte creek,11390000,USGS,butte creek,temperature,mean,20.47142857142857
32,2025,butte creek,11390000,USGS,butte creek,temperature,min,17.5
33,2025,butte creek,11390000,USGS,butte creek,temperature,max,23.4
33,2025,butte creek,11390000,USGS,butte creek,temperature,mean,20.664285714285715
33,2025,butte creek,11390000,USGS,butte creek,temperature,min,17.2
34,2025,butte creek,11390000,USGS,butte creek,temperature,max,23.2
34,2025,butte creek,11390000,USGS,butte creek,temperature,mean,20.271428571428572
34,2025,butte creek,11390000,USGS,butte creek,temperature,min,17.2
35,2025,butte creek,11390000,USGS,butte creek,temperature,max,23
35,2025,butte creek,11390000,USGS,butte creek,temperature,mean,20.03571428571429
35,2025,butte creek,11390000,USGS,butte creek,temperature,min,17.5
36,2025,butte creek,11390000,USGS,butte creek,temperature,max,22.2
36,2025,butte creek,11390000,USGS,butte creek,temperature,mean,19.50714285714286
36,2025,butte creek,11390000,USGS,butte creek,temperature,min,16.8
37,2025,butte creek,11390000,USGS,butte creek,temperature,max,20.4
37,2025,butte creek,11390000,USGS,butte creek,temperature,mean,18.41428571428571
37,2025,butte creek,11390000,USGS,butte creek,temperature,min,16.4
38,2025,butte creek,11390000,USGS,butte creek,temperature,max,20.3
38,2025,butte creek,11390000,USGS,butte creek,temperature,mean,18.214285714285715
38,2025,butte creek,11390000,USGS,butte creek,temperature,min,16.4
39,2025,butte creek,11390000,USGS,butte creek,temperature,max,19.4
39,2025,butte creek,11390000,USGS,butte creek,temperature,mean,17.32857142857143
39,2025,butte creek,11390000,USGS,butte creek,temperature,min,15.8
40,2025,butte creek,11390000,USGS,butte creek,temperature,max,16.9
40,2025,butte creek,11390000,USGS,butte creek,temperature,mean,15.264285714285716
40,2025,butte creek,11390000,USGS,butte creek,temperature,min,13.5
41,2025,butte creek,11390000,USGS,butte creek,temperature,max,16.5
41,2025,butte creek,11390000,USGS,butte creek,temperature,mean,13.97142857142857
41,2025,butte creek,11390000,USGS,butte creek,temperature,min,11.8
42,2025,butte creek,11390000,USGS,butte creek,temperature,max,14
42,2025,butte creek,11390000,USGS,butte creek,temperature,mean,12.407142857142857
42,2025,butte creek,11390000,USGS,butte creek,temperature,min,10.3
43,2025,butte creek,11390000,USGS,butte creek,temperature,max,13.6
43,2025,butte creek,11390000,USGS,butte creek,temperature,mean,12.371428571428572
43,2025,butte creek,11390000,USGS,butte creek,temperature,min,10.6
44,2025,butte creek,11390000,USGS,butte creek,temperature,max,13.3
44,2025,butte creek,11390000,USGS,butte creek,temperature,mean,12.1
44,2025,butte creek,11390000,USGS,butte creek,temperature,min,10.8
45,2025,butte creek,11390000,USGS,butte creek,temperature,max,14
45,2025,butte creek,11390000,USGS,butte creek,temperature,mean,12.414285714285713
45,2025,butte creek,11390000,USGS,butte creek,temperature,min,11.2
46,2025,butte creek,11390000,USGS,butte creek,temperature,max,12.7
46,2025,butte creek,11390000,USGS,butte creek,temperature,mean,11.528571428571427
46,2025,butte creek,11390000,USGS,butte creek,temperature,min,10
47,2025,butte creek,11390000,USGS,butte creek,temperature,max,11.2
47,2025,butte creek,11390000,USGS,butte creek,temperature,mean,9.37142857142857
47,2025,butte creek,11390000,USGS,butte creek,temperature,min,7.5
48,2025,butte creek,11390000,USGS,butte creek,temperature,max,8.3
48,2025,butte creek,11390000,USGS,butte creek,temperature,mean,7.528571428571428
48,2025,butte creek,11390000,USGS,butte creek,temperature,min,6.2
49,2025,butte creek,11390000,USGS,butte creek,temperature,max,7.9
49,2025,butte creek,11390000,USGS,butte creek,temperature,mean,7.071428571428571
49,2025,butte creek,11390000,USGS,butte creek,temperature,min,6
50,2025,butte creek,11390000,USGS,butte creek,temperature,max,8
50,2025,butte creek,11390000,USGS,butte creek,temperature,mean,7.264285714285714
50,2025,butte creek,11390000,USGS,butte creek,temperature,min,6.4
51,2025,butte creek,11390000,USGS,butte creek,temperature,max,11.6
51,2025,butte creek,11390000,USGS,butte creek,temperature,mean,10.5
51,2025,butte creek,11390000,USGS,butte creek,temperature,min,8
52,2025,butte creek,11390000,USGS,butte creek,temperature,max,11.4
52,2025,butte creek,11390000,USGS,butte creek,temperature,mean,9.314285714285715
52,2025,butte creek,11390000,USGS,butte creek,temperature,min,7.5
53,2025,butte creek,11390000,USGS,butte creek,temperature,max,9.1
53,2025,butte creek,11390000,USGS,butte creek,temperature,mean,8.649999999999999
53,2025,butte creek,11390000,USGS,butte creek,temperature,min,8.2
1,2026,butte creek,11390000,USGS,butte creek,temperature,max,10.8
1,2026,butte creek,11390000,USGS,butte creek,temperature,mean,10.135714285714286
1,2026,butte creek,11390000,USGS,butte creek,temperature,min,9.1
2,2026,butte creek,11390000,USGS,butte creek,temperature,max,10
2,2026,butte creek,11390000,USGS,butte creek,temperature,mean,8.17142857142857
2,2026,butte creek,11390000,USGS,butte creek,temperature,min,7.2
3,2026,butte creek,11390000,USGS,butte creek,temperature,max,9.6
3,2026,butte creek,11390000,USGS,butte creek,temperature,mean,8.407142857142857
3,2026,butte creek,11390000,USGS,butte creek,temperature,min,7.1
4,2026,butte creek,11390000,USGS,butte creek,temperature,max,9.6
4,2026,butte creek,11390000,USGS,butte creek,temperature,mean,7.42857142857143
4,2026,butte creek,11390000,USGS,butte creek,temperature,min,5.5
5,2026,butte creek,11390000,USGS,butte creek,temperature,max,9.2
5,2026,butte creek,11390000,USGS,butte creek,temperature,mean,7.907142857142857
5,2026,butte creek,11390000,USGS,butte creek,temperature,min,6.7
6,2026,butte creek,11390000,USGS,butte creek,temperature,max,10
6,2026,butte creek,11390000,USGS,butte creek,temperature,mean,8.45
6,2026,butte creek,11390000,USGS,butte creek,temperature,min,6.9
7,2026,butte creek,11390000,USGS,butte creek,temperature,max,10.4
7,2026,butte creek,11390000,USGS,butte creek,temperature,mean,8.321428571428571
7,2026,butte creek,11390000,USGS,butte creek,temperature,min,6
8,2026,butte creek,11390000,USGS,butte creek,temperature,max,9.7
8,2026,butte creek,11390000,USGS,butte creek,temperature,mean,7.75
8,2026,butte creek,11390000,USGS,butte creek,temperature,min,5.8
9,2026,butte creek,11390000,USGS,butte creek,temperature,max,11.2
9,2026,butte creek,11390000,USGS,butte creek,temperature,mean,10.085714285714285
9,2026,butte creek,11390000,USGS,butte creek,temperature,min,8.8
10,2026,butte creek,11390000,USGS,butte creek,temperature,max,11.8
10,2026,butte creek,11390000,USGS,butte creek,temperature,mean,9.735714285714286
10,2026,butte creek,11390000,USGS,butte creek,temperature,min,7.6
11,2026,butte creek,11390000,USGS,butte creek,temperature,max,14.4
11,2026,butte creek,11390000,USGS,butte creek,temperature,mean,11.142857142857142
11,2026,butte creek,11390000,USGS,butte creek,temperature,min,8.7
12,2026,butte creek,11390000,USGS,butte creek,temperature,max,15.1
12,2026,butte creek,11390000,USGS,butte creek,temperature,mean,13.114285714285712
12,2026,butte creek,11390000,USGS,butte creek,temperature,min,11.2
13,2026,butte creek,11390000,USGS,butte creek,temperature,max,14.5
13,2026,butte creek,11390000,USGS,butte creek,temperature,mean,12.557142857142859
13,2026,butte creek,11390000,USGS,butte creek,temperature,min,10.9
14,2026,butte creek,11390000,USGS,butte creek,temperature,max,15.1
14,2026,butte creek,11390000,USGS,butte creek,temperature,mean,11.964285714285714
14,2026,butte creek,11390000,USGS,butte creek,temperature,min,8.4
15,2026,butte creek,11390000,USGS,butte creek,temperature,max,15.9
15,2026,butte creek,11390000,USGS,butte creek,temperature,mean,11.52857142857143
15,2026,butte creek,11390000,USGS,butte creek,temperature,min,8.7
16,2026,butte creek,11390000,USGS,butte creek,temperature,max,14.1
16,2026,butte creek,11390000,USGS,butte creek,temperature,mean,11.207142857142859
16,2026,butte creek,11390000,USGS,butte creek,temperature,min,8.7
17,2026,butte creek,11390000,USGS,butte creek,temperature,max,14.6
17,2026,butte creek,11390000,USGS,butte creek,temperature,mean,11.685714285714285
17,2026,butte creek,11390000,USGS,butte creek,temperature,min,9.2
18,2026,butte creek,11390000,USGS,butte creek,temperature,max,16.1
18,2026,butte creek,11390000,USGS,butte creek,temperature,mean,13.278571428571427
18,2026,butte creek,11390000,USGS,butte creek,temperature,min,11.1
19,2026,butte creek,11390000,USGS,butte creek,temperature,max,19.2
19,2026,butte creek,11390000,USGS,butte creek,temperature,mean,16.45
19,2026,butte creek,11390000,USGS,butte creek,temperature,min,12.9
20,2026,butte creek,11390000,USGS,butte creek,temperature,max,18
20,2026,butte creek,11390000,USGS,butte creek,temperature,mean,15.12142857142857
20,2026,butte creek,11390000,USGS,butte creek,temperature,min,12
21,2026,butte creek,11390000,USGS,butte creek,temperature,max,19.3
21,2026,butte creek,11390000,USGS,butte creek,temperature,mean,16.192857142857147
21,2026,butte creek,11390000,USGS,butte creek,temperature,min,12.9
22,2026,butte creek,11390000,USGS,butte creek,temperature,max,20.2
22,2026,butte creek,11390000,USGS,butte creek,temperature,mean,15.264285714285716
22,2026,butte creek,11390000,USGS,butte creek,temperature,min,12.2
23,2026,butte creek,11390000,USGS,butte creek,temperature,max,20.7
23,2026,butte creek,11390000,USGS,butte creek,temperature,mean,17.521428571428572
23,2026,butte creek,11390000,USGS,butte creek,temperature,min,14.7
24,2026,butte creek,11390000,USGS,butte creek,temperature,max,23.7
24,2026,butte creek,11390000,USGS,butte creek,temperature,mean,19.98
24,2026,butte creek,11390000,USGS,butte creek,temperature,min,15.2
25,2026,butte creek,11390000,USGS,butte creek,temperature,max,23.9
25,2026,butte creek,11390000,USGS,butte creek,temperature,mean,20.57857142857143
25,2026,butte creek,11390000,USGS,butte creek,temperature,min,17.5
26,2026,butte creek,11390000,USGS,butte creek,temperature,max,22.6
26,2026,butte creek,11390000,USGS,butte creek,temperature,mean,19.064285714285713
26,2026,butte creek,11390000,USGS,butte creek,temperature,min,15.5
27,2026,butte creek,11390000,USGS,butte creek,temperature,max,22.8
27,2026,butte creek,11390000,USGS,butte creek,temperature,mean,19.928571428571427
27,2026,butte creek,11390000,USGS,butte creek,temperature,min,16.4
28,2026,butte creek,11390000,USGS,butte creek,temperature,max,24.3
28,2026,butte creek,11390000,USGS,butte creek,temperature,mean,20.814285714285713
28,2026,butte creek,11390000,USGS,butte creek,temperature,min,17.8
29,2026,butte creek,11390000,USGS,butte creek,temperature,max,23.9
29,2026,butte creek,11390000,USGS,butte creek,temperature,mean,20.935714285714287
29,2026,butte creek,11390000,USGS,butte creek,temperature,min,17.9
30,2026,butte creek,11390000,USGS,butte creek,temperature,max,23.4
30,2026,butte creek,11390000,USGS,butte creek,temperature,mean,20.385714285714283
30,2026,butte creek,11390000,USGS,butte creek,temperature,min,17.5
31,2026,butte creek,11390000,USGS,butte creek,temperature,max,23.3
31,2026,butte creek,11390000,USGS,butte creek,temperature,mean,20.607142857142858
31,2026,butte creek,11390000,USGS,butte creek,temperature,min,17.7
32,2026,butte creek,11390000,USGS,butte creek,temperature,max,23.8
32,2026,butte creek,11390000,USGS,butte creek,temperature,mean,20.842857142857145
32,2026,butte creek,11390000,USGS,butte creek,temperature,min,18
33,2026,butte creek,11390000,USGS,butte creek,temperature,max,22.4
33,2026,butte creek,11390000,USGS,butte creek,temperature,mean,19.86428571428571
33,2026,butte creek,11390000,USGS,butte creek,temperature,min,17.5
34,2026,butte creek,11390000,USGS,butte creek,temperature,max,21.8
34,2026,butte creek,11390000,USGS,butte creek,temperature,mean,19.485714285714284
34,2026,butte creek,11390000,USGS,butte creek,temperature,min,17.2
35,2026,butte creek,11390000,USGS,butte creek,temperature,max,21.3
35,2026,butte creek,11390000,USGS,butte creek,temperature,mean,18.107142857142858
35,2026,butte creek,11390000,USGS,butte creek,temperature,min,15.9
36,2026,butte creek,11390000,USGS,butte creek,temperature,max,16.6
36,2026,butte creek,11390000,USGS,butte creek,temperature,mean,16.1
36,2026,butte creek,11390000,USGS,butte creek,temperature,min,15.6
