week,year,stream,gage_number,gage_agency,site_group,parameter,statistic,value
40,1998,deer creek,DCV,CDEC,deer creek,temperature,max,17
40,1998,deer creek,DCV,CDEC,deer creek,temperature,mean,14.596618357487923
40,1998,deer creek,DCV,CDEC,deer creek,temperature,min,12.5
41,1998,deer creek,DCV,CDEC,deer creek,temperature,max,14.777777777777779
41,1998,deer creek,DCV,CDEC,deer creek,temperature,mean,12.728835978835978
41,1998,deer creek,DCV,CDEC,deer creek,temperature,min,11.166666666666666
42,1998,deer creek,DCV,CDEC,deer creek,temperature,max,12.611111111111112
42,1998,deer creek,DCV,CDEC,deer creek,temperature,mean,11.196428571428573
42,1998,deer creek,DCV,CDEC,deer creek,temperature,min,9.666666666666666
43,1998,deer creek,DCV,CDEC,deer creek,temperature,max,12.555555555555555
43,1998,deer creek,DCV,CDEC,deer creek,temperature,mean,11.54133597883598
43,1998,deer creek,DCV,CDEC,deer creek,temperature,min,10.61111111111111
44,1998,deer creek,DCV,CDEC,deer creek,temperature,max,12.111111111111109
44,1998,deer creek,DCV,CDEC,deer creek,temperature,mean,10.357142857142858
44,1998,deer creek,DCV,CDEC,deer creek,temperature,min,9.277777777777779
45,1998,deer creek,DCV,CDEC,deer creek,temperature,max,10.5
45,1998,deer creek,DCV,CDEC,deer creek,temperature,mean,8.516203703703702
45,1998,deer creek,DCV,CDEC,deer creek,temperature,min,6.888888888888888
46,1998,deer creek,DCV,CDEC,deer creek,temperature,max,9.611111111111109
46,1998,deer creek,DCV,CDEC,deer creek,temperature,mean,8.173280423280422
46,1998,deer creek,DCV,CDEC,deer creek,temperature,min,6.944444444444445
47,1998,deer creek,DCV,CDEC,deer creek,temperature,max,10.833333333333334
47,1998,deer creek,DCV,CDEC,deer creek,temperature,mean,8.509259259259258
47,1998,deer creek,DCV,CDEC,deer creek,temperature,min,6.666666666666667
48,1998,deer creek,DCV,CDEC,deer creek,temperature,max,10.222222222222221
48,1998,deer creek,DCV,CDEC,deer creek,temperature,mean,8.709325396825395
48,1998,deer creek,DCV,CDEC,deer creek,temperature,min,7.833333333333333
49,1998,deer creek,DCV,CDEC,deer creek,temperature,max,9.555555555555557
49,1998,deer creek,DCV,CDEC,deer creek,temperature,mean,5.383928571428571
49,1998,deer creek,DCV,CDEC,deer creek,temperature,min,3.4999999999999982
50,1998,deer creek,DCV,CDEC,deer creek,temperature,max,8.61111111111111
50,1998,deer creek,DCV,CDEC,deer creek,temperature,mean,6.752314814814815
50,1998,deer creek,DCV,CDEC,deer creek,temperature,min,4.722222222222222
51,1998,deer creek,DCV,CDEC,deer creek,temperature,max,8.777777777777777
51,1998,deer creek,DCV,CDEC,deer creek,temperature,mean,4.364417989417989
51,1998,deer creek,DCV,CDEC,deer creek,temperature,min,0.7222222222222207
52,1998,deer creek,DCV,CDEC,deer creek,temperature,max,5.611111111111112
52,1998,deer creek,DCV,CDEC,deer creek,temperature,mean,3.929419714745802
52,1998,deer creek,DCV,CDEC,deer creek,temperature,min,0.6666666666666683
53,1998,deer creek,DCV,CDEC,deer creek,temperature,max,6.4444444444444455
53,1998,deer creek,DCV,CDEC,deer creek,temperature,mean,5.902777777777778
53,1998,deer creek,DCV,CDEC,deer creek,temperature,min,5.38888888888889
1,1999,deer creek,DCV,CDEC,deer creek,temperature,max,5.999999999999998
1,1999,deer creek,DCV,CDEC,deer creek,temperature,mean,5.218693343693343
1,1999,deer creek,DCV,CDEC,deer creek,temperature,min,4.61111111111111
2,1999,deer creek,DCV,CDEC,deer creek,temperature,max,6.611111111111111
2,1999,deer creek,DCV,CDEC,deer creek,temperature,mean,5.190806878306879
2,1999,deer creek,DCV,CDEC,deer creek,temperature,min,4.166666666666667
3,1999,deer creek,DCV,CDEC,deer creek,temperature,max,9.277777777777779
3,1999,deer creek,DCV,CDEC,deer creek,temperature,mean,8.04530423280423
3,1999,deer creek,DCV,CDEC,deer creek,temperature,min,6.333333333333332
4,1999,deer creek,DCV,CDEC,deer creek,temperature,max,7.555555555555555
4,1999,deer creek,DCV,CDEC,deer creek,temperature,mean,5.805555555555555
4,1999,deer creek,DCV,CDEC,deer creek,temperature,min,4.666666666666666
5,1999,deer creek,DCV,CDEC,deer creek,temperature,max,6.833333333333332
5,1999,deer creek,DCV,CDEC,deer creek,temperature,mean,5.242724867724868
5,1999,deer creek,DCV,CDEC,deer creek,temperature,min,4.166666666666667
6,1999,deer creek,DCV,CDEC,deer creek,temperature,max,8.499999999999998
6,1999,deer creek,DCV,CDEC,deer creek,temperature,mean,6.476233609385782
6,1999,deer creek,DCV,CDEC,deer creek,temperature,min,4.777777777777779
7,1999,deer creek,DCV,CDEC,deer creek,temperature,max,8.222222222222221
7,1999,deer creek,DCV,CDEC,deer creek,temperature,mean,6.932208994708995
7,1999,deer creek,DCV,CDEC,deer creek,temperature,min,5
8,1999,deer creek,DCV,CDEC,deer creek,temperature,max,8.944444444444445
8,1999,deer creek,DCV,CDEC,deer creek,temperature,mean,7.478395061728395
8,1999,deer creek,DCV,CDEC,deer creek,temperature,min,6.222222222222224
9,1999,deer creek,DCV,CDEC,deer creek,temperature,max,9.777777777777779
9,1999,deer creek,DCV,CDEC,deer creek,temperature,mean,7.938822751322752
9,1999,deer creek,DCV,CDEC,deer creek,temperature,min,6.500000000000002
10,1999,deer creek,DCV,CDEC,deer creek,temperature,max,7.5
10,1999,deer creek,DCV,CDEC,deer creek,temperature,mean,6.4699074074074066
10,1999,deer creek,DCV,CDEC,deer creek,temperature,min,5.166666666666665
11,1999,deer creek,DCV,CDEC,deer creek,temperature,max,10.666666666666668
11,1999,deer creek,DCV,CDEC,deer creek,temperature,mean,8.667328042328041
11,1999,deer creek,DCV,CDEC,deer creek,temperature,min,5.833333333333333
12,1999,deer creek,DCV,CDEC,deer creek,temperature,max,10.61111111111111
12,1999,deer creek,DCV,CDEC,deer creek,temperature,mean,8.98181216931217
12,1999,deer creek,DCV,CDEC,deer creek,temperature,min,7.5
13,1999,deer creek,DCV,CDEC,deer creek,temperature,max,11.222222222222223
13,1999,deer creek,DCV,CDEC,deer creek,temperature,mean,8.145502645502646
13,1999,deer creek,DCV,CDEC,deer creek,temperature,min,5.7222222222222205
14,1999,deer creek,DCV,CDEC,deer creek,temperature,max,9.444444444444445
14,1999,deer creek,DCV,CDEC,deer creek,temperature,mean,7.831377961812744
14,1999,deer creek,DCV,CDEC,deer creek,temperature,min,5.944444444444446
15,1999,deer creek,DCV,CDEC,deer creek,temperature,max,12.944444444444443
15,1999,deer creek,DCV,CDEC,deer creek,temperature,mean,9.151124338624339
15,1999,deer creek,DCV,CDEC,deer creek,temperature,min,5.166666666666665
16,1999,deer creek,DCV,CDEC,deer creek,temperature,max,14.000000000000002
16,1999,deer creek,DCV,CDEC,deer creek,temperature,mean,11.960317460317459
16,1999,deer creek,DCV,CDEC,deer creek,temperature,min,9.666666666666666
17,1999,deer creek,DCV,CDEC,deer creek,temperature,max,14.444444444444445
17,1999,deer creek,DCV,CDEC,deer creek,temperature,mean,11.338955026455027
17,1999,deer creek,DCV,CDEC,deer creek,temperature,min,8
18,1999,deer creek,DCV,CDEC,deer creek,temperature,max,14.88888888888889
18,1999,deer creek,DCV,CDEC,deer creek,temperature,mean,11.582010582010582
18,1999,deer creek,DCV,CDEC,deer creek,temperature,min,7.777777777777778
19,1999,deer creek,DCV,CDEC,deer creek,temperature,max,15.5
19,1999,deer creek,DCV,CDEC,deer creek,temperature,mean,12.60648148148148
19,1999,deer creek,DCV,CDEC,deer creek,temperature,min,9.888888888888888
20,1999,deer creek,DCV,CDEC,deer creek,temperature,max,16.11111111111111
20,1999,deer creek,DCV,CDEC,deer creek,temperature,mean,13.335648148148149
20,1999,deer creek,DCV,CDEC,deer creek,temperature,min,10.111111111111112
21,1999,deer creek,DCV,CDEC,deer creek,temperature,max,20.27777777777778
21,1999,deer creek,DCV,CDEC,deer creek,temperature,mean,17.5515873015873
21,1999,deer creek,DCV,CDEC,deer creek,temperature,min,13.555555555555555
22,1999,deer creek,DCV,CDEC,deer creek,temperature,max,19.499999999999996
22,1999,deer creek,DCV,CDEC,deer creek,temperature,mean,16.50595238095238
22,1999,deer creek,DCV,CDEC,deer creek,temperature,min,11.88888888888889
23,1999,deer creek,DCV,CDEC,deer creek,temperature,max,18.111111111111107
23,1999,deer creek,DCV,CDEC,deer creek,temperature,mean,15.34920634920635
23,1999,deer creek,DCV,CDEC,deer creek,temperature,min,10.944444444444446
24,1999,deer creek,DCV,CDEC,deer creek,temperature,max,20.888888888888886
24,1999,deer creek,DCV,CDEC,deer creek,temperature,mean,18.5734126984127
24,1999,deer creek,DCV,CDEC,deer creek,temperature,min,14.88888888888889
25,1999,deer creek,DCV,CDEC,deer creek,temperature,max,23.72222222222222
25,1999,deer creek,DCV,CDEC,deer creek,temperature,mean,20.95568783068783
25,1999,deer creek,DCV,CDEC,deer creek,temperature,min,18.333333333333332
26,1999,deer creek,DCV,CDEC,deer creek,temperature,max,24.388888888888893
26,1999,deer creek,DCV,CDEC,deer creek,temperature,mean,21.494708994708994
26,1999,deer creek,DCV,CDEC,deer creek,temperature,min,18.666666666666664
27,1999,deer creek,DCV,CDEC,deer creek,temperature,max,23.72222222222222
27,1999,deer creek,DCV,CDEC,deer creek,temperature,mean,20.81349206349206
27,1999,deer creek,DCV,CDEC,deer creek,temperature,min,18.277777777777782
28,1999,deer creek,DCV,CDEC,deer creek,temperature,max,25.33333333333333
28,1999,deer creek,DCV,CDEC,deer creek,temperature,mean,23.065476190476193
28,1999,deer creek,DCV,CDEC,deer creek,temperature,min,19.72222222222222
29,1999,deer creek,DCV,CDEC,deer creek,temperature,max,23.444444444444443
29,1999,deer creek,DCV,CDEC,deer creek,temperature,mean,20.77612433862434
29,1999,deer creek,DCV,CDEC,deer creek,temperature,min,18.61111111111111
30,1999,deer creek,DCV,CDEC,deer creek,temperature,max,22.666666666666668
30,1999,deer creek,DCV,CDEC,deer creek,temperature,mean,20.70899470899471
30,1999,deer creek,DCV,CDEC,deer creek,temperature,min,18.61111111111111
31,1999,deer creek,DCV,CDEC,deer creek,temperature,max,23.444444444444443
31,1999,deer creek,DCV,CDEC,deer creek,temperature,mean,21.500992063492067
31,1999,deer creek,DCV,CDEC,deer creek,temperature,min,19.555555555555557
32,1999,deer creek,DCV,CDEC,deer creek,temperature,max,22.055555555555557
32,1999,deer creek,DCV,CDEC,deer creek,temperature,mean,20.19675925925926
32,1999,deer creek,DCV,CDEC,deer creek,temperature,min,18.333333333333332
33,1999,deer creek,DCV,CDEC,deer creek,temperature,max,21.5
33,1999,deer creek,DCV,CDEC,deer creek,temperature,mean,20.019179894179896
33,1999,deer creek,DCV,CDEC,deer creek,temperature,min,18.444444444444443
34,1999,deer creek,DCV,CDEC,deer creek,temperature,max,23.5
34,1999,deer creek,DCV,CDEC,deer creek,temperature,mean,21.063822751322753
34,1999,deer creek,DCV,CDEC,deer creek,temperature,min,18.333333333333332
35,1999,deer creek,DCV,CDEC,deer creek,temperature,max,22.5
35,1999,deer creek,DCV,CDEC,deer creek,temperature,mean,19.419642857142858
35,1999,deer creek,DCV,CDEC,deer creek,temperature,min,15.5
36,1999,deer creek,DCV,CDEC,deer creek,temperature,max,20
36,1999,deer creek,DCV,CDEC,deer creek,temperature,mean,18.224206349206348
36,1999,deer creek,DCV,CDEC,deer creek,temperature,min,16.055555555555557
37,1999,deer creek,DCV,CDEC,deer creek,temperature,max,20.611111111111107
37,1999,deer creek,DCV,CDEC,deer creek,temperature,mean,19.119708994708994
37,1999,deer creek,DCV,CDEC,deer creek,temperature,min,17.77777777777778
38,1999,deer creek,DCV,CDEC,deer creek,temperature,max,20.27777777777778
38,1999,deer creek,DCV,CDEC,deer creek,temperature,mean,18.648478835978835
38,1999,deer creek,DCV,CDEC,deer creek,temperature,min,16.944444444444443
39,1999,deer creek,DCV,CDEC,deer creek,temperature,max,20.166666666666668
39,1999,deer creek,DCV,CDEC,deer creek,temperature,mean,17.406084656084655
39,1999,deer creek,DCV,CDEC,deer creek,temperature,min,15.38888888888889
40,1999,deer creek,DCV,CDEC,deer creek,temperature,max,17.27777777777778
40,1999,deer creek,DCV,CDEC,deer creek,temperature,mean,15.703703703703706
40,1999,deer creek,DCV,CDEC,deer creek,temperature,min,13.555555555555555
41,1999,deer creek,DCV,CDEC,deer creek,temperature,max,16
41,1999,deer creek,DCV,CDEC,deer creek,temperature,mean,14.808862433862432
41,1999,deer creek,DCV,CDEC,deer creek,temperature,min,13.499999999999998
42,1999,deer creek,DCV,CDEC,deer creek,temperature,max,14.277777777777779
42,1999,deer creek,DCV,CDEC,deer creek,temperature,mean,12.216269841269844
42,1999,deer creek,DCV,CDEC,deer creek,temperature,min,10.777777777777779
43,1999,deer creek,DCV,CDEC,deer creek,temperature,max,12.833333333333334
43,1999,deer creek,DCV,CDEC,deer creek,temperature,mean,11.66137566137566
43,1999,deer creek,DCV,CDEC,deer creek,temperature,min,10.555555555555555
44,1999,deer creek,DCV,CDEC,deer creek,temperature,max,12.055555555555557
44,1999,deer creek,DCV,CDEC,deer creek,temperature,mean,11.276004088504086
44,1999,deer creek,DCV,CDEC,deer creek,temperature,min,10.555555555555555
45,1999,deer creek,DCV,CDEC,deer creek,temperature,max,12
45,1999,deer creek,DCV,CDEC,deer creek,temperature,mean,10.980489417989418
45,1999,deer creek,DCV,CDEC,deer creek,temperature,min,10.111111111111112
46,1999,deer creek,DCV,CDEC,deer creek,temperature,max,12.166666666666666
46,1999,deer creek,DCV,CDEC,deer creek,temperature,mean,10.706018518518519
46,1999,deer creek,DCV,CDEC,deer creek,temperature,min,8.444444444444446
47,1999,deer creek,DCV,CDEC,deer creek,temperature,max,9.944444444444445
47,1999,deer creek,DCV,CDEC,deer creek,temperature,mean,7.569113756613757
47,1999,deer creek,DCV,CDEC,deer creek,temperature,min,5.777777777777777
48,1999,deer creek,DCV,CDEC,deer creek,temperature,max,12.277777777777779
48,1999,deer creek,DCV,CDEC,deer creek,temperature,mean,8.590277777777777
48,1999,deer creek,DCV,CDEC,deer creek,temperature,min,6.666666666666667
49,1999,deer creek,DCV,CDEC,deer creek,temperature,max,7.5
49,1999,deer creek,DCV,CDEC,deer creek,temperature,mean,6.166997354497354
49,1999,deer creek,DCV,CDEC,deer creek,temperature,min,5.333333333333334
50,1999,deer creek,DCV,CDEC,deer creek,temperature,max,6.555555555555554
50,1999,deer creek,DCV,CDEC,deer creek,temperature,mean,5.342592592592593
50,1999,deer creek,DCV,CDEC,deer creek,temperature,min,4.444444444444445
51,1999,deer creek,DCV,CDEC,deer creek,temperature,max,7.166666666666667
51,1999,deer creek,DCV,CDEC,deer creek,temperature,mean,6.2824074074074066
51,1999,deer creek,DCV,CDEC,deer creek,temperature,min,4.666666666666666
52,1999,deer creek,DCV,CDEC,deer creek,temperature,max,6.666666666666667
52,1999,deer creek,DCV,CDEC,deer creek,temperature,mean,5.8125
52,1999,deer creek,DCV,CDEC,deer creek,temperature,min,4.722222222222222
53,1999,deer creek,DCV,CDEC,deer creek,temperature,max,5.1111111111111125
53,1999,deer creek,DCV,CDEC,deer creek,temperature,mean,4.724537037037037
53,1999,deer creek,DCV,CDEC,deer creek,temperature,min,4.388888888888888
1,2000,deer creek,DCV,CDEC,deer creek,temperature,max,6.166666666666668
1,2000,deer creek,DCV,CDEC,deer creek,temperature,mean,4.833333333333333
1,2000,deer creek,DCV,CDEC,deer creek,temperature,min,3.888888888888889
2,2000,deer creek,DCV,CDEC,deer creek,temperature,max,8.833333333333334
2,2000,deer creek,DCV,CDEC,deer creek,temperature,mean,7.043981481481481
2,2000,deer creek,DCV,CDEC,deer creek,temperature,min,5.555555555555555
3,2000,deer creek,DCV,CDEC,deer creek,temperature,max,9.777777777777779
3,2000,deer creek,DCV,CDEC,deer creek,temperature,mean,8.296362433862432
3,2000,deer creek,DCV,CDEC,deer creek,temperature,min,6.333333333333332
4,2000,deer creek,DCV,CDEC,deer creek,temperature,max,8.88888888888889
4,2000,deer creek,DCV,CDEC,deer creek,temperature,mean,7.633597883597885
4,2000,deer creek,DCV,CDEC,deer creek,temperature,min,5.944444444444446
5,2000,deer creek,DCV,CDEC,deer creek,temperature,max,8.88888888888889
5,2000,deer creek,DCV,CDEC,deer creek,temperature,mean,7.602513227513228
5,2000,deer creek,DCV,CDEC,deer creek,temperature,min,5.499999999999999
6,2000,deer creek,DCV,CDEC,deer creek,temperature,max,9.944444444444445
6,2000,deer creek,DCV,CDEC,deer creek,temperature,mean,8.968584656084657
6,2000,deer creek,DCV,CDEC,deer creek,temperature,min,8.11111111111111
7,2000,deer creek,DCV,CDEC,deer creek,temperature,max,9.666666666666666
7,2000,deer creek,DCV,CDEC,deer creek,temperature,mean,8.230820105820104
7,2000,deer creek,DCV,CDEC,deer creek,temperature,min,6.833333333333332
8,2000,deer creek,DCV,CDEC,deer creek,temperature,max,9.555555555555557
8,2000,deer creek,DCV,CDEC,deer creek,temperature,mean,8.056547619047619
8,2000,deer creek,DCV,CDEC,deer creek,temperature,min,6.722222222222223
9,2000,deer creek,DCV,CDEC,deer creek,temperature,max,9.555555555555557
9,2000,deer creek,DCV,CDEC,deer creek,temperature,mean,8.35258511617207
9,2000,deer creek,DCV,CDEC,deer creek,temperature,min,6.833333333333332
10,2000,deer creek,DCV,CDEC,deer creek,temperature,max,9.38888888888889
10,2000,deer creek,DCV,CDEC,deer creek,temperature,mean,8.255621693121695
10,2000,deer creek,DCV,CDEC,deer creek,temperature,min,7.166666666666667
11,2000,deer creek,DCV,CDEC,deer creek,temperature,max,11.166666666666666
11,2000,deer creek,DCV,CDEC,deer creek,temperature,mean,9.550264550264549
11,2000,deer creek,DCV,CDEC,deer creek,temperature,min,8
12,2000,deer creek,DCV,CDEC,deer creek,temperature,max,11.444444444444445
12,2000,deer creek,DCV,CDEC,deer creek,temperature,mean,9.750661375661377
12,2000,deer creek,DCV,CDEC,deer creek,temperature,min,7.055555555555557
13,2000,deer creek,DCV,CDEC,deer creek,temperature,max,11.555555555555554
13,2000,deer creek,DCV,CDEC,deer creek,temperature,mean,10.303240740740739
13,2000,deer creek,DCV,CDEC,deer creek,temperature,min,8.777777777777777
14,2000,deer creek,DCV,CDEC,deer creek,temperature,max,14.277777777777779
14,2000,deer creek,DCV,CDEC,deer creek,temperature,mean,12.308287324591673
14,2000,deer creek,DCV,CDEC,deer creek,temperature,min,9.666666666666666
15,2000,deer creek,DCV,CDEC,deer creek,temperature,max,14.000000000000002
15,2000,deer creek,DCV,CDEC,deer creek,temperature,mean,12.497181964573269
15,2000,deer creek,DCV,CDEC,deer creek,temperature,min,10.388888888888891
16,2000,deer creek,DCV,CDEC,deer creek,temperature,max,14.5
16,2000,deer creek,DCV,CDEC,deer creek,temperature,mean,10.816468253968253
16,2000,deer creek,DCV,CDEC,deer creek,temperature,min,8.88888888888889
17,2000,deer creek,DCV,CDEC,deer creek,temperature,max,15.055555555555555
17,2000,deer creek,DCV,CDEC,deer creek,temperature,mean,13.055886243386242
17,2000,deer creek,DCV,CDEC,deer creek,temperature,min,10.722222222222221
18,2000,deer creek,DCV,CDEC,deer creek,temperature,max,17.22222222222222
18,2000,deer creek,DCV,CDEC,deer creek,temperature,mean,14.8125
18,2000,deer creek,DCV,CDEC,deer creek,temperature,min,10.88888888888889
19,2000,deer creek,DCV,CDEC,deer creek,temperature,max,16.11111111111111
19,2000,deer creek,DCV,CDEC,deer creek,temperature,mean,12.880981883311076
19,2000,deer creek,DCV,CDEC,deer creek,temperature,min,10.222222222222221
20,2000,deer creek,DCV,CDEC,deer creek,temperature,max,18.666666666666664
20,2000,deer creek,DCV,CDEC,deer creek,temperature,mean,13.087042788129745
20,2000,deer creek,DCV,CDEC,deer creek,temperature,min,10.5
21,2000,deer creek,DCV,CDEC,deer creek,temperature,max,22.38888888888889
21,2000,deer creek,DCV,CDEC,deer creek,temperature,mean,19.976207654779085
21,2000,deer creek,DCV,CDEC,deer creek,temperature,min,16.444444444444443
22,2000,deer creek,DCV,CDEC,deer creek,temperature,max,21.38888888888889
22,2000,deer creek,DCV,CDEC,deer creek,temperature,mean,18.72505144032922
22,2000,deer creek,DCV,CDEC,deer creek,temperature,min,15.555555555555555
23,2000,deer creek,DCV,CDEC,deer creek,temperature,max,20.777777777777782
23,2000,deer creek,DCV,CDEC,deer creek,temperature,mean,18.80489417989418
23,2000,deer creek,DCV,CDEC,deer creek,temperature,min,16.11111111111111
24,2000,deer creek,DCV,CDEC,deer creek,temperature,max,24.555555555555557
24,2000,deer creek,DCV,CDEC,deer creek,temperature,mean,20.442129629629626
24,2000,deer creek,DCV,CDEC,deer creek,temperature,min,16.5
25,2000,deer creek,DCV,CDEC,deer creek,temperature,max,25.055555555555554
25,2000,deer creek,DCV,CDEC,deer creek,temperature,mean,22.955357142857142
25,2000,deer creek,DCV,CDEC,deer creek,temperature,min,20.888888888888886
26,2000,deer creek,DCV,CDEC,deer creek,temperature,max,26.833333333333332
26,2000,deer creek,DCV,CDEC,deer creek,temperature,mean,24.522486772486776
26,2000,deer creek,DCV,CDEC,deer creek,temperature,min,21.722222222222218
27,2000,deer creek,DCV,CDEC,deer creek,temperature,max,24.555555555555557
27,2000,deer creek,DCV,CDEC,deer creek,temperature,mean,21.54139610389611
27,2000,deer creek,DCV,CDEC,deer creek,temperature,min,19.111111111111114
28,2000,deer creek,DCV,CDEC,deer creek,temperature,max,23.944444444444443
28,2000,deer creek,DCV,CDEC,deer creek,temperature,mean,21.87580384591254
28,2000,deer creek,DCV,CDEC,deer creek,temperature,min,18.88888888888889
29,2000,deer creek,DCV,CDEC,deer creek,temperature,max,24.61111111111111
29,2000,deer creek,DCV,CDEC,deer creek,temperature,mean,22.445609040717734
29,2000,deer creek,DCV,CDEC,deer creek,temperature,min,20.555555555555557
30,2000,deer creek,DCV,CDEC,deer creek,temperature,max,24.388888888888893
30,2000,deer creek,DCV,CDEC,deer creek,temperature,mean,22.770171957671955
30,2000,deer creek,DCV,CDEC,deer creek,temperature,min,20.833333333333332
31,2000,deer creek,DCV,CDEC,deer creek,temperature,max,26.22222222222222
31,2000,deer creek,DCV,CDEC,deer creek,temperature,mean,24.02645502645502
31,2000,deer creek,DCV,CDEC,deer creek,temperature,min,21.611111111111114
32,2000,deer creek,DCV,CDEC,deer creek,temperature,max,25.72222222222222
32,2000,deer creek,DCV,CDEC,deer creek,temperature,mean,23.35846560846561
32,2000,deer creek,DCV,CDEC,deer creek,temperature,min,20.500000000000004
33,2000,deer creek,DCV,CDEC,deer creek,temperature,max,23.444444444444443
33,2000,deer creek,DCV,CDEC,deer creek,temperature,mean,21.787037037037038
33,2000,deer creek,DCV,CDEC,deer creek,temperature,min,20.166666666666668
34,2000,deer creek,DCV,CDEC,deer creek,temperature,max,22.11111111111111
34,2000,deer creek,DCV,CDEC,deer creek,temperature,mean,20.4482257878997
34,2000,deer creek,DCV,CDEC,deer creek,temperature,min,18.88888888888889
35,2000,deer creek,DCV,CDEC,deer creek,temperature,max,21.666666666666668
35,2000,deer creek,DCV,CDEC,deer creek,temperature,mean,19.539049919484704
35,2000,deer creek,DCV,CDEC,deer creek,temperature,min,16.833333333333332
36,2000,deer creek,DCV,CDEC,deer creek,temperature,max,18.555555555555557
36,2000,deer creek,DCV,CDEC,deer creek,temperature,mean,16.72685185185185
36,2000,deer creek,DCV,CDEC,deer creek,temperature,min,14.722222222222221
37,2000,deer creek,DCV,CDEC,deer creek,temperature,max,25.555555555555557
37,2000,deer creek,DCV,CDEC,deer creek,temperature,mean,18.494073498964806
37,2000,deer creek,DCV,CDEC,deer creek,temperature,min,16.555555555555557
38,2000,deer creek,DCV,CDEC,deer creek,temperature,max,21.999999999999996
38,2000,deer creek,DCV,CDEC,deer creek,temperature,mean,19.959986772486776
38,2000,deer creek,DCV,CDEC,deer creek,temperature,min,17.944444444444443
39,2000,deer creek,DCV,CDEC,deer creek,temperature,max,18.22222222222222
39,2000,deer creek,DCV,CDEC,deer creek,temperature,mean,16.744047619047617
39,2000,deer creek,DCV,CDEC,deer creek,temperature,min,15.11111111111111
40,2000,deer creek,DCV,CDEC,deer creek,temperature,max,19.055555555555557
40,2000,deer creek,DCV,CDEC,deer creek,temperature,mean,17.060185185185183
40,2000,deer creek,DCV,CDEC,deer creek,temperature,min,15
41,2000,deer creek,DCV,CDEC,deer creek,temperature,max,17.11111111111111
41,2000,deer creek,DCV,CDEC,deer creek,temperature,mean,14.441137566137568
41,2000,deer creek,DCV,CDEC,deer creek,temperature,min,12.166666666666666
42,2000,deer creek,DCV,CDEC,deer creek,temperature,max,14.222222222222221
42,2000,deer creek,DCV,CDEC,deer creek,temperature,mean,13.038029100529103
42,2000,deer creek,DCV,CDEC,deer creek,temperature,min,12.222222222222221
43,2000,deer creek,DCV,CDEC,deer creek,temperature,max,12.444444444444445
43,2000,deer creek,DCV,CDEC,deer creek,temperature,mean,10.970568783068783
43,2000,deer creek,DCV,CDEC,deer creek,temperature,min,9.722222222222221
44,2000,deer creek,DCV,CDEC,deer creek,temperature,max,11.333333333333334
44,2000,deer creek,DCV,CDEC,deer creek,temperature,mean,10.21329365079365
44,2000,deer creek,DCV,CDEC,deer creek,temperature,min,9.055555555555554
45,2000,deer creek,DCV,CDEC,deer creek,temperature,max,11.055555555555555
45,2000,deer creek,DCV,CDEC,deer creek,temperature,mean,9.300595238095237
45,2000,deer creek,DCV,CDEC,deer creek,temperature,min,7.444444444444445
46,2000,deer creek,DCV,CDEC,deer creek,temperature,max,7.333333333333335
46,2000,deer creek,DCV,CDEC,deer creek,temperature,mean,5.625992063492063
46,2000,deer creek,DCV,CDEC,deer creek,temperature,min,4.666666666666666
47,2000,deer creek,DCV,CDEC,deer creek,temperature,max,7.000000000000001
47,2000,deer creek,DCV,CDEC,deer creek,temperature,mean,5.732473544973545
47,2000,deer creek,DCV,CDEC,deer creek,temperature,min,4.833333333333335
48,2000,deer creek,DCV,CDEC,deer creek,temperature,max,9.38888888888889
48,2000,deer creek,DCV,CDEC,deer creek,temperature,mean,7.822420634920634
48,2000,deer creek,DCV,CDEC,deer creek,temperature,min,6.111111111111111
49,2000,deer creek,DCV,CDEC,deer creek,temperature,max,9.944444444444445
49,2000,deer creek,DCV,CDEC,deer creek,temperature,mean,6.946097883597884
49,2000,deer creek,DCV,CDEC,deer creek,temperature,min,6.0555555555555545
50,2000,deer creek,DCV,CDEC,deer creek,temperature,max,9.166666666666666
50,2000,deer creek,DCV,CDEC,deer creek,temperature,mean,7.945756172839506
50,2000,deer creek,DCV,CDEC,deer creek,temperature,min,7.166666666666667
51,2000,deer creek,DCV,CDEC,deer creek,temperature,max,8.11111111111111
51,2000,deer creek,DCV,CDEC,deer creek,temperature,mean,6.340277777777777
51,2000,deer creek,DCV,CDEC,deer creek,temperature,min,5.1111111111111125
52,2000,deer creek,DCV,CDEC,deer creek,temperature,max,7.555555555555555
52,2000,deer creek,DCV,CDEC,deer creek,temperature,mean,5.952050264550265
52,2000,deer creek,DCV,CDEC,deer creek,temperature,min,4.8888888888888875
53,2000,deer creek,DCV,CDEC,deer creek,temperature,max,5.666666666666668
53,2000,deer creek,DCV,CDEC,deer creek,temperature,mean,5.122685185185185
53,2000,deer creek,DCV,CDEC,deer creek,temperature,min,4.777777777777779
1,2001,deer creek,DCV,CDEC,deer creek,temperature,max,6.0555555555555545
1,2001,deer creek,DCV,CDEC,deer creek,temperature,mean,5.345238095238095
1,2001,deer creek,DCV,CDEC,deer creek,temperature,min,4.833333333333335
2,2001,deer creek,DCV,CDEC,deer creek,temperature,max,7.222222222222222
2,2001,deer creek,DCV,CDEC,deer creek,temperature,mean,6.49746951920865
2,2001,deer creek,DCV,CDEC,deer creek,temperature,min,5.166666666666665
3,2001,deer creek,DCV,CDEC,deer creek,temperature,max,5.666666666666668
3,2001,deer creek,DCV,CDEC,deer creek,temperature,mean,4.209986772486773
3,2001,deer creek,DCV,CDEC,deer creek,temperature,min,2.833333333333334
4,2001,deer creek,DCV,CDEC,deer creek,temperature,max,7.277777777777778
4,2001,deer creek,DCV,CDEC,deer creek,temperature,mean,6.027777777777778
4,2001,deer creek,DCV,CDEC,deer creek,temperature,min,4.555555555555557
5,2001,deer creek,DCV,CDEC,deer creek,temperature,max,8.666666666666666
5,2001,deer creek,DCV,CDEC,deer creek,temperature,mean,5.9101966873706004
5,2001,deer creek,DCV,CDEC,deer creek,temperature,min,4.222222222222223
6,2001,deer creek,DCV,CDEC,deer creek,temperature,max,8.38888888888889
6,2001,deer creek,DCV,CDEC,deer creek,temperature,mean,5.8915343915343925
6,2001,deer creek,DCV,CDEC,deer creek,temperature,min,3.888888888888889
7,2001,deer creek,DCV,CDEC,deer creek,temperature,max,7.5
7,2001,deer creek,DCV,CDEC,deer creek,temperature,mean,5.769510582010581
7,2001,deer creek,DCV,CDEC,deer creek,temperature,min,4.444444444444445
8,2001,deer creek,DCV,CDEC,deer creek,temperature,max,8.166666666666668
8,2001,deer creek,DCV,CDEC,deer creek,temperature,mean,7.221560846560847
8,2001,deer creek,DCV,CDEC,deer creek,temperature,min,5.888888888888889
9,2001,deer creek,DCV,CDEC,deer creek,temperature,max,8.444444444444446
9,2001,deer creek,DCV,CDEC,deer creek,temperature,mean,7.251984126984127
9,2001,deer creek,DCV,CDEC,deer creek,temperature,min,6.111111111111111
10,2001,deer creek,DCV,CDEC,deer creek,temperature,max,10.333333333333334
10,2001,deer creek,DCV,CDEC,deer creek,temperature,mean,8.919642857142858
10,2001,deer creek,DCV,CDEC,deer creek,temperature,min,7.11111111111111
11,2001,deer creek,DCV,CDEC,deer creek,temperature,max,12.055555555555557
11,2001,deer creek,DCV,CDEC,deer creek,temperature,mean,9.493055555555555
11,2001,deer creek,DCV,CDEC,deer creek,temperature,min,7.777777777777778
12,2001,deer creek,DCV,CDEC,deer creek,temperature,max,13.166666666666668
12,2001,deer creek,DCV,CDEC,deer creek,temperature,mean,12.144179894179894
12,2001,deer creek,DCV,CDEC,deer creek,temperature,min,10.444444444444443
13,2001,deer creek,DCV,CDEC,deer creek,temperature,max,13.722222222222223
13,2001,deer creek,DCV,CDEC,deer creek,temperature,mean,11.791666666666668
13,2001,deer creek,DCV,CDEC,deer creek,temperature,min,8.666666666666666
14,2001,deer creek,DCV,CDEC,deer creek,temperature,max,12.888888888888891
14,2001,deer creek,DCV,CDEC,deer creek,temperature,mean,9.40244708994709
14,2001,deer creek,DCV,CDEC,deer creek,temperature,min,7.055555555555557
15,2001,deer creek,DCV,CDEC,deer creek,temperature,max,12.222222222222221
15,2001,deer creek,DCV,CDEC,deer creek,temperature,mean,9.904100529100528
15,2001,deer creek,DCV,CDEC,deer creek,temperature,min,7.000000000000001
16,2001,deer creek,DCV,CDEC,deer creek,temperature,max,14.222222222222221
16,2001,deer creek,DCV,CDEC,deer creek,temperature,mean,11.257936507936508
16,2001,deer creek,DCV,CDEC,deer creek,temperature,min,7.722222222222222
17,2001,deer creek,DCV,CDEC,deer creek,temperature,max,17.055555555555557
17,2001,deer creek,DCV,CDEC,deer creek,temperature,mean,14.584986772486772
17,2001,deer creek,DCV,CDEC,deer creek,temperature,min,11.333333333333334
18,2001,deer creek,DCV,CDEC,deer creek,temperature,max,17.5
18,2001,deer creek,DCV,CDEC,deer creek,temperature,mean,15.027777777777777
18,2001,deer creek,DCV,CDEC,deer creek,temperature,min,12.611111111111112
19,2001,deer creek,DCV,CDEC,deer creek,temperature,max,20.944444444444443
19,2001,deer creek,DCV,CDEC,deer creek,temperature,mean,18.991934092477575
19,2001,deer creek,DCV,CDEC,deer creek,temperature,min,15.5
20,2001,deer creek,DCV,CDEC,deer creek,temperature,max,22.444444444444446
20,2001,deer creek,DCV,CDEC,deer creek,temperature,mean,18.661706349206348
20,2001,deer creek,DCV,CDEC,deer creek,temperature,min,15.666666666666666
21,2001,deer creek,DCV,CDEC,deer creek,temperature,max,24.222222222222218
21,2001,deer creek,DCV,CDEC,deer creek,temperature,mean,22.044973544973544
21,2001,deer creek,DCV,CDEC,deer creek,temperature,min,20
22,2001,deer creek,DCV,CDEC,deer creek,temperature,max,24.388888888888893
22,2001,deer creek,DCV,CDEC,deer creek,temperature,mean,21.300925925925924
22,2001,deer creek,DCV,CDEC,deer creek,temperature,min,18.77777777777778
23,2001,deer creek,DCV,CDEC,deer creek,temperature,max,23.5
23,2001,deer creek,DCV,CDEC,deer creek,temperature,mean,21.05042270531401
23,2001,deer creek,DCV,CDEC,deer creek,temperature,min,17.88888888888889
24,2001,deer creek,DCV,CDEC,deer creek,temperature,max,24.499999999999996
24,2001,deer creek,DCV,CDEC,deer creek,temperature,mean,21.45436507936508
24,2001,deer creek,DCV,CDEC,deer creek,temperature,min,18.88888888888889
25,2001,deer creek,DCV,CDEC,deer creek,temperature,max,26.333333333333336
25,2001,deer creek,DCV,CDEC,deer creek,temperature,mean,23.74537037037037
25,2001,deer creek,DCV,CDEC,deer creek,temperature,min,21.333333333333336
26,2001,deer creek,DCV,CDEC,deer creek,temperature,max,25.222222222222225
26,2001,deer creek,DCV,CDEC,deer creek,temperature,mean,20.819113756613756
26,2001,deer creek,DCV,CDEC,deer creek,temperature,min,17.666666666666668
27,2001,deer creek,DCV,CDEC,deer creek,temperature,max,26.611111111111114
27,2001,deer creek,DCV,CDEC,deer creek,temperature,mean,24.264880952380953
27,2001,deer creek,DCV,CDEC,deer creek,temperature,min,22.38888888888889
28,2001,deer creek,DCV,CDEC,deer creek,temperature,max,26.22222222222222
28,2001,deer creek,DCV,CDEC,deer creek,temperature,mean,24.28894927536232
28,2001,deer creek,DCV,CDEC,deer creek,temperature,min,22.555555555555554
29,2001,deer creek,DCV,CDEC,deer creek,temperature,max,24.61111111111111
29,2001,deer creek,DCV,CDEC,deer creek,temperature,mean,22.742394179894177
29,2001,deer creek,DCV,CDEC,deer creek,temperature,min,21.11111111111111
30,2001,deer creek,DCV,CDEC,deer creek,temperature,max,26.888888888888893
30,2001,deer creek,DCV,CDEC,deer creek,temperature,mean,24.4077380952381
30,2001,deer creek,DCV,CDEC,deer creek,temperature,min,21.833333333333332
31,2001,deer creek,DCV,CDEC,deer creek,temperature,max,25.27777777777778
31,2001,deer creek,DCV,CDEC,deer creek,temperature,mean,23.29199735449735
31,2001,deer creek,DCV,CDEC,deer creek,temperature,min,17
32,2001,deer creek,DCV,CDEC,deer creek,temperature,max,26.555555555555557
32,2001,deer creek,DCV,CDEC,deer creek,temperature,mean,24.103174603174605
32,2001,deer creek,DCV,CDEC,deer creek,temperature,min,22.11111111111111
33,2001,deer creek,DCV,CDEC,deer creek,temperature,max,24.61111111111111
33,2001,deer creek,DCV,CDEC,deer creek,temperature,mean,22.47519841269841
33,2001,deer creek,DCV,CDEC,deer creek,temperature,min,21
34,2001,deer creek,DCV,CDEC,deer creek,temperature,max,23.88888888888889
34,2001,deer creek,DCV,CDEC,deer creek,temperature,mean,21.72883597883598
34,2001,deer creek,DCV,CDEC,deer creek,temperature,min,20.166666666666668
35,2001,deer creek,DCV,CDEC,deer creek,temperature,max,24.499999999999996
35,2001,deer creek,DCV,CDEC,deer creek,temperature,mean,22.71164021164021
35,2001,deer creek,DCV,CDEC,deer creek,temperature,min,21.333333333333336
36,2001,deer creek,DCV,CDEC,deer creek,temperature,max,23.22222222222222
36,2001,deer creek,DCV,CDEC,deer creek,temperature,mean,20.735780423280424
36,2001,deer creek,DCV,CDEC,deer creek,temperature,min,18.833333333333336
37,2001,deer creek,DCV,CDEC,deer creek,temperature,max,21.999999999999996
37,2001,deer creek,DCV,CDEC,deer creek,temperature,mean,19.785052910052908
37,2001,deer creek,DCV,CDEC,deer creek,temperature,min,17.166666666666668
38,2001,deer creek,DCV,CDEC,deer creek,temperature,max,21.888888888888893
38,2001,deer creek,DCV,CDEC,deer creek,temperature,mean,20.000661375661373
38,2001,deer creek,DCV,CDEC,deer creek,temperature,min,18.000000000000004
39,2001,deer creek,DCV,CDEC,deer creek,temperature,max,19.388888888888893
39,2001,deer creek,DCV,CDEC,deer creek,temperature,mean,17.771164021164022
39,2001,deer creek,DCV,CDEC,deer creek,temperature,min,16.27777777777778
40,2001,deer creek,DCV,CDEC,deer creek,temperature,max,20.166666666666668
40,2001,deer creek,DCV,CDEC,deer creek,temperature,mean,17.715608465608465
40,2001,deer creek,DCV,CDEC,deer creek,temperature,min,15.333333333333334
41,2001,deer creek,DCV,CDEC,deer creek,temperature,max,17.666666666666668
41,2001,deer creek,DCV,CDEC,deer creek,temperature,mean,15.177910052910054
41,2001,deer creek,DCV,CDEC,deer creek,temperature,min,13.722222222222223
42,2001,deer creek,DCV,CDEC,deer creek,temperature,max,15.944444444444445
42,2001,deer creek,DCV,CDEC,deer creek,temperature,mean,14.298611111111112
42,2001,deer creek,DCV,CDEC,deer creek,temperature,min,12.722222222222221
43,2001,deer creek,DCV,CDEC,deer creek,temperature,max,14.333333333333334
43,2001,deer creek,DCV,CDEC,deer creek,temperature,mean,12.456679894179894
43,2001,deer creek,DCV,CDEC,deer creek,temperature,min,11.11111111111111
44,2001,deer creek,DCV,CDEC,deer creek,temperature,max,13.833333333333334
44,2001,deer creek,DCV,CDEC,deer creek,temperature,mean,12.344246031746033
44,2001,deer creek,DCV,CDEC,deer creek,temperature,min,10.61111111111111
45,2001,deer creek,DCV,CDEC,deer creek,temperature,max,12.444444444444445
45,2001,deer creek,DCV,CDEC,deer creek,temperature,mean,10.848544973544975
45,2001,deer creek,DCV,CDEC,deer creek,temperature,min,8.722222222222223
46,2001,deer creek,DCV,CDEC,deer creek,temperature,max,12.777777777777779
46,2001,deer creek,DCV,CDEC,deer creek,temperature,mean,11.894510582010582
46,2001,deer creek,DCV,CDEC,deer creek,temperature,min,10.666666666666668
47,2001,deer creek,DCV,CDEC,deer creek,temperature,max,12.277777777777779
47,2001,deer creek,DCV,CDEC,deer creek,temperature,mean,10.60945767195767
47,2001,deer creek,DCV,CDEC,deer creek,temperature,min,8
48,2001,deer creek,DCV,CDEC,deer creek,temperature,max,9.166666666666666
48,2001,deer creek,DCV,CDEC,deer creek,temperature,mean,7.376984126984128
48,2001,deer creek,DCV,CDEC,deer creek,temperature,min,6.111111111111111
49,2001,deer creek,DCV,CDEC,deer creek,temperature,max,9.000000000000002
49,2001,deer creek,DCV,CDEC,deer creek,temperature,mean,7.561507936507937
49,2001,deer creek,DCV,CDEC,deer creek,temperature,min,6.333333333333332
50,2001,deer creek,DCV,CDEC,deer creek,temperature,max,6.888888888888888
50,2001,deer creek,DCV,CDEC,deer creek,temperature,mean,5.899801587301587
50,2001,deer creek,DCV,CDEC,deer creek,temperature,min,4.666666666666666
51,2001,deer creek,DCV,CDEC,deer creek,temperature,max,8.277777777777779
51,2001,deer creek,DCV,CDEC,deer creek,temperature,mean,7.753450655624569
51,2001,deer creek,DCV,CDEC,deer creek,temperature,min,6.722222222222223
52,2001,deer creek,DCV,CDEC,deer creek,temperature,max,10.5
52,2001,deer creek,DCV,CDEC,deer creek,temperature,mean,8.316137566137568
52,2001,deer creek,DCV,CDEC,deer creek,temperature,min,6.555555555555554
53,2001,deer creek,DCV,CDEC,deer creek,temperature,max,10.555555555555555
53,2001,deer creek,DCV,CDEC,deer creek,temperature,mean,10.04861111111111
53,2001,deer creek,DCV,CDEC,deer creek,temperature,min,9.666666666666666
1,2002,deer creek,DCV,CDEC,deer creek,temperature,max,10.555555555555555
1,2002,deer creek,DCV,CDEC,deer creek,temperature,mean,8.640197262479871
1,2002,deer creek,DCV,CDEC,deer creek,temperature,min,7.222222222222222
2,2002,deer creek,DCV,CDEC,deer creek,temperature,max,8.444444444444446
2,2002,deer creek,DCV,CDEC,deer creek,temperature,mean,7.439153439153439
2,2002,deer creek,DCV,CDEC,deer creek,temperature,min,5.166666666666665
3,2002,deer creek,DCV,CDEC,deer creek,temperature,max,5.7222222222222205
3,2002,deer creek,DCV,CDEC,deer creek,temperature,mean,4.395502645502646
3,2002,deer creek,DCV,CDEC,deer creek,temperature,min,3.3888888888888897
4,2002,deer creek,DCV,CDEC,deer creek,temperature,max,6.166666666666668
4,2002,deer creek,DCV,CDEC,deer creek,temperature,mean,4.292328042328042
4,2002,deer creek,DCV,CDEC,deer creek,temperature,min,2.7777777777777777
5,2002,deer creek,DCV,CDEC,deer creek,temperature,max,5.222222222222221
5,2002,deer creek,DCV,CDEC,deer creek,temperature,mean,3.5806878306878303
5,2002,deer creek,DCV,CDEC,deer creek,temperature,min,1.8333333333333317
6,2002,deer creek,DCV,CDEC,deer creek,temperature,max,7.333333333333335
6,2002,deer creek,DCV,CDEC,deer creek,temperature,mean,5.883267195767196
6,2002,deer creek,DCV,CDEC,deer creek,temperature,min,4.2777777777777795
7,2002,deer creek,DCV,CDEC,deer creek,temperature,max,9.000000000000002
7,2002,deer creek,DCV,CDEC,deer creek,temperature,mean,7.890873015873015
7,2002,deer creek,DCV,CDEC,deer creek,temperature,min,6.222222222222224
8,2002,deer creek,DCV,CDEC,deer creek,temperature,max,9.38888888888889
8,2002,deer creek,DCV,CDEC,deer creek,temperature,mean,8.378968253968255
8,2002,deer creek,DCV,CDEC,deer creek,temperature,min,7.000000000000001
9,2002,deer creek,DCV,CDEC,deer creek,temperature,max,9.444444444444445
9,2002,deer creek,DCV,CDEC,deer creek,temperature,mean,7.666666666666667
9,2002,deer creek,DCV,CDEC,deer creek,temperature,min,5.944444444444446
10,2002,deer creek,DCV,CDEC,deer creek,temperature,max,9.277777777777779
10,2002,deer creek,DCV,CDEC,deer creek,temperature,mean,7.242293535771798
10,2002,deer creek,DCV,CDEC,deer creek,temperature,min,4.666666666666666
11,2002,deer creek,DCV,CDEC,deer creek,temperature,max,10
11,2002,deer creek,DCV,CDEC,deer creek,temperature,mean,7.161044973544973
11,2002,deer creek,DCV,CDEC,deer creek,temperature,min,4.8888888888888875
12,2002,deer creek,DCV,CDEC,deer creek,temperature,max,10.444444444444443
12,2002,deer creek,DCV,CDEC,deer creek,temperature,mean,8.97883597883598
12,2002,deer creek,DCV,CDEC,deer creek,temperature,min,5.777777777777777
13,2002,deer creek,DCV,CDEC,deer creek,temperature,max,13.222222222222221
13,2002,deer creek,DCV,CDEC,deer creek,temperature,mean,11.090939153439153
13,2002,deer creek,DCV,CDEC,deer creek,temperature,min,8.38888888888889
14,2002,deer creek,DCV,CDEC,deer creek,temperature,max,14.000000000000002
14,2002,deer creek,DCV,CDEC,deer creek,temperature,mean,12.208951575799404
14,2002,deer creek,DCV,CDEC,deer creek,temperature,min,9.833333333333336
15,2002,deer creek,DCV,CDEC,deer creek,temperature,max,15.944444444444445
15,2002,deer creek,DCV,CDEC,deer creek,temperature,mean,12.790343915343914
15,2002,deer creek,DCV,CDEC,deer creek,temperature,min,10.333333333333334
16,2002,deer creek,DCV,CDEC,deer creek,temperature,max,14.11111111111111
16,2002,deer creek,DCV,CDEC,deer creek,temperature,mean,10.209986772486772
16,2002,deer creek,DCV,CDEC,deer creek,temperature,min,7.055555555555557
17,2002,deer creek,DCV,CDEC,deer creek,temperature,max,16.38888888888889
17,2002,deer creek,DCV,CDEC,deer creek,temperature,mean,13.078703703703704
17,2002,deer creek,DCV,CDEC,deer creek,temperature,min,9.5
18,2002,deer creek,DCV,CDEC,deer creek,temperature,max,17.055555555555557
18,2002,deer creek,DCV,CDEC,deer creek,temperature,mean,13.624669312169312
18,2002,deer creek,DCV,CDEC,deer creek,temperature,min,9.722222222222221
19,2002,deer creek,DCV,CDEC,deer creek,temperature,max,17.72222222222222
19,2002,deer creek,DCV,CDEC,deer creek,temperature,mean,15.014550264550266
19,2002,deer creek,DCV,CDEC,deer creek,temperature,min,12.555555555555555
20,2002,deer creek,DCV,CDEC,deer creek,temperature,max,19.222222222222218
20,2002,deer creek,DCV,CDEC,deer creek,temperature,mean,16.44179894179894
20,2002,deer creek,DCV,CDEC,deer creek,temperature,min,12.611111111111112
21,2002,deer creek,DCV,CDEC,deer creek,temperature,max,20
21,2002,deer creek,DCV,CDEC,deer creek,temperature,mean,16.050595238095237
21,2002,deer creek,DCV,CDEC,deer creek,temperature,min,11.38888888888889
22,2002,deer creek,DCV,CDEC,deer creek,temperature,max,24.88888888888889
22,2002,deer creek,DCV,CDEC,deer creek,temperature,mean,21.51818783068783
22,2002,deer creek,DCV,CDEC,deer creek,temperature,min,17.22222222222222
23,2002,deer creek,DCV,CDEC,deer creek,temperature,max,24.166666666666668
23,2002,deer creek,DCV,CDEC,deer creek,temperature,mean,20.82440476190476
23,2002,deer creek,DCV,CDEC,deer creek,temperature,min,17.11111111111111
24,2002,deer creek,DCV,CDEC,deer creek,temperature,max,23.5
24,2002,deer creek,DCV,CDEC,deer creek,temperature,mean,21.564814814814813
24,2002,deer creek,DCV,CDEC,deer creek,temperature,min,18.388888888888886
25,2002,deer creek,DCV,CDEC,deer creek,temperature,max,24.72222222222222
25,2002,deer creek,DCV,CDEC,deer creek,temperature,mean,22.70568783068783
25,2002,deer creek,DCV,CDEC,deer creek,temperature,min,20.888888888888886
26,2002,deer creek,DCV,CDEC,deer creek,temperature,max,26.22222222222222
26,2002,deer creek,DCV,CDEC,deer creek,temperature,mean,24.291005291005288
26,2002,deer creek,DCV,CDEC,deer creek,temperature,min,22.11111111111111
27,2002,deer creek,DCV,CDEC,deer creek,temperature,max,26
27,2002,deer creek,DCV,CDEC,deer creek,temperature,mean,24.21362433862434
27,2002,deer creek,DCV,CDEC,deer creek,temperature,min,22.38888888888889
28,2002,deer creek,DCV,CDEC,deer creek,temperature,max,27.722222222222225
28,2002,deer creek,DCV,CDEC,deer creek,temperature,mean,25.68154761904762
28,2002,deer creek,DCV,CDEC,deer creek,temperature,min,22.722222222222225
29,2002,deer creek,DCV,CDEC,deer creek,temperature,max,26.77777777777778
29,2002,deer creek,DCV,CDEC,deer creek,temperature,mean,24.59027777777778
29,2002,deer creek,DCV,CDEC,deer creek,temperature,min,22.5
30,2002,deer creek,DCV,CDEC,deer creek,temperature,max,26.333333333333336
30,2002,deer creek,DCV,CDEC,deer creek,temperature,mean,24.23280423280423
30,2002,deer creek,DCV,CDEC,deer creek,temperature,min,22.333333333333332
31,2002,deer creek,DCV,CDEC,deer creek,temperature,max,26.333333333333336
31,2002,deer creek,DCV,CDEC,deer creek,temperature,mean,24.096560846560845
31,2002,deer creek,DCV,CDEC,deer creek,temperature,min,20.444444444444443
32,2002,deer creek,DCV,CDEC,deer creek,temperature,max,25.166666666666668
32,2002,deer creek,DCV,CDEC,deer creek,temperature,mean,22.076719576719576
32,2002,deer creek,DCV,CDEC,deer creek,temperature,min,19.833333333333332
33,2002,deer creek,DCV,CDEC,deer creek,temperature,max,26.055555555555557
33,2002,deer creek,DCV,CDEC,deer creek,temperature,mean,24.186177248677247
33,2002,deer creek,DCV,CDEC,deer creek,temperature,min,22.277777777777775
34,2002,deer creek,DCV,CDEC,deer creek,temperature,max,23.388888888888886
34,2002,deer creek,DCV,CDEC,deer creek,temperature,mean,21.15608465608466
34,2002,deer creek,DCV,CDEC,deer creek,temperature,min,19.555555555555557
35,2002,deer creek,DCV,CDEC,deer creek,temperature,max,23.666666666666664
35,2002,deer creek,DCV,CDEC,deer creek,temperature,mean,22.055555555555554
35,2002,deer creek,DCV,CDEC,deer creek,temperature,min,20.33333333333333
36,2002,deer creek,DCV,CDEC,deer creek,temperature,max,23.000000000000004
36,2002,deer creek,DCV,CDEC,deer creek,temperature,mean,19.253968253968253
36,2002,deer creek,DCV,CDEC,deer creek,temperature,min,16.61111111111111
37,2002,deer creek,DCV,CDEC,deer creek,temperature,max,20.944444444444443
37,2002,deer creek,DCV,CDEC,deer creek,temperature,mean,18.980489417989418
37,2002,deer creek,DCV,CDEC,deer creek,temperature,min,17.11111111111111
38,2002,deer creek,DCV,CDEC,deer creek,temperature,max,20.666666666666668
38,2002,deer creek,DCV,CDEC,deer creek,temperature,mean,18.883267195767196
38,2002,deer creek,DCV,CDEC,deer creek,temperature,min,17.5
39,2002,deer creek,DCV,CDEC,deer creek,temperature,max,20.222222222222225
39,2002,deer creek,DCV,CDEC,deer creek,temperature,mean,17.855158730158728
39,2002,deer creek,DCV,CDEC,deer creek,temperature,min,15.722222222222221
40,2002,deer creek,DCV,CDEC,deer creek,temperature,max,18.166666666666668
40,2002,deer creek,DCV,CDEC,deer creek,temperature,mean,14.953703703703704
40,2002,deer creek,DCV,CDEC,deer creek,temperature,min,12.5
41,2002,deer creek,DCV,CDEC,deer creek,temperature,max,17.555555555555557
41,2002,deer creek,DCV,CDEC,deer creek,temperature,mean,14.939814814814815
41,2002,deer creek,DCV,CDEC,deer creek,temperature,min,12.833333333333334
42,2002,deer creek,DCV,CDEC,deer creek,temperature,max,14.555555555555555
42,2002,deer creek,DCV,CDEC,deer creek,temperature,mean,13.076058201058203
42,2002,deer creek,DCV,CDEC,deer creek,temperature,min,12.055555555555557
43,2002,deer creek,DCV,CDEC,deer creek,temperature,max,13.722222222222223
43,2002,deer creek,DCV,CDEC,deer creek,temperature,mean,11.902777777777775
43,2002,deer creek,DCV,CDEC,deer creek,temperature,min,10.722222222222221
44,2002,deer creek,DCV,CDEC,deer creek,temperature,max,11.833333333333332
44,2002,deer creek,DCV,CDEC,deer creek,temperature,mean,8.538029100529101
44,2002,deer creek,DCV,CDEC,deer creek,temperature,min,6.666666666666667
45,2002,deer creek,DCV,CDEC,deer creek,temperature,max,11.333333333333334
45,2002,deer creek,DCV,CDEC,deer creek,temperature,mean,9.406415343915343
45,2002,deer creek,DCV,CDEC,deer creek,temperature,min,6.833333333333332
46,2002,deer creek,DCV,CDEC,deer creek,temperature,max,10.666666666666668
46,2002,deer creek,DCV,CDEC,deer creek,temperature,mean,9.34623015873016
46,2002,deer creek,DCV,CDEC,deer creek,temperature,min,8.11111111111111
47,2002,deer creek,DCV,CDEC,deer creek,temperature,max,10.666666666666668
47,2002,deer creek,DCV,CDEC,deer creek,temperature,mean,9.428571428571429
47,2002,deer creek,DCV,CDEC,deer creek,temperature,min,7.944444444444443
48,2002,deer creek,DCV,CDEC,deer creek,temperature,max,8.61111111111111
48,2002,deer creek,DCV,CDEC,deer creek,temperature,mean,7.340277777777779
48,2002,deer creek,DCV,CDEC,deer creek,temperature,min,6.4444444444444455
49,2002,deer creek,DCV,CDEC,deer creek,temperature,max,8.166666666666668
49,2002,deer creek,DCV,CDEC,deer creek,temperature,mean,7.235766045548655
49,2002,deer creek,DCV,CDEC,deer creek,temperature,min,6.277777777777776
50,2002,deer creek,DCV,CDEC,deer creek,temperature,max,11.166666666666666
50,2002,deer creek,DCV,CDEC,deer creek,temperature,mean,8.954365079365079
50,2002,deer creek,DCV,CDEC,deer creek,temperature,min,7.3888888888888875
51,2002,deer creek,DCV,CDEC,deer creek,temperature,max,8.499999999999998
51,2002,deer creek,DCV,CDEC,deer creek,temperature,mean,6.959656084656085
51,2002,deer creek,DCV,CDEC,deer creek,temperature,min,5.444444444444443
52,2002,deer creek,DCV,CDEC,deer creek,temperature,max,9.333333333333332
52,2002,deer creek,DCV,CDEC,deer creek,temperature,mean,7.288690476190475
52,2002,deer creek,DCV,CDEC,deer creek,temperature,min,5.333333333333334
53,2002,deer creek,DCV,CDEC,deer creek,temperature,max,7.944444444444443
53,2002,deer creek,DCV,CDEC,deer creek,temperature,mean,7.659722222222222
53,2002,deer creek,DCV,CDEC,deer creek,temperature,min,7.444444444444445
1,2003,deer creek,DCV,CDEC,deer creek,temperature,max,8.666666666666666
1,2003,deer creek,DCV,CDEC,deer creek,temperature,mean,7.837962962962963
1,2003,deer creek,DCV,CDEC,deer creek,temperature,min,6.666666666666667
2,2003,deer creek,DCV,CDEC,deer creek,temperature,max,9.5
2,2003,deer creek,DCV,CDEC,deer creek,temperature,mean,8.459986772486772
2,2003,deer creek,DCV,CDEC,deer creek,temperature,min,7.000000000000001
3,2003,deer creek,DCV,CDEC,deer creek,temperature,max,8.88888888888889
3,2003,deer creek,DCV,CDEC,deer creek,temperature,mean,8.038058495002938
3,2003,deer creek,DCV,CDEC,deer creek,temperature,min,7.222222222222222
4,2003,deer creek,DCV,CDEC,deer creek,temperature,max,9.722222222222221
4,2003,deer creek,DCV,CDEC,deer creek,temperature,mean,8.82357677663958
4,2003,deer creek,DCV,CDEC,deer creek,temperature,min,7.777777777777778
5,2003,deer creek,DCV,CDEC,deer creek,temperature,max,9.833333333333336
5,2003,deer creek,DCV,CDEC,deer creek,temperature,mean,7.809854497354498
5,2003,deer creek,DCV,CDEC,deer creek,temperature,min,5.555555555555555
6,2003,deer creek,DCV,CDEC,deer creek,temperature,max,6.555555555555554
6,2003,deer creek,DCV,CDEC,deer creek,temperature,mean,5.002314814814815
6,2003,deer creek,DCV,CDEC,deer creek,temperature,min,3.888888888888889
7,2003,deer creek,DCV,CDEC,deer creek,temperature,max,10.166666666666664
7,2003,deer creek,DCV,CDEC,deer creek,temperature,mean,8.470568783068783
7,2003,deer creek,DCV,CDEC,deer creek,temperature,min,6.277777777777776
8,2003,deer creek,DCV,CDEC,deer creek,temperature,max,8.944444444444445
8,2003,deer creek,DCV,CDEC,deer creek,temperature,mean,7.986772486772488
8,2003,deer creek,DCV,CDEC,deer creek,temperature,min,6.666666666666667
9,2003,deer creek,DCV,CDEC,deer creek,temperature,max,8.666666666666666
9,2003,deer creek,DCV,CDEC,deer creek,temperature,mean,7.577380952380953
9,2003,deer creek,DCV,CDEC,deer creek,temperature,min,6.611111111111111
10,2003,deer creek,DCV,CDEC,deer creek,temperature,max,11.38888888888889
10,2003,deer creek,DCV,CDEC,deer creek,temperature,mean,8.91170634920635
10,2003,deer creek,DCV,CDEC,deer creek,temperature,min,6.4444444444444455
11,2003,deer creek,DCV,CDEC,deer creek,temperature,max,13.222222222222221
11,2003,deer creek,DCV,CDEC,deer creek,temperature,mean,9.881613756613756
11,2003,deer creek,DCV,CDEC,deer creek,temperature,min,7.222222222222222
12,2003,deer creek,DCV,CDEC,deer creek,temperature,max,11.500000000000002
12,2003,deer creek,DCV,CDEC,deer creek,temperature,mean,9.941137566137566
12,2003,deer creek,DCV,CDEC,deer creek,temperature,min,7.666666666666665
13,2003,deer creek,DCV,CDEC,deer creek,temperature,max,13.222222222222221
13,2003,deer creek,DCV,CDEC,deer creek,temperature,mean,10.491291015747539
13,2003,deer creek,DCV,CDEC,deer creek,temperature,min,8.055555555555555
14,2003,deer creek,DCV,CDEC,deer creek,temperature,max,12.277777777777779
14,2003,deer creek,DCV,CDEC,deer creek,temperature,mean,8.7176357257879
14,2003,deer creek,DCV,CDEC,deer creek,temperature,min,6.388888888888889
15,2003,deer creek,DCV,CDEC,deer creek,temperature,max,12.5
15,2003,deer creek,DCV,CDEC,deer creek,temperature,mean,10.051256613756612
15,2003,deer creek,DCV,CDEC,deer creek,temperature,min,7.444444444444445
16,2003,deer creek,DCV,CDEC,deer creek,temperature,max,11.777777777777779
16,2003,deer creek,DCV,CDEC,deer creek,temperature,mean,10.083002645502646
16,2003,deer creek,DCV,CDEC,deer creek,temperature,min,8.222222222222221
17,2003,deer creek,DCV,CDEC,deer creek,temperature,max,11.277777777777777
17,2003,deer creek,DCV,CDEC,deer creek,temperature,mean,9.395502645502646
17,2003,deer creek,DCV,CDEC,deer creek,temperature,min,7.555555555555555
18,2003,deer creek,DCV,CDEC,deer creek,temperature,max,11.61111111111111
18,2003,deer creek,DCV,CDEC,deer creek,temperature,mean,10.259589947089948
18,2003,deer creek,DCV,CDEC,deer creek,temperature,min,8.777777777777777
19,2003,deer creek,DCV,CDEC,deer creek,temperature,max,14.944444444444445
19,2003,deer creek,DCV,CDEC,deer creek,temperature,mean,11.00313434552565
19,2003,deer creek,DCV,CDEC,deer creek,temperature,min,8.055555555555555
20,2003,deer creek,DCV,CDEC,deer creek,temperature,max,15.944444444444445
20,2003,deer creek,DCV,CDEC,deer creek,temperature,mean,13.496693121693122
20,2003,deer creek,DCV,CDEC,deer creek,temperature,min,10.88888888888889
21,2003,deer creek,DCV,CDEC,deer creek,temperature,max,19
21,2003,deer creek,DCV,CDEC,deer creek,temperature,mean,16.578703703703706
21,2003,deer creek,DCV,CDEC,deer creek,temperature,min,13.333333333333334
22,2003,deer creek,DCV,CDEC,deer creek,temperature,max,20.666666666666668
22,2003,deer creek,DCV,CDEC,deer creek,temperature,mean,18.0327380952381
22,2003,deer creek,DCV,CDEC,deer creek,temperature,min,15.166666666666666
23,2003,deer creek,DCV,CDEC,deer creek,temperature,max,23.055555555555557
23,2003,deer creek,DCV,CDEC,deer creek,temperature,mean,20.83730158730159
23,2003,deer creek,DCV,CDEC,deer creek,temperature,min,18.277777777777782
24,2003,deer creek,DCV,CDEC,deer creek,temperature,max,23.61111111111111
24,2003,deer creek,DCV,CDEC,deer creek,temperature,mean,20.445767195767196
24,2003,deer creek,DCV,CDEC,deer creek,temperature,min,18.22222222222222
25,2003,deer creek,DCV,CDEC,deer creek,temperature,max,23.166666666666668
25,2003,deer creek,DCV,CDEC,deer creek,temperature,mean,20.771164021164022
25,2003,deer creek,DCV,CDEC,deer creek,temperature,min,17.61111111111111
26,2003,deer creek,DCV,CDEC,deer creek,temperature,max,24.055555555555557
26,2003,deer creek,DCV,CDEC,deer creek,temperature,mean,21.556216931216934
26,2003,deer creek,DCV,CDEC,deer creek,temperature,min,18.000000000000004
27,2003,deer creek,DCV,CDEC,deer creek,temperature,max,23.555555555555557
27,2003,deer creek,DCV,CDEC,deer creek,temperature,mean,21.42890211640212
27,2003,deer creek,DCV,CDEC,deer creek,temperature,min,18.88888888888889
28,2003,deer creek,DCV,CDEC,deer creek,temperature,max,24.555555555555557
28,2003,deer creek,DCV,CDEC,deer creek,temperature,mean,22.84920634920635
28,2003,deer creek,DCV,CDEC,deer creek,temperature,min,20.444444444444443
29,2003,deer creek,DCV,CDEC,deer creek,temperature,max,27.38888888888889
29,2003,deer creek,DCV,CDEC,deer creek,temperature,mean,24.34259259259259
29,2003,deer creek,DCV,CDEC,deer creek,temperature,min,21.77777777777778
30,2003,deer creek,DCV,CDEC,deer creek,temperature,max,27.333333333333332
30,2003,deer creek,DCV,CDEC,deer creek,temperature,mean,25.494378306878307
30,2003,deer creek,DCV,CDEC,deer creek,temperature,min,23.444444444444443
31,2003,deer creek,DCV,CDEC,deer creek,temperature,max,26.722222222222218
31,2003,deer creek,DCV,CDEC,deer creek,temperature,mean,24.09605762594893
31,2003,deer creek,DCV,CDEC,deer creek,temperature,min,21.555555555555557
32,2003,deer creek,DCV,CDEC,deer creek,temperature,max,23.388888888888886
32,2003,deer creek,DCV,CDEC,deer creek,temperature,mean,21.44708994708995
32,2003,deer creek,DCV,CDEC,deer creek,temperature,min,19.72222222222222
33,2003,deer creek,DCV,CDEC,deer creek,temperature,max,23.5
33,2003,deer creek,DCV,CDEC,deer creek,temperature,mean,21.116071428571427
33,2003,deer creek,DCV,CDEC,deer creek,temperature,min,19.27777777777778
34,2003,deer creek,DCV,CDEC,deer creek,temperature,max,23.388888888888886
34,2003,deer creek,DCV,CDEC,deer creek,temperature,mean,21.50429894179894
34,2003,deer creek,DCV,CDEC,deer creek,temperature,min,19.499999999999996
35,2003,deer creek,DCV,CDEC,deer creek,temperature,max,23.333333333333332
35,2003,deer creek,DCV,CDEC,deer creek,temperature,mean,21.319775132275133
35,2003,deer creek,DCV,CDEC,deer creek,temperature,min,19.388888888888893
36,2003,deer creek,DCV,CDEC,deer creek,temperature,max,23.5
36,2003,deer creek,DCV,CDEC,deer creek,temperature,mean,20.424603174603174
36,2003,deer creek,DCV,CDEC,deer creek,temperature,min,17.27777777777778
37,2003,deer creek,DCV,CDEC,deer creek,temperature,max,20.555555555555557
37,2003,deer creek,DCV,CDEC,deer creek,temperature,mean,18.80125661375661
37,2003,deer creek,DCV,CDEC,deer creek,temperature,min,16.444444444444443
38,2003,deer creek,DCV,CDEC,deer creek,temperature,max,19.72222222222222
38,2003,deer creek,DCV,CDEC,deer creek,temperature,mean,17.762350471589603
38,2003,deer creek,DCV,CDEC,deer creek,temperature,min,15.88888888888889
39,2003,deer creek,DCV,CDEC,deer creek,temperature,max,19.88888888888889
39,2003,deer creek,DCV,CDEC,deer creek,temperature,mean,18.239748677248677
39,2003,deer creek,DCV,CDEC,deer creek,temperature,min,16
40,2003,deer creek,DCV,CDEC,deer creek,temperature,max,18.72222222222222
40,2003,deer creek,DCV,CDEC,deer creek,temperature,mean,17.2390873015873
40,2003,deer creek,DCV,CDEC,deer creek,temperature,min,15.88888888888889
41,2003,deer creek,DCV,CDEC,deer creek,temperature,max,17.944444444444443
41,2003,deer creek,DCV,CDEC,deer creek,temperature,mean,14.388558201058203
41,2003,deer creek,DCV,CDEC,deer creek,temperature,min,12
42,2003,deer creek,DCV,CDEC,deer creek,temperature,max,15.166666666666666
42,2003,deer creek,DCV,CDEC,deer creek,temperature,mean,13.23677248677249
42,2003,deer creek,DCV,CDEC,deer creek,temperature,min,11.833333333333332
43,2003,deer creek,DCV,CDEC,deer creek,temperature,max,15.555555555555555
43,2003,deer creek,DCV,CDEC,deer creek,temperature,mean,14.104497354497356
43,2003,deer creek,DCV,CDEC,deer creek,temperature,min,12.777777777777779
44,2003,deer creek,DCV,CDEC,deer creek,temperature,max,14.88888888888889
44,2003,deer creek,DCV,CDEC,deer creek,temperature,mean,9.80787037037037
44,2003,deer creek,DCV,CDEC,deer creek,temperature,min,7.11111111111111
45,2003,deer creek,DCV,CDEC,deer creek,temperature,max,10.999999999999998
45,2003,deer creek,DCV,CDEC,deer creek,temperature,mean,9.404431216931217
45,2003,deer creek,DCV,CDEC,deer creek,temperature,min,7.777777777777778
46,2003,deer creek,DCV,CDEC,deer creek,temperature,max,10.111111111111112
46,2003,deer creek,DCV,CDEC,deer creek,temperature,mean,9.220568783068783
46,2003,deer creek,DCV,CDEC,deer creek,temperature,min,8.333333333333334
47,2003,deer creek,DCV,CDEC,deer creek,temperature,max,10.388888888888891
47,2003,deer creek,DCV,CDEC,deer creek,temperature,mean,6.831349206349207
47,2003,deer creek,DCV,CDEC,deer creek,temperature,min,4.500000000000001
48,2003,deer creek,DCV,CDEC,deer creek,temperature,max,10.166666666666664
48,2003,deer creek,DCV,CDEC,deer creek,temperature,mean,7.483796296296297
48,2003,deer creek,DCV,CDEC,deer creek,temperature,min,5
49,2003,deer creek,DCV,CDEC,deer creek,temperature,max,10.555555555555555
49,2003,deer creek,DCV,CDEC,deer creek,temperature,mean,8.746031746031747
49,2003,deer creek,DCV,CDEC,deer creek,temperature,min,6.166666666666668
50,2003,deer creek,DCV,CDEC,deer creek,temperature,max,8.722222222222223
50,2003,deer creek,DCV,CDEC,deer creek,temperature,mean,7.146825396825397
50,2003,deer creek,DCV,CDEC,deer creek,temperature,min,5.333333333333334
51,2003,deer creek,DCV,CDEC,deer creek,temperature,max,8.722222222222223
51,2003,deer creek,DCV,CDEC,deer creek,temperature,mean,6.930886243386243
51,2003,deer creek,DCV,CDEC,deer creek,temperature,min,5.277777777777778
52,2003,deer creek,DCV,CDEC,deer creek,temperature,max,9.611111111111109
52,2003,deer creek,DCV,CDEC,deer creek,temperature,mean,6.370701058201058
52,2003,deer creek,DCV,CDEC,deer creek,temperature,min,3.8333333333333326
53,2003,deer creek,DCV,CDEC,deer creek,temperature,max,7.5
53,2003,deer creek,DCV,CDEC,deer creek,temperature,mean,7.266203703703704
53,2003,deer creek,DCV,CDEC,deer creek,temperature,min,7.000000000000001
1,2004,deer creek,DCV,CDEC,deer creek,temperature,max,7.666666666666665
1,2004,deer creek,DCV,CDEC,deer creek,temperature,mean,5.775793650793651
1,2004,deer creek,DCV,CDEC,deer creek,temperature,min,4.388888888888888
2,2004,deer creek,DCV,CDEC,deer creek,temperature,max,8.499999999999998
2,2004,deer creek,DCV,CDEC,deer creek,temperature,mean,7.545304232804233
2,2004,deer creek,DCV,CDEC,deer creek,temperature,min,6.4444444444444455
3,2004,deer creek,DCV,CDEC,deer creek,temperature,max,7.777777777777778
3,2004,deer creek,DCV,CDEC,deer creek,temperature,mean,7.065145502645502
3,2004,deer creek,DCV,CDEC,deer creek,temperature,min,5.499999999999999
4,2004,deer creek,DCV,CDEC,deer creek,temperature,max,6.944444444444445
4,2004,deer creek,DCV,CDEC,deer creek,temperature,mean,5.9715608465608465
4,2004,deer creek,DCV,CDEC,deer creek,temperature,min,4.8888888888888875
5,2004,deer creek,DCV,CDEC,deer creek,temperature,max,7.944444444444443
5,2004,deer creek,DCV,CDEC,deer creek,temperature,mean,6.609788359788361
5,2004,deer creek,DCV,CDEC,deer creek,temperature,min,5.611111111111112
6,2004,deer creek,DCV,CDEC,deer creek,temperature,max,7.222222222222222
6,2004,deer creek,DCV,CDEC,deer creek,temperature,mean,6.194444444444444
6,2004,deer creek,DCV,CDEC,deer creek,temperature,min,5.222222222222221
7,2004,deer creek,DCV,CDEC,deer creek,temperature,max,9.666666666666666
7,2004,deer creek,DCV,CDEC,deer creek,temperature,mean,7.951058201058202
7,2004,deer creek,DCV,CDEC,deer creek,temperature,min,5.7222222222222205
8,2004,deer creek,DCV,CDEC,deer creek,temperature,max,8.833333333333334
8,2004,deer creek,DCV,CDEC,deer creek,temperature,mean,8.060515873015873
8,2004,deer creek,DCV,CDEC,deer creek,temperature,min,6.888888888888888
9,2004,deer creek,DCV,CDEC,deer creek,temperature,max,8.499999999999998
9,2004,deer creek,DCV,CDEC,deer creek,temperature,mean,7.788690476190476
9,2004,deer creek,DCV,CDEC,deer creek,temperature,min,6.611111111111111
10,2004,deer creek,DCV,CDEC,deer creek,temperature,max,11.722222222222221
10,2004,deer creek,DCV,CDEC,deer creek,temperature,mean,9.63888888888889
10,2004,deer creek,DCV,CDEC,deer creek,temperature,min,6.722222222222223
11,2004,deer creek,DCV,CDEC,deer creek,temperature,max,11.38888888888889
11,2004,deer creek,DCV,CDEC,deer creek,temperature,mean,10.072751322751321
11,2004,deer creek,DCV,CDEC,deer creek,temperature,min,8.722222222222223
12,2004,deer creek,DCV,CDEC,deer creek,temperature,max,12.5
12,2004,deer creek,DCV,CDEC,deer creek,temperature,mean,10.698082010582011
12,2004,deer creek,DCV,CDEC,deer creek,temperature,min,8.722222222222223
13,2004,deer creek,DCV,CDEC,deer creek,temperature,max,12.555555555555555
13,2004,deer creek,DCV,CDEC,deer creek,temperature,mean,9.866402116402115
13,2004,deer creek,DCV,CDEC,deer creek,temperature,min,7.3888888888888875
14,2004,deer creek,DCV,CDEC,deer creek,temperature,max,12.777777777777779
14,2004,deer creek,DCV,CDEC,deer creek,temperature,mean,11.010682654704395
14,2004,deer creek,DCV,CDEC,deer creek,temperature,min,8.499999999999998
15,2004,deer creek,DCV,CDEC,deer creek,temperature,max,14.000000000000002
15,2004,deer creek,DCV,CDEC,deer creek,temperature,mean,12.61739417989418
15,2004,deer creek,DCV,CDEC,deer creek,temperature,min,10.722222222222221
16,2004,deer creek,DCV,CDEC,deer creek,temperature,max,12.5
16,2004,deer creek,DCV,CDEC,deer creek,temperature,mean,10.333002645502646
16,2004,deer creek,DCV,CDEC,deer creek,temperature,min,8.88888888888889
17,2004,deer creek,DCV,CDEC,deer creek,temperature,max,17.5
17,2004,deer creek,DCV,CDEC,deer creek,temperature,mean,14.184523809523812
17,2004,deer creek,DCV,CDEC,deer creek,temperature,min,9.11111111111111
18,2004,deer creek,DCV,CDEC,deer creek,temperature,max,18.72222222222222
18,2004,deer creek,DCV,CDEC,deer creek,temperature,mean,16.016203703703702
18,2004,deer creek,DCV,CDEC,deer creek,temperature,min,13.11111111111111
19,2004,deer creek,DCV,CDEC,deer creek,temperature,max,16.833333333333332
19,2004,deer creek,DCV,CDEC,deer creek,temperature,mean,15.222380377271682
19,2004,deer creek,DCV,CDEC,deer creek,temperature,min,12.611111111111112
20,2004,deer creek,DCV,CDEC,deer creek,temperature,max,18.5
20,2004,deer creek,DCV,CDEC,deer creek,temperature,mean,16.342261904761905
20,2004,deer creek,DCV,CDEC,deer creek,temperature,min,13.222222222222221
21,2004,deer creek,DCV,CDEC,deer creek,temperature,max,19.27777777777778
21,2004,deer creek,DCV,CDEC,deer creek,temperature,mean,16.78935185185185
21,2004,deer creek,DCV,CDEC,deer creek,temperature,min,14.000000000000002
22,2004,deer creek,DCV,CDEC,deer creek,temperature,max,21.666666666666668
22,2004,deer creek,DCV,CDEC,deer creek,temperature,mean,18.13095238095238
22,2004,deer creek,DCV,CDEC,deer creek,temperature,min,14.777777777777779
23,2004,deer creek,DCV,CDEC,deer creek,temperature,max,22.055555555555557
23,2004,deer creek,DCV,CDEC,deer creek,temperature,mean,19.778769841269842
23,2004,deer creek,DCV,CDEC,deer creek,temperature,min,16.055555555555557
24,2004,deer creek,DCV,CDEC,deer creek,temperature,max,23.88888888888889
24,2004,deer creek,DCV,CDEC,deer creek,temperature,mean,20.32804232804233
24,2004,deer creek,DCV,CDEC,deer creek,temperature,min,16.88888888888889
25,2004,deer creek,DCV,CDEC,deer creek,temperature,max,24.66666666666667
25,2004,deer creek,DCV,CDEC,deer creek,temperature,mean,22.894510582010582
25,2004,deer creek,DCV,CDEC,deer creek,temperature,min,21.166666666666664
26,2004,deer creek,DCV,CDEC,deer creek,temperature,max,24.166666666666668
26,2004,deer creek,DCV,CDEC,deer creek,temperature,mean,22.80224867724868
26,2004,deer creek,DCV,CDEC,deer creek,temperature,min,21.166666666666664
27,2004,deer creek,DCV,CDEC,deer creek,temperature,max,26.999999999999996
27,2004,deer creek,DCV,CDEC,deer creek,temperature,mean,24.51124338624339
27,2004,deer creek,DCV,CDEC,deer creek,temperature,min,21.611111111111114
28,2004,deer creek,DCV,CDEC,deer creek,temperature,max,25.833333333333332
28,2004,deer creek,DCV,CDEC,deer creek,temperature,mean,22.930224867724867
28,2004,deer creek,DCV,CDEC,deer creek,temperature,min,20.833333333333332
29,2004,deer creek,DCV,CDEC,deer creek,temperature,max,26.11111111111111
29,2004,deer creek,DCV,CDEC,deer creek,temperature,mean,23.215939153439148
29,2004,deer creek,DCV,CDEC,deer creek,temperature,min,20.666666666666668
30,2004,deer creek,DCV,CDEC,deer creek,temperature,max,26.333333333333336
30,2004,deer creek,DCV,CDEC,deer creek,temperature,mean,24.633928571428573
30,2004,deer creek,DCV,CDEC,deer creek,temperature,min,22.77777777777778
31,2004,deer creek,DCV,CDEC,deer creek,temperature,max,25.27777777777778
31,2004,deer creek,DCV,CDEC,deer creek,temperature,mean,23.14219576719577
31,2004,deer creek,DCV,CDEC,deer creek,temperature,min,21.22222222222222
32,2004,deer creek,DCV,CDEC,deer creek,temperature,max,24.333333333333332
32,2004,deer creek,DCV,CDEC,deer creek,temperature,mean,22.316468253968253
32,2004,deer creek,DCV,CDEC,deer creek,temperature,min,20.222222222222225
33,2004,deer creek,DCV,CDEC,deer creek,temperature,max,24.555555555555557
33,2004,deer creek,DCV,CDEC,deer creek,temperature,mean,22.87374913733609
33,2004,deer creek,DCV,CDEC,deer creek,temperature,min,21.27777777777778
34,2004,deer creek,DCV,CDEC,deer creek,temperature,max,24.444444444444443
34,2004,deer creek,DCV,CDEC,deer creek,temperature,mean,22.536706349206348
34,2004,deer creek,DCV,CDEC,deer creek,temperature,min,20.611111111111107
35,2004,deer creek,DCV,CDEC,deer creek,temperature,max,23.22222222222222
35,2004,deer creek,DCV,CDEC,deer creek,temperature,mean,21.440806878306876
35,2004,deer creek,DCV,CDEC,deer creek,temperature,min,19.88888888888889
36,2004,deer creek,DCV,CDEC,deer creek,temperature,max,22.22222222222222
36,2004,deer creek,DCV,CDEC,deer creek,temperature,mean,20.212962962962962
36,2004,deer creek,DCV,CDEC,deer creek,temperature,min,18.166666666666668
37,2004,deer creek,DCV,CDEC,deer creek,temperature,max,21.999999999999996
37,2004,deer creek,DCV,CDEC,deer creek,temperature,mean,19.677910052910054
37,2004,deer creek,DCV,CDEC,deer creek,temperature,min,17.38888888888889
38,2004,deer creek,DCV,CDEC,deer creek,temperature,max,20.611111111111107
38,2004,deer creek,DCV,CDEC,deer creek,temperature,mean,17.002645502645503
38,2004,deer creek,DCV,CDEC,deer creek,temperature,min,14.166666666666666
39,2004,deer creek,DCV,CDEC,deer creek,temperature,max,17.83333333333333
39,2004,deer creek,DCV,CDEC,deer creek,temperature,mean,16.34424603174603
39,2004,deer creek,DCV,CDEC,deer creek,temperature,min,14.833333333333334
40,2004,deer creek,DCV,CDEC,deer creek,temperature,max,18.333333333333332
40,2004,deer creek,DCV,CDEC,deer creek,temperature,mean,16.78935185185185
40,2004,deer creek,DCV,CDEC,deer creek,temperature,min,15.333333333333334
41,2004,deer creek,DCV,CDEC,deer creek,temperature,max,17.77777777777778
41,2004,deer creek,DCV,CDEC,deer creek,temperature,mean,15.311772486772487
41,2004,deer creek,DCV,CDEC,deer creek,temperature,min,13.166666666666668
42,2004,deer creek,DCV,CDEC,deer creek,temperature,max,16.38888888888889
42,2004,deer creek,DCV,CDEC,deer creek,temperature,mean,13.568452380952381
42,2004,deer creek,DCV,CDEC,deer creek,temperature,min,10.833333333333334
43,2004,deer creek,DCV,CDEC,deer creek,temperature,max,11.777777777777779
43,2004,deer creek,DCV,CDEC,deer creek,temperature,mean,10.76653439153439
43,2004,deer creek,DCV,CDEC,deer creek,temperature,min,9.666666666666666
44,2004,deer creek,DCV,CDEC,deer creek,temperature,max,10.444444444444443
44,2004,deer creek,DCV,CDEC,deer creek,temperature,mean,9.257275132275131
44,2004,deer creek,DCV,CDEC,deer creek,temperature,min,8.11111111111111
45,2004,deer creek,DCV,CDEC,deer creek,temperature,max,11.38888888888889
45,2004,deer creek,DCV,CDEC,deer creek,temperature,mean,9.806216931216932
45,2004,deer creek,DCV,CDEC,deer creek,temperature,min,8.166666666666668
46,2004,deer creek,DCV,CDEC,deer creek,temperature,max,11.61111111111111
46,2004,deer creek,DCV,CDEC,deer creek,temperature,mean,10.467261904761907
46,2004,deer creek,DCV,CDEC,deer creek,temperature,min,9.555555555555557
47,2004,deer creek,DCV,CDEC,deer creek,temperature,max,9.611111111111109
47,2004,deer creek,DCV,CDEC,deer creek,temperature,mean,7.2824074074074066
47,2004,deer creek,DCV,CDEC,deer creek,temperature,min,5.611111111111112
48,2004,deer creek,DCV,CDEC,deer creek,temperature,max,8.11111111111111
48,2004,deer creek,DCV,CDEC,deer creek,temperature,mean,5.716931216931217
48,2004,deer creek,DCV,CDEC,deer creek,temperature,min,3.6666666666666674
49,2004,deer creek,DCV,CDEC,deer creek,temperature,max,9.055555555555554
49,2004,deer creek,DCV,CDEC,deer creek,temperature,mean,5.292658730158729
49,2004,deer creek,DCV,CDEC,deer creek,temperature,min,3.7222222222222237
50,2004,deer creek,DCV,CDEC,deer creek,temperature,max,9.611111111111109
50,2004,deer creek,DCV,CDEC,deer creek,temperature,mean,8.341931216931217
50,2004,deer creek,DCV,CDEC,deer creek,temperature,min,6.888888888888888
51,2004,deer creek,DCV,CDEC,deer creek,temperature,max,7.3888888888888875
51,2004,deer creek,DCV,CDEC,deer creek,temperature,mean,6.482142857142857
51,2004,deer creek,DCV,CDEC,deer creek,temperature,min,5.555555555555555
52,2004,deer creek,DCV,CDEC,deer creek,temperature,max,8.944444444444445
52,2004,deer creek,DCV,CDEC,deer creek,temperature,mean,6.557870370370371
52,2004,deer creek,DCV,CDEC,deer creek,temperature,min,4.666666666666666
53,2004,deer creek,DCV,CDEC,deer creek,temperature,max,8.11111111111111
53,2004,deer creek,DCV,CDEC,deer creek,temperature,mean,7.486111111111111
53,2004,deer creek,DCV,CDEC,deer creek,temperature,min,6.888888888888888
1,2005,deer creek,DCV,CDEC,deer creek,temperature,max,7.222222222222222
1,2005,deer creek,DCV,CDEC,deer creek,temperature,mean,6.635251322751323
1,2005,deer creek,DCV,CDEC,deer creek,temperature,min,5.944444444444446
2,2005,deer creek,DCV,CDEC,deer creek,temperature,max,7.3888888888888875
2,2005,deer creek,DCV,CDEC,deer creek,temperature,mean,6.358796296296297
2,2005,deer creek,DCV,CDEC,deer creek,temperature,min,5.1111111111111125
3,2005,deer creek,DCV,CDEC,deer creek,temperature,max,8.055555555555555
3,2005,deer creek,DCV,CDEC,deer creek,temperature,mean,7.430224867724868
3,2005,deer creek,DCV,CDEC,deer creek,temperature,min,6.166666666666668
4,2005,deer creek,DCV,CDEC,deer creek,temperature,max,9.277777777777779
4,2005,deer creek,DCV,CDEC,deer creek,temperature,mean,7.8865740740740735
4,2005,deer creek,DCV,CDEC,deer creek,temperature,min,6.277777777777776
5,2005,deer creek,DCV,CDEC,deer creek,temperature,max,8.555555555555555
5,2005,deer creek,DCV,CDEC,deer creek,temperature,mean,7.505952380952381
5,2005,deer creek,DCV,CDEC,deer creek,temperature,min,6.388888888888889
6,2005,deer creek,DCV,CDEC,deer creek,temperature,max,8.499999999999998
6,2005,deer creek,DCV,CDEC,deer creek,temperature,mean,7.722552910052911
6,2005,deer creek,DCV,CDEC,deer creek,temperature,min,6.888888888888888
7,2005,deer creek,DCV,CDEC,deer creek,temperature,max,9.5
7,2005,deer creek,DCV,CDEC,deer creek,temperature,mean,8.644841269841269
7,2005,deer creek,DCV,CDEC,deer creek,temperature,min,7.166666666666667
8,2005,deer creek,DCV,CDEC,deer creek,temperature,max,10
8,2005,deer creek,DCV,CDEC,deer creek,temperature,mean,9.175264550264549
8,2005,deer creek,DCV,CDEC,deer creek,temperature,min,8.333333333333334
9,2005,deer creek,DCV,CDEC,deer creek,temperature,max,10.333333333333334
9,2005,deer creek,DCV,CDEC,deer creek,temperature,mean,9.018849206349204
9,2005,deer creek,DCV,CDEC,deer creek,temperature,min,7.6111111111111125
10,2005,deer creek,DCV,CDEC,deer creek,temperature,max,12.277777777777779
10,2005,deer creek,DCV,CDEC,deer creek,temperature,mean,10.891203703703704
10,2005,deer creek,DCV,CDEC,deer creek,temperature,min,9.055555555555554
11,2005,deer creek,DCV,CDEC,deer creek,temperature,max,12.222222222222221
11,2005,deer creek,DCV,CDEC,deer creek,temperature,mean,10.094907407407408
11,2005,deer creek,DCV,CDEC,deer creek,temperature,min,8.61111111111111
12,2005,deer creek,DCV,CDEC,deer creek,temperature,max,10
12,2005,deer creek,DCV,CDEC,deer creek,temperature,mean,8.834656084656084
12,2005,deer creek,DCV,CDEC,deer creek,temperature,min,7.166666666666667
13,2005,deer creek,DCV,CDEC,deer creek,temperature,max,10.722222222222221
13,2005,deer creek,DCV,CDEC,deer creek,temperature,mean,9.46164021164021
13,2005,deer creek,DCV,CDEC,deer creek,temperature,min,7.277777777777778
14,2005,deer creek,DCV,CDEC,deer creek,temperature,max,12.555555555555555
14,2005,deer creek,DCV,CDEC,deer creek,temperature,mean,10.116157694962041
14,2005,deer creek,DCV,CDEC,deer creek,temperature,min,7.944444444444443
15,2005,deer creek,DCV,CDEC,deer creek,temperature,max,12.555555555555555
15,2005,deer creek,DCV,CDEC,deer creek,temperature,mean,10.122023809523808
15,2005,deer creek,DCV,CDEC,deer creek,temperature,min,7.777777777777778
16,2005,deer creek,DCV,CDEC,deer creek,temperature,max,14.055555555555554
16,2005,deer creek,DCV,CDEC,deer creek,temperature,mean,12.00165343915344
16,2005,deer creek,DCV,CDEC,deer creek,temperature,min,9.666666666666666
17,2005,deer creek,DCV,CDEC,deer creek,temperature,max,14.166666666666666
17,2005,deer creek,DCV,CDEC,deer creek,temperature,mean,12.629960317460316
17,2005,deer creek,DCV,CDEC,deer creek,temperature,min,10.5
18,2005,deer creek,DCV,CDEC,deer creek,temperature,max,15.5
18,2005,deer creek,DCV,CDEC,deer creek,temperature,mean,13.728174603174603
18,2005,deer creek,DCV,CDEC,deer creek,temperature,min,12.055555555555557
19,2005,deer creek,DCV,CDEC,deer creek,temperature,max,15.833333333333334
19,2005,deer creek,DCV,CDEC,deer creek,temperature,mean,12.17361111111111
19,2005,deer creek,DCV,CDEC,deer creek,temperature,min,9.277777777777779
20,2005,deer creek,DCV,CDEC,deer creek,temperature,max,17.11111111111111
20,2005,deer creek,DCV,CDEC,deer creek,temperature,mean,12.852843915343914
20,2005,deer creek,DCV,CDEC,deer creek,temperature,min,10.333333333333334
21,2005,deer creek,DCV,CDEC,deer creek,temperature,max,20
21,2005,deer creek,DCV,CDEC,deer creek,temperature,mean,15.235449735449736
21,2005,deer creek,DCV,CDEC,deer creek,temperature,min,11.444444444444445
22,2005,deer creek,DCV,CDEC,deer creek,temperature,max,19.111111111111114
22,2005,deer creek,DCV,CDEC,deer creek,temperature,mean,16.767857142857142
22,2005,deer creek,DCV,CDEC,deer creek,temperature,min,13.277777777777779
23,2005,deer creek,DCV,CDEC,deer creek,temperature,max,18.72222222222222
23,2005,deer creek,DCV,CDEC,deer creek,temperature,mean,15.523148148148149
23,2005,deer creek,DCV,CDEC,deer creek,temperature,min,12.888888888888891
24,2005,deer creek,DCV,CDEC,deer creek,temperature,max,21.055555555555557
24,2005,deer creek,DCV,CDEC,deer creek,temperature,mean,17.941137566137563
24,2005,deer creek,DCV,CDEC,deer creek,temperature,min,14.277777777777779
25,2005,deer creek,DCV,CDEC,deer creek,temperature,max,21.11111111111111
25,2005,deer creek,DCV,CDEC,deer creek,temperature,mean,17.48941798941799
25,2005,deer creek,DCV,CDEC,deer creek,temperature,min,13.277777777777779
26,2005,deer creek,DCV,CDEC,deer creek,temperature,max,24.777777777777775
26,2005,deer creek,DCV,CDEC,deer creek,temperature,mean,21.12962962962963
26,2005,deer creek,DCV,CDEC,deer creek,temperature,min,18.72222222222222
27,2005,deer creek,DCV,CDEC,deer creek,temperature,max,25.555555555555557
27,2005,deer creek,DCV,CDEC,deer creek,temperature,mean,23.8207671957672
27,2005,deer creek,DCV,CDEC,deer creek,temperature,min,22.16666666666667
28,2005,deer creek,DCV,CDEC,deer creek,temperature,max,26.611111111111114
28,2005,deer creek,DCV,CDEC,deer creek,temperature,mean,23.942129629629626
28,2005,deer creek,DCV,CDEC,deer creek,temperature,min,21.444444444444443
29,2005,deer creek,DCV,CDEC,deer creek,temperature,max,27.722222222222225
29,2005,deer creek,DCV,CDEC,deer creek,temperature,mean,25.69130291005291
29,2005,deer creek,DCV,CDEC,deer creek,temperature,min,23.000000000000004
30,2005,deer creek,DCV,CDEC,deer creek,temperature,max,26.055555555555557
30,2005,deer creek,DCV,CDEC,deer creek,temperature,mean,24.425595238095237
30,2005,deer creek,DCV,CDEC,deer creek,temperature,min,22.666666666666668
31,2005,deer creek,DCV,CDEC,deer creek,temperature,max,26.38888888888889
31,2005,deer creek,DCV,CDEC,deer creek,temperature,mean,23.808531746031747
31,2005,deer creek,DCV,CDEC,deer creek,temperature,min,21.444444444444443
32,2005,deer creek,DCV,CDEC,deer creek,temperature,max,25.500000000000004
32,2005,deer creek,DCV,CDEC,deer creek,temperature,mean,23.757605820105823
32,2005,deer creek,DCV,CDEC,deer creek,temperature,min,22.055555555555557
33,2005,deer creek,DCV,CDEC,deer creek,temperature,max,24.61111111111111
33,2005,deer creek,DCV,CDEC,deer creek,temperature,mean,22.83267195767196
33,2005,deer creek,DCV,CDEC,deer creek,temperature,min,21
34,2005,deer creek,DCV,CDEC,deer creek,temperature,max,23.61111111111111
34,2005,deer creek,DCV,CDEC,deer creek,temperature,mean,21.68882275132275
34,2005,deer creek,DCV,CDEC,deer creek,temperature,min,19.61111111111111
35,2005,deer creek,DCV,CDEC,deer creek,temperature,max,23.111111111111107
35,2005,deer creek,DCV,CDEC,deer creek,temperature,mean,20.78505291005291
35,2005,deer creek,DCV,CDEC,deer creek,temperature,min,18.944444444444443
36,2005,deer creek,DCV,CDEC,deer creek,temperature,max,21.22222222222222
36,2005,deer creek,DCV,CDEC,deer creek,temperature,mean,19.51554232804233
36,2005,deer creek,DCV,CDEC,deer creek,temperature,min,17.88888888888889
37,2005,deer creek,DCV,CDEC,deer creek,temperature,max,20.222222222222225
37,2005,deer creek,DCV,CDEC,deer creek,temperature,mean,17.400462962962965
37,2005,deer creek,DCV,CDEC,deer creek,temperature,min,15.333333333333334
38,2005,deer creek,DCV,CDEC,deer creek,temperature,max,19.388888888888893
38,2005,deer creek,DCV,CDEC,deer creek,temperature,mean,17.40079365079365
38,2005,deer creek,DCV,CDEC,deer creek,temperature,min,15.555555555555555
39,2005,deer creek,DCV,CDEC,deer creek,temperature,max,18.277777777777782
39,2005,deer creek,DCV,CDEC,deer creek,temperature,mean,16.351190476190478
39,2005,deer creek,DCV,CDEC,deer creek,temperature,min,14.38888888888889
40,2005,deer creek,DCV,CDEC,deer creek,temperature,max,16.88888888888889
40,2005,deer creek,DCV,CDEC,deer creek,temperature,mean,14.62962962962963
40,2005,deer creek,DCV,CDEC,deer creek,temperature,min,12.666666666666664
41,2005,deer creek,DCV,CDEC,deer creek,temperature,max,15.61111111111111
41,2005,deer creek,DCV,CDEC,deer creek,temperature,mean,14.193121693121691
41,2005,deer creek,DCV,CDEC,deer creek,temperature,min,13
42,2005,deer creek,DCV,CDEC,deer creek,temperature,max,15.166666666666666
42,2005,deer creek,DCV,CDEC,deer creek,temperature,mean,13.777447089947088
42,2005,deer creek,DCV,CDEC,deer creek,temperature,min,12.5
43,2005,deer creek,DCV,CDEC,deer creek,temperature,max,13.944444444444445
43,2005,deer creek,DCV,CDEC,deer creek,temperature,mean,12.701719576719578
43,2005,deer creek,DCV,CDEC,deer creek,temperature,min,11.88888888888889
44,2005,deer creek,DCV,CDEC,deer creek,temperature,max,12.944444444444443
44,2005,deer creek,DCV,CDEC,deer creek,temperature,mean,11.328373015873016
44,2005,deer creek,DCV,CDEC,deer creek,temperature,min,10.444444444444443
45,2005,deer creek,DCV,CDEC,deer creek,temperature,max,12.111111111111109
45,2005,deer creek,DCV,CDEC,deer creek,temperature,mean,10.911375661375661
45,2005,deer creek,DCV,CDEC,deer creek,temperature,min,9.722222222222221
46,2005,deer creek,DCV,CDEC,deer creek,temperature,max,11.61111111111111
46,2005,deer creek,DCV,CDEC,deer creek,temperature,mean,10.228505291005291
46,2005,deer creek,DCV,CDEC,deer creek,temperature,min,8.944444444444445
47,2005,deer creek,DCV,CDEC,deer creek,temperature,max,9.5
47,2005,deer creek,DCV,CDEC,deer creek,temperature,mean,8.348544973544973
47,2005,deer creek,DCV,CDEC,deer creek,temperature,min,7.6111111111111125
48,2005,deer creek,DCV,CDEC,deer creek,temperature,max,9.333333333333332
48,2005,deer creek,DCV,CDEC,deer creek,temperature,mean,6.925925925925926
48,2005,deer creek,DCV,CDEC,deer creek,temperature,min,5.944444444444446
49,2005,deer creek,DCV,CDEC,deer creek,temperature,max,7.5
49,2005,deer creek,DCV,CDEC,deer creek,temperature,mean,5.357142857142857
49,2005,deer creek,DCV,CDEC,deer creek,temperature,min,3.6666666666666674
50,2005,deer creek,DCV,CDEC,deer creek,temperature,max,6.944444444444445
50,2005,deer creek,DCV,CDEC,deer creek,temperature,mean,5.794312169312169
50,2005,deer creek,DCV,CDEC,deer creek,temperature,min,4.2777777777777795
51,2005,deer creek,DCV,CDEC,deer creek,temperature,max,10.166666666666664
51,2005,deer creek,DCV,CDEC,deer creek,temperature,mean,7.915674603174603
51,2005,deer creek,DCV,CDEC,deer creek,temperature,min,4.222222222222223
52,2005,deer creek,DCV,CDEC,deer creek,temperature,max,10.222222222222221
52,2005,deer creek,DCV,CDEC,deer creek,temperature,mean,8.97718253968254
52,2005,deer creek,DCV,CDEC,deer creek,temperature,min,7.5
53,2005,deer creek,DCV,CDEC,deer creek,temperature,max,9.11111111111111
53,2005,deer creek,DCV,CDEC,deer creek,temperature,mean,8.69675925925926
53,2005,deer creek,DCV,CDEC,deer creek,temperature,min,8
1,2006,deer creek,DCV,CDEC,deer creek,temperature,max,8.777777777777777
1,2006,deer creek,DCV,CDEC,deer creek,temperature,mean,8.104497354497354
1,2006,deer creek,DCV,CDEC,deer creek,temperature,min,7.666666666666665
2,2006,deer creek,DCV,CDEC,deer creek,temperature,max,8.722222222222223
2,2006,deer creek,DCV,CDEC,deer creek,temperature,mean,7.618055555555555
2,2006,deer creek,DCV,CDEC,deer creek,temperature,min,6.500000000000002
3,2006,deer creek,DCV,CDEC,deer creek,temperature,max,7.722222222222222
3,2006,deer creek,DCV,CDEC,deer creek,temperature,mean,6.733796296296297
3,2006,deer creek,DCV,CDEC,deer creek,temperature,min,5.611111111111112
4,2006,deer creek,DCV,CDEC,deer creek,temperature,max,7.555555555555555
4,2006,deer creek,DCV,CDEC,deer creek,temperature,mean,6.847222222222221
4,2006,deer creek,DCV,CDEC,deer creek,temperature,min,5.777777777777777
5,2006,deer creek,DCV,CDEC,deer creek,temperature,max,8.944444444444445
5,2006,deer creek,DCV,CDEC,deer creek,temperature,mean,7.80026455026455
5,2006,deer creek,DCV,CDEC,deer creek,temperature,min,6.166666666666668
6,2006,deer creek,DCV,CDEC,deer creek,temperature,max,8.777777777777777
6,2006,deer creek,DCV,CDEC,deer creek,temperature,mean,7.549272486772487
6,2006,deer creek,DCV,CDEC,deer creek,temperature,min,5.888888888888889
7,2006,deer creek,DCV,CDEC,deer creek,temperature,max,8.88888888888889
7,2006,deer creek,DCV,CDEC,deer creek,temperature,mean,6.409060846560847
7,2006,deer creek,DCV,CDEC,deer creek,temperature,min,3.888888888888889
8,2006,deer creek,DCV,CDEC,deer creek,temperature,max,8
8,2006,deer creek,DCV,CDEC,deer creek,temperature,mean,5.654100529100529
8,2006,deer creek,DCV,CDEC,deer creek,temperature,min,3.6666666666666674
9,2006,deer creek,DCV,CDEC,deer creek,temperature,max,10.444444444444443
9,2006,deer creek,DCV,CDEC,deer creek,temperature,mean,7.426256613756614
9,2006,deer creek,DCV,CDEC,deer creek,temperature,min,5.7222222222222205
10,2006,deer creek,DCV,CDEC,deer creek,temperature,max,8.499999999999998
10,2006,deer creek,DCV,CDEC,deer creek,temperature,mean,6.960648148148148
10,2006,deer creek,DCV,CDEC,deer creek,temperature,min,4.833333333333335
11,2006,deer creek,DCV,CDEC,deer creek,temperature,max,8.444444444444446
11,2006,deer creek,DCV,CDEC,deer creek,temperature,mean,6.882936507936507
11,2006,deer creek,DCV,CDEC,deer creek,temperature,min,5.38888888888889
12,2006,deer creek,DCV,CDEC,deer creek,temperature,max,9.888888888888888
12,2006,deer creek,DCV,CDEC,deer creek,temperature,mean,7.935185185185185
12,2006,deer creek,DCV,CDEC,deer creek,temperature,min,6.111111111111111
13,2006,deer creek,DCV,CDEC,deer creek,temperature,max,9.166666666666666
13,2006,deer creek,DCV,CDEC,deer creek,temperature,mean,8.21031746031746
13,2006,deer creek,DCV,CDEC,deer creek,temperature,min,6.555555555555554
14,2006,deer creek,DCV,CDEC,deer creek,temperature,max,9.944444444444445
14,2006,deer creek,DCV,CDEC,deer creek,temperature,mean,8.742063492063492
14,2006,deer creek,DCV,CDEC,deer creek,temperature,min,7.722222222222222
15,2006,deer creek,DCV,CDEC,deer creek,temperature,max,11.222222222222223
15,2006,deer creek,DCV,CDEC,deer creek,temperature,mean,9.33994708994709
15,2006,deer creek,DCV,CDEC,deer creek,temperature,min,8.055555555555555
16,2006,deer creek,DCV,CDEC,deer creek,temperature,max,11.444444444444445
16,2006,deer creek,DCV,CDEC,deer creek,temperature,mean,9.2255291005291
16,2006,deer creek,DCV,CDEC,deer creek,temperature,min,6.333333333333332
17,2006,deer creek,DCV,CDEC,deer creek,temperature,max,12.888888888888891
17,2006,deer creek,DCV,CDEC,deer creek,temperature,mean,11.08829365079365
17,2006,deer creek,DCV,CDEC,deer creek,temperature,min,8.88888888888889
18,2006,deer creek,DCV,CDEC,deer creek,temperature,max,13.777777777777777
18,2006,deer creek,DCV,CDEC,deer creek,temperature,mean,11.933862433862434
18,2006,deer creek,DCV,CDEC,deer creek,temperature,min,11.055555555555555
19,2006,deer creek,DCV,CDEC,deer creek,temperature,max,15.555555555555555
19,2006,deer creek,DCV,CDEC,deer creek,temperature,mean,13.189814814814813
19,2006,deer creek,DCV,CDEC,deer creek,temperature,min,11.61111111111111
20,2006,deer creek,DCV,CDEC,deer creek,temperature,max,17.88888888888889
20,2006,deer creek,DCV,CDEC,deer creek,temperature,mean,15.27149470899471
20,2006,deer creek,DCV,CDEC,deer creek,temperature,min,13.055555555555555
21,2006,deer creek,DCV,CDEC,deer creek,temperature,max,15.38888888888889
21,2006,deer creek,DCV,CDEC,deer creek,temperature,mean,13.471560846560847
21,2006,deer creek,DCV,CDEC,deer creek,temperature,min,11.88888888888889
22,2006,deer creek,DCV,CDEC,deer creek,temperature,max,18.388888888888886
22,2006,deer creek,DCV,CDEC,deer creek,temperature,mean,14.873677248677248
22,2006,deer creek,DCV,CDEC,deer creek,temperature,min,10.5
23,2006,deer creek,DCV,CDEC,deer creek,temperature,max,20.222222222222225
23,2006,deer creek,DCV,CDEC,deer creek,temperature,mean,18.244708994708994
23,2006,deer creek,DCV,CDEC,deer creek,temperature,min,16.22222222222222
24,2006,deer creek,DCV,CDEC,deer creek,temperature,max,20.72222222222222
24,2006,deer creek,DCV,CDEC,deer creek,temperature,mean,17.559523809523807
24,2006,deer creek,DCV,CDEC,deer creek,temperature,min,14.944444444444445
25,2006,deer creek,DCV,CDEC,deer creek,temperature,max,22.88888888888889
25,2006,deer creek,DCV,CDEC,deer creek,temperature,mean,20.178902116402117
25,2006,deer creek,DCV,CDEC,deer creek,temperature,min,18.166666666666668
26,2006,deer creek,DCV,CDEC,deer creek,temperature,max,23.88888888888889
26,2006,deer creek,DCV,CDEC,deer creek,temperature,mean,22.214990223142397
26,2006,deer creek,DCV,CDEC,deer creek,temperature,min,20
27,2006,deer creek,DCV,CDEC,deer creek,temperature,max,22.88888888888889
27,2006,deer creek,DCV,CDEC,deer creek,temperature,mean,20.874338624338623
27,2006,deer creek,DCV,CDEC,deer creek,temperature,min,18.555555555555557
28,2006,deer creek,DCV,CDEC,deer creek,temperature,max,23.277777777777782
28,2006,deer creek,DCV,CDEC,deer creek,temperature,mean,21.46660052910053
28,2006,deer creek,DCV,CDEC,deer creek,temperature,min,19.27777777777778
29,2006,deer creek,DCV,CDEC,deer creek,temperature,max,25.11111111111111
29,2006,deer creek,DCV,CDEC,deer creek,temperature,mean,22.956679894179892
29,2006,deer creek,DCV,CDEC,deer creek,temperature,min,20.27777777777778
30,2006,deer creek,DCV,CDEC,deer creek,temperature,max,26.27777777777778
30,2006,deer creek,DCV,CDEC,deer creek,temperature,mean,24.206018518518515
30,2006,deer creek,DCV,CDEC,deer creek,temperature,min,21.555555555555557
31,2006,deer creek,DCV,CDEC,deer creek,temperature,max,23.111111111111107
31,2006,deer creek,DCV,CDEC,deer creek,temperature,mean,21.32804232804233
31,2006,deer creek,DCV,CDEC,deer creek,temperature,min,19.333333333333332
32,2006,deer creek,DCV,CDEC,deer creek,temperature,max,23.333333333333332
32,2006,deer creek,DCV,CDEC,deer creek,temperature,mean,21.685846560846564
32,2006,deer creek,DCV,CDEC,deer creek,temperature,min,19.72222222222222
33,2006,deer creek,DCV,CDEC,deer creek,temperature,max,22.16666666666667
33,2006,deer creek,DCV,CDEC,deer creek,temperature,mean,20.330357142857142
33,2006,deer creek,DCV,CDEC,deer creek,temperature,min,18.22222222222222
34,2006,deer creek,DCV,CDEC,deer creek,temperature,max,21
34,2006,deer creek,DCV,CDEC,deer creek,temperature,mean,19.58531746031746
34,2006,deer creek,DCV,CDEC,deer creek,temperature,min,17.83333333333333
35,2006,deer creek,DCV,CDEC,deer creek,temperature,max,21.5
35,2006,deer creek,DCV,CDEC,deer creek,temperature,mean,19.79001322751323
35,2006,deer creek,DCV,CDEC,deer creek,temperature,min,18.166666666666668
36,2006,deer creek,DCV,CDEC,deer creek,temperature,max,20.72222222222222
36,2006,deer creek,DCV,CDEC,deer creek,temperature,mean,19.327771765271763
36,2006,deer creek,DCV,CDEC,deer creek,temperature,min,17.72222222222222
37,2006,deer creek,DCV,CDEC,deer creek,temperature,max,20.500000000000004
37,2006,deer creek,DCV,CDEC,deer creek,temperature,mean,18.333017023234415
37,2006,deer creek,DCV,CDEC,deer creek,temperature,min,14.722222222222221
38,2006,deer creek,DCV,CDEC,deer creek,temperature,max,17.11111111111111
38,2006,deer creek,DCV,CDEC,deer creek,temperature,mean,15.591991341991342
38,2006,deer creek,DCV,CDEC,deer creek,temperature,min,14.166666666666666
39,2006,deer creek,DCV,CDEC,deer creek,temperature,max,16.555555555555557
39,2006,deer creek,DCV,CDEC,deer creek,temperature,mean,15.367724867724869
39,2006,deer creek,DCV,CDEC,deer creek,temperature,min,14.166666666666666
40,2006,deer creek,DCV,CDEC,deer creek,temperature,max,15.444444444444445
40,2006,deer creek,DCV,CDEC,deer creek,temperature,mean,14.167328042328043
40,2006,deer creek,DCV,CDEC,deer creek,temperature,min,12.444444444444445
41,2006,deer creek,DCV,CDEC,deer creek,temperature,max,14.777777777777779
41,2006,deer creek,DCV,CDEC,deer creek,temperature,mean,13.393561651713826
41,2006,deer creek,DCV,CDEC,deer creek,temperature,min,12.277777777777779
42,2006,deer creek,DCV,CDEC,deer creek,temperature,max,14.277777777777779
42,2006,deer creek,DCV,CDEC,deer creek,temperature,mean,12.524801587301587
42,2006,deer creek,DCV,CDEC,deer creek,temperature,min,10.88888888888889
43,2006,deer creek,DCV,CDEC,deer creek,temperature,max,12.944444444444443
43,2006,deer creek,DCV,CDEC,deer creek,temperature,mean,10.982804232804233
43,2006,deer creek,DCV,CDEC,deer creek,temperature,min,9.222222222222221
44,2006,deer creek,DCV,CDEC,deer creek,temperature,max,11.222222222222223
44,2006,deer creek,DCV,CDEC,deer creek,temperature,mean,9.54530423280423
44,2006,deer creek,DCV,CDEC,deer creek,temperature,min,8.055555555555555
45,2006,deer creek,DCV,CDEC,deer creek,temperature,max,13.61111111111111
45,2006,deer creek,DCV,CDEC,deer creek,temperature,mean,11.080357142857142
45,2006,deer creek,DCV,CDEC,deer creek,temperature,min,8.944444444444445
46,2006,deer creek,DCV,CDEC,deer creek,temperature,max,11.61111111111111
46,2006,deer creek,DCV,CDEC,deer creek,temperature,mean,9.453042328042327
46,2006,deer creek,DCV,CDEC,deer creek,temperature,min,7.833333333333333
47,2006,deer creek,DCV,CDEC,deer creek,temperature,max,11.333333333333334
47,2006,deer creek,DCV,CDEC,deer creek,temperature,mean,9.447420634920634
47,2006,deer creek,DCV,CDEC,deer creek,temperature,min,5.777777777777777
48,2006,deer creek,DCV,CDEC,deer creek,temperature,max,7.3888888888888875
48,2006,deer creek,DCV,CDEC,deer creek,temperature,mean,5.316666666666667
48,2006,deer creek,DCV,CDEC,deer creek,temperature,min,4.055555555555554
49,2006,deer creek,DCV,CDEC,deer creek,temperature,max,8.499999999999998
49,2006,deer creek,DCV,CDEC,deer creek,temperature,mean,5.692129629629629
49,2006,deer creek,DCV,CDEC,deer creek,temperature,min,4.777777777777779
50,2006,deer creek,DCV,CDEC,deer creek,temperature,max,10.111111111111112
50,2006,deer creek,DCV,CDEC,deer creek,temperature,mean,8.357142857142858
50,2006,deer creek,DCV,CDEC,deer creek,temperature,min,5.611111111111112
51,2006,deer creek,DCV,CDEC,deer creek,temperature,max,5.777777777777777
51,2006,deer creek,DCV,CDEC,deer creek,temperature,mean,4.221801346801347
51,2006,deer creek,DCV,CDEC,deer creek,temperature,min,2.833333333333334
52,2006,deer creek,DCV,CDEC,deer creek,temperature,max,8.333333333333334
52,2006,deer creek,DCV,CDEC,deer creek,temperature,mean,6.026089943986748
52,2006,deer creek,DCV,CDEC,deer creek,temperature,min,4.055555555555554
53,2006,deer creek,DCV,CDEC,deer creek,temperature,max,5.611111111111112
53,2006,deer creek,DCV,CDEC,deer creek,temperature,mean,5.125
53,2006,deer creek,DCV,CDEC,deer creek,temperature,min,4.555555555555557
1,2007,deer creek,DCV,CDEC,deer creek,temperature,max,8.277777777777779
1,2007,deer creek,DCV,CDEC,deer creek,temperature,mean,5.445767195767195
1,2007,deer creek,DCV,CDEC,deer creek,temperature,min,3.4999999999999982
2,2007,deer creek,DCV,CDEC,deer creek,temperature,max,6.611111111111111
2,2007,deer creek,DCV,CDEC,deer creek,temperature,mean,3.7724867724867726
2,2007,deer creek,DCV,CDEC,deer creek,temperature,min,0.4999999999999992
3,2007,deer creek,DCV,CDEC,deer creek,temperature,max,5.1111111111111125
3,2007,deer creek,DCV,CDEC,deer creek,temperature,mean,3.087301587301588
3,2007,deer creek,DCV,CDEC,deer creek,temperature,min,0.8333333333333334
4,2007,deer creek,DCV,CDEC,deer creek,temperature,max,5.888888888888889
4,2007,deer creek,DCV,CDEC,deer creek,temperature,mean,4.437830687830688
4,2007,deer creek,DCV,CDEC,deer creek,temperature,min,3.3888888888888897
5,2007,deer creek,DCV,CDEC,deer creek,temperature,max,6.277777777777776
5,2007,deer creek,DCV,CDEC,deer creek,temperature,mean,5.307208994708994
5,2007,deer creek,DCV,CDEC,deer creek,temperature,min,4.444444444444445
6,2007,deer creek,DCV,CDEC,deer creek,temperature,max,10
6,2007,deer creek,DCV,CDEC,deer creek,temperature,mean,8.314484126984127
6,2007,deer creek,DCV,CDEC,deer creek,temperature,min,5.944444444444446
7,2007,deer creek,DCV,CDEC,deer creek,temperature,max,9.944444444444445
7,2007,deer creek,DCV,CDEC,deer creek,temperature,mean,8.029761904761903
7,2007,deer creek,DCV,CDEC,deer creek,temperature,min,6.611111111111111
8,2007,deer creek,DCV,CDEC,deer creek,temperature,max,8.61111111111111
8,2007,deer creek,DCV,CDEC,deer creek,temperature,mean,7.44047619047619
8,2007,deer creek,DCV,CDEC,deer creek,temperature,min,6.333333333333332
9,2007,deer creek,DCV,CDEC,deer creek,temperature,max,9.000000000000002
9,2007,deer creek,DCV,CDEC,deer creek,temperature,mean,6.778439153439153
9,2007,deer creek,DCV,CDEC,deer creek,temperature,min,5
10,2007,deer creek,DCV,CDEC,deer creek,temperature,max,10.999999999999998
10,2007,deer creek,DCV,CDEC,deer creek,temperature,mean,9.233134920634921
10,2007,deer creek,DCV,CDEC,deer creek,temperature,min,7.944444444444443
11,2007,deer creek,DCV,CDEC,deer creek,temperature,max,12.333333333333336
11,2007,deer creek,DCV,CDEC,deer creek,temperature,mean,11.005139451192083
11,2007,deer creek,DCV,CDEC,deer creek,temperature,min,9.666666666666666
12,2007,deer creek,DCV,CDEC,deer creek,temperature,max,13.166666666666668
12,2007,deer creek,DCV,CDEC,deer creek,temperature,mean,11.10588624338624
12,2007,deer creek,DCV,CDEC,deer creek,temperature,min,8.555555555555555
13,2007,deer creek,DCV,CDEC,deer creek,temperature,max,12.777777777777779
13,2007,deer creek,DCV,CDEC,deer creek,temperature,mean,10.264351851851853
13,2007,deer creek,DCV,CDEC,deer creek,temperature,min,7.000000000000001
14,2007,deer creek,DCV,CDEC,deer creek,temperature,max,16.22222222222222
14,2007,deer creek,DCV,CDEC,deer creek,temperature,mean,13.297651911005952
14,2007,deer creek,DCV,CDEC,deer creek,temperature,min,10.5
15,2007,deer creek,DCV,CDEC,deer creek,temperature,max,15.222222222222221
15,2007,deer creek,DCV,CDEC,deer creek,temperature,mean,12.013558201058203
15,2007,deer creek,DCV,CDEC,deer creek,temperature,min,9.611111111111109
16,2007,deer creek,DCV,CDEC,deer creek,temperature,max,13.166666666666668
16,2007,deer creek,DCV,CDEC,deer creek,temperature,mean,10.762169312169314
16,2007,deer creek,DCV,CDEC,deer creek,temperature,min,8.333333333333334
17,2007,deer creek,DCV,CDEC,deer creek,temperature,max,17.83333333333333
17,2007,deer creek,DCV,CDEC,deer creek,temperature,mean,14.248809523809525
17,2007,deer creek,DCV,CDEC,deer creek,temperature,min,9.555555555555557
18,2007,deer creek,DCV,CDEC,deer creek,temperature,max,17.944444444444443
18,2007,deer creek,DCV,CDEC,deer creek,temperature,mean,13.92361111111111
18,2007,deer creek,DCV,CDEC,deer creek,temperature,min,10.722222222222221
19,2007,deer creek,DCV,CDEC,deer creek,temperature,max,19.72222222222222
19,2007,deer creek,DCV,CDEC,deer creek,temperature,mean,17.55919312169312
19,2007,deer creek,DCV,CDEC,deer creek,temperature,min,14.222222222222221
20,2007,deer creek,DCV,CDEC,deer creek,temperature,max,20.27777777777778
20,2007,deer creek,DCV,CDEC,deer creek,temperature,mean,18.64318783068783
20,2007,deer creek,DCV,CDEC,deer creek,temperature,min,15.944444444444445
21,2007,deer creek,DCV,CDEC,deer creek,temperature,max,21.722222222222218
21,2007,deer creek,DCV,CDEC,deer creek,temperature,mean,18.79365079365079
21,2007,deer creek,DCV,CDEC,deer creek,temperature,min,16.22222222222222
22,2007,deer creek,DCV,CDEC,deer creek,temperature,max,23.5
22,2007,deer creek,DCV,CDEC,deer creek,temperature,mean,21.462301587301585
22,2007,deer creek,DCV,CDEC,deer creek,temperature,min,19.055555555555557
23,2007,deer creek,DCV,CDEC,deer creek,temperature,max,21.944444444444443
23,2007,deer creek,DCV,CDEC,deer creek,temperature,mean,18.761904761904763
23,2007,deer creek,DCV,CDEC,deer creek,temperature,min,15.88888888888889
24,2007,deer creek,DCV,CDEC,deer creek,temperature,max,25.055555555555554
24,2007,deer creek,DCV,CDEC,deer creek,temperature,mean,22.294973544973544
24,2007,deer creek,DCV,CDEC,deer creek,temperature,min,19.111111111111114
25,2007,deer creek,DCV,CDEC,deer creek,temperature,max,24.111111111111114
25,2007,deer creek,DCV,CDEC,deer creek,temperature,mean,22.276964733261725
25,2007,deer creek,DCV,CDEC,deer creek,temperature,min,20.38888888888889
26,2007,deer creek,DCV,CDEC,deer creek,temperature,max,24.166666666666668
26,2007,deer creek,DCV,CDEC,deer creek,temperature,mean,22.134259259259263
26,2007,deer creek,DCV,CDEC,deer creek,temperature,min,19.944444444444446
27,2007,deer creek,DCV,CDEC,deer creek,temperature,max,27.333333333333332
27,2007,deer creek,DCV,CDEC,deer creek,temperature,mean,24.258597883597883
27,2007,deer creek,DCV,CDEC,deer creek,temperature,min,20.222222222222225
28,2007,deer creek,DCV,CDEC,deer creek,temperature,max,26.666666666666668
28,2007,deer creek,DCV,CDEC,deer creek,temperature,mean,23.972883597883598
28,2007,deer creek,DCV,CDEC,deer creek,temperature,min,21.555555555555557
29,2007,deer creek,DCV,CDEC,deer creek,temperature,max,24.88888888888889
29,2007,deer creek,DCV,CDEC,deer creek,temperature,mean,22.668320105820104
29,2007,deer creek,DCV,CDEC,deer creek,temperature,min,20.888888888888886
30,2007,deer creek,DCV,CDEC,deer creek,temperature,max,26.38888888888889
30,2007,deer creek,DCV,CDEC,deer creek,temperature,mean,24.113095238095237
30,2007,deer creek,DCV,CDEC,deer creek,temperature,min,21.999999999999996
31,2007,deer creek,DCV,CDEC,deer creek,temperature,max,25.833333333333332
31,2007,deer creek,DCV,CDEC,deer creek,temperature,mean,23.844642857142855
31,2007,deer creek,DCV,CDEC,deer creek,temperature,min,22.055555555555557
32,2007,deer creek,DCV,CDEC,deer creek,temperature,max,23.72222222222222
32,2007,deer creek,DCV,CDEC,deer creek,temperature,mean,21.75390211640212
32,2007,deer creek,DCV,CDEC,deer creek,temperature,min,20.11111111111111
33,2007,deer creek,DCV,CDEC,deer creek,temperature,max,22.666666666666668
33,2007,deer creek,DCV,CDEC,deer creek,temperature,mean,20.926587301587297
33,2007,deer creek,DCV,CDEC,deer creek,temperature,min,19.61111111111111
34,2007,deer creek,DCV,CDEC,deer creek,temperature,max,24.833333333333332
34,2007,deer creek,DCV,CDEC,deer creek,temperature,mean,22.816798941798943
34,2007,deer creek,DCV,CDEC,deer creek,temperature,min,20.166666666666668
35,2007,deer creek,DCV,CDEC,deer creek,temperature,max,25.555555555555557
35,2007,deer creek,DCV,CDEC,deer creek,temperature,mean,23.056216931216934
35,2007,deer creek,DCV,CDEC,deer creek,temperature,min,21.11111111111111
36,2007,deer creek,DCV,CDEC,deer creek,temperature,max,23.277777777777782
36,2007,deer creek,DCV,CDEC,deer creek,temperature,mean,21.134920634920636
36,2007,deer creek,DCV,CDEC,deer creek,temperature,min,19.777777777777775
37,2007,deer creek,DCV,CDEC,deer creek,temperature,max,22.055555555555557
37,2007,deer creek,DCV,CDEC,deer creek,temperature,mean,19.501984126984127
37,2007,deer creek,DCV,CDEC,deer creek,temperature,min,16.88888888888889
38,2007,deer creek,DCV,CDEC,deer creek,temperature,max,19.444444444444443
38,2007,deer creek,DCV,CDEC,deer creek,temperature,mean,16.168837704163792
38,2007,deer creek,DCV,CDEC,deer creek,temperature,min,14.166666666666666
39,2007,deer creek,DCV,CDEC,deer creek,temperature,max,16.72222222222222
39,2007,deer creek,DCV,CDEC,deer creek,temperature,mean,14.759259259259258
39,2007,deer creek,DCV,CDEC,deer creek,temperature,min,12.277777777777779
40,2007,deer creek,DCV,CDEC,deer creek,temperature,max,15.61111111111111
40,2007,deer creek,DCV,CDEC,deer creek,temperature,mean,13.37037037037037
40,2007,deer creek,DCV,CDEC,deer creek,temperature,min,10.944444444444446
41,2007,deer creek,DCV,CDEC,deer creek,temperature,max,13.777777777777777
41,2007,deer creek,DCV,CDEC,deer creek,temperature,mean,12.496031746031745
41,2007,deer creek,DCV,CDEC,deer creek,temperature,min,11.38888888888889
42,2007,deer creek,DCV,CDEC,deer creek,temperature,max,13.444444444444446
42,2007,deer creek,DCV,CDEC,deer creek,temperature,mean,12.295370370370373
42,2007,deer creek,DCV,CDEC,deer creek,temperature,min,10.055555555555555
43,2007,deer creek,DCV,CDEC,deer creek,temperature,max,13.555555555555555
43,2007,deer creek,DCV,CDEC,deer creek,temperature,mean,12.237433862433862
43,2007,deer creek,DCV,CDEC,deer creek,temperature,min,10.166666666666664
44,2007,deer creek,DCV,CDEC,deer creek,temperature,max,14.166666666666666
44,2007,deer creek,DCV,CDEC,deer creek,temperature,mean,12.427910052910052
44,2007,deer creek,DCV,CDEC,deer creek,temperature,min,10.555555555555555
45,2007,deer creek,DCV,CDEC,deer creek,temperature,max,11.666666666666666
45,2007,deer creek,DCV,CDEC,deer creek,temperature,mean,10.516369047619047
45,2007,deer creek,DCV,CDEC,deer creek,temperature,min,9.5
46,2007,deer creek,DCV,CDEC,deer creek,temperature,max,12.833333333333334
46,2007,deer creek,DCV,CDEC,deer creek,temperature,mean,11.285251322751323
46,2007,deer creek,DCV,CDEC,deer creek,temperature,min,9.833333333333336
47,2007,deer creek,DCV,CDEC,deer creek,temperature,max,12.055555555555557
47,2007,deer creek,DCV,CDEC,deer creek,temperature,mean,7.952910052910053
47,2007,deer creek,DCV,CDEC,deer creek,temperature,min,5.38888888888889
48,2007,deer creek,DCV,CDEC,deer creek,temperature,max,7.944444444444443
48,2007,deer creek,DCV,CDEC,deer creek,temperature,mean,5.792328042328043
48,2007,deer creek,DCV,CDEC,deer creek,temperature,min,3.7222222222222237
49,2007,deer creek,DCV,CDEC,deer creek,temperature,max,9.444444444444445
49,2007,deer creek,DCV,CDEC,deer creek,temperature,mean,7.62830687830688
49,2007,deer creek,DCV,CDEC,deer creek,temperature,min,4.722222222222222
50,2007,deer creek,DCV,CDEC,deer creek,temperature,max,6.166666666666668
50,2007,deer creek,DCV,CDEC,deer creek,temperature,mean,4.507094757094757
50,2007,deer creek,DCV,CDEC,deer creek,temperature,min,3.444444444444446
51,2007,deer creek,DCV,CDEC,deer creek,temperature,max,7.6111111111111125
51,2007,deer creek,DCV,CDEC,deer creek,temperature,mean,6.26223544973545
51,2007,deer creek,DCV,CDEC,deer creek,temperature,min,4.166666666666667
52,2007,deer creek,DCV,CDEC,deer creek,temperature,max,6.611111111111111
52,2007,deer creek,DCV,CDEC,deer creek,temperature,mean,4.526455026455026
52,2007,deer creek,DCV,CDEC,deer creek,temperature,min,3.0555555555555554
53,2007,deer creek,DCV,CDEC,deer creek,temperature,max,4.777777777777779
53,2007,deer creek,DCV,CDEC,deer creek,temperature,mean,4.361111111111112
53,2007,deer creek,DCV,CDEC,deer creek,temperature,min,3.944444444444445
1,2008,deer creek,DCV,CDEC,deer creek,temperature,max,7.944444444444443
1,2008,deer creek,DCV,CDEC,deer creek,temperature,mean,5.522156084656084
1,2008,deer creek,DCV,CDEC,deer creek,temperature,min,3.8333333333333326
2,2008,deer creek,DCV,CDEC,deer creek,temperature,max,8.61111111111111
2,2008,deer creek,DCV,CDEC,deer creek,temperature,mean,6.951058201058201
2,2008,deer creek,DCV,CDEC,deer creek,temperature,min,5.833333333333333
3,2008,deer creek,DCV,CDEC,deer creek,temperature,max,7.000000000000001
3,2008,deer creek,DCV,CDEC,deer creek,temperature,mean,5.020502645502646
3,2008,deer creek,DCV,CDEC,deer creek,temperature,min,4.111111111111111
4,2008,deer creek,DCV,CDEC,deer creek,temperature,max,8
4,2008,deer creek,DCV,CDEC,deer creek,temperature,mean,5.674603174603175
4,2008,deer creek,DCV,CDEC,deer creek,temperature,min,4.000000000000002
5,2008,deer creek,DCV,CDEC,deer creek,temperature,max,6.500000000000002
5,2008,deer creek,DCV,CDEC,deer creek,temperature,mean,5.502645502645502
5,2008,deer creek,DCV,CDEC,deer creek,temperature,min,4.61111111111111
6,2008,deer creek,DCV,CDEC,deer creek,temperature,max,8
6,2008,deer creek,DCV,CDEC,deer creek,temperature,mean,6.2559523809523805
6,2008,deer creek,DCV,CDEC,deer creek,temperature,min,4.000000000000002
7,2008,deer creek,DCV,CDEC,deer creek,temperature,max,8.11111111111111
7,2008,deer creek,DCV,CDEC,deer creek,temperature,mean,6.584986772486772
7,2008,deer creek,DCV,CDEC,deer creek,temperature,min,4.833333333333335
8,2008,deer creek,DCV,CDEC,deer creek,temperature,max,8.61111111111111
8,2008,deer creek,DCV,CDEC,deer creek,temperature,mean,7.381613756613757
8,2008,deer creek,DCV,CDEC,deer creek,temperature,min,6.388888888888889
9,2008,deer creek,DCV,CDEC,deer creek,temperature,max,9.944444444444445
9,2008,deer creek,DCV,CDEC,deer creek,temperature,mean,8.582010582010582
9,2008,deer creek,DCV,CDEC,deer creek,temperature,min,6.722222222222223
10,2008,deer creek,DCV,CDEC,deer creek,temperature,max,10.5
10,2008,deer creek,DCV,CDEC,deer creek,temperature,mean,8.372110075914424
10,2008,deer creek,DCV,CDEC,deer creek,temperature,min,6.833333333333332
11,2008,deer creek,DCV,CDEC,deer creek,temperature,max,11.38888888888889
11,2008,deer creek,DCV,CDEC,deer creek,temperature,mean,8.841269841269842
11,2008,deer creek,DCV,CDEC,deer creek,temperature,min,5.499999999999999
12,2008,deer creek,DCV,CDEC,deer creek,temperature,max,10.61111111111111
12,2008,deer creek,DCV,CDEC,deer creek,temperature,mean,9.323082010582011
12,2008,deer creek,DCV,CDEC,deer creek,temperature,min,7.666666666666665
13,2008,deer creek,DCV,CDEC,deer creek,temperature,max,11.500000000000002
13,2008,deer creek,DCV,CDEC,deer creek,temperature,mean,8.821759259259258
13,2008,deer creek,DCV,CDEC,deer creek,temperature,min,6.944444444444445
14,2008,deer creek,DCV,CDEC,deer creek,temperature,max,11.500000000000002
14,2008,deer creek,DCV,CDEC,deer creek,temperature,mean,9.860449735449734
14,2008,deer creek,DCV,CDEC,deer creek,temperature,min,7.833333333333333
15,2008,deer creek,DCV,CDEC,deer creek,temperature,max,13.88888888888889
15,2008,deer creek,DCV,CDEC,deer creek,temperature,mean,11.336309523809522
15,2008,deer creek,DCV,CDEC,deer creek,temperature,min,8.61111111111111
16,2008,deer creek,DCV,CDEC,deer creek,temperature,max,13.38888888888889
16,2008,deer creek,DCV,CDEC,deer creek,temperature,mean,10.582671957671957
16,2008,deer creek,DCV,CDEC,deer creek,temperature,min,7.5
17,2008,deer creek,DCV,CDEC,deer creek,temperature,max,16.055555555555557
17,2008,deer creek,DCV,CDEC,deer creek,temperature,mean,11.64353148666874
17,2008,deer creek,DCV,CDEC,deer creek,temperature,min,8.277777777777779
18,2008,deer creek,DCV,CDEC,deer creek,temperature,max,15.333333333333334
18,2008,deer creek,DCV,CDEC,deer creek,temperature,mean,12.590608465608465
18,2008,deer creek,DCV,CDEC,deer creek,temperature,min,9.444444444444445
19,2008,deer creek,DCV,CDEC,deer creek,temperature,max,16.555555555555557
19,2008,deer creek,DCV,CDEC,deer creek,temperature,mean,14.820436507936508
19,2008,deer creek,DCV,CDEC,deer creek,temperature,min,13.11111111111111
20,2008,deer creek,DCV,CDEC,deer creek,temperature,max,21.611111111111114
20,2008,deer creek,DCV,CDEC,deer creek,temperature,mean,18.319444444444446
20,2008,deer creek,DCV,CDEC,deer creek,temperature,min,13.222222222222221
21,2008,deer creek,DCV,CDEC,deer creek,temperature,max,19.833333333333332
21,2008,deer creek,DCV,CDEC,deer creek,temperature,mean,15.40277777777778
21,2008,deer creek,DCV,CDEC,deer creek,temperature,min,12.333333333333336
22,2008,deer creek,DCV,CDEC,deer creek,temperature,max,19.72222222222222
22,2008,deer creek,DCV,CDEC,deer creek,temperature,mean,16.680555555555554
22,2008,deer creek,DCV,CDEC,deer creek,temperature,min,13.222222222222221
23,2008,deer creek,DCV,CDEC,deer creek,temperature,max,21.38888888888889
23,2008,deer creek,DCV,CDEC,deer creek,temperature,mean,18.53306878306878
23,2008,deer creek,DCV,CDEC,deer creek,temperature,min,16.444444444444443
24,2008,deer creek,DCV,CDEC,deer creek,temperature,max,22.944444444444443
24,2008,deer creek,DCV,CDEC,deer creek,temperature,mean,20.449074074074073
24,2008,deer creek,DCV,CDEC,deer creek,temperature,min,17.555555555555557
25,2008,deer creek,DCV,CDEC,deer creek,temperature,max,23.5
25,2008,deer creek,DCV,CDEC,deer creek,temperature,mean,21.66104497354497
25,2008,deer creek,DCV,CDEC,deer creek,temperature,min,19.72222222222222
26,2008,deer creek,DCV,CDEC,deer creek,temperature,max,24.166666666666668
26,2008,deer creek,DCV,CDEC,deer creek,temperature,mean,21.886574074074076
26,2008,deer creek,DCV,CDEC,deer creek,temperature,min,19.88888888888889
27,2008,deer creek,DCV,CDEC,deer creek,temperature,max,25.166666666666668
27,2008,deer creek,DCV,CDEC,deer creek,temperature,mean,22.89087301587302
27,2008,deer creek,DCV,CDEC,deer creek,temperature,min,21.166666666666664
28,2008,deer creek,DCV,CDEC,deer creek,temperature,max,25.888888888888886
28,2008,deer creek,DCV,CDEC,deer creek,temperature,mean,23.476851851851848
28,2008,deer creek,DCV,CDEC,deer creek,temperature,min,22.22222222222222
29,2008,deer creek,DCV,CDEC,deer creek,temperature,max,26
29,2008,deer creek,DCV,CDEC,deer creek,temperature,mean,23.778769841269842
29,2008,deer creek,DCV,CDEC,deer creek,temperature,min,21.666666666666668
30,2008,deer creek,DCV,CDEC,deer creek,temperature,max,24.444444444444443
30,2008,deer creek,DCV,CDEC,deer creek,temperature,mean,22.667989417989418
30,2008,deer creek,DCV,CDEC,deer creek,temperature,min,21.22222222222222
31,2008,deer creek,DCV,CDEC,deer creek,temperature,max,24.72222222222222
31,2008,deer creek,DCV,CDEC,deer creek,temperature,mean,22.95039682539683
31,2008,deer creek,DCV,CDEC,deer creek,temperature,min,21.333333333333336
32,2008,deer creek,DCV,CDEC,deer creek,temperature,max,25.166666666666668
32,2008,deer creek,DCV,CDEC,deer creek,temperature,mean,22.767857142857142
32,2008,deer creek,DCV,CDEC,deer creek,temperature,min,20.944444444444443
33,2008,deer creek,DCV,CDEC,deer creek,temperature,max,26.333333333333336
33,2008,deer creek,DCV,CDEC,deer creek,temperature,mean,24.098639455782312
33,2008,deer creek,DCV,CDEC,deer creek,temperature,min,21.833333333333332
34,2008,deer creek,DCV,CDEC,deer creek,temperature,max,24.777777777777775
34,2008,deer creek,DCV,CDEC,deer creek,temperature,mean,23.020833333333332
34,2008,deer creek,DCV,CDEC,deer creek,temperature,min,21.11111111111111
35,2008,deer creek,DCV,CDEC,deer creek,temperature,max,24.27777777777778
35,2008,deer creek,DCV,CDEC,deer creek,temperature,mean,22.106481481481485
35,2008,deer creek,DCV,CDEC,deer creek,temperature,min,18.555555555555557
36,2008,deer creek,DCV,CDEC,deer creek,temperature,max,22.83333333333333
36,2008,deer creek,DCV,CDEC,deer creek,temperature,mean,20.546742005981137
36,2008,deer creek,DCV,CDEC,deer creek,temperature,min,18.166666666666668
37,2008,deer creek,DCV,CDEC,deer creek,temperature,max,21.055555555555557
37,2008,deer creek,DCV,CDEC,deer creek,temperature,mean,19.538992408557625
37,2008,deer creek,DCV,CDEC,deer creek,temperature,min,18.333333333333332
38,2008,deer creek,DCV,CDEC,deer creek,temperature,max,20.666666666666668
38,2008,deer creek,DCV,CDEC,deer creek,temperature,mean,18.2996580713972
38,2008,deer creek,DCV,CDEC,deer creek,temperature,min,16.72222222222222
39,2008,deer creek,DCV,CDEC,deer creek,temperature,max,18.72222222222222
39,2008,deer creek,DCV,CDEC,deer creek,temperature,mean,16.997239475500344
39,2008,deer creek,DCV,CDEC,deer creek,temperature,min,15.777777777777779
40,2008,deer creek,DCV,CDEC,deer creek,temperature,max,19.222222222222218
40,2008,deer creek,DCV,CDEC,deer creek,temperature,mean,17.16595353117092
40,2008,deer creek,DCV,CDEC,deer creek,temperature,min,15
41,2008,deer creek,DCV,CDEC,deer creek,temperature,max,16.833333333333332
41,2008,deer creek,DCV,CDEC,deer creek,temperature,mean,12.560731538992409
41,2008,deer creek,DCV,CDEC,deer creek,temperature,min,8.944444444444445
42,2008,deer creek,DCV,CDEC,deer creek,temperature,max,14.11111111111111
42,2008,deer creek,DCV,CDEC,deer creek,temperature,mean,12.495713381971147
42,2008,deer creek,DCV,CDEC,deer creek,temperature,min,10
43,2008,deer creek,DCV,CDEC,deer creek,temperature,max,13.555555555555555
43,2008,deer creek,DCV,CDEC,deer creek,temperature,mean,12.23611111111111
43,2008,deer creek,DCV,CDEC,deer creek,temperature,min,11.222222222222223
44,2008,deer creek,DCV,CDEC,deer creek,temperature,max,12.944444444444443
44,2008,deer creek,DCV,CDEC,deer creek,temperature,mean,12.069775132275131
44,2008,deer creek,DCV,CDEC,deer creek,temperature,min,11.11111111111111
45,2008,deer creek,DCV,CDEC,deer creek,temperature,max,11.38888888888889
45,2008,deer creek,DCV,CDEC,deer creek,temperature,mean,10.136904761904761
45,2008,deer creek,DCV,CDEC,deer creek,temperature,min,8.88888888888889
46,2008,deer creek,DCV,CDEC,deer creek,temperature,max,11.944444444444445
46,2008,deer creek,DCV,CDEC,deer creek,temperature,mean,10.758928571428571
46,2008,deer creek,DCV,CDEC,deer creek,temperature,min,9.555555555555557
47,2008,deer creek,DCV,CDEC,deer creek,temperature,max,11.11111111111111
47,2008,deer creek,DCV,CDEC,deer creek,temperature,mean,9.076719576719578
47,2008,deer creek,DCV,CDEC,deer creek,temperature,min,7.444444444444445
48,2008,deer creek,DCV,CDEC,deer creek,temperature,max,10.111111111111112
48,2008,deer creek,DCV,CDEC,deer creek,temperature,mean,8.905753968253968
48,2008,deer creek,DCV,CDEC,deer creek,temperature,min,7.833333333333333
49,2008,deer creek,DCV,CDEC,deer creek,temperature,max,9.38888888888889
49,2008,deer creek,DCV,CDEC,deer creek,temperature,mean,6.969246031746032
49,2008,deer creek,DCV,CDEC,deer creek,temperature,min,5.666666666666668
50,2008,deer creek,DCV,CDEC,deer creek,temperature,max,6.4444444444444455
50,2008,deer creek,DCV,CDEC,deer creek,temperature,mean,5.463955026455026
50,2008,deer creek,DCV,CDEC,deer creek,temperature,min,4.833333333333335
51,2008,deer creek,DCV,CDEC,deer creek,temperature,max,5.555555555555555
51,2008,deer creek,DCV,CDEC,deer creek,temperature,mean,4.154756153669197
51,2008,deer creek,DCV,CDEC,deer creek,temperature,min,2.333333333333335
52,2008,deer creek,DCV,CDEC,deer creek,temperature,max,6.833333333333332
52,2008,deer creek,DCV,CDEC,deer creek,temperature,mean,5.309523809523809
52,2008,deer creek,DCV,CDEC,deer creek,temperature,min,4.055555555555554
53,2008,deer creek,DCV,CDEC,deer creek,temperature,max,6.500000000000002
53,2008,deer creek,DCV,CDEC,deer creek,temperature,mean,5.644675925925926
53,2008,deer creek,DCV,CDEC,deer creek,temperature,min,4.944444444444444
1,2009,deer creek,DCV,CDEC,deer creek,temperature,max,6.555555555555554
1,2009,deer creek,DCV,CDEC,deer creek,temperature,mean,5.1629428341384855
1,2009,deer creek,DCV,CDEC,deer creek,temperature,min,3.7222222222222237
2,2009,deer creek,DCV,CDEC,deer creek,temperature,max,7.11111111111111
2,2009,deer creek,DCV,CDEC,deer creek,temperature,mean,5.561838624338624
2,2009,deer creek,DCV,CDEC,deer creek,temperature,min,4.2777777777777795
3,2009,deer creek,DCV,CDEC,deer creek,temperature,max,7.277777777777778
3,2009,deer creek,DCV,CDEC,deer creek,temperature,mean,6.437701288244766
3,2009,deer creek,DCV,CDEC,deer creek,temperature,min,5.611111111111112
4,2009,deer creek,DCV,CDEC,deer creek,temperature,max,9.555555555555557
4,2009,deer creek,DCV,CDEC,deer creek,temperature,mean,6.944203944203943
4,2009,deer creek,DCV,CDEC,deer creek,temperature,min,4.055555555555554
5,2009,deer creek,DCV,CDEC,deer creek,temperature,max,7.555555555555555
5,2009,deer creek,DCV,CDEC,deer creek,temperature,mean,6.337962962962963
5,2009,deer creek,DCV,CDEC,deer creek,temperature,min,4.500000000000001
6,2009,deer creek,DCV,CDEC,deer creek,temperature,max,8.666666666666666
6,2009,deer creek,DCV,CDEC,deer creek,temperature,mean,7.082671957671958
6,2009,deer creek,DCV,CDEC,deer creek,temperature,min,5.38888888888889
7,2009,deer creek,DCV,CDEC,deer creek,temperature,max,8.055555555555555
7,2009,deer creek,DCV,CDEC,deer creek,temperature,mean,6.190476190476191
7,2009,deer creek,DCV,CDEC,deer creek,temperature,min,4.8888888888888875
8,2009,deer creek,DCV,CDEC,deer creek,temperature,max,8.88888888888889
8,2009,deer creek,DCV,CDEC,deer creek,temperature,mean,7.895502645502646
8,2009,deer creek,DCV,CDEC,deer creek,temperature,min,6.833333333333332
9,2009,deer creek,DCV,CDEC,deer creek,temperature,max,9.722222222222221
9,2009,deer creek,DCV,CDEC,deer creek,temperature,mean,8.114748677248675
9,2009,deer creek,DCV,CDEC,deer creek,temperature,min,6.7777777777777795
10,2009,deer creek,DCV,CDEC,deer creek,temperature,max,8.277777777777779
10,2009,deer creek,DCV,CDEC,deer creek,temperature,mean,7.013745111571198
10,2009,deer creek,DCV,CDEC,deer creek,temperature,min,5.166666666666665
11,2009,deer creek,DCV,CDEC,deer creek,temperature,max,10.388888888888891
11,2009,deer creek,DCV,CDEC,deer creek,temperature,mean,8.85085978835979
11,2009,deer creek,DCV,CDEC,deer creek,temperature,min,6.555555555555554
12,2009,deer creek,DCV,CDEC,deer creek,temperature,max,11.222222222222223
12,2009,deer creek,DCV,CDEC,deer creek,temperature,mean,8.990079365079366
12,2009,deer creek,DCV,CDEC,deer creek,temperature,min,5.7222222222222205
13,2009,deer creek,DCV,CDEC,deer creek,temperature,max,12.166666666666666
13,2009,deer creek,DCV,CDEC,deer creek,temperature,mean,10.14318783068783
13,2009,deer creek,DCV,CDEC,deer creek,temperature,min,7.88888888888889
14,2009,deer creek,DCV,CDEC,deer creek,temperature,max,11.88888888888889
14,2009,deer creek,DCV,CDEC,deer creek,temperature,mean,10.18584656084656
14,2009,deer creek,DCV,CDEC,deer creek,temperature,min,7.722222222222222
15,2009,deer creek,DCV,CDEC,deer creek,temperature,max,13.666666666666666
15,2009,deer creek,DCV,CDEC,deer creek,temperature,mean,10.793650793650794
15,2009,deer creek,DCV,CDEC,deer creek,temperature,min,8.499999999999998
16,2009,deer creek,DCV,CDEC,deer creek,temperature,max,17.83333333333333
16,2009,deer creek,DCV,CDEC,deer creek,temperature,mean,13.966931216931219
16,2009,deer creek,DCV,CDEC,deer creek,temperature,min,8.333333333333334
17,2009,deer creek,DCV,CDEC,deer creek,temperature,max,16.72222222222222
17,2009,deer creek,DCV,CDEC,deer creek,temperature,mean,12.960978835978835
17,2009,deer creek,DCV,CDEC,deer creek,temperature,min,9.944444444444445
18,2009,deer creek,DCV,CDEC,deer creek,temperature,max,13.277777777777779
18,2009,deer creek,DCV,CDEC,deer creek,temperature,mean,11.832010582010582
18,2009,deer creek,DCV,CDEC,deer creek,temperature,min,10.555555555555555
19,2009,deer creek,DCV,CDEC,deer creek,temperature,max,16.22222222222222
19,2009,deer creek,DCV,CDEC,deer creek,temperature,mean,13.98346560846561
19,2009,deer creek,DCV,CDEC,deer creek,temperature,min,10.944444444444446
20,2009,deer creek,DCV,CDEC,deer creek,temperature,max,20.944444444444443
20,2009,deer creek,DCV,CDEC,deer creek,temperature,mean,18.262896825396826
20,2009,deer creek,DCV,CDEC,deer creek,temperature,min,13.666666666666666
21,2009,deer creek,DCV,CDEC,deer creek,temperature,max,21.944444444444443
21,2009,deer creek,DCV,CDEC,deer creek,temperature,mean,19.236441798941797
21,2009,deer creek,DCV,CDEC,deer creek,temperature,min,16.555555555555557
22,2009,deer creek,DCV,CDEC,deer creek,temperature,max,23.388888888888886
22,2009,deer creek,DCV,CDEC,deer creek,temperature,mean,21.381283068783066
22,2009,deer creek,DCV,CDEC,deer creek,temperature,min,19
23,2009,deer creek,DCV,CDEC,deer creek,temperature,max,21
23,2009,deer creek,DCV,CDEC,deer creek,temperature,mean,18.52314814814815
23,2009,deer creek,DCV,CDEC,deer creek,temperature,min,15.61111111111111
24,2009,deer creek,DCV,CDEC,deer creek,temperature,max,22.444444444444446
24,2009,deer creek,DCV,CDEC,deer creek,temperature,mean,19.88062169312169
24,2009,deer creek,DCV,CDEC,deer creek,temperature,min,18.055555555555557
25,2009,deer creek,DCV,CDEC,deer creek,temperature,max,23.5
25,2009,deer creek,DCV,CDEC,deer creek,temperature,mean,21.35350529100529
25,2009,deer creek,DCV,CDEC,deer creek,temperature,min,19
26,2009,deer creek,DCV,CDEC,deer creek,temperature,max,25.777777777777782
26,2009,deer creek,DCV,CDEC,deer creek,temperature,mean,23.645502645502642
26,2009,deer creek,DCV,CDEC,deer creek,temperature,min,21.166666666666664
27,2009,deer creek,DCV,CDEC,deer creek,temperature,max,25.444444444444443
27,2009,deer creek,DCV,CDEC,deer creek,temperature,mean,23.314484126984127
27,2009,deer creek,DCV,CDEC,deer creek,temperature,min,20.555555555555557
28,2009,deer creek,DCV,CDEC,deer creek,temperature,max,25.11111111111111
28,2009,deer creek,DCV,CDEC,deer creek,temperature,mean,22.01388888888889
28,2009,deer creek,DCV,CDEC,deer creek,temperature,min,20.055555555555554
29,2009,deer creek,DCV,CDEC,deer creek,temperature,max,26.833333333333332
29,2009,deer creek,DCV,CDEC,deer creek,temperature,mean,24.874338624338623
29,2009,deer creek,DCV,CDEC,deer creek,temperature,min,22.88888888888889
30,2009,deer creek,DCV,CDEC,deer creek,temperature,max,27.11111111111111
30,2009,deer creek,DCV,CDEC,deer creek,temperature,mean,24.7609126984127
30,2009,deer creek,DCV,CDEC,deer creek,temperature,min,22.88888888888889
31,2009,deer creek,DCV,CDEC,deer creek,temperature,max,27.277777777777775
31,2009,deer creek,DCV,CDEC,deer creek,temperature,mean,24.532076719576718
31,2009,deer creek,DCV,CDEC,deer creek,temperature,min,21.333333333333336
32,2009,deer creek,DCV,CDEC,deer creek,temperature,max,24.444444444444443
32,2009,deer creek,DCV,CDEC,deer creek,temperature,mean,21.623346560846564
32,2009,deer creek,DCV,CDEC,deer creek,temperature,min,19.222222222222218
33,2009,deer creek,DCV,CDEC,deer creek,temperature,max,24.777777777777775
33,2009,deer creek,DCV,CDEC,deer creek,temperature,mean,22.482142857142858
33,2009,deer creek,DCV,CDEC,deer creek,temperature,min,20.611111111111107
34,2009,deer creek,DCV,CDEC,deer creek,temperature,max,25.27777777777778
34,2009,deer creek,DCV,CDEC,deer creek,temperature,mean,22.502645502645503
34,2009,deer creek,DCV,CDEC,deer creek,temperature,min,19.72222222222222
35,2009,deer creek,DCV,CDEC,deer creek,temperature,max,23.333333333333332
35,2009,deer creek,DCV,CDEC,deer creek,temperature,mean,20.88293650793651
35,2009,deer creek,DCV,CDEC,deer creek,temperature,min,19.444444444444443
36,2009,deer creek,DCV,CDEC,deer creek,temperature,max,22.555555555555554
36,2009,deer creek,DCV,CDEC,deer creek,temperature,mean,19.922288359788357
36,2009,deer creek,DCV,CDEC,deer creek,temperature,min,17.88888888888889
37,2009,deer creek,DCV,CDEC,deer creek,temperature,max,21.888888888888893
37,2009,deer creek,DCV,CDEC,deer creek,temperature,mean,19.823743386243386
37,2009,deer creek,DCV,CDEC,deer creek,temperature,min,18.111111111111107
38,2009,deer creek,DCV,CDEC,deer creek,temperature,max,21.77777777777778
38,2009,deer creek,DCV,CDEC,deer creek,temperature,mean,19.889550264550262
38,2009,deer creek,DCV,CDEC,deer creek,temperature,min,18.388888888888886
39,2009,deer creek,DCV,CDEC,deer creek,temperature,max,20.611111111111107
39,2009,deer creek,DCV,CDEC,deer creek,temperature,mean,18.352182539682538
39,2009,deer creek,DCV,CDEC,deer creek,temperature,min,14.555555555555555
40,2009,deer creek,DCV,CDEC,deer creek,temperature,max,15.833333333333334
40,2009,deer creek,DCV,CDEC,deer creek,temperature,mean,13.416997354497354
40,2009,deer creek,DCV,CDEC,deer creek,temperature,min,11.61111111111111
41,2009,deer creek,DCV,CDEC,deer creek,temperature,max,14.11111111111111
41,2009,deer creek,DCV,CDEC,deer creek,temperature,mean,12.921626984126986
41,2009,deer creek,DCV,CDEC,deer creek,temperature,min,12
42,2009,deer creek,DCV,CDEC,deer creek,temperature,max,16.055555555555557
42,2009,deer creek,DCV,CDEC,deer creek,temperature,mean,14.246362433862434
42,2009,deer creek,DCV,CDEC,deer creek,temperature,min,12.166666666666666
43,2009,deer creek,DCV,CDEC,deer creek,temperature,max,14.333333333333334
43,2009,deer creek,DCV,CDEC,deer creek,temperature,mean,12.565806878306878
43,2009,deer creek,DCV,CDEC,deer creek,temperature,min,9.277777777777779
44,2009,deer creek,DCV,CDEC,deer creek,temperature,max,12.166666666666666
44,2009,deer creek,DCV,CDEC,deer creek,temperature,mean,10.531084656084657
44,2009,deer creek,DCV,CDEC,deer creek,temperature,min,8.333333333333334
45,2009,deer creek,DCV,CDEC,deer creek,temperature,max,12.388888888888888
45,2009,deer creek,DCV,CDEC,deer creek,temperature,mean,10.441468253968255
45,2009,deer creek,DCV,CDEC,deer creek,temperature,min,8.499999999999998
46,2009,deer creek,DCV,CDEC,deer creek,temperature,max,10.555555555555555
46,2009,deer creek,DCV,CDEC,deer creek,temperature,mean,7.691468253968253
46,2009,deer creek,DCV,CDEC,deer creek,temperature,min,5.999999999999998
47,2009,deer creek,DCV,CDEC,deer creek,temperature,max,8.555555555555555
47,2009,deer creek,DCV,CDEC,deer creek,temperature,mean,6.926256613756614
47,2009,deer creek,DCV,CDEC,deer creek,temperature,min,5.888888888888889
48,2009,deer creek,DCV,CDEC,deer creek,temperature,max,8.666666666666666
48,2009,deer creek,DCV,CDEC,deer creek,temperature,mean,6.849537037037037
48,2009,deer creek,DCV,CDEC,deer creek,temperature,min,5.333333333333334
49,2009,deer creek,DCV,CDEC,deer creek,temperature,max,5.888888888888889
49,2009,deer creek,DCV,CDEC,deer creek,temperature,mean,3.779100529100529
49,2009,deer creek,DCV,CDEC,deer creek,temperature,min,0.6666666666666683
50,2009,deer creek,DCV,CDEC,deer creek,temperature,max,8.11111111111111
50,2009,deer creek,DCV,CDEC,deer creek,temperature,mean,5.1686507936507935
50,2009,deer creek,DCV,CDEC,deer creek,temperature,min,0.44444444444444287
51,2009,deer creek,DCV,CDEC,deer creek,temperature,max,8.38888888888889
51,2009,deer creek,DCV,CDEC,deer creek,temperature,mean,6.986772486772488
51,2009,deer creek,DCV,CDEC,deer creek,temperature,min,4.388888888888888
52,2009,deer creek,DCV,CDEC,deer creek,temperature,max,6.4444444444444455
52,2009,deer creek,DCV,CDEC,deer creek,temperature,mean,5.249669312169312
52,2009,deer creek,DCV,CDEC,deer creek,temperature,min,4.055555555555554
53,2009,deer creek,DCV,CDEC,deer creek,temperature,max,6.944444444444445
53,2009,deer creek,DCV,CDEC,deer creek,temperature,mean,6.423611111111111
53,2009,deer creek,DCV,CDEC,deer creek,temperature,min,6.111111111111111
1,2010,deer creek,DCV,CDEC,deer creek,temperature,max,8.61111111111111
1,2010,deer creek,DCV,CDEC,deer creek,temperature,mean,7.107689210950082
1,2010,deer creek,DCV,CDEC,deer creek,temperature,min,6.166666666666668
2,2010,deer creek,DCV,CDEC,deer creek,temperature,max,9.777777777777779
2,2010,deer creek,DCV,CDEC,deer creek,temperature,mean,8.230158730158731
2,2010,deer creek,DCV,CDEC,deer creek,temperature,min,7.333333333333335
3,2010,deer creek,DCV,CDEC,deer creek,temperature,max,9.055555555555554
3,2010,deer creek,DCV,CDEC,deer creek,temperature,mean,7.584986772486771
3,2010,deer creek,DCV,CDEC,deer creek,temperature,min,6.666666666666667
4,2010,deer creek,DCV,CDEC,deer creek,temperature,max,8.222222222222221
4,2010,deer creek,DCV,CDEC,deer creek,temperature,mean,7.2751322751322745
4,2010,deer creek,DCV,CDEC,deer creek,temperature,min,6.666666666666667
5,2010,deer creek,DCV,CDEC,deer creek,temperature,max,8.666666666666666
5,2010,deer creek,DCV,CDEC,deer creek,temperature,mean,7.752976190476191
5,2010,deer creek,DCV,CDEC,deer creek,temperature,min,6.833333333333332
6,2010,deer creek,DCV,CDEC,deer creek,temperature,max,9.055555555555554
6,2010,deer creek,DCV,CDEC,deer creek,temperature,mean,8.204695767195767
6,2010,deer creek,DCV,CDEC,deer creek,temperature,min,7.11111111111111
7,2010,deer creek,DCV,CDEC,deer creek,temperature,max,9.777777777777779
7,2010,deer creek,DCV,CDEC,deer creek,temperature,mean,9.073498964803312
7,2010,deer creek,DCV,CDEC,deer creek,temperature,min,8.333333333333334
8,2010,deer creek,DCV,CDEC,deer creek,temperature,max,9.11111111111111
8,2010,deer creek,DCV,CDEC,deer creek,temperature,mean,7.961970899470899
8,2010,deer creek,DCV,CDEC,deer creek,temperature,min,6.555555555555554
9,2010,deer creek,DCV,CDEC,deer creek,temperature,max,9.444444444444445
9,2010,deer creek,DCV,CDEC,deer creek,temperature,mean,8.373346560846562
9,2010,deer creek,DCV,CDEC,deer creek,temperature,min,6.166666666666668
10,2010,deer creek,DCV,CDEC,deer creek,temperature,max,9.722222222222221
10,2010,deer creek,DCV,CDEC,deer creek,temperature,mean,7.75
10,2010,deer creek,DCV,CDEC,deer creek,temperature,min,5.944444444444446
11,2010,deer creek,DCV,CDEC,deer creek,temperature,max,11.11111111111111
11,2010,deer creek,DCV,CDEC,deer creek,temperature,mean,8.505247872095698
11,2010,deer creek,DCV,CDEC,deer creek,temperature,min,5.833333333333333
12,2010,deer creek,DCV,CDEC,deer creek,temperature,max,10.88888888888889
12,2010,deer creek,DCV,CDEC,deer creek,temperature,mean,9.791666666666668
12,2010,deer creek,DCV,CDEC,deer creek,temperature,min,8.722222222222223
13,2010,deer creek,DCV,CDEC,deer creek,temperature,max,10.61111111111111
13,2010,deer creek,DCV,CDEC,deer creek,temperature,mean,8.694775132275131
13,2010,deer creek,DCV,CDEC,deer creek,temperature,min,6.222222222222224
14,2010,deer creek,DCV,CDEC,deer creek,temperature,max,11.666666666666666
14,2010,deer creek,DCV,CDEC,deer creek,temperature,mean,7.804563492063493
14,2010,deer creek,DCV,CDEC,deer creek,temperature,min,5.7222222222222205
15,2010,deer creek,DCV,CDEC,deer creek,temperature,max,11.11111111111111
15,2010,deer creek,DCV,CDEC,deer creek,temperature,mean,9.192129629629632
15,2010,deer creek,DCV,CDEC,deer creek,temperature,min,7.88888888888889
16,2010,deer creek,DCV,CDEC,deer creek,temperature,max,12.611111111111112
16,2010,deer creek,DCV,CDEC,deer creek,temperature,mean,10.521494708994709
16,2010,deer creek,DCV,CDEC,deer creek,temperature,min,8.38888888888889
17,2010,deer creek,DCV,CDEC,deer creek,temperature,max,13
17,2010,deer creek,DCV,CDEC,deer creek,temperature,mean,10.125330687830687
17,2010,deer creek,DCV,CDEC,deer creek,temperature,min,6.166666666666668
18,2010,deer creek,DCV,CDEC,deer creek,temperature,max,13.444444444444446
18,2010,deer creek,DCV,CDEC,deer creek,temperature,mean,10.718915343915345
18,2010,deer creek,DCV,CDEC,deer creek,temperature,min,7.3888888888888875
19,2010,deer creek,DCV,CDEC,deer creek,temperature,max,14.5
19,2010,deer creek,DCV,CDEC,deer creek,temperature,mean,11.058201058201055
19,2010,deer creek,DCV,CDEC,deer creek,temperature,min,7.722222222222222
20,2010,deer creek,DCV,CDEC,deer creek,temperature,max,15.11111111111111
20,2010,deer creek,DCV,CDEC,deer creek,temperature,mean,12.899470899470899
20,2010,deer creek,DCV,CDEC,deer creek,temperature,min,10.5
21,2010,deer creek,DCV,CDEC,deer creek,temperature,max,12.777777777777779
21,2010,deer creek,DCV,CDEC,deer creek,temperature,mean,10.873015873015873
21,2010,deer creek,DCV,CDEC,deer creek,temperature,min,7.944444444444443
22,2010,deer creek,DCV,CDEC,deer creek,temperature,max,16.77777777777778
22,2010,deer creek,DCV,CDEC,deer creek,temperature,mean,14.105820105820104
22,2010,deer creek,DCV,CDEC,deer creek,temperature,min,9.611111111111109
23,2010,deer creek,DCV,CDEC,deer creek,temperature,max,18.61111111111111
23,2010,deer creek,DCV,CDEC,deer creek,temperature,mean,16.366402116402117
23,2010,deer creek,DCV,CDEC,deer creek,temperature,min,13.777777777777777
24,2010,deer creek,DCV,CDEC,deer creek,temperature,max,19.61111111111111
24,2010,deer creek,DCV,CDEC,deer creek,temperature,mean,17.11706349206349
24,2010,deer creek,DCV,CDEC,deer creek,temperature,min,13.833333333333334
25,2010,deer creek,DCV,CDEC,deer creek,temperature,max,21.555555555555557
25,2010,deer creek,DCV,CDEC,deer creek,temperature,mean,18.386243386243386
25,2010,deer creek,DCV,CDEC,deer creek,temperature,min,15.333333333333334
26,2010,deer creek,DCV,CDEC,deer creek,temperature,max,23.88888888888889
26,2010,deer creek,DCV,CDEC,deer creek,temperature,mean,21.837632275132275
26,2010,deer creek,DCV,CDEC,deer creek,temperature,min,19.166666666666668
27,2010,deer creek,DCV,CDEC,deer creek,temperature,max,24.66666666666667
27,2010,deer creek,DCV,CDEC,deer creek,temperature,mean,21.76818783068783
27,2010,deer creek,DCV,CDEC,deer creek,temperature,min,19.055555555555557
28,2010,deer creek,DCV,CDEC,deer creek,temperature,max,25.444444444444443
28,2010,deer creek,DCV,CDEC,deer creek,temperature,mean,23.71263227513228
28,2010,deer creek,DCV,CDEC,deer creek,temperature,min,21.999999999999996
29,2010,deer creek,DCV,CDEC,deer creek,temperature,max,26.888888888888893
29,2010,deer creek,DCV,CDEC,deer creek,temperature,mean,24.964616402116402
29,2010,deer creek,DCV,CDEC,deer creek,temperature,min,22.722222222222225
30,2010,deer creek,DCV,CDEC,deer creek,temperature,max,26.11111111111111
30,2010,deer creek,DCV,CDEC,deer creek,temperature,mean,24.084986772486776
30,2010,deer creek,DCV,CDEC,deer creek,temperature,min,21.611111111111114
31,2010,deer creek,DCV,CDEC,deer creek,temperature,max,23.666666666666664
31,2010,deer creek,DCV,CDEC,deer creek,temperature,mean,22.147486772486776
31,2010,deer creek,DCV,CDEC,deer creek,temperature,min,20.500000000000004
32,2010,deer creek,DCV,CDEC,deer creek,temperature,max,23.833333333333336
32,2010,deer creek,DCV,CDEC,deer creek,temperature,mean,22.019510582010582
32,2010,deer creek,DCV,CDEC,deer creek,temperature,min,19.833333333333332
33,2010,deer creek,DCV,CDEC,deer creek,temperature,max,24.333333333333332
33,2010,deer creek,DCV,CDEC,deer creek,temperature,mean,22.1844806763285
33,2010,deer creek,DCV,CDEC,deer creek,temperature,min,19.72222222222222
34,2010,deer creek,DCV,CDEC,deer creek,temperature,max,23.666666666666664
34,2010,deer creek,DCV,CDEC,deer creek,temperature,mean,20.995370370370374
34,2010,deer creek,DCV,CDEC,deer creek,temperature,min,18.77777777777778
35,2010,deer creek,DCV,CDEC,deer creek,temperature,max,22.83333333333333
35,2010,deer creek,DCV,CDEC,deer creek,temperature,mean,19.559854497354497
35,2010,deer creek,DCV,CDEC,deer creek,temperature,min,17.22222222222222
36,2010,deer creek,DCV,CDEC,deer creek,temperature,max,22.16666666666667
36,2010,deer creek,DCV,CDEC,deer creek,temperature,mean,19.420965608465604
36,2010,deer creek,DCV,CDEC,deer creek,temperature,min,16.666666666666668
37,2010,deer creek,DCV,CDEC,deer creek,temperature,max,19.333333333333332
37,2010,deer creek,DCV,CDEC,deer creek,temperature,mean,17.834656084656086
37,2010,deer creek,DCV,CDEC,deer creek,temperature,min,16.333333333333332
38,2010,deer creek,DCV,CDEC,deer creek,temperature,max,19.388888888888893
38,2010,deer creek,DCV,CDEC,deer creek,temperature,mean,17.435515873015873
38,2010,deer creek,DCV,CDEC,deer creek,temperature,min,15.333333333333334
39,2010,deer creek,DCV,CDEC,deer creek,temperature,max,19.166666666666668
39,2010,deer creek,DCV,CDEC,deer creek,temperature,mean,17.197751322751323
39,2010,deer creek,DCV,CDEC,deer creek,temperature,min,15.333333333333334
40,2010,deer creek,DCV,CDEC,deer creek,temperature,max,19.111111111111114
40,2010,deer creek,DCV,CDEC,deer creek,temperature,mean,16.935185185185187
40,2010,deer creek,DCV,CDEC,deer creek,temperature,min,15.11111111111111
41,2010,deer creek,DCV,CDEC,deer creek,temperature,max,16.833333333333332
41,2010,deer creek,DCV,CDEC,deer creek,temperature,mean,15.489748677248679
41,2010,deer creek,DCV,CDEC,deer creek,temperature,min,13.88888888888889
42,2010,deer creek,DCV,CDEC,deer creek,temperature,max,16.61111111111111
42,2010,deer creek,DCV,CDEC,deer creek,temperature,mean,14.37632275132275
42,2010,deer creek,DCV,CDEC,deer creek,temperature,min,12.888888888888891
43,2010,deer creek,DCV,CDEC,deer creek,temperature,max,14.000000000000002
43,2010,deer creek,DCV,CDEC,deer creek,temperature,mean,11.29431216931217
43,2010,deer creek,DCV,CDEC,deer creek,temperature,min,8.61111111111111
44,2010,deer creek,DCV,CDEC,deer creek,temperature,max,13.11111111111111
44,2010,deer creek,DCV,CDEC,deer creek,temperature,mean,11.749669312169312
44,2010,deer creek,DCV,CDEC,deer creek,temperature,min,10.333333333333334
45,2010,deer creek,DCV,CDEC,deer creek,temperature,max,13.666666666666666
45,2010,deer creek,DCV,CDEC,deer creek,temperature,mean,10.499338624338623
45,2010,deer creek,DCV,CDEC,deer creek,temperature,min,7.555555555555555
46,2010,deer creek,DCV,CDEC,deer creek,temperature,max,10.666666666666668
46,2010,deer creek,DCV,CDEC,deer creek,temperature,mean,8.943452380952381
46,2010,deer creek,DCV,CDEC,deer creek,temperature,min,7.277777777777778
47,2010,deer creek,DCV,CDEC,deer creek,temperature,max,9.333333333333332
47,2010,deer creek,DCV,CDEC,deer creek,temperature,mean,6.6590608465608465
47,2010,deer creek,DCV,CDEC,deer creek,temperature,min,3.3888888888888897
48,2010,deer creek,DCV,CDEC,deer creek,temperature,max,6.722222222222223
48,2010,deer creek,DCV,CDEC,deer creek,temperature,mean,4.49537037037037
48,2010,deer creek,DCV,CDEC,deer creek,temperature,min,3.1666666666666683
49,2010,deer creek,DCV,CDEC,deer creek,temperature,max,9.666666666666666
49,2010,deer creek,DCV,CDEC,deer creek,temperature,mean,8.139219576719578
49,2010,deer creek,DCV,CDEC,deer creek,temperature,min,6.7777777777777795
50,2010,deer creek,DCV,CDEC,deer creek,temperature,max,9.333333333333332
50,2010,deer creek,DCV,CDEC,deer creek,temperature,mean,7.774801587301588
50,2010,deer creek,DCV,CDEC,deer creek,temperature,min,4.722222222222222
51,2010,deer creek,DCV,CDEC,deer creek,temperature,max,8.555555555555555
51,2010,deer creek,DCV,CDEC,deer creek,temperature,mean,7.227843915343917
51,2010,deer creek,DCV,CDEC,deer creek,temperature,min,4.555555555555557
52,2010,deer creek,DCV,CDEC,deer creek,temperature,max,8.055555555555555
52,2010,deer creek,DCV,CDEC,deer creek,temperature,mean,7.167658730158729
52,2010,deer creek,DCV,CDEC,deer creek,temperature,min,4.722222222222222
53,2010,deer creek,DCV,CDEC,deer creek,temperature,max,4.666666666666666
53,2010,deer creek,DCV,CDEC,deer creek,temperature,mean,4.3657407407407405
53,2010,deer creek,DCV,CDEC,deer creek,temperature,min,4.111111111111111
1,2011,deer creek,DCV,CDEC,deer creek,temperature,max,6.277777777777776
1,2011,deer creek,DCV,CDEC,deer creek,temperature,mean,4.792328042328043
1,2011,deer creek,DCV,CDEC,deer creek,temperature,min,3.944444444444445
2,2011,deer creek,DCV,CDEC,deer creek,temperature,max,7.333333333333335
2,2011,deer creek,DCV,CDEC,deer creek,temperature,mean,4.978505291005291
2,2011,deer creek,DCV,CDEC,deer creek,temperature,min,2.666666666666665
3,2011,deer creek,DCV,CDEC,deer creek,temperature,max,8.61111111111111
3,2011,deer creek,DCV,CDEC,deer creek,temperature,mean,7.1782407407407405
3,2011,deer creek,DCV,CDEC,deer creek,temperature,min,5.7222222222222205
4,2011,deer creek,DCV,CDEC,deer creek,temperature,max,7.722222222222222
4,2011,deer creek,DCV,CDEC,deer creek,temperature,mean,6.962632275132276
4,2011,deer creek,DCV,CDEC,deer creek,temperature,min,6.388888888888889
5,2011,deer creek,DCV,CDEC,deer creek,temperature,max,7.166666666666667
5,2011,deer creek,DCV,CDEC,deer creek,temperature,mean,5.983796296296296
5,2011,deer creek,DCV,CDEC,deer creek,temperature,min,4.444444444444445
6,2011,deer creek,DCV,CDEC,deer creek,temperature,max,8.444444444444446
6,2011,deer creek,DCV,CDEC,deer creek,temperature,mean,6.639880952380952
6,2011,deer creek,DCV,CDEC,deer creek,temperature,min,4.833333333333335
7,2011,deer creek,DCV,CDEC,deer creek,temperature,max,8.11111111111111
7,2011,deer creek,DCV,CDEC,deer creek,temperature,mean,6.609126984126983
7,2011,deer creek,DCV,CDEC,deer creek,temperature,min,5.444444444444443
8,2011,deer creek,DCV,CDEC,deer creek,temperature,max,6.555555555555554
8,2011,deer creek,DCV,CDEC,deer creek,temperature,mean,5.651455026455025
8,2011,deer creek,DCV,CDEC,deer creek,temperature,min,3.611111111111111
9,2011,deer creek,DCV,CDEC,deer creek,temperature,max,8.666666666666666
9,2011,deer creek,DCV,CDEC,deer creek,temperature,mean,6.225198412698413
9,2011,deer creek,DCV,CDEC,deer creek,temperature,min,3.2222222222222205
10,2011,deer creek,DCV,CDEC,deer creek,temperature,max,9.666666666666666
10,2011,deer creek,DCV,CDEC,deer creek,temperature,mean,8.456018518518519
10,2011,deer creek,DCV,CDEC,deer creek,temperature,min,7.444444444444445
11,2011,deer creek,DCV,CDEC,deer creek,temperature,max,9.055555555555554
11,2011,deer creek,DCV,CDEC,deer creek,temperature,mean,7.819875776397515
11,2011,deer creek,DCV,CDEC,deer creek,temperature,min,5.833333333333333
12,2011,deer creek,DCV,CDEC,deer creek,temperature,max,8.222222222222221
12,2011,deer creek,DCV,CDEC,deer creek,temperature,mean,7.163359788359789
12,2011,deer creek,DCV,CDEC,deer creek,temperature,min,6.222222222222224
13,2011,deer creek,DCV,CDEC,deer creek,temperature,max,10.777777777777779
13,2011,deer creek,DCV,CDEC,deer creek,temperature,mean,8.78207671957672
13,2011,deer creek,DCV,CDEC,deer creek,temperature,min,6.944444444444445
14,2011,deer creek,DCV,CDEC,deer creek,temperature,max,10.333333333333334
14,2011,deer creek,DCV,CDEC,deer creek,temperature,mean,8.47255291005291
14,2011,deer creek,DCV,CDEC,deer creek,temperature,min,5.611111111111112
15,2011,deer creek,DCV,CDEC,deer creek,temperature,max,10.833333333333334
15,2011,deer creek,DCV,CDEC,deer creek,temperature,mean,8.68882275132275
15,2011,deer creek,DCV,CDEC,deer creek,temperature,min,5.999999999999998
16,2011,deer creek,DCV,CDEC,deer creek,temperature,max,12.333333333333336
16,2011,deer creek,DCV,CDEC,deer creek,temperature,mean,9.618055555555555
16,2011,deer creek,DCV,CDEC,deer creek,temperature,min,8.333333333333334
17,2011,deer creek,DCV,CDEC,deer creek,temperature,max,10.61111111111111
17,2011,deer creek,DCV,CDEC,deer creek,temperature,mean,9.084325396825395
17,2011,deer creek,DCV,CDEC,deer creek,temperature,min,7.555555555555555
18,2011,deer creek,DCV,CDEC,deer creek,temperature,max,13.777777777777777
18,2011,deer creek,DCV,CDEC,deer creek,temperature,mean,11.1005291005291
18,2011,deer creek,DCV,CDEC,deer creek,temperature,min,7.555555555555555
19,2011,deer creek,DCV,CDEC,deer creek,temperature,max,13.61111111111111
19,2011,deer creek,DCV,CDEC,deer creek,temperature,mean,11.378306878306878
19,2011,deer creek,DCV,CDEC,deer creek,temperature,min,8.88888888888889
20,2011,deer creek,DCV,CDEC,deer creek,temperature,max,14.11111111111111
20,2011,deer creek,DCV,CDEC,deer creek,temperature,mean,10.067791005291005
20,2011,deer creek,DCV,CDEC,deer creek,temperature,min,7.555555555555555
21,2011,deer creek,DCV,CDEC,deer creek,temperature,max,15.222222222222221
21,2011,deer creek,DCV,CDEC,deer creek,temperature,mean,11.926587301587302
21,2011,deer creek,DCV,CDEC,deer creek,temperature,min,8.222222222222221
22,2011,deer creek,DCV,CDEC,deer creek,temperature,max,11.777777777777779
22,2011,deer creek,DCV,CDEC,deer creek,temperature,mean,10.30787037037037
22,2011,deer creek,DCV,CDEC,deer creek,temperature,min,8.722222222222223
23,2011,deer creek,DCV,CDEC,deer creek,temperature,max,16.444444444444443
23,2011,deer creek,DCV,CDEC,deer creek,temperature,mean,12.819113756613758
23,2011,deer creek,DCV,CDEC,deer creek,temperature,min,9.888888888888888
24,2011,deer creek,DCV,CDEC,deer creek,temperature,max,18.000000000000004
24,2011,deer creek,DCV,CDEC,deer creek,temperature,mean,15.576388888888888
24,2011,deer creek,DCV,CDEC,deer creek,temperature,min,13.11111111111111
25,2011,deer creek,DCV,CDEC,deer creek,temperature,max,20.611111111111107
25,2011,deer creek,DCV,CDEC,deer creek,temperature,mean,17.563492063492063
25,2011,deer creek,DCV,CDEC,deer creek,temperature,min,13.722222222222223
26,2011,deer creek,DCV,CDEC,deer creek,temperature,max,19.833333333333332
26,2011,deer creek,DCV,CDEC,deer creek,temperature,mean,17.199404761904763
26,2011,deer creek,DCV,CDEC,deer creek,temperature,min,13.88888888888889
27,2011,deer creek,DCV,CDEC,deer creek,temperature,max,22.944444444444443
27,2011,deer creek,DCV,CDEC,deer creek,temperature,mean,20.771825396825395
27,2011,deer creek,DCV,CDEC,deer creek,temperature,min,17.5
28,2011,deer creek,DCV,CDEC,deer creek,temperature,max,22.555555555555554
28,2011,deer creek,DCV,CDEC,deer creek,temperature,mean,20.085317460317462
28,2011,deer creek,DCV,CDEC,deer creek,temperature,min,17.5
29,2011,deer creek,DCV,CDEC,deer creek,temperature,max,22.444444444444446
29,2011,deer creek,DCV,CDEC,deer creek,temperature,mean,19.84358465608466
29,2011,deer creek,DCV,CDEC,deer creek,temperature,min,17.444444444444443
30,2011,deer creek,DCV,CDEC,deer creek,temperature,max,23.388888888888886
30,2011,deer creek,DCV,CDEC,deer creek,temperature,mean,21.388227513227513
30,2011,deer creek,DCV,CDEC,deer creek,temperature,min,19.222222222222218
31,2011,deer creek,DCV,CDEC,deer creek,temperature,max,23.944444444444443
31,2011,deer creek,DCV,CDEC,deer creek,temperature,mean,21.788029100529105
31,2011,deer creek,DCV,CDEC,deer creek,temperature,min,19.333333333333332
32,2011,deer creek,DCV,CDEC,deer creek,temperature,max,22.22222222222222
32,2011,deer creek,DCV,CDEC,deer creek,temperature,mean,20.73776455026455
32,2011,deer creek,DCV,CDEC,deer creek,temperature,min,19.111111111111114
33,2011,deer creek,DCV,CDEC,deer creek,temperature,max,22.5
33,2011,deer creek,DCV,CDEC,deer creek,temperature,mean,20.52678571428572
33,2011,deer creek,DCV,CDEC,deer creek,temperature,min,18.61111111111111
34,2011,deer creek,DCV,CDEC,deer creek,temperature,max,21.833333333333332
34,2011,deer creek,DCV,CDEC,deer creek,temperature,mean,20.23710317460317
34,2011,deer creek,DCV,CDEC,deer creek,temperature,min,18.555555555555557
35,2011,deer creek,DCV,CDEC,deer creek,temperature,max,22.055555555555557
35,2011,deer creek,DCV,CDEC,deer creek,temperature,mean,20.01058201058201
35,2011,deer creek,DCV,CDEC,deer creek,temperature,min,18.000000000000004
36,2011,deer creek,DCV,CDEC,deer creek,temperature,max,20.38888888888889
36,2011,deer creek,DCV,CDEC,deer creek,temperature,mean,19.139550264550262
36,2011,deer creek,DCV,CDEC,deer creek,temperature,min,17.77777777777778
37,2011,deer creek,DCV,CDEC,deer creek,temperature,max,21.333333333333336
37,2011,deer creek,DCV,CDEC,deer creek,temperature,mean,19.775462962962965
37,2011,deer creek,DCV,CDEC,deer creek,temperature,min,17.5
38,2011,deer creek,DCV,CDEC,deer creek,temperature,max,18.944444444444443
38,2011,deer creek,DCV,CDEC,deer creek,temperature,mean,17.66104497354497
38,2011,deer creek,DCV,CDEC,deer creek,temperature,min,16.166666666666668
39,2011,deer creek,DCV,CDEC,deer creek,temperature,max,18.77777777777778
39,2011,deer creek,DCV,CDEC,deer creek,temperature,mean,16.994047619047617
39,2011,deer creek,DCV,CDEC,deer creek,temperature,min,15.166666666666666
40,2011,deer creek,DCV,CDEC,deer creek,temperature,max,17.27777777777778
40,2011,deer creek,DCV,CDEC,deer creek,temperature,mean,13.985449735449736
40,2011,deer creek,DCV,CDEC,deer creek,temperature,min,10.61111111111111
41,2011,deer creek,DCV,CDEC,deer creek,temperature,max,15.166666666666666
41,2011,deer creek,DCV,CDEC,deer creek,temperature,mean,13.571428571428571
41,2011,deer creek,DCV,CDEC,deer creek,temperature,min,11.166666666666666
42,2011,deer creek,DCV,CDEC,deer creek,temperature,max,16.11111111111111
42,2011,deer creek,DCV,CDEC,deer creek,temperature,mean,14.791997354497354
42,2011,deer creek,DCV,CDEC,deer creek,temperature,min,13.499999999999998
43,2011,deer creek,DCV,CDEC,deer creek,temperature,max,14.277777777777779
43,2011,deer creek,DCV,CDEC,deer creek,temperature,mean,12.013227513227514
43,2011,deer creek,DCV,CDEC,deer creek,temperature,min,9.11111111111111
44,2011,deer creek,DCV,CDEC,deer creek,temperature,max,11.777777777777779
44,2011,deer creek,DCV,CDEC,deer creek,temperature,mean,9.697420634920634
44,2011,deer creek,DCV,CDEC,deer creek,temperature,min,7.3888888888888875
45,2011,deer creek,DCV,CDEC,deer creek,temperature,max,7.6111111111111125
45,2011,deer creek,DCV,CDEC,deer creek,temperature,mean,6.760582010582011
45,2011,deer creek,DCV,CDEC,deer creek,temperature,min,5.944444444444446
46,2011,deer creek,DCV,CDEC,deer creek,temperature,max,9.666666666666666
46,2011,deer creek,DCV,CDEC,deer creek,temperature,mean,8.538690476190476
46,2011,deer creek,DCV,CDEC,deer creek,temperature,min,7.333333333333335
47,2011,deer creek,DCV,CDEC,deer creek,temperature,max,9.444444444444445
47,2011,deer creek,DCV,CDEC,deer creek,temperature,mean,8.07903439153439
47,2011,deer creek,DCV,CDEC,deer creek,temperature,min,6.888888888888888
48,2011,deer creek,DCV,CDEC,deer creek,temperature,max,8.722222222222223
48,2011,deer creek,DCV,CDEC,deer creek,temperature,mean,7.193121693121692
48,2011,deer creek,DCV,CDEC,deer creek,temperature,min,5.666666666666668
49,2011,deer creek,DCV,CDEC,deer creek,temperature,max,5.777777777777777
49,2011,deer creek,DCV,CDEC,deer creek,temperature,mean,4.487734487734488
49,2011,deer creek,DCV,CDEC,deer creek,temperature,min,3.7777777777777763
50,2011,deer creek,DCV,CDEC,deer creek,temperature,max,5.222222222222221
50,2011,deer creek,DCV,CDEC,deer creek,temperature,mean,4.504960317460317
50,2011,deer creek,DCV,CDEC,deer creek,temperature,min,3.555555555555555
51,2011,deer creek,DCV,CDEC,deer creek,temperature,max,5.7222222222222205
51,2011,deer creek,DCV,CDEC,deer creek,temperature,mean,4.439814814814815
51,2011,deer creek,DCV,CDEC,deer creek,temperature,min,2.8888888888888906
52,2011,deer creek,DCV,CDEC,deer creek,temperature,max,8.277777777777779
52,2011,deer creek,DCV,CDEC,deer creek,temperature,mean,4.488756613756614
52,2011,deer creek,DCV,CDEC,deer creek,temperature,min,2.8888888888888906
53,2011,deer creek,DCV,CDEC,deer creek,temperature,max,8.055555555555555
53,2011,deer creek,DCV,CDEC,deer creek,temperature,mean,7.722222222222222
53,2011,deer creek,DCV,CDEC,deer creek,temperature,min,7.333333333333335
1,2012,deer creek,DCV,CDEC,deer creek,temperature,max,7.277777777777778
1,2012,deer creek,DCV,CDEC,deer creek,temperature,mean,6.0726911976911975
1,2012,deer creek,DCV,CDEC,deer creek,temperature,min,5.166666666666665
2,2012,deer creek,DCV,CDEC,deer creek,temperature,max,6.0555555555555545
2,2012,deer creek,DCV,CDEC,deer creek,temperature,mean,5.181216931216931
2,2012,deer creek,DCV,CDEC,deer creek,temperature,min,4.444444444444445
3,2012,deer creek,DCV,CDEC,deer creek,temperature,max,7.777777777777778
3,2012,deer creek,DCV,CDEC,deer creek,temperature,mean,4.088955026455027
3,2012,deer creek,DCV,CDEC,deer creek,temperature,min,1.5000000000000016
4,2012,deer creek,DCV,CDEC,deer creek,temperature,max,8.333333333333334
4,2012,deer creek,DCV,CDEC,deer creek,temperature,mean,6.553902116402116
4,2012,deer creek,DCV,CDEC,deer creek,temperature,min,5.333333333333334
5,2012,deer creek,DCV,CDEC,deer creek,temperature,max,7.777777777777778
5,2012,deer creek,DCV,CDEC,deer creek,temperature,mean,6.411490683229814
5,2012,deer creek,DCV,CDEC,deer creek,temperature,min,5.166666666666665
6,2012,deer creek,DCV,CDEC,deer creek,temperature,max,9.000000000000002
6,2012,deer creek,DCV,CDEC,deer creek,temperature,mean,7.1878306878306875
6,2012,deer creek,DCV,CDEC,deer creek,temperature,min,5.222222222222221
7,2012,deer creek,DCV,CDEC,deer creek,temperature,max,8.222222222222221
7,2012,deer creek,DCV,CDEC,deer creek,temperature,mean,6.842261904761904
7,2012,deer creek,DCV,CDEC,deer creek,temperature,min,5.222222222222221
8,2012,deer creek,DCV,CDEC,deer creek,temperature,max,9.777777777777779
8,2012,deer creek,DCV,CDEC,deer creek,temperature,mean,7.917989417989418
8,2012,deer creek,DCV,CDEC,deer creek,temperature,min,5.888888888888889
9,2012,deer creek,DCV,CDEC,deer creek,temperature,max,7.833333333333333
9,2012,deer creek,DCV,CDEC,deer creek,temperature,mean,6.397486772486772
9,2012,deer creek,DCV,CDEC,deer creek,temperature,min,5
10,2012,deer creek,DCV,CDEC,deer creek,temperature,max,9.666666666666666
10,2012,deer creek,DCV,CDEC,deer creek,temperature,mean,8.069444444444443
10,2012,deer creek,DCV,CDEC,deer creek,temperature,min,6.111111111111111
11,2012,deer creek,DCV,CDEC,deer creek,temperature,max,9.944444444444445
11,2012,deer creek,DCV,CDEC,deer creek,temperature,mean,8.440691856452725
11,2012,deer creek,DCV,CDEC,deer creek,temperature,min,6.111111111111111
12,2012,deer creek,DCV,CDEC,deer creek,temperature,max,10.277777777777779
12,2012,deer creek,DCV,CDEC,deer creek,temperature,mean,7.621362433862434
12,2012,deer creek,DCV,CDEC,deer creek,temperature,min,5.222222222222221
13,2012,deer creek,DCV,CDEC,deer creek,temperature,max,9.722222222222221
13,2012,deer creek,DCV,CDEC,deer creek,temperature,mean,8.625
13,2012,deer creek,DCV,CDEC,deer creek,temperature,min,7.722222222222222
14,2012,deer creek,DCV,CDEC,deer creek,temperature,max,10.277777777777779
14,2012,deer creek,DCV,CDEC,deer creek,temperature,mean,8.049933862433862
14,2012,deer creek,DCV,CDEC,deer creek,temperature,min,5.666666666666668
15,2012,deer creek,DCV,CDEC,deer creek,temperature,max,10.999999999999998
15,2012,deer creek,DCV,CDEC,deer creek,temperature,mean,9.228174603174605
15,2012,deer creek,DCV,CDEC,deer creek,temperature,min,7.277777777777778
16,2012,deer creek,DCV,CDEC,deer creek,temperature,max,15.333333333333334
16,2012,deer creek,DCV,CDEC,deer creek,temperature,mean,11.871693121693122
16,2012,deer creek,DCV,CDEC,deer creek,temperature,min,8.555555555555555
17,2012,deer creek,DCV,CDEC,deer creek,temperature,max,15.833333333333334
17,2012,deer creek,DCV,CDEC,deer creek,temperature,mean,12.561507936507937
17,2012,deer creek,DCV,CDEC,deer creek,temperature,min,8.61111111111111
18,2012,deer creek,DCV,CDEC,deer creek,temperature,max,14.555555555555555
18,2012,deer creek,DCV,CDEC,deer creek,temperature,mean,12.704034391534393
18,2012,deer creek,DCV,CDEC,deer creek,temperature,min,10.61111111111111
19,2012,deer creek,DCV,CDEC,deer creek,temperature,max,17.666666666666668
19,2012,deer creek,DCV,CDEC,deer creek,temperature,mean,15.059854497354497
19,2012,deer creek,DCV,CDEC,deer creek,temperature,min,11.333333333333334
20,2012,deer creek,DCV,CDEC,deer creek,temperature,max,19.444444444444443
20,2012,deer creek,DCV,CDEC,deer creek,temperature,mean,17.250661375661377
20,2012,deer creek,DCV,CDEC,deer creek,temperature,min,14.944444444444445
21,2012,deer creek,DCV,CDEC,deer creek,temperature,max,19.499999999999996
21,2012,deer creek,DCV,CDEC,deer creek,temperature,mean,16.852843915343914
21,2012,deer creek,DCV,CDEC,deer creek,temperature,min,12.833333333333334
22,2012,deer creek,DCV,CDEC,deer creek,temperature,max,22.444444444444446
22,2012,deer creek,DCV,CDEC,deer creek,temperature,mean,18.162367724867725
22,2012,deer creek,DCV,CDEC,deer creek,temperature,min,13.38888888888889
23,2012,deer creek,DCV,CDEC,deer creek,temperature,max,21.888888888888893
23,2012,deer creek,DCV,CDEC,deer creek,temperature,mean,17.88558201058201
23,2012,deer creek,DCV,CDEC,deer creek,temperature,min,14.5
24,2012,deer creek,DCV,CDEC,deer creek,temperature,max,23.333333333333332
24,2012,deer creek,DCV,CDEC,deer creek,temperature,mean,20.302068302068303
24,2012,deer creek,DCV,CDEC,deer creek,temperature,min,16
25,2012,deer creek,DCV,CDEC,deer creek,temperature,max,24.333333333333332
25,2012,deer creek,DCV,CDEC,deer creek,temperature,mean,21.340939153439155
25,2012,deer creek,DCV,CDEC,deer creek,temperature,min,17
26,2012,deer creek,DCV,CDEC,deer creek,temperature,max,22.277777777777775
26,2012,deer creek,DCV,CDEC,deer creek,temperature,mean,19.305886243386244
26,2012,deer creek,DCV,CDEC,deer creek,temperature,min,16.833333333333332
27,2012,deer creek,DCV,CDEC,deer creek,temperature,max,24.444444444444443
27,2012,deer creek,DCV,CDEC,deer creek,temperature,mean,22.687830687830687
27,2012,deer creek,DCV,CDEC,deer creek,temperature,min,20.72222222222222
28,2012,deer creek,DCV,CDEC,deer creek,temperature,max,24.72222222222222
28,2012,deer creek,DCV,CDEC,deer creek,temperature,mean,22.990410052910054
28,2012,deer creek,DCV,CDEC,deer creek,temperature,min,21.166666666666664
29,2012,deer creek,DCV,CDEC,deer creek,temperature,max,24.27777777777778
29,2012,deer creek,DCV,CDEC,deer creek,temperature,mean,21.747023809523814
29,2012,deer creek,DCV,CDEC,deer creek,temperature,min,19.555555555555557
30,2012,deer creek,DCV,CDEC,deer creek,temperature,max,25
30,2012,deer creek,DCV,CDEC,deer creek,temperature,mean,22.866402116402117
30,2012,deer creek,DCV,CDEC,deer creek,temperature,min,20.888888888888886
31,2012,deer creek,DCV,CDEC,deer creek,temperature,max,24.66666666666667
31,2012,deer creek,DCV,CDEC,deer creek,temperature,mean,22.93320105820106
31,2012,deer creek,DCV,CDEC,deer creek,temperature,min,20.777777777777782
32,2012,deer creek,DCV,CDEC,deer creek,temperature,max,24.833333333333332
32,2012,deer creek,DCV,CDEC,deer creek,temperature,mean,22.748015873015873
32,2012,deer creek,DCV,CDEC,deer creek,temperature,min,21.166666666666664
33,2012,deer creek,DCV,CDEC,deer creek,temperature,max,25.33333333333333
33,2012,deer creek,DCV,CDEC,deer creek,temperature,mean,23.762566137566136
33,2012,deer creek,DCV,CDEC,deer creek,temperature,min,21.555555555555557
34,2012,deer creek,DCV,CDEC,deer creek,temperature,max,24.72222222222222
34,2012,deer creek,DCV,CDEC,deer creek,temperature,mean,21.96164021164021
34,2012,deer creek,DCV,CDEC,deer creek,temperature,min,19.72222222222222
35,2012,deer creek,DCV,CDEC,deer creek,temperature,max,21.833333333333332
35,2012,deer creek,DCV,CDEC,deer creek,temperature,mean,19.53670634920635
35,2012,deer creek,DCV,CDEC,deer creek,temperature,min,17.944444444444443
36,2012,deer creek,DCV,CDEC,deer creek,temperature,max,21.666666666666668
36,2012,deer creek,DCV,CDEC,deer creek,temperature,mean,19.56679894179894
36,2012,deer creek,DCV,CDEC,deer creek,temperature,min,17.61111111111111
37,2012,deer creek,DCV,CDEC,deer creek,temperature,max,21.77777777777778
37,2012,deer creek,DCV,CDEC,deer creek,temperature,mean,19.492394179894177
37,2012,deer creek,DCV,CDEC,deer creek,temperature,min,17.88888888888889
38,2012,deer creek,DCV,CDEC,deer creek,temperature,max,20.222222222222225
38,2012,deer creek,DCV,CDEC,deer creek,temperature,mean,18.503968253968253
38,2012,deer creek,DCV,CDEC,deer creek,temperature,min,17.11111111111111
39,2012,deer creek,DCV,CDEC,deer creek,temperature,max,19.499999999999996
39,2012,deer creek,DCV,CDEC,deer creek,temperature,mean,17.92989417989418
39,2012,deer creek,DCV,CDEC,deer creek,temperature,min,16.77777777777778
40,2012,deer creek,DCV,CDEC,deer creek,temperature,max,18.72222222222222
40,2012,deer creek,DCV,CDEC,deer creek,temperature,mean,17.02777777777778
40,2012,deer creek,DCV,CDEC,deer creek,temperature,min,15.055555555555555
41,2012,deer creek,DCV,CDEC,deer creek,temperature,max,16.61111111111111
41,2012,deer creek,DCV,CDEC,deer creek,temperature,mean,14.569444444444445
41,2012,deer creek,DCV,CDEC,deer creek,temperature,min,12.888888888888891
42,2012,deer creek,DCV,CDEC,deer creek,temperature,max,16.77777777777778
42,2012,deer creek,DCV,CDEC,deer creek,temperature,mean,14.722222222222223
42,2012,deer creek,DCV,CDEC,deer creek,temperature,min,13.166666666666668
43,2012,deer creek,DCV,CDEC,deer creek,temperature,max,14.055555555555554
43,2012,deer creek,DCV,CDEC,deer creek,temperature,mean,11.301917989417987
43,2012,deer creek,DCV,CDEC,deer creek,temperature,min,9.5
44,2012,deer creek,DCV,CDEC,deer creek,temperature,max,12.888888888888891
44,2012,deer creek,DCV,CDEC,deer creek,temperature,mean,11.823412698412698
44,2012,deer creek,DCV,CDEC,deer creek,temperature,min,11.055555555555555
45,2012,deer creek,DCV,CDEC,deer creek,temperature,max,13.055555555555555
45,2012,deer creek,DCV,CDEC,deer creek,temperature,mean,11.067791005291005
45,2012,deer creek,DCV,CDEC,deer creek,temperature,min,7.277777777777778
46,2012,deer creek,DCV,CDEC,deer creek,temperature,max,10.833333333333334
46,2012,deer creek,DCV,CDEC,deer creek,temperature,mean,8.345568783068783
46,2012,deer creek,DCV,CDEC,deer creek,temperature,min,6.555555555555554
47,2012,deer creek,DCV,CDEC,deer creek,temperature,max,11.333333333333334
47,2012,deer creek,DCV,CDEC,deer creek,temperature,mean,9.83862433862434
47,2012,deer creek,DCV,CDEC,deer creek,temperature,min,8.222222222222221
48,2012,deer creek,DCV,CDEC,deer creek,temperature,max,11.88888888888889
48,2012,deer creek,DCV,CDEC,deer creek,temperature,mean,9.110780423280422
48,2012,deer creek,DCV,CDEC,deer creek,temperature,min,7.3888888888888875
49,2012,deer creek,DCV,CDEC,deer creek,temperature,max,12.055555555555557
49,2012,deer creek,DCV,CDEC,deer creek,temperature,mean,9.333002645502646
49,2012,deer creek,DCV,CDEC,deer creek,temperature,min,7.11111111111111
50,2012,deer creek,DCV,CDEC,deer creek,temperature,max,8.055555555555555
50,2012,deer creek,DCV,CDEC,deer creek,temperature,mean,6.739748677248677
50,2012,deer creek,DCV,CDEC,deer creek,temperature,min,4.8888888888888875
51,2012,deer creek,DCV,CDEC,deer creek,temperature,max,7.444444444444445
51,2012,deer creek,DCV,CDEC,deer creek,temperature,mean,5.474206349206349
51,2012,deer creek,DCV,CDEC,deer creek,temperature,min,3.4999999999999982
52,2012,deer creek,DCV,CDEC,deer creek,temperature,max,7.722222222222222
52,2012,deer creek,DCV,CDEC,deer creek,temperature,mean,6.41765873015873
52,2012,deer creek,DCV,CDEC,deer creek,temperature,min,5.055555555555556
53,2012,deer creek,DCV,CDEC,deer creek,temperature,max,5.944444444444446
53,2012,deer creek,DCV,CDEC,deer creek,temperature,mean,4.9155092592592595
53,2012,deer creek,DCV,CDEC,deer creek,temperature,min,4.222222222222223
1,2013,deer creek,DCV,CDEC,deer creek,temperature,max,5.944444444444446
1,2013,deer creek,DCV,CDEC,deer creek,temperature,mean,4.4788359788359795
1,2013,deer creek,DCV,CDEC,deer creek,temperature,min,3.555555555555555
2,2013,deer creek,DCV,CDEC,deer creek,temperature,max,6.166666666666668
2,2013,deer creek,DCV,CDEC,deer creek,temperature,mean,3.9176587301587302
2,2013,deer creek,DCV,CDEC,deer creek,temperature,min,1.3333333333333326
3,2013,deer creek,DCV,CDEC,deer creek,temperature,max,5.166666666666665
3,2013,deer creek,DCV,CDEC,deer creek,temperature,mean,3.869708994708995
3,2013,deer creek,DCV,CDEC,deer creek,temperature,min,1.6111111111111103
4,2013,deer creek,DCV,CDEC,deer creek,temperature,max,8.277777777777779
4,2013,deer creek,DCV,CDEC,deer creek,temperature,mean,6.401455026455027
4,2013,deer creek,DCV,CDEC,deer creek,temperature,min,4.166666666666667
5,2013,deer creek,DCV,CDEC,deer creek,temperature,max,7.11111111111111
5,2013,deer creek,DCV,CDEC,deer creek,temperature,mean,6.134589947089948
5,2013,deer creek,DCV,CDEC,deer creek,temperature,min,5
6,2013,deer creek,DCV,CDEC,deer creek,temperature,max,7.055555555555557
6,2013,deer creek,DCV,CDEC,deer creek,temperature,mean,5.655423280423281
6,2013,deer creek,DCV,CDEC,deer creek,temperature,min,3.888888888888889
7,2013,deer creek,DCV,CDEC,deer creek,temperature,max,8.277777777777779
7,2013,deer creek,DCV,CDEC,deer creek,temperature,mean,6.603835978835979
7,2013,deer creek,DCV,CDEC,deer creek,temperature,min,4.388888888888888
8,2013,deer creek,DCV,CDEC,deer creek,temperature,max,7.222222222222222
8,2013,deer creek,DCV,CDEC,deer creek,temperature,mean,5.884589947089947
8,2013,deer creek,DCV,CDEC,deer creek,temperature,min,4.2777777777777795
9,2013,deer creek,DCV,CDEC,deer creek,temperature,max,10.944444444444446
9,2013,deer creek,DCV,CDEC,deer creek,temperature,mean,8.153439153439153
9,2013,deer creek,DCV,CDEC,deer creek,temperature,min,5.166666666666665
10,2013,deer creek,DCV,CDEC,deer creek,temperature,max,9.666666666666666
10,2013,deer creek,DCV,CDEC,deer creek,temperature,mean,7.882030710835059
10,2013,deer creek,DCV,CDEC,deer creek,temperature,min,5.666666666666668
11,2013,deer creek,DCV,CDEC,deer creek,temperature,max,11.277777777777777
11,2013,deer creek,DCV,CDEC,deer creek,temperature,mean,10.100859788359788
11,2013,deer creek,DCV,CDEC,deer creek,temperature,min,8.333333333333334
12,2013,deer creek,DCV,CDEC,deer creek,temperature,max,10.944444444444446
12,2013,deer creek,DCV,CDEC,deer creek,temperature,mean,9.113095238095239
12,2013,deer creek,DCV,CDEC,deer creek,temperature,min,6.555555555555554
13,2013,deer creek,DCV,CDEC,deer creek,temperature,max,12.888888888888891
13,2013,deer creek,DCV,CDEC,deer creek,temperature,mean,11.279100529100528
13,2013,deer creek,DCV,CDEC,deer creek,temperature,min,9.11111111111111
14,2013,deer creek,DCV,CDEC,deer creek,temperature,max,13.166666666666668
14,2013,deer creek,DCV,CDEC,deer creek,temperature,mean,11.717261904761903
14,2013,deer creek,DCV,CDEC,deer creek,temperature,min,9.555555555555557
15,2013,deer creek,DCV,CDEC,deer creek,temperature,max,14.055555555555554
15,2013,deer creek,DCV,CDEC,deer creek,temperature,mean,12.119708994708995
15,2013,deer creek,DCV,CDEC,deer creek,temperature,min,9.11111111111111
16,2013,deer creek,DCV,CDEC,deer creek,temperature,max,16.11111111111111
16,2013,deer creek,DCV,CDEC,deer creek,temperature,mean,12.319444444444445
16,2013,deer creek,DCV,CDEC,deer creek,temperature,min,8.444444444444446
17,2013,deer creek,DCV,CDEC,deer creek,temperature,max,18.666666666666664
17,2013,deer creek,DCV,CDEC,deer creek,temperature,mean,15.97420634920635
17,2013,deer creek,DCV,CDEC,deer creek,temperature,min,13.333333333333334
18,2013,deer creek,DCV,CDEC,deer creek,temperature,max,18.277777777777782
18,2013,deer creek,DCV,CDEC,deer creek,temperature,mean,16.453042328042326
18,2013,deer creek,DCV,CDEC,deer creek,temperature,min,14.5
19,2013,deer creek,DCV,CDEC,deer creek,temperature,max,21.666666666666668
19,2013,deer creek,DCV,CDEC,deer creek,temperature,mean,17.667658730158728
19,2013,deer creek,DCV,CDEC,deer creek,temperature,min,13.555555555555555
20,2013,deer creek,DCV,CDEC,deer creek,temperature,max,21.666666666666668
20,2013,deer creek,DCV,CDEC,deer creek,temperature,mean,18.64153439153439
20,2013,deer creek,DCV,CDEC,deer creek,temperature,min,15.666666666666666
21,2013,deer creek,DCV,CDEC,deer creek,temperature,max,19.88888888888889
21,2013,deer creek,DCV,CDEC,deer creek,temperature,mean,16.9890873015873
21,2013,deer creek,DCV,CDEC,deer creek,temperature,min,14.777777777777779
22,2013,deer creek,DCV,CDEC,deer creek,temperature,max,22.83333333333333
22,2013,deer creek,DCV,CDEC,deer creek,temperature,mean,19.072089947089946
22,2013,deer creek,DCV,CDEC,deer creek,temperature,min,15.333333333333334
23,2013,deer creek,DCV,CDEC,deer creek,temperature,max,26.055555555555557
23,2013,deer creek,DCV,CDEC,deer creek,temperature,mean,23.377976190476193
23,2013,deer creek,DCV,CDEC,deer creek,temperature,min,20.38888888888889
24,2013,deer creek,DCV,CDEC,deer creek,temperature,max,22.61111111111111
24,2013,deer creek,DCV,CDEC,deer creek,temperature,mean,20.831018518518523
24,2013,deer creek,DCV,CDEC,deer creek,temperature,min,18.77777777777778
25,2013,deer creek,DCV,CDEC,deer creek,temperature,max,22.11111111111111
25,2013,deer creek,DCV,CDEC,deer creek,temperature,mean,20.20271164021164
25,2013,deer creek,DCV,CDEC,deer creek,temperature,min,18.388888888888886
26,2013,deer creek,DCV,CDEC,deer creek,temperature,max,26.27777777777778
26,2013,deer creek,DCV,CDEC,deer creek,temperature,mean,22.476521164021165
26,2013,deer creek,DCV,CDEC,deer creek,temperature,min,17.61111111111111
27,2013,deer creek,DCV,CDEC,deer creek,temperature,max,27.944444444444443
27,2013,deer creek,DCV,CDEC,deer creek,temperature,mean,25.413029100529098
27,2013,deer creek,DCV,CDEC,deer creek,temperature,min,22.38888888888889
28,2013,deer creek,DCV,CDEC,deer creek,temperature,max,24.833333333333332
28,2013,deer creek,DCV,CDEC,deer creek,temperature,mean,22.886243386243386
28,2013,deer creek,DCV,CDEC,deer creek,temperature,min,21.22222222222222
29,2013,deer creek,DCV,CDEC,deer creek,temperature,max,26.666666666666668
29,2013,deer creek,DCV,CDEC,deer creek,temperature,mean,23.694444444444446
29,2013,deer creek,DCV,CDEC,deer creek,temperature,min,21.055555555555557
30,2013,deer creek,DCV,CDEC,deer creek,temperature,max,27.38888888888889
30,2013,deer creek,DCV,CDEC,deer creek,temperature,mean,25.437169312169313
30,2013,deer creek,DCV,CDEC,deer creek,temperature,min,23.555555555555557
31,2013,deer creek,DCV,CDEC,deer creek,temperature,max,24.111111111111114
31,2013,deer creek,DCV,CDEC,deer creek,temperature,mean,22.39311594202898
31,2013,deer creek,DCV,CDEC,deer creek,temperature,min,20.833333333333332
32,2013,deer creek,DCV,CDEC,deer creek,temperature,max,23.444444444444443
32,2013,deer creek,DCV,CDEC,deer creek,temperature,mean,21.536044973544968
32,2013,deer creek,DCV,CDEC,deer creek,temperature,min,19.777777777777775
33,2013,deer creek,DCV,CDEC,deer creek,temperature,max,24.27777777777778
33,2013,deer creek,DCV,CDEC,deer creek,temperature,mean,22.09160052910053
33,2013,deer creek,DCV,CDEC,deer creek,temperature,min,20.222222222222225
34,2013,deer creek,DCV,CDEC,deer creek,temperature,max,24.555555555555557
34,2013,deer creek,DCV,CDEC,deer creek,temperature,mean,22.322420634920636
34,2013,deer creek,DCV,CDEC,deer creek,temperature,min,20.38888888888889
35,2013,deer creek,DCV,CDEC,deer creek,temperature,max,22.77777777777778
35,2013,deer creek,DCV,CDEC,deer creek,temperature,mean,20.88095238095238
35,2013,deer creek,DCV,CDEC,deer creek,temperature,min,19.66666666666667
36,2013,deer creek,DCV,CDEC,deer creek,temperature,max,22.38888888888889
36,2013,deer creek,DCV,CDEC,deer creek,temperature,mean,20.351190476190474
36,2013,deer creek,DCV,CDEC,deer creek,temperature,min,18.88888888888889
37,2013,deer creek,DCV,CDEC,deer creek,temperature,max,22.77777777777778
37,2013,deer creek,DCV,CDEC,deer creek,temperature,mean,20.84854497354497
37,2013,deer creek,DCV,CDEC,deer creek,temperature,min,18.77777777777778
38,2013,deer creek,DCV,CDEC,deer creek,temperature,max,20.500000000000004
38,2013,deer creek,DCV,CDEC,deer creek,temperature,mean,17.390873015873016
38,2013,deer creek,DCV,CDEC,deer creek,temperature,min,14.944444444444445
39,2013,deer creek,DCV,CDEC,deer creek,temperature,max,18.22222222222222
39,2013,deer creek,DCV,CDEC,deer creek,temperature,mean,15.13392857142857
39,2013,deer creek,DCV,CDEC,deer creek,temperature,min,12.777777777777779
40,2013,deer creek,DCV,CDEC,deer creek,temperature,max,17.83333333333333
40,2013,deer creek,DCV,CDEC,deer creek,temperature,mean,14.161044973544973
40,2013,deer creek,DCV,CDEC,deer creek,temperature,min,12.166666666666666
41,2013,deer creek,DCV,CDEC,deer creek,temperature,max,13.777777777777777
41,2013,deer creek,DCV,CDEC,deer creek,temperature,mean,12.602843915343916
41,2013,deer creek,DCV,CDEC,deer creek,temperature,min,11.444444444444445
42,2013,deer creek,DCV,CDEC,deer creek,temperature,max,13.277777777777779
42,2013,deer creek,DCV,CDEC,deer creek,temperature,mean,12.07638888888889
42,2013,deer creek,DCV,CDEC,deer creek,temperature,min,11.11111111111111
43,2013,deer creek,DCV,CDEC,deer creek,temperature,max,13.055555555555555
43,2013,deer creek,DCV,CDEC,deer creek,temperature,mean,11.285714285714286
43,2013,deer creek,DCV,CDEC,deer creek,temperature,min,10.111111111111112
44,2013,deer creek,DCV,CDEC,deer creek,temperature,max,11.11111111111111
44,2013,deer creek,DCV,CDEC,deer creek,temperature,mean,10.012602880658436
44,2013,deer creek,DCV,CDEC,deer creek,temperature,min,9.055555555555554
45,2013,deer creek,DCV,CDEC,deer creek,temperature,max,10.555555555555555
45,2013,deer creek,DCV,CDEC,deer creek,temperature,mean,9.648703703703704
45,2013,deer creek,DCV,CDEC,deer creek,temperature,min,8.61111111111111
46,2013,deer creek,DCV,CDEC,deer creek,temperature,max,10.722222222222221
46,2013,deer creek,DCV,CDEC,deer creek,temperature,mean,9.02116402116402
46,2013,deer creek,DCV,CDEC,deer creek,temperature,min,7.222222222222222
47,2013,deer creek,DCV,CDEC,deer creek,temperature,max,10.055555555555555
47,2013,deer creek,DCV,CDEC,deer creek,temperature,mean,7.468584656084656
47,2013,deer creek,DCV,CDEC,deer creek,temperature,min,5.055555555555556
48,2013,deer creek,DCV,CDEC,deer creek,temperature,max,7.722222222222222
48,2013,deer creek,DCV,CDEC,deer creek,temperature,mean,6.651124338624338
48,2013,deer creek,DCV,CDEC,deer creek,temperature,min,5
49,2013,deer creek,DCV,CDEC,deer creek,temperature,max,8.11111111111111
49,2013,deer creek,DCV,CDEC,deer creek,temperature,mean,3.360449735449735
49,2013,deer creek,DCV,CDEC,deer creek,temperature,min,0.5555555555555556
50,2013,deer creek,DCV,CDEC,deer creek,temperature,max,4.333333333333332
50,2013,deer creek,DCV,CDEC,deer creek,temperature,mean,2.4166666666666665
50,2013,deer creek,DCV,CDEC,deer creek,temperature,min,0.44444444444444287
51,2013,deer creek,DCV,CDEC,deer creek,temperature,max,5.7222222222222205
51,2013,deer creek,DCV,CDEC,deer creek,temperature,mean,4.685846560846561
51,2013,deer creek,DCV,CDEC,deer creek,temperature,min,3.555555555555555
52,2013,deer creek,DCV,CDEC,deer creek,temperature,max,5.888888888888889
52,2013,deer creek,DCV,CDEC,deer creek,temperature,mean,5.14186507936508
52,2013,deer creek,DCV,CDEC,deer creek,temperature,min,4.61111111111111
53,2013,deer creek,DCV,CDEC,deer creek,temperature,max,6.166666666666668
53,2013,deer creek,DCV,CDEC,deer creek,temperature,mean,5.555555555555555
53,2013,deer creek,DCV,CDEC,deer creek,temperature,min,5.055555555555556
1,2014,deer creek,DCV,CDEC,deer creek,temperature,max,6.222222222222224
1,2014,deer creek,DCV,CDEC,deer creek,temperature,mean,5.468584656084656
1,2014,deer creek,DCV,CDEC,deer creek,temperature,min,4.777777777777779
2,2014,deer creek,DCV,CDEC,deer creek,temperature,max,7.333333333333335
2,2014,deer creek,DCV,CDEC,deer creek,temperature,mean,6.0740740740740735
2,2014,deer creek,DCV,CDEC,deer creek,temperature,min,5
3,2014,deer creek,DCV,CDEC,deer creek,temperature,max,6.833333333333332
3,2014,deer creek,DCV,CDEC,deer creek,temperature,mean,5.78505291005291
3,2014,deer creek,DCV,CDEC,deer creek,temperature,min,4.722222222222222
4,2014,deer creek,DCV,CDEC,deer creek,temperature,max,8.444444444444446
4,2014,deer creek,DCV,CDEC,deer creek,temperature,mean,6.502976190476191
4,2014,deer creek,DCV,CDEC,deer creek,temperature,min,4.722222222222222
5,2014,deer creek,DCV,CDEC,deer creek,temperature,max,9.888888888888888
5,2014,deer creek,DCV,CDEC,deer creek,temperature,mean,6.928571428571428
5,2014,deer creek,DCV,CDEC,deer creek,temperature,min,4.333333333333332
6,2014,deer creek,DCV,CDEC,deer creek,temperature,max,9.277777777777779
6,2014,deer creek,DCV,CDEC,deer creek,temperature,mean,7.055886243386243
6,2014,deer creek,DCV,CDEC,deer creek,temperature,min,4.2777777777777795
7,2014,deer creek,DCV,CDEC,deer creek,temperature,max,10.999999999999998
7,2014,deer creek,DCV,CDEC,deer creek,temperature,mean,9.344246031746033
7,2014,deer creek,DCV,CDEC,deer creek,temperature,min,7.5
8,2014,deer creek,DCV,CDEC,deer creek,temperature,max,10.166666666666664
8,2014,deer creek,DCV,CDEC,deer creek,temperature,mean,8.615410052910054
8,2014,deer creek,DCV,CDEC,deer creek,temperature,min,7.6111111111111125
9,2014,deer creek,DCV,CDEC,deer creek,temperature,max,10.111111111111112
9,2014,deer creek,DCV,CDEC,deer creek,temperature,mean,9.597222222222223
9,2014,deer creek,DCV,CDEC,deer creek,temperature,min,8.666666666666666
10,2014,deer creek,DCV,CDEC,deer creek,temperature,max,10.88888888888889
10,2014,deer creek,DCV,CDEC,deer creek,temperature,mean,9.77434149988498
10,2014,deer creek,DCV,CDEC,deer creek,temperature,min,8
11,2014,deer creek,DCV,CDEC,deer creek,temperature,max,11.88888888888889
11,2014,deer creek,DCV,CDEC,deer creek,temperature,mean,9.93617724867725
11,2014,deer creek,DCV,CDEC,deer creek,temperature,min,7.333333333333335
12,2014,deer creek,DCV,CDEC,deer creek,temperature,max,12.777777777777779
12,2014,deer creek,DCV,CDEC,deer creek,temperature,mean,11.020171957671959
12,2014,deer creek,DCV,CDEC,deer creek,temperature,min,9.166666666666666
13,2014,deer creek,DCV,CDEC,deer creek,temperature,max,11.444444444444445
13,2014,deer creek,DCV,CDEC,deer creek,temperature,mean,9.476851851851851
13,2014,deer creek,DCV,CDEC,deer creek,temperature,min,7.222222222222222
14,2014,deer creek,DCV,CDEC,deer creek,temperature,max,14.444444444444445
14,2014,deer creek,DCV,CDEC,deer creek,temperature,mean,10.423941798941799
14,2014,deer creek,DCV,CDEC,deer creek,temperature,min,7.333333333333335
15,2014,deer creek,DCV,CDEC,deer creek,temperature,max,16.166666666666668
15,2014,deer creek,DCV,CDEC,deer creek,temperature,mean,14.696097883597883
15,2014,deer creek,DCV,CDEC,deer creek,temperature,min,12.777777777777779
16,2014,deer creek,DCV,CDEC,deer creek,temperature,max,17.11111111111111
16,2014,deer creek,DCV,CDEC,deer creek,temperature,mean,15.387235449735448
16,2014,deer creek,DCV,CDEC,deer creek,temperature,min,13
17,2014,deer creek,DCV,CDEC,deer creek,temperature,max,15.777777777777779
17,2014,deer creek,DCV,CDEC,deer creek,temperature,mean,12.785714285714288
17,2014,deer creek,DCV,CDEC,deer creek,temperature,min,9.222222222222221
18,2014,deer creek,DCV,CDEC,deer creek,temperature,max,18.444444444444443
18,2014,deer creek,DCV,CDEC,deer creek,temperature,mean,16.49206349206349
18,2014,deer creek,DCV,CDEC,deer creek,temperature,min,14.11111111111111
19,2014,deer creek,DCV,CDEC,deer creek,temperature,max,19.222222222222218
19,2014,deer creek,DCV,CDEC,deer creek,temperature,mean,15.914351851851851
19,2014,deer creek,DCV,CDEC,deer creek,temperature,min,13.944444444444445
20,2014,deer creek,DCV,CDEC,deer creek,temperature,max,20.888888888888886
20,2014,deer creek,DCV,CDEC,deer creek,temperature,mean,19.14153439153439
20,2014,deer creek,DCV,CDEC,deer creek,temperature,min,16.833333333333332
21,2014,deer creek,DCV,CDEC,deer creek,temperature,max,22.944444444444443
21,2014,deer creek,DCV,CDEC,deer creek,temperature,mean,20.40972222222222
21,2014,deer creek,DCV,CDEC,deer creek,temperature,min,16.833333333333332
22,2014,deer creek,DCV,CDEC,deer creek,temperature,max,22.16666666666667
22,2014,deer creek,DCV,CDEC,deer creek,temperature,mean,19.862433862433864
22,2014,deer creek,DCV,CDEC,deer creek,temperature,min,17.666666666666668
23,2014,deer creek,DCV,CDEC,deer creek,temperature,max,25.500000000000004
23,2014,deer creek,DCV,CDEC,deer creek,temperature,mean,23.02744708994709
23,2014,deer creek,DCV,CDEC,deer creek,temperature,min,19.833333333333332
24,2014,deer creek,DCV,CDEC,deer creek,temperature,max,25.166666666666668
24,2014,deer creek,DCV,CDEC,deer creek,temperature,mean,21.841600529100532
24,2014,deer creek,DCV,CDEC,deer creek,temperature,min,19.499999999999996
25,2014,deer creek,DCV,CDEC,deer creek,temperature,max,24.66666666666667
25,2014,deer creek,DCV,CDEC,deer creek,temperature,mean,21.9728835978836
25,2014,deer creek,DCV,CDEC,deer creek,temperature,min,19.444444444444443
26,2014,deer creek,DCV,CDEC,deer creek,temperature,max,26.38888888888889
26,2014,deer creek,DCV,CDEC,deer creek,temperature,mean,23.12599206349206
26,2014,deer creek,DCV,CDEC,deer creek,temperature,min,20.777777777777782
27,2014,deer creek,DCV,CDEC,deer creek,temperature,max,26.444444444444443
27,2014,deer creek,DCV,CDEC,deer creek,temperature,mean,24.196428571428566
27,2014,deer creek,DCV,CDEC,deer creek,temperature,min,22.61111111111111
28,2014,deer creek,DCV,CDEC,deer creek,temperature,max,27.666666666666668
28,2014,deer creek,DCV,CDEC,deer creek,temperature,mean,24.973214285714285
28,2014,deer creek,DCV,CDEC,deer creek,temperature,min,22.333333333333332
29,2014,deer creek,DCV,CDEC,deer creek,temperature,max,27.055555555555557
29,2014,deer creek,DCV,CDEC,deer creek,temperature,mean,24.82903439153439
29,2014,deer creek,DCV,CDEC,deer creek,temperature,min,22.77777777777778
30,2014,deer creek,DCV,CDEC,deer creek,temperature,max,25.611111111111107
30,2014,deer creek,DCV,CDEC,deer creek,temperature,mean,23.642526455026452
30,2014,deer creek,DCV,CDEC,deer creek,temperature,min,22.277777777777775
31,2014,deer creek,DCV,CDEC,deer creek,temperature,max,27.277777777777775
31,2014,deer creek,DCV,CDEC,deer creek,temperature,mean,24.24669312169312
31,2014,deer creek,DCV,CDEC,deer creek,temperature,min,21.055555555555557
32,2014,deer creek,DCV,CDEC,deer creek,temperature,max,26
32,2014,deer creek,DCV,CDEC,deer creek,temperature,mean,23.588955026455032
32,2014,deer creek,DCV,CDEC,deer creek,temperature,min,20.666666666666668
33,2014,deer creek,DCV,CDEC,deer creek,temperature,max,24.499999999999996
33,2014,deer creek,DCV,CDEC,deer creek,temperature,mean,22.546626984126984
33,2014,deer creek,DCV,CDEC,deer creek,temperature,min,21.27777777777778
34,2014,deer creek,DCV,CDEC,deer creek,temperature,max,24.055555555555557
34,2014,deer creek,DCV,CDEC,deer creek,temperature,mean,22.328703703703702
34,2014,deer creek,DCV,CDEC,deer creek,temperature,min,21.11111111111111
35,2014,deer creek,DCV,CDEC,deer creek,temperature,max,24.222222222222218
35,2014,deer creek,DCV,CDEC,deer creek,temperature,mean,22.110449735449738
35,2014,deer creek,DCV,CDEC,deer creek,temperature,min,20.72222222222222
36,2014,deer creek,DCV,CDEC,deer creek,temperature,max,23.000000000000004
36,2014,deer creek,DCV,CDEC,deer creek,temperature,mean,20.57771164021164
36,2014,deer creek,DCV,CDEC,deer creek,temperature,min,18.77777777777778
37,2014,deer creek,DCV,CDEC,deer creek,temperature,max,21.833333333333332
37,2014,deer creek,DCV,CDEC,deer creek,temperature,mean,20.055224867724867
37,2014,deer creek,DCV,CDEC,deer creek,temperature,min,18.555555555555557
38,2014,deer creek,DCV,CDEC,deer creek,temperature,max,21.333333333333336
38,2014,deer creek,DCV,CDEC,deer creek,temperature,mean,19.85185185185185
38,2014,deer creek,DCV,CDEC,deer creek,temperature,min,18.61111111111111
39,2014,deer creek,DCV,CDEC,deer creek,temperature,max,20.500000000000004
39,2014,deer creek,DCV,CDEC,deer creek,temperature,mean,17.883928571428573
39,2014,deer creek,DCV,CDEC,deer creek,temperature,min,15.944444444444445
40,2014,deer creek,DCV,CDEC,deer creek,temperature,max,18.166666666666668
40,2014,deer creek,DCV,CDEC,deer creek,temperature,mean,16.58399470899471
40,2014,deer creek,DCV,CDEC,deer creek,temperature,min,15.333333333333334
41,2014,deer creek,DCV,CDEC,deer creek,temperature,max,17.77777777777778
41,2014,deer creek,DCV,CDEC,deer creek,temperature,mean,15.741732804232806
41,2014,deer creek,DCV,CDEC,deer creek,temperature,min,14.444444444444445
42,2014,deer creek,DCV,CDEC,deer creek,temperature,max,16.22222222222222
42,2014,deer creek,DCV,CDEC,deer creek,temperature,mean,14.531084656084657
42,2014,deer creek,DCV,CDEC,deer creek,temperature,min,12.944444444444443
43,2014,deer creek,DCV,CDEC,deer creek,temperature,max,14.277777777777779
43,2014,deer creek,DCV,CDEC,deer creek,temperature,mean,12.939484126984125
43,2014,deer creek,DCV,CDEC,deer creek,temperature,min,11.222222222222223
44,2014,deer creek,DCV,CDEC,deer creek,temperature,max,13.666666666666666
44,2014,deer creek,DCV,CDEC,deer creek,temperature,mean,11.838955026455027
44,2014,deer creek,DCV,CDEC,deer creek,temperature,min,9.722222222222221
45,2014,deer creek,DCV,CDEC,deer creek,temperature,max,12.333333333333336
45,2014,deer creek,DCV,CDEC,deer creek,temperature,mean,11.234126984126986
45,2014,deer creek,DCV,CDEC,deer creek,temperature,min,9.888888888888888
46,2014,deer creek,DCV,CDEC,deer creek,temperature,max,12.777777777777779
46,2014,deer creek,DCV,CDEC,deer creek,temperature,mean,10.471230158730156
46,2014,deer creek,DCV,CDEC,deer creek,temperature,min,7.166666666666667
47,2014,deer creek,DCV,CDEC,deer creek,temperature,max,10.833333333333334
47,2014,deer creek,DCV,CDEC,deer creek,temperature,mean,8.91580687830688
47,2014,deer creek,DCV,CDEC,deer creek,temperature,min,7.277777777777778
48,2014,deer creek,DCV,CDEC,deer creek,temperature,max,10.222222222222221
48,2014,deer creek,DCV,CDEC,deer creek,temperature,mean,8.991071428571429
48,2014,deer creek,DCV,CDEC,deer creek,temperature,min,7.166666666666667
49,2014,deer creek,DCV,CDEC,deer creek,temperature,max,12
49,2014,deer creek,DCV,CDEC,deer creek,temperature,mean,10.774470899470899
49,2014,deer creek,DCV,CDEC,deer creek,temperature,min,9.888888888888888
50,2014,deer creek,DCV,CDEC,deer creek,temperature,max,11.61111111111111
50,2014,deer creek,DCV,CDEC,deer creek,temperature,mean,9.245039682539684
50,2014,deer creek,DCV,CDEC,deer creek,temperature,min,7.777777777777778
51,2014,deer creek,DCV,CDEC,deer creek,temperature,max,10.277777777777779
51,2014,deer creek,DCV,CDEC,deer creek,temperature,mean,9.555886243386244
51,2014,deer creek,DCV,CDEC,deer creek,temperature,min,8.666666666666666
52,2014,deer creek,DCV,CDEC,deer creek,temperature,max,9.055555555555554
52,2014,deer creek,DCV,CDEC,deer creek,temperature,mean,5.706521739130435
52,2014,deer creek,DCV,CDEC,deer creek,temperature,min,3.7222222222222237
53,2014,deer creek,DCV,CDEC,deer creek,temperature,max,3.7222222222222237
53,2014,deer creek,DCV,CDEC,deer creek,temperature,mean,3.303240740740741
53,2014,deer creek,DCV,CDEC,deer creek,temperature,min,2.999999999999999
1,2015,deer creek,DCV,CDEC,deer creek,temperature,max,6.722222222222223
1,2015,deer creek,DCV,CDEC,deer creek,temperature,mean,4.4113756613756605
1,2015,deer creek,DCV,CDEC,deer creek,temperature,min,2.666666666666665
2,2015,deer creek,DCV,CDEC,deer creek,temperature,max,8.11111111111111
2,2015,deer creek,DCV,CDEC,deer creek,temperature,mean,7.333002645502645
2,2015,deer creek,DCV,CDEC,deer creek,temperature,min,6.277777777777776
3,2015,deer creek,DCV,CDEC,deer creek,temperature,max,10.388888888888891
3,2015,deer creek,DCV,CDEC,deer creek,temperature,mean,8.280753968253968
3,2015,deer creek,DCV,CDEC,deer creek,temperature,min,6.166666666666668
4,2015,deer creek,DCV,CDEC,deer creek,temperature,max,9.777777777777779
4,2015,deer creek,DCV,CDEC,deer creek,temperature,mean,8.18154761904762
4,2015,deer creek,DCV,CDEC,deer creek,temperature,min,6.888888888888888
5,2015,deer creek,DCV,CDEC,deer creek,temperature,max,9.944444444444445
5,2015,deer creek,DCV,CDEC,deer creek,temperature,mean,8.583664021164022
5,2015,deer creek,DCV,CDEC,deer creek,temperature,min,7.277777777777778
6,2015,deer creek,DCV,CDEC,deer creek,temperature,max,10.944444444444446
6,2015,deer creek,DCV,CDEC,deer creek,temperature,mean,9.680224867724869
6,2015,deer creek,DCV,CDEC,deer creek,temperature,min,8.38888888888889
7,2015,deer creek,DCV,CDEC,deer creek,temperature,max,10.88888888888889
7,2015,deer creek,DCV,CDEC,deer creek,temperature,mean,10.03174603174603
7,2015,deer creek,DCV,CDEC,deer creek,temperature,min,8.88888888888889
8,2015,deer creek,DCV,CDEC,deer creek,temperature,max,10.944444444444446
8,2015,deer creek,DCV,CDEC,deer creek,temperature,mean,8.561507936507939
8,2015,deer creek,DCV,CDEC,deer creek,temperature,min,5.777777777777777
9,2015,deer creek,DCV,CDEC,deer creek,temperature,max,9.888888888888888
9,2015,deer creek,DCV,CDEC,deer creek,temperature,mean,8.431878306878307
9,2015,deer creek,DCV,CDEC,deer creek,temperature,min,7.11111111111111
10,2015,deer creek,DCV,CDEC,deer creek,temperature,max,11.666666666666666
10,2015,deer creek,DCV,CDEC,deer creek,temperature,mean,9.927967563837129
10,2015,deer creek,DCV,CDEC,deer creek,temperature,min,7.333333333333335
11,2015,deer creek,DCV,CDEC,deer creek,temperature,max,14.333333333333334
11,2015,deer creek,DCV,CDEC,deer creek,temperature,mean,12.762896825396826
11,2015,deer creek,DCV,CDEC,deer creek,temperature,min,10.333333333333334
12,2015,deer creek,DCV,CDEC,deer creek,temperature,max,14.666666666666666
12,2015,deer creek,DCV,CDEC,deer creek,temperature,mean,13.121362433862435
12,2015,deer creek,DCV,CDEC,deer creek,temperature,min,11.222222222222223
13,2015,deer creek,DCV,CDEC,deer creek,temperature,max,16.27777777777778
13,2015,deer creek,DCV,CDEC,deer creek,temperature,mean,14.502314814814815
13,2015,deer creek,DCV,CDEC,deer creek,temperature,min,12.222222222222221
14,2015,deer creek,DCV,CDEC,deer creek,temperature,max,14.000000000000002
14,2015,deer creek,DCV,CDEC,deer creek,temperature,mean,11.758267195767194
14,2015,deer creek,DCV,CDEC,deer creek,temperature,min,10.111111111111112
15,2015,deer creek,DCV,CDEC,deer creek,temperature,max,16
15,2015,deer creek,DCV,CDEC,deer creek,temperature,mean,13.209325396825395
15,2015,deer creek,DCV,CDEC,deer creek,temperature,min,9.666666666666666
16,2015,deer creek,DCV,CDEC,deer creek,temperature,max,19.777777777777775
16,2015,deer creek,DCV,CDEC,deer creek,temperature,mean,16.455687830687832
16,2015,deer creek,DCV,CDEC,deer creek,temperature,min,12.5
17,2015,deer creek,DCV,CDEC,deer creek,temperature,max,20.222222222222225
17,2015,deer creek,DCV,CDEC,deer creek,temperature,mean,17.302579365079364
17,2015,deer creek,DCV,CDEC,deer creek,temperature,min,14.444444444444445
18,2015,deer creek,DCV,CDEC,deer creek,temperature,max,20.944444444444443
18,2015,deer creek,DCV,CDEC,deer creek,temperature,mean,19.19405624568668
18,2015,deer creek,DCV,CDEC,deer creek,temperature,min,17.77777777777778
19,2015,deer creek,DCV,CDEC,deer creek,temperature,max,20.222222222222225
19,2015,deer creek,DCV,CDEC,deer creek,temperature,mean,17.752976190476186
19,2015,deer creek,DCV,CDEC,deer creek,temperature,min,15.444444444444445
20,2015,deer creek,DCV,CDEC,deer creek,temperature,max,20
20,2015,deer creek,DCV,CDEC,deer creek,temperature,mean,16.994378306878307
20,2015,deer creek,DCV,CDEC,deer creek,temperature,min,15.055555555555555
21,2015,deer creek,DCV,CDEC,deer creek,temperature,max,22.61111111111111
21,2015,deer creek,DCV,CDEC,deer creek,temperature,mean,19.771825396825395
21,2015,deer creek,DCV,CDEC,deer creek,temperature,min,17.333333333333332
22,2015,deer creek,DCV,CDEC,deer creek,temperature,max,23.944444444444443
22,2015,deer creek,DCV,CDEC,deer creek,temperature,mean,21.466600529100532
22,2015,deer creek,DCV,CDEC,deer creek,temperature,min,18.833333333333336
23,2015,deer creek,DCV,CDEC,deer creek,temperature,max,30.72222222222222
23,2015,deer creek,DCV,CDEC,deer creek,temperature,mean,23.54100529100529
23,2015,deer creek,DCV,CDEC,deer creek,temperature,min,19.222222222222218
24,2015,deer creek,DCV,CDEC,deer creek,temperature,max,31.166666666666668
24,2015,deer creek,DCV,CDEC,deer creek,temperature,mean,25.39914021164021
24,2015,deer creek,DCV,CDEC,deer creek,temperature,min,20.72222222222222
25,2015,deer creek,DCV,CDEC,deer creek,temperature,max,30.666666666666668
25,2015,deer creek,DCV,CDEC,deer creek,temperature,mean,24.516203703703702
25,2015,deer creek,DCV,CDEC,deer creek,temperature,min,18.72222222222222
26,2015,deer creek,DCV,CDEC,deer creek,temperature,max,34.72222222222222
26,2015,deer creek,DCV,CDEC,deer creek,temperature,mean,27.29748677248677
26,2015,deer creek,DCV,CDEC,deer creek,temperature,min,21.555555555555557
27,2015,deer creek,DCV,CDEC,deer creek,temperature,max,34.166666666666664
27,2015,deer creek,DCV,CDEC,deer creek,temperature,mean,26.921626984126984
27,2015,deer creek,DCV,CDEC,deer creek,temperature,min,21.444444444444443
28,2015,deer creek,DCV,CDEC,deer creek,temperature,max,30.833333333333332
28,2015,deer creek,DCV,CDEC,deer creek,temperature,mean,23.574404761904763
28,2015,deer creek,DCV,CDEC,deer creek,temperature,min,19.833333333333332
29,2015,deer creek,DCV,CDEC,deer creek,temperature,max,33.888888888888886
29,2015,deer creek,DCV,CDEC,deer creek,temperature,mean,26.5297619047619
29,2015,deer creek,DCV,CDEC,deer creek,temperature,min,20.611111111111107
30,2015,deer creek,DCV,CDEC,deer creek,temperature,max,34.611111111111114
30,2015,deer creek,DCV,CDEC,deer creek,temperature,mean,24.513227513227513
30,2015,deer creek,DCV,CDEC,deer creek,temperature,min,18.166666666666668
31,2015,deer creek,DCV,CDEC,deer creek,temperature,max,34.27777777777778
31,2015,deer creek,DCV,CDEC,deer creek,temperature,mean,24.7635582010582
31,2015,deer creek,DCV,CDEC,deer creek,temperature,min,18.555555555555557
32,2015,deer creek,DCV,CDEC,deer creek,temperature,max,31.944444444444443
32,2015,deer creek,DCV,CDEC,deer creek,temperature,mean,24.136904761904763
32,2015,deer creek,DCV,CDEC,deer creek,temperature,min,18.333333333333332
33,2015,deer creek,DCV,CDEC,deer creek,temperature,max,33.5
33,2015,deer creek,DCV,CDEC,deer creek,temperature,mean,24.130621693121693
33,2015,deer creek,DCV,CDEC,deer creek,temperature,min,17.5
34,2015,deer creek,DCV,CDEC,deer creek,temperature,max,30.833333333333332
34,2015,deer creek,DCV,CDEC,deer creek,temperature,mean,23.343915343915345
34,2015,deer creek,DCV,CDEC,deer creek,temperature,min,18.000000000000004
35,2015,deer creek,DCV,CDEC,deer creek,temperature,max,31.5
35,2015,deer creek,DCV,CDEC,deer creek,temperature,mean,22.960978835978835
35,2015,deer creek,DCV,CDEC,deer creek,temperature,min,17.22222222222222
36,2015,deer creek,DCV,CDEC,deer creek,temperature,max,28.5
36,2015,deer creek,DCV,CDEC,deer creek,temperature,mean,20.182208994708994
36,2015,deer creek,DCV,CDEC,deer creek,temperature,min,14.055555555555554
37,2015,deer creek,DCV,CDEC,deer creek,temperature,max,28.833333333333332
37,2015,deer creek,DCV,CDEC,deer creek,temperature,mean,20.81415343915344
37,2015,deer creek,DCV,CDEC,deer creek,temperature,min,14.5
38,2015,deer creek,DCV,CDEC,deer creek,temperature,max,27.88888888888889
38,2015,deer creek,DCV,CDEC,deer creek,temperature,mean,19.062169312169313
38,2015,deer creek,DCV,CDEC,deer creek,temperature,min,14.166666666666666
39,2015,deer creek,DCV,CDEC,deer creek,temperature,max,27.83333333333333
39,2015,deer creek,DCV,CDEC,deer creek,temperature,mean,19.392195767195766
39,2015,deer creek,DCV,CDEC,deer creek,temperature,min,14.277777777777779
40,2015,deer creek,DCV,CDEC,deer creek,temperature,max,22.88888888888889
40,2015,deer creek,DCV,CDEC,deer creek,temperature,mean,17.553571428571427
40,2015,deer creek,DCV,CDEC,deer creek,temperature,min,14.722222222222221
41,2015,deer creek,DCV,CDEC,deer creek,temperature,max,24.333333333333332
41,2015,deer creek,DCV,CDEC,deer creek,temperature,mean,18.02612433862434
41,2015,deer creek,DCV,CDEC,deer creek,temperature,min,15.333333333333334
42,2015,deer creek,DCV,CDEC,deer creek,temperature,max,22.333333333333332
42,2015,deer creek,DCV,CDEC,deer creek,temperature,mean,16.57671957671958
42,2015,deer creek,DCV,CDEC,deer creek,temperature,min,12.833333333333334
43,2015,deer creek,DCV,CDEC,deer creek,temperature,max,18.22222222222222
43,2015,deer creek,DCV,CDEC,deer creek,temperature,mean,14.253968253968255
43,2015,deer creek,DCV,CDEC,deer creek,temperature,min,12.166666666666666
44,2015,deer creek,DCV,CDEC,deer creek,temperature,max,13.722222222222223
44,2015,deer creek,DCV,CDEC,deer creek,temperature,mean,12.095238095238097
44,2015,deer creek,DCV,CDEC,deer creek,temperature,min,8.777777777777777
45,2015,deer creek,DCV,CDEC,deer creek,temperature,max,9.333333333333332
45,2015,deer creek,DCV,CDEC,deer creek,temperature,mean,8.40873015873016
45,2015,deer creek,DCV,CDEC,deer creek,temperature,min,6.833333333333332
46,2015,deer creek,DCV,CDEC,deer creek,temperature,max,8.444444444444446
46,2015,deer creek,DCV,CDEC,deer creek,temperature,mean,7.057740970784449
46,2015,deer creek,DCV,CDEC,deer creek,temperature,min,5.944444444444446
47,2015,deer creek,DCV,CDEC,deer creek,temperature,max,9.666666666666666
47,2015,deer creek,DCV,CDEC,deer creek,temperature,mean,8.276785714285714
47,2015,deer creek,DCV,CDEC,deer creek,temperature,min,6.277777777777776
48,2015,deer creek,DCV,CDEC,deer creek,temperature,max,6.166666666666668
48,2015,deer creek,DCV,CDEC,deer creek,temperature,mean,4.165674603174603
48,2015,deer creek,DCV,CDEC,deer creek,temperature,min,2.5
49,2015,deer creek,DCV,CDEC,deer creek,temperature,max,10.388888888888891
49,2015,deer creek,DCV,CDEC,deer creek,temperature,mean,8.070767195767194
49,2015,deer creek,DCV,CDEC,deer creek,temperature,min,5.944444444444446
50,2015,deer creek,DCV,CDEC,deer creek,temperature,max,10.666666666666668
50,2015,deer creek,DCV,CDEC,deer creek,temperature,mean,7.057208994708994
50,2015,deer creek,DCV,CDEC,deer creek,temperature,min,3.7222222222222237
51,2015,deer creek,DCV,CDEC,deer creek,temperature,max,8.38888888888889
51,2015,deer creek,DCV,CDEC,deer creek,temperature,mean,6.858465608465608
51,2015,deer creek,DCV,CDEC,deer creek,temperature,min,4.2777777777777795
52,2015,deer creek,DCV,CDEC,deer creek,temperature,max,6.611111111111111
52,2015,deer creek,DCV,CDEC,deer creek,temperature,mean,4.523809523809525
52,2015,deer creek,DCV,CDEC,deer creek,temperature,min,3.444444444444446
53,2015,deer creek,DCV,CDEC,deer creek,temperature,max,4.166666666666667
53,2015,deer creek,DCV,CDEC,deer creek,temperature,mean,3.7268518518518516
53,2015,deer creek,DCV,CDEC,deer creek,temperature,min,3.2222222222222205
1,2016,deer creek,DCV,CDEC,deer creek,temperature,max,7.777777777777778
1,2016,deer creek,DCV,CDEC,deer creek,temperature,mean,4.958333333333334
1,2016,deer creek,DCV,CDEC,deer creek,temperature,min,2.5
2,2016,deer creek,DCV,CDEC,deer creek,temperature,max,8.555555555555555
2,2016,deer creek,DCV,CDEC,deer creek,temperature,mean,6.793981481481481
2,2016,deer creek,DCV,CDEC,deer creek,temperature,min,5.833333333333333
3,2016,deer creek,DCV,CDEC,deer creek,temperature,max,9.833333333333336
3,2016,deer creek,DCV,CDEC,deer creek,temperature,mean,8.467592592592592
3,2016,deer creek,DCV,CDEC,deer creek,temperature,min,6.611111111111111
4,2016,deer creek,DCV,CDEC,deer creek,temperature,max,9.611111111111109
4,2016,deer creek,DCV,CDEC,deer creek,temperature,mean,8.275290430181736
4,2016,deer creek,DCV,CDEC,deer creek,temperature,min,6.888888888888888
5,2016,deer creek,DCV,CDEC,deer creek,temperature,mean,13.264639145073927
5,2016,deer creek,DCV,CDEC,deer creek,temperature,min,0.944444444444446
6,2016,deer creek,DCV,CDEC,deer creek,temperature,max,9.555555555555557
6,2016,deer creek,DCV,CDEC,deer creek,temperature,mean,8.371362433862434
6,2016,deer creek,DCV,CDEC,deer creek,temperature,min,6.333333333333332
7,2016,deer creek,DCV,CDEC,deer creek,temperature,max,10.222222222222221
7,2016,deer creek,DCV,CDEC,deer creek,temperature,mean,9.363095238095239
7,2016,deer creek,DCV,CDEC,deer creek,temperature,min,8
8,2016,deer creek,DCV,CDEC,deer creek,temperature,max,9.611111111111109
8,2016,deer creek,DCV,CDEC,deer creek,temperature,mean,8.12202380952381
8,2016,deer creek,DCV,CDEC,deer creek,temperature,min,7.11111111111111
9,2016,deer creek,DCV,CDEC,deer creek,temperature,max,11.333333333333334
9,2016,deer creek,DCV,CDEC,deer creek,temperature,mean,9.940476190476192
9,2016,deer creek,DCV,CDEC,deer creek,temperature,min,8.944444444444445
10,2016,deer creek,DCV,CDEC,deer creek,temperature,max,11.555555555555554
10,2016,deer creek,DCV,CDEC,deer creek,temperature,mean,9.184854497354497
10,2016,deer creek,DCV,CDEC,deer creek,temperature,min,6.944444444444445
11,2016,deer creek,DCV,CDEC,deer creek,temperature,max,8.88888888888889
11,2016,deer creek,DCV,CDEC,deer creek,temperature,mean,7.855043708304579
11,2016,deer creek,DCV,CDEC,deer creek,temperature,min,6.333333333333332
12,2016,deer creek,DCV,CDEC,deer creek,temperature,max,16.72222222222222
12,2016,deer creek,DCV,CDEC,deer creek,temperature,mean,8.307151483781919
12,2016,deer creek,DCV,CDEC,deer creek,temperature,min,6.333333333333332
13,2016,deer creek,DCV,CDEC,deer creek,temperature,max,11.833333333333332
13,2016,deer creek,DCV,CDEC,deer creek,temperature,mean,9.757447665056361
13,2016,deer creek,DCV,CDEC,deer creek,temperature,min,7.3888888888888875
14,2016,deer creek,DCV,CDEC,deer creek,temperature,max,14.88888888888889
14,2016,deer creek,DCV,CDEC,deer creek,temperature,mean,12.63260582010582
14,2016,deer creek,DCV,CDEC,deer creek,temperature,min,10.333333333333334
15,2016,deer creek,DCV,CDEC,deer creek,temperature,max,14.666666666666666
15,2016,deer creek,DCV,CDEC,deer creek,temperature,mean,12.92233149298367
15,2016,deer creek,DCV,CDEC,deer creek,temperature,min,10.999999999999998
16,2016,deer creek,DCV,CDEC,deer creek,temperature,max,16.166666666666668
16,2016,deer creek,DCV,CDEC,deer creek,temperature,mean,13.337632275132275
16,2016,deer creek,DCV,CDEC,deer creek,temperature,min,8.88888888888889
17,2016,deer creek,DCV,CDEC,deer creek,temperature,max,14.11111111111111
17,2016,deer creek,DCV,CDEC,deer creek,temperature,mean,12.192791005291005
17,2016,deer creek,DCV,CDEC,deer creek,temperature,min,10.722222222222221
18,2016,deer creek,DCV,CDEC,deer creek,temperature,max,16.833333333333332
18,2016,deer creek,DCV,CDEC,deer creek,temperature,mean,14.819444444444445
18,2016,deer creek,DCV,CDEC,deer creek,temperature,min,12.222222222222221
19,2016,deer creek,DCV,CDEC,deer creek,temperature,max,18.77777777777778
19,2016,deer creek,DCV,CDEC,deer creek,temperature,mean,15.51818783068783
19,2016,deer creek,DCV,CDEC,deer creek,temperature,min,13.11111111111111
20,2016,deer creek,DCV,CDEC,deer creek,temperature,max,20.166666666666668
20,2016,deer creek,DCV,CDEC,deer creek,temperature,mean,18.22354497354498
20,2016,deer creek,DCV,CDEC,deer creek,temperature,min,16.27777777777778
21,2016,deer creek,DCV,CDEC,deer creek,temperature,max,18.72222222222222
21,2016,deer creek,DCV,CDEC,deer creek,temperature,mean,15.278439153439153
21,2016,deer creek,DCV,CDEC,deer creek,temperature,min,12.333333333333336
22,2016,deer creek,DCV,CDEC,deer creek,temperature,max,22.666666666666668
22,2016,deer creek,DCV,CDEC,deer creek,temperature,mean,19.715939153439155
22,2016,deer creek,DCV,CDEC,deer creek,temperature,min,16.555555555555557
23,2016,deer creek,DCV,CDEC,deer creek,temperature,max,24.777777777777775
23,2016,deer creek,DCV,CDEC,deer creek,temperature,mean,22.380952380952383
23,2016,deer creek,DCV,CDEC,deer creek,temperature,min,20.222222222222225
24,2016,deer creek,DCV,CDEC,deer creek,temperature,max,22.22222222222222
24,2016,deer creek,DCV,CDEC,deer creek,temperature,mean,19.94808201058201
24,2016,deer creek,DCV,CDEC,deer creek,temperature,min,16.27777777777778
25,2016,deer creek,DCV,CDEC,deer creek,temperature,max,23.111111111111107
25,2016,deer creek,DCV,CDEC,deer creek,temperature,mean,19.418320105820104
25,2016,deer creek,DCV,CDEC,deer creek,temperature,min,15.88888888888889
26,2016,deer creek,DCV,CDEC,deer creek,temperature,max,25.444444444444443
26,2016,deer creek,DCV,CDEC,deer creek,temperature,mean,22.863425925925924
26,2016,deer creek,DCV,CDEC,deer creek,temperature,min,20.38888888888889
27,2016,deer creek,DCV,CDEC,deer creek,temperature,max,25.72222222222222
27,2016,deer creek,DCV,CDEC,deer creek,temperature,mean,23.98875661375661
27,2016,deer creek,DCV,CDEC,deer creek,temperature,min,21.999999999999996
28,2016,deer creek,DCV,CDEC,deer creek,temperature,max,24.555555555555557
28,2016,deer creek,DCV,CDEC,deer creek,temperature,mean,22.428240740740737
28,2016,deer creek,DCV,CDEC,deer creek,temperature,min,20.33333333333333
29,2016,deer creek,DCV,CDEC,deer creek,temperature,max,24.777777777777775
29,2016,deer creek,DCV,CDEC,deer creek,temperature,mean,22.60416666666666
29,2016,deer creek,DCV,CDEC,deer creek,temperature,min,20.444444444444443
30,2016,deer creek,DCV,CDEC,deer creek,temperature,max,26.22222222222222
30,2016,deer creek,DCV,CDEC,deer creek,temperature,mean,23.487433862433864
30,2016,deer creek,DCV,CDEC,deer creek,temperature,min,20.555555555555557
31,2016,deer creek,DCV,CDEC,deer creek,temperature,max,26.722222222222218
31,2016,deer creek,DCV,CDEC,deer creek,temperature,mean,23.984126984126984
31,2016,deer creek,DCV,CDEC,deer creek,temperature,min,21.999999999999996
32,2016,deer creek,DCV,CDEC,deer creek,temperature,max,24.166666666666668
32,2016,deer creek,DCV,CDEC,deer creek,temperature,mean,22.158399470899468
32,2016,deer creek,DCV,CDEC,deer creek,temperature,min,20.777777777777782
33,2016,deer creek,DCV,CDEC,deer creek,temperature,max,25.777777777777782
33,2016,deer creek,DCV,CDEC,deer creek,temperature,mean,22.959325396825395
33,2016,deer creek,DCV,CDEC,deer creek,temperature,min,21.722222222222218
34,2016,deer creek,DCV,CDEC,deer creek,temperature,max,25.500000000000004
34,2016,deer creek,DCV,CDEC,deer creek,temperature,mean,22.83829365079365
34,2016,deer creek,DCV,CDEC,deer creek,temperature,min,20.500000000000004
35,2016,deer creek,DCV,CDEC,deer creek,temperature,max,23.111111111111107
35,2016,deer creek,DCV,CDEC,deer creek,temperature,mean,20.499338624338627
35,2016,deer creek,DCV,CDEC,deer creek,temperature,min,18.5
36,2016,deer creek,DCV,CDEC,deer creek,temperature,max,21.999999999999996
36,2016,deer creek,DCV,CDEC,deer creek,temperature,mean,19.241732804232804
36,2016,deer creek,DCV,CDEC,deer creek,temperature,min,17.166666666666668
37,2016,deer creek,DCV,CDEC,deer creek,temperature,max,22.83333333333333
37,2016,deer creek,DCV,CDEC,deer creek,temperature,mean,19.085648148148152
37,2016,deer creek,DCV,CDEC,deer creek,temperature,min,16.666666666666668
38,2016,deer creek,DCV,CDEC,deer creek,temperature,max,20.72222222222222
38,2016,deer creek,DCV,CDEC,deer creek,temperature,mean,18.255952380952383
38,2016,deer creek,DCV,CDEC,deer creek,temperature,min,16
39,2016,deer creek,DCV,CDEC,deer creek,temperature,max,19.61111111111111
39,2016,deer creek,DCV,CDEC,deer creek,temperature,mean,17.346230158730155
39,2016,deer creek,DCV,CDEC,deer creek,temperature,min,14.944444444444445
40,2016,deer creek,DCV,CDEC,deer creek,temperature,max,18.166666666666668
40,2016,deer creek,DCV,CDEC,deer creek,temperature,mean,13.969907407407408
40,2016,deer creek,DCV,CDEC,deer creek,temperature,min,11.555555555555554
41,2016,deer creek,DCV,CDEC,deer creek,temperature,max,15.38888888888889
41,2016,deer creek,DCV,CDEC,deer creek,temperature,mean,13.905092592592593
41,2016,deer creek,DCV,CDEC,deer creek,temperature,min,12.222222222222221
42,2016,deer creek,DCV,CDEC,deer creek,temperature,max,15
42,2016,deer creek,DCV,CDEC,deer creek,temperature,mean,13.200066137566138
42,2016,deer creek,DCV,CDEC,deer creek,temperature,min,11.555555555555554
43,2016,deer creek,DCV,CDEC,deer creek,temperature,max,13.666666666666666
43,2016,deer creek,DCV,CDEC,deer creek,temperature,mean,12.837301587301587
43,2016,deer creek,DCV,CDEC,deer creek,temperature,min,11.88888888888889
44,2016,deer creek,DCV,CDEC,deer creek,temperature,max,14.61111111111111
44,2016,deer creek,DCV,CDEC,deer creek,temperature,mean,12.292989417989416
44,2016,deer creek,DCV,CDEC,deer creek,temperature,min,10
45,2016,deer creek,DCV,CDEC,deer creek,temperature,max,12.777777777777779
45,2016,deer creek,DCV,CDEC,deer creek,temperature,mean,11.568121693121693
45,2016,deer creek,DCV,CDEC,deer creek,temperature,min,10
46,2016,deer creek,DCV,CDEC,deer creek,temperature,max,13.11111111111111
46,2016,deer creek,DCV,CDEC,deer creek,temperature,mean,11.312830687830687
46,2016,deer creek,DCV,CDEC,deer creek,temperature,min,8.11111111111111
47,2016,deer creek,DCV,CDEC,deer creek,temperature,max,10.444444444444443
47,2016,deer creek,DCV,CDEC,deer creek,temperature,mean,8.908068783068783
47,2016,deer creek,DCV,CDEC,deer creek,temperature,min,7.277777777777778
48,2016,deer creek,DCV,CDEC,deer creek,temperature,max,8.499999999999998
48,2016,deer creek,DCV,CDEC,deer creek,temperature,mean,7.4394841269841265
48,2016,deer creek,DCV,CDEC,deer creek,temperature,min,6.333333333333332
49,2016,deer creek,DCV,CDEC,deer creek,temperature,max,6.611111111111111
49,2016,deer creek,DCV,CDEC,deer creek,temperature,mean,5.692460317460318
49,2016,deer creek,DCV,CDEC,deer creek,temperature,min,4.444444444444445
50,2016,deer creek,DCV,CDEC,deer creek,temperature,max,10.666666666666668
50,2016,deer creek,DCV,CDEC,deer creek,temperature,mean,8.040013227513228
50,2016,deer creek,DCV,CDEC,deer creek,temperature,min,5.999999999999998
51,2016,deer creek,DCV,CDEC,deer creek,temperature,max,9.555555555555557
51,2016,deer creek,DCV,CDEC,deer creek,temperature,mean,6.569775132275133
51,2016,deer creek,DCV,CDEC,deer creek,temperature,min,4.833333333333335
52,2016,deer creek,DCV,CDEC,deer creek,temperature,max,7.555555555555555
52,2016,deer creek,DCV,CDEC,deer creek,temperature,mean,5.2086640211640205
52,2016,deer creek,DCV,CDEC,deer creek,temperature,min,3.4999999999999982
53,2016,deer creek,DCV,CDEC,deer creek,temperature,max,6.111111111111111
53,2016,deer creek,DCV,CDEC,deer creek,temperature,mean,5.644675925925926
53,2016,deer creek,DCV,CDEC,deer creek,temperature,min,5.222222222222221
1,2017,deer creek,DCV,CDEC,deer creek,temperature,max,7.555555555555555
1,2017,deer creek,DCV,CDEC,deer creek,temperature,mean,5.6461640211640205
1,2017,deer creek,DCV,CDEC,deer creek,temperature,min,4.166666666666667
2,2017,deer creek,DCV,CDEC,deer creek,temperature,max,9.777777777777779
2,2017,deer creek,DCV,CDEC,deer creek,temperature,mean,7.4626322751322745
2,2017,deer creek,DCV,CDEC,deer creek,temperature,min,6.222222222222224
3,2017,deer creek,DCV,CDEC,deer creek,temperature,max,8
3,2017,deer creek,DCV,CDEC,deer creek,temperature,mean,6.860224484318687
3,2017,deer creek,DCV,CDEC,deer creek,temperature,min,5.7222222222222205
4,2017,deer creek,DCV,CDEC,deer creek,temperature,max,8.055555555555555
4,2017,deer creek,DCV,CDEC,deer creek,temperature,mean,6.659391534391536
4,2017,deer creek,DCV,CDEC,deer creek,temperature,min,5.499999999999999
5,2017,deer creek,DCV,CDEC,deer creek,temperature,max,9.555555555555557
5,2017,deer creek,DCV,CDEC,deer creek,temperature,mean,7.450744917850181
5,2017,deer creek,DCV,CDEC,deer creek,temperature,min,5.888888888888889
6,2017,deer creek,DCV,CDEC,deer creek,temperature,max,9.444444444444445
6,2017,deer creek,DCV,CDEC,deer creek,temperature,mean,8.383569128134347
6,2017,deer creek,DCV,CDEC,deer creek,temperature,min,7.3888888888888875
7,2017,deer creek,DCV,CDEC,deer creek,temperature,max,9.722222222222221
7,2017,deer creek,DCV,CDEC,deer creek,temperature,mean,8.288620330286998
7,2017,deer creek,DCV,CDEC,deer creek,temperature,min,7.055555555555557
8,2017,deer creek,DCV,CDEC,deer creek,temperature,max,9.11111111111111
8,2017,deer creek,DCV,CDEC,deer creek,temperature,mean,7.247685185185185
8,2017,deer creek,DCV,CDEC,deer creek,temperature,min,5.666666666666668
9,2017,deer creek,DCV,CDEC,deer creek,temperature,max,8.88888888888889
9,2017,deer creek,DCV,CDEC,deer creek,temperature,mean,6.750992063492063
9,2017,deer creek,DCV,CDEC,deer creek,temperature,min,5.333333333333334
10,2017,deer creek,DCV,CDEC,deer creek,temperature,max,11.11111111111111
10,2017,deer creek,DCV,CDEC,deer creek,temperature,mean,8.281084656084657
10,2017,deer creek,DCV,CDEC,deer creek,temperature,min,5.444444444444443
11,2017,deer creek,DCV,CDEC,deer creek,temperature,max,11.444444444444445
11,2017,deer creek,DCV,CDEC,deer creek,temperature,mean,10.22282922391618
11,2017,deer creek,DCV,CDEC,deer creek,temperature,min,8.88888888888889
12,2017,deer creek,DCV,CDEC,deer creek,temperature,max,10.999999999999998
12,2017,deer creek,DCV,CDEC,deer creek,temperature,mean,9.356150793650794
12,2017,deer creek,DCV,CDEC,deer creek,temperature,min,7.444444444444445
13,2017,deer creek,DCV,CDEC,deer creek,temperature,max,11.500000000000002
13,2017,deer creek,DCV,CDEC,deer creek,temperature,mean,9.361441798941799
13,2017,deer creek,DCV,CDEC,deer creek,temperature,min,7.777777777777778
14,2017,deer creek,DCV,CDEC,deer creek,temperature,max,12.611111111111112
14,2017,deer creek,DCV,CDEC,deer creek,temperature,mean,10.275888133030989
14,2017,deer creek,DCV,CDEC,deer creek,temperature,min,7.833333333333333
15,2017,deer creek,DCV,CDEC,deer creek,temperature,max,10.444444444444443
15,2017,deer creek,DCV,CDEC,deer creek,temperature,mean,9.162037037037036
15,2017,deer creek,DCV,CDEC,deer creek,temperature,min,7.277777777777778
16,2017,deer creek,DCV,CDEC,deer creek,temperature,max,12.333333333333336
16,2017,deer creek,DCV,CDEC,deer creek,temperature,mean,10.478505291005291
16,2017,deer creek,DCV,CDEC,deer creek,temperature,min,9.333333333333332
17,2017,deer creek,DCV,CDEC,deer creek,temperature,max,12.5
17,2017,deer creek,DCV,CDEC,deer creek,temperature,mean,11.037037037037038
17,2017,deer creek,DCV,CDEC,deer creek,temperature,min,9.555555555555557
18,2017,deer creek,DCV,CDEC,deer creek,temperature,max,17.055555555555557
18,2017,deer creek,DCV,CDEC,deer creek,temperature,mean,14.212962962962964
18,2017,deer creek,DCV,CDEC,deer creek,temperature,min,10.777777777777779
19,2017,deer creek,DCV,CDEC,deer creek,temperature,max,16.444444444444443
19,2017,deer creek,DCV,CDEC,deer creek,temperature,mean,13.600198412698413
19,2017,deer creek,DCV,CDEC,deer creek,temperature,min,10.833333333333334
20,2017,deer creek,DCV,CDEC,deer creek,temperature,max,17.055555555555557
20,2017,deer creek,DCV,CDEC,deer creek,temperature,mean,12.750992063492063
20,2017,deer creek,DCV,CDEC,deer creek,temperature,min,9.888888888888888
21,2017,deer creek,DCV,CDEC,deer creek,temperature,max,19.388888888888893
21,2017,deer creek,DCV,CDEC,deer creek,temperature,mean,17.111892736892738
21,2017,deer creek,DCV,CDEC,deer creek,temperature,min,14.666666666666666
22,2017,deer creek,DCV,CDEC,deer creek,temperature,max,19.444444444444443
22,2017,deer creek,DCV,CDEC,deer creek,temperature,mean,17.722552910052908
22,2017,deer creek,DCV,CDEC,deer creek,temperature,min,16
23,2017,deer creek,DCV,CDEC,deer creek,temperature,max,19.222222222222218
23,2017,deer creek,DCV,CDEC,deer creek,temperature,mean,16.982142857142858
23,2017,deer creek,DCV,CDEC,deer creek,temperature,min,14.444444444444445
24,2017,deer creek,DCV,CDEC,deer creek,temperature,max,22.16666666666667
24,2017,deer creek,DCV,CDEC,deer creek,temperature,mean,16.941468253968253
24,2017,deer creek,DCV,CDEC,deer creek,temperature,min,13.11111111111111
25,2017,deer creek,DCV,CDEC,deer creek,temperature,max,32.94444444444444
25,2017,deer creek,DCV,CDEC,deer creek,temperature,mean,25.259589947089946
25,2017,deer creek,DCV,CDEC,deer creek,temperature,min,20.055555555555554
26,2017,deer creek,DCV,CDEC,deer creek,temperature,max,32.388888888888886
26,2017,deer creek,DCV,CDEC,deer creek,temperature,mean,22.52921555095468
26,2017,deer creek,DCV,CDEC,deer creek,temperature,min,17.11111111111111
27,2017,deer creek,DCV,CDEC,deer creek,temperature,max,24.27777777777778
27,2017,deer creek,DCV,CDEC,deer creek,temperature,mean,22.412540257648953
27,2017,deer creek,DCV,CDEC,deer creek,temperature,min,20.222222222222225
28,2017,deer creek,DCV,CDEC,deer creek,temperature,max,23.72222222222222
28,2017,deer creek,DCV,CDEC,deer creek,temperature,mean,22.280554733970884
28,2017,deer creek,DCV,CDEC,deer creek,temperature,min,20.611111111111107
29,2017,deer creek,DCV,CDEC,deer creek,temperature,max,24.055555555555557
29,2017,deer creek,DCV,CDEC,deer creek,temperature,mean,21.924540517961567
29,2017,deer creek,DCV,CDEC,deer creek,temperature,min,19.66666666666667
30,2017,deer creek,DCV,CDEC,deer creek,temperature,mean,22.939404323895843
30,2017,deer creek,DCV,CDEC,deer creek,temperature,min,21.27777777777778
31,2017,deer creek,DCV,CDEC,deer creek,temperature,max,25.166666666666668
31,2017,deer creek,DCV,CDEC,deer creek,temperature,mean,23.739139440110616
31,2017,deer creek,DCV,CDEC,deer creek,temperature,min,21.444444444444443
32,2017,deer creek,DCV,CDEC,deer creek,temperature,max,23.833333333333336
32,2017,deer creek,DCV,CDEC,deer creek,temperature,mean,22.94668424608901
32,2017,deer creek,DCV,CDEC,deer creek,temperature,min,19.66666666666667
33,2017,deer creek,DCV,CDEC,deer creek,temperature,max,23.61111111111111
33,2017,deer creek,DCV,CDEC,deer creek,temperature,mean,22.24900487612623
33,2017,deer creek,DCV,CDEC,deer creek,temperature,min,20.888888888888886
34,2017,deer creek,DCV,CDEC,deer creek,temperature,max,23.555555555555557
34,2017,deer creek,DCV,CDEC,deer creek,temperature,mean,21.864295169325008
34,2017,deer creek,DCV,CDEC,deer creek,temperature,min,0.2777777777777778
35,2017,deer creek,DCV,CDEC,deer creek,temperature,max,22.77777777777778
35,2017,deer creek,DCV,CDEC,deer creek,temperature,mean,21.444982794982796
35,2017,deer creek,DCV,CDEC,deer creek,temperature,min,20.27777777777778
36,2017,deer creek,DCV,CDEC,deer creek,temperature,max,23.055555555555557
36,2017,deer creek,DCV,CDEC,deer creek,temperature,mean,21.974440374440377
36,2017,deer creek,DCV,CDEC,deer creek,temperature,min,20.833333333333332
37,2017,deer creek,DCV,CDEC,deer creek,temperature,max,21.666666666666668
37,2017,deer creek,DCV,CDEC,deer creek,temperature,mean,20.358585858585858
37,2017,deer creek,DCV,CDEC,deer creek,temperature,min,17.72222222222222
38,2017,deer creek,DCV,CDEC,deer creek,temperature,max,17.88888888888889
38,2017,deer creek,DCV,CDEC,deer creek,temperature,mean,14.935201218534553
38,2017,deer creek,DCV,CDEC,deer creek,temperature,min,0.33333333333333415
39,2017,deer creek,DCV,CDEC,deer creek,temperature,max,16.11111111111111
39,2017,deer creek,DCV,CDEC,deer creek,temperature,mean,14.577244668911336
39,2017,deer creek,DCV,CDEC,deer creek,temperature,min,13.11111111111111
44,2017,deer creek,DCV,CDEC,deer creek,temperature,max,12.611111111111112
44,2017,deer creek,DCV,CDEC,deer creek,temperature,mean,11.722700281803544
44,2017,deer creek,DCV,CDEC,deer creek,temperature,min,10.777777777777779
45,2017,deer creek,DCV,CDEC,deer creek,temperature,max,11.444444444444445
45,2017,deer creek,DCV,CDEC,deer creek,temperature,mean,10.22627674258109
45,2017,deer creek,DCV,CDEC,deer creek,temperature,min,8.666666666666666
46,2017,deer creek,DCV,CDEC,deer creek,temperature,max,10.944444444444446
46,2017,deer creek,DCV,CDEC,deer creek,temperature,mean,9.744707329919
46,2017,deer creek,DCV,CDEC,deer creek,temperature,min,7.166666666666667
47,2017,deer creek,DCV,CDEC,deer creek,temperature,max,11.500000000000002
47,2017,deer creek,DCV,CDEC,deer creek,temperature,mean,9.898478132286439
47,2017,deer creek,DCV,CDEC,deer creek,temperature,min,6.833333333333332
48,2017,deer creek,DCV,CDEC,deer creek,temperature,max,12.111111111111109
48,2017,deer creek,DCV,CDEC,deer creek,temperature,mean,8.977633041944635
48,2017,deer creek,DCV,CDEC,deer creek,temperature,min,7.222222222222222
49,2017,deer creek,DCV,CDEC,deer creek,temperature,max,8.055555555555555
49,2017,deer creek,DCV,CDEC,deer creek,temperature,mean,6.268921095008051
49,2017,deer creek,DCV,CDEC,deer creek,temperature,min,5.055555555555556
50,2017,deer creek,DCV,CDEC,deer creek,temperature,max,7.166666666666667
50,2017,deer creek,DCV,CDEC,deer creek,temperature,mean,6.08157925005751
50,2017,deer creek,DCV,CDEC,deer creek,temperature,min,4.833333333333335
51,2017,deer creek,DCV,CDEC,deer creek,temperature,max,6.500000000000002
51,2017,deer creek,DCV,CDEC,deer creek,temperature,mean,5.428039452495974
51,2017,deer creek,DCV,CDEC,deer creek,temperature,min,3.8333333333333326
52,2017,deer creek,DCV,CDEC,deer creek,temperature,max,6.500000000000002
52,2017,deer creek,DCV,CDEC,deer creek,temperature,mean,5.6951058201058204
52,2017,deer creek,DCV,CDEC,deer creek,temperature,min,4.8888888888888875
53,2017,deer creek,DCV,CDEC,deer creek,temperature,max,6.4444444444444455
53,2017,deer creek,DCV,CDEC,deer creek,temperature,mean,6.027777777777778
53,2017,deer creek,DCV,CDEC,deer creek,temperature,min,5.611111111111112
1,2018,deer creek,DCV,CDEC,deer creek,temperature,max,11.055555555555555
1,2018,deer creek,DCV,CDEC,deer creek,temperature,mean,8.503637566137566
1,2018,deer creek,DCV,CDEC,deer creek,temperature,min,6.222222222222224
2,2018,deer creek,DCV,CDEC,deer creek,temperature,max,10.5
2,2018,deer creek,DCV,CDEC,deer creek,temperature,mean,8.941798941798941
2,2018,deer creek,DCV,CDEC,deer creek,temperature,min,7.777777777777778
3,2018,deer creek,DCV,CDEC,deer creek,temperature,max,10.388888888888891
3,2018,deer creek,DCV,CDEC,deer creek,temperature,mean,8.502645502645503
3,2018,deer creek,DCV,CDEC,deer creek,temperature,min,5.7222222222222205
4,2018,deer creek,DCV,CDEC,deer creek,temperature,max,7.722222222222222
4,2018,deer creek,DCV,CDEC,deer creek,temperature,mean,7.181547619047619
4,2018,deer creek,DCV,CDEC,deer creek,temperature,min,6.166666666666668
5,2018,deer creek,DCV,CDEC,deer creek,temperature,max,10
5,2018,deer creek,DCV,CDEC,deer creek,temperature,mean,8.457908163265305
5,2018,deer creek,DCV,CDEC,deer creek,temperature,min,7.277777777777778
6,2018,deer creek,DCV,CDEC,deer creek,temperature,max,10.222222222222221
6,2018,deer creek,DCV,CDEC,deer creek,temperature,mean,8.571428571428571
6,2018,deer creek,DCV,CDEC,deer creek,temperature,min,6.666666666666667
7,2018,deer creek,DCV,CDEC,deer creek,temperature,max,7.777777777777778
7,2018,deer creek,DCV,CDEC,deer creek,temperature,mean,6.391203703703703
7,2018,deer creek,DCV,CDEC,deer creek,temperature,min,5.333333333333334
8,2018,deer creek,DCV,CDEC,deer creek,temperature,max,6.333333333333332
8,2018,deer creek,DCV,CDEC,deer creek,temperature,mean,4.434523809523809
8,2018,deer creek,DCV,CDEC,deer creek,temperature,min,3.111111111111112
9,2018,deer creek,DCV,CDEC,deer creek,temperature,max,7.277777777777778
9,2018,deer creek,DCV,CDEC,deer creek,temperature,mean,5.847552910052911
9,2018,deer creek,DCV,CDEC,deer creek,temperature,min,4.722222222222222
10,2018,deer creek,DCV,CDEC,deer creek,temperature,max,9.944444444444445
10,2018,deer creek,DCV,CDEC,deer creek,temperature,mean,8.193380492293537
10,2018,deer creek,DCV,CDEC,deer creek,temperature,min,5
11,2018,deer creek,DCV,CDEC,deer creek,temperature,max,11.11111111111111
11,2018,deer creek,DCV,CDEC,deer creek,temperature,mean,8.146825396825397
11,2018,deer creek,DCV,CDEC,deer creek,temperature,min,5.833333333333333
12,2018,deer creek,DCV,CDEC,deer creek,temperature,max,10.277777777777779
12,2018,deer creek,DCV,CDEC,deer creek,temperature,mean,8.243055555555555
12,2018,deer creek,DCV,CDEC,deer creek,temperature,min,6.833333333333332
13,2018,deer creek,DCV,CDEC,deer creek,temperature,max,12.277777777777779
13,2018,deer creek,DCV,CDEC,deer creek,temperature,mean,10.087962962962962
13,2018,deer creek,DCV,CDEC,deer creek,temperature,min,6.166666666666668
14,2018,deer creek,DCV,CDEC,deer creek,temperature,max,12.444444444444445
14,2018,deer creek,DCV,CDEC,deer creek,temperature,mean,11.11739417989418
14,2018,deer creek,DCV,CDEC,deer creek,temperature,min,9.333333333333332
15,2018,deer creek,DCV,CDEC,deer creek,temperature,max,12.611111111111112
15,2018,deer creek,DCV,CDEC,deer creek,temperature,mean,10.367724867724869
15,2018,deer creek,DCV,CDEC,deer creek,temperature,min,7.3888888888888875
16,2018,deer creek,DCV,CDEC,deer creek,temperature,max,14.666666666666666
16,2018,deer creek,DCV,CDEC,deer creek,temperature,mean,10.600198412698413
16,2018,deer creek,DCV,CDEC,deer creek,temperature,min,7.166666666666667
17,2018,deer creek,DCV,CDEC,deer creek,temperature,max,16.555555555555557
17,2018,deer creek,DCV,CDEC,deer creek,temperature,mean,14.381283068783068
17,2018,deer creek,DCV,CDEC,deer creek,temperature,min,12.055555555555557
18,2018,deer creek,DCV,CDEC,deer creek,temperature,max,17.555555555555557
18,2018,deer creek,DCV,CDEC,deer creek,temperature,mean,14.503968253968253
18,2018,deer creek,DCV,CDEC,deer creek,temperature,min,11.222222222222223
19,2018,deer creek,DCV,CDEC,deer creek,temperature,max,19.27777777777778
19,2018,deer creek,DCV,CDEC,deer creek,temperature,mean,17.001984126984127
19,2018,deer creek,DCV,CDEC,deer creek,temperature,min,14.88888888888889
20,2018,deer creek,DCV,CDEC,deer creek,temperature,max,19.944444444444446
20,2018,deer creek,DCV,CDEC,deer creek,temperature,mean,17.74826029445595
20,2018,deer creek,DCV,CDEC,deer creek,temperature,min,14.944444444444445
21,2018,deer creek,DCV,CDEC,deer creek,temperature,max,20.33333333333333
21,2018,deer creek,DCV,CDEC,deer creek,temperature,mean,17.94808201058201
21,2018,deer creek,DCV,CDEC,deer creek,temperature,min,14.777777777777779
22,2018,deer creek,DCV,CDEC,deer creek,temperature,max,22.333333333333332
22,2018,deer creek,DCV,CDEC,deer creek,temperature,mean,19.580092592592592
22,2018,deer creek,DCV,CDEC,deer creek,temperature,min,16.166666666666668
23,2018,deer creek,DCV,CDEC,deer creek,temperature,max,22.944444444444443
23,2018,deer creek,DCV,CDEC,deer creek,temperature,mean,20.205026455026456
23,2018,deer creek,DCV,CDEC,deer creek,temperature,min,16.61111111111111
24,2018,deer creek,DCV,CDEC,deer creek,temperature,max,23.444444444444443
24,2018,deer creek,DCV,CDEC,deer creek,temperature,mean,21.040674603174605
24,2018,deer creek,DCV,CDEC,deer creek,temperature,min,16.88888888888889
25,2018,deer creek,DCV,CDEC,deer creek,temperature,max,24.66666666666667
25,2018,deer creek,DCV,CDEC,deer creek,temperature,mean,22.16699735449735
25,2018,deer creek,DCV,CDEC,deer creek,temperature,min,19.388888888888893
26,2018,deer creek,DCV,CDEC,deer creek,temperature,max,25.222222222222225
26,2018,deer creek,DCV,CDEC,deer creek,temperature,mean,23.22019496204279
26,2018,deer creek,DCV,CDEC,deer creek,temperature,min,21.5
27,2018,deer creek,DCV,CDEC,deer creek,temperature,max,25.500000000000004
27,2018,deer creek,DCV,CDEC,deer creek,temperature,mean,22.56251437773177
27,2018,deer creek,DCV,CDEC,deer creek,temperature,min,19.388888888888893
28,2018,deer creek,DCV,CDEC,deer creek,temperature,max,26.555555555555557
28,2018,deer creek,DCV,CDEC,deer creek,temperature,mean,23.441468253968257
28,2018,deer creek,DCV,CDEC,deer creek,temperature,min,20.72222222222222
29,2018,deer creek,DCV,CDEC,deer creek,temperature,max,27.22222222222222
29,2018,deer creek,DCV,CDEC,deer creek,temperature,mean,25.59854497354498
29,2018,deer creek,DCV,CDEC,deer creek,temperature,min,23.77777777777778
30,2018,deer creek,DCV,CDEC,deer creek,temperature,max,27.83333333333333
30,2018,deer creek,DCV,CDEC,deer creek,temperature,mean,25.74239417989418
30,2018,deer creek,DCV,CDEC,deer creek,temperature,min,23.833333333333336
31,2018,deer creek,DCV,CDEC,deer creek,temperature,max,25.27777777777778
31,2018,deer creek,DCV,CDEC,deer creek,temperature,mean,23.48280423280423
31,2018,deer creek,DCV,CDEC,deer creek,temperature,min,21.22222222222222
32,2018,deer creek,DCV,CDEC,deer creek,temperature,max,24.222222222222218
32,2018,deer creek,DCV,CDEC,deer creek,temperature,mean,22.301166426166425
32,2018,deer creek,DCV,CDEC,deer creek,temperature,min,20.27777777777778
33,2018,deer creek,DCV,CDEC,deer creek,temperature,max,24
33,2018,deer creek,DCV,CDEC,deer creek,temperature,mean,22.34781170922475
33,2018,deer creek,DCV,CDEC,deer creek,temperature,min,20.944444444444443
34,2018,deer creek,DCV,CDEC,deer creek,temperature,max,22.77777777777778
34,2018,deer creek,DCV,CDEC,deer creek,temperature,mean,20.736441798941797
34,2018,deer creek,DCV,CDEC,deer creek,temperature,min,18.88888888888889
35,2018,deer creek,DCV,CDEC,deer creek,temperature,max,21.77777777777778
35,2018,deer creek,DCV,CDEC,deer creek,temperature,mean,20.20634920634921
35,2018,deer creek,DCV,CDEC,deer creek,temperature,min,18.61111111111111
36,2018,deer creek,DCV,CDEC,deer creek,temperature,max,22.333333333333332
36,2018,deer creek,DCV,CDEC,deer creek,temperature,mean,20.51260927076145
36,2018,deer creek,DCV,CDEC,deer creek,temperature,min,19
37,2018,deer creek,DCV,CDEC,deer creek,temperature,max,20.611111111111107
37,2018,deer creek,DCV,CDEC,deer creek,temperature,mean,17.80026455026455
37,2018,deer creek,DCV,CDEC,deer creek,temperature,min,15.055555555555555
38,2018,deer creek,DCV,CDEC,deer creek,temperature,max,18.000000000000004
38,2018,deer creek,DCV,CDEC,deer creek,temperature,mean,16.3151455026455
38,2018,deer creek,DCV,CDEC,deer creek,temperature,min,14.777777777777779
39,2018,deer creek,DCV,CDEC,deer creek,temperature,max,18.22222222222222
39,2018,deer creek,DCV,CDEC,deer creek,temperature,mean,16.76719576719577
39,2018,deer creek,DCV,CDEC,deer creek,temperature,min,15.722222222222221
40,2018,deer creek,DCV,CDEC,deer creek,temperature,max,18.22222222222222
40,2018,deer creek,DCV,CDEC,deer creek,temperature,mean,16.405423280423282
40,2018,deer creek,DCV,CDEC,deer creek,temperature,min,14.11111111111111
41,2018,deer creek,DCV,CDEC,deer creek,temperature,max,16.055555555555557
41,2018,deer creek,DCV,CDEC,deer creek,temperature,mean,14.134259259259258
41,2018,deer creek,DCV,CDEC,deer creek,temperature,min,12.111111111111109
42,2018,deer creek,DCV,CDEC,deer creek,temperature,max,13.61111111111111
42,2018,deer creek,DCV,CDEC,deer creek,temperature,mean,12.323412698412698
42,2018,deer creek,DCV,CDEC,deer creek,temperature,min,11.222222222222223
43,2018,deer creek,DCV,CDEC,deer creek,temperature,max,13.666666666666666
43,2018,deer creek,DCV,CDEC,deer creek,temperature,mean,12.227513227513226
43,2018,deer creek,DCV,CDEC,deer creek,temperature,min,11.222222222222223
44,2018,deer creek,DCV,CDEC,deer creek,temperature,max,13.222222222222221
44,2018,deer creek,DCV,CDEC,deer creek,temperature,mean,11.696859903381645
44,2018,deer creek,DCV,CDEC,deer creek,temperature,min,10.222222222222221
45,2018,deer creek,DCV,CDEC,deer creek,temperature,max,11.777777777777779
45,2018,deer creek,DCV,CDEC,deer creek,temperature,mean,8.53505291005291
45,2018,deer creek,DCV,CDEC,deer creek,temperature,min,6.4444444444444455
46,2018,deer creek,DCV,CDEC,deer creek,temperature,max,7.944444444444443
46,2018,deer creek,DCV,CDEC,deer creek,temperature,mean,6.876322751322752
46,2018,deer creek,DCV,CDEC,deer creek,temperature,min,6.277777777777776
47,2018,deer creek,DCV,CDEC,deer creek,temperature,max,10.5
47,2018,deer creek,DCV,CDEC,deer creek,temperature,mean,8.429563492063492
47,2018,deer creek,DCV,CDEC,deer creek,temperature,min,6.277777777777776
48,2018,deer creek,DCV,CDEC,deer creek,temperature,max,10.666666666666668
48,2018,deer creek,DCV,CDEC,deer creek,temperature,mean,9.213955026455025
48,2018,deer creek,DCV,CDEC,deer creek,temperature,min,6.4444444444444455
49,2018,deer creek,DCV,CDEC,deer creek,temperature,max,7.666666666666665
49,2018,deer creek,DCV,CDEC,deer creek,temperature,mean,6.496693121693122
49,2018,deer creek,DCV,CDEC,deer creek,temperature,min,5.7222222222222205
50,2018,deer creek,DCV,CDEC,deer creek,temperature,max,9.666666666666666
50,2018,deer creek,DCV,CDEC,deer creek,temperature,mean,6.959656084656085
50,2018,deer creek,DCV,CDEC,deer creek,temperature,min,5.611111111111112
51,2018,deer creek,DCV,CDEC,deer creek,temperature,max,10.111111111111112
51,2018,deer creek,DCV,CDEC,deer creek,temperature,mean,8.45899470899471
51,2018,deer creek,DCV,CDEC,deer creek,temperature,min,7.11111111111111
52,2018,deer creek,DCV,CDEC,deer creek,temperature,max,8.499999999999998
52,2018,deer creek,DCV,CDEC,deer creek,temperature,mean,5.87797619047619
52,2018,deer creek,DCV,CDEC,deer creek,temperature,min,4.166666666666667
53,2018,deer creek,DCV,CDEC,deer creek,temperature,max,4.8888888888888875
53,2018,deer creek,DCV,CDEC,deer creek,temperature,mean,4.608796296296297
53,2018,deer creek,DCV,CDEC,deer creek,temperature,min,4.2777777777777795
1,2019,deer creek,DCV,CDEC,deer creek,temperature,max,7.666666666666665
1,2019,deer creek,DCV,CDEC,deer creek,temperature,mean,4.871362433862434
1,2019,deer creek,DCV,CDEC,deer creek,temperature,min,3.1666666666666683
2,2019,deer creek,DCV,CDEC,deer creek,temperature,max,9.722222222222221
2,2019,deer creek,DCV,CDEC,deer creek,temperature,mean,7.538359788359787
2,2019,deer creek,DCV,CDEC,deer creek,temperature,min,5.777777777777777
3,2019,deer creek,DCV,CDEC,deer creek,temperature,max,10.055555555555555
3,2019,deer creek,DCV,CDEC,deer creek,temperature,mean,8.378306878306878
3,2019,deer creek,DCV,CDEC,deer creek,temperature,min,6.555555555555554
4,2019,deer creek,DCV,CDEC,deer creek,temperature,max,8.666666666666666
4,2019,deer creek,DCV,CDEC,deer creek,temperature,mean,7.241732804232804
4,2019,deer creek,DCV,CDEC,deer creek,temperature,min,6.111111111111111
5,2019,deer creek,DCV,CDEC,deer creek,temperature,max,10.055555555555555
5,2019,deer creek,DCV,CDEC,deer creek,temperature,mean,8.953373015873016
5,2019,deer creek,DCV,CDEC,deer creek,temperature,min,7.055555555555557
6,2019,deer creek,DCV,CDEC,deer creek,temperature,max,6.888888888888888
6,2019,deer creek,DCV,CDEC,deer creek,temperature,mean,6.067791005291006
6,2019,deer creek,DCV,CDEC,deer creek,temperature,min,4.777777777777779
7,2019,deer creek,DCV,CDEC,deer creek,temperature,max,8.444444444444446
7,2019,deer creek,DCV,CDEC,deer creek,temperature,mean,6.561838624338626
7,2019,deer creek,DCV,CDEC,deer creek,temperature,min,5.055555555555556
8,2019,deer creek,DCV,CDEC,deer creek,temperature,max,7.11111111111111
8,2019,deer creek,DCV,CDEC,deer creek,temperature,mean,5.717592592592593
8,2019,deer creek,DCV,CDEC,deer creek,temperature,min,4.222222222222223
9,2019,deer creek,DCV,CDEC,deer creek,temperature,max,9.333333333333332
9,2019,deer creek,DCV,CDEC,deer creek,temperature,mean,8.258597883597883
9,2019,deer creek,DCV,CDEC,deer creek,temperature,min,7.000000000000001
10,2019,deer creek,DCV,CDEC,deer creek,temperature,max,9.722222222222221
10,2019,deer creek,DCV,CDEC,deer creek,temperature,mean,8.2908615136876
10,2019,deer creek,DCV,CDEC,deer creek,temperature,min,6.944444444444445
11,2019,deer creek,DCV,CDEC,deer creek,temperature,max,10.555555555555555
11,2019,deer creek,DCV,CDEC,deer creek,temperature,mean,8.299933862433862
11,2019,deer creek,DCV,CDEC,deer creek,temperature,min,6.333333333333332
12,2019,deer creek,DCV,CDEC,deer creek,temperature,max,10.777777777777779
12,2019,deer creek,DCV,CDEC,deer creek,temperature,mean,8.914021164021165
12,2019,deer creek,DCV,CDEC,deer creek,temperature,min,7.000000000000001
13,2019,deer creek,DCV,CDEC,deer creek,temperature,max,10.444444444444443
13,2019,deer creek,DCV,CDEC,deer creek,temperature,mean,9.089616402116402
13,2019,deer creek,DCV,CDEC,deer creek,temperature,min,8
14,2019,deer creek,DCV,CDEC,deer creek,temperature,max,11.38888888888889
14,2019,deer creek,DCV,CDEC,deer creek,temperature,mean,9.888227513227514
14,2019,deer creek,DCV,CDEC,deer creek,temperature,min,9.11111111111111
15,2019,deer creek,DCV,CDEC,deer creek,temperature,max,11.277777777777777
15,2019,deer creek,DCV,CDEC,deer creek,temperature,mean,9.426256613756612
15,2019,deer creek,DCV,CDEC,deer creek,temperature,min,7.5
16,2019,deer creek,DCV,CDEC,deer creek,temperature,max,13.38888888888889
16,2019,deer creek,DCV,CDEC,deer creek,temperature,mean,11.105158730158731
16,2019,deer creek,DCV,CDEC,deer creek,temperature,min,8.61111111111111
17,2019,deer creek,DCV,CDEC,deer creek,temperature,max,14.5
17,2019,deer creek,DCV,CDEC,deer creek,temperature,mean,12.944875776397515
17,2019,deer creek,DCV,CDEC,deer creek,temperature,min,10.944444444444446
18,2019,deer creek,DCV,CDEC,deer creek,temperature,max,15.11111111111111
18,2019,deer creek,DCV,CDEC,deer creek,temperature,mean,12.491732804232806
18,2019,deer creek,DCV,CDEC,deer creek,temperature,min,9.888888888888888
19,2019,deer creek,DCV,CDEC,deer creek,temperature,max,17.055555555555557
19,2019,deer creek,DCV,CDEC,deer creek,temperature,mean,14.78505291005291
19,2019,deer creek,DCV,CDEC,deer creek,temperature,min,12.611111111111112
20,2019,deer creek,DCV,CDEC,deer creek,temperature,max,15.61111111111111
20,2019,deer creek,DCV,CDEC,deer creek,temperature,mean,12.13095238095238
20,2019,deer creek,DCV,CDEC,deer creek,temperature,min,9.777777777777779
21,2019,deer creek,DCV,CDEC,deer creek,temperature,max,15.222222222222221
21,2019,deer creek,DCV,CDEC,deer creek,temperature,mean,12.619378306878305
21,2019,deer creek,DCV,CDEC,deer creek,temperature,min,10.055555555555555
22,2019,deer creek,DCV,CDEC,deer creek,temperature,max,19.222222222222218
22,2019,deer creek,DCV,CDEC,deer creek,temperature,mean,15.599537037037036
22,2019,deer creek,DCV,CDEC,deer creek,temperature,min,11.722222222222221
23,2019,deer creek,DCV,CDEC,deer creek,temperature,max,20.27777777777778
23,2019,deer creek,DCV,CDEC,deer creek,temperature,mean,17.52645502645503
23,2019,deer creek,DCV,CDEC,deer creek,temperature,min,14.555555555555555
24,2019,deer creek,DCV,CDEC,deer creek,temperature,max,23.333333333333332
24,2019,deer creek,DCV,CDEC,deer creek,temperature,mean,20.396494708994712
24,2019,deer creek,DCV,CDEC,deer creek,temperature,min,17.72222222222222
25,2019,deer creek,DCV,CDEC,deer creek,temperature,max,22.88888888888889
25,2019,deer creek,DCV,CDEC,deer creek,temperature,mean,20.625
25,2019,deer creek,DCV,CDEC,deer creek,temperature,min,17.944444444444443
26,2019,deer creek,DCV,CDEC,deer creek,temperature,max,20.888888888888886
26,2019,deer creek,DCV,CDEC,deer creek,temperature,mean,19.127645502645503
26,2019,deer creek,DCV,CDEC,deer creek,temperature,min,17.055555555555557
27,2019,deer creek,DCV,CDEC,deer creek,temperature,max,22.722222222222225
27,2019,deer creek,DCV,CDEC,deer creek,temperature,mean,20.739748677248677
27,2019,deer creek,DCV,CDEC,deer creek,temperature,min,18.000000000000004
28,2019,deer creek,DCV,CDEC,deer creek,temperature,max,24.166666666666668
28,2019,deer creek,DCV,CDEC,deer creek,temperature,mean,21.991402116402117
28,2019,deer creek,DCV,CDEC,deer creek,temperature,min,19.388888888888893
29,2019,deer creek,DCV,CDEC,deer creek,temperature,max,24.333333333333332
29,2019,deer creek,DCV,CDEC,deer creek,temperature,mean,22.919973544973548
29,2019,deer creek,DCV,CDEC,deer creek,temperature,min,21.444444444444443
30,2019,deer creek,DCV,CDEC,deer creek,temperature,max,24.944444444444446
30,2019,deer creek,DCV,CDEC,deer creek,temperature,mean,22.91765873015873
30,2019,deer creek,DCV,CDEC,deer creek,temperature,min,21.11111111111111
31,2019,deer creek,DCV,CDEC,deer creek,temperature,max,23.833333333333336
31,2019,deer creek,DCV,CDEC,deer creek,temperature,mean,22.34193121693122
31,2019,deer creek,DCV,CDEC,deer creek,temperature,min,20.72222222222222
32,2019,deer creek,DCV,CDEC,deer creek,temperature,max,23.666666666666664
32,2019,deer creek,DCV,CDEC,deer creek,temperature,mean,21.14529220779221
32,2019,deer creek,DCV,CDEC,deer creek,temperature,min,18.388888888888886
33,2019,deer creek,DCV,CDEC,deer creek,temperature,max,24.27777777777778
33,2019,deer creek,DCV,CDEC,deer creek,temperature,mean,22.325727513227516
33,2019,deer creek,DCV,CDEC,deer creek,temperature,min,19.944444444444446
34,2019,deer creek,DCV,CDEC,deer creek,temperature,max,23.944444444444443
34,2019,deer creek,DCV,CDEC,deer creek,temperature,mean,21.961309523809526
34,2019,deer creek,DCV,CDEC,deer creek,temperature,min,20.11111111111111
35,2019,deer creek,DCV,CDEC,deer creek,temperature,max,24.111111111111114
35,2019,deer creek,DCV,CDEC,deer creek,temperature,mean,22.09358465608466
35,2019,deer creek,DCV,CDEC,deer creek,temperature,min,19.833333333333332
36,2019,deer creek,DCV,CDEC,deer creek,temperature,max,21.944444444444443
36,2019,deer creek,DCV,CDEC,deer creek,temperature,mean,19.830687830687832
36,2019,deer creek,DCV,CDEC,deer creek,temperature,min,17.944444444444443
37,2019,deer creek,DCV,CDEC,deer creek,temperature,max,19.66666666666667
37,2019,deer creek,DCV,CDEC,deer creek,temperature,mean,18.317129629629626
37,2019,deer creek,DCV,CDEC,deer creek,temperature,min,17
38,2019,deer creek,DCV,CDEC,deer creek,temperature,max,17.77777777777778
38,2019,deer creek,DCV,CDEC,deer creek,temperature,mean,16.16104497354497
38,2019,deer creek,DCV,CDEC,deer creek,temperature,min,14.333333333333334
39,2019,deer creek,DCV,CDEC,deer creek,temperature,max,20.222222222222225
39,2019,deer creek,DCV,CDEC,deer creek,temperature,mean,16.910383597883598
39,2019,deer creek,DCV,CDEC,deer creek,temperature,min,12.444444444444445
40,2019,deer creek,DCV,CDEC,deer creek,temperature,max,14.88888888888889
40,2019,deer creek,DCV,CDEC,deer creek,temperature,mean,12.757275132275131
40,2019,deer creek,DCV,CDEC,deer creek,temperature,min,11.277777777777777
41,2019,deer creek,DCV,CDEC,deer creek,temperature,max,14.944444444444445
41,2019,deer creek,DCV,CDEC,deer creek,temperature,mean,12.017857142857142
41,2019,deer creek,DCV,CDEC,deer creek,temperature,min,10.5
42,2019,deer creek,DCV,CDEC,deer creek,temperature,max,12.833333333333334
42,2019,deer creek,DCV,CDEC,deer creek,temperature,mean,11.629960317460318
42,2019,deer creek,DCV,CDEC,deer creek,temperature,min,10.444444444444443
43,2019,deer creek,DCV,CDEC,deer creek,temperature,max,13.555555555555555
43,2019,deer creek,DCV,CDEC,deer creek,temperature,mean,11.686177248677248
43,2019,deer creek,DCV,CDEC,deer creek,temperature,min,8.61111111111111
44,2019,deer creek,DCV,CDEC,deer creek,temperature,max,9.666666666666666
44,2019,deer creek,DCV,CDEC,deer creek,temperature,mean,7.783730158730157
44,2019,deer creek,DCV,CDEC,deer creek,temperature,min,6.555555555555554
45,2019,deer creek,DCV,CDEC,deer creek,temperature,max,10.555555555555555
45,2019,deer creek,DCV,CDEC,deer creek,temperature,mean,9.646164021164022
45,2019,deer creek,DCV,CDEC,deer creek,temperature,min,8.555555555555555
46,2019,deer creek,DCV,CDEC,deer creek,temperature,max,11.61111111111111
46,2019,deer creek,DCV,CDEC,deer creek,temperature,mean,10.446759259259258
46,2019,deer creek,DCV,CDEC,deer creek,temperature,min,9.333333333333332
47,2019,deer creek,DCV,CDEC,deer creek,temperature,max,10.444444444444443
47,2019,deer creek,DCV,CDEC,deer creek,temperature,mean,8.374669312169312
47,2019,deer creek,DCV,CDEC,deer creek,temperature,min,6.500000000000002
48,2019,deer creek,DCV,CDEC,deer creek,temperature,max,7.944444444444443
48,2019,deer creek,DCV,CDEC,deer creek,temperature,mean,5.567129629629629
48,2019,deer creek,DCV,CDEC,deer creek,temperature,min,4.333333333333332
49,2019,deer creek,DCV,CDEC,deer creek,temperature,max,10.5
49,2019,deer creek,DCV,CDEC,deer creek,temperature,mean,9.121362433862434
49,2019,deer creek,DCV,CDEC,deer creek,temperature,min,7.722222222222222
50,2019,deer creek,DCV,CDEC,deer creek,temperature,max,9.722222222222221
50,2019,deer creek,DCV,CDEC,deer creek,temperature,mean,7.934854497354498
50,2019,deer creek,DCV,CDEC,deer creek,temperature,min,5.055555555555556
51,2019,deer creek,DCV,CDEC,deer creek,temperature,max,8.055555555555555
51,2019,deer creek,DCV,CDEC,deer creek,temperature,mean,6.705357142857143
51,2019,deer creek,DCV,CDEC,deer creek,temperature,min,4.722222222222222
52,2019,deer creek,DCV,CDEC,deer creek,temperature,max,6.944444444444445
52,2019,deer creek,DCV,CDEC,deer creek,temperature,mean,5.724867724867724
52,2019,deer creek,DCV,CDEC,deer creek,temperature,min,4.2777777777777795
53,2019,deer creek,DCV,CDEC,deer creek,temperature,max,6.611111111111111
53,2019,deer creek,DCV,CDEC,deer creek,temperature,mean,6.233796296296297
53,2019,deer creek,DCV,CDEC,deer creek,temperature,min,5.888888888888889
1,2020,deer creek,DCV,CDEC,deer creek,temperature,max,7.3888888888888875
1,2020,deer creek,DCV,CDEC,deer creek,temperature,mean,6.430555555555556
1,2020,deer creek,DCV,CDEC,deer creek,temperature,min,5
2,2020,deer creek,DCV,CDEC,deer creek,temperature,max,7.555555555555555
2,2020,deer creek,DCV,CDEC,deer creek,temperature,mean,6.479497354497354
2,2020,deer creek,DCV,CDEC,deer creek,temperature,min,5.666666666666668
3,2020,deer creek,DCV,CDEC,deer creek,temperature,max,8
3,2020,deer creek,DCV,CDEC,deer creek,temperature,mean,6.1782407407407405
3,2020,deer creek,DCV,CDEC,deer creek,temperature,min,5.222222222222221
4,2020,deer creek,DCV,CDEC,deer creek,temperature,max,10.277777777777779
4,2020,deer creek,DCV,CDEC,deer creek,temperature,mean,8.83994708994709
4,2020,deer creek,DCV,CDEC,deer creek,temperature,min,7.944444444444443
5,2020,deer creek,DCV,CDEC,deer creek,temperature,max,9.166666666666666
5,2020,deer creek,DCV,CDEC,deer creek,temperature,mean,7.488756613756613
5,2020,deer creek,DCV,CDEC,deer creek,temperature,min,3.7222222222222237
6,2020,deer creek,DCV,CDEC,deer creek,temperature,max,7.5
6,2020,deer creek,DCV,CDEC,deer creek,temperature,mean,6.1567460317460325
6,2020,deer creek,DCV,CDEC,deer creek,temperature,min,4.055555555555554
7,2020,deer creek,DCV,CDEC,deer creek,temperature,max,9.5
7,2020,deer creek,DCV,CDEC,deer creek,temperature,mean,7.76058201058201
7,2020,deer creek,DCV,CDEC,deer creek,temperature,min,6.611111111111111
8,2020,deer creek,DCV,CDEC,deer creek,temperature,max,9.333333333333332
8,2020,deer creek,DCV,CDEC,deer creek,temperature,mean,7.94973544973545
8,2020,deer creek,DCV,CDEC,deer creek,temperature,min,6.666666666666667
9,2020,deer creek,DCV,CDEC,deer creek,temperature,max,10.333333333333334
9,2020,deer creek,DCV,CDEC,deer creek,temperature,mean,9.176196488696489
9,2020,deer creek,DCV,CDEC,deer creek,temperature,min,7.6111111111111125
10,2020,deer creek,DCV,CDEC,deer creek,temperature,max,11.666666666666666
10,2020,deer creek,DCV,CDEC,deer creek,temperature,mean,10.231352081895562
10,2020,deer creek,DCV,CDEC,deer creek,temperature,min,9.000000000000002
11,2020,deer creek,DCV,CDEC,deer creek,temperature,max,12.722222222222221
11,2020,deer creek,DCV,CDEC,deer creek,temperature,mean,9.837962962962964
11,2020,deer creek,DCV,CDEC,deer creek,temperature,min,6.555555555555554
12,2020,deer creek,DCV,CDEC,deer creek,temperature,max,10.999999999999998
12,2020,deer creek,DCV,CDEC,deer creek,temperature,mean,8.60383597883598
12,2020,deer creek,DCV,CDEC,deer creek,temperature,min,5.555555555555555
13,2020,deer creek,DCV,CDEC,deer creek,temperature,max,12.055555555555557
13,2020,deer creek,DCV,CDEC,deer creek,temperature,mean,8.975529100529101
13,2020,deer creek,DCV,CDEC,deer creek,temperature,min,6.722222222222223
14,2020,deer creek,DCV,CDEC,deer creek,temperature,max,11.500000000000002
14,2020,deer creek,DCV,CDEC,deer creek,temperature,mean,9.240079365079364
14,2020,deer creek,DCV,CDEC,deer creek,temperature,min,7.722222222222222
15,2020,deer creek,DCV,CDEC,deer creek,temperature,max,14.944444444444445
15,2020,deer creek,DCV,CDEC,deer creek,temperature,mean,12.337962962962964
15,2020,deer creek,DCV,CDEC,deer creek,temperature,min,9.611111111111109
16,2020,deer creek,DCV,CDEC,deer creek,temperature,max,15
16,2020,deer creek,DCV,CDEC,deer creek,temperature,mean,13.483796296296296
16,2020,deer creek,DCV,CDEC,deer creek,temperature,min,11.222222222222223
17,2020,deer creek,DCV,CDEC,deer creek,temperature,max,19.27777777777778
17,2020,deer creek,DCV,CDEC,deer creek,temperature,mean,16.26388888888889
17,2020,deer creek,DCV,CDEC,deer creek,temperature,min,12.888888888888891
18,2020,deer creek,DCV,CDEC,deer creek,temperature,max,19.66666666666667
18,2020,deer creek,DCV,CDEC,deer creek,temperature,mean,17.274355877616745
18,2020,deer creek,DCV,CDEC,deer creek,temperature,min,14.833333333333334
19,2020,deer creek,DCV,CDEC,deer creek,temperature,max,20.500000000000004
19,2020,deer creek,DCV,CDEC,deer creek,temperature,mean,18.1687962962963
19,2020,deer creek,DCV,CDEC,deer creek,temperature,min,15.666666666666666
20,2020,deer creek,DCV,CDEC,deer creek,temperature,max,17.72222222222222
20,2020,deer creek,DCV,CDEC,deer creek,temperature,mean,15.477843915343916
20,2020,deer creek,DCV,CDEC,deer creek,temperature,min,13
21,2020,deer creek,DCV,CDEC,deer creek,temperature,max,21.833333333333332
21,2020,deer creek,DCV,CDEC,deer creek,temperature,mean,17.03240740740741
21,2020,deer creek,DCV,CDEC,deer creek,temperature,min,13.055555555555555
22,2020,deer creek,DCV,CDEC,deer creek,temperature,max,24
22,2020,deer creek,DCV,CDEC,deer creek,temperature,mean,21.191798941798943
22,2020,deer creek,DCV,CDEC,deer creek,temperature,min,18.61111111111111
23,2020,deer creek,DCV,CDEC,deer creek,temperature,max,24.055555555555557
23,2020,deer creek,DCV,CDEC,deer creek,temperature,mean,20.142526455026456
23,2020,deer creek,DCV,CDEC,deer creek,temperature,min,15.444444444444445
24,2020,deer creek,DCV,CDEC,deer creek,temperature,max,21.888888888888893
24,2020,deer creek,DCV,CDEC,deer creek,temperature,mean,19.482142857142858
24,2020,deer creek,DCV,CDEC,deer creek,temperature,min,16.77777777777778
25,2020,deer creek,DCV,CDEC,deer creek,temperature,max,26.833333333333332
25,2020,deer creek,DCV,CDEC,deer creek,temperature,mean,22.208333333333336
25,2020,deer creek,DCV,CDEC,deer creek,temperature,min,17.61111111111111
26,2020,deer creek,DCV,CDEC,deer creek,temperature,max,28.000000000000004
26,2020,deer creek,DCV,CDEC,deer creek,temperature,mean,25.167328042328045
26,2020,deer creek,DCV,CDEC,deer creek,temperature,min,21.444444444444443
27,2020,deer creek,DCV,CDEC,deer creek,temperature,max,24.833333333333332
27,2020,deer creek,DCV,CDEC,deer creek,temperature,mean,23.061838624338616
27,2020,deer creek,DCV,CDEC,deer creek,temperature,min,21.5
28,2020,deer creek,DCV,CDEC,deer creek,temperature,max,25.611111111111107
28,2020,deer creek,DCV,CDEC,deer creek,temperature,mean,23.66931216931217
28,2020,deer creek,DCV,CDEC,deer creek,temperature,min,21.77777777777778
29,2020,deer creek,DCV,CDEC,deer creek,temperature,max,27.11111111111111
29,2020,deer creek,DCV,CDEC,deer creek,temperature,mean,25.31746031746032
29,2020,deer creek,DCV,CDEC,deer creek,temperature,min,23.555555555555557
30,2020,deer creek,DCV,CDEC,deer creek,temperature,max,26.833333333333332
30,2020,deer creek,DCV,CDEC,deer creek,temperature,mean,24.933862433862434
30,2020,deer creek,DCV,CDEC,deer creek,temperature,min,23.61111111111111
31,2020,deer creek,DCV,CDEC,deer creek,temperature,max,26.444444444444443
31,2020,deer creek,DCV,CDEC,deer creek,temperature,mean,23.974206349206348
31,2020,deer creek,DCV,CDEC,deer creek,temperature,min,22.5
32,2020,deer creek,DCV,CDEC,deer creek,temperature,max,26.888888888888893
32,2020,deer creek,DCV,CDEC,deer creek,temperature,mean,24.24834656084656
32,2020,deer creek,DCV,CDEC,deer creek,temperature,min,22.333333333333332
33,2020,deer creek,DCV,CDEC,deer creek,temperature,max,26.27777777777778
33,2020,deer creek,DCV,CDEC,deer creek,temperature,mean,23.794642857142858
33,2020,deer creek,DCV,CDEC,deer creek,temperature,min,22.16666666666667
34,2020,deer creek,DCV,CDEC,deer creek,temperature,max,23.833333333333336
34,2020,deer creek,DCV,CDEC,deer creek,temperature,mean,21.98346560846561
34,2020,deer creek,DCV,CDEC,deer creek,temperature,min,19.944444444444446
35,2020,deer creek,DCV,CDEC,deer creek,temperature,max,24.499999999999996
35,2020,deer creek,DCV,CDEC,deer creek,temperature,mean,22.724537037037038
35,2020,deer creek,DCV,CDEC,deer creek,temperature,min,21.27777777777778
36,2020,deer creek,DCV,CDEC,deer creek,temperature,max,24.499999999999996
36,2020,deer creek,DCV,CDEC,deer creek,temperature,mean,22.503306878306876
36,2020,deer creek,DCV,CDEC,deer creek,temperature,min,20.11111111111111
37,2020,deer creek,DCV,CDEC,deer creek,temperature,max,19.944444444444446
37,2020,deer creek,DCV,CDEC,deer creek,temperature,mean,17.944113756613756
37,2020,deer creek,DCV,CDEC,deer creek,temperature,min,16.833333333333332
38,2020,deer creek,DCV,CDEC,deer creek,temperature,max,20.055555555555554
38,2020,deer creek,DCV,CDEC,deer creek,temperature,mean,18.407076719576718
38,2020,deer creek,DCV,CDEC,deer creek,temperature,min,17.333333333333332
39,2020,deer creek,DCV,CDEC,deer creek,temperature,max,19.777777777777775
39,2020,deer creek,DCV,CDEC,deer creek,temperature,mean,18.381283068783066
39,2020,deer creek,DCV,CDEC,deer creek,temperature,min,17.27777777777778
40,2020,deer creek,DCV,CDEC,deer creek,temperature,max,19.444444444444443
40,2020,deer creek,DCV,CDEC,deer creek,temperature,mean,17.542328042328045
40,2020,deer creek,DCV,CDEC,deer creek,temperature,min,15.666666666666666
41,2020,deer creek,DCV,CDEC,deer creek,temperature,max,17
41,2020,deer creek,DCV,CDEC,deer creek,temperature,mean,15.10846560846561
41,2020,deer creek,DCV,CDEC,deer creek,temperature,min,13.944444444444445
42,2020,deer creek,DCV,CDEC,deer creek,temperature,max,17.055555555555557
42,2020,deer creek,DCV,CDEC,deer creek,temperature,mean,15.448082010582011
42,2020,deer creek,DCV,CDEC,deer creek,temperature,min,14.222222222222221
43,2020,deer creek,DCV,CDEC,deer creek,temperature,max,15.833333333333334
43,2020,deer creek,DCV,CDEC,deer creek,temperature,mean,12.214616402116404
43,2020,deer creek,DCV,CDEC,deer creek,temperature,min,8.833333333333334
44,2020,deer creek,DCV,CDEC,deer creek,temperature,max,11.555555555555554
44,2020,deer creek,DCV,CDEC,deer creek,temperature,mean,10.343412123303427
44,2020,deer creek,DCV,CDEC,deer creek,temperature,min,9.222222222222221
45,2020,deer creek,DCV,CDEC,deer creek,temperature,max,11.555555555555554
45,2020,deer creek,DCV,CDEC,deer creek,temperature,mean,9.121031746031745
45,2020,deer creek,DCV,CDEC,deer creek,temperature,min,5.7222222222222205
46,2020,deer creek,DCV,CDEC,deer creek,temperature,max,9.444444444444445
46,2020,deer creek,DCV,CDEC,deer creek,temperature,mean,7.076719576719577
46,2020,deer creek,DCV,CDEC,deer creek,temperature,min,5.222222222222221
47,2020,deer creek,DCV,CDEC,deer creek,temperature,max,10.666666666666668
47,2020,deer creek,DCV,CDEC,deer creek,temperature,mean,8.188822751322752
47,2020,deer creek,DCV,CDEC,deer creek,temperature,min,6.888888888888888
48,2020,deer creek,DCV,CDEC,deer creek,temperature,max,7.6111111111111125
48,2020,deer creek,DCV,CDEC,deer creek,temperature,mean,5.8673941798941796
48,2020,deer creek,DCV,CDEC,deer creek,temperature,min,5
49,2020,deer creek,DCV,CDEC,deer creek,temperature,max,7.722222222222222
49,2020,deer creek,DCV,CDEC,deer creek,temperature,mean,6.425264550264551
49,2020,deer creek,DCV,CDEC,deer creek,temperature,min,5.38888888888889
50,2020,deer creek,DCV,CDEC,deer creek,temperature,max,7.722222222222222
50,2020,deer creek,DCV,CDEC,deer creek,temperature,mean,6.738425925925926
50,2020,deer creek,DCV,CDEC,deer creek,temperature,min,5.777777777777777
51,2020,deer creek,DCV,CDEC,deer creek,temperature,max,7.666666666666665
51,2020,deer creek,DCV,CDEC,deer creek,temperature,mean,5.992724867724868
51,2020,deer creek,DCV,CDEC,deer creek,temperature,min,4.8888888888888875
52,2020,deer creek,DCV,CDEC,deer creek,temperature,max,7.555555555555555
52,2020,deer creek,DCV,CDEC,deer creek,temperature,mean,5.7761243386243395
52,2020,deer creek,DCV,CDEC,deer creek,temperature,min,4.111111111111111
53,2020,deer creek,DCV,CDEC,deer creek,temperature,max,6.111111111111111
53,2020,deer creek,DCV,CDEC,deer creek,temperature,mean,5.443287037037036
53,2020,deer creek,DCV,CDEC,deer creek,temperature,min,4.944444444444444
1,2021,deer creek,DCV,CDEC,deer creek,temperature,max,8.944444444444445
1,2021,deer creek,DCV,CDEC,deer creek,temperature,mean,6.957671957671958
1,2021,deer creek,DCV,CDEC,deer creek,temperature,min,5.333333333333334
2,2021,deer creek,DCV,CDEC,deer creek,temperature,max,8.61111111111111
2,2021,deer creek,DCV,CDEC,deer creek,temperature,mean,6.845568783068782
2,2021,deer creek,DCV,CDEC,deer creek,temperature,min,5.499999999999999
3,2021,deer creek,DCV,CDEC,deer creek,temperature,max,9.166666666666666
3,2021,deer creek,DCV,CDEC,deer creek,temperature,mean,7.688492063492063
3,2021,deer creek,DCV,CDEC,deer creek,temperature,min,5.777777777777777
4,2021,deer creek,DCV,CDEC,deer creek,temperature,max,7.277777777777778
4,2021,deer creek,DCV,CDEC,deer creek,temperature,mean,5.689814814814815
4,2021,deer creek,DCV,CDEC,deer creek,temperature,min,3.444444444444446
5,2021,deer creek,DCV,CDEC,deer creek,temperature,max,8.555555555555555
5,2021,deer creek,DCV,CDEC,deer creek,temperature,mean,7.162367724867726
5,2021,deer creek,DCV,CDEC,deer creek,temperature,min,5.833333333333333
6,2021,deer creek,DCV,CDEC,deer creek,temperature,max,8.777777777777777
6,2021,deer creek,DCV,CDEC,deer creek,temperature,mean,7.00297619047619
6,2021,deer creek,DCV,CDEC,deer creek,temperature,min,5.499999999999999
7,2021,deer creek,DCV,CDEC,deer creek,temperature,max,8.833333333333334
7,2021,deer creek,DCV,CDEC,deer creek,temperature,mean,7.552579365079366
7,2021,deer creek,DCV,CDEC,deer creek,temperature,min,5.999999999999998
8,2021,deer creek,DCV,CDEC,deer creek,temperature,max,9.277777777777779
8,2021,deer creek,DCV,CDEC,deer creek,temperature,mean,7.694113756613755
8,2021,deer creek,DCV,CDEC,deer creek,temperature,min,6.500000000000002
9,2021,deer creek,DCV,CDEC,deer creek,temperature,max,9.444444444444445
9,2021,deer creek,DCV,CDEC,deer creek,temperature,mean,7.392526455026455
9,2021,deer creek,DCV,CDEC,deer creek,temperature,min,5.888888888888889
10,2021,deer creek,DCV,CDEC,deer creek,temperature,max,10
10,2021,deer creek,DCV,CDEC,deer creek,temperature,mean,8.451719576719578
10,2021,deer creek,DCV,CDEC,deer creek,temperature,min,6.500000000000002
11,2021,deer creek,DCV,CDEC,deer creek,temperature,max,9.277777777777779
11,2021,deer creek,DCV,CDEC,deer creek,temperature,mean,8.006441223832528
11,2021,deer creek,DCV,CDEC,deer creek,temperature,min,6.277777777777776
12,2021,deer creek,DCV,CDEC,deer creek,temperature,max,10.999999999999998
12,2021,deer creek,DCV,CDEC,deer creek,temperature,mean,9.342592592592593
12,2021,deer creek,DCV,CDEC,deer creek,temperature,min,7.6111111111111125
13,2021,deer creek,DCV,CDEC,deer creek,temperature,max,13.333333333333334
13,2021,deer creek,DCV,CDEC,deer creek,temperature,mean,11.274801587301585
13,2021,deer creek,DCV,CDEC,deer creek,temperature,min,8.777777777777777
14,2021,deer creek,DCV,CDEC,deer creek,temperature,max,14.222222222222221
14,2021,deer creek,DCV,CDEC,deer creek,temperature,mean,12.705357142857142
14,2021,deer creek,DCV,CDEC,deer creek,temperature,min,10.999999999999998
15,2021,deer creek,DCV,CDEC,deer creek,temperature,max,15.277777777777779
15,2021,deer creek,DCV,CDEC,deer creek,temperature,mean,13.523148148148149
15,2021,deer creek,DCV,CDEC,deer creek,temperature,min,11.500000000000002
16,2021,deer creek,DCV,CDEC,deer creek,temperature,max,17
16,2021,deer creek,DCV,CDEC,deer creek,temperature,mean,15.136078042328043
16,2021,deer creek,DCV,CDEC,deer creek,temperature,min,12.5
17,2021,deer creek,DCV,CDEC,deer creek,temperature,max,17.166666666666668
17,2021,deer creek,DCV,CDEC,deer creek,temperature,mean,13.991402116402115
17,2021,deer creek,DCV,CDEC,deer creek,temperature,min,10.555555555555555
18,2021,deer creek,DCV,CDEC,deer creek,temperature,max,20.33333333333333
18,2021,deer creek,DCV,CDEC,deer creek,temperature,mean,17.96362433862434
18,2021,deer creek,DCV,CDEC,deer creek,temperature,min,15.777777777777779
19,2021,deer creek,DCV,CDEC,deer creek,temperature,max,21.611111111111114
19,2021,deer creek,DCV,CDEC,deer creek,temperature,mean,18.817791005291006
19,2021,deer creek,DCV,CDEC,deer creek,temperature,min,16.5
20,2021,deer creek,DCV,CDEC,deer creek,temperature,max,21.944444444444443
20,2021,deer creek,DCV,CDEC,deer creek,temperature,mean,19.73015873015873
20,2021,deer creek,DCV,CDEC,deer creek,temperature,min,16.944444444444443
21,2021,deer creek,DCV,CDEC,deer creek,temperature,max,21.166666666666664
21,2021,deer creek,DCV,CDEC,deer creek,temperature,mean,17.984126984126984
21,2021,deer creek,DCV,CDEC,deer creek,temperature,min,14.944444444444445
22,2021,deer creek,DCV,CDEC,deer creek,temperature,max,26
22,2021,deer creek,DCV,CDEC,deer creek,temperature,mean,22.803902116402117
22,2021,deer creek,DCV,CDEC,deer creek,temperature,min,19.055555555555557
23,2021,deer creek,DCV,CDEC,deer creek,temperature,max,26.27777777777778
23,2021,deer creek,DCV,CDEC,deer creek,temperature,mean,22.372685185185187
23,2021,deer creek,DCV,CDEC,deer creek,temperature,min,18.444444444444443
24,2021,deer creek,DCV,CDEC,deer creek,temperature,max,24.88888888888889
24,2021,deer creek,DCV,CDEC,deer creek,temperature,mean,21.444444444444446
24,2021,deer creek,DCV,CDEC,deer creek,temperature,min,18.333333333333332
25,2021,deer creek,DCV,CDEC,deer creek,temperature,max,26.666666666666668
25,2021,deer creek,DCV,CDEC,deer creek,temperature,mean,24.5
25,2021,deer creek,DCV,CDEC,deer creek,temperature,min,22.444444444444446
26,2021,deer creek,DCV,CDEC,deer creek,temperature,max,28.388888888888886
26,2021,deer creek,DCV,CDEC,deer creek,temperature,mean,26.12830687830688
26,2021,deer creek,DCV,CDEC,deer creek,temperature,min,23.444444444444443
27,2021,deer creek,DCV,CDEC,deer creek,temperature,max,27.83333333333333
27,2021,deer creek,DCV,CDEC,deer creek,temperature,mean,25.987433862433868
27,2021,deer creek,DCV,CDEC,deer creek,temperature,min,24.27777777777778
28,2021,deer creek,DCV,CDEC,deer creek,temperature,max,28.5
28,2021,deer creek,DCV,CDEC,deer creek,temperature,mean,25.962962962962962
28,2021,deer creek,DCV,CDEC,deer creek,temperature,min,23.555555555555557
29,2021,deer creek,DCV,CDEC,deer creek,temperature,max,26.055555555555557
29,2021,deer creek,DCV,CDEC,deer creek,temperature,mean,24.290774058161276
29,2021,deer creek,DCV,CDEC,deer creek,temperature,min,22.722222222222225
30,2021,deer creek,DCV,CDEC,deer creek,temperature,max,25.500000000000004
30,2021,deer creek,DCV,CDEC,deer creek,temperature,mean,23.221532091097313
30,2021,deer creek,DCV,CDEC,deer creek,temperature,min,21.38888888888889
31,2021,deer creek,DCV,CDEC,deer creek,temperature,max,26.22222222222222
31,2021,deer creek,DCV,CDEC,deer creek,temperature,mean,24.274140211640212
31,2021,deer creek,DCV,CDEC,deer creek,temperature,min,22.333333333333332
32,2021,deer creek,DCV,CDEC,deer creek,temperature,max,24.72222222222222
32,2021,deer creek,DCV,CDEC,deer creek,temperature,mean,22.862103174603174
32,2021,deer creek,DCV,CDEC,deer creek,temperature,min,21.11111111111111
33,2021,deer creek,DCV,CDEC,deer creek,temperature,max,26.055555555555557
33,2021,deer creek,DCV,CDEC,deer creek,temperature,mean,23.562830687830687
33,2021,deer creek,DCV,CDEC,deer creek,temperature,min,20.38888888888889
34,2021,deer creek,DCV,CDEC,deer creek,temperature,max,22.11111111111111
34,2021,deer creek,DCV,CDEC,deer creek,temperature,mean,20.904589371980677
34,2021,deer creek,DCV,CDEC,deer creek,temperature,min,19.833333333333332
35,2021,deer creek,DCV,CDEC,deer creek,temperature,max,22.88888888888889
35,2021,deer creek,DCV,CDEC,deer creek,temperature,mean,21.090939153439155
35,2021,deer creek,DCV,CDEC,deer creek,temperature,min,19.61111111111111
36,2021,deer creek,DCV,CDEC,deer creek,temperature,max,22.666666666666668
36,2021,deer creek,DCV,CDEC,deer creek,temperature,mean,20.506613756613756
36,2021,deer creek,DCV,CDEC,deer creek,temperature,min,18.77777777777778
37,2021,deer creek,DCV,CDEC,deer creek,temperature,max,23.666666666666664
37,2021,deer creek,DCV,CDEC,deer creek,temperature,mean,21.326719576719576
37,2021,deer creek,DCV,CDEC,deer creek,temperature,min,19.61111111111111
38,2021,deer creek,DCV,CDEC,deer creek,temperature,max,20.444444444444443
38,2021,deer creek,DCV,CDEC,deer creek,temperature,mean,18.781084656084655
38,2021,deer creek,DCV,CDEC,deer creek,temperature,min,17.444444444444443
39,2021,deer creek,DCV,CDEC,deer creek,temperature,max,20.166666666666668
39,2021,deer creek,DCV,CDEC,deer creek,temperature,mean,17.713293650793652
39,2021,deer creek,DCV,CDEC,deer creek,temperature,min,15.38888888888889
40,2021,deer creek,DCV,CDEC,deer creek,temperature,max,17.055555555555557
40,2021,deer creek,DCV,CDEC,deer creek,temperature,mean,15.870701058201055
40,2021,deer creek,DCV,CDEC,deer creek,temperature,min,14.555555555555555
41,2021,deer creek,DCV,CDEC,deer creek,temperature,max,15.222222222222221
41,2021,deer creek,DCV,CDEC,deer creek,temperature,mean,12.605489417989418
41,2021,deer creek,DCV,CDEC,deer creek,temperature,min,10.277777777777779
42,2021,deer creek,DCV,CDEC,deer creek,temperature,max,13.277777777777779
42,2021,deer creek,DCV,CDEC,deer creek,temperature,mean,11.493055555555555
42,2021,deer creek,DCV,CDEC,deer creek,temperature,min,10.166666666666664
43,2021,deer creek,DCV,CDEC,deer creek,temperature,max,14.555555555555555
43,2021,deer creek,DCV,CDEC,deer creek,temperature,mean,12.341600529100528
43,2021,deer creek,DCV,CDEC,deer creek,temperature,min,10.5
44,2021,deer creek,DCV,CDEC,deer creek,temperature,max,13.722222222222223
44,2021,deer creek,DCV,CDEC,deer creek,temperature,mean,12.789021164021163
44,2021,deer creek,DCV,CDEC,deer creek,temperature,min,11.833333333333332
45,2021,deer creek,DCV,CDEC,deer creek,temperature,max,12.611111111111112
45,2021,deer creek,DCV,CDEC,deer creek,temperature,mean,10.703703703703704
45,2021,deer creek,DCV,CDEC,deer creek,temperature,min,8.555555555555555
46,2021,deer creek,DCV,CDEC,deer creek,temperature,max,11.61111111111111
46,2021,deer creek,DCV,CDEC,deer creek,temperature,mean,10.689484126984128
46,2021,deer creek,DCV,CDEC,deer creek,temperature,min,9.666666666666666
47,2021,deer creek,DCV,CDEC,deer creek,temperature,max,10.5
47,2021,deer creek,DCV,CDEC,deer creek,temperature,mean,8.619378306878307
47,2021,deer creek,DCV,CDEC,deer creek,temperature,min,6.666666666666667
48,2021,deer creek,DCV,CDEC,deer creek,temperature,max,9.555555555555557
48,2021,deer creek,DCV,CDEC,deer creek,temperature,mean,8.284391534391535
48,2021,deer creek,DCV,CDEC,deer creek,temperature,min,7.000000000000001
49,2021,deer creek,DCV,CDEC,deer creek,temperature,max,9.277777777777779
49,2021,deer creek,DCV,CDEC,deer creek,temperature,mean,8.317791005291005
49,2021,deer creek,DCV,CDEC,deer creek,temperature,min,7.333333333333335
50,2021,deer creek,DCV,CDEC,deer creek,temperature,max,8.944444444444445
50,2021,deer creek,DCV,CDEC,deer creek,temperature,mean,6.9748677248677255
50,2021,deer creek,DCV,CDEC,deer creek,temperature,min,5.499999999999999
51,2021,deer creek,DCV,CDEC,deer creek,temperature,max,8.833333333333334
51,2021,deer creek,DCV,CDEC,deer creek,temperature,mean,6.186177248677249
51,2021,deer creek,DCV,CDEC,deer creek,temperature,min,4.777777777777779
52,2021,deer creek,DCV,CDEC,deer creek,temperature,max,8.555555555555555
52,2021,deer creek,DCV,CDEC,deer creek,temperature,mean,6.567791005291006
52,2021,deer creek,DCV,CDEC,deer creek,temperature,min,5.38888888888889
53,2021,deer creek,DCV,CDEC,deer creek,temperature,max,6.222222222222224
53,2021,deer creek,DCV,CDEC,deer creek,temperature,mean,5.833333333333334
53,2021,deer creek,DCV,CDEC,deer creek,temperature,min,5.499999999999999
1,2022,deer creek,DCV,CDEC,deer creek,temperature,max,8.499999999999998
1,2022,deer creek,DCV,CDEC,deer creek,temperature,mean,6.623346560846561
1,2022,deer creek,DCV,CDEC,deer creek,temperature,min,3.7777777777777763
2,2022,deer creek,DCV,CDEC,deer creek,temperature,max,7.833333333333333
2,2022,deer creek,DCV,CDEC,deer creek,temperature,mean,6.601521164021164
2,2022,deer creek,DCV,CDEC,deer creek,temperature,min,5.777777777777777
3,2022,deer creek,DCV,CDEC,deer creek,temperature,max,7.6111111111111125
3,2022,deer creek,DCV,CDEC,deer creek,temperature,mean,6.318121693121694
3,2022,deer creek,DCV,CDEC,deer creek,temperature,min,5.222222222222221
4,2022,deer creek,DCV,CDEC,deer creek,temperature,max,7.222222222222222
4,2022,deer creek,DCV,CDEC,deer creek,temperature,mean,6.178240740740741
4,2022,deer creek,DCV,CDEC,deer creek,temperature,min,5.166666666666665
5,2022,deer creek,DCV,CDEC,deer creek,temperature,max,6.388888888888889
5,2022,deer creek,DCV,CDEC,deer creek,temperature,mean,5.23015873015873
5,2022,deer creek,DCV,CDEC,deer creek,temperature,min,4.000000000000002
6,2022,deer creek,DCV,CDEC,deer creek,temperature,max,10.111111111111112
6,2022,deer creek,DCV,CDEC,deer creek,temperature,mean,7.653755463538071
6,2022,deer creek,DCV,CDEC,deer creek,temperature,min,1.2222222222222239
7,2022,deer creek,DCV,CDEC,deer creek,temperature,max,10
7,2022,deer creek,DCV,CDEC,deer creek,temperature,mean,7.804232804232805
7,2022,deer creek,DCV,CDEC,deer creek,temperature,min,5.999999999999998
8,2022,deer creek,DCV,CDEC,deer creek,temperature,max,8.61111111111111
8,2022,deer creek,DCV,CDEC,deer creek,temperature,mean,5.893668831168831
8,2022,deer creek,DCV,CDEC,deer creek,temperature,min,3.3333333333333335
9,2022,deer creek,DCV,CDEC,deer creek,temperature,max,10.388888888888891
9,2022,deer creek,DCV,CDEC,deer creek,temperature,mean,8.058862433862434
9,2022,deer creek,DCV,CDEC,deer creek,temperature,min,4.055555555555554
10,2022,deer creek,DCV,CDEC,deer creek,temperature,max,9.333333333333332
10,2022,deer creek,DCV,CDEC,deer creek,temperature,mean,7.942460317460316
10,2022,deer creek,DCV,CDEC,deer creek,temperature,min,6.222222222222224
11,2022,deer creek,DCV,CDEC,deer creek,temperature,max,11.833333333333332
11,2022,deer creek,DCV,CDEC,deer creek,temperature,mean,9.955597643097645
11,2022,deer creek,DCV,CDEC,deer creek,temperature,min,7.277777777777778
12,2022,deer creek,DCV,CDEC,deer creek,temperature,max,14.000000000000002
12,2022,deer creek,DCV,CDEC,deer creek,temperature,mean,11.54001322751323
12,2022,deer creek,DCV,CDEC,deer creek,temperature,min,8.666666666666666
13,2022,deer creek,DCV,CDEC,deer creek,temperature,max,12.944444444444443
13,2022,deer creek,DCV,CDEC,deer creek,temperature,mean,11.91765873015873
13,2022,deer creek,DCV,CDEC,deer creek,temperature,min,10.388888888888891
14,2022,deer creek,DCV,CDEC,deer creek,temperature,max,15.777777777777779
14,2022,deer creek,DCV,CDEC,deer creek,temperature,mean,12.583664021164022
14,2022,deer creek,DCV,CDEC,deer creek,temperature,min,10.388888888888891
15,2022,deer creek,DCV,CDEC,deer creek,temperature,max,14.833333333333334
15,2022,deer creek,DCV,CDEC,deer creek,temperature,mean,11.056216931216932
15,2022,deer creek,DCV,CDEC,deer creek,temperature,min,8.277777777777779
16,2022,deer creek,DCV,CDEC,deer creek,temperature,max,11.61111111111111
16,2022,deer creek,DCV,CDEC,deer creek,temperature,mean,10.220238095238093
16,2022,deer creek,DCV,CDEC,deer creek,temperature,min,8.555555555555555
17,2022,deer creek,DCV,CDEC,deer creek,temperature,max,14.777777777777779
17,2022,deer creek,DCV,CDEC,deer creek,temperature,mean,12.509259259259261
17,2022,deer creek,DCV,CDEC,deer creek,temperature,min,8.666666666666666
18,2022,deer creek,DCV,CDEC,deer creek,temperature,max,16.444444444444443
18,2022,deer creek,DCV,CDEC,deer creek,temperature,mean,14.182539682539682
18,2022,deer creek,DCV,CDEC,deer creek,temperature,min,11.88888888888889
19,2022,deer creek,DCV,CDEC,deer creek,temperature,max,15.833333333333334
19,2022,deer creek,DCV,CDEC,deer creek,temperature,mean,11.965608465608465
19,2022,deer creek,DCV,CDEC,deer creek,temperature,min,8.666666666666666
20,2022,deer creek,DCV,CDEC,deer creek,temperature,max,19.72222222222222
20,2022,deer creek,DCV,CDEC,deer creek,temperature,mean,17.31283068783069
20,2022,deer creek,DCV,CDEC,deer creek,temperature,min,13.444444444444446
21,2022,deer creek,DCV,CDEC,deer creek,temperature,max,21.666666666666668
21,2022,deer creek,DCV,CDEC,deer creek,temperature,mean,18.730489417989418
21,2022,deer creek,DCV,CDEC,deer creek,temperature,min,15.444444444444445
22,2022,deer creek,DCV,CDEC,deer creek,temperature,max,21.166666666666664
22,2022,deer creek,DCV,CDEC,deer creek,temperature,mean,18.58862433862434
22,2022,deer creek,DCV,CDEC,deer creek,temperature,min,16.055555555555557
23,2022,deer creek,DCV,CDEC,deer creek,temperature,max,23.77777777777778
23,2022,deer creek,DCV,CDEC,deer creek,temperature,mean,20.188161375661373
23,2022,deer creek,DCV,CDEC,deer creek,temperature,min,17.38888888888889
24,2022,deer creek,DCV,CDEC,deer creek,temperature,max,23.833333333333336
24,2022,deer creek,DCV,CDEC,deer creek,temperature,mean,20.579882677708763
24,2022,deer creek,DCV,CDEC,deer creek,temperature,min,17.5
25,2022,deer creek,DCV,CDEC,deer creek,temperature,max,24.833333333333332
25,2022,deer creek,DCV,CDEC,deer creek,temperature,mean,20.703373015873016
25,2022,deer creek,DCV,CDEC,deer creek,temperature,min,17.27777777777778
26,2022,deer creek,DCV,CDEC,deer creek,temperature,max,25.11111111111111
26,2022,deer creek,DCV,CDEC,deer creek,temperature,mean,23.328373015873016
26,2022,deer creek,DCV,CDEC,deer creek,temperature,min,21.555555555555557
27,2022,deer creek,DCV,CDEC,deer creek,temperature,max,24.222222222222218
27,2022,deer creek,DCV,CDEC,deer creek,temperature,mean,22.024801587301585
27,2022,deer creek,DCV,CDEC,deer creek,temperature,min,20.055555555555554
28,2022,deer creek,DCV,CDEC,deer creek,temperature,max,26.38888888888889
28,2022,deer creek,DCV,CDEC,deer creek,temperature,mean,24.112103174603174
28,2022,deer creek,DCV,CDEC,deer creek,temperature,min,21.999999999999996
29,2022,deer creek,DCV,CDEC,deer creek,temperature,max,26.11111111111111
29,2022,deer creek,DCV,CDEC,deer creek,temperature,mean,24.28174603174603
29,2022,deer creek,DCV,CDEC,deer creek,temperature,min,22.944444444444443
30,2022,deer creek,DCV,CDEC,deer creek,temperature,max,27.277777777777775
30,2022,deer creek,DCV,CDEC,deer creek,temperature,mean,24.23184223184223
30,2022,deer creek,DCV,CDEC,deer creek,temperature,min,22.61111111111111
31,2022,deer creek,DCV,CDEC,deer creek,temperature,max,27.61111111111111
31,2022,deer creek,DCV,CDEC,deer creek,temperature,mean,25.44808201058201
31,2022,deer creek,DCV,CDEC,deer creek,temperature,min,22.88888888888889
32,2022,deer creek,DCV,CDEC,deer creek,temperature,max,26.999999999999996
32,2022,deer creek,DCV,CDEC,deer creek,temperature,mean,24.164021164021165
32,2022,deer creek,DCV,CDEC,deer creek,temperature,min,21.38888888888889
33,2022,deer creek,DCV,CDEC,deer creek,temperature,max,26.38888888888889
33,2022,deer creek,DCV,CDEC,deer creek,temperature,mean,23.089616402116405
33,2022,deer creek,DCV,CDEC,deer creek,temperature,min,20.833333333333332
34,2022,deer creek,DCV,CDEC,deer creek,temperature,max,26.166666666666664
34,2022,deer creek,DCV,CDEC,deer creek,temperature,mean,23.810515873015873
34,2022,deer creek,DCV,CDEC,deer creek,temperature,min,21.833333333333332
35,2022,deer creek,DCV,CDEC,deer creek,temperature,max,24.27777777777778
35,2022,deer creek,DCV,CDEC,deer creek,temperature,mean,22.447420634920636
35,2022,deer creek,DCV,CDEC,deer creek,temperature,min,20.833333333333332
36,2022,deer creek,DCV,CDEC,deer creek,temperature,max,25.611111111111107
36,2022,deer creek,DCV,CDEC,deer creek,temperature,mean,23.114087301587297
36,2022,deer creek,DCV,CDEC,deer creek,temperature,min,20.888888888888886
37,2022,deer creek,DCV,CDEC,deer creek,temperature,max,23.72222222222222
37,2022,deer creek,DCV,CDEC,deer creek,temperature,mean,20.690145502645503
37,2022,deer creek,DCV,CDEC,deer creek,temperature,min,17.88888888888889
38,2022,deer creek,DCV,CDEC,deer creek,temperature,max,19.388888888888893
38,2022,deer creek,DCV,CDEC,deer creek,temperature,mean,17.471891534391535
38,2022,deer creek,DCV,CDEC,deer creek,temperature,min,16.22222222222222
39,2022,deer creek,DCV,CDEC,deer creek,temperature,max,20.500000000000004
39,2022,deer creek,DCV,CDEC,deer creek,temperature,mean,18.458002645502642
39,2022,deer creek,DCV,CDEC,deer creek,temperature,min,16.833333333333332
40,2022,deer creek,DCV,CDEC,deer creek,temperature,max,18.88888888888889
40,2022,deer creek,DCV,CDEC,deer creek,temperature,mean,17.623059006211182
40,2022,deer creek,DCV,CDEC,deer creek,temperature,min,16.666666666666668
41,2022,deer creek,DCV,CDEC,deer creek,temperature,max,18.166666666666668
41,2022,deer creek,DCV,CDEC,deer creek,temperature,mean,16.378637566137566
41,2022,deer creek,DCV,CDEC,deer creek,temperature,min,14.722222222222221
42,2022,deer creek,DCV,CDEC,deer creek,temperature,max,16.333333333333332
42,2022,deer creek,DCV,CDEC,deer creek,temperature,mean,14.740079365079364
42,2022,deer creek,DCV,CDEC,deer creek,temperature,min,13.555555555555555
43,2022,deer creek,DCV,CDEC,deer creek,temperature,max,14.777777777777779
43,2022,deer creek,DCV,CDEC,deer creek,temperature,mean,11.408352229780801
43,2022,deer creek,DCV,CDEC,deer creek,temperature,min,9.666666666666666
44,2022,deer creek,DCV,CDEC,deer creek,temperature,max,10.944444444444446
44,2022,deer creek,DCV,CDEC,deer creek,temperature,mean,9.518849206349206
44,2022,deer creek,DCV,CDEC,deer creek,temperature,min,7.6111111111111125
45,2022,deer creek,DCV,CDEC,deer creek,temperature,max,9.888888888888888
45,2022,deer creek,DCV,CDEC,deer creek,temperature,mean,7.981812169312169
45,2022,deer creek,DCV,CDEC,deer creek,temperature,min,5.777777777777777
46,2022,deer creek,DCV,CDEC,deer creek,temperature,max,7.5
46,2022,deer creek,DCV,CDEC,deer creek,temperature,mean,6.388558201058202
46,2022,deer creek,DCV,CDEC,deer creek,temperature,min,5.333333333333334
47,2022,deer creek,DCV,CDEC,deer creek,temperature,max,7.000000000000001
47,2022,deer creek,DCV,CDEC,deer creek,temperature,mean,5.835648148148148
47,2022,deer creek,DCV,CDEC,deer creek,temperature,min,4.8888888888888875
48,2022,deer creek,DCV,CDEC,deer creek,temperature,max,7.5
48,2022,deer creek,DCV,CDEC,deer creek,temperature,mean,5.8836553945249594
48,2022,deer creek,DCV,CDEC,deer creek,temperature,min,4.444444444444445
49,2022,deer creek,DCV,CDEC,deer creek,temperature,max,7.666666666666665
49,2022,deer creek,DCV,CDEC,deer creek,temperature,mean,6.307539682539683
49,2022,deer creek,DCV,CDEC,deer creek,temperature,min,4.555555555555557
50,2022,deer creek,DCV,CDEC,deer creek,temperature,max,8.555555555555555
50,2022,deer creek,DCV,CDEC,deer creek,temperature,mean,5.458994708994709
50,2022,deer creek,DCV,CDEC,deer creek,temperature,min,3.555555555555555
51,2022,deer creek,DCV,CDEC,deer creek,temperature,max,7.722222222222222
51,2022,deer creek,DCV,CDEC,deer creek,temperature,mean,4.979497354497354
51,2022,deer creek,DCV,CDEC,deer creek,temperature,min,3.277777777777777
52,2022,deer creek,DCV,CDEC,deer creek,temperature,max,9.555555555555557
52,2022,deer creek,DCV,CDEC,deer creek,temperature,mean,7.523478835978835
52,2022,deer creek,DCV,CDEC,deer creek,temperature,min,5.999999999999998
53,2022,deer creek,DCV,CDEC,deer creek,temperature,max,8.722222222222223
53,2022,deer creek,DCV,CDEC,deer creek,temperature,mean,7.284722222222222
53,2022,deer creek,DCV,CDEC,deer creek,temperature,min,6.944444444444445
1,2023,deer creek,DCV,CDEC,deer creek,temperature,max,9.055555555555554
1,2023,deer creek,DCV,CDEC,deer creek,temperature,mean,6.810832183114791
1,2023,deer creek,DCV,CDEC,deer creek,temperature,min,5.055555555555556
2,2023,deer creek,DCV,CDEC,deer creek,temperature,max,9.611111111111109
2,2023,deer creek,DCV,CDEC,deer creek,temperature,mean,8.718239590522199
2,2023,deer creek,DCV,CDEC,deer creek,temperature,min,7.722222222222222
3,2023,deer creek,DCV,CDEC,deer creek,temperature,max,8.61111111111111
3,2023,deer creek,DCV,CDEC,deer creek,temperature,mean,6.485363469059122
3,2023,deer creek,DCV,CDEC,deer creek,temperature,min,4.500000000000001
4,2023,deer creek,DCV,CDEC,deer creek,temperature,max,6.666666666666667
4,2023,deer creek,DCV,CDEC,deer creek,temperature,mean,5.610449735449736
4,2023,deer creek,DCV,CDEC,deer creek,temperature,min,4.555555555555557
5,2023,deer creek,DCV,CDEC,deer creek,temperature,max,7.444444444444445
5,2023,deer creek,DCV,CDEC,deer creek,temperature,mean,4.693121693121692
5,2023,deer creek,DCV,CDEC,deer creek,temperature,min,2.7777777777777777
6,2023,deer creek,DCV,CDEC,deer creek,temperature,max,8
6,2023,deer creek,DCV,CDEC,deer creek,temperature,mean,6.5132275132275135
6,2023,deer creek,DCV,CDEC,deer creek,temperature,min,5.222222222222221
7,2023,deer creek,DCV,CDEC,deer creek,temperature,max,7.5
7,2023,deer creek,DCV,CDEC,deer creek,temperature,mean,5.278769841269842
7,2023,deer creek,DCV,CDEC,deer creek,temperature,min,3.3888888888888897
8,2023,deer creek,DCV,CDEC,deer creek,temperature,max,8.277777777777779
8,2023,deer creek,DCV,CDEC,deer creek,temperature,mean,5.566468253968254
8,2023,deer creek,DCV,CDEC,deer creek,temperature,min,2.999999999999999
9,2023,deer creek,DCV,CDEC,deer creek,temperature,max,6.722222222222223
9,2023,deer creek,DCV,CDEC,deer creek,temperature,mean,5.073082010582011
9,2023,deer creek,DCV,CDEC,deer creek,temperature,min,3.611111111111111
10,2023,deer creek,DCV,CDEC,deer creek,temperature,max,7.88888888888889
10,2023,deer creek,DCV,CDEC,deer creek,temperature,mean,6.305555555555556
10,2023,deer creek,DCV,CDEC,deer creek,temperature,min,5.055555555555556
11,2023,deer creek,DCV,CDEC,deer creek,temperature,max,8.499999999999998
11,2023,deer creek,DCV,CDEC,deer creek,temperature,mean,7.60527898027898
11,2023,deer creek,DCV,CDEC,deer creek,temperature,min,6.500000000000002
12,2023,deer creek,DCV,CDEC,deer creek,temperature,max,9.277777777777779
12,2023,deer creek,DCV,CDEC,deer creek,temperature,mean,7.841269841269842
12,2023,deer creek,DCV,CDEC,deer creek,temperature,min,6.0555555555555545
13,2023,deer creek,DCV,CDEC,deer creek,temperature,max,9.5
13,2023,deer creek,DCV,CDEC,deer creek,temperature,mean,7.285383597883599
13,2023,deer creek,DCV,CDEC,deer creek,temperature,min,5.7222222222222205
14,2023,deer creek,DCV,CDEC,deer creek,temperature,max,10
14,2023,deer creek,DCV,CDEC,deer creek,temperature,mean,8.08234126984127
14,2023,deer creek,DCV,CDEC,deer creek,temperature,min,5.611111111111112
15,2023,deer creek,DCV,CDEC,deer creek,temperature,max,12.277777777777779
15,2023,deer creek,DCV,CDEC,deer creek,temperature,mean,9.484126984126984
15,2023,deer creek,DCV,CDEC,deer creek,temperature,min,7.055555555555557
16,2023,deer creek,DCV,CDEC,deer creek,temperature,max,12.5
16,2023,deer creek,DCV,CDEC,deer creek,temperature,mean,9.146825396825395
16,2023,deer creek,DCV,CDEC,deer creek,temperature,min,6.722222222222223
17,2023,deer creek,DCV,CDEC,deer creek,temperature,max,12.055555555555557
17,2023,deer creek,DCV,CDEC,deer creek,temperature,mean,10.916666666666668
17,2023,deer creek,DCV,CDEC,deer creek,temperature,min,9.222222222222221
18,2023,deer creek,DCV,CDEC,deer creek,temperature,max,11.500000000000002
18,2023,deer creek,DCV,CDEC,deer creek,temperature,mean,9.686191626409016
18,2023,deer creek,DCV,CDEC,deer creek,temperature,min,8.444444444444446
19,2023,deer creek,DCV,CDEC,deer creek,temperature,max,15
19,2023,deer creek,DCV,CDEC,deer creek,temperature,mean,11.235780423280422
19,2023,deer creek,DCV,CDEC,deer creek,temperature,min,8.333333333333334
20,2023,deer creek,DCV,CDEC,deer creek,temperature,max,15.166666666666666
20,2023,deer creek,DCV,CDEC,deer creek,temperature,mean,13.62202380952381
20,2023,deer creek,DCV,CDEC,deer creek,temperature,min,12.333333333333336
21,2023,deer creek,DCV,CDEC,deer creek,temperature,max,16.61111111111111
21,2023,deer creek,DCV,CDEC,deer creek,temperature,mean,14.445827320827322
21,2023,deer creek,DCV,CDEC,deer creek,temperature,min,13.055555555555555
22,2023,deer creek,DCV,CDEC,deer creek,temperature,max,18.111111111111107
22,2023,deer creek,DCV,CDEC,deer creek,temperature,mean,15.999669312169313
22,2023,deer creek,DCV,CDEC,deer creek,temperature,min,13.333333333333334
23,2023,deer creek,DCV,CDEC,deer creek,temperature,max,19.222222222222218
23,2023,deer creek,DCV,CDEC,deer creek,temperature,mean,17.432237750172533
23,2023,deer creek,DCV,CDEC,deer creek,temperature,min,15.5
24,2023,deer creek,DCV,CDEC,deer creek,temperature,max,20.555555555555557
24,2023,deer creek,DCV,CDEC,deer creek,temperature,mean,18.648450080515293
24,2023,deer creek,DCV,CDEC,deer creek,temperature,min,16.333333333333332
25,2023,deer creek,DCV,CDEC,deer creek,temperature,max,20.555555555555557
25,2023,deer creek,DCV,CDEC,deer creek,temperature,mean,17.33399470899471
25,2023,deer creek,DCV,CDEC,deer creek,temperature,min,14.555555555555555
26,2023,deer creek,DCV,CDEC,deer creek,temperature,max,23.666666666666664
26,2023,deer creek,DCV,CDEC,deer creek,temperature,mean,20.14302967563837
26,2023,deer creek,DCV,CDEC,deer creek,temperature,min,17.166666666666668
27,2023,deer creek,DCV,CDEC,deer creek,temperature,max,24.166666666666668
27,2023,deer creek,DCV,CDEC,deer creek,temperature,mean,22.58994708994709
27,2023,deer creek,DCV,CDEC,deer creek,temperature,min,20.944444444444443
28,2023,deer creek,DCV,CDEC,deer creek,temperature,max,24.66666666666667
28,2023,deer creek,DCV,CDEC,deer creek,temperature,mean,21.995873590982285
28,2023,deer creek,DCV,CDEC,deer creek,temperature,min,20.38888888888889
29,2023,deer creek,DCV,CDEC,deer creek,temperature,max,25.944444444444443
29,2023,deer creek,DCV,CDEC,deer creek,temperature,mean,23.622543461829174
29,2023,deer creek,DCV,CDEC,deer creek,temperature,min,21.444444444444443
30,2023,deer creek,DCV,CDEC,deer creek,temperature,max,23.833333333333336
30,2023,deer creek,DCV,CDEC,deer creek,temperature,mean,22.07966701173223
30,2023,deer creek,DCV,CDEC,deer creek,temperature,min,20.166666666666668
31,2023,deer creek,DCV,CDEC,deer creek,temperature,max,23.277777777777782
31,2023,deer creek,DCV,CDEC,deer creek,temperature,mean,21.154761904761905
31,2023,deer creek,DCV,CDEC,deer creek,temperature,min,19.333333333333332
32,2023,deer creek,DCV,CDEC,deer creek,temperature,max,23.555555555555557
32,2023,deer creek,DCV,CDEC,deer creek,temperature,mean,21.895833333333336
32,2023,deer creek,DCV,CDEC,deer creek,temperature,min,20.055555555555554
33,2023,deer creek,DCV,CDEC,deer creek,temperature,max,25.666666666666668
33,2023,deer creek,DCV,CDEC,deer creek,temperature,mean,23.492063492063497
33,2023,deer creek,DCV,CDEC,deer creek,temperature,min,21.22222222222222
34,2023,deer creek,DCV,CDEC,deer creek,temperature,max,23.166666666666668
34,2023,deer creek,DCV,CDEC,deer creek,temperature,mean,20.86574074074074
34,2023,deer creek,DCV,CDEC,deer creek,temperature,min,19.166666666666668
35,2023,deer creek,DCV,CDEC,deer creek,temperature,max,21.166666666666664
35,2023,deer creek,DCV,CDEC,deer creek,temperature,mean,19.377976190476193
35,2023,deer creek,DCV,CDEC,deer creek,temperature,min,17.83333333333333
36,2023,deer creek,DCV,CDEC,deer creek,temperature,max,20.27777777777778
36,2023,deer creek,DCV,CDEC,deer creek,temperature,mean,18.843584656084655
36,2023,deer creek,DCV,CDEC,deer creek,temperature,min,17.38888888888889
37,2023,deer creek,DCV,CDEC,deer creek,temperature,max,20
37,2023,deer creek,DCV,CDEC,deer creek,temperature,mean,18.60350529100529
37,2023,deer creek,DCV,CDEC,deer creek,temperature,min,17.22222222222222
38,2023,deer creek,DCV,CDEC,deer creek,temperature,max,20.222222222222225
38,2023,deer creek,DCV,CDEC,deer creek,temperature,mean,18.139790764790764
38,2023,deer creek,DCV,CDEC,deer creek,temperature,min,15
39,2023,deer creek,DCV,CDEC,deer creek,temperature,max,17.555555555555557
39,2023,deer creek,DCV,CDEC,deer creek,temperature,mean,15.587962962962962
39,2023,deer creek,DCV,CDEC,deer creek,temperature,min,14.444444444444445
40,2023,deer creek,DCV,CDEC,deer creek,temperature,max,17.555555555555557
40,2023,deer creek,DCV,CDEC,deer creek,temperature,mean,15.172619047619047
40,2023,deer creek,DCV,CDEC,deer creek,temperature,min,13
41,2023,deer creek,DCV,CDEC,deer creek,temperature,max,17.27777777777778
41,2023,deer creek,DCV,CDEC,deer creek,temperature,mean,14.238756613756612
41,2023,deer creek,DCV,CDEC,deer creek,temperature,min,12.055555555555557
42,2023,deer creek,DCV,CDEC,deer creek,temperature,max,14.777777777777779
42,2023,deer creek,DCV,CDEC,deer creek,temperature,mean,13.668650793650794
42,2023,deer creek,DCV,CDEC,deer creek,temperature,min,12.555555555555555
43,2023,deer creek,DCV,CDEC,deer creek,temperature,max,14.11111111111111
43,2023,deer creek,DCV,CDEC,deer creek,temperature,mean,11.724056036556037
43,2023,deer creek,DCV,CDEC,deer creek,temperature,min,7.88888888888889
44,2023,deer creek,DCV,CDEC,deer creek,temperature,max,11.38888888888889
44,2023,deer creek,DCV,CDEC,deer creek,temperature,mean,8.703042328042327
44,2023,deer creek,DCV,CDEC,deer creek,temperature,min,7.222222222222222
45,2023,deer creek,DCV,CDEC,deer creek,temperature,max,12.944444444444443
45,2023,deer creek,DCV,CDEC,deer creek,temperature,mean,10.053240740740742
45,2023,deer creek,DCV,CDEC,deer creek,temperature,min,8.055555555555555
46,2023,deer creek,DCV,CDEC,deer creek,temperature,max,10.666666666666668
46,2023,deer creek,DCV,CDEC,deer creek,temperature,mean,9.05787037037037
46,2023,deer creek,DCV,CDEC,deer creek,temperature,min,7.833333333333333
47,2023,deer creek,DCV,CDEC,deer creek,temperature,max,10.277777777777779
47,2023,deer creek,DCV,CDEC,deer creek,temperature,mean,7.194885361552028
47,2023,deer creek,DCV,CDEC,deer creek,temperature,min,5.38888888888889
48,2023,deer creek,DCV,CDEC,deer creek,temperature,max,7.6111111111111125
48,2023,deer creek,DCV,CDEC,deer creek,temperature,mean,5.2385121923165405
48,2023,deer creek,DCV,CDEC,deer creek,temperature,min,4.055555555555554
49,2023,deer creek,DCV,CDEC,deer creek,temperature,max,9.000000000000002
49,2023,deer creek,DCV,CDEC,deer creek,temperature,mean,7.381645470931185
49,2023,deer creek,DCV,CDEC,deer creek,temperature,min,4.722222222222222
50,2023,deer creek,DCV,CDEC,deer creek,temperature,max,6.388888888888889
50,2023,deer creek,DCV,CDEC,deer creek,temperature,mean,5.431216931216931
50,2023,deer creek,DCV,CDEC,deer creek,temperature,min,4.166666666666667
51,2023,deer creek,DCV,CDEC,deer creek,temperature,max,10.833333333333334
51,2023,deer creek,DCV,CDEC,deer creek,temperature,mean,8.226190476190476
51,2023,deer creek,DCV,CDEC,deer creek,temperature,min,5.666666666666668
52,2023,deer creek,DCV,CDEC,deer creek,temperature,max,10.5
52,2023,deer creek,DCV,CDEC,deer creek,temperature,mean,8.130291005291005
52,2023,deer creek,DCV,CDEC,deer creek,temperature,min,5.888888888888889
53,2023,deer creek,DCV,CDEC,deer creek,temperature,max,9.722222222222221
53,2023,deer creek,DCV,CDEC,deer creek,temperature,mean,9.25462962962963
53,2023,deer creek,DCV,CDEC,deer creek,temperature,min,9.055555555555554
1,2024,deer creek,DCV,CDEC,deer creek,temperature,max,8.944444444444445
1,2024,deer creek,DCV,CDEC,deer creek,temperature,mean,6.720634920634922
1,2024,deer creek,DCV,CDEC,deer creek,temperature,min,4.222222222222223
2,2024,deer creek,DCV,CDEC,deer creek,temperature,max,7.333333333333335
2,2024,deer creek,DCV,CDEC,deer creek,temperature,mean,5.176917989417989
2,2024,deer creek,DCV,CDEC,deer creek,temperature,min,3.7222222222222237
3,2024,deer creek,DCV,CDEC,deer creek,temperature,max,9.944444444444445
3,2024,deer creek,DCV,CDEC,deer creek,temperature,mean,7.770833333333335
3,2024,deer creek,DCV,CDEC,deer creek,temperature,min,5.944444444444446
4,2024,deer creek,DCV,CDEC,deer creek,temperature,max,10.222222222222221
4,2024,deer creek,DCV,CDEC,deer creek,temperature,mean,9.082815734989648
4,2024,deer creek,DCV,CDEC,deer creek,temperature,min,8.166666666666668
5,2024,deer creek,DCV,CDEC,deer creek,temperature,max,10
5,2024,deer creek,DCV,CDEC,deer creek,temperature,mean,8.937500000000002
5,2024,deer creek,DCV,CDEC,deer creek,temperature,min,7.166666666666667
6,2024,deer creek,DCV,CDEC,deer creek,temperature,max,9.38888888888889
6,2024,deer creek,DCV,CDEC,deer creek,temperature,mean,7.326719576719577
6,2024,deer creek,DCV,CDEC,deer creek,temperature,min,5.999999999999998
7,2024,deer creek,DCV,CDEC,deer creek,temperature,max,10.055555555555555
7,2024,deer creek,DCV,CDEC,deer creek,temperature,mean,8.067460317460318
7,2024,deer creek,DCV,CDEC,deer creek,temperature,min,6.166666666666668
8,2024,deer creek,DCV,CDEC,deer creek,temperature,max,9.888888888888888
8,2024,deer creek,DCV,CDEC,deer creek,temperature,mean,8.650462962962964
8,2024,deer creek,DCV,CDEC,deer creek,temperature,min,7.5
9,2024,deer creek,DCV,CDEC,deer creek,temperature,max,9.333333333333332
9,2024,deer creek,DCV,CDEC,deer creek,temperature,mean,7.640254773406947
9,2024,deer creek,DCV,CDEC,deer creek,temperature,min,5.444444444444443
10,2024,deer creek,DCV,CDEC,deer creek,temperature,max,8.777777777777777
10,2024,deer creek,DCV,CDEC,deer creek,temperature,mean,7.6662457912457915
10,2024,deer creek,DCV,CDEC,deer creek,temperature,min,5.38888888888889
11,2024,deer creek,DCV,CDEC,deer creek,temperature,max,10.5
11,2024,deer creek,DCV,CDEC,deer creek,temperature,mean,8.635912698412698
11,2024,deer creek,DCV,CDEC,deer creek,temperature,min,7.000000000000001
12,2024,deer creek,DCV,CDEC,deer creek,temperature,max,11.61111111111111
12,2024,deer creek,DCV,CDEC,deer creek,temperature,mean,9.944113756613756
12,2024,deer creek,DCV,CDEC,deer creek,temperature,min,7.833333333333333
13,2024,deer creek,DCV,CDEC,deer creek,temperature,max,10.722222222222221
13,2024,deer creek,DCV,CDEC,deer creek,temperature,mean,8.831679894179894
13,2024,deer creek,DCV,CDEC,deer creek,temperature,min,7.6111111111111125
14,2024,deer creek,DCV,CDEC,deer creek,temperature,max,12.222222222222221
14,2024,deer creek,DCV,CDEC,deer creek,temperature,mean,9.279100529100528
14,2024,deer creek,DCV,CDEC,deer creek,temperature,min,6.944444444444445
15,2024,deer creek,DCV,CDEC,deer creek,temperature,max,14.166666666666666
15,2024,deer creek,DCV,CDEC,deer creek,temperature,mean,10.80787037037037
15,2024,deer creek,DCV,CDEC,deer creek,temperature,min,7.222222222222222
16,2024,deer creek,DCV,CDEC,deer creek,temperature,max,14.833333333333334
16,2024,deer creek,DCV,CDEC,deer creek,temperature,mean,12.203042328042327
16,2024,deer creek,DCV,CDEC,deer creek,temperature,min,7.944444444444443
17,2024,deer creek,DCV,CDEC,deer creek,temperature,max,14.777777777777779
17,2024,deer creek,DCV,CDEC,deer creek,temperature,mean,12.465277777777777
17,2024,deer creek,DCV,CDEC,deer creek,temperature,min,9.611111111111109
18,2024,deer creek,DCV,CDEC,deer creek,temperature,max,14.11111111111111
18,2024,deer creek,DCV,CDEC,deer creek,temperature,mean,11.6114417989418
18,2024,deer creek,DCV,CDEC,deer creek,temperature,min,8.11111111111111
19,2024,deer creek,DCV,CDEC,deer creek,temperature,max,16.833333333333332
19,2024,deer creek,DCV,CDEC,deer creek,temperature,mean,12.864117364117364
19,2024,deer creek,DCV,CDEC,deer creek,temperature,min,8.499999999999998
20,2024,deer creek,DCV,CDEC,deer creek,temperature,max,18.444444444444443
20,2024,deer creek,DCV,CDEC,deer creek,temperature,mean,16.447751322751323
20,2024,deer creek,DCV,CDEC,deer creek,temperature,min,14.222222222222221
21,2024,deer creek,DCV,CDEC,deer creek,temperature,max,17.333333333333332
21,2024,deer creek,DCV,CDEC,deer creek,temperature,mean,15.487103174603176
21,2024,deer creek,DCV,CDEC,deer creek,temperature,min,13.666666666666666
22,2024,deer creek,DCV,CDEC,deer creek,temperature,max,20.444444444444443
22,2024,deer creek,DCV,CDEC,deer creek,temperature,mean,18.254298941798943
22,2024,deer creek,DCV,CDEC,deer creek,temperature,min,15.666666666666666
23,2024,deer creek,DCV,CDEC,deer creek,temperature,max,23.666666666666664
23,2024,deer creek,DCV,CDEC,deer creek,temperature,mean,21.008928571428573
23,2024,deer creek,DCV,CDEC,deer creek,temperature,min,17.555555555555557
24,2024,deer creek,DCV,CDEC,deer creek,temperature,max,24.111111111111114
24,2024,deer creek,DCV,CDEC,deer creek,temperature,mean,21.90740740740741
24,2024,deer creek,DCV,CDEC,deer creek,temperature,min,18.444444444444443
25,2024,deer creek,DCV,CDEC,deer creek,temperature,max,23.5
25,2024,deer creek,DCV,CDEC,deer creek,temperature,mean,19.733796296296298
25,2024,deer creek,DCV,CDEC,deer creek,temperature,min,16.944444444444443
26,2024,deer creek,DCV,CDEC,deer creek,temperature,max,23.333333333333332
26,2024,deer creek,DCV,CDEC,deer creek,temperature,mean,21.238425925925924
26,2024,deer creek,DCV,CDEC,deer creek,temperature,min,18.944444444444443
27,2024,deer creek,DCV,CDEC,deer creek,temperature,max,26.38888888888889
27,2024,deer creek,DCV,CDEC,deer creek,temperature,mean,23.684854497354497
27,2024,deer creek,DCV,CDEC,deer creek,temperature,min,21.055555555555557
28,2024,deer creek,DCV,CDEC,deer creek,temperature,max,26.944444444444443
28,2024,deer creek,DCV,CDEC,deer creek,temperature,mean,25.055886243386244
28,2024,deer creek,DCV,CDEC,deer creek,temperature,min,23.22222222222222
29,2024,deer creek,DCV,CDEC,deer creek,temperature,max,25.777777777777782
29,2024,deer creek,DCV,CDEC,deer creek,temperature,mean,23.88888888888889
29,2024,deer creek,DCV,CDEC,deer creek,temperature,min,21.833333333333332
30,2024,deer creek,DCV,CDEC,deer creek,temperature,max,26.833333333333332
30,2024,deer creek,DCV,CDEC,deer creek,temperature,mean,23.83685587761675
30,2024,deer creek,DCV,CDEC,deer creek,temperature,min,19.444444444444443
31,2024,deer creek,DCV,CDEC,deer creek,temperature,max,24.055555555555557
31,2024,deer creek,DCV,CDEC,deer creek,temperature,mean,21.792989417989418
31,2024,deer creek,DCV,CDEC,deer creek,temperature,min,19.66666666666667
32,2024,deer creek,DCV,CDEC,deer creek,temperature,max,24.444444444444443
32,2024,deer creek,DCV,CDEC,deer creek,temperature,mean,22.87665343915344
32,2024,deer creek,DCV,CDEC,deer creek,temperature,min,21.555555555555557
33,2024,deer creek,DCV,CDEC,deer creek,temperature,max,23.88888888888889
33,2024,deer creek,DCV,CDEC,deer creek,temperature,mean,22.208002645502642
33,2024,deer creek,DCV,CDEC,deer creek,temperature,min,20.611111111111107
34,2024,deer creek,DCV,CDEC,deer creek,temperature,max,22.11111111111111
34,2024,deer creek,DCV,CDEC,deer creek,temperature,mean,20.11309523809524
34,2024,deer creek,DCV,CDEC,deer creek,temperature,min,17.166666666666668
35,2024,deer creek,DCV,CDEC,deer creek,temperature,max,22.88888888888889
35,2024,deer creek,DCV,CDEC,deer creek,temperature,mean,20.862534506556244
35,2024,deer creek,DCV,CDEC,deer creek,temperature,min,17.72222222222222
36,2024,deer creek,DCV,CDEC,deer creek,temperature,max,22.83333333333333
36,2024,deer creek,DCV,CDEC,deer creek,temperature,mean,21.136904761904763
36,2024,deer creek,DCV,CDEC,deer creek,temperature,min,19.27777777777778
37,2024,deer creek,DCV,CDEC,deer creek,temperature,max,21.77777777777778
37,2024,deer creek,DCV,CDEC,deer creek,temperature,mean,19.63723544973545
37,2024,deer creek,DCV,CDEC,deer creek,temperature,min,17.88888888888889
38,2024,deer creek,DCV,CDEC,deer creek,temperature,max,19.72222222222222
38,2024,deer creek,DCV,CDEC,deer creek,temperature,mean,18.06544743501265
38,2024,deer creek,DCV,CDEC,deer creek,temperature,min,16.666666666666668
39,2024,deer creek,DCV,CDEC,deer creek,temperature,max,19.88888888888889
39,2024,deer creek,DCV,CDEC,deer creek,temperature,mean,18.34424603174603
39,2024,deer creek,DCV,CDEC,deer creek,temperature,min,16.944444444444443
40,2024,deer creek,DCV,CDEC,deer creek,temperature,max,19.166666666666668
40,2024,deer creek,DCV,CDEC,deer creek,temperature,mean,17.677248677248677
40,2024,deer creek,DCV,CDEC,deer creek,temperature,min,16.333333333333332
41,2024,deer creek,DCV,CDEC,deer creek,temperature,max,18.555555555555557
41,2024,deer creek,DCV,CDEC,deer creek,temperature,mean,16.603174603174605
41,2024,deer creek,DCV,CDEC,deer creek,temperature,min,14.944444444444445
42,2024,deer creek,DCV,CDEC,deer creek,temperature,max,16.88888888888889
42,2024,deer creek,DCV,CDEC,deer creek,temperature,mean,14.644841269841269
42,2024,deer creek,DCV,CDEC,deer creek,temperature,min,11.944444444444445
43,2024,deer creek,DCV,CDEC,deer creek,temperature,max,13.777777777777777
43,2024,deer creek,DCV,CDEC,deer creek,temperature,mean,12.437499999999998
43,2024,deer creek,DCV,CDEC,deer creek,temperature,min,11.333333333333334
44,2024,deer creek,DCV,CDEC,deer creek,temperature,max,13.055555555555555
44,2024,deer creek,DCV,CDEC,deer creek,temperature,mean,10.946759259259258
44,2024,deer creek,DCV,CDEC,deer creek,temperature,min,9.833333333333336
45,2024,deer creek,DCV,CDEC,deer creek,temperature,max,10.277777777777779
45,2024,deer creek,DCV,CDEC,deer creek,temperature,mean,9.200396825396824
45,2024,deer creek,DCV,CDEC,deer creek,temperature,min,8.055555555555555
46,2024,deer creek,DCV,CDEC,deer creek,temperature,max,10.222222222222221
46,2024,deer creek,DCV,CDEC,deer creek,temperature,mean,8.90839947089947
46,2024,deer creek,DCV,CDEC,deer creek,temperature,min,7.3888888888888875
47,2024,deer creek,DCV,CDEC,deer creek,temperature,max,10.944444444444446
47,2024,deer creek,DCV,CDEC,deer creek,temperature,mean,8.443121693121693
47,2024,deer creek,DCV,CDEC,deer creek,temperature,min,6.722222222222223
48,2024,deer creek,DCV,CDEC,deer creek,temperature,max,9.38888888888889
48,2024,deer creek,DCV,CDEC,deer creek,temperature,mean,7.1501322751322745
48,2024,deer creek,DCV,CDEC,deer creek,temperature,min,5.38888888888889
49,2024,deer creek,DCV,CDEC,deer creek,temperature,max,8.055555555555555
49,2024,deer creek,DCV,CDEC,deer creek,temperature,mean,7.220568783068784
49,2024,deer creek,DCV,CDEC,deer creek,temperature,min,5.944444444444446
50,2024,deer creek,DCV,CDEC,deer creek,temperature,max,8.61111111111111
50,2024,deer creek,DCV,CDEC,deer creek,temperature,mean,6.933531746031746
50,2024,deer creek,DCV,CDEC,deer creek,temperature,min,5.1111111111111125
51,2024,deer creek,DCV,CDEC,deer creek,temperature,max,9.944444444444445
51,2024,deer creek,DCV,CDEC,deer creek,temperature,mean,8.689786059351277
51,2024,deer creek,DCV,CDEC,deer creek,temperature,min,8.11111111111111
52,2024,deer creek,DCV,CDEC,deer creek,temperature,max,12.111111111111109
52,2024,deer creek,DCV,CDEC,deer creek,temperature,mean,9.412324591672418
52,2024,deer creek,DCV,CDEC,deer creek,temperature,min,7.444444444444445
53,2024,deer creek,DCV,CDEC,deer creek,temperature,max,8.11111111111111
53,2024,deer creek,DCV,CDEC,deer creek,temperature,mean,7.190972222222222
53,2024,deer creek,DCV,CDEC,deer creek,temperature,min,6.555555555555554
1,2025,deer creek,DCV,CDEC,deer creek,temperature,max,9.666666666666666
1,2025,deer creek,DCV,CDEC,deer creek,temperature,mean,8.298941798941799
1,2025,deer creek,DCV,CDEC,deer creek,temperature,min,7.5
2,2025,deer creek,DCV,CDEC,deer creek,temperature,max,7.88888888888889
2,2025,deer creek,DCV,CDEC,deer creek,temperature,mean,6.833333333333333
2,2025,deer creek,DCV,CDEC,deer creek,temperature,min,5.611111111111112
3,2025,deer creek,DCV,CDEC,deer creek,temperature,max,7.055555555555557
3,2025,deer creek,DCV,CDEC,deer creek,temperature,mean,5.916261214630779
3,2025,deer creek,DCV,CDEC,deer creek,temperature,min,4.61111111111111
4,2025,deer creek,DCV,CDEC,deer creek,temperature,max,6.888888888888888
4,2025,deer creek,DCV,CDEC,deer creek,temperature,mean,5.406702898550725
4,2025,deer creek,DCV,CDEC,deer creek,temperature,min,4.333333333333332
5,2025,deer creek,DCV,CDEC,deer creek,temperature,max,9.722222222222221
5,2025,deer creek,DCV,CDEC,deer creek,temperature,mean,7.065806878306877
5,2025,deer creek,DCV,CDEC,deer creek,temperature,min,4.333333333333332
6,2025,deer creek,DCV,CDEC,deer creek,temperature,max,8.11111111111111
6,2025,deer creek,DCV,CDEC,deer creek,temperature,mean,6.641721302047388
6,2025,deer creek,DCV,CDEC,deer creek,temperature,min,5.555555555555555
7,2025,deer creek,DCV,CDEC,deer creek,temperature,max,8.88888888888889
7,2025,deer creek,DCV,CDEC,deer creek,temperature,mean,7.575396825396827
7,2025,deer creek,DCV,CDEC,deer creek,temperature,min,5.055555555555556
8,2025,deer creek,DCV,CDEC,deer creek,temperature,max,10.388888888888891
8,2025,deer creek,DCV,CDEC,deer creek,temperature,mean,8.98429664136186
8,2025,deer creek,DCV,CDEC,deer creek,temperature,min,7.3888888888888875
9,2025,deer creek,DCV,CDEC,deer creek,temperature,max,10.444444444444443
9,2025,deer creek,DCV,CDEC,deer creek,temperature,mean,9.224867724867725
9,2025,deer creek,DCV,CDEC,deer creek,temperature,min,7.833333333333333
10,2025,deer creek,DCV,CDEC,deer creek,temperature,max,10
10,2025,deer creek,DCV,CDEC,deer creek,temperature,mean,8.660188844971454
10,2025,deer creek,DCV,CDEC,deer creek,temperature,min,6.888888888888888
11,2025,deer creek,DCV,CDEC,deer creek,temperature,max,9.944444444444445
11,2025,deer creek,DCV,CDEC,deer creek,temperature,mean,8.061507936507937
11,2025,deer creek,DCV,CDEC,deer creek,temperature,min,6.4444444444444455
12,2025,deer creek,DCV,CDEC,deer creek,temperature,max,13.61111111111111
12,2025,deer creek,DCV,CDEC,deer creek,temperature,mean,10.09234817115252
12,2025,deer creek,DCV,CDEC,deer creek,temperature,min,7.222222222222222
13,2025,deer creek,DCV,CDEC,deer creek,temperature,max,13.333333333333334
13,2025,deer creek,DCV,CDEC,deer creek,temperature,mean,10.079506802721088
13,2025,deer creek,DCV,CDEC,deer creek,temperature,min,6.944444444444445
14,2025,deer creek,DCV,CDEC,deer creek,temperature,max,12.666666666666664
14,2025,deer creek,DCV,CDEC,deer creek,temperature,mean,10.010251322751321
14,2025,deer creek,DCV,CDEC,deer creek,temperature,min,6.333333333333332
15,2025,deer creek,DCV,CDEC,deer creek,temperature,max,14.833333333333334
15,2025,deer creek,DCV,CDEC,deer creek,temperature,mean,12.91137566137566
15,2025,deer creek,DCV,CDEC,deer creek,temperature,min,10.944444444444446
16,2025,deer creek,DCV,CDEC,deer creek,temperature,max,15.555555555555555
16,2025,deer creek,DCV,CDEC,deer creek,temperature,mean,13.730820105820104
16,2025,deer creek,DCV,CDEC,deer creek,temperature,min,11.11111111111111
17,2025,deer creek,DCV,CDEC,deer creek,temperature,max,15.222222222222221
17,2025,deer creek,DCV,CDEC,deer creek,temperature,mean,12.57694345854284
17,2025,deer creek,DCV,CDEC,deer creek,temperature,min,9.888888888888888
18,2025,deer creek,DCV,CDEC,deer creek,temperature,max,17.055555555555557
18,2025,deer creek,DCV,CDEC,deer creek,temperature,mean,15.274470899470899
18,2025,deer creek,DCV,CDEC,deer creek,temperature,min,13.166666666666668
19,2025,deer creek,DCV,CDEC,deer creek,temperature,max,18.277777777777782
19,2025,deer creek,DCV,CDEC,deer creek,temperature,mean,15.786044973544973
19,2025,deer creek,DCV,CDEC,deer creek,temperature,min,12.166666666666666
20,2025,deer creek,DCV,CDEC,deer creek,temperature,max,18.166666666666668
20,2025,deer creek,DCV,CDEC,deer creek,temperature,mean,15.854497354497354
20,2025,deer creek,DCV,CDEC,deer creek,temperature,min,11.666666666666666
21,2025,deer creek,DCV,CDEC,deer creek,temperature,max,20.222222222222225
21,2025,deer creek,DCV,CDEC,deer creek,temperature,mean,18.14054232804233
21,2025,deer creek,DCV,CDEC,deer creek,temperature,min,15.666666666666666
22,2025,deer creek,DCV,CDEC,deer creek,temperature,max,23.388888888888886
22,2025,deer creek,DCV,CDEC,deer creek,temperature,mean,21.303240740740737
22,2025,deer creek,DCV,CDEC,deer creek,temperature,min,18.388888888888886
23,2025,deer creek,DCV,CDEC,deer creek,temperature,max,24.72222222222222
23,2025,deer creek,DCV,CDEC,deer creek,temperature,mean,22.354497354497358
23,2025,deer creek,DCV,CDEC,deer creek,temperature,min,19.833333333333332
24,2025,deer creek,DCV,CDEC,deer creek,temperature,max,24.055555555555557
24,2025,deer creek,DCV,CDEC,deer creek,temperature,mean,21.35449735449735
24,2025,deer creek,DCV,CDEC,deer creek,temperature,min,18.88888888888889
25,2025,deer creek,DCV,CDEC,deer creek,temperature,max,23.444444444444443
25,2025,deer creek,DCV,CDEC,deer creek,temperature,mean,20.415099493903842
25,2025,deer creek,DCV,CDEC,deer creek,temperature,min,17.38888888888889
26,2025,deer creek,DCV,CDEC,deer creek,temperature,max,25.444444444444443
26,2025,deer creek,DCV,CDEC,deer creek,temperature,mean,22.88227513227513
26,2025,deer creek,DCV,CDEC,deer creek,temperature,min,19.833333333333332
27,2025,deer creek,DCV,CDEC,deer creek,temperature,max,25.33333333333333
27,2025,deer creek,DCV,CDEC,deer creek,temperature,mean,22.811177248677247
27,2025,deer creek,DCV,CDEC,deer creek,temperature,min,20.33333333333333
28,2025,deer creek,DCV,CDEC,deer creek,temperature,max,26.5
28,2025,deer creek,DCV,CDEC,deer creek,temperature,mean,24.01388888888889
28,2025,deer creek,DCV,CDEC,deer creek,temperature,min,20.944444444444443
29,2025,deer creek,DCV,CDEC,deer creek,temperature,max,25.222222222222225
29,2025,deer creek,DCV,CDEC,deer creek,temperature,mean,23.172590292155512
29,2025,deer creek,DCV,CDEC,deer creek,temperature,min,20.500000000000004
30,2025,deer creek,DCV,CDEC,deer creek,temperature,max,24.72222222222222
30,2025,deer creek,DCV,CDEC,deer creek,temperature,mean,22.081883889919602
30,2025,deer creek,DCV,CDEC,deer creek,temperature,min,9.888888888888888
31,2025,deer creek,DCV,CDEC,deer creek,temperature,max,24.66666666666667
31,2025,deer creek,DCV,CDEC,deer creek,temperature,mean,23.037004905425956
31,2025,deer creek,DCV,CDEC,deer creek,temperature,min,21.166666666666664
32,2025,deer creek,DCV,CDEC,deer creek,temperature,max,25.611111111111107
32,2025,deer creek,DCV,CDEC,deer creek,temperature,mean,23.18121693121693
32,2025,deer creek,DCV,CDEC,deer creek,temperature,min,20.72222222222222
33,2025,deer creek,DCV,CDEC,deer creek,temperature,max,25.666666666666668
33,2025,deer creek,DCV,CDEC,deer creek,temperature,mean,13.293469891057612
33,2025,deer creek,DCV,CDEC,deer creek,temperature,min,5.333333333333334
34,2025,deer creek,DCV,CDEC,deer creek,temperature,max,25.055555555555554
34,2025,deer creek,DCV,CDEC,deer creek,temperature,mean,22.819775132275133
34,2025,deer creek,DCV,CDEC,deer creek,temperature,min,20.11111111111111
35,2025,deer creek,DCV,CDEC,deer creek,temperature,max,24.72222222222222
35,2025,deer creek,DCV,CDEC,deer creek,temperature,mean,22.17906027145158
35,2025,deer creek,DCV,CDEC,deer creek,temperature,min,20.33333333333333
36,2025,deer creek,DCV,CDEC,deer creek,temperature,max,23.166666666666668
36,2025,deer creek,DCV,CDEC,deer creek,temperature,mean,20.927910052910054
36,2025,deer creek,DCV,CDEC,deer creek,temperature,min,18.666666666666664
37,2025,deer creek,DCV,CDEC,deer creek,temperature,max,21.166666666666664
37,2025,deer creek,DCV,CDEC,deer creek,temperature,mean,19.41137566137566
37,2025,deer creek,DCV,CDEC,deer creek,temperature,min,16.444444444444443
38,2025,deer creek,DCV,CDEC,deer creek,temperature,max,21.444444444444443
38,2025,deer creek,DCV,CDEC,deer creek,temperature,mean,19.73313492063492
38,2025,deer creek,DCV,CDEC,deer creek,temperature,min,18.61111111111111
39,2025,deer creek,DCV,CDEC,deer creek,temperature,max,20.500000000000004
39,2025,deer creek,DCV,CDEC,deer creek,temperature,mean,18.599625220458556
39,2025,deer creek,DCV,CDEC,deer creek,temperature,min,16.88888888888889
40,2025,deer creek,DCV,CDEC,deer creek,temperature,max,17.11111111111111
40,2025,deer creek,DCV,CDEC,deer creek,temperature,mean,15.903108465608467
40,2025,deer creek,DCV,CDEC,deer creek,temperature,min,14.61111111111111
41,2025,deer creek,DCV,CDEC,deer creek,temperature,max,16.833333333333332
41,2025,deer creek,DCV,CDEC,deer creek,temperature,mean,14.52248677248677
41,2025,deer creek,DCV,CDEC,deer creek,temperature,min,12.222222222222221
42,2025,deer creek,DCV,CDEC,deer creek,temperature,max,14.38888888888889
42,2025,deer creek,DCV,CDEC,deer creek,temperature,mean,13.085978835978837
42,2025,deer creek,DCV,CDEC,deer creek,temperature,min,11.500000000000002
43,2025,deer creek,DCV,CDEC,deer creek,temperature,max,14.000000000000002
43,2025,deer creek,DCV,CDEC,deer creek,temperature,mean,13.004298941798941
43,2025,deer creek,DCV,CDEC,deer creek,temperature,min,11.555555555555554
44,2025,deer creek,DCV,CDEC,deer creek,temperature,max,13.555555555555555
44,2025,deer creek,DCV,CDEC,deer creek,temperature,mean,12.68390556705774
44,2025,deer creek,DCV,CDEC,deer creek,temperature,min,12
45,2025,deer creek,DCV,CDEC,deer creek,temperature,max,13.555555555555555
45,2025,deer creek,DCV,CDEC,deer creek,temperature,mean,12.711309523809522
45,2025,deer creek,DCV,CDEC,deer creek,temperature,min,11.944444444444445
46,2025,deer creek,DCV,CDEC,deer creek,temperature,max,13.38888888888889
46,2025,deer creek,DCV,CDEC,deer creek,temperature,mean,12.057208994708995
46,2025,deer creek,DCV,CDEC,deer creek,temperature,min,10.61111111111111
47,2025,deer creek,DCV,CDEC,deer creek,temperature,max,11.38888888888889
47,2025,deer creek,DCV,CDEC,deer creek,temperature,mean,9.628968253968255
47,2025,deer creek,DCV,CDEC,deer creek,temperature,min,7.777777777777778
48,2025,deer creek,DCV,CDEC,deer creek,temperature,max,8.333333333333334
48,2025,deer creek,DCV,CDEC,deer creek,temperature,mean,7.542658730158729
48,2025,deer creek,DCV,CDEC,deer creek,temperature,min,6.833333333333332
49,2025,deer creek,DCV,CDEC,deer creek,temperature,max,8.166666666666668
49,2025,deer creek,DCV,CDEC,deer creek,temperature,mean,7.448743386243387
49,2025,deer creek,DCV,CDEC,deer creek,temperature,min,6.611111111111111
50,2025,deer creek,DCV,CDEC,deer creek,temperature,max,8.833333333333334
50,2025,deer creek,DCV,CDEC,deer creek,temperature,mean,7.338293650793651
50,2025,deer creek,DCV,CDEC,deer creek,temperature,min,6.666666666666667
51,2025,deer creek,DCV,CDEC,deer creek,temperature,max,12.055555555555557
51,2025,deer creek,DCV,CDEC,deer creek,temperature,mean,11.121362433862434
51,2025,deer creek,DCV,CDEC,deer creek,temperature,min,8.88888888888889
52,2025,deer creek,DCV,CDEC,deer creek,temperature,max,11.944444444444445
52,2025,deer creek,DCV,CDEC,deer creek,temperature,mean,9.493961352657006
52,2025,deer creek,DCV,CDEC,deer creek,temperature,min,8.277777777777779
53,2025,deer creek,DCV,CDEC,deer creek,temperature,max,9.444444444444445
53,2025,deer creek,DCV,CDEC,deer creek,temperature,mean,8.997685185185185
53,2025,deer creek,DCV,CDEC,deer creek,temperature,min,8.722222222222223
1,2026,deer creek,DCV,CDEC,deer creek,temperature,max,10.833333333333334
1,2026,deer creek,DCV,CDEC,deer creek,temperature,mean,9.969246031746033
1,2026,deer creek,DCV,CDEC,deer creek,temperature,min,9.11111111111111
2,2026,deer creek,DCV,CDEC,deer creek,temperature,max,9.555555555555557
2,2026,deer creek,DCV,CDEC,deer creek,temperature,mean,7.6093714055670585
2,2026,deer creek,DCV,CDEC,deer creek,temperature,min,6.666666666666667
3,2026,deer creek,DCV,CDEC,deer creek,temperature,max,8.944444444444445
3,2026,deer creek,DCV,CDEC,deer creek,temperature,mean,8.422318422318423
3,2026,deer creek,DCV,CDEC,deer creek,temperature,min,7.5
4,2026,deer creek,DCV,CDEC,deer creek,temperature,max,9.277777777777779
4,2026,deer creek,DCV,CDEC,deer creek,temperature,mean,7.524801587301588
4,2026,deer creek,DCV,CDEC,deer creek,temperature,min,6.222222222222224
5,2026,deer creek,DCV,CDEC,deer creek,temperature,max,9.055555555555554
5,2026,deer creek,DCV,CDEC,deer creek,temperature,mean,8.53915343915344
5,2026,deer creek,DCV,CDEC,deer creek,temperature,min,7.944444444444443
6,2026,deer creek,DCV,CDEC,deer creek,temperature,max,10.055555555555555
6,2026,deer creek,DCV,CDEC,deer creek,temperature,mean,9.387465493443754
6,2026,deer creek,DCV,CDEC,deer creek,temperature,min,8.61111111111111
7,2026,deer creek,DCV,CDEC,deer creek,temperature,max,10.111111111111112
7,2026,deer creek,DCV,CDEC,deer creek,temperature,mean,8.805886243386242
7,2026,deer creek,DCV,CDEC,deer creek,temperature,min,5.833333333333333
8,2026,deer creek,DCV,CDEC,deer creek,temperature,max,9.888888888888888
8,2026,deer creek,DCV,CDEC,deer creek,temperature,mean,7.649643432252127
8,2026,deer creek,DCV,CDEC,deer creek,temperature,min,5.166666666666665
9,2026,deer creek,DCV,CDEC,deer creek,temperature,max,11.777777777777779
9,2026,deer creek,DCV,CDEC,deer creek,temperature,mean,10.327050264550264
9,2026,deer creek,DCV,CDEC,deer creek,temperature,min,8.722222222222223
10,2026,deer creek,DCV,CDEC,deer creek,temperature,max,12.055555555555557
10,2026,deer creek,DCV,CDEC,deer creek,temperature,mean,10.196458633958633
10,2026,deer creek,DCV,CDEC,deer creek,temperature,min,7.833333333333333
11,2026,deer creek,DCV,CDEC,deer creek,temperature,max,14.777777777777779
11,2026,deer creek,DCV,CDEC,deer creek,temperature,mean,12.082671957671959
11,2026,deer creek,DCV,CDEC,deer creek,temperature,min,9.722222222222221
12,2026,deer creek,DCV,CDEC,deer creek,temperature,max,15.444444444444445
12,2026,deer creek,DCV,CDEC,deer creek,temperature,mean,14.616732804232806
12,2026,deer creek,DCV,CDEC,deer creek,temperature,min,13.61111111111111
13,2026,deer creek,DCV,CDEC,deer creek,temperature,max,14.777777777777779
13,2026,deer creek,DCV,CDEC,deer creek,temperature,mean,13.801256613756616
13,2026,deer creek,DCV,CDEC,deer creek,temperature,min,12.111111111111109
14,2026,deer creek,DCV,CDEC,deer creek,temperature,max,15.5
14,2026,deer creek,DCV,CDEC,deer creek,temperature,mean,12.875661375661375
14,2026,deer creek,DCV,CDEC,deer creek,temperature,min,9.38888888888889
15,2026,deer creek,DCV,CDEC,deer creek,temperature,max,16.27777777777778
15,2026,deer creek,DCV,CDEC,deer creek,temperature,mean,12.442460317460316
15,2026,deer creek,DCV,CDEC,deer creek,temperature,min,9.444444444444445
16,2026,deer creek,DCV,CDEC,deer creek,temperature,max,14.222222222222221
16,2026,deer creek,DCV,CDEC,deer creek,temperature,mean,11.991402116402117
16,2026,deer creek,DCV,CDEC,deer creek,temperature,min,9.944444444444445
17,2026,deer creek,DCV,CDEC,deer creek,temperature,max,14.777777777777779
17,2026,deer creek,DCV,CDEC,deer creek,temperature,mean,12.84054232804233
17,2026,deer creek,DCV,CDEC,deer creek,temperature,min,10.333333333333334
18,2026,deer creek,DCV,CDEC,deer creek,temperature,max,16.88888888888889
18,2026,deer creek,DCV,CDEC,deer creek,temperature,mean,14.921626984126984
18,2026,deer creek,DCV,CDEC,deer creek,temperature,min,13.11111111111111
19,2026,deer creek,DCV,CDEC,deer creek,temperature,max,20.944444444444443
19,2026,deer creek,DCV,CDEC,deer creek,temperature,mean,18.850859788359788
19,2026,deer creek,DCV,CDEC,deer creek,temperature,min,15.88888888888889
20,2026,deer creek,DCV,CDEC,deer creek,temperature,max,19.222222222222218
20,2026,deer creek,DCV,CDEC,deer creek,temperature,mean,17.125661375661373
20,2026,deer creek,DCV,CDEC,deer creek,temperature,min,14.722222222222221
21,2026,deer creek,DCV,CDEC,deer creek,temperature,max,21.055555555555557
21,2026,deer creek,DCV,CDEC,deer creek,temperature,mean,18.89021164021164
21,2026,deer creek,DCV,CDEC,deer creek,temperature,min,15.277777777777779
22,2026,deer creek,DCV,CDEC,deer creek,temperature,max,22.055555555555557
22,2026,deer creek,DCV,CDEC,deer creek,temperature,mean,17.71792328042328
22,2026,deer creek,DCV,CDEC,deer creek,temperature,min,14.444444444444445
23,2026,deer creek,DCV,CDEC,deer creek,temperature,max,22.444444444444446
23,2026,deer creek,DCV,CDEC,deer creek,temperature,mean,20.25650352733686
23,2026,deer creek,DCV,CDEC,deer creek,temperature,min,17.5
24,2026,deer creek,DCV,CDEC,deer creek,temperature,max,25.72222222222222
24,2026,deer creek,DCV,CDEC,deer creek,temperature,mean,23.122354497354497
24,2026,deer creek,DCV,CDEC,deer creek,temperature,min,19.444444444444443
25,2026,deer creek,DCV,CDEC,deer creek,temperature,max,25.888888888888886
25,2026,deer creek,DCV,CDEC,deer creek,temperature,mean,23.519841269841272
25,2026,deer creek,DCV,CDEC,deer creek,temperature,min,21.27777777777778
26,2026,deer creek,DCV,CDEC,deer creek,temperature,max,24.555555555555557
26,2026,deer creek,DCV,CDEC,deer creek,temperature,mean,21.993386243386244
26,2026,deer creek,DCV,CDEC,deer creek,temperature,min,19.166666666666668
27,2026,deer creek,DCV,CDEC,deer creek,temperature,max,24.61111111111111
27,2026,deer creek,DCV,CDEC,deer creek,temperature,mean,23.225859788359788
27,2026,deer creek,DCV,CDEC,deer creek,temperature,min,20.944444444444443
28,2026,deer creek,DCV,CDEC,deer creek,temperature,max,26.22222222222222
28,2026,deer creek,DCV,CDEC,deer creek,temperature,mean,24.029747527030136
28,2026,deer creek,DCV,CDEC,deer creek,temperature,min,22.38888888888889
29,2026,deer creek,DCV,CDEC,deer creek,temperature,max,25.833333333333332
29,2026,deer creek,DCV,CDEC,deer creek,temperature,mean,23.44793823326432
29,2026,deer creek,DCV,CDEC,deer creek,temperature,min,21.38888888888889
30,2026,deer creek,DCV,CDEC,deer creek,temperature,max,25.055555555555554
30,2026,deer creek,DCV,CDEC,deer creek,temperature,mean,23.053571428571427
30,2026,deer creek,DCV,CDEC,deer creek,temperature,min,21.11111111111111
31,2026,deer creek,DCV,CDEC,deer creek,temperature,max,25.500000000000004
31,2026,deer creek,DCV,CDEC,deer creek,temperature,mean,23.712301587301592
31,2026,deer creek,DCV,CDEC,deer creek,temperature,min,21.77777777777778
32,2026,deer creek,DCV,CDEC,deer creek,temperature,max,26.055555555555557
32,2026,deer creek,DCV,CDEC,deer creek,temperature,mean,23.860449735449738
32,2026,deer creek,DCV,CDEC,deer creek,temperature,min,21.611111111111114
33,2026,deer creek,DCV,CDEC,deer creek,temperature,max,23.833333333333336
33,2026,deer creek,DCV,CDEC,deer creek,temperature,mean,22.00249518999519
33,2026,deer creek,DCV,CDEC,deer creek,temperature,min,20.38888888888889
34,2026,deer creek,DCV,CDEC,deer creek,temperature,max,22.88888888888889
34,2026,deer creek,DCV,CDEC,deer creek,temperature,mean,21.405423280423282
34,2026,deer creek,DCV,CDEC,deer creek,temperature,min,19.833333333333332
35,2026,deer creek,DCV,CDEC,deer creek,temperature,max,22.22222222222222
35,2026,deer creek,DCV,CDEC,deer creek,temperature,mean,19.60681216931217
35,2026,deer creek,DCV,CDEC,deer creek,temperature,min,17.38888888888889
36,2026,deer creek,DCV,CDEC,deer creek,temperature,max,17.38888888888889
36,2026,deer creek,DCV,CDEC,deer creek,temperature,mean,16.555466524216524
36,2026,deer creek,DCV,CDEC,deer creek,temperature,min,15.61111111111111
