year,week,stream,site,count,mean_fork_length,hours_fished,flow_cfs,log_flow_cfs,run_year,log_standardized_flow
1992,1,deer creek,deer creek,NA,NA,NA,216.82425595238098,5.379087145006375,1992,-2.18641049934469
1992,2,deer creek,deer creek,NA,NA,NA,158.5327380952381,5.065961121485695,1992,-2.984536810545196
1992,3,deer creek,deer creek,NA,NA,NA,112.45238095238095,4.722529851612749,1992,-3.8599081051207715
1992,4,deer creek,deer creek,NA,NA,NA,106.34672619047619,4.666704757820066,1992,-4.0022005779092344
1992,5,deer creek,deer creek,NA,NA,NA,117.22172619047619,4.7640672370145545,1992,-3.754033544409061
1992,6,deer creek,deer creek,NA,NA,NA,296.49633072407045,5.69203484306296,1992,-1.3887387215721334
1992,7,deer creek,deer creek,NA,NA,NA,1116.032738095238,7.017535477721774,1992,1.9898272632646379
1992,8,deer creek,deer creek,NA,NA,NA,704.7247023809523,6.55780723347333,1992,0.8180268373174062
1992,9,deer creek,deer creek,NA,NA,NA,328.34672619047615,5.794070142099918,1992,-1.1286611466808556
1992,10,deer creek,deer creek,NA,NA,NA,461.5372023809524,6.134562662570331,1992,-0.26078042473100627
1992,11,deer creek,deer creek,NA,NA,NA,371.6875,5.9180534474668125,1992,-0.8126403412226662
1992,12,deer creek,deer creek,NA,NA,NA,329.1919642857143,5.796641058680307,1992,-1.1221081424187411
1992,13,deer creek,deer creek,NA,NA,NA,284.44642857142856,5.650544935559489,1992,-1.4944922659612958
1992,14,deer creek,deer creek,NA,NA,NA,268.53125,5.592967294513496,1992,-1.6412518030287406
1992,15,deer creek,deer creek,NA,NA,NA,291.61607142857144,5.675438113254195,1992,-1.4310420938416262
1992,16,deer creek,deer creek,NA,NA,NA,314.3824404761905,5.750610208092629,1992,-1.2394360877868413
1992,17,deer creek,deer creek,NA,NA,NA,213.41666666666669,5.363246436411525,1992,-2.226786850615203
1992,18,deer creek,deer creek,NA,NA,NA,166.43725198412696,5.114618373428854,1992,-2.860514435879864
1992,19,deer creek,deer creek,NA,NA,NA,406.86852763122295,6.008490105324721,1992,-0.5821265202317787
1992,20,deer creek,deer creek,NA,NA,NA,384.3657391634468,5.951594545037227,1992,-0.7271475029829753
1992,21,deer creek,deer creek,NA,NA,NA,350.23493964403195,5.85860418541764,1992,-0.9641704494181116
1992,22,deer creek,deer creek,NA,NA,NA,304.43506403558763,5.718457810009272,1992,-1.3213892726099654
1992,23,deer creek,deer creek,NA,NA,NA,244.0724337267802,5.497465040775112,1992,-1.8846773114886497
1992,24,deer creek,deer creek,NA,NA,NA,211.46765718005952,5.354072065658234,1992,-2.250171386351264
1992,25,deer creek,deer creek,NA,NA,NA,173.9740063812589,5.158905899441484,1992,-2.747630047124095
1992,26,deer creek,deer creek,NA,NA,NA,150.88358197656046,5.016508559169095,1992,-3.1105863502716646
1992,27,deer creek,deer creek,NA,NA,NA,134.3667904050207,4.900573302355261,1992,-3.4060935004552304
1992,28,deer creek,deer creek,NA,NA,NA,83.38541666666666,4.423473433962979,1992,-4.622172425332679
1992,29,deer creek,deer creek,NA,NA,NA,78.30952380952382,4.360669227905689,1992,-4.7822539437730365
1992,30,deer creek,deer creek,NA,NA,NA,74.81994047619048,4.315084433359545,1992,-4.898444937766047
1992,31,deer creek,deer creek,NA,NA,NA,70.62202380952381,4.257342047828553,1992,-5.045624391730289
1992,32,deer creek,deer creek,NA,NA,NA,69.37648809523809,4.239548021858,1992,-5.090979549853534
1992,33,deer creek,deer creek,NA,NA,NA,67.87202380952381,4.217623929182596,1992,-5.146861826953005
1992,34,deer creek,deer creek,NA,NA,NA,66.62946428571429,4.199146886405763,1992,-5.193957925282865
1992,35,deer creek,deer creek,NA,NA,NA,67.00892857142857,4.204825872772468,1992,-5.179482767998734
1992,36,deer creek,deer creek,NA,NA,NA,67.45089285714286,4.211399819884801,1992,-5.162726447013975
1992,37,deer creek,deer creek,NA,NA,NA,65.24107142857143,4.178089200496124,1992,-5.247631819865342
1992,38,deer creek,deer creek,NA,NA,NA,61.892857142857146,4.1254047795404025,1992,-5.381919037779529
1992,39,deer creek,deer creek,NA,NA,NA,58.4375,4.067957807048906,1992,-5.528345514023038
1992,40,deer creek,deer creek,NA,NA,NA,58.72023809523809,4.072784439053457,1992,-5.516042921111719
1992,41,deer creek,deer creek,NA,NA,NA,57.924107142857146,4.05913365617905,1992,-5.550837374980643
1992,42,deer creek,deer creek,0,NA,161.80645161290323,59.38392857142857,4.084023626989326,1992,-5.487395376882448
1992,43,deer creek,deer creek,NA,NA,NA,77.78760998964802,4.353982163870207,1992,-4.79929858826279
1992,44,deer creek,deer creek,0,NA,161.80645161290323,114.3547619047619,4.739305562844077,1992,-3.8171485274520682
1992,45,deer creek,deer creek,0,NA,161.80645161290323,81.90625,4.4055753005236795,1993,-4.66779294278015
1992,46,deer creek,deer creek,0,NA,161.80645161290323,79,4.3694478524670215,1993,-4.759878124734515
1992,47,deer creek,deer creek,NA,NA,NA,83.86309523809526,4.429185650650018,1993,-4.607612567349801
1992,48,deer creek,deer creek,0,NA,161.80645161290323,75.90029761904762,4.329420605593469,1993,-4.861903496294187
1992,49,deer creek,deer creek,0,NA,161.80645161290323,99.79747023809524,4.603142834680465,1993,-4.164213439944222
1992,50,deer creek,deer creek,NA,NA,NA,236.46788194444446,5.465812392977818,1993,-1.9653566837814316
1992,51,deer creek,deer creek,NA,NA,NA,103.02738095238094,4.634994787391044,1993,-4.083026059746332
1992,52,deer creek,deer creek,NA,NA,NA,84.05381944444444,4.43145730134974,1993,-4.601822361307775
1992,53,deer creek,deer creek,NA,NA,NA,563.6809139784946,6.33448833604083,1993,0.24880973480662194
1993,1,deer creek,deer creek,NA,NA,NA,218.7114583333333,5.3877533192381675,1993,-2.164321304732015
1993,2,deer creek,deer creek,NA,NA,NA,662.3985107897782,6.495867354864686,1993,0.6601484014266907
1993,3,deer creek,deer creek,NA,NA,NA,1266.2462797619048,7.143812117562056,1993,2.3116935444932976
1993,4,deer creek,deer creek,NA,NA,NA,1067.220238095238,6.972812638713969,1993,1.8758333060637096
1993,5,deer creek,deer creek,NA,NA,NA,260.36607142857144,5.562088607792302,1993,-1.7199584274427764
1993,6,deer creek,deer creek,NA,NA,NA,556.1190476190476,6.3209823857541085,1993,0.21438444443823249
1993,7,deer creek,deer creek,NA,NA,NA,540.0535714285714,6.291668340986902,1993,0.13966593285188514
1993,8,deer creek,deer creek,NA,NA,NA,1474.214285714286,7.295880439194117,1993,2.6993001931838476
1993,9,deer creek,deer creek,NA,NA,NA,368.95684523809524,5.910679686627008,1993,-0.8314353058588758
1993,10,deer creek,deer creek,NA,NA,NA,380.11607142857144,5.940476657207553,1993,-0.7554858656079293
1993,11,deer creek,deer creek,NA,NA,NA,1000.0773809523808,6.907832656940767,1993,1.7102059571407384
1993,12,deer creek,deer creek,NA,NA,NA,1511.75,7.321023199153323,1993,2.7633865250511676
1993,13,deer creek,deer creek,NA,NA,NA,1018.6264880952382,6.926210418525549,1993,1.7570489978336359
1993,14,deer creek,deer creek,NA,NA,NA,805.1145833333333,6.690984606833765,1993,1.1574823847689468
1993,15,deer creek,deer creek,NA,NA,NA,696.2232142857143,6.545670319098527,1993,0.7870910799172283
1993,16,deer creek,deer creek,NA,NA,NA,801.797619047619,6.686856230694917,1993,1.1469595748731123
1993,17,deer creek,deer creek,NA,NA,NA,565.4895833333333,6.337691875109479,1993,0.25697522929634525
1993,18,deer creek,deer creek,NA,NA,NA,615.5193452380953,6.42246637524935,1993,0.47305678751290026
1993,19,deer creek,deer creek,NA,NA,NA,505.03869047619054,6.224635041144933,1993,-0.031195114495510004
1993,20,deer creek,deer creek,NA,NA,NA,385.65625,5.954946428653457,1993,-0.7186038933649819
1993,21,deer creek,deer creek,NA,NA,NA,349.0669642857142,5.85526377854099,1993,-0.9726848059969527
1993,22,deer creek,deer creek,NA,NA,NA,447.7529761904762,6.104241687910302,1993,-0.3380654979590848
1993,23,deer creek,deer creek,NA,NA,NA,461.1666666666667,6.133759510558871,1993,-0.26282757732800943
1993,24,deer creek,deer creek,NA,NA,NA,295.1309523809524,5.6874191642186425,1993,-1.400503616384392
1993,25,deer creek,deer creek,NA,NA,NA,212.54613095238093,5.359159051639268,1993,-2.2372051776966093
1993,26,deer creek,deer creek,NA,NA,NA,165.41517857142858,5.108458547251084,1993,-2.876215204821463
1993,27,deer creek,deer creek,NA,NA,NA,141.1577380952381,4.949877974983861,1993,-3.280420916466332
1993,28,deer creek,deer creek,NA,NA,NA,125.36011904761904,4.831190547693287,1993,-3.5829430686152346
1993,29,deer creek,deer creek,NA,NA,NA,116.88392857142857,4.761181378885005,1993,-3.7613893025721423
1993,30,deer creek,deer creek,NA,NA,NA,108.92113095238096,4.690624051082363,1993,-3.9412327379216427
1993,31,deer creek,deer creek,NA,NA,NA,98.0672619047619,4.585653589209854,1993,-4.208791743645055
1993,32,deer creek,deer creek,NA,NA,NA,91.20684523809526,4.513129951698873,1993,-4.393647101978628
1993,33,deer creek,deer creek,NA,NA,NA,100.5376488095238,4.61053227236858,1993,-4.1453785166199015
1993,34,deer creek,deer creek,NA,NA,NA,103.68169642857143,4.641325594628396,1993,-4.066889477515135
1993,35,deer creek,deer creek,NA,NA,NA,97.45193452380953,4.5793592772066045,1993,-4.224835303245162
1993,36,deer creek,deer creek,NA,NA,NA,93.84523809523809,4.541647022216594,1993,-4.320959996503824
1993,37,deer creek,deer creek,NA,NA,NA,92.10416666666666,4.5229201829183525,1993,-4.3686928007003525
1993,38,deer creek,deer creek,NA,NA,NA,93.29464285714286,4.535762687739016,1993,-4.335958565187621
1993,39,deer creek,deer creek,NA,NA,NA,90.41369047619047,4.50439569925244,1993,-4.415909821019945
1993,40,deer creek,deer creek,NA,NA,NA,91.88095238095238,4.52049374325425,1993,-4.374877548032069
1993,41,deer creek,deer creek,NA,NA,NA,104.70654761904764,4.651161652874792,1993,-4.04181836781725
1993,42,deer creek,deer creek,NA,NA,NA,125.58333333333334,4.832969548838495,1993,-3.5784085760627407
1993,43,deer creek,deer creek,NA,NA,NA,98.11324404761903,4.586122363041137,1993,-4.207596886939941
1993,44,deer creek,deer creek,NA,NA,NA,99.00372023809526,4.5951574275911264,1993,-4.184567428514026
1993,45,deer creek,deer creek,NA,NA,NA,98.71711309523809,4.592258316366821,1994,-4.191956967464506
1993,46,deer creek,deer creek,NA,NA,NA,107.89583333333333,4.6811662555160005,1994,-3.965339694611465
1993,47,deer creek,deer creek,NA,NA,NA,103.25163690476191,4.637169085514619,1994,-4.077483995495947
1993,48,deer creek,deer creek,NA,NA,NA,127.44955357142855,4.847720628041793,1994,-3.540809579025125
1993,49,deer creek,deer creek,NA,NA,NA,189.40029761904765,5.243862752129031,1994,-2.5310836908540972
1993,50,deer creek,deer creek,NA,NA,NA,319.3467261904762,5.7662774284769744,1994,-1.199501940278029
1993,51,deer creek,deer creek,NA,NA,NA,136.83184523809524,4.918752764925983,1994,-3.3597559037328706
1993,52,deer creek,deer creek,NA,NA,NA,111.47172619047618,4.713770981977119,1994,-3.8822335708676627
1993,53,deer creek,deer creek,NA,NA,NA,110,4.700480365792417,1994,-3.9161099965630126
1994,1,deer creek,deer creek,NA,NA,NA,125.93005952380952,4.835726669691427,1994,-3.571380956093175
1994,2,deer creek,deer creek,NA,NA,NA,115.02083333333333,4.7451132713761535,1994,-3.802345270491448
1994,3,deer creek,deer creek,NA,NA,NA,106.72916666666667,4.670294473031311,1994,-3.993050759802143
1994,4,deer creek,deer creek,NA,NA,NA,259.07738095238096,5.557126785233131,1994,-1.7326056072953346
1994,5,deer creek,deer creek,NA,NA,NA,132.71130952380955,4.888176163959885,1994,-3.4376925423543785
1994,6,deer creek,deer creek,NA,NA,NA,344.72916666666663,5.842759084583953,1994,-1.0045579960576367
1994,7,deer creek,deer creek,NA,NA,NA,264.7738095238095,5.5788759125391305,1994,-1.6771692990850047
1994,8,deer creek,deer creek,NA,NA,NA,308.391369047619,5.731369655070636,1994,-1.2884782958928285
1994,9,deer creek,deer creek,NA,NA,NA,268.11160714285717,5.5914033383847865,1994,-1.6452381677577135
1994,10,deer creek,deer creek,NA,NA,NA,319.9449404761905,5.768148919977674,1994,-1.194731699238649
1994,11,deer creek,deer creek,NA,NA,NA,250.2633928571429,5.522513934673959,1994,-1.8208302346396736
1994,12,deer creek,deer creek,NA,NA,NA,196.62351190476193,5.281290793160417,1994,-2.4356834300007604
1994,13,deer creek,deer creek,NA,NA,NA,168.3720238095238,5.126175958610083,1994,-2.831055329532319
1994,14,deer creek,deer creek,NA,NA,NA,166.04179606625257,5.112239540196032,1994,-2.8665778392716565
1994,15,deer creek,deer creek,NA,NA,NA,165.05059523809524,5.106252064703455,1994,-2.8818393038876065
1994,16,deer creek,deer creek,NA,NA,NA,150.14732142857142,5.011616954966663,1994,-3.123054550691557
1994,17,deer creek,deer creek,NA,NA,NA,143.8080357142857,4.968479324909835,1994,-3.233007971886248
1994,18,deer creek,deer creek,NA,NA,NA,131.24404761904762,4.877058548969401,1994,-3.466030209540052
1994,19,deer creek,deer creek,NA,NA,NA,163,5.093750200806762,1994,-2.9137052804129935
1994,20,deer creek,deer creek,NA,NA,NA,169.90476190476193,5.135238055976477,1994,-2.8079569672133458
1994,21,deer creek,deer creek,NA,NA,NA,136.8720238095238,4.919046356477004,1994,-3.3590075688005587
1994,22,deer creek,deer creek,NA,NA,NA,105.96875,4.663144239325912,1994,-4.011275976561027
1994,23,deer creek,deer creek,NA,NA,NA,94.49107142857143,4.54850534779863,1994,-4.303478823791773
1994,24,deer creek,deer creek,NA,NA,NA,84.82291666666666,4.440565749999295,1994,-4.578605854293472
1994,25,deer creek,deer creek,NA,NA,NA,79.20386904761905,4.372025149238531,1994,-4.753308858015686
1994,26,deer creek,deer creek,NA,NA,NA,73.56101190476191,4.298115155823695,1994,-4.941697896211165
1994,27,deer creek,deer creek,NA,NA,NA,70.55059523809523,4.256330115373014,1994,-5.048203704394379
1994,28,deer creek,deer creek,NA,NA,NA,66.4672619047619,4.19670952425727,1994,-5.200170512913762
1994,29,deer creek,deer creek,NA,NA,NA,64.94494047619047,4.173539841332389,1994,-5.25922767257299
1994,30,deer creek,deer creek,NA,NA,NA,64.05952380952381,4.159812710646106,1994,-5.294216729230835
1994,31,deer creek,deer creek,NA,NA,NA,62.86011904761905,4.140911925220938,1994,-5.342392904371338
1994,32,deer creek,deer creek,NA,NA,NA,61.57142857142857,4.120197941048435,1994,-5.39519073826576
1994,33,deer creek,deer creek,NA,NA,NA,61.013392857142854,4.11109339510976,1994,-5.418397297667904
1994,34,deer creek,deer creek,NA,NA,NA,61.38541666666667,4.117172293370078,1994,-5.402902805737406
1994,35,deer creek,deer creek,NA,NA,NA,61.686011904761905,4.122057193778306,1994,-5.390451692605495
1994,36,deer creek,deer creek,NA,NA,NA,62.413690476190474,4.133784649967915,1994,-5.360559602375696
1994,37,deer creek,deer creek,NA,NA,NA,64.35416666666667,4.164401682010691,1994,-5.282519909061625
1994,38,deer creek,deer creek,NA,NA,NA,62.764880952380956,4.1393956965485605,1994,-5.346257616679867
1994,39,deer creek,deer creek,NA,NA,NA,64.74404761904762,4.170441767690591,1994,-5.267124346441722
1994,40,deer creek,deer creek,0,NA,161.80645161290323,69.08630952380953,4.235356585584243,1994,-5.101663093604362
1994,41,deer creek,deer creek,0,NA,161.80645161290323,66.68452380952381,4.199972899155465,1994,-5.191852502994703
1994,42,deer creek,deer creek,0,NA,161.80645161290323,67.33779761904762,4.209721707808248,1994,-5.167003783615965
1994,43,deer creek,deer creek,0,NA,161.80645161290323,67.35565476190476,4.209986860161923,1994,-5.1663279372983535
1994,44,deer creek,deer creek,0,NA,161.80645161290323,71.40696169772256,4.268395367361676,1994,-5.0174506071105975
1994,45,deer creek,deer creek,21,NA,168,103.29464285714288,4.637585514733795,1995,-4.076422559870635
1994,46,deer creek,deer creek,0,NA,161.80645161290323,88.51339285714286,4.4831538722835225,1995,-4.470053072389601
1994,47,deer creek,deer creek,0,NA,161.80645161290323,84.63988095238095,4.438405561591762,1995,-4.584111954316131
1994,48,deer creek,deer creek,0,NA,161.80645161290323,97.14732142857143,4.576228603941253,1995,-4.2328150702308465
1994,49,deer creek,deer creek,0,NA,161.80645161290323,382.72767857142856,5.947323714277902,1995,-0.7380334151833607
1994,50,deer creek,deer creek,0,NA,161.80645161290323,146.67261904761904,4.988203021836257,1995,-3.1827342792237094
1994,51,deer creek,deer creek,0,NA,161.80645161290323,132.53571428571428,4.886852150885393,1995,-3.4410673167000048
1994,52,deer creek,deer creek,0,NA,161.80645161290323,158.95238095238096,5.0686046664983575,1995,-2.9777986838135817
1994,53,deer creek,deer creek,NA,NA,NA,138.34375,4.929741529932414,1995,-3.3317466620204734
1995,1,deer creek,deer creek,0,NA,161.80645161290323,417.54166666666663,6.034384339710384,1995,-0.5161247566631701
1995,2,deer creek,deer creek,NA,NA,NA,5599.598214285715,8.630450126700289,1995,6.100982269151469
1995,3,deer creek,deer creek,NA,NA,NA,1440.2916666666667,7.272600918356611,1995,2.6399630678831554
1995,4,deer creek,deer creek,NA,NA,NA,991.8154761904761,6.899537078077751,1995,1.6890613723414032
1995,5,deer creek,deer creek,NA,NA,NA,1505.7232142857142,7.31702860281373,1995,2.7532047062249743
1995,6,deer creek,deer creek,NA,NA,NA,738.9657738095237,6.605251605680164,1995,0.9389577051862126
1995,7,deer creek,deer creek,0,NA,161.80645161290323,435.12946428571433,6.0756436058565395,1995,-0.41095909358024685
1995,8,deer creek,deer creek,6,33.5,168,359.7619047619049,5.885442436983417,1995,-0.8957624822986047
1995,9,deer creek,deer creek,27,36.1875,168,477.23214285714283,6.1680030451580965,1995,-0.17554429871433772
1995,10,deer creek,deer creek,5,34.75,168,3049.684523809524,8.022793429435158,1995,4.552127297560545
1995,11,deer creek,deer creek,NA,NA,NA,3018.139880952381,8.0123959871445,1995,4.525625277166142
1995,12,deer creek,deer creek,NA,NA,NA,1889.0625,7.543835953243212,1995,3.3313135197822334
1995,13,deer creek,deer creek,NA,NA,NA,919.9151785714286,6.824281468587693,1995,1.4972424959538302
1995,14,deer creek,deer creek,3,33.5,168,1106.8392857142858,7.009263742145769,1995,1.9687434525731033
1995,15,deer creek,deer creek,NA,NA,NA,1215.0848214285713,7.10256916521328,1995,2.2065694636167286
1995,16,deer creek,deer creek,NA,NA,NA,792.547619047619,6.67525259107261,1995,1.117383080450443
1995,17,deer creek,deer creek,7,34.142857142857146,168,820.1785714285714,6.70952208658469,1995,1.2047325307843038
1995,18,deer creek,deer creek,NA,NA,NA,2957.0089285714284,7.991933539317458,1995,4.4734685837725285
1995,19,deer creek,deer creek,NA,NA,NA,1047.6651785714284,6.9543193277384665,1995,1.8286957417539615
1995,20,deer creek,deer creek,NA,NA,NA,856.5863095238094,6.752955082709178,1995,1.315438809973309
1995,21,deer creek,deer creek,2,59.5,168,730.5654761904761,6.593818859193862,1995,0.9098167999449072
1995,22,deer creek,deer creek,NA,NA,NA,640.4092261904763,6.462107387937076,1995,0.5740976875089291
1995,23,deer creek,deer creek,1,60,168,507.57589285714283,6.229646242311217,1995,-0.018422073607498618
1995,24,deer creek,deer creek,NA,NA,NA,466.79464285714283,6.1458894240336575,1995,-0.23190966450824302
1995,25,deer creek,deer creek,1,85,168,404.7738095238096,6.003328416087173,1995,-0.5952831398713943
1995,26,deer creek,deer creek,NA,NA,NA,329.0059523809524,5.796075842945028,1995,-1.123548819705026
1995,27,deer creek,deer creek,NA,NA,NA,274.77083333333337,5.615937416917994,1995,-1.5827033027910549
1995,28,deer creek,deer creek,NA,NA,NA,236.4419642857143,5.465702783677176,1995,-1.9656360667142556
1995,29,deer creek,deer creek,NA,NA,NA,211.26636904761904,5.353119749851299,1995,-2.252598742255896
1995,30,deer creek,deer creek,NA,NA,NA,191.11607142857142,5.252880947283952,1995,-2.5080972307964013
1995,31,deer creek,deer creek,NA,NA,NA,175.63988095238096,5.1684357678999655,1995,-2.7233393839799898
1995,32,deer creek,deer creek,NA,NA,NA,164.05357142857142,5.100193029536317,1995,-2.897283166818603
1995,33,deer creek,deer creek,NA,NA,NA,151.51339285714286,5.020674022739537,1995,-3.0999690082937073
1995,34,deer creek,deer creek,NA,NA,NA,137.80803571428572,4.925861671206526,1995,-3.3416360263666713
1995,35,deer creek,deer creek,NA,NA,NA,131.41964285714286,4.878395583897492,1995,-3.4626222438171617
1995,36,deer creek,deer creek,NA,NA,NA,126.22172619047619,4.838040092108182,1995,-3.565484278202999
1995,37,deer creek,deer creek,NA,NA,NA,123.00446428571426,4.812220649719577,1995,-3.631295404596045
1995,38,deer creek,deer creek,NA,NA,NA,119.50297619047618,4.783341276421066,1995,-3.7049059829228277
1995,39,deer creek,deer creek,NA,NA,NA,118.44196428571429,4.7744230877439104,1995,-3.7276375366642176
1995,40,deer creek,deer creek,NA,NA,NA,116.65922619047618,4.759257088271401,1995,-3.766294123167522
1995,41,deer creek,deer creek,NA,NA,NA,115.81994047619048,4.752036747863739,1995,-3.7846980347631938
1995,42,deer creek,deer creek,NA,NA,NA,115.18898809523809,4.746574154241769,1995,-3.7986216290019277
1995,43,deer creek,deer creek,NA,NA,NA,116,4.7535901911063645,1995,-3.780738466309076
1995,44,deer creek,deer creek,NA,NA,NA,116.4434523809524,4.75740576787925,1995,-3.771012950107627
1995,45,deer creek,deer creek,NA,NA,NA,116.41369047619047,4.757150144155976,1996,-3.7716645089177767
1995,46,deer creek,deer creek,NA,NA,NA,115.57291666666666,4.749901643898858,1996,-3.790140197098857
1995,47,deer creek,deer creek,NA,NA,NA,117.1607142857143,4.763546618609729,1996,-3.7553605476466547
1995,48,deer creek,deer creek,1,NA,168,124.05059523809523,4.82068950849869,1996,-3.609709146956219
1995,49,deer creek,deer creek,2,32.5,168,140.95238095238096,4.948422109594683,1996,-3.2841317689199343
1995,50,deer creek,deer creek,68,34.90909090909091,168,790.4181547619048,6.67256211525123,1996,1.110525331871937
1995,51,deer creek,deer creek,165,35.029411764705884,168,250.7827380952381,5.524586979018594,1996,-1.815546255949126
1995,52,deer creek,deer creek,34,35.38095238095238,168,218.1279761904762,5.3850819372898595,1996,-2.1711303849746533
1995,53,deer creek,deer creek,8,35,168,477.5104166666667,6.168585974691567,1996,-0.17405847076236064
1996,1,deer creek,deer creek,124,35.833333333333336,168,273.5342261904762,5.61142675549676,1996,-1.59420051889825
1996,2,deer creek,deer creek,617,35.38235294117647,168,206.06845238095238,5.3282084067038715,1996,-2.316095216262609
1996,3,deer creek,deer creek,1146,37.04,168,773.5029761904763,6.650929517698642,1996,1.0553860461230093
1996,4,deer creek,deer creek,510,37.57142857142857,168,695.203869047619,6.544205139309141,1996,0.7833564860070844
1996,5,deer creek,deer creek,377,38.333333333333336,168,667.3318452380952,6.503287441291626,1996,0.6790614452616803
1996,6,deer creek,deer creek,5,36,168,1360.9836309523812,7.2159629753582575,1996,2.4955987253382603
1996,7,deer creek,deer creek,366,40.30769230769231,168,621.3065476190476,6.431824595592981,1996,0.49690993711153314
1996,8,deer creek,deer creek,NA,NA,NA,2197.3184523809523,7.69499301062018,1996,3.7165974487886473
1996,9,deer creek,deer creek,NA,NA,NA,754.5357142857143,6.626102612125031,1996,0.9921047948836641
1996,10,deer creek,deer creek,65,43.319148936170215,168,928.5461309523811,6.833620062867558,1996,1.5210456207167724
1996,11,deer creek,deer creek,320,37.90163934426229,168,785.3660714285713,6.66614994211298,1996,1.0941813562544902
1996,12,deer creek,deer creek,335,37.109375,168,585.6785714285713,6.372771126168241,1996,0.3463886639652708
1996,13,deer creek,deer creek,869,41.72222222222222,168,499.52678571428567,6.213661221704461,1996,-0.05916626148395484
1996,14,deer creek,deer creek,84,39.28125,168,739.1860119047618,6.605549596859414,1996,0.9397172543223442
1996,15,deer creek,deer creek,143,46.26315789473684,168,540.7008928571429,6.292866247685177,1996,0.14271927490090036
1996,16,deer creek,deer creek,155,51.25423728813559,168,664.623511904762,6.499220732822202,1996,0.6686958199682768
1996,17,deer creek,deer creek,54,57.2,168,620.4285714285714,6.430410483479508,1996,0.4933055095010141
1996,18,deer creek,deer creek,79,71,168,486.297619047619,6.186820821341039,1996,-0.12757970566959353
1996,19,deer creek,deer creek,NA,NA,NA,378.6934523809524,5.936727045032778,1996,-0.7650432447737907
1996,20,deer creek,deer creek,96,67.26666666666667,168,840.6532738095239,6.734179296496137,1996,1.2675812450810249
1996,21,deer creek,deer creek,57,65.42,168,944.5342261904763,6.850691923649196,1996,1.5645600533971884
1996,22,deer creek,deer creek,26,68.33333333333333,168,457.78422619047615,6.12639795124656,1996,-0.28159144151456716
1996,23,deer creek,deer creek,8,69,168,304.4226190476191,5.718416930216454,1996,-1.3214934710342228
1996,24,deer creek,deer creek,4,67.25,168,243.55952380952382,5.4953613636125125,1996,-1.8900393701092153
1996,25,deer creek,deer creek,6,77.16666666666667,168,209.55357142857142,5.3449794175499745,1996,-2.2733476193966466
1996,26,deer creek,deer creek,1,89,168,197.4732142857143,5.285602951273627,1996,-2.4246921785885873
1996,27,deer creek,deer creek,NA,NA,NA,168.99702380952382,5.129881104173472,1996,-2.8216112912255724
1996,28,deer creek,deer creek,NA,NA,NA,155.00297619047618,5.043444317963784,1996,-3.0419298471663834
1996,29,deer creek,deer creek,NA,NA,NA,149.57440476190476,5.007793959738875,1996,-3.13279897577825
1996,30,deer creek,deer creek,NA,NA,NA,139.14285714285714,4.935501154587222,1996,-3.317065965960929
1996,31,deer creek,deer creek,NA,NA,NA,131.71279761904762,4.88062377653435,1996,-3.4569428079468896
1996,32,deer creek,deer creek,NA,NA,NA,122.38244047619047,4.80715089962499,1996,-3.64421768073332
1996,33,deer creek,deer creek,NA,NA,NA,119.80208333333333,4.785841075624745,1996,-3.6985342496036298
1996,34,deer creek,deer creek,NA,NA,NA,113.84523809523809,4.734839965506229,1996,-3.8285308798049327
1996,35,deer creek,deer creek,NA,NA,NA,110.20238095238096,4.702318502223898,1996,-3.9114247741945665
1996,36,deer creek,deer creek,NA,NA,NA,107.29910714285712,4.675620328473021,1996,-3.9794756972446295
1996,37,deer creek,deer creek,NA,NA,NA,111.51488095238095,4.714158043451317,1996,-3.881246990630302
1996,38,deer creek,deer creek,NA,NA,NA,114.98214285714286,4.744776836803035,1996,-3.8032028079193005
1996,39,deer creek,deer creek,NA,NA,NA,109.33928571428571,4.694455760742805,1996,-3.931466100634537
1996,40,deer creek,deer creek,NA,NA,NA,108.91369047619048,4.690555738072123,1996,-3.941406860820329
1996,41,deer creek,deer creek,NA,NA,NA,111.17559523809523,4.711110890446697,1996,-3.889013872986152
1996,42,deer creek,deer creek,NA,NA,NA,117.92261904761905,4.770028638571068,1996,-3.7388385395979364
1996,43,deer creek,deer creek,NA,NA,NA,124.53513198757764,4.824587860737343,1996,-3.5997726445313707
1996,44,deer creek,deer creek,0,NA,161.80645161290323,131.58779761904762,4.879674291332633,1996,-3.459362948927396
1996,45,deer creek,deer creek,NA,NA,NA,119.17857142857143,4.7806229685761705,1997,-3.7118346724918383
1996,46,deer creek,deer creek,NA,NA,NA,120.14136904761905,4.788669124792572,1997,-3.6913258405904372
1996,47,deer creek,deer creek,0,NA,161.80645161290323,306.10267857142856,5.723920596554794,1997,-1.3074651866287663
1996,48,deer creek,deer creek,0,NA,161.80645161290323,156.94345238095244,5.0558855645518825,1997,-3.010218377980754
1996,49,deer creek,deer creek,0,NA,161.80645161290323,389.08779761904765,5.963805018972022,1997,-0.6960242497636712
1996,50,deer creek,deer creek,NA,NA,NA,1429.1532738095236,7.264837431666799,1997,2.6201747317872757
1996,51,deer creek,deer creek,NA,NA,NA,334.86309523809524,5.813721777365284,1997,-1.078571131845763
1996,52,deer creek,deer creek,NA,NA,NA,986.8630952380954,6.894531321847187,1997,1.676302210039439
1996,53,deer creek,deer creek,NA,NA,NA,5179.322916666666,8.55242961564188,1997,5.902115940543961
1997,1,deer creek,deer creek,NA,NA,NA,6489.821428571429,8.777990294461572,1997,6.477047115264267
1997,2,deer creek,deer creek,NA,NA,NA,805.2127976190477,6.691106587353997,1997,1.1577933006792778
1997,3,deer creek,deer creek,NA,NA,NA,502.62202380952385,6.219838443905749,1997,-0.04342115185190918
1997,4,deer creek,deer creek,NA,NA,NA,2353.784226190476,7.763779620998079,1997,3.891927505944608
1997,5,deer creek,deer creek,NA,NA,NA,1249.0089285714287,7.1301056586760305,1997,2.2767571781468505
1997,6,deer creek,deer creek,NA,NA,NA,648.8660714285714,6.475226333973464,1997,0.607536543497753
1997,7,deer creek,deer creek,NA,NA,NA,473.5357142857143,6.160227335939515,1997,-0.19536378878998192
1997,8,deer creek,deer creek,NA,NA,NA,390.6607142857143,5.967839444882757,1997,-0.6857409094212036
1997,9,deer creek,deer creek,NA,NA,NA,337.9925595238095,5.823023881997557,1997,-1.0548610154744658
1997,10,deer creek,deer creek,NA,NA,NA,301.7648809523809,5.70964817426252,1997,-1.3438441359985758
1997,11,deer creek,deer creek,NA,NA,NA,376.4263392857143,5.930722382111297,1997,-0.7803485183937832
1997,12,deer creek,deer creek,NA,NA,NA,427.3452380952381,6.057592206681659,1997,-0.45697026976249006
1997,13,deer creek,deer creek,NA,NA,NA,383.46875,5.949258131176821,1997,-0.7331027837190731
1997,14,deer creek,deer creek,NA,NA,NA,296.733630952381,5.692834870898024,1997,-1.3866995321822577
1997,15,deer creek,deer creek,NA,NA,NA,255.16517857142858,5.541911094556694,1997,-1.771388851611503
1997,16,deer creek,deer creek,NA,NA,NA,342.2425595238095,5.835519724045639,1997,-1.0230103880272667
1997,17,deer creek,deer creek,NA,NA,NA,366.1101190476191,5.902934159863355,1997,-0.8511778639339663
1997,18,deer creek,deer creek,NA,NA,NA,278.5282738095238,5.629519575972069,1997,-1.5480837640440568
1997,19,deer creek,deer creek,NA,NA,NA,226.78869047619045,5.424018704985003,1997,-2.07188453366794
1997,20,deer creek,deer creek,NA,NA,NA,196.61160714285714,5.281230245354121,1997,-2.4358377601862453
1997,21,deer creek,deer creek,NA,NA,NA,195.38244047619045,5.274958871068018,1997,-2.4518228538838125
1997,22,deer creek,deer creek,NA,NA,NA,170.69196428571428,5.1398605536232855,1997,-2.7961746919687056
1997,23,deer creek,deer creek,NA,NA,NA,182.0595238095238,5.20433368750481,1997,-2.631839246649199
1997,24,deer creek,deer creek,NA,NA,NA,162.59226190476193,5.09124560621967,1997,-2.920089236675629
1997,25,deer creek,deer creek,NA,NA,NA,138.29166666666666,4.929364981372029,1997,-3.3327064459123052
1997,26,deer creek,deer creek,NA,NA,NA,131.86309523809524,4.881764227079416,1997,-3.4540359157748295
1997,27,deer creek,deer creek,NA,NA,NA,127.9940476190476,4.851983759862129,1997,-3.5299432906353254
1997,28,deer creek,deer creek,NA,NA,NA,116.76339285714288,4.760149603949672,1997,-3.764019191694316
1997,29,deer creek,deer creek,NA,NA,NA,112.08928571428574,4.7192957475823825,1997,-3.86815150658186
1997,30,deer creek,deer creek,NA,NA,NA,104.70238095238095,4.651121858328345,1997,-4.041919800059144
1997,31,deer creek,deer creek,NA,NA,NA,100.28422619047619,4.6080084163039,1997,-4.151811568425228
1997,32,deer creek,deer creek,NA,NA,NA,96.52380952380952,4.569789708728577,1997,-4.249227157691728
1997,33,deer creek,deer creek,NA,NA,NA,93.98958333333334,4.543183960526664,1997,-4.317042497440134
1997,34,deer creek,deer creek,NA,NA,NA,106.20982142857143,4.665416585026804,1997,-4.005483999031871
1997,35,deer creek,deer creek,NA,NA,NA,95.14880952380952,4.555442082090683,1997,-4.285797795271548
1997,36,deer creek,deer creek,NA,NA,NA,94.07738095238095,4.544117645246459,1997,-4.31466263027721
1997,37,deer creek,deer creek,NA,NA,NA,103.60565476190477,4.640591910979673,1997,-4.068759562337722
1997,38,deer creek,deer creek,NA,NA,NA,108.28720238095238,4.684786978796943,1997,-3.956110840095943
1997,39,deer creek,deer creek,NA,NA,NA,97.31845238095238,4.5779886154147755,1997,-4.228328980415509
1997,40,deer creek,deer creek,NA,NA,NA,112.09288715486196,4.719327877171729,1997,-3.868069611534182
1997,41,deer creek,deer creek,NA,NA,NA,141.00148809523813,4.948770444189414,1997,-3.2832438995501843
1997,42,deer creek,deer creek,NA,NA,NA,105.30952380952381,4.656903859584959,1997,-4.027182068322859
1997,43,deer creek,deer creek,NA,NA,NA,101.45865683229815,4.619651393654485,1997,-4.122134806143603
1997,44,deer creek,deer creek,NA,NA,NA,103.01190476190477,4.634844561763425,1997,-4.083408969555841
1997,45,deer creek,deer creek,NA,NA,NA,108.95386904761905,4.690924572899776,1998,-3.9404667384468284
1997,46,deer creek,deer creek,NA,NA,NA,156.04761904761907,5.050161210975392,1998,-3.0248091716575054
1997,47,deer creek,deer creek,NA,NA,NA,205.92261904761907,5.3275004625296525,1998,-2.3178996937887892
1997,48,deer creek,deer creek,NA,NA,NA,390.75892857142856,5.968090818871444,1998,-0.6851001827512626
1997,49,deer creek,deer creek,NA,NA,NA,326.9375,5.78976902113083,1998,-1.1396242655378823
1997,50,deer creek,deer creek,1,34,168,281.58333333333337,5.64042843692629,1998,-1.5202781896146411
1997,51,deer creek,deer creek,NA,NA,NA,287.14285714285717,5.659979851997808,1998,-1.4704436258363598
1997,52,deer creek,deer creek,NA,NA,NA,165.26339285714286,5.107540521481891,1998,-2.878555158915713
1997,53,deer creek,deer creek,NA,NA,NA,152.90625,5.029824988489397,1998,-3.076644129525286
1998,1,deer creek,deer creek,2,36.5,168,606.4547101449276,6.407630051473723,1998,0.43524051075098114
1998,2,deer creek,deer creek,8,33.6,168,1002.7223875661376,6.910473967563105,1998,1.716938388639209
1998,3,deer creek,deer creek,3,36,168,1851.3348214285713,7.523662182994804,1998,3.279892636106288
1998,4,deer creek,deer creek,124,36.24074074074074,168,850.3735119047618,6.745675678735441,1998,1.296884351369156
1998,5,deer creek,deer creek,134,37.6875,168,2346.410714285714,7.760642083918463,1998,3.883930243796119
1998,6,deer creek,deer creek,NA,NA,NA,2661.130952380952,7.88650648148459,1998,4.204745761495472
1998,7,deer creek,deer creek,NA,NA,NA,1131.998511904762,7.031739944190499,1998,2.0260330001682214
1998,8,deer creek,deer creek,NA,NA,NA,1475.497023809524,7.296750177308458,1998,2.7015170669687363
1998,9,deer creek,deer creek,NA,NA,NA,602.2738095238095,6.400712174999631,1998,0.4176075488862092
1998,10,deer creek,deer creek,NA,NA,NA,427.35267857142856,6.057609617455794,1998,-0.45692589147422286
1998,11,deer creek,deer creek,NA,NA,NA,551.6056547619048,6.312833397429154,1998,0.19361350397571786
1998,12,deer creek,deer creek,NA,NA,NA,1454.1056547619046,7.282146320351645,1998,2.6642933244283102
1998,13,deer creek,deer creek,NA,NA,NA,1175.3511904761904,7.0693222674325344,1998,2.1218265106476517
1998,14,deer creek,deer creek,NA,NA,NA,748.5625,6.618154700707725,1998,0.971846378959241
1998,15,deer creek,deer creek,NA,NA,NA,664.8258928571429,6.4995251911238405,1998,0.669471853140061
1998,16,deer creek,deer creek,NA,NA,NA,581.7380952380952,6.366020338265402,1998,0.32918159383417955
1998,17,deer creek,deer creek,NA,NA,NA,766.8184523809524,6.6422500750198665,1998,1.0332630315916742
1998,18,deer creek,deer creek,NA,NA,NA,850.1443452380953,6.745406152994101,1998,1.296197357732248
1998,19,deer creek,deer creek,NA,NA,NA,903.7916666666667,6.80659887660569,1998,1.4521713717068625
1998,20,deer creek,deer creek,NA,NA,NA,732.7752976190476,6.596839103210746,1998,0.9175150940343539
1998,21,deer creek,deer creek,NA,NA,NA,699.4047619047618,6.550229633163092,1998,0.7987123066522062
1998,22,deer creek,deer creek,NA,NA,NA,1350.8392857142858,7.2084813713830576,1998,2.476528879544383
1998,23,deer creek,deer creek,NA,NA,NA,782.6458333333334,6.662680273526965,1998,1.085337524756524
1998,24,deer creek,deer creek,NA,NA,NA,838.0907738095239,6.731126416584088,1998,1.2597997654219857
1998,25,deer creek,deer creek,NA,NA,NA,530.5669642857142,6.273946178713161,1998,0.09449394796541141
1998,26,deer creek,deer creek,NA,NA,NA,394.94940476190476,5.97875766748663,1998,-0.6579114731012298
1998,27,deer creek,deer creek,NA,NA,NA,317.5342261904762,5.760585611547971,1998,-1.2140098013574
1998,28,deer creek,deer creek,NA,NA,NA,267.57738095238096,5.589408799092575,1998,-1.6503220450731106
1998,29,deer creek,deer creek,NA,NA,NA,232.7531137454982,5.449978294136426,1998,-2.0057161874642344
1998,30,deer creek,deer creek,NA,NA,NA,214.65104166666666,5.369013647520042,1998,-2.212086817458581
1998,31,deer creek,deer creek,NA,NA,NA,198.1437324929972,5.288992689022637,1998,-2.4160520826453142
1998,32,deer creek,deer creek,NA,NA,NA,181.87500000000003,5.203319637925757,1998,-2.6344239556452886
1998,33,deer creek,deer creek,NA,NA,NA,169.19642857142858,5.131060339215478,1998,-2.818605541324838
1998,34,deer creek,deer creek,NA,NA,NA,162.63988095238093,5.091538437349711,1998,-2.919342839978872
1998,35,deer creek,deer creek,NA,NA,NA,150.5818452380952,5.0145067585512715,1998,-3.115688735965765
1998,36,deer creek,deer creek,NA,NA,NA,149.4613095238095,5.007037560164614,1998,-3.13472696117918
1998,37,deer creek,deer creek,NA,NA,NA,143.88244047619048,4.9689965805698,1998,-3.2316895399424785
1998,38,deer creek,deer creek,NA,NA,NA,140.6889880952381,4.946551695920567,1998,-3.2888992626892377
1998,39,deer creek,deer creek,NA,NA,NA,152.69642857142858,5.028451823420806,1998,-3.0801441872928943
1998,40,deer creek,deer creek,NA,NA,NA,145.63244047619045,4.981085916413474,1998,-3.200875055367585
1998,41,deer creek,deer creek,NA,NA,NA,139.50446428571428,4.938096602797497,1998,-3.3104504330751983
1998,42,deer creek,deer creek,NA,NA,NA,134.55208333333334,4.901951360764179,1998,-3.4025809700619987
1998,43,deer creek,deer creek,NA,NA,NA,147.25485248447202,4.992164776042863,1998,-3.17263617164629
1998,44,deer creek,deer creek,NA,NA,NA,137.04761904761907,4.920328449723891,1998,-3.355739643821832
1998,45,deer creek,deer creek,0,NA,161.80645161290323,164.04017857142858,5.100111389107932,1999,-2.8974912599474325
1998,46,deer creek,deer creek,0,NA,161.80645161290323,161.34970238095235,5.083574073940659,1999,-2.939643190352998
1998,47,deer creek,deer creek,4,33.25,168,470.62499999999994,6.154061598554158,1999,-0.211079624797082
1998,48,deer creek,deer creek,0,NA,161.80645161290323,898.4330357142857,6.800652174469326,1999,1.4370138342191117
1998,49,deer creek,deer creek,4,31.5,168,699.2068452380953,6.5499466143936536,1999,0.7979909206622705
1998,50,deer creek,deer creek,105,34.095238095238095,168,333.3943452380953,5.809326009279321,1999,-1.0897754965545658
1998,51,deer creek,deer creek,52,34.09090909090909,168,252.14136904761907,5.529989918500523,1999,-1.8017747140317018
1998,52,deer creek,deer creek,17,34.857142857142854,168,202.10714285714286,5.30879796696732,1999,-2.3655704482842954
1998,53,deer creek,deer creek,0,NA,161.80645161290323,188.34375,5.238268750683318,1999,-2.545342230238712
1999,1,deer creek,deer creek,26,35.44444444444444,168,177.6484375,5.179806527044174,1999,-2.6943564781541602
1999,2,deer creek,deer creek,295,35.43396226415094,168,157.98214285714286,5.062482006748237,1999,-2.993404719320167
1999,3,deer creek,deer creek,5758,36.30681818181818,168,434.87648809523813,6.075062055358147,1999,-0.4124414065124004
1999,4,deer creek,deer creek,1699,35.943396226415096,168,785.4107142857143,6.666206783871225,1999,1.0943262401013183
1999,5,deer creek,deer creek,167,35.588235294117645,168,355.5729166666667,5.8737303383845445,1999,-0.9256154275953
1999,6,deer creek,deer creek,NA,NA,NA,1552.0059523809523,7.347303536032815,1999,2.8303724245139454
1999,7,deer creek,deer creek,NA,NA,NA,859.264880952381,6.756077234116355,1999,1.3233968556112978
1999,8,deer creek,deer creek,NA,NA,NA,1203.2440476190475,7.092776561251429,1999,2.181609114460046
1999,9,deer creek,deer creek,NA,NA,NA,1394.2440476190475,7.240107646025511,1999,2.5571410293541823
1999,10,deer creek,deer creek,NA,NA,NA,897.5327380952382,6.799649596683503,1999,1.4344583656544327
1999,11,deer creek,deer creek,NA,NA,NA,563.8244047619047,6.33474286394735,1999,0.24945850049158322
1999,12,deer creek,deer creek,NA,NA,NA,553.672619047619,6.316573571725961,1999,0.20314682695281702
1999,13,deer creek,deer creek,NA,NA,NA,600.96875,6.398542936511121,1999,0.4120783811297822
1999,14,deer creek,deer creek,NA,NA,NA,447.141369047619,6.102874806464828,1999,-0.34154953941197436
1999,15,deer creek,deer creek,NA,NA,NA,559.9375000000001,6.327825170357797,1999,0.23182600478085538
1999,16,deer creek,deer creek,NA,NA,NA,653.4166666666667,6.482215006442922,1999,0.6253499571371607
1999,17,deer creek,deer creek,NA,NA,NA,611.2946428571429,6.41557907347124,1999,0.4555017574311398
1999,18,deer creek,deer creek,NA,NA,NA,513.0104166666666,6.2402961503577306,1999,0.008723456260053232
1999,19,deer creek,deer creek,NA,NA,NA,423.0773809523809,6.047555096009522,1999,-0.48255384159657866
1999,20,deer creek,deer creek,NA,NA,NA,357.56249999999994,5.879310172028747,1999,-0.9113930004923487
1999,21,deer creek,deer creek,NA,NA,NA,329.2767857142857,5.796898691040356,1999,-1.1214514637982294
1999,22,deer creek,deer creek,NA,NA,NA,295.08184523809524,5.6872527593451165,1999,-1.400927765442269
1999,23,deer creek,deer creek,NA,NA,NA,237.2782738095238,5.46923360345387,1999,-1.9566363670655276
1999,24,deer creek,deer creek,NA,NA,NA,189.67857142857142,5.245330910247195,1999,-2.527341505487534
1999,25,deer creek,deer creek,NA,NA,NA,165.86607142857142,5.1111806640963096,1999,-2.8692768064989327
1999,26,deer creek,deer creek,NA,NA,NA,150.15625,5.011676418604666,1999,-3.1229029839405213
1999,27,deer creek,deer creek,NA,NA,NA,141.49107142857142,4.952236615647713,1999,-3.2744089818742395
1999,28,deer creek,deer creek,NA,NA,NA,134.2544642857143,4.899736986360962,1999,-3.4082251846634715
1999,29,deer creek,deer creek,NA,NA,NA,131.95535714285714,4.882463661919478,1999,-3.4522531276739015
1999,30,deer creek,deer creek,NA,NA,NA,133.11755952380952,4.891232644000773,1999,-3.429901886333958
1999,31,deer creek,deer creek,NA,NA,NA,128.16666666666666,4.853331500277589,1999,-3.526508037716541
1999,32,deer creek,deer creek,NA,NA,NA,132.53198621553886,4.886824021692975,1999,-3.4411390151437473
1999,33,deer creek,deer creek,NA,NA,NA,127.45833333333334,4.847789513802958,1999,-3.5406339962427196
1999,34,deer creek,deer creek,NA,NA,NA,125.63541666666667,4.833384194115407,1999,-3.5773516875243896
1999,35,deer creek,deer creek,NA,NA,NA,125.49255952380952,4.832246470151443,1999,-3.5802516299191907
1999,36,deer creek,deer creek,NA,NA,NA,123.64285714285715,4.817397225560951,1999,-3.6181008405209423
1999,37,deer creek,deer creek,NA,NA,NA,123.22916666666667,4.814045765504596,1999,-3.6266433705279955
1999,38,deer creek,deer creek,NA,NA,NA,122.96577380952382,4.811906054939255,1999,-3.6320972746185927
1999,39,deer creek,deer creek,NA,NA,NA,116.99702380952382,4.76214849694878,1999,-3.7589242172238944
1999,40,deer creek,deer creek,NA,NA,NA,118.29761904761905,4.77320364438805,1999,-3.730745773457786
1999,41,deer creek,deer creek,NA,NA,NA,115.53869047619047,4.749605456345584,1999,-3.7908951489762512
1999,42,deer creek,deer creek,0,NA,161.80645161290323,108.52232142857143,4.686955879273795,1999,-3.9505825338967715
1999,43,deer creek,deer creek,0,NA,161.80645161290323,129.99311531841653,4.867481489964097,1999,-3.4904411565770004
1999,44,deer creek,deer creek,0,NA,161.80645161290323,129.4881024915622,4.863589004267013,1999,-3.5003627057854745
1999,45,deer creek,deer creek,NA,NA,NA,143.37279223334806,4.965448176784145,2000,-3.2407340594373832
1999,46,deer creek,deer creek,0,NA,161.80645161290323,166.58333333333331,5.1154956847124,2000,-2.8582782588587468
1999,47,deer creek,deer creek,0,NA,161.80645161290323,215.73065476190476,5.374030660876895,2000,-2.199298961889354
1999,48,deer creek,deer creek,1,38,168,172.19494047619045,5.148627209890613,2000,-2.7738293788914534
1999,49,deer creek,deer creek,0,NA,161.80645161290323,148.42410714285714,5.00007376459448,2000,-3.1524769661383765
1999,50,deer creek,deer creek,0,NA,161.80645161290323,134.08779761904762,4.898494791509395,2000,-3.4113914127001124
1999,51,deer creek,deer creek,1,36,168,123.22470238095238,4.814009537339609,2000,-3.6267357124271373
1999,52,deer creek,deer creek,19,37.46153846153846,168,111.66071428571429,4.715464936832149,2000,-3.8779158526384867
1999,53,deer creek,deer creek,3,36.5,168,111,4.709530201312334,2000,-3.8930428884406307
2000,1,deer creek,deer creek,13,38.72727272727273,168,106.0059523809524,4.663495247072746,2000,-4.010381293599088
2000,2,deer creek,deer creek,337,37.53703703703704,168,180.0505952380952,5.193237896049404,2000,-2.6601212878688356
2000,3,deer creek,deer creek,525,37.83870967741935,168,517.1854241582216,6.2484014642852275,2000,0.029383075135991078
2000,4,deer creek,deer creek,1116,38.33009708737864,168,597.9571812596006,6.393519148142182,2000,0.3992732567454499
2000,5,deer creek,deer creek,941,39.83495145631068,168,473.15231829573935,6.159417362647911,2000,-0.19742832813465305
2000,6,deer creek,deer creek,1412,39.768,168,489.81912442396316,6.194036189129363,2000,-0.10918846877365991
2000,7,deer creek,deer creek,NA,NA,NA,1843.5163690476188,7.5194300969662775,2000,3.269105480274738
2000,8,deer creek,deer creek,NA,NA,NA,1009.5089285714284,6.917219282262,2000,1.7341315081314317
2000,9,deer creek,deer creek,475,46.17605633802817,168,1569.9092261904764,7.358773078957773,2000,2.8596071201260407
2000,10,deer creek,deer creek,727,44.05769230769231,168,982.8050595238095,6.890410788704397,2000,1.6657993911409736
2000,11,deer creek,deer creek,351,41.15151515151515,168,637.8035714285714,6.458030354166067,2000,0.5637057440744346
2000,12,deer creek,deer creek,432,44.38260869565217,168,478.98660714285705,6.171672636984237,2000,-0.16619088325918446
2000,13,deer creek,deer creek,392,43.13483146067416,168,409.05208333333337,6.01384249104864,2000,-0.5684838346896357
2000,14,deer creek,deer creek,405,46.2027027027027,168,389.7031141888733,5.965385203559522,2000,-0.6919965203477106
2000,15,deer creek,deer creek,192,45.13235294117647,168,402.2529761904762,5.997081184702737,2000,-0.6112066957739486
2000,16,deer creek,deer creek,156,54.36752136752137,168,482.21875,6.178397849271478,2000,-0.14904900276485425
2000,17,deer creek,deer creek,91,52.5,168,362.64732142857144,5.8934307956759024,2000,-0.8754009703932905
2000,18,deer creek,deer creek,115,59.86725663716814,168,295.45535714285717,5.688517749774387,2000,-1.3977034338020384
2000,19,deer creek,deer creek,135,60.166666666666664,168,281.2574404761905,5.639270408195157,2000,-1.523229886790914
2000,20,deer creek,deer creek,54,62.888888888888886,168,252.68005952380955,5.532124101600401,2000,-1.7963348988870524
2000,21,deer creek,deer creek,152,71.88034188034187,168,221.36196741854636,5.399799223307562,2000,-2.1336175233219534
2000,22,deer creek,deer creek,4,57.75,168,200.91250000000002,5.30286948989526,2000,-2.380681531941153
2000,23,deer creek,deer creek,18,71.55555555555556,168,176.87342436974788,5.175434360200922,2000,-2.7055006857014052
2000,24,deer creek,deer creek,11,78.6,168,164.01636904761904,5.099966234109355,2000,-2.8978612452404575
2000,25,deer creek,deer creek,1,78,168,144.2514880952381,4.971558221419838,2000,-3.225160178571381
2000,26,deer creek,deer creek,8,69.5,168,136.76775451559936,4.9182842647986,2000,-3.3609500627946463
2000,27,deer creek,deer creek,NA,NA,NA,135.58333333333331,4.909586457431037,2000,-3.3831198870454466
2000,28,deer creek,deer creek,NA,NA,NA,132.6264880952381,4.887536817193448,2000,-3.4393221720815323
2000,29,deer creek,deer creek,NA,NA,NA,124.78869047619047,4.8266218306446085,2000,-3.594588262598096
2000,30,deer creek,deer creek,NA,NA,NA,116.26842705167174,4.755901544178168,2000,-3.7748470629682145
2000,31,deer creek,deer creek,NA,NA,NA,109.52678571428571,4.696169137737657,2000,-3.9270988773510127
2000,32,deer creek,deer creek,NA,NA,NA,104.30059523809523,4.647277068971221,2000,-4.051719776159636
2000,33,deer creek,deer creek,NA,NA,NA,100.41666666666667,4.609328196136755,2000,-4.1484475841809605
2000,34,deer creek,deer creek,NA,NA,NA,99.08333333333334,4.595961246902782,2000,-4.182518575036855
2000,35,deer creek,deer creek,NA,NA,NA,98.39880952380953,4.589028705649754,2000,-4.200188915928082
2000,36,deer creek,deer creek,NA,NA,NA,109.6875,4.697635413660185,2000,-3.923361489509238
2000,37,deer creek,deer creek,NA,NA,NA,99.34821428571426,4.598630994862606,2000,-4.17571365966428
2000,38,deer creek,deer creek,NA,NA,NA,96.04761904761905,4.564844100230789,2000,-4.261833009554823
2000,39,deer creek,deer creek,NA,NA,NA,100.47916666666666,4.609950409161081,2000,-4.14686162661569
2000,40,deer creek,deer creek,NA,NA,NA,95.35119047619047,4.557566817298224,2000,-4.280382061841264
2000,41,deer creek,deer creek,0,NA,161.80645161290323,115.04823131197558,4.745351443151346,2000,-3.8017381949177564
2000,42,deer creek,deer creek,0,NA,161.80645161290323,106.07971938775509,4.664190881145169,2000,-4.008608193267389
2000,43,deer creek,deer creek,0,NA,161.80645161290323,116.3392857142857,4.756510798823796,2000,-3.773294134989155
2000,44,deer creek,deer creek,0,NA,161.80645161290323,148.9098671698204,5.003341204585198,2000,-3.144148594712904
2000,45,deer creek,deer creek,0,NA,161.80645161290323,112.73429584599798,4.7250336857196915,2001,-3.853526087244509
2000,46,deer creek,deer creek,0,NA,161.80645161290323,114.90469924812031,4.744103082609511,2001,-3.804920138670308
2000,47,deer creek,deer creek,0,NA,161.80645161290323,111.98618421052632,4.71837550842305,2001,-3.8704971023819215
2000,48,deer creek,deer creek,27,NA,168,127.9761904761905,4.8518442347124955,2001,-3.530298926017351
2000,49,deer creek,deer creek,21,NA,168,117.27678571428571,4.764536830824546,2001,-3.752836597661816
2000,50,deer creek,deer creek,0,NA,161.80645161290323,131.4985119047619,4.8789955352401915,2001,-3.4610930290088096
2000,51,deer creek,deer creek,48,33.7,168,132.72916666666666,4.8883107112085975,2001,-3.4373495951343123
2000,52,deer creek,deer creek,23,34.2,168,118.07738095238096,4.77134018032485,2001,-3.7354955533773673
2000,53,deer creek,deer creek,0,NA,161.80645161290323,110.5,4.705015520957808,2001,-3.9045503483990625
2001,1,deer creek,deer creek,13,34.76923076923077,168,107.98511904761905,4.6819934310346545,2001,-3.963231308543786
2001,2,deer creek,deer creek,218,34.52459016393443,168,213.29910714285714,5.362695439546637,2001,-2.228191285450454
2001,3,deer creek,deer creek,234,34.666666666666664,168,131.23809523809524,4.877013194410126,2001,-3.466145813687812
2001,4,deer creek,deer creek,550,34.65573770491803,168,248.71875,5.516322740006123,2001,-1.8366109586644774
2001,5,deer creek,deer creek,181,34.14705882352941,168,165.96577380952382,5.111781585227801,2001,-2.8677451197978177
2001,6,deer creek,deer creek,70,35.29032258064516,168,190.17559523809524,5.247947830827699,2001,-2.5206712417191683
2001,7,deer creek,deer creek,161,35,168,282.1398809523809,5.642402979701066,2001,-1.5152452813835708
2001,8,deer creek,deer creek,NA,NA,NA,845.3392857142857,6.739738068324333,2001,1.2817499877621972
2001,9,deer creek,deer creek,382,35.872727272727275,168,359.9985119047619,5.886099897843729,2001,-0.8940866815928709
2001,10,deer creek,deer creek,101,35.07142857142857,168,686.3288690476189,6.531356913794016,2001,0.7506076690273883
2001,11,deer creek,deer creek,129,34.82608695652174,168,274.2425595238096,5.614012968518609,2001,-1.5876085255663042
2001,12,deer creek,deer creek,309,34.892857142857146,168,319.6011904761904,5.7670739387793954,2001,-1.1974717167202527
2001,13,deer creek,deer creek,311,37.0655737704918,168,333.60416666666663,5.809955160414586,2001,-1.0881718544518402
2001,14,deer creek,deer creek,51,50.17777777777778,168,232.2425595238095,5.447782340684792,2001,-2.011313448938113
2001,15,deer creek,deer creek,67,51.578947368421055,168,197.39732142857142,5.285218557649828,2001,-2.425671958747266
2001,16,deer creek,deer creek,167,52.478873239436616,168,284.56249999999994,5.650952913095001,2001,-1.493452372816006
2001,17,deer creek,deer creek,130,63.039603960396036,168,297.92410714285717,5.696838780053212,2001,-1.3764939759385406
2001,18,deer creek,deer creek,408,67.11475409836065,168,218.74404761904762,5.3879023139831475,2001,-2.163941532316864
2001,19,deer creek,deer creek,479,73.17898832684826,168,174.35416666666669,5.1610886711249835,2001,-2.7420663846333295
2001,20,deer creek,deer creek,553,75.23318385650224,168,148.15625,4.998267460102392,2001,-3.1570810521385284
2001,21,deer creek,deer creek,NA,NA,NA,120.29761904761905,4.7899688309944075,2001,-3.6880130219851623
2001,22,deer creek,deer creek,NA,NA,NA,109.39583333333334,4.694972802729969,2001,-3.930148213320954
2001,23,deer creek,deer creek,NA,NA,NA,104.58333333333334,4.649984201777884,2001,-4.044819570623799
2001,24,deer creek,deer creek,NA,NA,NA,99.08035714285714,4.595931209205469,2001,-4.182595138065004
2001,25,deer creek,deer creek,NA,NA,NA,94.65178571428571,4.550204743978003,2001,-4.2991472361815815
2001,26,deer creek,deer creek,NA,NA,NA,106.79017857142858,4.670865961355748,2001,-3.991594094325577
2001,27,deer creek,deer creek,NA,NA,NA,94.25297619047618,4.545982403447342,2001,-4.309909551732612
2001,28,deer creek,deer creek,NA,NA,NA,89.33928571428571,4.492441320753056,2001,-4.446380313082952
2001,29,deer creek,deer creek,NA,NA,NA,87.01488095238096,4.466079149457649,2001,-4.513574800128994
2001,30,deer creek,deer creek,NA,NA,NA,82.58035714285714,4.413771845259165,2001,-4.646900785875499
2001,31,deer creek,deer creek,NA,NA,NA,78.72619047619047,4.365975888831349,2001,-4.768727806080079
2001,32,deer creek,deer creek,NA,NA,NA,75.22172619047618,4.320440101336124,2001,-4.884793886096497
2001,33,deer creek,deer creek,NA,NA,NA,74.00595238095238,4.304145527549679,2001,-4.926327093469474
2001,34,deer creek,deer creek,NA,NA,NA,75.96428571428571,4.330263305025033,2001,-4.859755541355142
2001,35,deer creek,deer creek,NA,NA,NA,75.71130952380953,4.326927548542167,2001,-4.868258044554329
2001,36,deer creek,deer creek,NA,NA,NA,74.10565476190477,4.305491841966697,2001,-4.922895475275338
2001,37,deer creek,deer creek,NA,NA,NA,79.43005952380952,4.374876880031762,2001,-4.746040086953647
2001,38,deer creek,deer creek,NA,NA,NA,77.45535714285714,4.349701733519965,2001,-4.810208968841758
2001,39,deer creek,deer creek,NA,NA,NA,88.61904761904762,4.484346818918827,2001,-4.467012373035426
2001,40,deer creek,deer creek,NA,NA,NA,81.27976190476191,4.397897054504546,2001,-4.687364009096637
2001,41,deer creek,deer creek,NA,NA,NA,81.46428571428571,4.400164712109184,2001,-4.681583981046889
2001,42,deer creek,deer creek,NA,NA,NA,79.44642857142857,4.375082940070892,2001,-4.745514860921432
2001,43,deer creek,deer creek,NA,NA,NA,78.95095755693582,4.368826869278331,2001,-4.761460947574131
2001,44,deer creek,deer creek,0,NA,161.80645161290323,97.14732142857142,4.576228603941253,2001,-4.2328150702308465
2001,45,deer creek,deer creek,0,NA,161.80645161290323,83.93898809523809,4.4300902027367375,2002,-4.605306956298555
2001,46,deer creek,deer creek,321,NA,168,158.08630952380955,5.063141146688673,2002,-2.9917246388103775
2001,47,deer creek,deer creek,155,NA,168,283.5654761904762,5.647443053081605,2002,-1.5023986481649048
2001,48,deer creek,deer creek,0,NA,161.80645161290323,475.516369047619,6.164401306309049,2002,-0.18472476384839567
2001,49,deer creek,deer creek,3,34.333333333333336,168,400.08035714285717,5.991665419788857,2002,-0.6250109284098817
2001,50,deer creek,deer creek,0,NA,161.80645161290323,244.48363095238096,5.499148357603721,2002,-1.8803867085042882
2001,51,deer creek,deer creek,34,34.25,168,520.2053571428571,6.254223651198466,2002,0.04422323601414407
2001,52,deer creek,deer creek,22,34.77777777777778,168,356.42857142857144,5.876133859130306,2002,-0.9194890982498832
2001,53,deer creek,deer creek,1,37,168,1051.0520833333333,6.957546925627527,2002,1.8369225597241534
2002,1,deer creek,deer creek,NA,NA,NA,1174.4895833333333,7.068588935037359,2002,2.119957321134546
2002,2,deer creek,deer creek,189,35.55357142857143,168,476.8616071428572,6.167226317015994,2002,-0.17752409956222467
2002,3,deer creek,deer creek,83,35.95652173913044,168,237.13244047619054,5.4686188056277025,2002,-1.9582034240466626
2002,4,deer creek,deer creek,47,36.3,168,194.20684523809524,5.268923803629914,2002,-2.4672056255169807
2002,5,deer creek,deer creek,31,35.93333333333333,168,171.9449404761905,5.147174312055666,2002,-2.7775326673518594
2002,6,deer creek,deer creek,323,35.88095238095238,168,183.55115914786964,5.212493425084274,2002,-2.6110409074328107
2002,7,deer creek,deer creek,710,35.4,168,186.17113095238096,5.226666309602229,2002,-2.5749156697020052
2002,8,deer creek,deer creek,7203,37.41538461538462,168,449.24851190476187,6.10757621325921,2002,-0.329566132794845
2002,9,deer creek,deer creek,342,37.31666666666667,168,316.8095238095238,5.758300722018465,2002,-1.2198337518268672
2002,10,deer creek,deer creek,5455,38.56716417910448,168,477.8819392230576,6.16936371291153,2002,-0.17207609532898108
2002,11,deer creek,deer creek,639,39.203125,168,402.18898809523813,5.996922097787301,2002,-0.6116121921027113
2002,12,deer creek,deer creek,80,38.627906976744185,168,324.360119047619,5.781854377099409,2002,-1.1597978862872493
2002,13,deer creek,deer creek,67,39.575,168,365.90922619047615,5.902385286767327,2002,-0.8525768854989078
2002,14,deer creek,deer creek,1496,37.5,168,463.68500384024577,6.1392054506550195,2002,-0.248946431228791
2002,15,deer creek,deer creek,442,41.04109589041096,168,441.70982142857144,6.090653153873888,2002,-0.37270128588614326
2002,16,deer creek,deer creek,545,54.334841628959275,168,339.08333333333337,5.826245898213689,2002,-1.0466484246195247
2002,17,deer creek,deer creek,125,58.831932773109244,168,273.59970238095235,5.611666097958887,2002,-1.5935904593629133
2002,18,deer creek,deer creek,355,63.417582417582416,168,235.33928571428572,5.46102824190874,2002,-1.9775509971190997
2002,19,deer creek,deer creek,407,65.96808510638297,168,196.53720238095238,5.280851738483487,2002,-2.436802535611253
2002,20,deer creek,deer creek,740,67.13805970149254,168,173.64583333333334,5.157017784277003,2002,-2.752442660187695
2002,21,deer creek,deer creek,604,68.92857142857143,168,172.50148809523807,5.150405863073266,2002,-2.769295773260037
2002,22,deer creek,deer creek,513,72.29885057471265,168,139.36458333333334,4.937093401005783,2002,-3.3130074921672783
2002,23,deer creek,deer creek,NA,NA,NA,122.21428571428571,4.8057759442769346,2002,-3.6477223017407665
2002,24,deer creek,deer creek,NA,NA,NA,113.60565476190477,4.732733282881845,2002,-3.8339005990411836
2002,25,deer creek,deer creek,NA,NA,NA,107.62797619047619,4.678680615703306,2002,-3.971675337086572
2002,26,deer creek,deer creek,NA,NA,NA,99.37738095238095,4.59892453195672,2002,-4.174965463537073
2002,27,deer creek,deer creek,NA,NA,NA,88.88988095238095,4.487398310983713,2002,-4.459234430857317
2002,28,deer creek,deer creek,NA,NA,NA,81.46875,4.400219511133775,2002,-4.681444303919889
2002,29,deer creek,deer creek,NA,NA,NA,79.56636904761903,4.3765915041705465,2002,-4.741669684827382
2002,30,deer creek,deer creek,NA,NA,NA,79.36636904761905,4.374074714892675,2002,-4.748084724113581
2002,31,deer creek,deer creek,NA,NA,NA,76.65773809523809,4.339350553845807,2002,-4.83659307054311
2002,32,deer creek,deer creek,NA,NA,NA,76.38988095238095,4.335850239133164,2002,-4.845515015893521
2002,33,deer creek,deer creek,NA,NA,NA,75.37053571428571,4.322416425622154,2002,-4.879756436974862
2002,34,deer creek,deer creek,NA,NA,NA,78.25744047619048,4.360003910857586,2002,-4.783949769100523
2002,35,deer creek,deer creek,NA,NA,NA,78.9940476190476,4.36937250303399,2002,-4.760070182757544
2002,36,deer creek,deer creek,NA,NA,NA,79.24702380952381,4.372569857598245,2002,-4.751920451939018
2002,37,deer creek,deer creek,NA,NA,NA,78.7172619047619,4.365862469425167,2002,-4.769016900583488
2002,38,deer creek,deer creek,NA,NA,NA,76.45684523809526,4.336726467125319,2002,-4.843281600071716
2002,39,deer creek,deer creek,NA,NA,NA,76.3735119047619,4.335635933239905,2002,-4.846061259767255
2002,40,deer creek,deer creek,NA,NA,NA,79.1622023809524,4.3714989422391115,2002,-4.754650106011148
2002,41,deer creek,deer creek,NA,NA,NA,77.71130952380952,4.35300080049867,2002,-4.8017999834482366
2002,42,deer creek,deer creek,NA,NA,NA,80.04910714285714,4.382640285637324,2002,-4.726251957533252
2002,43,deer creek,deer creek,NA,NA,NA,82.65773809523809,4.4147084447512634,2002,-4.644513489255131
2002,44,deer creek,deer creek,NA,NA,NA,82.875,4.417333448506026,2002,-4.637822622299648
2002,45,deer creek,deer creek,0,NA,161.80645161290323,184.69494047619045,5.218705493631242,2003,-2.595206978018162
2002,46,deer creek,deer creek,0,NA,161.80645161290323,120.8764880952381,4.794769264723433,2003,-3.675777205807282
2002,47,deer creek,deer creek,0,NA,161.80645161290323,94.88988095238095,4.55271707139937,2003,-4.292743569712731
2002,48,deer creek,deer creek,0,NA,161.80645161290323,91.0625,4.511546083955424,2003,-4.39768421938361
2002,49,deer creek,deer creek,0,NA,161.80645161290323,91,4.51085950651685,2003,-4.399434235278941
2002,50,deer creek,deer creek,0,NA,161.80645161290323,1174.0714285714287,7.068232840591267,2003,2.119049672694781
2002,51,deer creek,deer creek,NA,NA,NA,874.4151785714286,6.773555295553647,2003,1.3679466523513972
2002,52,deer creek,deer creek,NA,NA,NA,1551.107142857143,7.3467242406469495,2003,2.8288958596337173
2002,53,deer creek,deer creek,NA,NA,NA,1330,7.1929342212158,2003,2.4369007787779378
2003,1,deer creek,deer creek,NA,NA,NA,637.4181547619047,6.457425884103354,2003,0.5621650115094435
2003,2,deer creek,deer creek,10,33,168,913.6815476190477,6.817482094571413,2003,1.4799115847728632
2003,3,deer creek,deer creek,124,35.06896551724138,168,732.1979166666667,6.596050855375705,2003,0.9155059306635839
2003,4,deer creek,deer creek,92,34,168,804.2982843137255,6.689970200765544,2003,1.154896767118312
2003,5,deer creek,deer creek,549,33.779661016949156,168,491.72767857142856,6.197925064416719,2003,-0.09927612213150748
2003,6,deer creek,deer creek,NA,NA,NA,311.1309523809524,5.740213892303709,2003,-1.2659352368431593
2003,7,deer creek,deer creek,NA,NA,NA,474.09523809523813,6.16140822576406,2003,-0.1923538210172598
2003,8,deer creek,deer creek,NA,NA,NA,383.02529761904765,5.948101038224028,2003,-0.7360520956917583
2003,9,deer creek,deer creek,407,36.30769230769231,168,268.88690476190476,5.594290862802636,2003,-1.6378781623956304
2003,10,deer creek,deer creek,500,35.99193548387097,168,224.91220238095238,5.415710114411835,2003,-2.093062283989927
2003,11,deer creek,deer creek,60,37.3125,168,1188.2604166666665,7.080245681848849,2003,2.1496691803682406
2003,12,deer creek,deer creek,464,42.26315789473684,168,585.796130952381,6.37297182964731,2003,0.34690023667198105
2003,13,deer creek,deer creek,597,41.660377358490564,168,769.0511510327024,6.6451574835909355,2003,1.0406737196331515
2003,14,deer creek,deer creek,116,42.741379310344826,168,490.16220238095235,6.1947363615951465,2003,-0.1074038005399679
2003,15,deer creek,deer creek,35,43.03703703703704,168,729.8675595238094,6.592863092373024,2003,0.9073806477576638
2003,16,deer creek,deer creek,162,49.11818181818182,168,585.686011904762,6.372783830114215,2003,0.34642104502840776
2003,17,deer creek,deer creek,130,47.41025641025641,168,1207.0476190476188,7.095932672719984,2003,2.1896537208323075
2003,18,deer creek,deer creek,NA,NA,NA,1285.3675595238096,7.158799994968026,2003,2.349896116008286
2003,19,deer creek,deer creek,NA,NA,NA,849.4166666666666,6.744549839380412,2003,1.2940147016309136
2003,20,deer creek,deer creek,221,61.53921568627451,168,575.4761904761905,6.35519785541416,2003,0.3015961883831316
2003,21,deer creek,deer creek,160,66.3409090909091,168,464.13392857142856,6.140173149740548,2003,-0.2464798649153278
2003,22,deer creek,deer creek,14,59.166666666666664,168,373.27232142857144,5.922308237520854,2003,-0.8017953151447225
2003,23,deer creek,deer creek,NA,NA,NA,274.0550595238095,5.613329033368081,2003,-1.5893518065387824
2003,24,deer creek,deer creek,NA,NA,NA,217.01636904761907,5.37997278409467,2003,-2.1841530955982753
2003,25,deer creek,deer creek,NA,NA,NA,185.3050595238095,5.222003437418334,2003,-2.586800855525551
2003,26,deer creek,deer creek,NA,NA,NA,163.81696428571428,5.098749733124123,2003,-2.900961982231266
2003,27,deer creek,deer creek,NA,NA,NA,156.12053571428572,5.050628373732902,2003,-3.023618421415192
2003,28,deer creek,deer creek,NA,NA,NA,152.3125,5.025934331385425,2003,-3.086561017836339
2003,29,deer creek,deer creek,NA,NA,NA,145.5922619047619,4.98080998809177,2003,-3.201578368529108
2003,30,deer creek,deer creek,NA,NA,NA,130.25,4.869455680633476,2003,-3.4854091458266887
2003,31,deer creek,deer creek,NA,NA,NA,125.22916666666666,4.830145392131271,2003,-3.585607063590685
2003,32,deer creek,deer creek,NA,NA,NA,116.96428571428574,4.761868637894149,2003,-3.759637549422915
2003,33,deer creek,deer creek,NA,NA,NA,111,4.709530201312334,2003,-3.8930428884406307
2003,34,deer creek,deer creek,NA,NA,NA,112.80059523809523,4.725621615983504,2003,-3.8520275129407078
2003,35,deer creek,deer creek,NA,NA,NA,103.87946428571429,4.643231229731907,2003,-4.062032207913077
2003,36,deer creek,deer creek,NA,NA,NA,100.36458333333334,4.608809389380631,2003,-4.149769969710709
2003,37,deer creek,deer creek,NA,NA,NA,100.33928571428571,4.608557300377049,2003,-4.1504125188807235
2003,38,deer creek,deer creek,NA,NA,NA,97.3125,4.577927449594217,2003,-4.228484885856345
2003,39,deer creek,deer creek,NA,NA,NA,95.31845238095238,4.557223416061727,2003,-4.2812573565838266
2003,40,deer creek,deer creek,NA,NA,NA,97.60714285714285,4.580950675752864,2003,-4.22077899059157
2003,41,deer creek,deer creek,NA,NA,NA,97.85401002506265,4.583476674352016,2003,-4.214340477684304
2003,42,deer creek,deer creek,NA,NA,NA,99.3453320802005,4.598601983296134,2003,-4.175787607189529
2003,43,deer creek,deer creek,NA,NA,NA,97.33333333333333,4.578141513600172,2003,-4.2279392585286875
2003,44,deer creek,deer creek,NA,NA,NA,104.64583333333334,4.650581632842154,2003,-4.043296779748225
2003,45,deer creek,deer creek,NA,NA,NA,131.51785714285714,4.879142638161581,2004,-3.460718078659121
2003,46,deer creek,deer creek,0,NA,161.80645161290323,138.9717261904762,4.934270503738726,2004,-3.3202027695106366
2003,47,deer creek,deer creek,0,NA,161.80645161290323,117.94642857142857,4.770230526221276,2004,-3.7383239485597155
2003,48,deer creek,deer creek,0,NA,161.80645161290323,130.84970238095238,4.874049354468045,2004,-3.4737003395409
2003,49,deer creek,deer creek,2,36,168,242.34375,5.490357172810913,2004,-1.9027945422923431
2003,50,deer creek,deer creek,5,36,168,500.50446428571433,6.2156165183672725,2004,-0.054182409630168495
2003,51,deer creek,deer creek,12,35,168,236.73214285714283,5.466929303063701,2004,-1.9625097938399145
2003,52,deer creek,deer creek,16,37,168,744.0327380952382,6.612085036681177,2004,0.9563754241492022
2003,53,deer creek,deer creek,NA,NA,NA,476.3020833333333,6.16605228179123,2004,-0.18051659565892372
2004,1,deer creek,deer creek,NA,NA,NA,594.0922619047618,6.387034630373255,2004,0.3827448820398392
2004,2,deer creek,deer creek,36,36.46153846153846,168,487.99702380952385,6.190309307083574,2004,-0.11868791115804234
2004,3,deer creek,deer creek,908,35.723076923076924,168,274.7738095238095,5.615948248396436,2004,-1.5826756944567597
2004,4,deer creek,deer creek,1188,36.73684210526316,168,211.9657738095238,5.356424817343781,2004,-2.2441744621645
2004,5,deer creek,deer creek,733,36.85,168,358.19940476190476,5.881089827877338,2004,-0.9068568391676796
2004,6,deer creek,deer creek,1608,36.89523809523809,168,311.82142857142856,5.7424306796356035,2004,-1.2602848719324824
2004,7,deer creek,deer creek,1292,36.86842105263158,168,1459.6205357142858,7.285931773875683,2004,2.67394205953947
2004,8,deer creek,deer creek,NA,NA,NA,1430.232142857143,7.265592047740959,2004,2.62209817122827
2004,9,deer creek,deer creek,NA,NA,NA,1386.4017857142858,7.234467026422989,2004,2.542763665040515
2004,10,deer creek,deer creek,NA,NA,NA,580.03125,6.363081981399372,2004,0.3216920217439804
2004,11,deer creek,deer creek,NA,NA,NA,653.5252976190476,6.48238124328526,2004,0.6257736779006697
2004,12,deer creek,deer creek,2233,37,168,693.1681547619047,6.54127261731982,2004,0.7758817864227612
2004,13,deer creek,deer creek,1745,41.31506849315068,168,583.9732142857143,6.3698551158272325,2004,0.33895605088915504
2004,14,deer creek,deer creek,200,46.535714285714285,168,478.40624999999994,6.170460266932355,2004,-0.1692810909220261
2004,15,deer creek,deer creek,256,45.79012345679013,168,420.34375,6.041072828908855,2004,-0.49907647957824763
2004,16,deer creek,deer creek,912,51.227777777777774,168,353.5863095238096,5.868127612603909,2004,-0.9398962044201973
2004,17,deer creek,deer creek,367,55.51555555555556,168,328.1086309523809,5.793344745480194,2004,-1.1305101087113758
2004,18,deer creek,deer creek,764,60.03088803088803,168,280.5,5.636573724962751,2004,-1.5301034574272863
2004,19,deer creek,deer creek,926,59.75747508305648,168,244.56696428571428,5.499489153975104,2004,-1.8795180532973381
2004,20,deer creek,deer creek,350,59.723684210526315,168,203.10714285714286,5.3137336371315955,2004,-2.352989928220125
2004,21,deer creek,deer creek,176,59.38931297709924,168,192.94494047619045,5.262404865697305,2004,-2.4838217337107302
2004,22,deer creek,deer creek,88,59.27160493827161,168,171.26041666666669,5.143185302543041,2004,-2.787700245925682
2004,23,deer creek,deer creek,1,73,168,139.04761904761907,4.934816457538904,2004,-3.3188111889331977
2004,24,deer creek,deer creek,NA,NA,NA,128.78125,4.8581152285390905,2004,-3.514314802072281
2004,25,deer creek,deer creek,NA,NA,NA,116.60267857142856,4.7587722459632404,2004,-3.7675299367820374
2004,26,deer creek,deer creek,NA,NA,NA,113.58482142857143,4.73254988317477,2004,-3.8343680661971766
2004,27,deer creek,deer creek,NA,NA,NA,113.92708333333334,4.73555862386739,2004,-3.826699092908533
2004,28,deer creek,deer creek,NA,NA,NA,105.02427944862156,4.6541915562713445,2004,-4.034095452953788
2004,29,deer creek,deer creek,NA,NA,NA,100.04910714285714,4.605661136880548,2004,-4.157794544373545
2004,30,deer creek,deer creek,NA,NA,NA,96.72321428571429,4.571853438650473,2004,-4.2439669205151525
2004,31,deer creek,deer creek,NA,NA,NA,93.95535714285714,4.542819745445717,2004,-4.317970844550257
2004,32,deer creek,deer creek,NA,NA,NA,92.32440476190477,4.525308513513996,2004,-4.362605189498972
2004,33,deer creek,deer creek,NA,NA,NA,88.88690476190474,4.48736482865401,2004,-4.459319773902255
2004,34,deer creek,deer creek,NA,NA,NA,90.11309523809523,4.5010654952086195,2004,-4.424398171618066
2004,35,deer creek,deer creek,NA,NA,NA,89.32142857142856,4.492241420702415,2004,-4.446889837932509
2004,36,deer creek,deer creek,NA,NA,NA,89.40178571428571,4.4931406564127085,2004,-4.444597777782775
2004,37,deer creek,deer creek,NA,NA,NA,89.94940476190477,4.499247342941682,2004,-4.429032456388447
2004,38,deer creek,deer creek,NA,NA,NA,97.33035714285712,4.578110935833264,2004,-4.228017198139176
2004,39,deer creek,deer creek,NA,NA,NA,96.48214285714286,4.569357943108916,2004,-4.250327684238352
2004,40,deer creek,deer creek,NA,NA,NA,98.26339285714286,4.5876515555270645,2004,-4.203699131192316
2004,41,deer creek,deer creek,NA,NA,NA,96.03869047619047,4.5647511360684065,2004,-4.2620699657271714
2004,42,deer creek,deer creek,NA,NA,NA,128.01190476190476,4.852123265547212,2004,-3.5295877048664552
2004,43,deer creek,deer creek,0,NA,161.80645161290323,175.40029761904762,5.167070776738511,2004,-2.7268186072916265
2004,44,deer creek,deer creek,0,NA,161.80645161290323,134.2234805764411,4.899506176270198,2004,-3.4088134960540666
2004,45,deer creek,deer creek,0,NA,161.80645161290323,119.40327380952382,4.782506619422845,2005,-3.707033438519195
2004,46,deer creek,deer creek,0,NA,161.80645161290323,118.46130952380953,4.774586405353053,2005,-3.7272212567285123
2004,47,deer creek,deer creek,0,NA,161.80645161290323,102.63095238095238,4.631139567366612,2005,-4.092852622554399
2004,48,deer creek,deer creek,0,NA,161.80645161290323,116.14136904761905,4.754808147782288,2005,-3.7776340189111006
2004,49,deer creek,deer creek,0,NA,161.80645161290323,297.43898809523813,5.6952091219206755,2005,-1.380647808377042
2004,50,deer creek,deer creek,10,35.75,168,306.7916666666667,5.726168907020771,2005,-1.3017344724630515
2004,51,deer creek,deer creek,0,NA,161.80645161290323,137.97767857142858,4.927091922591945,2005,-3.3385002410076217
2004,52,deer creek,deer creek,0,NA,161.80645161290323,314.9375,5.752374206440817,2005,-1.2349398358344392
2004,53,deer creek,deer creek,NA,NA,NA,778.46875,6.6573288491710025,2005,1.071697289643295
2005,1,deer creek,deer creek,40,34.291666666666664,168,411.0833333333333,6.018795951445738,2005,-0.5558579691356911
2005,2,deer creek,deer creek,28,35.214285714285715,168,461.58070175438604,6.1346569070287496,2005,-0.2605402052145859
2005,3,deer creek,deer creek,208,35.26315789473684,168,262.6800595238095,5.570936787924731,2005,-1.697405318344621
2005,4,deer creek,deer creek,449,35.02,168,363.2157738095238,5.89499707587638,2005,-0.871408681842317
2005,5,deer creek,deer creek,1254,35.59036144578313,168,352.8809523809524,5.866130754673547,2005,-0.944985991707859
2005,6,deer creek,deer creek,610,35.198113207547166,168,205.69494047619045,5.326394199740904,2005,-2.320719444855387
2005,7,deer creek,deer creek,1561,36.32432432432432,168,246.5267857142857,5.507470651734541,2005,-1.859174029210904
2005,8,deer creek,deer creek,356,37.142857142857146,168,329.889880952381,5.798758904688572,2005,-1.1167099688550677
2005,9,deer creek,deer creek,3717,37.32089552238806,168,413.67410714285717,6.025078483021454,2005,-0.53984443664437
2005,10,deer creek,deer creek,2958,37.53636363636364,168,322.31398809523813,5.775526188733584,2005,-1.1759277932819143
2005,11,deer creek,deer creek,5427,42.38048780487805,168,270.8258928571429,5.601476152630934,2005,-1.6195635911534016
2005,12,deer creek,deer creek,747,44.97560975609756,168,621.78125,6.432588342779521,2005,0.4988566508270825
2005,13,deer creek,deer creek,728,49.84516129032258,168,806.4122023809523,6.692595029123441,2005,1.1615871870050654
2005,14,deer creek,deer creek,982,51.78021978021978,168,499.83184523809524,6.214271732333652,2005,-0.05761013213084049
2005,15,deer creek,deer creek,698,53.97746478873239,168,472.4925595238095,6.158021999770255,2005,-0.20098496585453415
2005,16,deer creek,deer creek,435,59.65972222222222,168,351.94125939849624,5.863464284963812,2005,-0.9517825511551702
2005,17,deer creek,deer creek,856,63.3425,168,337.9404761904762,5.8228697740292095,2005,-1.0552538209746947
2005,18,deer creek,deer creek,1159,66.29716981132076,168,321.94940476190476,5.774394405129882,2005,-1.1788125943040184
2005,19,deer creek,deer creek,1526,65.3125,168,585.0133928571429,6.371634740742692,2005,0.3434921333684276
2005,20,deer creek,deer creek,245,66.36363636363636,168,924.7782738095239,6.829554004789128,2005,1.510681653203705
2005,21,deer creek,deer creek,266,62.46524064171123,168,727.767857142857,6.589982119793408,2005,0.9000373423632879
2005,22,deer creek,deer creek,99,64.11363636363636,168,377.88839285714283,5.934598895030975,2005,-0.7704676821665138
2005,23,deer creek,deer creek,76,65.90666666666667,168,283.921130952381,5.648696491679071,2005,-1.4992037609662499
2005,24,deer creek,deer creek,13,75.07692307692308,168,224.9285714285714,5.415782891485766,2005,-2.0928767826479966
2005,25,deer creek,deer creek,3,68,168,191.31845238095238,5.253939329614379,2005,-2.5053995221367185
2005,26,deer creek,deer creek,NA,NA,NA,151.16964285714286,5.018402668833137,2005,-3.1057584578398125
2005,27,deer creek,deer creek,NA,NA,NA,136.42559523809524,4.91577937617874,2005,-3.3673347685168284
2005,28,deer creek,deer creek,NA,NA,NA,128.08333333333334,4.852681093750595,2005,-3.528165857645826
2005,29,deer creek,deer creek,NA,NA,NA,118.41666666666667,4.774209478309101,2005,-3.728182005336369
2005,30,deer creek,deer creek,NA,NA,NA,110.4955357142857,4.7049751193659795,2005,-3.9046533279377487
2005,31,deer creek,deer creek,NA,NA,NA,104.88392857142858,4.652854296528791,2005,-4.037503991705823
2005,32,deer creek,deer creek,NA,NA,NA,100.48809523809526,4.610039265140406,2005,-4.14663514178313
2005,33,deer creek,deer creek,NA,NA,NA,97.21428571428571,4.576917673036207,2005,-4.231058703357425
2005,34,deer creek,deer creek,NA,NA,NA,93.75595238095238,4.540695154898477,2005,-4.323386209256183
2005,35,deer creek,deer creek,NA,NA,NA,90.71874999999999,4.507764061224903,2005,-4.407324209751858
2005,36,deer creek,deer creek,NA,NA,NA,90.54017857142857,4.5057937142990925,2005,-4.412346423191677
2005,37,deer creek,deer creek,NA,NA,NA,95.95982142857143,4.563929577075342,2005,-4.264164035843719
2005,38,deer creek,deer creek,NA,NA,NA,91.47321428571429,4.516046189377906,2005,-4.386213909441065
2005,39,deer creek,deer creek,NA,NA,NA,91.70982142857144,4.518629477437472,2005,-4.379629371539783
2005,40,deer creek,deer creek,NA,NA,NA,95.53869047619047,4.559531301317644,2005,-4.275374792352119
2005,41,deer creek,deer creek,NA,NA,NA,92.44642857142857,4.526629326166752,2005,-4.359238572702072
2005,42,deer creek,deer creek,NA,NA,NA,96.64732142857143,4.57106849113239,2005,-4.24596767171446
2005,43,deer creek,deer creek,NA,NA,NA,98.91517857142857,4.594262700780236,2005,-4.186847995938857
2005,44,deer creek,deer creek,NA,NA,NA,114.24553571428574,4.7383499543000305,2005,-3.819584276207908
2005,45,deer creek,deer creek,4,NA,168,227.2619047619048,5.42610311787648,2006,-2.0665715777105023
2005,46,deer creek,deer creek,0,NA,161.80645161290323,115.60863095238095,4.750210615669021,2006,-3.789352659555946
2005,47,deer creek,deer creek,NA,NA,NA,103.49404761904762,4.639514100124531,2006,-4.071506792326192
2005,48,deer creek,deer creek,0,NA,161.80645161290323,311.0163690476191,5.739845544387766,2006,-1.266874118128351
2005,49,deer creek,deer creek,5,31.666666666666668,168,226.45386904761907,5.422541255515877,2006,-2.0756504017408663
2005,50,deer creek,deer creek,1,34,168,132.69791666666666,4.888075241641951,2006,-3.437949783053907
2005,51,deer creek,deer creek,0,NA,161.80645161290323,1258.4747023809525,7.137655712967655,2006,2.2960014968188815
2005,52,deer creek,deer creek,NA,NA,NA,2192.360119047619,7.692733922460817,2006,3.710839263381263
2005,53,deer creek,deer creek,NA,NA,NA,1710,7.444248649496705,2006,3.07747563531667
2006,1,deer creek,deer creek,NA,NA,NA,2229.364583333333,7.709471883641722,2006,3.7535026200200035
2006,2,deer creek,deer creek,NA,NA,NA,824.2217261904763,6.714439578895164,2006,1.21726671735234
2006,3,deer creek,deer creek,NA,NA,NA,970.6145833333333,6.877929461928644,2006,1.6339857616431297
2006,4,deer creek,deer creek,NA,NA,NA,502.1770833333333,6.218952813132176,2006,-0.045678534404946736
2006,5,deer creek,deer creek,NA,NA,NA,831.9047619047618,6.7237179654046795,2006,1.2409163786467574
2006,6,deer creek,deer creek,11,34.42857142857143,168,778.84375,6.6578104480886875,2006,1.0729248361861479
2006,7,deer creek,deer creek,19,34.705882352941174,168,451.6041666666667,6.112806058687033,2006,-0.31623578997464385
2006,8,deer creek,deer creek,34,35.94444444444444,168,339.4330357142857,5.827276683697633,2006,-1.0440210575080693
2006,9,deer creek,deer creek,31,35.38461538461539,168,1904.3601190476195,7.551901335622207,2006,3.351871357212006
2006,10,deer creek,deer creek,NA,NA,NA,1749.4627976190475,7.467064047002653,2006,3.1356297575619347
2006,11,deer creek,deer creek,NA,NA,NA,987.7589285714286,6.895438668553535,2006,1.6786149442912106
2006,12,deer creek,deer creek,36,36.55,168,882.4940476190477,6.78275204387711,2006,1.3913882262324648
2006,13,deer creek,deer creek,NA,NA,NA,1679.3005952380954,7.42613267335698,2006,3.0312998590345672
2006,14,deer creek,deer creek,11,35.857142857142854,168,2138.601190476191,7.667907244983858,2006,3.6475585935370294
2006,15,deer creek,deer creek,NA,NA,NA,1932.0988408521303,7.566362173325193,2006,3.3887305582550353
2006,16,deer creek,deer creek,NA,NA,NA,1626.3988095238094,7.394123530343757,2006,2.9497118167805643
2006,17,deer creek,deer creek,NA,NA,NA,1217.0827067669175,7.104212050223918,2006,2.2107570100190483
2006,18,deer creek,deer creek,NA,NA,NA,1251.406171679198,7.132023135371822,2006,2.281644630760396
2006,19,deer creek,deer creek,6,64.83333333333333,168,889.203869047619,6.790326533236242,2006,1.4106948274004516
2006,20,deer creek,deer creek,26,68.68181818181819,168,764.350313283208,6.639026209315747,2006,1.0250457265804074
2006,21,deer creek,deer creek,53,68.28846153846153,168,573.3452380952381,6.351488045043419,2006,0.29214025995801307
2006,22,deer creek,deer creek,16,75.625,168,416.7425595238095,6.0324686678993835,2006,-0.5210076088093869
2006,23,deer creek,deer creek,6,77.66666666666667,168,336.11112155388474,5.817441824198131,2006,-1.0690891117223325
2006,24,deer creek,deer creek,NA,NA,NA,288.88095238095235,5.666014673768505,2006,-1.4550614803843693
2006,25,deer creek,deer creek,NA,NA,NA,244.57440476190476,5.499519576575447,2006,-1.879440509190605
2006,26,deer creek,deer creek,NA,NA,NA,220.43601190476193,5.395607457328799,2006,-2.144301907457227
2006,27,deer creek,deer creek,NA,NA,NA,203.19791666666666,5.314180463027096,2006,-2.35185101456576
2006,28,deer creek,deer creek,NA,NA,NA,191.8244047619048,5.2565803950322225,2006,-2.4986677156395074
2006,29,deer creek,deer creek,NA,NA,NA,180.4404761904762,5.1954009515883435,2006,-2.654607879820522
2006,30,deer creek,deer creek,NA,NA,NA,174.37053571428572,5.161182550609397,2006,-2.7418270953984387
2006,31,deer creek,deer creek,NA,NA,NA,173.74542606516292,5.15759115929358,2006,-2.7509811857252093
2006,32,deer creek,deer creek,NA,NA,NA,169.4360432330827,5.132475529556606,2006,-2.814998365421949
2006,33,deer creek,deer creek,NA,NA,NA,159.7782738095238,5.073787065450186,2006,-2.964589277223589
2006,34,deer creek,deer creek,NA,NA,NA,157.3764880952381,5.058640948048087,2006,-3.003195186356366
2006,35,deer creek,deer creek,NA,NA,NA,151.7514880952381,5.022244236120444,2006,-3.0959666944668016
2006,36,deer creek,deer creek,NA,NA,NA,146.5985275689223,4.9876977455339135,2006,-3.1840221770061805
2006,37,deer creek,deer creek,NA,NA,NA,142.4389880952381,4.958913754307104,2006,-3.2573896361562635
2006,38,deer creek,deer creek,NA,NA,NA,138.28421052631577,4.929311063868967,2006,-3.3328438761307955
2006,39,deer creek,deer creek,NA,NA,NA,135.97470238095238,4.91246885652893,2006,-3.3757729456014145
2006,40,deer creek,deer creek,NA,NA,NA,131.31337719298247,4.877586658776966,2006,-3.4646841114806146
2006,41,deer creek,deer creek,NA,NA,NA,134,4.897839799950911,2006,-3.4130609194072283
2006,42,deer creek,deer creek,NA,NA,NA,134,4.897839799950911,2006,-3.4130609194072283
2006,43,deer creek,deer creek,NA,NA,NA,132.09821428571428,4.883545693539215,2006,-3.449495139386779
2006,44,deer creek,deer creek,NA,NA,NA,137.91220238095238,4.926617268056016,2006,-3.339710087029349
2006,45,deer creek,deer creek,NA,NA,NA,147.41517857142858,4.993252949836462,2007,-3.169862527584179
2006,46,deer creek,deer creek,NA,NA,NA,176.43154761904765,5.172932968960299,2007,-2.711876476960465
2006,47,deer creek,deer creek,NA,NA,NA,168.82886904761907,5.128885592702341,2007,-2.8241487484745034
2006,48,deer creek,deer creek,NA,NA,NA,156.55654761904762,5.05341727135674,2007,-3.016509805696183
2006,49,deer creek,deer creek,NA,NA,NA,145.44642857142858,4.979807830300996,2007,-3.2041327665692267
2006,50,deer creek,deer creek,36,35.6875,168,332.64026089159063,5.807061608415524,2007,-1.095547223503929
2006,51,deer creek,deer creek,8,35.25,168,195.2514880952381,5.274288410177247,2007,-2.4535317903418523
2006,52,deer creek,deer creek,182,35.125,168,374.16765873015873,5.924703982339419,2007,-0.7956888058449846
2006,53,deer creek,deer creek,NA,NA,NA,198.02083333333334,5.288372244014639,2007,-2.4176335337172135
2007,1,deer creek,deer creek,181,35.24242424242424,168,220.6547619047619,5.396599316741519,2007,-2.141773758932862
2007,2,deer creek,deer creek,32,35.25,168,167.9047619047619,5.123396925234393,2007,-2.8381388022884444
2007,3,deer creek,deer creek,8,33.666666666666664,168,146.64285714285714,4.988000087403675,2007,-3.183251538403483
2007,4,deer creek,deer creek,69,35.32,168,139.3452380952381,4.9369545810816975,2007,-3.3133613300012783
2007,5,deer creek,deer creek,30,36.31818181818182,168,135.55208333333334,4.9093559453089215,2007,-3.3837074389443353
2007,6,deer creek,deer creek,4448,35.62162162162162,168,637.3958333333333,6.45739086498875,2007,0.5620757513564678
2007,7,deer creek,deer creek,5466,36.62903225806452,168,445.8497023809523,6.099981905048877,2007,-0.34892325019403947
2007,8,deer creek,deer creek,1175,37.09090909090909,168,376.9523809523809,5.932118868999034,2007,-0.7767890156867979
2007,9,deer creek,deer creek,452,38.325714285714284,168,347.02232142857144,5.849389104761465,2007,-0.9876587505463076
2007,10,deer creek,deer creek,205,38.05263157894737,168,287.06696428571433,5.6597155135809,2007,-1.4711173975121328
2007,11,deer creek,deer creek,4841,39.03030303030303,168,371.75646997929607,5.918238989302591,2007,-0.8121674139989945
2007,12,deer creek,deer creek,7621,39.67763157894737,168,313.2738095238095,5.747077598944566,2007,-1.2484403483607658
2007,13,deer creek,deer creek,2876,42.2875,168,277.1339285714286,5.624500885988253,2007,-1.5608758931644837
2007,14,deer creek,deer creek,1040,44.76973684210526,168,208.47767857142858,5.33983197829645,2007,-2.286467917279753
2007,15,deer creek,deer creek,2678,50.07784431137725,168,195.9657738095238,5.277940020561275,2007,-2.4442242077494605
2007,16,deer creek,deer creek,1692,57.25632911392405,168,188.73958333333334,5.240368198968271,2007,-2.5399909505961387
2007,17,deer creek,deer creek,1639,60.61891891891892,168,232.0193139097744,5.44682061781235,2007,-2.0137647824936837
2007,18,deer creek,deer creek,1916,66.62654320987654,168,202.9375,5.3128980498630645,2007,-2.3551197549806746
2007,19,deer creek,deer creek,1397,65.85174418604652,168,165.98363095238096,5.111889174773787,2007,-2.8674708850137005
2007,20,deer creek,deer creek,1013,63.8406374501992,168,144.4672619047619,4.973052920670898,2007,-3.221350342562897
2007,21,deer creek,deer creek,NA,NA,NA,129.38541666666666,4.862795676076358,2007,-3.502384818464771
2007,22,deer creek,deer creek,NA,NA,NA,112.91517857142857,4.726636904735745,2007,-3.849439645418492
2007,23,deer creek,deer creek,NA,NA,NA,104.16071428571426,4.645935036018488,2007,-4.055140481337796
2007,24,deer creek,deer creek,NA,NA,NA,94.81547619047619,4.551932646891379,2007,-4.294742987812634
2007,25,deer creek,deer creek,NA,NA,NA,91.13095238095238,4.51229750924847,2007,-4.395768912918377
2007,26,deer creek,deer creek,NA,NA,NA,91.72172619047618,4.518759278031491,2007,-4.379298523058614
2007,27,deer creek,deer creek,NA,NA,NA,91.04166666666666,4.511317277181745,2007,-4.398267424523191
2007,28,deer creek,deer creek,NA,NA,NA,91.07589285714286,4.511693146383689,2007,-4.3973093722467675
2007,29,deer creek,deer creek,NA,NA,NA,93.58184523809523,4.538836403539192,2007,-4.328123976973936
2007,30,deer creek,deer creek,NA,NA,NA,89.13988095238095,4.490206832004628,2007,-4.452075797099739
2007,31,deer creek,deer creek,NA,NA,NA,83.98065476190477,4.430586471866578,2007,-4.604042016880525
2007,32,deer creek,deer creek,NA,NA,NA,82,4.406719247264253,2007,-4.664877139162174
2007,33,deer creek,deer creek,NA,NA,NA,82,4.406719247264253,2007,-4.664877139162174
2007,34,deer creek,deer creek,NA,NA,NA,82,4.406719247264253,2007,-4.664877139162174
2007,35,deer creek,deer creek,NA,NA,NA,80.3452380952381,4.386332825900093,2007,-4.716840048852695
2007,36,deer creek,deer creek,NA,NA,NA,78.12797619047618,4.358348202569055,2007,-4.788170000730876
2007,37,deer creek,deer creek,NA,NA,NA,76.30505952380953,4.33473924701998,2007,-4.848346821525956
2007,38,deer creek,deer creek,NA,NA,NA,73.90178571428571,4.302736991590301,2007,-4.929917308031685
2007,39,deer creek,deer creek,NA,NA,NA,82.52380952380952,4.413086851992183,2007,-4.648646763878946
2007,40,deer creek,deer creek,NA,NA,NA,78.10729166666667,4.358083415697127,2007,-4.788844915472775
2007,41,deer creek,deer creek,NA,NA,NA,85.63854166666667,4.450135434929443,2007,-4.554213703022322
2007,42,deer creek,deer creek,NA,NA,NA,91.924232456140345,4.520964677477637,2007,-4.3736771847077325
2007,43,deer creek,deer creek,NA,NA,NA,86.75074404761905,4.4630389957079855,2007,-4.521323842097526
2007,44,deer creek,deer creek,NA,NA,NA,84.62604166666665,4.438242040363968,2007,-4.584528753255021
2007,45,deer creek,deer creek,NA,NA,NA,84.03244047619049,4.431202920433901,2008,-4.602470752328474
2007,46,deer creek,deer creek,NA,NA,NA,99.71785714285714,4.602344769684571,2008,-4.166247626257163
2007,47,deer creek,deer creek,NA,NA,NA,93.91443452380952,4.542384096698447,2008,-4.319081268793279
2007,48,deer creek,deer creek,NA,NA,NA,89.00881578947369,4.488735418640946,2008,-4.455826279755258
2007,49,deer creek,deer creek,NA,NA,NA,130.37139724310777,4.87038727913745,2008,-3.4830345962152047
2007,50,deer creek,deer creek,1,NA,168,97.58411826268969,4.580714757459925,2008,-4.221380322268735
2007,51,deer creek,deer creek,0,NA,161.80645161290323,172.34107142857144,5.149475486738863,2008,-2.7716672076858835
2007,52,deer creek,deer creek,2,34,168,113.24702380952382,4.7295714841902186,2008,-3.8419597015652496
2007,53,deer creek,deer creek,1,34,168,111,4.709530201312334,2008,-3.8930428884406307
2008,1,deer creek,deer creek,0,NA,161.80645161290323,491.8526785714286,6.198179237855148,2008,-0.09862825994957347
2008,2,deer creek,deer creek,NA,NA,NA,227.64732142857142,5.427797595529146,2008,-2.0622525269234475
2008,3,deer creek,deer creek,NA,NA,NA,146.96130952380955,4.990169351617099,2008,-3.1777223050768737
2008,4,deer creek,deer creek,NA,NA,NA,639.0654761904761,6.460006915779949,2008,0.5687437981205674
2008,5,deer creek,deer creek,NA,NA,NA,440.52380952380946,6.0879644950478955,2008,-0.3795544031286476
2008,6,deer creek,deer creek,NA,NA,NA,247.4732142857143,5.51130235104376,2008,-1.8494074183080105
2008,7,deer creek,deer creek,NA,NA,NA,233.2529761904762,5.452123599305112,2008,-2.0002480233000726
2008,8,deer creek,deer creek,NA,NA,NA,641.1339285714286,6.4632383720252955,2008,0.5769804506475783
2008,9,deer creek,deer creek,767,36.505376344086024,168,437.85863095238085,6.081896097895411,2008,-0.3950221288058524
2008,10,deer creek,deer creek,306,36.608695652173914,168,230.74404761904762,5.441309077249801,2008,-2.0278131374938844
2008,11,deer creek,deer creek,1736,36.917808219178085,168,281.64285714285717,5.640639804262369,2008,-1.5197394358235754
2008,12,deer creek,deer creek,114,37.46153846153846,168,265.91815476190476,5.583188572570749,2008,-1.6661767683339792
2008,13,deer creek,deer creek,NA,NA,NA,302.3705357142857,5.711653204751043,2008,-1.3387335176933426
2008,14,deer creek,deer creek,NA,NA,NA,253.54934021801492,5.5355584400606155,2008,-1.7875811202778966
2008,15,deer creek,deer creek,NA,NA,NA,272.32738095238096,5.607004948985025,2008,-1.6054712528997652
2008,16,deer creek,deer creek,NA,NA,NA,318.66666666666663,5.764145624383292,2008,-1.204935691578424
2008,17,deer creek,deer creek,NA,NA,NA,266.12896408563427,5.583981018680476,2008,-1.66415690398904
2008,18,deer creek,deer creek,NA,NA,NA,292.1800595238095,5.677370254427427,2008,-1.4261172629701075
2008,19,deer creek,deer creek,NA,NA,NA,284.34970238095235,5.650204827087771,2008,-1.4953591677821274
2008,20,deer creek,deer creek,NA,NA,NA,255.95833333333331,5.5450146708159815,2008,-1.7634781521317737
2008,21,deer creek,deer creek,NA,NA,NA,210.28720238095238,5.3484742267483245,2008,-2.26443970704089
2008,22,deer creek,deer creek,NA,NA,NA,169.9672619047619,5.135605841474112,2008,-2.807019519475084
2008,23,deer creek,deer creek,NA,NA,NA,145.40029761904762,4.979490611995863,2008,-3.2049413236890545
2008,24,deer creek,deer creek,NA,NA,NA,134.02232142857142,4.898006363903526,2008,-3.4126363648729727
2008,25,deer creek,deer creek,NA,NA,NA,121.10416666666666,4.7966510567934595,2008,-3.6709807096668157
2008,26,deer creek,deer creek,NA,NA,NA,113.63244047619047,4.732969033092492,2008,-3.833299695788643
2008,27,deer creek,deer creek,NA,NA,NA,103.94494047619047,4.643861340451749,2008,-4.0604261199270955
2008,28,deer creek,deer creek,NA,NA,NA,93.26130952380952,4.535405332926557,2008,-4.336869426172762
2008,29,deer creek,deer creek,NA,NA,NA,86.39374999999998,4.45891533523053,2008,-4.531834632253227
2008,30,deer creek,deer creek,NA,NA,NA,83.2210533126294,4.421500360439722,2008,-4.627201588591417
2008,31,deer creek,deer creek,NA,NA,NA,80.61428571428573,4.389675875919782,2008,-4.708318955171713
2008,32,deer creek,deer creek,NA,NA,NA,79.08214285714287,4.3704870952689125,2008,-4.757229200781823
2008,33,deer creek,deer creek,NA,NA,NA,76.69940476190479,4.339893947742116,2008,-4.8352080148996555
2008,34,deer creek,deer creek,NA,NA,NA,76.5372023809524,4.337776928257592,2008,-4.840604081738574
2008,35,deer creek,deer creek,NA,NA,NA,73.04419642857142,4.291064688477643,2008,-4.959668818691113
2008,36,deer creek,deer creek,NA,NA,NA,73.17820910973084,4.292897686891099,2008,-4.954996692606802
2008,37,deer creek,deer creek,NA,NA,NA,73.83012422360248,4.301766835632336,2008,-4.932390136662514
2008,38,deer creek,deer creek,NA,NA,NA,73.73273486024844,4.300446864223555,2008,-4.935754609214286
2008,39,deer creek,deer creek,NA,NA,NA,73.52313664596272,4.297600140983421,2008,-4.943010616533994
2008,40,deer creek,deer creek,NA,NA,NA,87.31530889529725,4.469525807097253,2008,-4.504789621187498
2008,41,deer creek,deer creek,NA,NA,NA,78.61552795031056,4.364569236543149,2008,-4.772313219356496
2008,42,deer creek,deer creek,NA,NA,NA,77.27618539263531,4.347385827824631,2008,-4.816111976355866
2008,43,deer creek,deer creek,NA,NA,NA,76.64970238095238,4.339245722478613,2008,-4.836860275010679
2008,44,deer creek,deer creek,NA,NA,NA,139.52410714285716,4.938237397391217,2008,-3.3100915620096156
2008,45,deer creek,deer creek,NA,NA,NA,154.42100694444443,5.039682683675654,2009,-3.0515178694735505
2008,46,deer creek,deer creek,NA,NA,NA,95.6391369047619,4.5605821181324435,2009,-4.27269636742048
2008,47,deer creek,deer creek,NA,NA,NA,88.8125,4.486527405857319,2009,-4.461454279236954
2008,48,deer creek,deer creek,NA,NA,NA,87.4375,4.4709242524257,2009,-4.501225126614803
2008,49,deer creek,deer creek,NA,NA,NA,85.46527920449117,4.448110202289822,2009,-4.559375814551122
2008,50,deer creek,deer creek,NA,NA,NA,85.00324175824176,4.442689394095325,2009,-4.573192901995193
2008,51,deer creek,deer creek,NA,NA,NA,96.63434752747253,4.570934242486997,2009,-4.246309857825109
2008,52,deer creek,deer creek,NA,NA,NA,176.98809523809524,5.176082471770037,2009,-2.7038487153857838
2008,53,deer creek,deer creek,NA,NA,NA,141.89583333333331,4.955093220333428,2009,-3.2671277877571474
2009,1,deer creek,deer creek,4,34.5,168,135.10599078341014,4.9060595873095165,2009,-3.392109519425799
2009,2,deer creek,deer creek,NA,NA,NA,115.44791666666667,4.748819490307817,2009,-3.7928984962783985
2009,3,deer creek,deer creek,6,35,168,113.7172619047619,4.733715208975888,2009,-3.8313977695334387
2009,4,deer creek,deer creek,98,35.541666666666664,168,265.17866954474096,5.580403823495998,2009,-1.6732748098243029
2009,5,deer creek,deer creek,9,36.333333333333336,168,146.57440476190476,4.9875331818623625,2009,-3.1844416330279315
2009,6,deer creek,deer creek,4,38.75,168,146.56845238095235,4.987492571076132,2009,-3.1845451457818217
2009,7,deer creek,deer creek,25,36.72727272727273,168,651.9613095238094,6.4799852189447416,2009,0.6196664561279701
2009,8,deer creek,deer creek,22,36.92857142857143,168,1417.294642857143,7.256505152342914,2009,2.598936601254744
2009,9,deer creek,deer creek,NA,NA,NA,1932.4558740601503,7.566546946596825,2009,3.3892015264870516
2009,10,deer creek,deer creek,NA,NA,NA,708.8125000000001,6.563591034575549,2009,0.8327691566766494
2009,11,deer creek,deer creek,NA,NA,NA,329.79166666666663,5.7984611419671666,2009,-1.1174689356754441
2009,12,deer creek,deer creek,70,38.22222222222222,168,336.6577380952381,5.819066800306326,2009,-1.0649472132865496
2009,13,deer creek,deer creek,49,38.833333333333336,168,290.10565476190476,5.670245183394828,2009,-1.4442783426413242
2009,14,deer creek,deer creek,40,39.95,168,249.26785714285717,5.5185280497776095,2009,-1.8309898488851593
2009,15,deer creek,deer creek,60,44.878787878787875,168,230.22470238095238,5.439055798875365,2009,-2.033556514351789
2009,16,deer creek,deer creek,44,50.25,168,211.84375,5.355848974631239,2009,-2.2456422265324223
2009,17,deer creek,deer creek,14,63.166666666666664,168,217.8764880952381,5.383928333858114,2009,-2.174070802513941
2009,18,deer creek,deer creek,4,72,168,410.5282738095238,6.017444803035888,2009,-0.5593019086847366
2009,19,deer creek,deer creek,6,65.6,168,368.0892857142858,5.908325532964037,2009,-0.8374358035431634
2009,20,deer creek,deer creek,41,73.06060606060606,168,213.10119047619045,5.361767125556309,2009,-2.230557463171506
2009,21,deer creek,deer creek,22,69.66666666666667,168,166.71279761904765,5.1162725571702685,2009,-2.856298090164684
2009,22,deer creek,deer creek,9,77.75,168,150.7529761904762,5.015642577969469,2009,-3.112793648063956
2009,23,deer creek,deer creek,NA,NA,NA,157.9092261904762,5.062020350146592,2009,-2.994581434932524
2009,24,deer creek,deer creek,NA,NA,NA,131.5625,4.879482023876701,2009,-3.459853019071173
2009,25,deer creek,deer creek,NA,NA,NA,116.91369047619048,4.761435974334213,2009,-3.7607403647277557
2009,26,deer creek,deer creek,NA,NA,NA,105.16666666666666,4.655546393313158,2009,-4.030642111457918
2009,27,deer creek,deer creek,NA,NA,NA,96.42321428571427,4.568746984718394,2009,-4.251884954889452
2009,28,deer creek,deer creek,NA,NA,NA,90.77276785714285,4.50835932715662,2009,-4.405806937578429
2009,29,deer creek,deer creek,NA,NA,NA,85.31651785714287,4.44636808003169,2009,-4.563816306580208
2009,30,deer creek,deer creek,NA,NA,NA,82.15877976190477,4.40865371353709,2009,-4.659946381848805
2009,31,deer creek,deer creek,NA,NA,NA,79.61101190476191,4.377152423794255,2009,-4.740239957891507
2009,32,deer creek,deer creek,NA,NA,NA,81.36190476190475,4.398907162994095,2009,-4.684789345535903
2009,33,deer creek,deer creek,NA,NA,NA,76.47321428571429,4.336940539463126,2009,-4.842735951507018
2009,34,deer creek,deer creek,NA,NA,NA,74.7921130952381,4.31471243951802,2009,-4.89939311214385
2009,35,deer creek,deer creek,NA,NA,NA,74.5998511904762,4.312138512441991,2009,-4.905953789852435
2009,36,deer creek,deer creek,NA,NA,NA,74.10446428571429,4.30547577725805,2009,-4.922936422579904
2009,37,deer creek,deer creek,NA,NA,NA,76.21860119047619,4.333605543013811,2009,-4.851236517458166
2009,38,deer creek,deer creek,NA,NA,NA,74.13526785714285,4.305891368563116,2009,-4.921877122712235
2009,39,deer creek,deer creek,NA,NA,NA,73.00922619047618,4.290585819333239,2009,-4.96088940732017
2009,40,deer creek,deer creek,NA,NA,NA,76.75550595238096,4.34062512268744,2009,-4.833344324506272
2009,41,deer creek,deer creek,NA,NA,NA,94.4876488095238,4.548469125529333,2009,-4.303571150663404
2009,42,deer creek,deer creek,NA,NA,NA,106.0702380952381,4.664101498214002,2009,-4.00883602124647
2009,43,deer creek,deer creek,NA,NA,NA,86.95803571428573,4.465425654175654,2009,-4.515240492979882
2009,44,deer creek,deer creek,NA,NA,NA,87.80327380952382,4.4750987870703405,2009,-4.490584663393497
2009,45,deer creek,deer creek,NA,NA,NA,92.25089285714286,4.5245119615420135,2010,-4.364635519268212
2009,46,deer creek,deer creek,1,NA,168,93.49255952380952,4.537881855842741,2010,-4.330557021737406
2009,47,deer creek,deer creek,0,NA,161.80645161290323,100.82261904761904,4.613362725778087,2010,-4.138163979439777
2009,48,deer creek,deer creek,0,NA,161.80645161290323,98.2110119047619,4.587118346596512,2010,-4.205058226396401
2009,49,deer creek,deer creek,NA,NA,NA,91.22366071428573,4.513314301088799,2010,-4.393177214177865
2009,50,deer creek,deer creek,0,NA,161.80645161290323,180.56041666666667,5.196065440142122,2010,-2.652914166240606
2009,51,deer creek,deer creek,0,NA,161.80645161290323,158.5431547619048,5.06602682604984,2010,-2.9843693363096775
2009,52,deer creek,deer creek,1,36,168,126.57589285714286,4.840842071808126,2010,-3.558342317605695
2009,53,deer creek,deer creek,NA,NA,NA,122.29166666666667,4.806408901914251,2010,-3.6461089572523795
2010,1,deer creek,deer creek,1,36,168,130.54591165413532,4.87172497833256,2010,-3.479624937343403
2010,2,deer creek,deer creek,75,35.69230769230769,168,251.17261904761907,5.526140428046434,2010,-1.8115866727490875
2010,3,deer creek,deer creek,86,34.84,168,1286.2440476190477,7.159481659436131,2010,2.3516336092427594
2010,4,deer creek,deer creek,18,35.44444444444444,168,775.4047619047618,6.653385166441549,2010,1.0616452444187745
2010,5,deer creek,deer creek,115,34.85294117647059,168,371.5431547619047,5.91766502096964,2010,-0.8136304007644293
2010,6,deer creek,deer creek,148,35.75925925925926,168,820.4360119047618,6.70983592077941,2010,1.2055324621516936
2010,7,deer creek,deer creek,616,35.30769230769231,168,330.7893953634085,5.80148190508855,2010,-1.1097693184415514
2010,8,deer creek,deer creek,892,35.66129032258065,168,335.65029761904765,5.816069837078983,2010,-1.072586167016901
2010,9,deer creek,deer creek,596,35.348314606741575,168,538.3705357142858,6.288547051190902,2010,0.13171008337294435
2010,10,deer creek,deer creek,305,36,168,418.3988095238096,6.036435067440283,2010,-0.5108976607484389
2010,11,deer creek,deer creek,210,36.53703703703704,168,428.8184523809523,6.061033641435549,2010,-0.44819840342421285
2010,12,deer creek,deer creek,179,37.75675675675676,168,355.3645833333333,5.8731442577816875,2010,-0.9271092873018969
2010,13,deer creek,deer creek,174,46.76923076923077,168,393.2976190476191,5.974566625637642,2010,-0.6685940115035314
2010,14,deer creek,deer creek,68,48.11864406779661,168,350.95684523809524,5.860663267867522,2010,-0.9589220581738969
2010,15,deer creek,deer creek,41,50.810810810810814,168,566.4672619047619,6.339419288691815,2010,0.26137823041035707
2010,16,deer creek,deer creek,39,48.15,168,630.1577380952382,6.445970165975205,2010,0.5329655538949976
2010,17,deer creek,deer creek,17,57.05263157894737,168,867.1071428571429,6.7651625479886075,2010,1.346554394436814
2010,18,deer creek,deer creek,117,64.01020408163265,168,724.7366071428571,6.585808288352452,2010,0.8893986715364833
2010,19,deer creek,deer creek,178,75.35172413793103,168,509.61904761904765,6.233663481147827,2010,-0.008182541364777309
2010,20,deer creek,deer creek,57,77.02272727272727,168,456.0089285714286,6.122512389523198,2010,-0.2914953422199124
2010,21,deer creek,deer creek,133,75.8953488372093,168,378.83035714285705,5.937088498393515,2010,-0.7641219370069287
2010,22,deer creek,deer creek,NA,NA,NA,330.8273809523809,5.8015967316478925,2010,-1.1094766372481917
2010,23,deer creek,deer creek,NA,NA,NA,343.21726190476187,5.838363663274256,2010,-1.0157614768690901
2010,24,deer creek,deer creek,NA,NA,NA,248.02380952380955,5.513524747701081,2010,-1.8437427557986845
2010,25,deer creek,deer creek,NA,NA,NA,190.8363095238095,5.2514160423966265,2010,-2.5118311240092197
2010,26,deer creek,deer creek,NA,NA,NA,159.38988095238096,5.071353282235526,2010,-2.970792742517013
2010,27,deer creek,deer creek,NA,NA,NA,142.16110248447205,4.956960939053184,2010,-3.262367163151761
2010,28,deer creek,deer creek,NA,NA,NA,139.79613095238093,4.9401851538257535,2010,-3.305126929428986
2010,29,deer creek,deer creek,NA,NA,NA,138.17559523809527,4.928525305566717,2010,-3.334846693936287
2010,30,deer creek,deer creek,NA,NA,NA,121.41369047619047,4.799203643899697,2010,-3.66447442536565
2010,31,deer creek,deer creek,NA,NA,NA,107.29761904761905,4.675606459713096,2010,-3.9795110472997766
2010,32,deer creek,deer creek,NA,NA,NA,101.91141883965231,4.624103993220894,2010,-4.1107855837850344
2010,33,deer creek,deer creek,NA,NA,NA,97.64642857142859,4.581353082884559,2010,-4.219753295837716
2010,34,deer creek,deer creek,NA,NA,NA,92.73705357142858,4.5297681076092315,2010,-4.351238138799506
2010,35,deer creek,deer creek,NA,NA,NA,93.81175595238095,4.5412901781417725,2010,-4.321869555670797
2010,36,deer creek,deer creek,NA,NA,NA,90.3952380952381,4.504191590073074,2010,-4.416430074509507
2010,37,deer creek,deer creek,NA,NA,NA,91.15267857142855,4.512535887104623,2010,-4.395161312065327
2010,38,deer creek,deer creek,NA,NA,NA,90.5376488095238,4.505765773143165,2010,-4.412417642349575
2010,39,deer creek,deer creek,NA,NA,NA,87.83676378446116,4.475480134920204,2010,-4.489612646602066
2010,40,deer creek,deer creek,NA,NA,NA,92.17440476190475,4.523682486403721,2010,-4.366749766831907
2010,41,deer creek,deer creek,NA,NA,NA,91.90208333333332,4.520723698673062,2010,-4.374291415113147
2010,42,deer creek,deer creek,NA,NA,NA,93.99702380952381,4.543263120167954,2010,-4.316840727584699
2010,43,deer creek,deer creek,NA,NA,NA,222.16755952380953,5.403431869804437,2010,-2.1243582777445735
2010,44,deer creek,deer creek,NA,NA,NA,120.55505952380952,4.79210657408083,2010,-3.682564132797744
2021,45,deer creek,deer creek,NA,NA,NA,133.73705357142856,4.89587558536347,2022,-3.4180675021417266
2021,46,deer creek,deer creek,NA,NA,NA,111.47127976190477,4.713766977109871,2022,-3.8822437788659885
2021,47,deer creek,deer creek,NA,NA,NA,96.95684523809526,4.574265985055857,2022,-4.237817585683511
2021,48,deer creek,deer creek,NA,NA,NA,89.2376488095238,4.491303022394342,2022,-4.449281719551411
2021,49,deer creek,deer creek,NA,NA,NA,88.75550595238096,4.485885465331259,2022,-4.463090520192955
2021,50,deer creek,deer creek,NA,NA,NA,589.1566964285714,6.3786921863488,2022,0.3614808427218336
2021,51,deer creek,deer creek,NA,NA,NA,324.2440476190476,5.781496465646551,2022,-1.160710166092018
2021,52,deer creek,deer creek,NA,NA,NA,800.6502976190476,6.685424269490202,2022,1.143309651748706
2021,53,deer creek,deer creek,NA,NA,NA,316.375,5.756928218865288,2022,-1.2233321224395663
2022,1,deer creek,deer creek,NA,NA,NA,353.9449404761905,5.8691413656589,2022,-0.93731225123371
2022,2,deer creek,deer creek,NA,NA,NA,347.73809523809524,5.851449596538473,2022,-0.982406767070925
2022,3,deer creek,deer creek,NA,NA,NA,209.95386904761904,5.346887835384402,2022,-2.2684832568971802
2022,4,deer creek,deer creek,NA,NA,NA,175.83779761904762,5.169561965662449,2022,-2.7204688206976817
2022,5,deer creek,deer creek,NA,NA,NA,150.6443452380952,5.014921729114078,2022,-3.1146310183068313
2022,6,deer creek,deer creek,NA,NA,NA,146.4448735955056,4.986649068192008,2022,-3.18669514863953
2022,7,deer creek,deer creek,NA,NA,NA,202.93601190476193,5.312890717060138,2022,-2.355138445547766
2022,8,deer creek,deer creek,NA,NA,NA,174.19494047619045,5.160175019657862,2022,-2.7443951890775526
2022,9,deer creek,deer creek,NA,NA,NA,156.81696428571428,5.0550792926617945,2022,-3.0122734828303135
2022,10,deer creek,deer creek,NA,NA,NA,169.51636904761904,5.132949494710001,2022,-2.81379027656602
2022,11,deer creek,deer creek,NA,NA,NA,204.4613095238095,5.320378762100539,2022,-2.336052182135348
2022,12,deer creek,deer creek,NA,NA,NA,231.8125,5.44592885524981,2022,-2.0160377943516714
2022,13,deer creek,deer creek,NA,NA,NA,234.79166666666669,5.458698596125931,2022,-1.9834890267153986
2022,14,deer creek,deer creek,NA,NA,NA,179.81845238095235,5.191947744029503,2022,-2.663409753838397
2022,15,deer creek,deer creek,NA,NA,NA,169.6904761904762,5.133976049218503,2022,-2.811173693779624
2022,16,deer creek,deer creek,NA,NA,NA,389.0654761904762,5.963747648710073,2022,-0.6961704807125626
2022,17,deer creek,deer creek,NA,NA,NA,323.08184523809524,5.777905681954638,2022,-1.169862707647403
2022,18,deer creek,deer creek,NA,NA,NA,218.97172619047618,5.388942617328765,2022,-2.161289905146334
2022,19,deer creek,deer creek,NA,NA,NA,195.38095238095238,5.274951254718763,2022,-2.451842267181588
2022,20,deer creek,deer creek,NA,NA,NA,169.30803571428572,5.131719752361693,2022,-2.816924764441369
2022,21,deer creek,deer creek,NA,NA,NA,152.4300595238095,5.026705864772982,2022,-3.084594457888191
2022,22,deer creek,deer creek,NA,NA,NA,134.00446428571428,4.897873114960992,2022,-3.412976002842949
2022,23,deer creek,deer creek,NA,NA,NA,111.90223214285713,4.717625562776274,2022,-3.8724086373796585
2022,24,deer creek,deer creek,NA,NA,NA,109.99583333333331,4.700442486287118,2022,-3.916206547560257
2022,25,deer creek,deer creek,NA,NA,NA,99.52901785714288,4.600449238402019,2022,-4.1710791422496625
2022,26,deer creek,deer creek,NA,NA,NA,78.58035714285714,4.364121759078717,2022,-4.7734537937936405
2022,27,deer creek,deer creek,NA,NA,NA,81.74523809523808,4.403607558481255,2022,-4.672808516637781
2022,28,deer creek,deer creek,NA,NA,NA,78.24002976190478,4.359781406118933,2022,-4.784516910995305
2022,29,deer creek,deer creek,NA,NA,NA,73.8092261904762,4.301483739923675,2022,-4.933111718762685
2022,30,deer creek,deer creek,NA,NA,NA,71.83630952380953,4.274390051903396,2022,-5.002170767363336
2022,31,deer creek,deer creek,NA,NA,NA,72.73169642857144,4.286777278912594,2022,-4.970596988577102
2022,32,deer creek,deer creek,NA,NA,NA,70.4705357142857,4.255194689329132,2022,-5.051097789625162
2022,33,deer creek,deer creek,NA,NA,NA,68.23422619047619,4.2229462892649074,2022,-5.133295673710251
2022,34,deer creek,deer creek,NA,NA,NA,66.17395833333333,4.19228700689873,2022,-5.211443058791312
2022,35,deer creek,deer creek,NA,NA,NA,65.19047619047619,4.177313387565026,2022,-5.249609287933683
2022,36,deer creek,deer creek,NA,NA,NA,63.344196428571436,4.148583291340456,2022,-5.322839374217575
2022,37,deer creek,deer creek,NA,NA,NA,65.42678571428571,4.180931742110003,2022,-5.240386471084647
2022,38,deer creek,deer creek,NA,NA,NA,79.47276785714284,4.375414420301694,2022,-4.744669951607057
2022,39,deer creek,deer creek,NA,NA,NA,70.11622023809522,4.250154154408697,2022,-5.063945599261969
2022,40,deer creek,deer creek,NA,NA,NA,68.35416666666667,4.224702522053211,2022,-5.128819215378305
2022,41,deer creek,deer creek,NA,NA,NA,67.52604166666666,4.212513325944983,2022,-5.159888233586933
2022,42,deer creek,deer creek,NA,NA,NA,68.97410714285715,4.233731175370885,2022,-5.105806098529947
2022,43,deer creek,deer creek,NA,NA,NA,70.77217261904761,4.259465881334534,2022,-5.040210956645356
2022,44,deer creek,deer creek,0,NA,161.80645161290323,81.19449404761905,4.396847437573282,2022,-4.690039375647473
2022,45,deer creek,deer creek,0,NA,161.80645161290323,118.47351190476192,4.774689407359171,2023,-3.7269587151158254
2022,46,deer creek,deer creek,0,NA,161.80645161290323,89.13943452380951,4.490201823812059,2023,-4.452088562472016
2022,47,deer creek,deer creek,0,NA,161.80645161290323,84.9549107142857,4.442120653560602,2023,-4.574642563635911
2022,48,deer creek,deer creek,0,NA,161.80645161290323,101.43824404761904,4.61945018028297,2023,-4.122647678514177
2022,49,deer creek,deer creek,22,25,168,206.48869047619047,5.330245643231504,2023,-2.3109025080470458
2022,50,deer creek,deer creek,1,NA,168,327.25892857142856,5.790751688058546,2023,-1.1371195477206324
2022,51,deer creek,deer creek,0,NA,161.80645161290323,114.82142857142857,4.743378126496516,2023,-3.8067679778940855
2022,52,deer creek,deer creek,0,NA,161.80645161290323,367.45982142857144,5.906613983229928,2023,-0.8417983693253412
2022,53,deer creek,deer creek,NA,NA,NA,2088.0208333333335,7.643971926602817,2023,3.5865499071554967
2023,1,deer creek,deer creek,NA,NA,NA,1038.6175595238096,6.945645838184118,2023,1.8065879011298789
2023,2,deer creek,deer creek,NA,NA,NA,2113.7633928571427,7.656225236257598,2023,3.617782344258005
2023,3,deer creek,deer creek,NA,NA,NA,1138.6041666666665,7.0375583759751255,2023,2.040863589606371
2023,4,deer creek,deer creek,1,38,168,329.25595238095235,5.7968354190657525,2023,-1.121612737611006
2023,5,deer creek,deer creek,1,35,168,223.1279761904762,5.4077454911137455,2023,-2.113363296794716
2023,6,deer creek,deer creek,3,37,168,228.39732142857142,5.431086750167427,2023,-2.0538688070751157
2023,7,deer creek,deer creek,32,34,168,198.02529761904765,5.288394788285952,2023,-2.417576070667991
2023,8,deer creek,deer creek,96,33.90625,168,193.50744047619045,5.26531596380391,2023,-2.476401641419315
2023,9,deer creek,deer creek,4,34,168,331.25892857142856,5.802900331115072,2023,-1.1061538951064656
2023,10,deer creek,deer creek,2,35.5,168,639.4553571428571,6.460616809579567,2023,0.5702983552379869
2023,11,deer creek,deer creek,NA,NA,NA,2101.308035714286,7.650315303955586,2023,3.602718529329386
2023,12,deer creek,deer creek,NA,NA,NA,970.7113095238095,6.878029111545343,2023,1.6342397583569601
2023,13,deer creek,deer creek,NA,NA,NA,861.1636904761905,6.7582846030549275,2023,1.3290232139975884
2023,14,deer creek,deer creek,NA,NA,NA,574.1875000000001,6.352955998031685,2023,0.29588192246938144
2023,15,deer creek,deer creek,1,35,168,816.8869047619047,6.705500657814028,2023,1.1944823188268414
2023,16,deer creek,deer creek,4,41.75,168,703.8169642857143,6.556518328441428,2023,0.8147415497931279
2023,17,deer creek,deer creek,4,42.75,168,993.3169642857144,6.901049811788563,2023,1.6929171763492084
2023,18,deer creek,deer creek,NA,NA,NA,983.0625,6.890672699000861,2023,1.6664669737852775
2023,19,deer creek,deer creek,4,84.5,168,731.8705357142857,6.595603634540771,2023,0.9143660103488648
2023,20,deer creek,deer creek,45,82.6590909090909,168,940.0044642857143,6.845884624492894,2023,1.5523067379451012
2023,21,deer creek,deer creek,81,75.80882352941177,168,762.9151785714286,6.637146856784262,2023,1.0202554485749742
2023,22,deer creek,deer creek,24,72.28571428571429,168,501.66964285714283,6.217941821102869,2023,-0.04825545001844682
2023,23,deer creek,deer creek,NA,NA,NA,365.8988095238096,5.902356818463732,2023,-0.8526494483024692
2023,24,deer creek,deer creek,1,69,168,305.53125,5.722052064705944,2023,-1.3122278838173131
2023,25,deer creek,deer creek,1,72,168,226.92113095238096,5.4246025163714755,2023,-2.070396457962564
2023,26,deer creek,deer creek,NA,NA,NA,197.88541666666666,5.287688159477213,2023,-2.4193771954616636
2023,27,deer creek,deer creek,NA,NA,NA,166.89732142857142,5.117378781578976,2023,-2.8534784369248962
2023,28,deer creek,deer creek,NA,NA,NA,156.13541666666666,5.050723686262759,2023,-3.0233754794935637
2023,29,deer creek,deer creek,NA,NA,NA,149.8764880952381,5.009811542207398,2023,-3.127656363755655
2023,30,deer creek,deer creek,NA,NA,NA,142.45238095238093,4.959007775106663,2023,-3.257149986723474
2023,31,deer creek,deer creek,NA,NA,NA,133.4404761904762,4.893655507177781,2023,-3.4237262551032264
2023,32,deer creek,deer creek,NA,NA,NA,124.56845238095238,4.824855383130952,2023,-3.599090757223589
2023,33,deer creek,deer creek,NA,NA,NA,119.55505952380952,4.783777014412485,2023,-3.703795331205569
2023,34,deer creek,deer creek,NA,NA,NA,122.42261904761904,4.807479149146201,2023,-3.6433810061683256
2023,35,deer creek,deer creek,NA,NA,NA,107.65178571428571,4.678901811822216,2023,-3.9711115307301
2023,36,deer creek,deer creek,NA,NA,NA,110.19940476190474,4.7022914952696055,2023,-3.9114936121677375
2023,37,deer creek,deer creek,NA,NA,NA,101.63392857142857,4.621377422030122,2023,-4.117735335780249
2023,38,deer creek,deer creek,NA,NA,NA,99.80610119047618,4.603229315621909,2023,-4.163993008841091
2023,39,deer creek,deer creek,NA,NA,NA,102.59166666666667,4.630756707865569,2023,-4.093828492390574
2023,40,deer creek,deer creek,NA,NA,NA,109.34404761904761,4.694499311430368,2023,-3.93135509437187
2023,41,deer creek,deer creek,NA,NA,NA,104.11741071428571,4.645519211533295,2023,-4.056200375557838
2023,42,deer creek,deer creek,NA,NA,NA,100.86443452380952,4.613777382802909,2023,-4.1371070609572005
2023,43,deer creek,deer creek,NA,NA,NA,102.87053571428571,4.633471262811752,2023,-4.0869093685777775
2023,44,deer creek,deer creek,NA,NA,NA,100.80089285714284,4.61314721330779,2023,-4.138713298755374
2023,45,deer creek,deer creek,0,NA,24,121.10863095238093,4.796687919302449,2024,-3.6708867508894825
2023,46,deer creek,deer creek,NA,NA,NA,108.05059523809526,4.682599591851143,2024,-3.9616862664197923
2023,47,deer creek,deer creek,NA,NA,NA,135.86607142857142,4.91166963162502,2024,-3.3778100884016373
2023,48,deer creek,deer creek,NA,NA,NA,107.69196428571429,4.679274969361219,2024,-3.970160390206063
2023,49,deer creek,deer creek,0,NA,72,132.40029761904762,4.885829891378385,2024,-3.443672951965464
2023,50,deer creek,deer creek,0,NA,144,113.84374999999999,4.734826894208837,2024,-3.8285641972093845
2023,51,deer creek,deer creek,11,NA,168,276.65476190476187,5.622770381936852,2024,-1.5652867715690724
2023,52,deer creek,deer creek,0,NA,168,170.97916666666669,5.141541716721821,2024,-2.7918895786227313
2023,53,deer creek,deer creek,NA,NA,NA,247,5.5093883366279774,2024,-1.8542860459227868
2024,1,deer creek,deer creek,0,NA,168,202.04761904761907,5.308503407478902,2024,-2.3663212503903504
2024,2,deer creek,deer creek,0,NA,168,183.81696428571428,5.213940503190801,2024,-2.607352452866832
2024,3,deer creek,deer creek,0,NA,120,437.52976190476187,6.081144730694808,2024,-0.39693728719937077
2024,4,deer creek,deer creek,10,NA,168,822.0491071428571,6.711800134321459,2024,1.2105390422215936
2024,5,deer creek,deer creek,1,34,72,799.2232142857141,6.683640273816537,2024,1.1387624286523612
2024,6,deer creek,deer creek,0,NA,72,931.8258928571429,6.837145986995268,2024,1.5300328418553448
2024,7,deer creek,deer creek,3,33.333333333333336,120,519.6473214285714,6.253150353452824,2024,0.04148750948168392
2024,8,deer creek,deer creek,NA,NA,NA,1814.129464285714,7.503360997635409,2024,3.228146984302225
2024,9,deer creek,deer creek,1,40,72,565.7202380952382,6.33809967702338,2024,0.25801467480005397
2024,10,deer creek,deer creek,17,37.411764705882355,168,612.0133928571429,6.416754166026382,2024,0.45849694855517886
2024,11,deer creek,deer creek,27,38.074074074074076,168,493.76785714285717,6.202065481926625,2024,-0.08872262000844551
2024,12,deer creek,deer creek,10,35.5,168,550.7276785714286,6.311240455712561,2024,0.18955325793826913
2024,13,deer creek,deer creek,0,NA,168,653.3035714285714,6.482041908582981,2024,0.6249087483392528
2024,14,deer creek,deer creek,10,55.5,168,582.6160714285714,6.3675284298444295,2024,0.33302556552132395
2024,15,deer creek,deer creek,43,77.27272727272727,144,491.20833333333337,6.196868341944182,2024,-0.10196959998264812
2024,16,deer creek,deer creek,15,69.8,168,548.2410714285713,6.306715101581385,2024,0.17801859161133263
2024,17,deer creek,deer creek,73,80.5111111111111,168,603.9821428571429,6.4035446326917125,2024,0.4248271947782825
2024,18,deer creek,deer creek,119,79.42028985507247,144,531.7455357142857,6.276165058585369,2024,0.10014964654801577
2024,19,deer creek,deer creek,43,78.92857142857143,144,545.6324404761905,6.301945563112463,2024,0.16586152430172973
2024,20,deer creek,deer creek,277,79.57303370786516,168,456.39732142857144,6.123363749058717,2024,-0.28932531355877183
2024,21,deer creek,deer creek,11,82.9,96,359.4226190476191,5.884498907949563,2024,-0.8981674416144514
2024,22,deer creek,deer creek,0,NA,24,318.52529761904765,5.763701899233377,2024,-1.206066701748408
2024,23,deer creek,deer creek,0,NA,168,271.8050595238095,5.605085116421675,2024,-1.6103647103795387
2024,24,deer creek,deer creek,0,NA,144,202.9389880952381,5.312905382612223,2024,-2.355101064550634
2024,25,deer creek,deer creek,NA,NA,NA,168.7782738095238,5.128585864218839,2024,-2.8249127258220565
2024,26,deer creek,deer creek,NA,NA,NA,143.5922619047619,4.966977768705107,2024,-3.2368352855705775
2024,27,deer creek,deer creek,NA,NA,NA,125.83184523809523,4.834946454028621,2024,-3.573369646275787
2024,28,deer creek,deer creek,NA,NA,NA,115.91071428571429,4.752820190298319,2024,-3.7827011198682943
2024,29,deer creek,deer creek,NA,NA,NA,111.44345238095238,4.713517308720263,2024,-3.882880158137761
2024,30,deer creek,deer creek,NA,NA,NA,108.26636904761905,4.684594570671229,2024,-3.9566012687926517
2024,31,deer creek,deer creek,NA,NA,NA,111.33928571428571,4.712582167378987,2024,-3.88526373808034
2024,32,deer creek,deer creek,NA,NA,NA,105.42708333333334,4.658019560721065,2024,-4.024338259871072
2024,33,deer creek,deer creek,NA,NA,NA,102.41934523809523,4.629075613103359,2024,-4.098113431554222
2024,34,deer creek,deer creek,NA,NA,NA,104.85372023809524,4.652566238245372,2024,-4.038238222903125
2024,35,deer creek,deer creek,NA,NA,NA,105.30902777777777,4.656899149347021,2024,-4.027194074239159
2024,36,deer creek,deer creek,NA,NA,NA,91.92422407070666,4.520964586256489,2024,-4.373677417221138
2024,37,deer creek,deer creek,NA,NA,NA,92.02963836859472,4.5221106813482574,2024,-4.370756137674988
2024,38,deer creek,deer creek,NA,NA,NA,92.76081600166347,4.530024309261785,2024,-4.350585106906541
2024,39,deer creek,deer creek,NA,NA,NA,91.72354227535551,4.518779077777699,2024,-4.379248055524085
2024,40,deer creek,deer creek,NA,NA,NA,93.83082928798665,4.541493472459498,2024,-4.321351379180482
2024,41,deer creek,deer creek,NA,NA,NA,95.30980194201537,4.557132658907457,2024,-4.281488687317498
2024,42,deer creek,deer creek,NA,NA,NA,98.2222265253473,4.58723252911152,2024,-4.20476718680639
2024,43,deer creek,deer creek,0,NA,24,123.26174802151716,4.814310127013266,2024,-3.6259695399936747
2024,44,deer creek,deer creek,NA,NA,NA,114.69868762244438,4.742308582242878,2024,-3.8094941371580897
2024,45,deer creek,deer creek,NA,NA,NA,122.95231026116012,4.811796558735038,2025,-3.63237636928016
2024,46,deer creek,deer creek,NA,NA,NA,121.97630269781835,4.803826785684373,2025,-3.6526905082792545
2024,47,deer creek,deer creek,NA,NA,NA,154.5880550726311,5.040763869731292,2025,-3.048762036443112
2024,48,deer creek,deer creek,NA,NA,NA,197.7931022931696,5.28722154645301,2025,-2.420566544489822
2024,49,deer creek,deer creek,NA,NA,NA,274.2629160422613,5.61408719391605,2025,-1.5874193325954014
2024,50,deer creek,deer creek,NA,NA,NA,395.1255586264179,5.979203584331474,2025,-0.6567748765243129
2024,51,deer creek,deer creek,NA,NA,NA,370.6327620383089,5.915211712637736,2025,-0.81988363359115
2024,52,deer creek,deer creek,NA,NA,NA,417.6275638640873,6.034590039811832,2025,-0.5156004480754122
2024,53,deer creek,deer creek,NA,NA,NA,563.6809139784946,6.33448833604083,2025,0.24880973480662194
2025,1,deer creek,deer creek,NA,NA,NA,573.7339733791225,6.352165827876335,2025,0.29386785930011883
2025,2,deer creek,deer creek,NA,NA,NA,662.3985107897782,6.495867354864686,2025,0.6601484014266907
2025,3,deer creek,deer creek,NA,NA,NA,565.9394888633805,6.338487162352517,2025,0.25900233540044426
2025,4,deer creek,deer creek,NA,NA,NA,544.1296283729862,6.299187505920339,2025,0.15883151769902223
2025,5,deer creek,deer creek,NA,NA,NA,490.35465283635426,6.195128910599989,2025,-0.10640323314643906
2025,6,deer creek,deer creek,NA,NA,NA,659.6779455205188,6.49175175459605,2025,0.6496581559215457
2025,7,deer creek,deer creek,NA,NA,NA,585.4470812447786,6.3723757967921335,2025,0.34538100968884067
2025,8,deer creek,deer creek,0,NA,24,693.1357999639249,6.541225939536243,2025,0.7757628095111571
2025,9,deer creek,deer creek,5,34.4,168,625.0184513284199,6.437781171426104,2025,0.5120926416457106
2025,10,deer creek,deer creek,1,33,168,657.9540342333106,6.4891350720969365,2025,0.6429884989983717
2025,11,deer creek,deer creek,0,NA,120,710.5039162980739,6.565974459553033,2025,0.8388442639574608
2025,12,deer creek,deer creek,1,59,168,654.8769252677147,6.4844473176251345,2025,0.6310398907596639
2025,13,deer creek,deer creek,1,35,168,605.1062530231945,6.4054040674423325,2025,0.429566704390879
2025,14,deer creek,deer creek,0,NA,168,556.2826280167116,6.321276488868884,2025,0.2151340832944004
2025,15,deer creek,deer creek,5,35,168,535.5751813245234,6.283341274663695,2025,0.11844108972662458
2025,16,deer creek,deer creek,3,34.333333333333336,168,509.8506956311233,6.234117929193188,2025,-0.007024199627487114
2025,17,deer creek,deer creek,0,NA,144,504.5860850360878,6.223738459600186,2025,-0.03348040944785301
2025,18,deer creek,deer creek,2,63,168,516.8690377300575,6.247789530485417,2025,0.02782331826605766
2025,19,deer creek,deer creek,1,80,168,406.86852763122295,6.008490105324721,2025,-0.5821265202317787
2025,20,deer creek,deer creek,7,82.85714285714286,168,384.3657391634468,5.951594545037227,2025,-0.7271475029829753
2025,21,deer creek,deer creek,2,72.5,168,350.23493964403195,5.85860418541764,2025,-0.9641704494181116
2025,22,deer creek,deer creek,0,NA,144,304.43506403558763,5.718457810009272,2025,-1.3213892726099654
2025,23,deer creek,deer creek,0,NA,96,244.0724337267802,5.497465040775112,2025,-1.8846773114886497
2025,24,deer creek,deer creek,NA,NA,NA,211.46765718005952,5.354072065658234,2025,-2.250171386351264
2025,25,deer creek,deer creek,NA,NA,NA,173.9740063812589,5.158905899441484,2025,-2.747630047124095
2025,26,deer creek,deer creek,NA,NA,NA,150.88358197656046,5.016508559169095,2025,-3.1105863502716646
2025,27,deer creek,deer creek,NA,NA,NA,134.3667904050207,4.900573302355261,2025,-3.4060935004552304
2025,28,deer creek,deer creek,NA,NA,NA,122.7495678115744,4.810146245785127,2025,-3.6365828487424205
2025,29,deer creek,deer creek,NA,NA,NA,116.11518916802699,4.754582708467213,2025,-3.7782086407420095
2025,30,deer creek,deer creek,NA,NA,NA,109.83844384942327,4.69901059392876,2025,-3.919856295202318
2025,31,deer creek,deer creek,NA,NA,NA,104.59075642816936,4.650055177058308,2025,-4.044638661869828
2025,32,deer creek,deer creek,NA,NA,NA,101.07388118911075,4.615851746349675,2025,-4.1318197197549145
2025,33,deer creek,deer creek,NA,NA,NA,97.56194074200653,4.580487465954355,2025,-4.221959665144388
2025,34,deer creek,deer creek,NA,NA,NA,96.1614898989899,4.566028964624749,2025,-4.258812911009862
2025,35,deer creek,deer creek,NA,NA,NA,93.15247865560366,4.534237705986155,2025,-4.339845588205939
2025,36,deer creek,deer creek,NA,NA,NA,91.92422407070666,4.520964586256489,2025,-4.373677417221138
2025,37,deer creek,deer creek,NA,NA,NA,92.02963836859472,4.5221106813482574,2025,-4.370756137674988
2025,38,deer creek,deer creek,NA,NA,NA,92.76081600166347,4.530024309261785,2025,-4.350585106906541
2025,39,deer creek,deer creek,NA,NA,NA,91.72354227535551,4.518779077777699,2025,-4.379248055524085
2025,40,deer creek,deer creek,NA,NA,NA,93.83082928798665,4.541493472459498,2025,-4.321351379180482
2025,41,deer creek,deer creek,NA,NA,NA,95.30980194201537,4.557132658907457,2025,-4.281488687317498
2025,42,deer creek,deer creek,NA,NA,NA,98.2222265253473,4.58723252911152,2025,-4.20476718680639
2025,43,deer creek,deer creek,NA,NA,NA,123.26174802151716,4.814310127013266,2025,-3.6259695399936747
2025,44,deer creek,deer creek,0,NA,168,114.69868762244438,4.742308582242878,2025,-3.8094941371580897
2025,45,deer creek,deer creek,1,121,72,122.95231026116012,4.811796558735038,2026,-3.63237636928016
2025,46,deer creek,deer creek,0,NA,168,121.97630269781835,4.803826785684373,2026,-3.6526905082792545
2025,47,deer creek,deer creek,0,NA,168,154.5880550726311,5.040763869731292,2026,-3.048762036443112
2025,48,deer creek,deer creek,0,NA,168,197.7931022931696,5.28722154645301,2026,-2.420566544489822
2025,49,deer creek,deer creek,0,NA,168,274.2629160422613,5.61408719391605,2026,-1.5874193325954014
2025,50,deer creek,deer creek,0,NA,168,395.1255586264179,5.979203584331474,2026,-0.6567748765243129
2025,51,deer creek,deer creek,2,103.5,48,370.6327620383089,5.915211712637736,2026,-0.81988363359115
2025,52,deer creek,deer creek,NA,NA,NA,417.6275638640873,6.034590039811832,2026,-0.5156004480754122
2025,53,deer creek,deer creek,NA,NA,NA,563.6809139784946,6.33448833604083,2026,0.24880973480662194
2026,1,deer creek,deer creek,NA,NA,NA,573.7339733791225,6.352165827876335,2026,0.29386785930011883
2026,2,deer creek,deer creek,0,NA,24,662.3985107897782,6.495867354864686,2026,0.6601484014266907
2026,3,deer creek,deer creek,0,NA,168,565.9394888633805,6.338487162352517,2026,0.25900233540044426
2026,4,deer creek,deer creek,28,39.19047619047619,168,544.1296283729862,6.299187505920339,2026,0.15883151769902223
2026,5,deer creek,deer creek,44,37.05555555555556,168,490.35465283635426,6.195128910599989,2026,-0.10640323314643906
2026,6,deer creek,deer creek,57,35.92857142857143,168,659.6779455205188,6.49175175459605,2026,0.6496581559215457
2026,7,deer creek,deer creek,93,36,48,585.4470812447786,6.3723757967921335,2026,0.34538100968884067
2026,8,deer creek,deer creek,NA,NA,NA,693.1357999639249,6.541225939536243,2026,0.7757628095111571
2026,9,deer creek,deer creek,1,33,24,625.0184513284199,6.437781171426104,2026,0.5120926416457106
2026,10,deer creek,deer creek,22,36.22727272727273,168,657.9540342333106,6.4891350720969365,2026,0.6429884989983717
2026,11,deer creek,deer creek,2,41.5,168,710.5039162980739,6.565974459553033,2026,0.8388442639574608
2026,12,deer creek,deer creek,0,NA,168,654.8769252677147,6.4844473176251345,2026,0.6310398907596639
2026,13,deer creek,deer creek,0,NA,168,605.1062530231945,6.4054040674423325,2026,0.429566704390879
2026,14,deer creek,deer creek,5,69.8,168,556.2826280167116,6.321276488868884,2026,0.2151340832944004
2026,15,deer creek,deer creek,1,65,24,535.5751813245234,6.283341274663695,2026,0.11844108972662458
2026,16,deer creek,deer creek,0,NA,168,509.8506956311233,6.234117929193188,2026,-0.007024199627487114
2026,17,deer creek,deer creek,3,80,168,504.5860850360878,6.223738459600186,2026,-0.03348040944785301
2026,18,deer creek,deer creek,10,78.4,168,516.8690377300575,6.247789530485417,2026,0.02782331826605766
2026,19,deer creek,deer creek,11,82.63636363636364,144,406.86852763122295,6.008490105324721,2026,-0.5821265202317787
2026,20,deer creek,deer creek,9,77.22222222222223,144,384.3657391634468,5.951594545037227,2026,-0.7271475029829753
2026,21,deer creek,deer creek,0,NA,96,350.23493964403195,5.85860418541764,2026,-0.9641704494181116
2026,22,deer creek,deer creek,0,NA,168,304.43506403558763,5.718457810009272,2026,-1.3213892726099654
2026,23,deer creek,deer creek,NA,NA,NA,244.0724337267802,5.497465040775112,2026,-1.8846773114886497
2026,24,deer creek,deer creek,NA,NA,NA,211.46765718005952,5.354072065658234,2026,-2.250171386351264
2026,25,deer creek,deer creek,NA,NA,NA,173.9740063812589,5.158905899441484,2026,-2.747630047124095
2026,26,deer creek,deer creek,NA,NA,NA,150.88358197656046,5.016508559169095,2026,-3.1105863502716646
2026,27,deer creek,deer creek,NA,NA,NA,134.3667904050207,4.900573302355261,2026,-3.4060935004552304
2026,28,deer creek,deer creek,NA,NA,NA,122.7495678115744,4.810146245785127,2026,-3.6365828487424205
2026,29,deer creek,deer creek,NA,NA,NA,116.11518916802699,4.754582708467213,2026,-3.7782086407420095
2026,30,deer creek,deer creek,NA,NA,NA,109.83844384942327,4.69901059392876,2026,-3.919856295202318
2026,31,deer creek,deer creek,NA,NA,NA,104.59075642816936,4.650055177058308,2026,-4.044638661869828
2026,32,deer creek,deer creek,NA,NA,NA,101.07388118911075,4.615851746349675,2026,-4.1318197197549145
2026,33,deer creek,deer creek,NA,NA,NA,97.56194074200653,4.580487465954355,2026,-4.221959665144388
2026,34,deer creek,deer creek,NA,NA,NA,96.1614898989899,4.566028964624749,2026,-4.258812911009862
2026,35,deer creek,deer creek,NA,NA,NA,93.15247865560366,4.534237705986155,2026,-4.339845588205939
2026,36,deer creek,deer creek,NA,NA,NA,91.92422407070666,4.520964586256489,2026,-4.373677417221138
2026,37,deer creek,deer creek,NA,NA,NA,92.02963836859472,4.5221106813482574,2026,-4.370756137674988
2026,38,deer creek,deer creek,NA,NA,NA,92.76081600166347,4.530024309261785,2026,-4.350585106906541
2026,39,deer creek,deer creek,NA,NA,NA,91.72354227535551,4.518779077777699,2026,-4.379248055524085
2026,40,deer creek,deer creek,NA,NA,NA,93.83082928798665,4.541493472459498,2026,-4.321351379180482
2026,41,deer creek,deer creek,NA,NA,NA,95.30980194201537,4.557132658907457,2026,-4.281488687317498
2026,42,deer creek,deer creek,NA,NA,NA,98.2222265253473,4.58723252911152,2026,-4.20476718680639
2026,43,deer creek,deer creek,NA,NA,NA,123.26174802151716,4.814310127013266,2026,-3.6259695399936747
2026,44,deer creek,deer creek,NA,NA,NA,114.69868762244438,4.742308582242878,2026,-3.8094941371580897
