week,year,stream,gage_number,gage_agency,site_group,parameter,statistic,value
1,1990,battle creek,11376550,USGS,battle creek,flow,max,856
1,1990,battle creek,11376550,USGS,battle creek,flow,mean,276.18898809523813
1,1990,battle creek,11376550,USGS,battle creek,flow,min,225
2,1990,battle creek,11376550,USGS,battle creek,flow,max,2750
2,1990,battle creek,11376550,USGS,battle creek,flow,mean,750.2068452380953
2,1990,battle creek,11376550,USGS,battle creek,flow,min,299
3,1990,battle creek,11376550,USGS,battle creek,flow,max,2180
3,1990,battle creek,11376550,USGS,battle creek,flow,mean,556.3749999999999
3,1990,battle creek,11376550,USGS,battle creek,flow,min,325
4,1990,battle creek,11376550,USGS,battle creek,flow,max,394
4,1990,battle creek,11376550,USGS,battle creek,flow,mean,311.5327380952381
4,1990,battle creek,11376550,USGS,battle creek,flow,min,261
5,1990,battle creek,11376550,USGS,battle creek,flow,max,861
5,1990,battle creek,11376550,USGS,battle creek,flow,mean,350.2797619047619
5,1990,battle creek,11376550,USGS,battle creek,flow,min,258
6,1990,battle creek,11376550,USGS,battle creek,flow,max,490
6,1990,battle creek,11376550,USGS,battle creek,flow,mean,361.8556547619047
6,1990,battle creek,11376550,USGS,battle creek,flow,min,307
7,1990,battle creek,11376550,USGS,battle creek,flow,max,422
7,1990,battle creek,11376550,USGS,battle creek,flow,mean,312.1726190476191
7,1990,battle creek,11376550,USGS,battle creek,flow,min,282
8,1990,battle creek,11376550,USGS,battle creek,flow,max,344
8,1990,battle creek,11376550,USGS,battle creek,flow,mean,316.0610119047619
8,1990,battle creek,11376550,USGS,battle creek,flow,min,299
9,1990,battle creek,11376550,USGS,battle creek,flow,max,454
9,1990,battle creek,11376550,USGS,battle creek,flow,mean,357.5922619047619
9,1990,battle creek,11376550,USGS,battle creek,flow,min,310
10,1990,battle creek,11376550,USGS,battle creek,flow,max,1330
10,1990,battle creek,11376550,USGS,battle creek,flow,mean,543.7113095238094
10,1990,battle creek,11376550,USGS,battle creek,flow,min,430
11,1990,battle creek,11376550,USGS,battle creek,flow,max,470
11,1990,battle creek,11376550,USGS,battle creek,flow,mean,385.6101190476191
11,1990,battle creek,11376550,USGS,battle creek,flow,min,359
12,1990,battle creek,11376550,USGS,battle creek,flow,max,458
12,1990,battle creek,11376550,USGS,battle creek,flow,mean,408.75595238095235
12,1990,battle creek,11376550,USGS,battle creek,flow,min,378
13,1990,battle creek,11376550,USGS,battle creek,flow,max,430
13,1990,battle creek,11376550,USGS,battle creek,flow,mean,376.87500000000006
13,1990,battle creek,11376550,USGS,battle creek,flow,min,325
14,1990,battle creek,11376550,USGS,battle creek,flow,max,406
14,1990,battle creek,11376550,USGS,battle creek,flow,mean,339.76339285714283
14,1990,battle creek,11376550,USGS,battle creek,flow,min,292
15,1990,battle creek,11376550,USGS,battle creek,flow,max,370
15,1990,battle creek,11376550,USGS,battle creek,flow,mean,325.60565476190476
15,1990,battle creek,11376550,USGS,battle creek,flow,min,289
16,1990,battle creek,11376550,USGS,battle creek,flow,max,351
16,1990,battle creek,11376550,USGS,battle creek,flow,mean,310.9017857142857
16,1990,battle creek,11376550,USGS,battle creek,flow,min,278
17,1990,battle creek,11376550,USGS,battle creek,flow,max,446
17,1990,battle creek,11376550,USGS,battle creek,flow,mean,328.56398809523813
17,1990,battle creek,11376550,USGS,battle creek,flow,min,292
18,1990,battle creek,11376550,USGS,battle creek,flow,max,336
18,1990,battle creek,11376550,USGS,battle creek,flow,mean,274.3690476190476
18,1990,battle creek,11376550,USGS,battle creek,flow,min,251
19,1990,battle creek,11376550,USGS,battle creek,flow,max,289
19,1990,battle creek,11376550,USGS,battle creek,flow,mean,257.70386904761904
19,1990,battle creek,11376550,USGS,battle creek,flow,min,242
20,1990,battle creek,11376550,USGS,battle creek,flow,max,289
20,1990,battle creek,11376550,USGS,battle creek,flow,mean,242.27976190476193
20,1990,battle creek,11376550,USGS,battle creek,flow,min,213
21,1990,battle creek,11376550,USGS,battle creek,flow,max,544
21,1990,battle creek,11376550,USGS,battle creek,flow,mean,319.8452380952381
21,1990,battle creek,11376550,USGS,battle creek,flow,min,258
22,1990,battle creek,11376550,USGS,battle creek,flow,max,1240
22,1990,battle creek,11376550,USGS,battle creek,flow,mean,601.53125
22,1990,battle creek,11376550,USGS,battle creek,flow,min,378
23,1990,battle creek,11376550,USGS,battle creek,flow,max,511
23,1990,battle creek,11376550,USGS,battle creek,flow,mean,354.44642857142856
23,1990,battle creek,11376550,USGS,battle creek,flow,min,181
24,1990,battle creek,11376550,USGS,battle creek,flow,max,374
24,1990,battle creek,11376550,USGS,battle creek,flow,mean,293.45982142857144
24,1990,battle creek,11376550,USGS,battle creek,flow,min,245
25,1990,battle creek,11376550,USGS,battle creek,flow,max,303
25,1990,battle creek,11376550,USGS,battle creek,flow,mean,272.04761904761904
25,1990,battle creek,11376550,USGS,battle creek,flow,min,245
26,1990,battle creek,11376550,USGS,battle creek,flow,max,336
26,1990,battle creek,11376550,USGS,battle creek,flow,mean,250.3556547619048
26,1990,battle creek,11376550,USGS,battle creek,flow,min,229
27,1990,battle creek,11376550,USGS,battle creek,flow,max,278
27,1990,battle creek,11376550,USGS,battle creek,flow,mean,228.1041666666667
27,1990,battle creek,11376550,USGS,battle creek,flow,min,193
28,1990,battle creek,11376550,USGS,battle creek,flow,max,275
28,1990,battle creek,11376550,USGS,battle creek,flow,mean,216.62053571428572
28,1990,battle creek,11376550,USGS,battle creek,flow,min,197
29,1990,battle creek,11376550,USGS,battle creek,flow,max,275
29,1990,battle creek,11376550,USGS,battle creek,flow,mean,210.56696428571425
29,1990,battle creek,11376550,USGS,battle creek,flow,min,187
30,1990,battle creek,11376550,USGS,battle creek,flow,max,245
30,1990,battle creek,11376550,USGS,battle creek,flow,mean,207.5967261904762
30,1990,battle creek,11376550,USGS,battle creek,flow,min,187
31,1990,battle creek,11376550,USGS,battle creek,flow,max,248
31,1990,battle creek,11376550,USGS,battle creek,flow,mean,206.26041666666666
31,1990,battle creek,11376550,USGS,battle creek,flow,min,174
32,1990,battle creek,11376550,USGS,battle creek,flow,max,232
32,1990,battle creek,11376550,USGS,battle creek,flow,mean,198.83333333333331
32,1990,battle creek,11376550,USGS,battle creek,flow,min,165
33,1990,battle creek,11376550,USGS,battle creek,flow,max,258
33,1990,battle creek,11376550,USGS,battle creek,flow,mean,197.3095238095238
33,1990,battle creek,11376550,USGS,battle creek,flow,min,146
34,1990,battle creek,11376550,USGS,battle creek,flow,max,219
34,1990,battle creek,11376550,USGS,battle creek,flow,mean,194.44047619047618
34,1990,battle creek,11376550,USGS,battle creek,flow,min,165
35,1990,battle creek,11376550,USGS,battle creek,flow,max,329
35,1990,battle creek,11376550,USGS,battle creek,flow,mean,198.6279761904762
35,1990,battle creek,11376550,USGS,battle creek,flow,min,90
36,1990,battle creek,11376550,USGS,battle creek,flow,max,285
36,1990,battle creek,11376550,USGS,battle creek,flow,mean,183.3883928571429
36,1990,battle creek,11376550,USGS,battle creek,flow,min,93
37,1990,battle creek,11376550,USGS,battle creek,flow,max,242
37,1990,battle creek,11376550,USGS,battle creek,flow,mean,197.9404761904762
37,1990,battle creek,11376550,USGS,battle creek,flow,min,122
38,1990,battle creek,11376550,USGS,battle creek,flow,max,238
38,1990,battle creek,11376550,USGS,battle creek,flow,mean,197.57142857142858
38,1990,battle creek,11376550,USGS,battle creek,flow,min,165
39,1990,battle creek,11376550,USGS,battle creek,flow,max,268
39,1990,battle creek,11376550,USGS,battle creek,flow,mean,197.0818452380952
39,1990,battle creek,11376550,USGS,battle creek,flow,min,116
40,1990,battle creek,11376550,USGS,battle creek,flow,max,216
40,1990,battle creek,11376550,USGS,battle creek,flow,mean,191.90029761904762
40,1990,battle creek,11376550,USGS,battle creek,flow,min,155
41,1990,battle creek,11376550,USGS,battle creek,flow,max,242
41,1990,battle creek,11376550,USGS,battle creek,flow,mean,187.9136904761905
41,1990,battle creek,11376550,USGS,battle creek,flow,min,149
42,1990,battle creek,11376550,USGS,battle creek,flow,max,232
42,1990,battle creek,11376550,USGS,battle creek,flow,mean,185.2529761904762
42,1990,battle creek,11376550,USGS,battle creek,flow,min,110
43,1990,battle creek,11376550,USGS,battle creek,flow,max,245
43,1990,battle creek,11376550,USGS,battle creek,flow,mean,203.05208333333331
43,1990,battle creek,11376550,USGS,battle creek,flow,min,171
44,1990,battle creek,11376550,USGS,battle creek,flow,max,333
44,1990,battle creek,11376550,USGS,battle creek,flow,mean,237.45238095238093
44,1990,battle creek,11376550,USGS,battle creek,flow,min,184
45,1990,battle creek,11376550,USGS,battle creek,flow,max,285
45,1990,battle creek,11376550,USGS,battle creek,flow,mean,242.10714285714286
45,1990,battle creek,11376550,USGS,battle creek,flow,min,206
46,1990,battle creek,11376550,USGS,battle creek,flow,max,278
46,1990,battle creek,11376550,USGS,battle creek,flow,mean,239.92708333333331
46,1990,battle creek,11376550,USGS,battle creek,flow,min,190
47,1990,battle creek,11376550,USGS,battle creek,flow,max,271
47,1990,battle creek,11376550,USGS,battle creek,flow,mean,242.61011904761907
47,1990,battle creek,11376550,USGS,battle creek,flow,min,213
48,1990,battle creek,11376550,USGS,battle creek,flow,max,292
48,1990,battle creek,11376550,USGS,battle creek,flow,mean,246.9970238095238
48,1990,battle creek,11376550,USGS,battle creek,flow,min,193
49,1990,battle creek,11376550,USGS,battle creek,flow,max,278
49,1990,battle creek,11376550,USGS,battle creek,flow,mean,233.03720238095244
49,1990,battle creek,11376550,USGS,battle creek,flow,min,197
50,1990,battle creek,11376550,USGS,battle creek,flow,max,296
50,1990,battle creek,11376550,USGS,battle creek,flow,mean,247.06696428571428
50,1990,battle creek,11376550,USGS,battle creek,flow,min,200
51,1990,battle creek,11376550,USGS,battle creek,flow,max,307
51,1990,battle creek,11376550,USGS,battle creek,flow,mean,232.61309523809527
51,1990,battle creek,11376550,USGS,battle creek,flow,min,125
52,1990,battle creek,11376550,USGS,battle creek,flow,max,255
52,1990,battle creek,11376550,USGS,battle creek,flow,mean,234.29166666666666
52,1990,battle creek,11376550,USGS,battle creek,flow,min,216
53,1990,battle creek,11376550,USGS,battle creek,flow,max,232
53,1990,battle creek,11376550,USGS,battle creek,flow,mean,232
53,1990,battle creek,11376550,USGS,battle creek,flow,min,232
1,1991,battle creek,11376550,USGS,battle creek,flow,max,268
1,1991,battle creek,11376550,USGS,battle creek,flow,mean,230.26934523809524
1,1991,battle creek,11376550,USGS,battle creek,flow,min,184
2,1991,battle creek,11376550,USGS,battle creek,flow,max,285
2,1991,battle creek,11376550,USGS,battle creek,flow,mean,246.04761904761907
2,1991,battle creek,11376550,USGS,battle creek,flow,min,190
3,1991,battle creek,11376550,USGS,battle creek,flow,max,265
3,1991,battle creek,11376550,USGS,battle creek,flow,mean,236.60714285714283
3,1991,battle creek,11376550,USGS,battle creek,flow,min,213
4,1991,battle creek,11376550,USGS,battle creek,flow,max,248
4,1991,battle creek,11376550,USGS,battle creek,flow,mean,228.68750000000003
4,1991,battle creek,11376550,USGS,battle creek,flow,min,206
5,1991,battle creek,11376550,USGS,battle creek,flow,max,1020
5,1991,battle creek,11376550,USGS,battle creek,flow,mean,321.33184523809524
5,1991,battle creek,11376550,USGS,battle creek,flow,min,193
6,1991,battle creek,11376550,USGS,battle creek,flow,max,918
6,1991,battle creek,11376550,USGS,battle creek,flow,mean,345.6904761904762
6,1991,battle creek,11376550,USGS,battle creek,flow,min,222
7,1991,battle creek,11376550,USGS,battle creek,flow,max,261
7,1991,battle creek,11376550,USGS,battle creek,flow,mean,226.84375
7,1991,battle creek,11376550,USGS,battle creek,flow,min,203
8,1991,battle creek,11376550,USGS,battle creek,flow,max,245
8,1991,battle creek,11376550,USGS,battle creek,flow,mean,204.57142857142858
8,1991,battle creek,11376550,USGS,battle creek,flow,min,119
9,1991,battle creek,11376550,USGS,battle creek,flow,max,2450
9,1991,battle creek,11376550,USGS,battle creek,flow,mean,402.37202380952385
9,1991,battle creek,11376550,USGS,battle creek,flow,min,171
10,1991,battle creek,11376550,USGS,battle creek,flow,max,2040
10,1991,battle creek,11376550,USGS,battle creek,flow,mean,479.2738095238095
10,1991,battle creek,11376550,USGS,battle creek,flow,min,261
11,1991,battle creek,11376550,USGS,battle creek,flow,max,1980
11,1991,battle creek,11376550,USGS,battle creek,flow,mean,594.2544642857143
11,1991,battle creek,11376550,USGS,battle creek,flow,min,296
12,1991,battle creek,11376550,USGS,battle creek,flow,max,1450
12,1991,battle creek,11376550,USGS,battle creek,flow,mean,535.8214285714286
12,1991,battle creek,11376550,USGS,battle creek,flow,min,292
13,1991,battle creek,11376550,USGS,battle creek,flow,max,1480
13,1991,battle creek,11376550,USGS,battle creek,flow,mean,516.4196428571429
13,1991,battle creek,11376550,USGS,battle creek,flow,min,351
14,1991,battle creek,11376550,USGS,battle creek,flow,max,1870
14,1991,battle creek,11376550,USGS,battle creek,flow,mean,514.7354718949435
14,1991,battle creek,11376550,USGS,battle creek,flow,min,344
15,1991,battle creek,11376550,USGS,battle creek,flow,max,523
15,1991,battle creek,11376550,USGS,battle creek,flow,mean,403.30682376043205
15,1991,battle creek,11376550,USGS,battle creek,flow,min,344
16,1991,battle creek,11376550,USGS,battle creek,flow,max,470
16,1991,battle creek,11376550,USGS,battle creek,flow,mean,375.17857142857144
16,1991,battle creek,11376550,USGS,battle creek,flow,min,329
17,1991,battle creek,11376550,USGS,battle creek,flow,max,410
17,1991,battle creek,11376550,USGS,battle creek,flow,mean,370.1641353706431
17,1991,battle creek,11376550,USGS,battle creek,flow,min,336
18,1991,battle creek,11376550,USGS,battle creek,flow,max,367
18,1991,battle creek,11376550,USGS,battle creek,flow,mean,334.29797189494354
18,1991,battle creek,11376550,USGS,battle creek,flow,min,289
19,1991,battle creek,11376550,USGS,battle creek,flow,max,367
19,1991,battle creek,11376550,USGS,battle creek,flow,mean,321.8898809523809
19,1991,battle creek,11376550,USGS,battle creek,flow,min,282
20,1991,battle creek,11376550,USGS,battle creek,flow,max,655
20,1991,battle creek,11376550,USGS,battle creek,flow,mean,375.09375
20,1991,battle creek,11376550,USGS,battle creek,flow,min,203
21,1991,battle creek,11376550,USGS,battle creek,flow,max,422
21,1991,battle creek,11376550,USGS,battle creek,flow,mean,378.3913690476191
21,1991,battle creek,11376550,USGS,battle creek,flow,min,333
22,1991,battle creek,11376550,USGS,battle creek,flow,max,414
22,1991,battle creek,11376550,USGS,battle creek,flow,mean,349.5654761904762
22,1991,battle creek,11376550,USGS,battle creek,flow,min,292
23,1991,battle creek,11376550,USGS,battle creek,flow,max,386
23,1991,battle creek,11376550,USGS,battle creek,flow,mean,337.9791666666667
23,1991,battle creek,11376550,USGS,battle creek,flow,min,285
24,1991,battle creek,11376550,USGS,battle creek,flow,max,367
24,1991,battle creek,11376550,USGS,battle creek,flow,mean,303.88690476190476
24,1991,battle creek,11376550,USGS,battle creek,flow,min,255
25,1991,battle creek,11376550,USGS,battle creek,flow,max,314
25,1991,battle creek,11376550,USGS,battle creek,flow,mean,279.6026785714286
25,1991,battle creek,11376550,USGS,battle creek,flow,min,245
26,1991,battle creek,11376550,USGS,battle creek,flow,max,367
26,1991,battle creek,11376550,USGS,battle creek,flow,mean,273.83333333333337
26,1991,battle creek,11376550,USGS,battle creek,flow,min,245
27,1991,battle creek,11376550,USGS,battle creek,flow,max,348
27,1991,battle creek,11376550,USGS,battle creek,flow,mean,247.26934523809524
27,1991,battle creek,11376550,USGS,battle creek,flow,min,216
28,1991,battle creek,11376550,USGS,battle creek,flow,max,248
28,1991,battle creek,11376550,USGS,battle creek,flow,mean,220.93898809523807
28,1991,battle creek,11376550,USGS,battle creek,flow,min,200
29,1991,battle creek,11376550,USGS,battle creek,flow,max,278
29,1991,battle creek,11376550,USGS,battle creek,flow,mean,218.61458333333331
29,1991,battle creek,11376550,USGS,battle creek,flow,min,177
30,1991,battle creek,11376550,USGS,battle creek,flow,max,265
30,1991,battle creek,11376550,USGS,battle creek,flow,mean,213.49404761904756
30,1991,battle creek,11376550,USGS,battle creek,flow,min,184
31,1991,battle creek,11376550,USGS,battle creek,flow,max,245
31,1991,battle creek,11376550,USGS,battle creek,flow,mean,193.68303571428572
31,1991,battle creek,11376550,USGS,battle creek,flow,min,128
32,1991,battle creek,11376550,USGS,battle creek,flow,max,422
32,1991,battle creek,11376550,USGS,battle creek,flow,mean,192.15922619047618
32,1991,battle creek,11376550,USGS,battle creek,flow,min,85
33,1991,battle creek,11376550,USGS,battle creek,flow,max,222
33,1991,battle creek,11376550,USGS,battle creek,flow,mean,185.0238095238095
33,1991,battle creek,11376550,USGS,battle creek,flow,min,143
34,1991,battle creek,11376550,USGS,battle creek,flow,max,255
34,1991,battle creek,11376550,USGS,battle creek,flow,mean,182.70535714285714
34,1991,battle creek,11376550,USGS,battle creek,flow,min,149
35,1991,battle creek,11376550,USGS,battle creek,flow,max,203
35,1991,battle creek,11376550,USGS,battle creek,flow,mean,178.9181547619048
35,1991,battle creek,11376550,USGS,battle creek,flow,min,119
36,1991,battle creek,11376550,USGS,battle creek,flow,max,187
36,1991,battle creek,11376550,USGS,battle creek,flow,mean,160.63392857142858
36,1991,battle creek,11376550,USGS,battle creek,flow,min,90
37,1991,battle creek,11376550,USGS,battle creek,flow,max,177
37,1991,battle creek,11376550,USGS,battle creek,flow,mean,159.71875
37,1991,battle creek,11376550,USGS,battle creek,flow,min,146
38,1991,battle creek,11376550,USGS,battle creek,flow,max,251
38,1991,battle creek,11376550,USGS,battle creek,flow,mean,182.5550595238095
38,1991,battle creek,11376550,USGS,battle creek,flow,min,116
39,1991,battle creek,11376550,USGS,battle creek,flow,max,235
39,1991,battle creek,11376550,USGS,battle creek,flow,mean,204.77678571428572
39,1991,battle creek,11376550,USGS,battle creek,flow,min,165
40,1991,battle creek,11376550,USGS,battle creek,flow,max,235
40,1991,battle creek,11376550,USGS,battle creek,flow,mean,213.88839285714286
40,1991,battle creek,11376550,USGS,battle creek,flow,min,174
41,1991,battle creek,11376550,USGS,battle creek,flow,max,235
41,1991,battle creek,11376550,USGS,battle creek,flow,mean,193.72619047619045
41,1991,battle creek,11376550,USGS,battle creek,flow,min,149
42,1991,battle creek,11376550,USGS,battle creek,flow,max,278
42,1991,battle creek,11376550,USGS,battle creek,flow,mean,226.79613095238096
42,1991,battle creek,11376550,USGS,battle creek,flow,min,187
43,1991,battle creek,11376550,USGS,battle creek,flow,max,503
43,1991,battle creek,11376550,USGS,battle creek,flow,mean,265.4973473084886
43,1991,battle creek,11376550,USGS,battle creek,flow,min,181
44,1991,battle creek,11376550,USGS,battle creek,flow,max,245
44,1991,battle creek,11376550,USGS,battle creek,flow,mean,214.33630952380955
44,1991,battle creek,11376550,USGS,battle creek,flow,min,181
45,1991,battle creek,11376550,USGS,battle creek,flow,max,251
45,1991,battle creek,11376550,USGS,battle creek,flow,mean,211.03273809523807
45,1991,battle creek,11376550,USGS,battle creek,flow,min,165
46,1991,battle creek,11376550,USGS,battle creek,flow,max,271
46,1991,battle creek,11376550,USGS,battle creek,flow,mean,214.23065476190476
46,1991,battle creek,11376550,USGS,battle creek,flow,min,162
47,1991,battle creek,11376550,USGS,battle creek,flow,max,258
47,1991,battle creek,11376550,USGS,battle creek,flow,mean,219.35416666666666
47,1991,battle creek,11376550,USGS,battle creek,flow,min,174
48,1991,battle creek,11376550,USGS,battle creek,flow,max,238
48,1991,battle creek,11376550,USGS,battle creek,flow,mean,212.10416666666666
48,1991,battle creek,11376550,USGS,battle creek,flow,min,190
49,1991,battle creek,11376550,USGS,battle creek,flow,max,251
49,1991,battle creek,11376550,USGS,battle creek,flow,mean,205.81250000000003
49,1991,battle creek,11376550,USGS,battle creek,flow,min,177
50,1991,battle creek,11376550,USGS,battle creek,flow,max,229
50,1991,battle creek,11376550,USGS,battle creek,flow,mean,200.63839285714286
50,1991,battle creek,11376550,USGS,battle creek,flow,min,171
51,1991,battle creek,11376550,USGS,battle creek,flow,max,382
51,1991,battle creek,11376550,USGS,battle creek,flow,mean,227.98660714285714
51,1991,battle creek,11376550,USGS,battle creek,flow,min,181
52,1991,battle creek,11376550,USGS,battle creek,flow,max,540
52,1991,battle creek,11376550,USGS,battle creek,flow,mean,262.9925595238095
52,1991,battle creek,11376550,USGS,battle creek,flow,min,171
53,1991,battle creek,11376550,USGS,battle creek,flow,max,258
53,1991,battle creek,11376550,USGS,battle creek,flow,mean,238.32291666666666
53,1991,battle creek,11376550,USGS,battle creek,flow,min,213
1,1992,battle creek,11376550,USGS,battle creek,flow,max,923
1,1992,battle creek,11376550,USGS,battle creek,flow,mean,352.5528352130326
1,1992,battle creek,11376550,USGS,battle creek,flow,min,203
2,1992,battle creek,11376550,USGS,battle creek,flow,max,544
2,1992,battle creek,11376550,USGS,battle creek,flow,mean,269.9449404761905
2,1992,battle creek,11376550,USGS,battle creek,flow,min,190
3,1992,battle creek,11376550,USGS,battle creek,flow,max,258
3,1992,battle creek,11376550,USGS,battle creek,flow,mean,234.66517857142858
3,1992,battle creek,11376550,USGS,battle creek,flow,min,200
4,1992,battle creek,11376550,USGS,battle creek,flow,max,265
4,1992,battle creek,11376550,USGS,battle creek,flow,mean,232.3095238095238
4,1992,battle creek,11376550,USGS,battle creek,flow,min,200
5,1992,battle creek,11376550,USGS,battle creek,flow,max,601
5,1992,battle creek,11376550,USGS,battle creek,flow,mean,274.00892857142856
5,1992,battle creek,11376550,USGS,battle creek,flow,min,174
6,1992,battle creek,11376550,USGS,battle creek,flow,max,1690
6,1992,battle creek,11376550,USGS,battle creek,flow,mean,369.733630952381
6,1992,battle creek,11376550,USGS,battle creek,flow,min,200
7,1992,battle creek,11376550,USGS,battle creek,flow,max,2870
7,1992,battle creek,11376550,USGS,battle creek,flow,mean,777.1815476190476
7,1992,battle creek,11376550,USGS,battle creek,flow,min,359
8,1992,battle creek,11376550,USGS,battle creek,flow,max,830
8,1992,battle creek,11376550,USGS,battle creek,flow,mean,569.6934523809524
8,1992,battle creek,11376550,USGS,battle creek,flow,min,386
9,1992,battle creek,11376550,USGS,battle creek,flow,max,442
9,1992,battle creek,11376550,USGS,battle creek,flow,mean,373.91666666666663
9,1992,battle creek,11376550,USGS,battle creek,flow,min,329
10,1992,battle creek,11376550,USGS,battle creek,flow,max,791
10,1992,battle creek,11376550,USGS,battle creek,flow,mean,391.15922619047615
10,1992,battle creek,11376550,USGS,battle creek,flow,min,282
11,1992,battle creek,11376550,USGS,battle creek,flow,max,592
11,1992,battle creek,11376550,USGS,battle creek,flow,mean,359.2886904761905
11,1992,battle creek,11376550,USGS,battle creek,flow,min,261
12,1992,battle creek,11376550,USGS,battle creek,flow,max,511
12,1992,battle creek,11376550,USGS,battle creek,flow,mean,323.0863095238095
12,1992,battle creek,11376550,USGS,battle creek,flow,min,285
13,1992,battle creek,11376550,USGS,battle creek,flow,max,333
13,1992,battle creek,11376550,USGS,battle creek,flow,mean,290.79315476190476
13,1992,battle creek,11376550,USGS,battle creek,flow,min,261
14,1992,battle creek,11376550,USGS,battle creek,flow,max,359
14,1992,battle creek,11376550,USGS,battle creek,flow,mean,309.1547619047619
14,1992,battle creek,11376550,USGS,battle creek,flow,min,261
15,1992,battle creek,11376550,USGS,battle creek,flow,max,614
15,1992,battle creek,11376550,USGS,battle creek,flow,mean,363.73214285714283
15,1992,battle creek,11376550,USGS,battle creek,flow,min,248
16,1992,battle creek,11376550,USGS,battle creek,flow,max,557
16,1992,battle creek,11376550,USGS,battle creek,flow,mean,384.54464285714283
16,1992,battle creek,11376550,USGS,battle creek,flow,min,314
17,1992,battle creek,11376550,USGS,battle creek,flow,max,398
17,1992,battle creek,11376550,USGS,battle creek,flow,mean,317.69791666666663
17,1992,battle creek,11376550,USGS,battle creek,flow,min,285
18,1992,battle creek,11376550,USGS,battle creek,flow,max,374
18,1992,battle creek,11376550,USGS,battle creek,flow,mean,312.24404761904765
18,1992,battle creek,11376550,USGS,battle creek,flow,min,275
19,1992,battle creek,11376550,USGS,battle creek,flow,max,348
19,1992,battle creek,11376550,USGS,battle creek,flow,mean,299.61607142857144
19,1992,battle creek,11376550,USGS,battle creek,flow,min,265
20,1992,battle creek,11376550,USGS,battle creek,flow,max,289
20,1992,battle creek,11376550,USGS,battle creek,flow,mean,263.4300595238095
20,1992,battle creek,11376550,USGS,battle creek,flow,min,187
21,1992,battle creek,11376550,USGS,battle creek,flow,max,299
21,1992,battle creek,11376550,USGS,battle creek,flow,mean,246.39583333333331
21,1992,battle creek,11376550,USGS,battle creek,flow,min,209
22,1992,battle creek,11376550,USGS,battle creek,flow,max,278
22,1992,battle creek,11376550,USGS,battle creek,flow,mean,233.203869047619
22,1992,battle creek,11376550,USGS,battle creek,flow,min,184
23,1992,battle creek,11376550,USGS,battle creek,flow,max,271
23,1992,battle creek,11376550,USGS,battle creek,flow,mean,224.33630952380955
23,1992,battle creek,11376550,USGS,battle creek,flow,min,197
24,1992,battle creek,11376550,USGS,battle creek,flow,max,271
24,1992,battle creek,11376550,USGS,battle creek,flow,mean,208.08035714285714
24,1992,battle creek,11376550,USGS,battle creek,flow,min,187
25,1992,battle creek,11376550,USGS,battle creek,flow,max,255
25,1992,battle creek,11376550,USGS,battle creek,flow,mean,196.61309523809524
25,1992,battle creek,11376550,USGS,battle creek,flow,min,152
26,1992,battle creek,11376550,USGS,battle creek,flow,max,289
26,1992,battle creek,11376550,USGS,battle creek,flow,mean,191.00892857142858
26,1992,battle creek,11376550,USGS,battle creek,flow,min,162
27,1992,battle creek,11376550,USGS,battle creek,flow,max,278
27,1992,battle creek,11376550,USGS,battle creek,flow,mean,189.95535714285714
27,1992,battle creek,11376550,USGS,battle creek,flow,min,159
28,1992,battle creek,11376550,USGS,battle creek,flow,max,206
28,1992,battle creek,11376550,USGS,battle creek,flow,mean,161.88690476190476
28,1992,battle creek,11376550,USGS,battle creek,flow,min,140
29,1992,battle creek,11376550,USGS,battle creek,flow,max,193
29,1992,battle creek,11376550,USGS,battle creek,flow,mean,163.24851190476193
29,1992,battle creek,11376550,USGS,battle creek,flow,min,134
30,1992,battle creek,11376550,USGS,battle creek,flow,max,193
30,1992,battle creek,11376550,USGS,battle creek,flow,mean,164.30059523809524
30,1992,battle creek,11376550,USGS,battle creek,flow,min,137
31,1992,battle creek,11376550,USGS,battle creek,flow,max,213
31,1992,battle creek,11376550,USGS,battle creek,flow,mean,164.71039377289375
31,1992,battle creek,11376550,USGS,battle creek,flow,min,90
32,1992,battle creek,11376550,USGS,battle creek,flow,max,197
32,1992,battle creek,11376550,USGS,battle creek,flow,mean,173.49553571428572
32,1992,battle creek,11376550,USGS,battle creek,flow,min,159
33,1992,battle creek,11376550,USGS,battle creek,flow,max,209
33,1992,battle creek,11376550,USGS,battle creek,flow,mean,161.11607142857142
33,1992,battle creek,11376550,USGS,battle creek,flow,min,90
34,1992,battle creek,11376550,USGS,battle creek,flow,max,171
34,1992,battle creek,11376550,USGS,battle creek,flow,mean,145.27678571428572
34,1992,battle creek,11376550,USGS,battle creek,flow,min,122
35,1992,battle creek,11376550,USGS,battle creek,flow,max,181
35,1992,battle creek,11376550,USGS,battle creek,flow,mean,156.1011904761905
35,1992,battle creek,11376550,USGS,battle creek,flow,min,122
36,1992,battle creek,11376550,USGS,battle creek,flow,max,174
36,1992,battle creek,11376550,USGS,battle creek,flow,mean,149.2202380952381
36,1992,battle creek,11376550,USGS,battle creek,flow,min,137
37,1992,battle creek,11376550,USGS,battle creek,flow,max,162
37,1992,battle creek,11376550,USGS,battle creek,flow,mean,151.24851190476193
37,1992,battle creek,11376550,USGS,battle creek,flow,min,134
38,1992,battle creek,11376550,USGS,battle creek,flow,max,168
38,1992,battle creek,11376550,USGS,battle creek,flow,mean,155.38392857142858
38,1992,battle creek,11376550,USGS,battle creek,flow,min,140
39,1992,battle creek,11376550,USGS,battle creek,flow,max,348
39,1992,battle creek,11376550,USGS,battle creek,flow,mean,160.17271825396827
39,1992,battle creek,11376550,USGS,battle creek,flow,min,82
40,1992,battle creek,11376550,USGS,battle creek,flow,max,200
40,1992,battle creek,11376550,USGS,battle creek,flow,mean,156.65178571428572
40,1992,battle creek,11376550,USGS,battle creek,flow,min,110
41,1992,battle creek,11376550,USGS,battle creek,flow,max,177
41,1992,battle creek,11376550,USGS,battle creek,flow,mean,138.9389880952381
41,1992,battle creek,11376550,USGS,battle creek,flow,min,96
42,1992,battle creek,11376550,USGS,battle creek,flow,max,159
42,1992,battle creek,11376550,USGS,battle creek,flow,mean,117.50744047619048
42,1992,battle creek,11376550,USGS,battle creek,flow,min,85
43,1992,battle creek,11376550,USGS,battle creek,flow,max,197
43,1992,battle creek,11376550,USGS,battle creek,flow,mean,116.761516563147
43,1992,battle creek,11376550,USGS,battle creek,flow,min,90
44,1992,battle creek,11376550,USGS,battle creek,flow,max,422
44,1992,battle creek,11376550,USGS,battle creek,flow,mean,196.34970238095238
44,1992,battle creek,11376550,USGS,battle creek,flow,min,90
45,1992,battle creek,11376550,USGS,battle creek,flow,max,245
45,1992,battle creek,11376550,USGS,battle creek,flow,mean,201.34077380952382
45,1992,battle creek,11376550,USGS,battle creek,flow,min,159
46,1992,battle creek,11376550,USGS,battle creek,flow,max,251
46,1992,battle creek,11376550,USGS,battle creek,flow,mean,199.1517857142857
46,1992,battle creek,11376550,USGS,battle creek,flow,min,168
47,1992,battle creek,11376550,USGS,battle creek,flow,max,462
47,1992,battle creek,11376550,USGS,battle creek,flow,mean,213.25335612968593
47,1992,battle creek,11376550,USGS,battle creek,flow,min,90
48,1992,battle creek,11376550,USGS,battle creek,flow,max,245
48,1992,battle creek,11376550,USGS,battle creek,flow,mean,203.57738095238096
48,1992,battle creek,11376550,USGS,battle creek,flow,min,168
49,1992,battle creek,11376550,USGS,battle creek,flow,max,394
49,1992,battle creek,11376550,USGS,battle creek,flow,mean,233.80654761904762
49,1992,battle creek,11376550,USGS,battle creek,flow,min,171
50,1992,battle creek,11376550,USGS,battle creek,flow,max,2890
50,1992,battle creek,11376550,USGS,battle creek,flow,mean,577.7723214285713
50,1992,battle creek,11376550,USGS,battle creek,flow,min,235
51,1992,battle creek,11376550,USGS,battle creek,flow,max,271
51,1992,battle creek,11376550,USGS,battle creek,flow,mean,223.16815476190476
51,1992,battle creek,11376550,USGS,battle creek,flow,min,128
52,1992,battle creek,11376550,USGS,battle creek,flow,max,614
52,1992,battle creek,11376550,USGS,battle creek,flow,mean,242.6889880952381
52,1992,battle creek,11376550,USGS,battle creek,flow,min,165
53,1992,battle creek,11376550,USGS,battle creek,flow,max,370
53,1992,battle creek,11376550,USGS,battle creek,flow,mean,307.578125
53,1992,battle creek,11376550,USGS,battle creek,flow,min,261
1,1993,battle creek,11376550,USGS,battle creek,flow,max,4460
1,1993,battle creek,11376550,USGS,battle creek,flow,mean,781.7946428571429
1,1993,battle creek,11376550,USGS,battle creek,flow,min,261
2,1993,battle creek,11376550,USGS,battle creek,flow,max,4110
2,1993,battle creek,11376550,USGS,battle creek,flow,mean,1146.294642857143
2,1993,battle creek,11376550,USGS,battle creek,flow,min,336
3,1993,battle creek,11376550,USGS,battle creek,flow,max,3980
3,1993,battle creek,11376550,USGS,battle creek,flow,mean,1247.9315476190477
3,1993,battle creek,11376550,USGS,battle creek,flow,min,511
4,1993,battle creek,11376550,USGS,battle creek,flow,max,3260
4,1993,battle creek,11376550,USGS,battle creek,flow,mean,948.2157738095237
4,1993,battle creek,11376550,USGS,battle creek,flow,min,482
5,1993,battle creek,11376550,USGS,battle creek,flow,max,482
5,1993,battle creek,11376550,USGS,battle creek,flow,mean,409.9598214285714
5,1993,battle creek,11376550,USGS,battle creek,flow,min,355
6,1993,battle creek,11376550,USGS,battle creek,flow,max,1960
6,1993,battle creek,11376550,USGS,battle creek,flow,mean,636.3526785714286
6,1993,battle creek,11376550,USGS,battle creek,flow,min,351
7,1993,battle creek,11376550,USGS,battle creek,flow,max,2170
7,1993,battle creek,11376550,USGS,battle creek,flow,mean,723.0104166666667
7,1993,battle creek,11376550,USGS,battle creek,flow,min,470
8,1993,battle creek,11376550,USGS,battle creek,flow,max,5800
8,1993,battle creek,11376550,USGS,battle creek,flow,mean,1513.577380952381
8,1993,battle creek,11376550,USGS,battle creek,flow,min,743
9,1993,battle creek,11376550,USGS,battle creek,flow,max,753
9,1993,battle creek,11376550,USGS,battle creek,flow,mean,588.0595238095237
9,1993,battle creek,11376550,USGS,battle creek,flow,min,515
10,1993,battle creek,11376550,USGS,battle creek,flow,max,601
10,1993,battle creek,11376550,USGS,battle creek,flow,mean,549.0610119047619
10,1993,battle creek,11376550,USGS,battle creek,flow,min,511
11,1993,battle creek,11376550,USGS,battle creek,flow,max,2960
11,1993,battle creek,11376550,USGS,battle creek,flow,mean,997.1339285714286
11,1993,battle creek,11376550,USGS,battle creek,flow,min,557
12,1993,battle creek,11376550,USGS,battle creek,flow,max,5010
12,1993,battle creek,11376550,USGS,battle creek,flow,mean,1323.1488095238094
12,1993,battle creek,11376550,USGS,battle creek,flow,min,856
13,1993,battle creek,11376550,USGS,battle creek,flow,max,1390
13,1993,battle creek,11376550,USGS,battle creek,flow,mean,985.9940476190477
13,1993,battle creek,11376550,USGS,battle creek,flow,min,805
14,1993,battle creek,11376550,USGS,battle creek,flow,max,1460
14,1993,battle creek,11376550,USGS,battle creek,flow,mean,898.0922619047618
14,1993,battle creek,11376550,USGS,battle creek,flow,min,711
15,1993,battle creek,11376550,USGS,battle creek,flow,max,1110
15,1993,battle creek,11376550,USGS,battle creek,flow,mean,744.0669642857143
15,1993,battle creek,11376550,USGS,battle creek,flow,min,645
16,1993,battle creek,11376550,USGS,battle creek,flow,max,2480
16,1993,battle creek,11376550,USGS,battle creek,flow,mean,873.0907738095239
16,1993,battle creek,11376550,USGS,battle creek,flow,min,664
17,1993,battle creek,11376550,USGS,battle creek,flow,max,861
17,1993,battle creek,11376550,USGS,battle creek,flow,mean,723.7827380952382
17,1993,battle creek,11376550,USGS,battle creek,flow,min,659
18,1993,battle creek,11376550,USGS,battle creek,flow,max,1160
18,1993,battle creek,11376550,USGS,battle creek,flow,mean,830.0565476190476
18,1993,battle creek,11376550,USGS,battle creek,flow,min,701
19,1993,battle creek,11376550,USGS,battle creek,flow,max,950
19,1993,battle creek,11376550,USGS,battle creek,flow,mean,824.0535714285714
19,1993,battle creek,11376550,USGS,battle creek,flow,min,540
20,1993,battle creek,11376550,USGS,battle creek,flow,max,835
20,1993,battle creek,11376550,USGS,battle creek,flow,mean,746.4970238095239
20,1993,battle creek,11376550,USGS,battle creek,flow,min,664
21,1993,battle creek,11376550,USGS,battle creek,flow,max,960
21,1993,battle creek,11376550,USGS,battle creek,flow,mean,777.9761904761906
21,1993,battle creek,11376550,USGS,battle creek,flow,min,673
22,1993,battle creek,11376550,USGS,battle creek,flow,max,2180
22,1993,battle creek,11376550,USGS,battle creek,flow,mean,1002.2098214285714
22,1993,battle creek,11376550,USGS,battle creek,flow,min,687
23,1993,battle creek,11376550,USGS,battle creek,flow,max,1480
23,1993,battle creek,11376550,USGS,battle creek,flow,mean,1022.3095238095239
23,1993,battle creek,11376550,USGS,battle creek,flow,min,786
24,1993,battle creek,11376550,USGS,battle creek,flow,max,830
24,1993,battle creek,11376550,USGS,battle creek,flow,mean,724.077380952381
24,1993,battle creek,11376550,USGS,battle creek,flow,min,645
25,1993,battle creek,11376550,USGS,battle creek,flow,max,739
25,1993,battle creek,11376550,USGS,battle creek,flow,mean,647.126488095238
25,1993,battle creek,11376550,USGS,battle creek,flow,min,561
26,1993,battle creek,11376550,USGS,battle creek,flow,max,601
26,1993,battle creek,11376550,USGS,battle creek,flow,mean,552.358630952381
26,1993,battle creek,11376550,USGS,battle creek,flow,min,486
27,1993,battle creek,11376550,USGS,battle creek,flow,max,523
27,1993,battle creek,11376550,USGS,battle creek,flow,mean,464.66964285714283
27,1993,battle creek,11376550,USGS,battle creek,flow,min,410
28,1993,battle creek,11376550,USGS,battle creek,flow,max,474
28,1993,battle creek,11376550,USGS,battle creek,flow,mean,425.98809523809524
28,1993,battle creek,11376550,USGS,battle creek,flow,min,394
29,1993,battle creek,11376550,USGS,battle creek,flow,max,406
29,1993,battle creek,11376550,USGS,battle creek,flow,mean,376.64732142857144
29,1993,battle creek,11376550,USGS,battle creek,flow,min,325
30,1993,battle creek,11376550,USGS,battle creek,flow,max,374
30,1993,battle creek,11376550,USGS,battle creek,flow,mean,357.7261904761904
30,1993,battle creek,11376550,USGS,battle creek,flow,min,329
31,1993,battle creek,11376550,USGS,battle creek,flow,max,462
31,1993,battle creek,11376550,USGS,battle creek,flow,mean,330.6398809523809
31,1993,battle creek,11376550,USGS,battle creek,flow,min,200
32,1993,battle creek,11376550,USGS,battle creek,flow,max,348
32,1993,battle creek,11376550,USGS,battle creek,flow,mean,302.92708333333337
32,1993,battle creek,11376550,USGS,battle creek,flow,min,271
33,1993,battle creek,11376550,USGS,battle creek,flow,max,336
33,1993,battle creek,11376550,USGS,battle creek,flow,mean,290.7529761904762
33,1993,battle creek,11376550,USGS,battle creek,flow,min,213
34,1993,battle creek,11376550,USGS,battle creek,flow,max,367
34,1993,battle creek,11376550,USGS,battle creek,flow,mean,279.10714285714283
34,1993,battle creek,11376550,USGS,battle creek,flow,min,248
35,1993,battle creek,11376550,USGS,battle creek,flow,max,314
35,1993,battle creek,11376550,USGS,battle creek,flow,mean,256.39136904761904
35,1993,battle creek,11376550,USGS,battle creek,flow,min,152
36,1993,battle creek,11376550,USGS,battle creek,flow,max,282
36,1993,battle creek,11376550,USGS,battle creek,flow,mean,244.02380952380955
36,1993,battle creek,11376550,USGS,battle creek,flow,min,203
37,1993,battle creek,11376550,USGS,battle creek,flow,max,454
37,1993,battle creek,11376550,USGS,battle creek,flow,mean,230.8005952380952
37,1993,battle creek,11376550,USGS,battle creek,flow,min,71
38,1993,battle creek,11376550,USGS,battle creek,flow,max,325
38,1993,battle creek,11376550,USGS,battle creek,flow,mean,227.69345238095235
38,1993,battle creek,11376550,USGS,battle creek,flow,min,206
39,1993,battle creek,11376550,USGS,battle creek,flow,max,242
39,1993,battle creek,11376550,USGS,battle creek,flow,mean,219.23958333333331
39,1993,battle creek,11376550,USGS,battle creek,flow,min,181
40,1993,battle creek,11376550,USGS,battle creek,flow,max,265
40,1993,battle creek,11376550,USGS,battle creek,flow,mean,224.12797619047618
40,1993,battle creek,11376550,USGS,battle creek,flow,min,159
41,1993,battle creek,11376550,USGS,battle creek,flow,max,486
41,1993,battle creek,11376550,USGS,battle creek,flow,mean,250.08184523809524
41,1993,battle creek,11376550,USGS,battle creek,flow,min,119
42,1993,battle creek,11376550,USGS,battle creek,flow,max,729
42,1993,battle creek,11376550,USGS,battle creek,flow,mean,365.83333333333337
42,1993,battle creek,11376550,USGS,battle creek,flow,min,242
43,1993,battle creek,11376550,USGS,battle creek,flow,max,344
43,1993,battle creek,11376550,USGS,battle creek,flow,mean,268.95982142857144
43,1993,battle creek,11376550,USGS,battle creek,flow,min,235
44,1993,battle creek,11376550,USGS,battle creek,flow,max,292
44,1993,battle creek,11376550,USGS,battle creek,flow,mean,261.11270703933747
44,1993,battle creek,11376550,USGS,battle creek,flow,min,222
45,1993,battle creek,11376550,USGS,battle creek,flow,max,314
45,1993,battle creek,11376550,USGS,battle creek,flow,mean,253.74553571428572
45,1993,battle creek,11376550,USGS,battle creek,flow,min,171
46,1993,battle creek,11376550,USGS,battle creek,flow,max,536
46,1993,battle creek,11376550,USGS,battle creek,flow,mean,266.1011904761905
46,1993,battle creek,11376550,USGS,battle creek,flow,min,149
47,1993,battle creek,11376550,USGS,battle creek,flow,max,299
47,1993,battle creek,11376550,USGS,battle creek,flow,mean,257.14434523809524
47,1993,battle creek,11376550,USGS,battle creek,flow,min,216
48,1993,battle creek,11376550,USGS,battle creek,flow,max,664
48,1993,battle creek,11376550,USGS,battle creek,flow,mean,324.85267857142856
48,1993,battle creek,11376550,USGS,battle creek,flow,min,225
49,1993,battle creek,11376550,USGS,battle creek,flow,max,1000
49,1993,battle creek,11376550,USGS,battle creek,flow,mean,347.6845238095238
49,1993,battle creek,11376550,USGS,battle creek,flow,min,275
50,1993,battle creek,11376550,USGS,battle creek,flow,max,2510
50,1993,battle creek,11376550,USGS,battle creek,flow,mean,644.6309523809524
50,1993,battle creek,11376550,USGS,battle creek,flow,min,355
51,1993,battle creek,11376550,USGS,battle creek,flow,max,386
51,1993,battle creek,11376550,USGS,battle creek,flow,mean,321.03422619047615
51,1993,battle creek,11376550,USGS,battle creek,flow,min,275
52,1993,battle creek,11376550,USGS,battle creek,flow,max,325
52,1993,battle creek,11376550,USGS,battle creek,flow,mean,288.5580357142857
52,1993,battle creek,11376550,USGS,battle creek,flow,min,261
53,1993,battle creek,11376550,USGS,battle creek,flow,max,292
53,1993,battle creek,11376550,USGS,battle creek,flow,mean,292
53,1993,battle creek,11376550,USGS,battle creek,flow,min,292
1,1994,battle creek,11376550,USGS,battle creek,flow,max,340
1,1994,battle creek,11376550,USGS,battle creek,flow,mean,291.998511904762
1,1994,battle creek,11376550,USGS,battle creek,flow,min,258
2,1994,battle creek,11376550,USGS,battle creek,flow,max,321
2,1994,battle creek,11376550,USGS,battle creek,flow,mean,290.5282738095238
2,1994,battle creek,11376550,USGS,battle creek,flow,min,200
3,1994,battle creek,11376550,USGS,battle creek,flow,max,303
3,1994,battle creek,11376550,USGS,battle creek,flow,mean,278.7767857142857
3,1994,battle creek,11376550,USGS,battle creek,flow,min,251
4,1994,battle creek,11376550,USGS,battle creek,flow,max,1650
4,1994,battle creek,11376550,USGS,battle creek,flow,mean,484.88839285714283
4,1994,battle creek,11376550,USGS,battle creek,flow,min,261
5,1994,battle creek,11376550,USGS,battle creek,flow,max,348
5,1994,battle creek,11376550,USGS,battle creek,flow,mean,297.1845238095238
5,1994,battle creek,11376550,USGS,battle creek,flow,min,251
6,1994,battle creek,11376550,USGS,battle creek,flow,max,1870
6,1994,battle creek,11376550,USGS,battle creek,flow,mean,648.0014880952382
6,1994,battle creek,11376550,USGS,battle creek,flow,min,248
7,1994,battle creek,11376550,USGS,battle creek,flow,max,1720
7,1994,battle creek,11376550,USGS,battle creek,flow,mean,482.46875
7,1994,battle creek,11376550,USGS,battle creek,flow,min,278
8,1994,battle creek,11376550,USGS,battle creek,flow,max,1190
8,1994,battle creek,11376550,USGS,battle creek,flow,mean,582.8169642857143
8,1994,battle creek,11376550,USGS,battle creek,flow,min,374
9,1994,battle creek,11376550,USGS,battle creek,flow,max,934
9,1994,battle creek,11376550,USGS,battle creek,flow,mean,498.797619047619
9,1994,battle creek,11376550,USGS,battle creek,flow,min,374
10,1994,battle creek,11376550,USGS,battle creek,flow,max,623
10,1994,battle creek,11376550,USGS,battle creek,flow,mean,480.5104166666667
10,1994,battle creek,11376550,USGS,battle creek,flow,min,314
11,1994,battle creek,11376550,USGS,battle creek,flow,max,871
11,1994,battle creek,11376550,USGS,battle creek,flow,mean,461.9940476190476
11,1994,battle creek,11376550,USGS,battle creek,flow,min,398
12,1994,battle creek,11376550,USGS,battle creek,flow,max,454
12,1994,battle creek,11376550,USGS,battle creek,flow,mean,393.8586309523809
12,1994,battle creek,11376550,USGS,battle creek,flow,min,261
13,1994,battle creek,11376550,USGS,battle creek,flow,max,386
13,1994,battle creek,11376550,USGS,battle creek,flow,mean,348.31250000000006
13,1994,battle creek,11376550,USGS,battle creek,flow,min,321
14,1994,battle creek,11376550,USGS,battle creek,flow,max,359
14,1994,battle creek,11376550,USGS,battle creek,flow,mean,339.1264880952381
14,1994,battle creek,11376550,USGS,battle creek,flow,min,314
15,1994,battle creek,11376550,USGS,battle creek,flow,max,398
15,1994,battle creek,11376550,USGS,battle creek,flow,mean,330.4136904761905
15,1994,battle creek,11376550,USGS,battle creek,flow,min,299
16,1994,battle creek,11376550,USGS,battle creek,flow,max,382
16,1994,battle creek,11376550,USGS,battle creek,flow,mean,353.5982142857143
16,1994,battle creek,11376550,USGS,battle creek,flow,min,310
17,1994,battle creek,11376550,USGS,battle creek,flow,max,363
17,1994,battle creek,11376550,USGS,battle creek,flow,mean,324.52827380952385
17,1994,battle creek,11376550,USGS,battle creek,flow,min,285
18,1994,battle creek,11376550,USGS,battle creek,flow,max,414
18,1994,battle creek,11376550,USGS,battle creek,flow,mean,318.1294642857143
18,1994,battle creek,11376550,USGS,battle creek,flow,min,282
19,1994,battle creek,11376550,USGS,battle creek,flow,max,561
19,1994,battle creek,11376550,USGS,battle creek,flow,mean,439.7544642857142
19,1994,battle creek,11376550,USGS,battle creek,flow,min,367
20,1994,battle creek,11376550,USGS,battle creek,flow,max,458
20,1994,battle creek,11376550,USGS,battle creek,flow,mean,384.5922619047619
20,1994,battle creek,11376550,USGS,battle creek,flow,min,348
21,1994,battle creek,11376550,USGS,battle creek,flow,max,378
21,1994,battle creek,11376550,USGS,battle creek,flow,mean,331.7306547619047
21,1994,battle creek,11376550,USGS,battle creek,flow,min,296
22,1994,battle creek,11376550,USGS,battle creek,flow,max,336
22,1994,battle creek,11376550,USGS,battle creek,flow,mean,313.2142857142857
22,1994,battle creek,11376550,USGS,battle creek,flow,min,285
23,1994,battle creek,11376550,USGS,battle creek,flow,max,367
23,1994,battle creek,11376550,USGS,battle creek,flow,mean,306.54166666666663
23,1994,battle creek,11376550,USGS,battle creek,flow,min,278
24,1994,battle creek,11376550,USGS,battle creek,flow,max,310
24,1994,battle creek,11376550,USGS,battle creek,flow,mean,279.26488095238096
24,1994,battle creek,11376550,USGS,battle creek,flow,min,245
25,1994,battle creek,11376550,USGS,battle creek,flow,max,314
25,1994,battle creek,11376550,USGS,battle creek,flow,mean,248.93452380952382
25,1994,battle creek,11376550,USGS,battle creek,flow,min,155
26,1994,battle creek,11376550,USGS,battle creek,flow,max,278
26,1994,battle creek,11376550,USGS,battle creek,flow,mean,239.1175595238095
26,1994,battle creek,11376550,USGS,battle creek,flow,min,209
27,1994,battle creek,11376550,USGS,battle creek,flow,max,268
27,1994,battle creek,11376550,USGS,battle creek,flow,mean,227.41071428571428
27,1994,battle creek,11376550,USGS,battle creek,flow,min,174
28,1994,battle creek,11376550,USGS,battle creek,flow,max,255
28,1994,battle creek,11376550,USGS,battle creek,flow,mean,213.80059523809524
28,1994,battle creek,11376550,USGS,battle creek,flow,min,187
29,1994,battle creek,11376550,USGS,battle creek,flow,max,414
29,1994,battle creek,11376550,USGS,battle creek,flow,mean,186.18298771121349
29,1994,battle creek,11376550,USGS,battle creek,flow,min,79
30,1994,battle creek,11376550,USGS,battle creek,flow,max,222
30,1994,battle creek,11376550,USGS,battle creek,flow,mean,183.0952380952381
30,1994,battle creek,11376550,USGS,battle creek,flow,min,149
31,1994,battle creek,11376550,USGS,battle creek,flow,max,251
31,1994,battle creek,11376550,USGS,battle creek,flow,mean,187.14285714285714
31,1994,battle creek,11376550,USGS,battle creek,flow,min,119
32,1994,battle creek,11376550,USGS,battle creek,flow,max,216
32,1994,battle creek,11376550,USGS,battle creek,flow,mean,171.42261904761904
32,1994,battle creek,11376550,USGS,battle creek,flow,min,146
33,1994,battle creek,11376550,USGS,battle creek,flow,max,206
33,1994,battle creek,11376550,USGS,battle creek,flow,mean,170.7425595238095
33,1994,battle creek,11376550,USGS,battle creek,flow,min,107
34,1994,battle creek,11376550,USGS,battle creek,flow,max,209
34,1994,battle creek,11376550,USGS,battle creek,flow,mean,177.90625
34,1994,battle creek,11376550,USGS,battle creek,flow,min,152
35,1994,battle creek,11376550,USGS,battle creek,flow,max,394
35,1994,battle creek,11376550,USGS,battle creek,flow,mean,175.91875633232013
35,1994,battle creek,11376550,USGS,battle creek,flow,min,68
36,1994,battle creek,11376550,USGS,battle creek,flow,max,222
36,1994,battle creek,11376550,USGS,battle creek,flow,mean,187.4017857142857
36,1994,battle creek,11376550,USGS,battle creek,flow,min,128
37,1994,battle creek,11376550,USGS,battle creek,flow,max,329
37,1994,battle creek,11376550,USGS,battle creek,flow,mean,185.20833333333334
37,1994,battle creek,11376550,USGS,battle creek,flow,min,79
38,1994,battle creek,11376550,USGS,battle creek,flow,max,209
38,1994,battle creek,11376550,USGS,battle creek,flow,mean,178.33928571428572
38,1994,battle creek,11376550,USGS,battle creek,flow,min,128
39,1994,battle creek,11376550,USGS,battle creek,flow,max,251
39,1994,battle creek,11376550,USGS,battle creek,flow,mean,187.86458333333331
39,1994,battle creek,11376550,USGS,battle creek,flow,min,162
40,1994,battle creek,11376550,USGS,battle creek,flow,max,235
40,1994,battle creek,11376550,USGS,battle creek,flow,mean,193.37202380952382
40,1994,battle creek,11376550,USGS,battle creek,flow,min,146
41,1994,battle creek,11376550,USGS,battle creek,flow,max,242
41,1994,battle creek,11376550,USGS,battle creek,flow,mean,196.84375000000003
41,1994,battle creek,11376550,USGS,battle creek,flow,min,140
42,1994,battle creek,11376550,USGS,battle creek,flow,max,232
42,1994,battle creek,11376550,USGS,battle creek,flow,mean,204.0327380952381
42,1994,battle creek,11376550,USGS,battle creek,flow,min,171
43,1994,battle creek,11376550,USGS,battle creek,flow,max,238
43,1994,battle creek,11376550,USGS,battle creek,flow,mean,201.74255952380955
43,1994,battle creek,11376550,USGS,battle creek,flow,min,177
44,1994,battle creek,11376550,USGS,battle creek,flow,max,245
44,1994,battle creek,11376550,USGS,battle creek,flow,mean,209.8857694508009
44,1994,battle creek,11376550,USGS,battle creek,flow,min,152
50,1994,battle creek,11376550,USGS,battle creek,flow,max,390
50,1994,battle creek,11376550,USGS,battle creek,flow,mean,360.96875
50,1994,battle creek,11376550,USGS,battle creek,flow,min,344
51,1994,battle creek,11376550,USGS,battle creek,flow,max,355
51,1994,battle creek,11376550,USGS,battle creek,flow,mean,291.9211309523809
51,1994,battle creek,11376550,USGS,battle creek,flow,min,245
52,1994,battle creek,11376550,USGS,battle creek,flow,max,1280
52,1994,battle creek,11376550,USGS,battle creek,flow,mean,411.84375000000006
52,1994,battle creek,11376550,USGS,battle creek,flow,min,235
53,1994,battle creek,11376550,USGS,battle creek,flow,max,329
53,1994,battle creek,11376550,USGS,battle creek,flow,mean,313.2916666666667
53,1994,battle creek,11376550,USGS,battle creek,flow,min,296
1,1995,battle creek,11376550,USGS,battle creek,flow,max,2530
1,1995,battle creek,11376550,USGS,battle creek,flow,mean,581.3675595238095
1,1995,battle creek,11376550,USGS,battle creek,flow,min,265
2,1995,battle creek,11376550,USGS,battle creek,flow,max,11300
2,1995,battle creek,11376550,USGS,battle creek,flow,mean,3582.2619047619046
2,1995,battle creek,11376550,USGS,battle creek,flow,min,1080
3,1995,battle creek,11376550,USGS,battle creek,flow,max,3700
3,1995,battle creek,11376550,USGS,battle creek,flow,mean,1472.875
3,1995,battle creek,11376550,USGS,battle creek,flow,min,739
4,1995,battle creek,11376550,USGS,battle creek,flow,max,3130
4,1995,battle creek,11376550,USGS,battle creek,flow,mean,1336.8422619047617
4,1995,battle creek,11376550,USGS,battle creek,flow,min,720
5,1995,battle creek,11376550,USGS,battle creek,flow,max,4790
5,1995,battle creek,11376550,USGS,battle creek,flow,mean,1992.857142857143
5,1995,battle creek,11376550,USGS,battle creek,flow,min,1010
6,1995,battle creek,11376550,USGS,battle creek,flow,max,1150
6,1995,battle creek,11376550,USGS,battle creek,flow,mean,926.2306547619046
6,1995,battle creek,11376550,USGS,battle creek,flow,min,772
7,1995,battle creek,11376550,USGS,battle creek,flow,max,1080
7,1995,battle creek,11376550,USGS,battle creek,flow,mean,722.5416666666667
7,1995,battle creek,11376550,USGS,battle creek,flow,min,605
8,1995,battle creek,11376550,USGS,battle creek,flow,max,650
8,1995,battle creek,11376550,USGS,battle creek,flow,mean,612.4345238095239
8,1995,battle creek,11376550,USGS,battle creek,flow,min,544
9,1995,battle creek,11376550,USGS,battle creek,flow,max,2010
9,1995,battle creek,11376550,USGS,battle creek,flow,mean,804.2663690476192
9,1995,battle creek,11376550,USGS,battle creek,flow,min,574
10,1995,battle creek,11376550,USGS,battle creek,flow,max,10600
10,1995,battle creek,11376550,USGS,battle creek,flow,mean,2308.1815476190473
10,1995,battle creek,11376550,USGS,battle creek,flow,min,659
11,1995,battle creek,11376550,USGS,battle creek,flow,max,3990
11,1995,battle creek,11376550,USGS,battle creek,flow,mean,2152.0238095238096
11,1995,battle creek,11376550,USGS,battle creek,flow,min,1290
12,1995,battle creek,11376550,USGS,battle creek,flow,max,2950
12,1995,battle creek,11376550,USGS,battle creek,flow,mean,1542.455357142857
12,1995,battle creek,11376550,USGS,battle creek,flow,min,1080
13,1995,battle creek,11376550,USGS,battle creek,flow,max,1100
13,1995,battle creek,11376550,USGS,battle creek,flow,mean,913.8854166666667
13,1995,battle creek,11376550,USGS,battle creek,flow,min,801
14,1995,battle creek,11376550,USGS,battle creek,flow,max,1700
14,1995,battle creek,11376550,USGS,battle creek,flow,mean,996.702506265664
14,1995,battle creek,11376550,USGS,battle creek,flow,min,720
15,1995,battle creek,11376550,USGS,battle creek,flow,max,1390
15,1995,battle creek,11376550,USGS,battle creek,flow,mean,997.5922619047618
15,1995,battle creek,11376550,USGS,battle creek,flow,min,861
16,1995,battle creek,11376550,USGS,battle creek,flow,max,1430
16,1995,battle creek,11376550,USGS,battle creek,flow,mean,878.5744047619046
16,1995,battle creek,11376550,USGS,battle creek,flow,min,739
17,1995,battle creek,11376550,USGS,battle creek,flow,max,20600
17,1995,battle creek,11376550,USGS,battle creek,flow,mean,1366.7336309523812
17,1995,battle creek,11376550,USGS,battle creek,flow,min,701
18,1995,battle creek,11376550,USGS,battle creek,flow,max,8940
18,1995,battle creek,11376550,USGS,battle creek,flow,mean,2537.901785714286
18,1995,battle creek,11376550,USGS,battle creek,flow,min,1370
19,1995,battle creek,11376550,USGS,battle creek,flow,max,1370
19,1995,battle creek,11376550,USGS,battle creek,flow,mean,1192.3065476190475
19,1995,battle creek,11376550,USGS,battle creek,flow,min,1070
20,1995,battle creek,11376550,USGS,battle creek,flow,max,1160
20,1995,battle creek,11376550,USGS,battle creek,flow,mean,1043.9657738095239
20,1995,battle creek,11376550,USGS,battle creek,flow,min,851
21,1995,battle creek,11376550,USGS,battle creek,flow,max,1130
21,1995,battle creek,11376550,USGS,battle creek,flow,mean,1026.2425595238094
21,1995,battle creek,11376550,USGS,battle creek,flow,min,923
22,1995,battle creek,11376550,USGS,battle creek,flow,max,1140
22,1995,battle creek,11376550,USGS,battle creek,flow,mean,1035.3229166666665
22,1995,battle creek,11376550,USGS,battle creek,flow,min,960
23,1995,battle creek,11376550,USGS,battle creek,flow,max,1280
23,1995,battle creek,11376550,USGS,battle creek,flow,mean,859.1502976190477
23,1995,battle creek,11376550,USGS,battle creek,flow,min,668
24,1995,battle creek,11376550,USGS,battle creek,flow,max,1870
24,1995,battle creek,11376550,USGS,battle creek,flow,mean,952.626488095238
24,1995,battle creek,11376550,USGS,battle creek,flow,min,696
25,1995,battle creek,11376550,USGS,battle creek,flow,max,1020
25,1995,battle creek,11376550,USGS,battle creek,flow,mean,855.6875
25,1995,battle creek,11376550,USGS,battle creek,flow,min,748
26,1995,battle creek,11376550,USGS,battle creek,flow,max,1080
26,1995,battle creek,11376550,USGS,battle creek,flow,mean,812.1116071428571
26,1995,battle creek,11376550,USGS,battle creek,flow,min,614
27,1995,battle creek,11376550,USGS,battle creek,flow,max,791
27,1995,battle creek,11376550,USGS,battle creek,flow,mean,715.8358552631578
27,1995,battle creek,11376550,USGS,battle creek,flow,min,636
28,1995,battle creek,11376550,USGS,battle creek,flow,max,701
28,1995,battle creek,11376550,USGS,battle creek,flow,mean,609.9627976190476
28,1995,battle creek,11376550,USGS,battle creek,flow,min,532
29,1995,battle creek,11376550,USGS,battle creek,flow,max,614
29,1995,battle creek,11376550,USGS,battle creek,flow,mean,548.4657738095239
29,1995,battle creek,11376550,USGS,battle creek,flow,min,482
30,1995,battle creek,11376550,USGS,battle creek,flow,max,519
30,1995,battle creek,11376550,USGS,battle creek,flow,mean,447.610119047619
30,1995,battle creek,11376550,USGS,battle creek,flow,min,410
31,1995,battle creek,11376550,USGS,battle creek,flow,max,566
31,1995,battle creek,11376550,USGS,battle creek,flow,mean,493.7485119047619
31,1995,battle creek,11376550,USGS,battle creek,flow,min,394
32,1995,battle creek,11376550,USGS,battle creek,flow,max,561
32,1995,battle creek,11376550,USGS,battle creek,flow,mean,485.28125
32,1995,battle creek,11376550,USGS,battle creek,flow,min,386
33,1995,battle creek,11376550,USGS,battle creek,flow,max,442
33,1995,battle creek,11376550,USGS,battle creek,flow,mean,408.94642857142856
33,1995,battle creek,11376550,USGS,battle creek,flow,min,386
34,1995,battle creek,11376550,USGS,battle creek,flow,max,434
34,1995,battle creek,11376550,USGS,battle creek,flow,mean,382.51785714285717
34,1995,battle creek,11376550,USGS,battle creek,flow,min,333
35,1995,battle creek,11376550,USGS,battle creek,flow,max,454
35,1995,battle creek,11376550,USGS,battle creek,flow,mean,345.7559523809524
35,1995,battle creek,11376550,USGS,battle creek,flow,min,219
36,1995,battle creek,11376550,USGS,battle creek,flow,max,378
36,1995,battle creek,11376550,USGS,battle creek,flow,mean,336.02083333333337
36,1995,battle creek,11376550,USGS,battle creek,flow,min,307
37,1995,battle creek,11376550,USGS,battle creek,flow,max,363
37,1995,battle creek,11376550,USGS,battle creek,flow,mean,344.95535714285717
37,1995,battle creek,11376550,USGS,battle creek,flow,min,329
38,1995,battle creek,11376550,USGS,battle creek,flow,max,359
38,1995,battle creek,11376550,USGS,battle creek,flow,mean,332.5922619047619
38,1995,battle creek,11376550,USGS,battle creek,flow,min,314
39,1995,battle creek,11376550,USGS,battle creek,flow,max,351
39,1995,battle creek,11376550,USGS,battle creek,flow,mean,329.672619047619
39,1995,battle creek,11376550,USGS,battle creek,flow,min,310
40,1995,battle creek,11376550,USGS,battle creek,flow,max,370
40,1995,battle creek,11376550,USGS,battle creek,flow,mean,316.7091478696742
40,1995,battle creek,11376550,USGS,battle creek,flow,min,232
41,1995,battle creek,11376550,USGS,battle creek,flow,max,355
41,1995,battle creek,11376550,USGS,battle creek,flow,mean,317.141369047619
41,1995,battle creek,11376550,USGS,battle creek,flow,min,282
42,1995,battle creek,11376550,USGS,battle creek,flow,max,355
42,1995,battle creek,11376550,USGS,battle creek,flow,mean,305.91964285714283
42,1995,battle creek,11376550,USGS,battle creek,flow,min,251
43,1995,battle creek,11376550,USGS,battle creek,flow,max,499
43,1995,battle creek,11376550,USGS,battle creek,flow,mean,312.1279761904762
43,1995,battle creek,11376550,USGS,battle creek,flow,min,197
44,1995,battle creek,11376550,USGS,battle creek,flow,max,336
44,1995,battle creek,11376550,USGS,battle creek,flow,mean,293.39167805100186
44,1995,battle creek,11376550,USGS,battle creek,flow,min,213
45,1995,battle creek,11376550,USGS,battle creek,flow,max,348
45,1995,battle creek,11376550,USGS,battle creek,flow,mean,299.41666666666663
45,1995,battle creek,11376550,USGS,battle creek,flow,min,209
46,1995,battle creek,11376550,USGS,battle creek,flow,max,344
46,1995,battle creek,11376550,USGS,battle creek,flow,mean,303.7083333333333
46,1995,battle creek,11376550,USGS,battle creek,flow,min,209
47,1995,battle creek,11376550,USGS,battle creek,flow,max,333
47,1995,battle creek,11376550,USGS,battle creek,flow,mean,295.07142857142856
47,1995,battle creek,11376550,USGS,battle creek,flow,min,209
48,1995,battle creek,11376550,USGS,battle creek,flow,max,386
48,1995,battle creek,11376550,USGS,battle creek,flow,mean,311.2916666666667
48,1995,battle creek,11376550,USGS,battle creek,flow,min,225
49,1995,battle creek,11376550,USGS,battle creek,flow,max,478
49,1995,battle creek,11376550,USGS,battle creek,flow,mean,375.9799107142857
49,1995,battle creek,11376550,USGS,battle creek,flow,min,275
50,1995,battle creek,11376550,USGS,battle creek,flow,max,5210
50,1995,battle creek,11376550,USGS,battle creek,flow,mean,967.5595238095239
50,1995,battle creek,11376550,USGS,battle creek,flow,min,296
51,1995,battle creek,11376550,USGS,battle creek,flow,max,734
51,1995,battle creek,11376550,USGS,battle creek,flow,mean,433.6949404761905
51,1995,battle creek,11376550,USGS,battle creek,flow,min,310
52,1995,battle creek,11376550,USGS,battle creek,flow,max,1300
52,1995,battle creek,11376550,USGS,battle creek,flow,mean,490.9583333333333
52,1995,battle creek,11376550,USGS,battle creek,flow,min,344
53,1995,battle creek,11376550,USGS,battle creek,flow,max,887
53,1995,battle creek,11376550,USGS,battle creek,flow,mean,782.4270833333334
53,1995,battle creek,11376550,USGS,battle creek,flow,min,711
1,1996,battle creek,11376550,USGS,battle creek,flow,max,696
1,1996,battle creek,11376550,USGS,battle creek,flow,mean,470.87892464678174
1,1996,battle creek,11376550,USGS,battle creek,flow,min,406
6,1996,battle creek,11376550,USGS,battle creek,flow,max,1150
6,1996,battle creek,11376550,USGS,battle creek,flow,mean,887.3566532258064
6,1996,battle creek,11376550,USGS,battle creek,flow,min,758
7,1996,battle creek,11376550,USGS,battle creek,flow,max,1230
7,1996,battle creek,11376550,USGS,battle creek,flow,mean,784.7333803258146
7,1996,battle creek,11376550,USGS,battle creek,flow,min,632
8,1996,battle creek,11376550,USGS,battle creek,flow,max,4050
8,1996,battle creek,11376550,USGS,battle creek,flow,mean,1544.2306547619046
8,1996,battle creek,11376550,USGS,battle creek,flow,min,897
9,1996,battle creek,11376550,USGS,battle creek,flow,max,950
9,1996,battle creek,11376550,USGS,battle creek,flow,mean,809.154761904762
9,1996,battle creek,11376550,USGS,battle creek,flow,min,715
10,1996,battle creek,11376550,USGS,battle creek,flow,max,1220
10,1996,battle creek,11376550,USGS,battle creek,flow,mean,821.9238267393378
10,1996,battle creek,11376550,USGS,battle creek,flow,min,715
11,1996,battle creek,11376550,USGS,battle creek,flow,max,1420
11,1996,battle creek,11376550,USGS,battle creek,flow,mean,871.5061750844501
11,1996,battle creek,11376550,USGS,battle creek,flow,min,720
12,1996,battle creek,11376550,USGS,battle creek,flow,max,796
12,1996,battle creek,11376550,USGS,battle creek,flow,mean,738.0431547619047
12,1996,battle creek,11376550,USGS,battle creek,flow,min,673
13,1996,battle creek,11376550,USGS,battle creek,flow,max,976
13,1996,battle creek,11376550,USGS,battle creek,flow,mean,712.5290178571428
13,1996,battle creek,11376550,USGS,battle creek,flow,min,618
14,1996,battle creek,11376550,USGS,battle creek,flow,max,1700
14,1996,battle creek,11376550,USGS,battle creek,flow,mean,901.935763888889
14,1996,battle creek,11376550,USGS,battle creek,flow,min,645
15,1996,battle creek,11376550,USGS,battle creek,flow,max,851
15,1996,battle creek,11376550,USGS,battle creek,flow,mean,737.1622398959582
15,1996,battle creek,11376550,USGS,battle creek,flow,min,650
16,1996,battle creek,11376550,USGS,battle creek,flow,max,1070
16,1996,battle creek,11376550,USGS,battle creek,flow,mean,798.6359272875817
16,1996,battle creek,11376550,USGS,battle creek,flow,min,636
17,1996,battle creek,11376550,USGS,battle creek,flow,max,918
17,1996,battle creek,11376550,USGS,battle creek,flow,mean,778.1494076797386
17,1996,battle creek,11376550,USGS,battle creek,flow,min,711
18,1996,battle creek,11376550,USGS,battle creek,flow,max,801
18,1996,battle creek,11376550,USGS,battle creek,flow,mean,731.1279761904763
18,1996,battle creek,11376550,USGS,battle creek,flow,min,673
19,1996,battle creek,11376550,USGS,battle creek,flow,max,715
19,1996,battle creek,11376550,USGS,battle creek,flow,mean,664.0981142456983
19,1996,battle creek,11376550,USGS,battle creek,flow,min,609
20,1996,battle creek,11376550,USGS,battle creek,flow,max,2090
20,1996,battle creek,11376550,USGS,battle creek,flow,mean,1129.0538778011203
20,1996,battle creek,11376550,USGS,battle creek,flow,min,609
21,1996,battle creek,11376550,USGS,battle creek,flow,max,3100
21,1996,battle creek,11376550,USGS,battle creek,flow,mean,1240.8364720888355
21,1996,battle creek,11376550,USGS,battle creek,flow,min,810
22,1996,battle creek,11376550,USGS,battle creek,flow,max,902
22,1996,battle creek,11376550,USGS,battle creek,flow,mean,768.8858918567428
22,1996,battle creek,11376550,USGS,battle creek,flow,min,659
23,1996,battle creek,11376550,USGS,battle creek,flow,max,711
23,1996,battle creek,11376550,USGS,battle creek,flow,mean,638.3541666666667
23,1996,battle creek,11376550,USGS,battle creek,flow,min,544
24,1996,battle creek,11376550,USGS,battle creek,flow,max,627
24,1996,battle creek,11376550,USGS,battle creek,flow,mean,544.9880660597572
24,1996,battle creek,11376550,USGS,battle creek,flow,min,507
25,1996,battle creek,11376550,USGS,battle creek,flow,max,540
25,1996,battle creek,11376550,USGS,battle creek,flow,mean,478.0758928571428
25,1996,battle creek,11376550,USGS,battle creek,flow,min,430
26,1996,battle creek,11376550,USGS,battle creek,flow,max,519
26,1996,battle creek,11376550,USGS,battle creek,flow,mean,442.9940476190476
26,1996,battle creek,11376550,USGS,battle creek,flow,min,374
27,1996,battle creek,11376550,USGS,battle creek,flow,max,438
27,1996,battle creek,11376550,USGS,battle creek,flow,mean,415.57142857142856
27,1996,battle creek,11376550,USGS,battle creek,flow,min,386
28,1996,battle creek,11376550,USGS,battle creek,flow,max,422
28,1996,battle creek,11376550,USGS,battle creek,flow,mean,368.0861685463659
28,1996,battle creek,11376550,USGS,battle creek,flow,min,310
29,1996,battle creek,11376550,USGS,battle creek,flow,max,515
29,1996,battle creek,11376550,USGS,battle creek,flow,mean,338.13690476190476
29,1996,battle creek,11376550,USGS,battle creek,flow,min,125
30,1996,battle creek,11376550,USGS,battle creek,flow,max,519
30,1996,battle creek,11376550,USGS,battle creek,flow,mean,310.14285714285717
30,1996,battle creek,11376550,USGS,battle creek,flow,min,76
31,1996,battle creek,11376550,USGS,battle creek,flow,max,333
31,1996,battle creek,11376550,USGS,battle creek,flow,mean,288.94940476190476
31,1996,battle creek,11376550,USGS,battle creek,flow,min,268
32,1996,battle creek,11376550,USGS,battle creek,flow,max,310
32,1996,battle creek,11376550,USGS,battle creek,flow,mean,277.29464285714283
32,1996,battle creek,11376550,USGS,battle creek,flow,min,242
33,1996,battle creek,11376550,USGS,battle creek,flow,max,406
33,1996,battle creek,11376550,USGS,battle creek,flow,mean,272
33,1996,battle creek,11376550,USGS,battle creek,flow,min,187
34,1996,battle creek,11376550,USGS,battle creek,flow,max,410
34,1996,battle creek,11376550,USGS,battle creek,flow,mean,275.5550595238095
34,1996,battle creek,11376550,USGS,battle creek,flow,min,187
35,1996,battle creek,11376550,USGS,battle creek,flow,max,355
35,1996,battle creek,11376550,USGS,battle creek,flow,mean,280.0238095238095
35,1996,battle creek,11376550,USGS,battle creek,flow,min,184
36,1996,battle creek,11376550,USGS,battle creek,flow,max,474
36,1996,battle creek,11376550,USGS,battle creek,flow,mean,269.70982142857144
36,1996,battle creek,11376550,USGS,battle creek,flow,min,190
37,1996,battle creek,11376550,USGS,battle creek,flow,max,314
37,1996,battle creek,11376550,USGS,battle creek,flow,mean,264.4300595238095
37,1996,battle creek,11376550,USGS,battle creek,flow,min,184
38,1996,battle creek,11376550,USGS,battle creek,flow,max,321
38,1996,battle creek,11376550,USGS,battle creek,flow,mean,282.7886904761905
38,1996,battle creek,11376550,USGS,battle creek,flow,min,265
39,1996,battle creek,11376550,USGS,battle creek,flow,max,296
39,1996,battle creek,11376550,USGS,battle creek,flow,mean,272.33350840336135
39,1996,battle creek,11376550,USGS,battle creek,flow,min,251
40,1996,battle creek,11376550,USGS,battle creek,flow,max,333
40,1996,battle creek,11376550,USGS,battle creek,flow,mean,282.13541666666663
40,1996,battle creek,11376550,USGS,battle creek,flow,min,245
41,1996,battle creek,11376550,USGS,battle creek,flow,max,340
41,1996,battle creek,11376550,USGS,battle creek,flow,mean,278.68154761904765
41,1996,battle creek,11376550,USGS,battle creek,flow,min,245
42,1996,battle creek,11376550,USGS,battle creek,flow,max,321
42,1996,battle creek,11376550,USGS,battle creek,flow,mean,279.6220238095238
42,1996,battle creek,11376550,USGS,battle creek,flow,min,248
43,1996,battle creek,11376550,USGS,battle creek,flow,max,336
43,1996,battle creek,11376550,USGS,battle creek,flow,mean,305.2121848739495
43,1996,battle creek,11376550,USGS,battle creek,flow,min,275
44,1996,battle creek,11376550,USGS,battle creek,flow,max,398
44,1996,battle creek,11376550,USGS,battle creek,flow,mean,330.13095238095235
44,1996,battle creek,11376550,USGS,battle creek,flow,min,282
45,1996,battle creek,11376550,USGS,battle creek,flow,max,363
45,1996,battle creek,11376550,USGS,battle creek,flow,mean,316.51041666666663
45,1996,battle creek,11376550,USGS,battle creek,flow,min,292
46,1996,battle creek,11376550,USGS,battle creek,flow,max,355
46,1996,battle creek,11376550,USGS,battle creek,flow,mean,308.18526785714283
46,1996,battle creek,11376550,USGS,battle creek,flow,min,282
47,1996,battle creek,11376550,USGS,battle creek,flow,max,523
47,1996,battle creek,11376550,USGS,battle creek,flow,mean,435.1604166666666
47,1996,battle creek,11376550,USGS,battle creek,flow,min,325
48,1996,battle creek,11376550,USGS,battle creek,flow,max,495
48,1996,battle creek,11376550,USGS,battle creek,flow,mean,354.9732142857143
48,1996,battle creek,11376550,USGS,battle creek,flow,min,307
49,1996,battle creek,11376550,USGS,battle creek,flow,max,507
49,1996,battle creek,11376550,USGS,battle creek,flow,mean,379.7083333333333
49,1996,battle creek,11376550,USGS,battle creek,flow,min,325
51,1996,battle creek,11376550,USGS,battle creek,flow,max,540
51,1996,battle creek,11376550,USGS,battle creek,flow,mean,471.38722222222225
51,1996,battle creek,11376550,USGS,battle creek,flow,min,275
52,1996,battle creek,11376550,USGS,battle creek,flow,max,499
52,1996,battle creek,11376550,USGS,battle creek,flow,mean,464.3524305555556
52,1996,battle creek,11376550,USGS,battle creek,flow,min,438
10,1997,battle creek,11376550,USGS,battle creek,flow,max,540
10,1997,battle creek,11376550,USGS,battle creek,flow,mean,522.8829861111111
10,1997,battle creek,11376550,USGS,battle creek,flow,min,499
11,1997,battle creek,11376550,USGS,battle creek,flow,max,540
11,1997,battle creek,11376550,USGS,battle creek,flow,mean,499.9802083333334
11,1997,battle creek,11376550,USGS,battle creek,flow,min,474
13,1997,battle creek,11376550,USGS,battle creek,flow,max,515
13,1997,battle creek,11376550,USGS,battle creek,flow,mean,508.5
13,1997,battle creek,11376550,USGS,battle creek,flow,min,499
14,1997,battle creek,11376550,USGS,battle creek,flow,max,536
14,1997,battle creek,11376550,USGS,battle creek,flow,mean,464.9331011250655
14,1997,battle creek,11376550,USGS,battle creek,flow,min,265
15,1997,battle creek,11376550,USGS,battle creek,flow,max,482
15,1997,battle creek,11376550,USGS,battle creek,flow,mean,439.8869047619047
15,1997,battle creek,11376550,USGS,battle creek,flow,min,398
16,1997,battle creek,11376550,USGS,battle creek,flow,max,507
16,1997,battle creek,11376550,USGS,battle creek,flow,mean,447.9508928571429
16,1997,battle creek,11376550,USGS,battle creek,flow,min,398
18,1997,battle creek,11376550,USGS,battle creek,flow,max,536
18,1997,battle creek,11376550,USGS,battle creek,flow,mean,497.7043942577031
18,1997,battle creek,11376550,USGS,battle creek,flow,min,458
19,1997,battle creek,11376550,USGS,battle creek,flow,max,482
19,1997,battle creek,11376550,USGS,battle creek,flow,mean,460.6845238095238
19,1997,battle creek,11376550,USGS,battle creek,flow,min,434
20,1997,battle creek,11376550,USGS,battle creek,flow,max,474
20,1997,battle creek,11376550,USGS,battle creek,flow,mean,436.3809523809524
20,1997,battle creek,11376550,USGS,battle creek,flow,min,402
21,1997,battle creek,11376550,USGS,battle creek,flow,max,519
21,1997,battle creek,11376550,USGS,battle creek,flow,mean,436.3735119047619
21,1997,battle creek,11376550,USGS,battle creek,flow,min,402
22,1997,battle creek,11376550,USGS,battle creek,flow,max,426
22,1997,battle creek,11376550,USGS,battle creek,flow,mean,405.5
22,1997,battle creek,11376550,USGS,battle creek,flow,min,390
23,1997,battle creek,11376550,USGS,battle creek,flow,max,490
23,1997,battle creek,11376550,USGS,battle creek,flow,mean,440.59973155929043
23,1997,battle creek,11376550,USGS,battle creek,flow,min,414
24,1997,battle creek,11376550,USGS,battle creek,flow,max,540
24,1997,battle creek,11376550,USGS,battle creek,flow,mean,408.4120082815735
24,1997,battle creek,11376550,USGS,battle creek,flow,min,268
25,1997,battle creek,11376550,USGS,battle creek,flow,max,406
25,1997,battle creek,11376550,USGS,battle creek,flow,mean,371.92708333333337
25,1997,battle creek,11376550,USGS,battle creek,flow,min,348
26,1997,battle creek,11376550,USGS,battle creek,flow,max,386
26,1997,battle creek,11376550,USGS,battle creek,flow,mean,340.38839285714283
26,1997,battle creek,11376550,USGS,battle creek,flow,min,213
27,1997,battle creek,11376550,USGS,battle creek,flow,max,355
27,1997,battle creek,11376550,USGS,battle creek,flow,mean,318.95684523809524
27,1997,battle creek,11376550,USGS,battle creek,flow,min,229
28,1997,battle creek,11376550,USGS,battle creek,flow,max,307
28,1997,battle creek,11376550,USGS,battle creek,flow,mean,282.58035714285717
28,1997,battle creek,11376550,USGS,battle creek,flow,min,258
29,1997,battle creek,11376550,USGS,battle creek,flow,max,296
29,1997,battle creek,11376550,USGS,battle creek,flow,mean,267.79464285714283
29,1997,battle creek,11376550,USGS,battle creek,flow,min,245
30,1997,battle creek,11376550,USGS,battle creek,flow,max,292
30,1997,battle creek,11376550,USGS,battle creek,flow,mean,260.4851190476191
30,1997,battle creek,11376550,USGS,battle creek,flow,min,242
31,1997,battle creek,11376550,USGS,battle creek,flow,max,285
31,1997,battle creek,11376550,USGS,battle creek,flow,mean,252.9985119047619
31,1997,battle creek,11376550,USGS,battle creek,flow,min,235
32,1997,battle creek,11376550,USGS,battle creek,flow,max,265
32,1997,battle creek,11376550,USGS,battle creek,flow,mean,246.77387204881956
32,1997,battle creek,11376550,USGS,battle creek,flow,min,232
33,1997,battle creek,11376550,USGS,battle creek,flow,max,258
33,1997,battle creek,11376550,USGS,battle creek,flow,mean,241.65327380952382
33,1997,battle creek,11376550,USGS,battle creek,flow,min,229
34,1997,battle creek,11376550,USGS,battle creek,flow,max,314
34,1997,battle creek,11376550,USGS,battle creek,flow,mean,254.39434523809524
34,1997,battle creek,11376550,USGS,battle creek,flow,min,190
35,1997,battle creek,11376550,USGS,battle creek,flow,max,278
35,1997,battle creek,11376550,USGS,battle creek,flow,mean,243.4985119047619
35,1997,battle creek,11376550,USGS,battle creek,flow,min,213
36,1997,battle creek,11376550,USGS,battle creek,flow,max,268
36,1997,battle creek,11376550,USGS,battle creek,flow,mean,239.2483709273183
36,1997,battle creek,11376550,USGS,battle creek,flow,min,219
37,1997,battle creek,11376550,USGS,battle creek,flow,max,329
37,1997,battle creek,11376550,USGS,battle creek,flow,mean,258.9211309523809
37,1997,battle creek,11376550,USGS,battle creek,flow,min,238
38,1997,battle creek,11376550,USGS,battle creek,flow,max,310
38,1997,battle creek,11376550,USGS,battle creek,flow,mean,264.71874999999994
38,1997,battle creek,11376550,USGS,battle creek,flow,min,245
39,1997,battle creek,11376550,USGS,battle creek,flow,max,344
39,1997,battle creek,11376550,USGS,battle creek,flow,mean,255.79145408163262
39,1997,battle creek,11376550,USGS,battle creek,flow,min,209
40,1997,battle creek,11376550,USGS,battle creek,flow,max,321
40,1997,battle creek,11376550,USGS,battle creek,flow,mean,267.85250626566415
40,1997,battle creek,11376550,USGS,battle creek,flow,min,238
41,1997,battle creek,11376550,USGS,battle creek,flow,max,478
41,1997,battle creek,11376550,USGS,battle creek,flow,mean,307.26785714285717
41,1997,battle creek,11376550,USGS,battle creek,flow,min,265
42,1997,battle creek,11376550,USGS,battle creek,flow,max,292
42,1997,battle creek,11376550,USGS,battle creek,flow,mean,277.63392857142856
42,1997,battle creek,11376550,USGS,battle creek,flow,min,268
43,1997,battle creek,11376550,USGS,battle creek,flow,max,292
43,1997,battle creek,11376550,USGS,battle creek,flow,mean,277.5241977225673
43,1997,battle creek,11376550,USGS,battle creek,flow,min,265
44,1997,battle creek,11376550,USGS,battle creek,flow,max,296
44,1997,battle creek,11376550,USGS,battle creek,flow,mean,280.0580357142857
44,1997,battle creek,11376550,USGS,battle creek,flow,min,255
45,1997,battle creek,11376550,USGS,battle creek,flow,max,314
45,1997,battle creek,11376550,USGS,battle creek,flow,mean,286.51339285714283
45,1997,battle creek,11376550,USGS,battle creek,flow,min,265
46,1997,battle creek,11376550,USGS,battle creek,flow,max,336
46,1997,battle creek,11376550,USGS,battle creek,flow,mean,305.53720238095235
46,1997,battle creek,11376550,USGS,battle creek,flow,min,285
47,1997,battle creek,11376550,USGS,battle creek,flow,max,434
47,1997,battle creek,11376550,USGS,battle creek,flow,mean,328.78720238095235
47,1997,battle creek,11376550,USGS,battle creek,flow,min,265
48,1997,battle creek,11376550,USGS,battle creek,flow,max,815
48,1997,battle creek,11376550,USGS,battle creek,flow,mean,395.9657738095238
48,1997,battle creek,11376550,USGS,battle creek,flow,min,307
49,1997,battle creek,11376550,USGS,battle creek,flow,max,846
49,1997,battle creek,11376550,USGS,battle creek,flow,mean,403.95982142857144
49,1997,battle creek,11376550,USGS,battle creek,flow,min,299
50,1997,battle creek,11376550,USGS,battle creek,flow,max,830
50,1997,battle creek,11376550,USGS,battle creek,flow,mean,423.5863095238095
50,1997,battle creek,11376550,USGS,battle creek,flow,min,340
51,1997,battle creek,11376550,USGS,battle creek,flow,max,592
51,1997,battle creek,11376550,USGS,battle creek,flow,mean,461.0148809523809
51,1997,battle creek,11376550,USGS,battle creek,flow,min,418
52,1997,battle creek,11376550,USGS,battle creek,flow,max,470
52,1997,battle creek,11376550,USGS,battle creek,flow,mean,437.9880952380953
52,1997,battle creek,11376550,USGS,battle creek,flow,min,418
53,1997,battle creek,11376550,USGS,battle creek,flow,max,478
53,1997,battle creek,11376550,USGS,battle creek,flow,mean,456.1666666666667
53,1997,battle creek,11376550,USGS,battle creek,flow,min,434
1,1998,battle creek,11376550,USGS,battle creek,flow,max,902
1,1998,battle creek,11376550,USGS,battle creek,flow,mean,597.1830357142857
1,1998,battle creek,11376550,USGS,battle creek,flow,min,213
2,1998,battle creek,11376550,USGS,battle creek,flow,max,2610
2,1998,battle creek,11376550,USGS,battle creek,flow,mean,1195.7738095238096
2,1998,battle creek,11376550,USGS,battle creek,flow,min,495
3,1998,battle creek,11376550,USGS,battle creek,flow,max,6320
3,1998,battle creek,11376550,USGS,battle creek,flow,mean,2371.160714285714
3,1998,battle creek,11376550,USGS,battle creek,flow,min,1070
4,1998,battle creek,11376550,USGS,battle creek,flow,max,5950
4,1998,battle creek,11376550,USGS,battle creek,flow,mean,1501.5982142857142
4,1998,battle creek,11376550,USGS,battle creek,flow,min,786
5,1998,battle creek,11376550,USGS,battle creek,flow,max,11900
5,1998,battle creek,11376550,USGS,battle creek,flow,mean,2590.5357142857147
5,1998,battle creek,11376550,USGS,battle creek,flow,min,1110
6,1998,battle creek,11376550,USGS,battle creek,flow,max,5440
6,1998,battle creek,11376550,USGS,battle creek,flow,mean,1890.1041666666667
6,1998,battle creek,11376550,USGS,battle creek,flow,min,1180
7,1998,battle creek,11376550,USGS,battle creek,flow,max,2750
7,1998,battle creek,11376550,USGS,battle creek,flow,mean,1373.7053571428569
7,1998,battle creek,11376550,USGS,battle creek,flow,min,1050
8,1998,battle creek,11376550,USGS,battle creek,flow,max,4200
8,1998,battle creek,11376550,USGS,battle creek,flow,mean,1591.440476190476
8,1998,battle creek,11376550,USGS,battle creek,flow,min,998
9,1998,battle creek,11376550,USGS,battle creek,flow,max,1280
9,1998,battle creek,11376550,USGS,battle creek,flow,mean,955.09375
9,1998,battle creek,11376550,USGS,battle creek,flow,min,815
10,1998,battle creek,11376550,USGS,battle creek,flow,max,892
10,1998,battle creek,11376550,USGS,battle creek,flow,mean,790.7738095238095
10,1998,battle creek,11376550,USGS,battle creek,flow,min,715
11,1998,battle creek,11376550,USGS,battle creek,flow,max,1240
11,1998,battle creek,11376550,USGS,battle creek,flow,mean,850.8407738095239
11,1998,battle creek,11376550,USGS,battle creek,flow,min,696
12,1998,battle creek,11376550,USGS,battle creek,flow,max,3620
12,1998,battle creek,11376550,USGS,battle creek,flow,mean,1601.001488095238
12,1998,battle creek,11376550,USGS,battle creek,flow,min,777
13,1998,battle creek,11376550,USGS,battle creek,flow,max,2060
13,1998,battle creek,11376550,USGS,battle creek,flow,mean,1180.8199404761904
13,1998,battle creek,11376550,USGS,battle creek,flow,min,929
14,1998,battle creek,11376550,USGS,battle creek,flow,max,2200
14,1998,battle creek,11376550,USGS,battle creek,flow,mean,1119.6473214285713
14,1998,battle creek,11376550,USGS,battle creek,flow,min,892
15,1998,battle creek,11376550,USGS,battle creek,flow,max,1690
15,1998,battle creek,11376550,USGS,battle creek,flow,mean,1003.53125
15,1998,battle creek,11376550,USGS,battle creek,flow,min,887
16,1998,battle creek,11376550,USGS,battle creek,flow,max,1010
16,1998,battle creek,11376550,USGS,battle creek,flow,mean,872.0595238095237
16,1998,battle creek,11376550,USGS,battle creek,flow,min,805
17,1998,battle creek,11376550,USGS,battle creek,flow,max,1130
17,1998,battle creek,11376550,USGS,battle creek,flow,mean,942.9806547619047
17,1998,battle creek,11376550,USGS,battle creek,flow,min,796
18,1998,battle creek,11376550,USGS,battle creek,flow,max,1310
18,1998,battle creek,11376550,USGS,battle creek,flow,mean,1081.6175595238096
18,1998,battle creek,11376550,USGS,battle creek,flow,min,908
19,1998,battle creek,11376550,USGS,battle creek,flow,max,6180
19,1998,battle creek,11376550,USGS,battle creek,flow,mean,1720.784226190476
19,1998,battle creek,11376550,USGS,battle creek,flow,min,987
20,1998,battle creek,11376550,USGS,battle creek,flow,max,2740
20,1998,battle creek,11376550,USGS,battle creek,flow,mean,1541.9278748733536
20,1998,battle creek,11376550,USGS,battle creek,flow,min,1180
21,1998,battle creek,11376550,USGS,battle creek,flow,max,2400
21,1998,battle creek,11376550,USGS,battle creek,flow,mean,1447.767857142857
21,1998,battle creek,11376550,USGS,battle creek,flow,min,1010
22,1998,battle creek,11376550,USGS,battle creek,flow,max,4010
22,1998,battle creek,11376550,USGS,battle creek,flow,mean,2031.7708333333335
22,1998,battle creek,11376550,USGS,battle creek,flow,min,1530
23,1998,battle creek,11376550,USGS,battle creek,flow,max,2600
23,1998,battle creek,11376550,USGS,battle creek,flow,mean,1432.6934523809525
23,1998,battle creek,11376550,USGS,battle creek,flow,min,1230
24,1998,battle creek,11376550,USGS,battle creek,flow,max,5540
24,1998,battle creek,11376550,USGS,battle creek,flow,mean,1913.2291666666667
24,1998,battle creek,11376550,USGS,battle creek,flow,min,1270
25,1998,battle creek,11376550,USGS,battle creek,flow,max,1430
25,1998,battle creek,11376550,USGS,battle creek,flow,mean,1271.7366946778711
25,1998,battle creek,11376550,USGS,battle creek,flow,min,1090
26,1998,battle creek,11376550,USGS,battle creek,flow,max,1210
26,1998,battle creek,11376550,USGS,battle creek,flow,mean,1061.7380952380952
26,1998,battle creek,11376550,USGS,battle creek,flow,min,939
27,1998,battle creek,11376550,USGS,battle creek,flow,max,1030
27,1998,battle creek,11376550,USGS,battle creek,flow,mean,951.5758928571429
27,1998,battle creek,11376550,USGS,battle creek,flow,min,861
28,1998,battle creek,11376550,USGS,battle creek,flow,max,966
28,1998,battle creek,11376550,USGS,battle creek,flow,mean,864.580357142857
28,1998,battle creek,11376550,USGS,battle creek,flow,min,805
29,1998,battle creek,11376550,USGS,battle creek,flow,max,871
29,1998,battle creek,11376550,USGS,battle creek,flow,mean,775.9702380952382
29,1998,battle creek,11376550,USGS,battle creek,flow,min,706
30,1998,battle creek,11376550,USGS,battle creek,flow,max,772
30,1998,battle creek,11376550,USGS,battle creek,flow,mean,708.3169642857143
30,1998,battle creek,11376550,USGS,battle creek,flow,min,655
31,1998,battle creek,11376550,USGS,battle creek,flow,max,687
31,1998,battle creek,11376550,USGS,battle creek,flow,mean,630.78125
31,1998,battle creek,11376550,USGS,battle creek,flow,min,499
32,1998,battle creek,11376550,USGS,battle creek,flow,max,627
32,1998,battle creek,11376550,USGS,battle creek,flow,mean,581.1116071428571
32,1998,battle creek,11376550,USGS,battle creek,flow,min,536
33,1998,battle creek,11376550,USGS,battle creek,flow,max,566
33,1998,battle creek,11376550,USGS,battle creek,flow,mean,532.014880952381
33,1998,battle creek,11376550,USGS,battle creek,flow,min,486
34,1998,battle creek,11376550,USGS,battle creek,flow,max,544
34,1998,battle creek,11376550,USGS,battle creek,flow,mean,502.4032738095238
34,1998,battle creek,11376550,USGS,battle creek,flow,min,462
35,1998,battle creek,11376550,USGS,battle creek,flow,max,507
35,1998,battle creek,11376550,USGS,battle creek,flow,mean,477.27827380952385
35,1998,battle creek,11376550,USGS,battle creek,flow,min,442
36,1998,battle creek,11376550,USGS,battle creek,flow,max,490
36,1998,battle creek,11376550,USGS,battle creek,flow,mean,466.13095238095235
36,1998,battle creek,11376550,USGS,battle creek,flow,min,426
37,1998,battle creek,11376550,USGS,battle creek,flow,max,495
37,1998,battle creek,11376550,USGS,battle creek,flow,mean,445.6636904761905
37,1998,battle creek,11376550,USGS,battle creek,flow,min,394
38,1998,battle creek,11376550,USGS,battle creek,flow,max,462
38,1998,battle creek,11376550,USGS,battle creek,flow,mean,436.1785714285714
38,1998,battle creek,11376550,USGS,battle creek,flow,min,390
39,1998,battle creek,11376550,USGS,battle creek,flow,max,474
39,1998,battle creek,11376550,USGS,battle creek,flow,mean,443.36904761904765
39,1998,battle creek,11376550,USGS,battle creek,flow,min,410
40,1998,battle creek,11376550,USGS,battle creek,flow,max,458
40,1998,battle creek,11376550,USGS,battle creek,flow,mean,426.20535714285717
40,1998,battle creek,11376550,USGS,battle creek,flow,min,383
41,1998,battle creek,11376550,USGS,battle creek,flow,max,476
41,1998,battle creek,11376550,USGS,battle creek,flow,mean,435.0059523809524
41,1998,battle creek,11376550,USGS,battle creek,flow,min,395
42,1998,battle creek,11376550,USGS,battle creek,flow,max,495
42,1998,battle creek,11376550,USGS,battle creek,flow,mean,433.8348214285714
42,1998,battle creek,11376550,USGS,battle creek,flow,min,395
43,1998,battle creek,11376550,USGS,battle creek,flow,max,567
43,1998,battle creek,11376550,USGS,battle creek,flow,mean,452.3813405797101
43,1998,battle creek,11376550,USGS,battle creek,flow,min,356
44,1998,battle creek,11376550,USGS,battle creek,flow,max,532
44,1998,battle creek,11376550,USGS,battle creek,flow,mean,437.8586309523809
44,1998,battle creek,11376550,USGS,battle creek,flow,min,391
45,1998,battle creek,11376550,USGS,battle creek,flow,max,630
45,1998,battle creek,11376550,USGS,battle creek,flow,mean,467.5625
45,1998,battle creek,11376550,USGS,battle creek,flow,min,391
46,1998,battle creek,11376550,USGS,battle creek,flow,max,583
46,1998,battle creek,11376550,USGS,battle creek,flow,mean,453.0461309523809
46,1998,battle creek,11376550,USGS,battle creek,flow,min,395
47,1998,battle creek,11376550,USGS,battle creek,flow,max,2620
47,1998,battle creek,11376550,USGS,battle creek,flow,mean,741.6696428571429
47,1998,battle creek,11376550,USGS,battle creek,flow,min,428
48,1998,battle creek,11376550,USGS,battle creek,flow,max,4230
48,1998,battle creek,11376550,USGS,battle creek,flow,mean,1162.220238095238
48,1998,battle creek,11376550,USGS,battle creek,flow,min,513
49,1998,battle creek,11376550,USGS,battle creek,flow,max,3700
49,1998,battle creek,11376550,USGS,battle creek,flow,mean,981.3556547619047
49,1998,battle creek,11376550,USGS,battle creek,flow,min,604
50,1998,battle creek,11376550,USGS,battle creek,flow,max,1210
50,1998,battle creek,11376550,USGS,battle creek,flow,mean,625.0729166666667
50,1998,battle creek,11376550,USGS,battle creek,flow,min,495
51,1998,battle creek,11376550,USGS,battle creek,flow,max,614
51,1998,battle creek,11376550,USGS,battle creek,flow,mean,524.8229166666666
51,1998,battle creek,11376550,USGS,battle creek,flow,min,463
52,1998,battle creek,11376550,USGS,battle creek,flow,max,578
52,1998,battle creek,11376550,USGS,battle creek,flow,mean,479.33333333333337
52,1998,battle creek,11376550,USGS,battle creek,flow,min,379
53,1998,battle creek,11376550,USGS,battle creek,flow,max,495
53,1998,battle creek,11376550,USGS,battle creek,flow,mean,470.5416666666667
53,1998,battle creek,11376550,USGS,battle creek,flow,min,458
1,1999,battle creek,11376550,USGS,battle creek,flow,max,485
1,1999,battle creek,11376550,USGS,battle creek,flow,mean,454.3392857142857
1,1999,battle creek,11376550,USGS,battle creek,flow,min,420
2,1999,battle creek,11376550,USGS,battle creek,flow,max,472
2,1999,battle creek,11376550,USGS,battle creek,flow,mean,433.6011904761905
2,1999,battle creek,11376550,USGS,battle creek,flow,min,411
3,1999,battle creek,11376550,USGS,battle creek,flow,max,992
3,1999,battle creek,11376550,USGS,battle creek,flow,mean,611.4657738095239
3,1999,battle creek,11376550,USGS,battle creek,flow,min,424
4,1999,battle creek,11376550,USGS,battle creek,flow,max,1250
4,1999,battle creek,11376550,USGS,battle creek,flow,mean,692.7976190476192
4,1999,battle creek,11376550,USGS,battle creek,flow,min,403
5,1999,battle creek,11376550,USGS,battle creek,flow,max,588
5,1999,battle creek,11376550,USGS,battle creek,flow,mean,541.4702380952382
5,1999,battle creek,11376550,USGS,battle creek,flow,min,504
6,1999,battle creek,11376550,USGS,battle creek,flow,max,6600
6,1999,battle creek,11376550,USGS,battle creek,flow,mean,1220.8779761904764
6,1999,battle creek,11376550,USGS,battle creek,flow,min,485
7,1999,battle creek,11376550,USGS,battle creek,flow,max,2730
7,1999,battle creek,11376550,USGS,battle creek,flow,mean,1033.2232142857142
7,1999,battle creek,11376550,USGS,battle creek,flow,min,668
8,1999,battle creek,11376550,USGS,battle creek,flow,max,2510
8,1999,battle creek,11376550,USGS,battle creek,flow,mean,1166.9181547619048
8,1999,battle creek,11376550,USGS,battle creek,flow,min,756
9,1999,battle creek,11376550,USGS,battle creek,flow,max,2330
9,1999,battle creek,11376550,USGS,battle creek,flow,mean,1305.6875
9,1999,battle creek,11376550,USGS,battle creek,flow,min,880
10,1999,battle creek,11376550,USGS,battle creek,flow,max,1200
10,1999,battle creek,11376550,USGS,battle creek,flow,mean,935.1517857142857
10,1999,battle creek,11376550,USGS,battle creek,flow,min,789
11,1999,battle creek,11376550,USGS,battle creek,flow,max,857
11,1999,battle creek,11376550,USGS,battle creek,flow,mean,752.2589285714286
11,1999,battle creek,11376550,USGS,battle creek,flow,min,700
12,1999,battle creek,11376550,USGS,battle creek,flow,max,1240
12,1999,battle creek,11376550,USGS,battle creek,flow,mean,764.2485119047618
12,1999,battle creek,11376550,USGS,battle creek,flow,min,518
13,1999,battle creek,11376550,USGS,battle creek,flow,max,915
13,1999,battle creek,11376550,USGS,battle creek,flow,mean,739.7321428571429
13,1999,battle creek,11376550,USGS,battle creek,flow,min,668
14,1999,battle creek,11376550,USGS,battle creek,flow,max,921
14,1999,battle creek,11376550,USGS,battle creek,flow,mean,640.1651785714286
14,1999,battle creek,11376550,USGS,battle creek,flow,min,499
15,1999,battle creek,11376550,USGS,battle creek,flow,max,778
15,1999,battle creek,11376550,USGS,battle creek,flow,mean,684.860119047619
15,1999,battle creek,11376550,USGS,battle creek,flow,min,620
16,1999,battle creek,11376550,USGS,battle creek,flow,max,1020
16,1999,battle creek,11376550,USGS,battle creek,flow,mean,772.4771616541353
16,1999,battle creek,11376550,USGS,battle creek,flow,min,583
17,1999,battle creek,11376550,USGS,battle creek,flow,max,1050
17,1999,battle creek,11376550,USGS,battle creek,flow,mean,794.107142857143
17,1999,battle creek,11376550,USGS,battle creek,flow,min,625
18,1999,battle creek,11376550,USGS,battle creek,flow,max,874
18,1999,battle creek,11376550,USGS,battle creek,flow,mean,727.5565476190476
18,1999,battle creek,11376550,USGS,battle creek,flow,min,636
19,1999,battle creek,11376550,USGS,battle creek,flow,max,744
19,1999,battle creek,11376550,USGS,battle creek,flow,mean,676.797619047619
19,1999,battle creek,11376550,USGS,battle creek,flow,min,614
20,1999,battle creek,11376550,USGS,battle creek,flow,max,700
20,1999,battle creek,11376550,USGS,battle creek,flow,mean,646.4270833333334
20,1999,battle creek,11376550,USGS,battle creek,flow,min,593
21,1999,battle creek,11376550,USGS,battle creek,flow,max,886
21,1999,battle creek,11376550,USGS,battle creek,flow,mean,742.2633928571429
21,1999,battle creek,11376550,USGS,battle creek,flow,min,614
22,1999,battle creek,11376550,USGS,battle creek,flow,max,880
22,1999,battle creek,11376550,USGS,battle creek,flow,mean,762.842261904762
22,1999,battle creek,11376550,USGS,battle creek,flow,min,668
23,1999,battle creek,11376550,USGS,battle creek,flow,max,744
23,1999,battle creek,11376550,USGS,battle creek,flow,mean,625.2708333333333
23,1999,battle creek,11376550,USGS,battle creek,flow,min,537
24,1999,battle creek,11376550,USGS,battle creek,flow,max,573
24,1999,battle creek,11376550,USGS,battle creek,flow,mean,538.7633928571429
24,1999,battle creek,11376550,USGS,battle creek,flow,min,481
25,1999,battle creek,11376550,USGS,battle creek,flow,max,695
25,1999,battle creek,11376550,USGS,battle creek,flow,mean,506.28422619047615
25,1999,battle creek,11376550,USGS,battle creek,flow,min,201
26,1999,battle creek,11376550,USGS,battle creek,flow,max,518
26,1999,battle creek,11376550,USGS,battle creek,flow,mean,465.6517857142858
26,1999,battle creek,11376550,USGS,battle creek,flow,min,432
27,1999,battle creek,11376550,USGS,battle creek,flow,max,509
27,1999,battle creek,11376550,USGS,battle creek,flow,mean,424.40773809523813
27,1999,battle creek,11376550,USGS,battle creek,flow,min,233
28,1999,battle creek,11376550,USGS,battle creek,flow,max,458
28,1999,battle creek,11376550,USGS,battle creek,flow,mean,387.35714285714283
28,1999,battle creek,11376550,USGS,battle creek,flow,min,345
29,1999,battle creek,11376550,USGS,battle creek,flow,max,403
29,1999,battle creek,11376550,USGS,battle creek,flow,mean,371.7232142857143
29,1999,battle creek,11376550,USGS,battle creek,flow,min,337
30,1999,battle creek,11376550,USGS,battle creek,flow,max,379
30,1999,battle creek,11376550,USGS,battle creek,flow,mean,349.83482142857144
30,1999,battle creek,11376550,USGS,battle creek,flow,min,294
31,1999,battle creek,11376550,USGS,battle creek,flow,max,353
31,1999,battle creek,11376550,USGS,battle creek,flow,mean,330.67559523809524
31,1999,battle creek,11376550,USGS,battle creek,flow,min,312
32,1999,battle creek,11376550,USGS,battle creek,flow,max,368
32,1999,battle creek,11376550,USGS,battle creek,flow,mean,337.17857142857144
32,1999,battle creek,11376550,USGS,battle creek,flow,min,301
33,1999,battle creek,11376550,USGS,battle creek,flow,max,356
33,1999,battle creek,11376550,USGS,battle creek,flow,mean,323.45089285714283
33,1999,battle creek,11376550,USGS,battle creek,flow,min,301
34,1999,battle creek,11376550,USGS,battle creek,flow,max,399
34,1999,battle creek,11376550,USGS,battle creek,flow,mean,311.17857142857144
34,1999,battle creek,11376550,USGS,battle creek,flow,min,279
35,1999,battle creek,11376550,USGS,battle creek,flow,max,322
35,1999,battle creek,11376550,USGS,battle creek,flow,mean,303.5699404761905
35,1999,battle creek,11376550,USGS,battle creek,flow,min,276
36,1999,battle creek,11376550,USGS,battle creek,flow,max,312
36,1999,battle creek,11376550,USGS,battle creek,flow,mean,298.15029761904765
36,1999,battle creek,11376550,USGS,battle creek,flow,min,276
37,1999,battle creek,11376550,USGS,battle creek,flow,max,356
37,1999,battle creek,11376550,USGS,battle creek,flow,mean,307.55654761904765
37,1999,battle creek,11376550,USGS,battle creek,flow,min,245
38,1999,battle creek,11376550,USGS,battle creek,flow,max,341
38,1999,battle creek,11376550,USGS,battle creek,flow,mean,318.02827380952385
38,1999,battle creek,11376550,USGS,battle creek,flow,min,290
39,1999,battle creek,11376550,USGS,battle creek,flow,max,353
39,1999,battle creek,11376550,USGS,battle creek,flow,mean,326.3407738095238
39,1999,battle creek,11376550,USGS,battle creek,flow,min,297
40,1999,battle creek,11376550,USGS,battle creek,flow,max,364
40,1999,battle creek,11376550,USGS,battle creek,flow,mean,331.2857142857143
40,1999,battle creek,11376550,USGS,battle creek,flow,min,304
41,1999,battle creek,11376550,USGS,battle creek,flow,max,368
41,1999,battle creek,11376550,USGS,battle creek,flow,mean,323.7470238095238
41,1999,battle creek,11376550,USGS,battle creek,flow,min,290
42,1999,battle creek,11376550,USGS,battle creek,flow,max,420
42,1999,battle creek,11376550,USGS,battle creek,flow,mean,337.56101190476187
42,1999,battle creek,11376550,USGS,battle creek,flow,min,304
43,1999,battle creek,11376550,USGS,battle creek,flow,max,706
43,1999,battle creek,11376550,USGS,battle creek,flow,mean,357.76526915113874
43,1999,battle creek,11376550,USGS,battle creek,flow,min,294
44,1999,battle creek,11376550,USGS,battle creek,flow,max,532
44,1999,battle creek,11376550,USGS,battle creek,flow,mean,385.23239642877985
44,1999,battle creek,11376550,USGS,battle creek,flow,min,337
45,1999,battle creek,11376550,USGS,battle creek,flow,max,490
45,1999,battle creek,11376550,USGS,battle creek,flow,mean,395.92708333333337
45,1999,battle creek,11376550,USGS,battle creek,flow,min,345
46,1999,battle creek,11376550,USGS,battle creek,flow,max,588
46,1999,battle creek,11376550,USGS,battle creek,flow,mean,411.4241071428572
46,1999,battle creek,11376550,USGS,battle creek,flow,min,345
47,1999,battle creek,11376550,USGS,battle creek,flow,max,567
47,1999,battle creek,11376550,USGS,battle creek,flow,mean,434.5550595238096
47,1999,battle creek,11376550,USGS,battle creek,flow,min,353
48,1999,battle creek,11376550,USGS,battle creek,flow,max,857
48,1999,battle creek,11376550,USGS,battle creek,flow,mean,419.7142857142857
48,1999,battle creek,11376550,USGS,battle creek,flow,min,349
49,1999,battle creek,11376550,USGS,battle creek,flow,max,432
49,1999,battle creek,11376550,USGS,battle creek,flow,mean,364.7470238095238
49,1999,battle creek,11376550,USGS,battle creek,flow,min,330
50,1999,battle creek,11376550,USGS,battle creek,flow,max,463
50,1999,battle creek,11376550,USGS,battle creek,flow,mean,372.1577380952381
50,1999,battle creek,11376550,USGS,battle creek,flow,min,337
51,1999,battle creek,11376550,USGS,battle creek,flow,max,407
51,1999,battle creek,11376550,USGS,battle creek,flow,mean,364.47767857142856
51,1999,battle creek,11376550,USGS,battle creek,flow,min,334
52,1999,battle creek,11376550,USGS,battle creek,flow,max,395
52,1999,battle creek,11376550,USGS,battle creek,flow,mean,346.16666666666663
52,1999,battle creek,11376550,USGS,battle creek,flow,min,304
53,1999,battle creek,11376550,USGS,battle creek,flow,max,337
53,1999,battle creek,11376550,USGS,battle creek,flow,mean,337
53,1999,battle creek,11376550,USGS,battle creek,flow,min,337
1,2000,battle creek,11376550,USGS,battle creek,flow,max,364
1,2000,battle creek,11376550,USGS,battle creek,flow,mean,333.77083333333337
1,2000,battle creek,11376550,USGS,battle creek,flow,min,312
2,2000,battle creek,11376550,USGS,battle creek,flow,max,668
2,2000,battle creek,11376550,USGS,battle creek,flow,mean,387.51785714285705
2,2000,battle creek,11376550,USGS,battle creek,flow,min,97
3,2000,battle creek,11376550,USGS,battle creek,flow,max,2540
3,2000,battle creek,11376550,USGS,battle creek,flow,mean,817.65625
3,2000,battle creek,11376550,USGS,battle creek,flow,min,345
4,2000,battle creek,11376550,USGS,battle creek,flow,max,1770
4,2000,battle creek,11376550,USGS,battle creek,flow,mean,769.0505952380952
4,2000,battle creek,11376550,USGS,battle creek,flow,min,504
5,2000,battle creek,11376550,USGS,battle creek,flow,max,1780
5,2000,battle creek,11376550,USGS,battle creek,flow,mean,747.3616071428571
5,2000,battle creek,11376550,USGS,battle creek,flow,min,454
6,2000,battle creek,11376550,USGS,battle creek,flow,max,840
6,2000,battle creek,11376550,USGS,battle creek,flow,mean,622.7916666666667
6,2000,battle creek,11376550,USGS,battle creek,flow,min,499
7,2000,battle creek,11376550,USGS,battle creek,flow,max,3020
7,2000,battle creek,11376550,USGS,battle creek,flow,mean,1205.9788786482334
7,2000,battle creek,11376550,USGS,battle creek,flow,min,646
8,2000,battle creek,11376550,USGS,battle creek,flow,max,3240
8,2000,battle creek,11376550,USGS,battle creek,flow,mean,913.3065476190476
8,2000,battle creek,11376550,USGS,battle creek,flow,min,614
9,2000,battle creek,11376550,USGS,battle creek,flow,max,2790
9,2000,battle creek,11376550,USGS,battle creek,flow,mean,1180.2395833333335
9,2000,battle creek,11376550,USGS,battle creek,flow,min,722
10,2000,battle creek,11376550,USGS,battle creek,flow,max,2480
10,2000,battle creek,11376550,USGS,battle creek,flow,mean,1181.0788690476188
10,2000,battle creek,11376550,USGS,battle creek,flow,min,733
11,2000,battle creek,11376550,USGS,battle creek,flow,max,903
11,2000,battle creek,11376550,USGS,battle creek,flow,mean,766.5
11,2000,battle creek,11376550,USGS,battle creek,flow,min,668
12,2000,battle creek,11376550,USGS,battle creek,flow,max,817
12,2000,battle creek,11376550,USGS,battle creek,flow,mean,652.7232142857143
12,2000,battle creek,11376550,USGS,battle creek,flow,min,485
13,2000,battle creek,11376550,USGS,battle creek,flow,max,789
13,2000,battle creek,11376550,USGS,battle creek,flow,mean,599.2842261904763
13,2000,battle creek,11376550,USGS,battle creek,flow,min,527
14,2000,battle creek,11376550,USGS,battle creek,flow,max,662
14,2000,battle creek,11376550,USGS,battle creek,flow,mean,588.6564223057645
14,2000,battle creek,11376550,USGS,battle creek,flow,min,523
15,2000,battle creek,11376550,USGS,battle creek,flow,max,986
15,2000,battle creek,11376550,USGS,battle creek,flow,mean,638.6502976190477
15,2000,battle creek,11376550,USGS,battle creek,flow,min,411
16,2000,battle creek,11376550,USGS,battle creek,flow,max,1020
16,2000,battle creek,11376550,USGS,battle creek,flow,mean,681.1651785714286
16,2000,battle creek,11376550,USGS,battle creek,flow,min,458
17,2000,battle creek,11376550,USGS,battle creek,flow,max,690
17,2000,battle creek,11376550,USGS,battle creek,flow,mean,569.6994047619048
17,2000,battle creek,11376550,USGS,battle creek,flow,min,467
18,2000,battle creek,11376550,USGS,battle creek,flow,max,609
18,2000,battle creek,11376550,USGS,battle creek,flow,mean,559.7752976190476
18,2000,battle creek,11376550,USGS,battle creek,flow,min,513
19,2000,battle creek,11376550,USGS,battle creek,flow,max,604
19,2000,battle creek,11376550,USGS,battle creek,flow,mean,548.8165922619047
19,2000,battle creek,11376550,USGS,battle creek,flow,min,476
20,2000,battle creek,11376550,USGS,battle creek,flow,max,620
20,2000,battle creek,11376550,USGS,battle creek,flow,mean,501.3363095238095
20,2000,battle creek,11376550,USGS,battle creek,flow,min,445
21,2000,battle creek,11376550,USGS,battle creek,flow,max,630
21,2000,battle creek,11376550,USGS,battle creek,flow,mean,539.8985992241242
21,2000,battle creek,11376550,USGS,battle creek,flow,min,458
22,2000,battle creek,11376550,USGS,battle creek,flow,max,695
22,2000,battle creek,11376550,USGS,battle creek,flow,mean,506.08482142857144
22,2000,battle creek,11376550,USGS,battle creek,flow,min,341
23,2000,battle creek,11376550,USGS,battle creek,flow,max,537
23,2000,battle creek,11376550,USGS,battle creek,flow,mean,442.01190476190476
23,2000,battle creek,11376550,USGS,battle creek,flow,min,265
24,2000,battle creek,11376550,USGS,battle creek,flow,max,593
24,2000,battle creek,11376550,USGS,battle creek,flow,mean,432.5208333333334
24,2000,battle creek,11376550,USGS,battle creek,flow,min,345
25,2000,battle creek,11376550,USGS,battle creek,flow,max,454
25,2000,battle creek,11376550,USGS,battle creek,flow,mean,403.6636904761904
25,2000,battle creek,11376550,USGS,battle creek,flow,min,356
26,2000,battle creek,11376550,USGS,battle creek,flow,max,420
26,2000,battle creek,11376550,USGS,battle creek,flow,mean,373.51785714285705
26,2000,battle creek,11376550,USGS,battle creek,flow,min,345
27,2000,battle creek,11376550,USGS,battle creek,flow,max,376
27,2000,battle creek,11376550,USGS,battle creek,flow,mean,348.8720238095238
27,2000,battle creek,11376550,USGS,battle creek,flow,min,312
28,2000,battle creek,11376550,USGS,battle creek,flow,max,349
28,2000,battle creek,11376550,USGS,battle creek,flow,mean,323.4298558897243
28,2000,battle creek,11376550,USGS,battle creek,flow,min,304
29,2000,battle creek,11376550,USGS,battle creek,flow,max,326
29,2000,battle creek,11376550,USGS,battle creek,flow,mean,303.6904761904762
29,2000,battle creek,11376550,USGS,battle creek,flow,min,276
30,2000,battle creek,11376550,USGS,battle creek,flow,max,322
30,2000,battle creek,11376550,USGS,battle creek,flow,mean,280.07227276969013
30,2000,battle creek,11376550,USGS,battle creek,flow,min,191
31,2000,battle creek,11376550,USGS,battle creek,flow,max,286
31,2000,battle creek,11376550,USGS,battle creek,flow,mean,267.95089285714283
31,2000,battle creek,11376550,USGS,battle creek,flow,min,245
32,2000,battle creek,11376550,USGS,battle creek,flow,max,283
32,2000,battle creek,11376550,USGS,battle creek,flow,mean,264.4657738095238
32,2000,battle creek,11376550,USGS,battle creek,flow,min,249
33,2000,battle creek,11376550,USGS,battle creek,flow,max,276
33,2000,battle creek,11376550,USGS,battle creek,flow,mean,258.72023809523813
33,2000,battle creek,11376550,USGS,battle creek,flow,min,233
34,2000,battle creek,11376550,USGS,battle creek,flow,max,360
34,2000,battle creek,11376550,USGS,battle creek,flow,mean,255.5401785714286
34,2000,battle creek,11376550,USGS,battle creek,flow,min,142
35,2000,battle creek,11376550,USGS,battle creek,flow,max,290
35,2000,battle creek,11376550,USGS,battle creek,flow,mean,259.4449404761905
35,2000,battle creek,11376550,USGS,battle creek,flow,min,239
36,2000,battle creek,11376550,USGS,battle creek,flow,max,383
36,2000,battle creek,11376550,USGS,battle creek,flow,mean,268.17173252279633
36,2000,battle creek,11376550,USGS,battle creek,flow,min,75
37,2000,battle creek,11376550,USGS,battle creek,flow,max,349
37,2000,battle creek,11376550,USGS,battle creek,flow,mean,259.47767857142856
37,2000,battle creek,11376550,USGS,battle creek,flow,min,145
38,2000,battle creek,11376550,USGS,battle creek,flow,max,290
38,2000,battle creek,11376550,USGS,battle creek,flow,mean,269.1279761904762
38,2000,battle creek,11376550,USGS,battle creek,flow,min,255
39,2000,battle creek,11376550,USGS,battle creek,flow,max,294
39,2000,battle creek,11376550,USGS,battle creek,flow,mean,271.0267857142857
39,2000,battle creek,11376550,USGS,battle creek,flow,min,252
40,2000,battle creek,11376550,USGS,battle creek,flow,max,297
40,2000,battle creek,11376550,USGS,battle creek,flow,mean,269.6800595238095
40,2000,battle creek,11376550,USGS,battle creek,flow,min,239
41,2000,battle creek,11376550,USGS,battle creek,flow,max,449
41,2000,battle creek,11376550,USGS,battle creek,flow,mean,316.44642857142856
41,2000,battle creek,11376550,USGS,battle creek,flow,min,236
42,2000,battle creek,11376550,USGS,battle creek,flow,max,337
42,2000,battle creek,11376550,USGS,battle creek,flow,mean,313.68731003039517
42,2000,battle creek,11376550,USGS,battle creek,flow,min,286
43,2000,battle creek,11376550,USGS,battle creek,flow,max,376
43,2000,battle creek,11376550,USGS,battle creek,flow,mean,318.49107142857144
43,2000,battle creek,11376550,USGS,battle creek,flow,min,290
44,2000,battle creek,11376550,USGS,battle creek,flow,max,557
44,2000,battle creek,11376550,USGS,battle creek,flow,mean,357.7492883022774
44,2000,battle creek,11376550,USGS,battle creek,flow,min,272
45,2000,battle creek,11376550,USGS,battle creek,flow,max,326
45,2000,battle creek,11376550,USGS,battle creek,flow,mean,309.9409013605442
45,2000,battle creek,11376550,USGS,battle creek,flow,min,272
46,2000,battle creek,11376550,USGS,battle creek,flow,max,326
46,2000,battle creek,11376550,USGS,battle creek,flow,mean,308.1502976190476
46,2000,battle creek,11376550,USGS,battle creek,flow,min,286
47,2000,battle creek,11376550,USGS,battle creek,flow,max,312
47,2000,battle creek,11376550,USGS,battle creek,flow,mean,298.0342261904762
47,2000,battle creek,11376550,USGS,battle creek,flow,min,283
48,2000,battle creek,11376550,USGS,battle creek,flow,max,437
48,2000,battle creek,11376550,USGS,battle creek,flow,mean,323.0654761904762
48,2000,battle creek,11376550,USGS,battle creek,flow,min,286
49,2000,battle creek,11376550,USGS,battle creek,flow,max,345
49,2000,battle creek,11376550,USGS,battle creek,flow,mean,330.0327067669173
49,2000,battle creek,11376550,USGS,battle creek,flow,min,301
50,2000,battle creek,11376550,USGS,battle creek,flow,max,472
50,2000,battle creek,11376550,USGS,battle creek,flow,mean,325.98809523809524
50,2000,battle creek,11376550,USGS,battle creek,flow,min,160
51,2000,battle creek,11376550,USGS,battle creek,flow,max,334
51,2000,battle creek,11376550,USGS,battle creek,flow,mean,312.6711309523809
51,2000,battle creek,11376550,USGS,battle creek,flow,min,279
52,2000,battle creek,11376550,USGS,battle creek,flow,max,337
52,2000,battle creek,11376550,USGS,battle creek,flow,mean,306.6101190476191
52,2000,battle creek,11376550,USGS,battle creek,flow,min,286
53,2000,battle creek,11376550,USGS,battle creek,flow,max,312
53,2000,battle creek,11376550,USGS,battle creek,flow,mean,299.86458333333337
53,2000,battle creek,11376550,USGS,battle creek,flow,min,290
1,2001,battle creek,11376550,USGS,battle creek,flow,max,322
1,2001,battle creek,11376550,USGS,battle creek,flow,mean,293.72172619047615
1,2001,battle creek,11376550,USGS,battle creek,flow,min,269
2,2001,battle creek,11376550,USGS,battle creek,flow,max,1210
2,2001,battle creek,11376550,USGS,battle creek,flow,mean,412.26359126984124
2,2001,battle creek,11376550,USGS,battle creek,flow,min,279
3,2001,battle creek,11376550,USGS,battle creek,flow,max,341
3,2001,battle creek,11376550,USGS,battle creek,flow,mean,301.3392857142857
3,2001,battle creek,11376550,USGS,battle creek,flow,min,276
4,2001,battle creek,11376550,USGS,battle creek,flow,max,1360
4,2001,battle creek,11376550,USGS,battle creek,flow,mean,458.8541666666667
4,2001,battle creek,11376550,USGS,battle creek,flow,min,265
5,2001,battle creek,11376550,USGS,battle creek,flow,max,391
5,2001,battle creek,11376550,USGS,battle creek,flow,mean,327.0193452380953
5,2001,battle creek,11376550,USGS,battle creek,flow,min,304
6,2001,battle creek,11376550,USGS,battle creek,flow,max,527
6,2001,battle creek,11376550,USGS,battle creek,flow,mean,328.72470238095235
6,2001,battle creek,11376550,USGS,battle creek,flow,min,249
7,2001,battle creek,11376550,USGS,battle creek,flow,max,527
7,2001,battle creek,11376550,USGS,battle creek,flow,mean,386.8080357142857
7,2001,battle creek,11376550,USGS,battle creek,flow,min,315
8,2001,battle creek,11376550,USGS,battle creek,flow,max,2090
8,2001,battle creek,11376550,USGS,battle creek,flow,mean,662.6383928571429
8,2001,battle creek,11376550,USGS,battle creek,flow,min,407
9,2001,battle creek,11376550,USGS,battle creek,flow,max,2640
9,2001,battle creek,11376550,USGS,battle creek,flow,mean,508.28720238095235
9,2001,battle creek,11376550,USGS,battle creek,flow,min,349
10,2001,battle creek,11376550,USGS,battle creek,flow,max,2040
10,2001,battle creek,11376550,USGS,battle creek,flow,mean,611.5967261904761
10,2001,battle creek,11376550,USGS,battle creek,flow,min,407
11,2001,battle creek,11376550,USGS,battle creek,flow,max,420
11,2001,battle creek,11376550,USGS,battle creek,flow,mean,377.0163690476191
11,2001,battle creek,11376550,USGS,battle creek,flow,min,345
12,2001,battle creek,11376550,USGS,battle creek,flow,max,547
12,2001,battle creek,11376550,USGS,battle creek,flow,mean,369.0050595238095
12,2001,battle creek,11376550,USGS,battle creek,flow,min,337
13,2001,battle creek,11376550,USGS,battle creek,flow,max,532
13,2001,battle creek,11376550,USGS,battle creek,flow,mean,411.8377976190477
13,2001,battle creek,11376550,USGS,battle creek,flow,min,376
14,2001,battle creek,11376550,USGS,battle creek,flow,max,424
14,2001,battle creek,11376550,USGS,battle creek,flow,mean,352.89285714285717
14,2001,battle creek,11376550,USGS,battle creek,flow,min,308
15,2001,battle creek,11376550,USGS,battle creek,flow,max,337
15,2001,battle creek,11376550,USGS,battle creek,flow,mean,318.3809523809524
15,2001,battle creek,11376550,USGS,battle creek,flow,min,304
16,2001,battle creek,11376550,USGS,battle creek,flow,max,449
16,2001,battle creek,11376550,USGS,battle creek,flow,mean,357.9747023809524
16,2001,battle creek,11376550,USGS,battle creek,flow,min,294
17,2001,battle creek,11376550,USGS,battle creek,flow,max,481
17,2001,battle creek,11376550,USGS,battle creek,flow,mean,385.8601190476191
17,2001,battle creek,11376550,USGS,battle creek,flow,min,334
18,2001,battle creek,11376550,USGS,battle creek,flow,max,445
18,2001,battle creek,11376550,USGS,battle creek,flow,mean,365.8273809523809
18,2001,battle creek,11376550,USGS,battle creek,flow,min,262
19,2001,battle creek,11376550,USGS,battle creek,flow,max,415
19,2001,battle creek,11376550,USGS,battle creek,flow,mean,379.67770308924486
19,2001,battle creek,11376550,USGS,battle creek,flow,min,345
20,2001,battle creek,11376550,USGS,battle creek,flow,max,437
20,2001,battle creek,11376550,USGS,battle creek,flow,mean,379.05357142857144
20,2001,battle creek,11376550,USGS,battle creek,flow,min,353
21,2001,battle creek,11376550,USGS,battle creek,flow,max,395
21,2001,battle creek,11376550,USGS,battle creek,flow,mean,347.1190476190476
21,2001,battle creek,11376550,USGS,battle creek,flow,min,308
22,2001,battle creek,11376550,USGS,battle creek,flow,max,319
22,2001,battle creek,11376550,USGS,battle creek,flow,mean,300.3050595238096
22,2001,battle creek,11376550,USGS,battle creek,flow,min,279
23,2001,battle creek,11376550,USGS,battle creek,flow,max,304
23,2001,battle creek,11376550,USGS,battle creek,flow,mean,281.0669642857143
23,2001,battle creek,11376550,USGS,battle creek,flow,min,265
24,2001,battle creek,11376550,USGS,battle creek,flow,max,286
24,2001,battle creek,11376550,USGS,battle creek,flow,mean,263.9970238095238
24,2001,battle creek,11376550,USGS,battle creek,flow,min,229
25,2001,battle creek,11376550,USGS,battle creek,flow,max,262
25,2001,battle creek,11376550,USGS,battle creek,flow,mean,251.63392857142858
25,2001,battle creek,11376550,USGS,battle creek,flow,min,239
26,2001,battle creek,11376550,USGS,battle creek,flow,max,297
26,2001,battle creek,11376550,USGS,battle creek,flow,mean,266.9166666666667
26,2001,battle creek,11376550,USGS,battle creek,flow,min,242
27,2001,battle creek,11376550,USGS,battle creek,flow,max,262
27,2001,battle creek,11376550,USGS,battle creek,flow,mean,244.2261904761905
27,2001,battle creek,11376550,USGS,battle creek,flow,min,139
28,2001,battle creek,11376550,USGS,battle creek,flow,max,437
28,2001,battle creek,11376550,USGS,battle creek,flow,mean,243.72321428571428
28,2001,battle creek,11376550,USGS,battle creek,flow,min,86
29,2001,battle creek,11376550,USGS,battle creek,flow,max,308
29,2001,battle creek,11376550,USGS,battle creek,flow,mean,229.35267857142858
29,2001,battle creek,11376550,USGS,battle creek,flow,min,151
30,2001,battle creek,11376550,USGS,battle creek,flow,max,249
30,2001,battle creek,11376550,USGS,battle creek,flow,mean,221.8720238095238
30,2001,battle creek,11376550,USGS,battle creek,flow,min,139
31,2001,battle creek,11376550,USGS,battle creek,flow,max,345
31,2001,battle creek,11376550,USGS,battle creek,flow,mean,215.16964285714286
31,2001,battle creek,11376550,USGS,battle creek,flow,min,122
32,2001,battle creek,11376550,USGS,battle creek,flow,max,242
32,2001,battle creek,11376550,USGS,battle creek,flow,mean,207.4702380952381
32,2001,battle creek,11376550,USGS,battle creek,flow,min,172
33,2001,battle creek,11376550,USGS,battle creek,flow,max,242
33,2001,battle creek,11376550,USGS,battle creek,flow,mean,204.51785714285714
33,2001,battle creek,11376550,USGS,battle creek,flow,min,172
34,2001,battle creek,11376550,USGS,battle creek,flow,max,236
34,2001,battle creek,11376550,USGS,battle creek,flow,mean,202.16517857142858
34,2001,battle creek,11376550,USGS,battle creek,flow,min,151
35,2001,battle creek,11376550,USGS,battle creek,flow,max,262
35,2001,battle creek,11376550,USGS,battle creek,flow,mean,208.76488095238096
35,2001,battle creek,11376550,USGS,battle creek,flow,min,172
36,2001,battle creek,11376550,USGS,battle creek,flow,max,265
36,2001,battle creek,11376550,USGS,battle creek,flow,mean,211.3526785714286
36,2001,battle creek,11376550,USGS,battle creek,flow,min,179
37,2001,battle creek,11376550,USGS,battle creek,flow,max,272
37,2001,battle creek,11376550,USGS,battle creek,flow,mean,210.61607142857147
37,2001,battle creek,11376550,USGS,battle creek,flow,min,179
38,2001,battle creek,11376550,USGS,battle creek,flow,max,290
38,2001,battle creek,11376550,USGS,battle creek,flow,mean,214.5907738095238
38,2001,battle creek,11376550,USGS,battle creek,flow,min,179
39,2001,battle creek,11376550,USGS,battle creek,flow,max,322
39,2001,battle creek,11376550,USGS,battle creek,flow,mean,226.54464285714286
39,2001,battle creek,11376550,USGS,battle creek,flow,min,182
40,2001,battle creek,11376550,USGS,battle creek,flow,max,304
40,2001,battle creek,11376550,USGS,battle creek,flow,mean,229.7857142857143
40,2001,battle creek,11376550,USGS,battle creek,flow,min,188
41,2001,battle creek,11376550,USGS,battle creek,flow,max,272
41,2001,battle creek,11376550,USGS,battle creek,flow,mean,225.98660714285714
41,2001,battle creek,11376550,USGS,battle creek,flow,min,179
42,2001,battle creek,11376550,USGS,battle creek,flow,max,294
42,2001,battle creek,11376550,USGS,battle creek,flow,mean,222.97321428571428
42,2001,battle creek,11376550,USGS,battle creek,flow,min,185
43,2001,battle creek,11376550,USGS,battle creek,flow,max,322
43,2001,battle creek,11376550,USGS,battle creek,flow,mean,233.2683747412008
43,2001,battle creek,11376550,USGS,battle creek,flow,min,204
44,2001,battle creek,11376550,USGS,battle creek,flow,max,319
44,2001,battle creek,11376550,USGS,battle creek,flow,mean,263.02976190476187
44,2001,battle creek,11376550,USGS,battle creek,flow,min,213
45,2001,battle creek,11376550,USGS,battle creek,flow,max,326
45,2001,battle creek,11376550,USGS,battle creek,flow,mean,260.5327380952381
45,2001,battle creek,11376550,USGS,battle creek,flow,min,226
46,2001,battle creek,11376550,USGS,battle creek,flow,max,428
46,2001,battle creek,11376550,USGS,battle creek,flow,mean,288.7842261904762
46,2001,battle creek,11376550,USGS,battle creek,flow,min,242
47,2001,battle creek,11376550,USGS,battle creek,flow,max,2610
47,2001,battle creek,11376550,USGS,battle creek,flow,mean,470.3630952380953
47,2001,battle creek,11376550,USGS,battle creek,flow,min,236
48,2001,battle creek,11376550,USGS,battle creek,flow,max,1480
48,2001,battle creek,11376550,USGS,battle creek,flow,mean,473.3511904761905
48,2001,battle creek,11376550,USGS,battle creek,flow,min,265
49,2001,battle creek,11376550,USGS,battle creek,flow,max,1340
49,2001,battle creek,11376550,USGS,battle creek,flow,mean,555.2366071428572
49,2001,battle creek,11376550,USGS,battle creek,flow,min,341
50,2001,battle creek,11376550,USGS,battle creek,flow,max,992
50,2001,battle creek,11376550,USGS,battle creek,flow,mean,422.9315476190476
50,2001,battle creek,11376550,USGS,battle creek,flow,min,163
51,2001,battle creek,11376550,USGS,battle creek,flow,max,1760
51,2001,battle creek,11376550,USGS,battle creek,flow,mean,751.561011904762
51,2001,battle creek,11376550,USGS,battle creek,flow,min,337
52,2001,battle creek,11376550,USGS,battle creek,flow,max,1260
52,2001,battle creek,11376550,USGS,battle creek,flow,mean,533.3543859649122
52,2001,battle creek,11376550,USGS,battle creek,flow,min,191
53,2001,battle creek,11376550,USGS,battle creek,flow,max,3590
53,2001,battle creek,11376550,USGS,battle creek,flow,mean,1818.9895833333333
53,2001,battle creek,11376550,USGS,battle creek,flow,min,717
1,2002,battle creek,11376550,USGS,battle creek,flow,max,3650
1,2002,battle creek,11376550,USGS,battle creek,flow,mean,1252.6324404761904
1,2002,battle creek,11376550,USGS,battle creek,flow,min,684
2,2002,battle creek,11376550,USGS,battle creek,flow,max,915
2,2002,battle creek,11376550,USGS,battle creek,flow,mean,617.5863095238094
2,2002,battle creek,11376550,USGS,battle creek,flow,min,490
3,2002,battle creek,11376550,USGS,battle creek,flow,max,523
3,2002,battle creek,11376550,USGS,battle creek,flow,mean,448.57142857142856
3,2002,battle creek,11376550,USGS,battle creek,flow,min,301
4,2002,battle creek,11376550,USGS,battle creek,flow,max,614
4,2002,battle creek,11376550,USGS,battle creek,flow,mean,437.5595238095238
4,2002,battle creek,11376550,USGS,battle creek,flow,min,308
5,2002,battle creek,11376550,USGS,battle creek,flow,max,441
5,2002,battle creek,11376550,USGS,battle creek,flow,mean,399.0684523809524
5,2002,battle creek,11376550,USGS,battle creek,flow,min,368
6,2002,battle creek,11376550,USGS,battle creek,flow,max,499
6,2002,battle creek,11376550,USGS,battle creek,flow,mean,395.86607142857144
6,2002,battle creek,11376550,USGS,battle creek,flow,min,353
7,2002,battle creek,11376550,USGS,battle creek,flow,max,614
7,2002,battle creek,11376550,USGS,battle creek,flow,mean,380.23660714285717
7,2002,battle creek,11376550,USGS,battle creek,flow,min,169
8,2002,battle creek,11376550,USGS,battle creek,flow,max,2680
8,2002,battle creek,11376550,USGS,battle creek,flow,mean,789.873511904762
8,2002,battle creek,11376550,USGS,battle creek,flow,min,368
9,2002,battle creek,11376550,USGS,battle creek,flow,max,695
9,2002,battle creek,11376550,USGS,battle creek,flow,mean,475.80803571428567
9,2002,battle creek,11376550,USGS,battle creek,flow,min,276
10,2002,battle creek,11376550,USGS,battle creek,flow,max,657
10,2002,battle creek,11376550,USGS,battle creek,flow,mean,508.8779761904762
10,2002,battle creek,11376550,USGS,battle creek,flow,min,297
11,2002,battle creek,11376550,USGS,battle creek,flow,max,588
11,2002,battle creek,11376550,USGS,battle creek,flow,mean,461.6160714285714
11,2002,battle creek,11376550,USGS,battle creek,flow,min,407
12,2002,battle creek,11376550,USGS,battle creek,flow,max,532
12,2002,battle creek,11376550,USGS,battle creek,flow,mean,431.44345238095235
12,2002,battle creek,11376550,USGS,battle creek,flow,min,204
13,2002,battle creek,11376550,USGS,battle creek,flow,max,673
13,2002,battle creek,11376550,USGS,battle creek,flow,mean,439.8869047619047
13,2002,battle creek,11376550,USGS,battle creek,flow,min,102
14,2002,battle creek,11376550,USGS,battle creek,flow,max,537
14,2002,battle creek,11376550,USGS,battle creek,flow,mean,486.61309523809524
14,2002,battle creek,11376550,USGS,battle creek,flow,min,437
15,2002,battle creek,11376550,USGS,battle creek,flow,max,711
15,2002,battle creek,11376550,USGS,battle creek,flow,mean,511.3169642857143
15,2002,battle creek,11376550,USGS,battle creek,flow,min,207
16,2002,battle creek,11376550,USGS,battle creek,flow,max,598
16,2002,battle creek,11376550,USGS,battle creek,flow,mean,474.98660714285717
16,2002,battle creek,11376550,USGS,battle creek,flow,min,399
17,2002,battle creek,11376550,USGS,battle creek,flow,max,567
17,2002,battle creek,11376550,USGS,battle creek,flow,mean,447.16009931414226
17,2002,battle creek,11376550,USGS,battle creek,flow,min,239
18,2002,battle creek,11376550,USGS,battle creek,flow,max,495
18,2002,battle creek,11376550,USGS,battle creek,flow,mean,447.15625
18,2002,battle creek,11376550,USGS,battle creek,flow,min,411
19,2002,battle creek,11376550,USGS,battle creek,flow,max,706
19,2002,battle creek,11376550,USGS,battle creek,flow,mean,428.3214285714285
19,2002,battle creek,11376550,USGS,battle creek,flow,min,217
20,2002,battle creek,11376550,USGS,battle creek,flow,max,668
20,2002,battle creek,11376550,USGS,battle creek,flow,mean,441.44345238095235
20,2002,battle creek,11376550,USGS,battle creek,flow,min,210
21,2002,battle creek,11376550,USGS,battle creek,flow,max,518
21,2002,battle creek,11376550,USGS,battle creek,flow,mean,403.8392857142857
21,2002,battle creek,11376550,USGS,battle creek,flow,min,360
22,2002,battle creek,11376550,USGS,battle creek,flow,max,636
22,2002,battle creek,11376550,USGS,battle creek,flow,mean,420.67708333333337
22,2002,battle creek,11376550,USGS,battle creek,flow,min,304
23,2002,battle creek,11376550,USGS,battle creek,flow,max,454
23,2002,battle creek,11376550,USGS,battle creek,flow,mean,394.06547619047615
23,2002,battle creek,11376550,USGS,battle creek,flow,min,255
24,2002,battle creek,11376550,USGS,battle creek,flow,max,598
24,2002,battle creek,11376550,USGS,battle creek,flow,mean,333.077380952381
24,2002,battle creek,11376550,USGS,battle creek,flow,min,97
25,2002,battle creek,11376550,USGS,battle creek,flow,max,356
25,2002,battle creek,11376550,USGS,battle creek,flow,mean,307.889880952381
25,2002,battle creek,11376550,USGS,battle creek,flow,min,272
26,2002,battle creek,11376550,USGS,battle creek,flow,max,319
26,2002,battle creek,11376550,USGS,battle creek,flow,mean,287.2999574829932
26,2002,battle creek,11376550,USGS,battle creek,flow,min,229
27,2002,battle creek,11376550,USGS,battle creek,flow,max,301
27,2002,battle creek,11376550,USGS,battle creek,flow,mean,260.4613095238095
27,2002,battle creek,11376550,USGS,battle creek,flow,min,226
28,2002,battle creek,11376550,USGS,battle creek,flow,max,262
28,2002,battle creek,11376550,USGS,battle creek,flow,mean,238.3720238095238
28,2002,battle creek,11376550,USGS,battle creek,flow,min,213
29,2002,battle creek,11376550,USGS,battle creek,flow,max,258
29,2002,battle creek,11376550,USGS,battle creek,flow,mean,226.70982142857142
29,2002,battle creek,11376550,USGS,battle creek,flow,min,182
30,2002,battle creek,11376550,USGS,battle creek,flow,max,245
30,2002,battle creek,11376550,USGS,battle creek,flow,mean,220.70833333333331
30,2002,battle creek,11376550,USGS,battle creek,flow,min,201
31,2002,battle creek,11376550,USGS,battle creek,flow,max,239
31,2002,battle creek,11376550,USGS,battle creek,flow,mean,214.91666666666669
31,2002,battle creek,11376550,USGS,battle creek,flow,min,191
32,2002,battle creek,11376550,USGS,battle creek,flow,max,226
32,2002,battle creek,11376550,USGS,battle creek,flow,mean,207.99851190476193
32,2002,battle creek,11376550,USGS,battle creek,flow,min,179
33,2002,battle creek,11376550,USGS,battle creek,flow,max,236
33,2002,battle creek,11376550,USGS,battle creek,flow,mean,206.4375
33,2002,battle creek,11376550,USGS,battle creek,flow,min,179
34,2002,battle creek,11376550,USGS,battle creek,flow,max,345
34,2002,battle creek,11376550,USGS,battle creek,flow,mean,202.5952380952381
34,2002,battle creek,11376550,USGS,battle creek,flow,min,78
35,2002,battle creek,11376550,USGS,battle creek,flow,max,407
35,2002,battle creek,11376550,USGS,battle creek,flow,mean,201.36458333333331
35,2002,battle creek,11376550,USGS,battle creek,flow,min,154
36,2002,battle creek,11376550,USGS,battle creek,flow,max,319
36,2002,battle creek,11376550,USGS,battle creek,flow,mean,202.64285714285714
36,2002,battle creek,11376550,USGS,battle creek,flow,min,125
37,2002,battle creek,11376550,USGS,battle creek,flow,max,334
37,2002,battle creek,11376550,USGS,battle creek,flow,mean,203.52380952380955
37,2002,battle creek,11376550,USGS,battle creek,flow,min,160
38,2002,battle creek,11376550,USGS,battle creek,flow,max,255
38,2002,battle creek,11376550,USGS,battle creek,flow,mean,208.7514880952381
38,2002,battle creek,11376550,USGS,battle creek,flow,min,163
39,2002,battle creek,11376550,USGS,battle creek,flow,max,262
39,2002,battle creek,11376550,USGS,battle creek,flow,mean,213.39285714285714
39,2002,battle creek,11376550,USGS,battle creek,flow,min,172
40,2002,battle creek,11376550,USGS,battle creek,flow,max,345
40,2002,battle creek,11376550,USGS,battle creek,flow,mean,215.02728696741855
40,2002,battle creek,11376550,USGS,battle creek,flow,min,179
41,2002,battle creek,11376550,USGS,battle creek,flow,max,233
41,2002,battle creek,11376550,USGS,battle creek,flow,mean,210.80803571428572
41,2002,battle creek,11376550,USGS,battle creek,flow,min,191
42,2002,battle creek,11376550,USGS,battle creek,flow,max,258
42,2002,battle creek,11376550,USGS,battle creek,flow,mean,219.27827380952382
42,2002,battle creek,11376550,USGS,battle creek,flow,min,172
43,2002,battle creek,11376550,USGS,battle creek,flow,max,252
43,2002,battle creek,11376550,USGS,battle creek,flow,mean,223.75297619047618
43,2002,battle creek,11376550,USGS,battle creek,flow,min,185
44,2002,battle creek,11376550,USGS,battle creek,flow,max,269
44,2002,battle creek,11376550,USGS,battle creek,flow,mean,218.32886904761907
44,2002,battle creek,11376550,USGS,battle creek,flow,min,160
45,2002,battle creek,11376550,USGS,battle creek,flow,max,557
45,2002,battle creek,11376550,USGS,battle creek,flow,mean,316.84226190476187
45,2002,battle creek,11376550,USGS,battle creek,flow,min,194
46,2002,battle creek,11376550,USGS,battle creek,flow,max,345
46,2002,battle creek,11376550,USGS,battle creek,flow,mean,260.9166666666667
46,2002,battle creek,11376550,USGS,battle creek,flow,min,175
47,2002,battle creek,11376550,USGS,battle creek,flow,max,269
47,2002,battle creek,11376550,USGS,battle creek,flow,mean,234.19047619047618
47,2002,battle creek,11376550,USGS,battle creek,flow,min,210
48,2002,battle creek,11376550,USGS,battle creek,flow,max,262
48,2002,battle creek,11376550,USGS,battle creek,flow,mean,232.80505952380955
48,2002,battle creek,11376550,USGS,battle creek,flow,min,207
49,2002,battle creek,11376550,USGS,battle creek,flow,max,283
49,2002,battle creek,11376550,USGS,battle creek,flow,mean,233.3363095238095
49,2002,battle creek,11376550,USGS,battle creek,flow,min,201
50,2002,battle creek,11376550,USGS,battle creek,flow,max,5220
50,2002,battle creek,11376550,USGS,battle creek,flow,mean,836.5163690476192
50,2002,battle creek,11376550,USGS,battle creek,flow,min,220
51,2002,battle creek,11376550,USGS,battle creek,flow,max,1570
51,2002,battle creek,11376550,USGS,battle creek,flow,mean,710.9062499999999
51,2002,battle creek,11376550,USGS,battle creek,flow,min,233
52,2002,battle creek,11376550,USGS,battle creek,flow,max,5840
52,2002,battle creek,11376550,USGS,battle creek,flow,mean,1164.4270833333335
52,2002,battle creek,11376550,USGS,battle creek,flow,min,315
53,2002,battle creek,11376550,USGS,battle creek,flow,max,962
53,2002,battle creek,11376550,USGS,battle creek,flow,mean,962
53,2002,battle creek,11376550,USGS,battle creek,flow,min,962
1,2003,battle creek,11376550,USGS,battle creek,flow,max,1420
1,2003,battle creek,11376550,USGS,battle creek,flow,mean,601.936011904762
1,2003,battle creek,11376550,USGS,battle creek,flow,min,428
2,2003,battle creek,11376550,USGS,battle creek,flow,max,5160
2,2003,battle creek,11376550,USGS,battle creek,flow,mean,1565.483630952381
2,2003,battle creek,11376550,USGS,battle creek,flow,min,395
3,2003,battle creek,11376550,USGS,battle creek,flow,max,3780
3,2003,battle creek,11376550,USGS,battle creek,flow,mean,918.5595238095237
3,2003,battle creek,11376550,USGS,battle creek,flow,min,593
4,2003,battle creek,11376550,USGS,battle creek,flow,max,3300
4,2003,battle creek,11376550,USGS,battle creek,flow,mean,1058.5119047619048
4,2003,battle creek,11376550,USGS,battle creek,flow,min,620
5,2003,battle creek,11376550,USGS,battle creek,flow,max,823
5,2003,battle creek,11376550,USGS,battle creek,flow,mean,674.6875
5,2003,battle creek,11376550,USGS,battle creek,flow,min,573
6,2003,battle creek,11376550,USGS,battle creek,flow,max,578
6,2003,battle creek,11376550,USGS,battle creek,flow,mean,513.7484639016897
6,2003,battle creek,11376550,USGS,battle creek,flow,min,467
7,2003,battle creek,11376550,USGS,battle creek,flow,max,3590
7,2003,battle creek,11376550,USGS,battle creek,flow,mean,745.5967261904763
7,2003,battle creek,11376550,USGS,battle creek,flow,min,458
8,2003,battle creek,11376550,USGS,battle creek,flow,max,756
8,2003,battle creek,11376550,USGS,battle creek,flow,mean,546.6443452380953
8,2003,battle creek,11376550,USGS,battle creek,flow,min,449
9,2003,battle creek,11376550,USGS,battle creek,flow,max,504
9,2003,battle creek,11376550,USGS,battle creek,flow,mean,436.98214285714283
9,2003,battle creek,11376550,USGS,battle creek,flow,min,399
10,2003,battle creek,11376550,USGS,battle creek,flow,max,424
10,2003,battle creek,11376550,USGS,battle creek,flow,mean,387.25595238095235
10,2003,battle creek,11376550,USGS,battle creek,flow,min,364
11,2003,battle creek,11376550,USGS,battle creek,flow,max,5930
11,2003,battle creek,11376550,USGS,battle creek,flow,mean,950.7633928571429
11,2003,battle creek,11376550,USGS,battle creek,flow,min,376
12,2003,battle creek,11376550,USGS,battle creek,flow,max,711
12,2003,battle creek,11376550,USGS,battle creek,flow,mean,590.5476190476192
12,2003,battle creek,11376550,USGS,battle creek,flow,min,518
13,2003,battle creek,11376550,USGS,battle creek,flow,max,4350
13,2003,battle creek,11376550,USGS,battle creek,flow,mean,1000.6001984126985
13,2003,battle creek,11376550,USGS,battle creek,flow,min,532
14,2003,battle creek,11376550,USGS,battle creek,flow,max,880
14,2003,battle creek,11376550,USGS,battle creek,flow,mean,713.8556547619047
14,2003,battle creek,11376550,USGS,battle creek,flow,min,588
15,2003,battle creek,11376550,USGS,battle creek,flow,max,1360
15,2003,battle creek,11376550,USGS,battle creek,flow,mean,764.3928571428571
15,2003,battle creek,11376550,USGS,battle creek,flow,min,604
16,2003,battle creek,11376550,USGS,battle creek,flow,max,722
16,2003,battle creek,11376550,USGS,battle creek,flow,mean,636.9925595238095
16,2003,battle creek,11376550,USGS,battle creek,flow,min,578
17,2003,battle creek,11376550,USGS,battle creek,flow,max,2580
17,2003,battle creek,11376550,USGS,battle creek,flow,mean,1029
17,2003,battle creek,11376550,USGS,battle creek,flow,min,562
18,2003,battle creek,11376550,USGS,battle creek,flow,max,2860
18,2003,battle creek,11376550,USGS,battle creek,flow,mean,1133.9710296352582
18,2003,battle creek,11376550,USGS,battle creek,flow,min,800
19,2003,battle creek,11376550,USGS,battle creek,flow,max,1140
19,2003,battle creek,11376550,USGS,battle creek,flow,mean,869.907738095238
19,2003,battle creek,11376550,USGS,battle creek,flow,min,756
20,2003,battle creek,11376550,USGS,battle creek,flow,max,892
20,2003,battle creek,11376550,USGS,battle creek,flow,mean,803.625
20,2003,battle creek,11376550,USGS,battle creek,flow,min,722
21,2003,battle creek,11376550,USGS,battle creek,flow,max,1000
21,2003,battle creek,11376550,USGS,battle creek,flow,mean,856.2113095238095
21,2003,battle creek,11376550,USGS,battle creek,flow,min,706
22,2003,battle creek,11376550,USGS,battle creek,flow,max,1210
22,2003,battle creek,11376550,USGS,battle creek,flow,mean,856.1919642857143
22,2003,battle creek,11376550,USGS,battle creek,flow,min,620
23,2003,battle creek,11376550,USGS,battle creek,flow,max,851
23,2003,battle creek,11376550,USGS,battle creek,flow,mean,746.625
23,2003,battle creek,11376550,USGS,battle creek,flow,min,662
24,2003,battle creek,11376550,USGS,battle creek,flow,max,717
24,2003,battle creek,11376550,USGS,battle creek,flow,mean,597.077380952381
24,2003,battle creek,11376550,USGS,battle creek,flow,min,518
25,2003,battle creek,11376550,USGS,battle creek,flow,max,598
25,2003,battle creek,11376550,USGS,battle creek,flow,mean,518.983630952381
25,2003,battle creek,11376550,USGS,battle creek,flow,min,463
26,2003,battle creek,11376550,USGS,battle creek,flow,max,537
26,2003,battle creek,11376550,USGS,battle creek,flow,mean,448.67410714285717
26,2003,battle creek,11376550,USGS,battle creek,flow,min,372
27,2003,battle creek,11376550,USGS,battle creek,flow,max,449
27,2003,battle creek,11376550,USGS,battle creek,flow,mean,405.76041666666663
27,2003,battle creek,11376550,USGS,battle creek,flow,min,376
28,2003,battle creek,11376550,USGS,battle creek,flow,max,424
28,2003,battle creek,11376550,USGS,battle creek,flow,mean,367.29190162907264
28,2003,battle creek,11376550,USGS,battle creek,flow,min,337
29,2003,battle creek,11376550,USGS,battle creek,flow,max,368
29,2003,battle creek,11376550,USGS,battle creek,flow,mean,340.73809523809524
29,2003,battle creek,11376550,USGS,battle creek,flow,min,304
30,2003,battle creek,11376550,USGS,battle creek,flow,max,345
30,2003,battle creek,11376550,USGS,battle creek,flow,mean,321.03273809523813
30,2003,battle creek,11376550,USGS,battle creek,flow,min,290
31,2003,battle creek,11376550,USGS,battle creek,flow,max,454
31,2003,battle creek,11376550,USGS,battle creek,flow,mean,304.7544642857143
31,2003,battle creek,11376550,USGS,battle creek,flow,min,283
32,2003,battle creek,11376550,USGS,battle creek,flow,max,297
32,2003,battle creek,11376550,USGS,battle creek,flow,mean,280.38541666666663
32,2003,battle creek,11376550,USGS,battle creek,flow,min,269
33,2003,battle creek,11376550,USGS,battle creek,flow,max,532
33,2003,battle creek,11376550,USGS,battle creek,flow,mean,267.8080357142857
33,2003,battle creek,11376550,USGS,battle creek,flow,min,172
34,2003,battle creek,11376550,USGS,battle creek,flow,max,297
34,2003,battle creek,11376550,USGS,battle creek,flow,mean,269.0357142857143
34,2003,battle creek,11376550,USGS,battle creek,flow,min,242
35,2003,battle creek,11376550,USGS,battle creek,flow,max,294
35,2003,battle creek,11376550,USGS,battle creek,flow,mean,259.92857142857144
35,2003,battle creek,11376550,USGS,battle creek,flow,min,236
36,2003,battle creek,11376550,USGS,battle creek,flow,max,279
36,2003,battle creek,11376550,USGS,battle creek,flow,mean,253.12053571428572
36,2003,battle creek,11376550,USGS,battle creek,flow,min,223
37,2003,battle creek,11376550,USGS,battle creek,flow,max,297
37,2003,battle creek,11376550,USGS,battle creek,flow,mean,262.4092261904762
37,2003,battle creek,11376550,USGS,battle creek,flow,min,236
38,2003,battle creek,11376550,USGS,battle creek,flow,max,279
38,2003,battle creek,11376550,USGS,battle creek,flow,mean,261.0982142857143
38,2003,battle creek,11376550,USGS,battle creek,flow,min,229
39,2003,battle creek,11376550,USGS,battle creek,flow,max,279
39,2003,battle creek,11376550,USGS,battle creek,flow,mean,255.13095238095235
39,2003,battle creek,11376550,USGS,battle creek,flow,min,217
40,2003,battle creek,11376550,USGS,battle creek,flow,max,304
40,2003,battle creek,11376550,USGS,battle creek,flow,mean,263.90178571428567
40,2003,battle creek,11376550,USGS,battle creek,flow,min,233
41,2003,battle creek,11376550,USGS,battle creek,flow,max,304
41,2003,battle creek,11376550,USGS,battle creek,flow,mean,262.88988095238096
41,2003,battle creek,11376550,USGS,battle creek,flow,min,210
42,2003,battle creek,11376550,USGS,battle creek,flow,max,286
42,2003,battle creek,11376550,USGS,battle creek,flow,mean,260.69940476190476
42,2003,battle creek,11376550,USGS,battle creek,flow,min,242
43,2003,battle creek,11376550,USGS,battle creek,flow,max,290
43,2003,battle creek,11376550,USGS,battle creek,flow,mean,262.985119047619
43,2003,battle creek,11376550,USGS,battle creek,flow,min,233
44,2003,battle creek,11376550,USGS,battle creek,flow,max,301
44,2003,battle creek,11376550,USGS,battle creek,flow,mean,258.1398809523809
44,2003,battle creek,11376550,USGS,battle creek,flow,min,233
45,2003,battle creek,11376550,USGS,battle creek,flow,max,376
45,2003,battle creek,11376550,USGS,battle creek,flow,mean,305
45,2003,battle creek,11376550,USGS,battle creek,flow,min,272
46,2003,battle creek,11376550,USGS,battle creek,flow,max,557
46,2003,battle creek,11376550,USGS,battle creek,flow,mean,307.847854010025
46,2003,battle creek,11376550,USGS,battle creek,flow,min,172
47,2003,battle creek,11376550,USGS,battle creek,flow,max,334
47,2003,battle creek,11376550,USGS,battle creek,flow,mean,286.4895833333333
47,2003,battle creek,11376550,USGS,battle creek,flow,min,182
48,2003,battle creek,11376550,USGS,battle creek,flow,max,441
48,2003,battle creek,11376550,USGS,battle creek,flow,mean,318.1205357142857
48,2003,battle creek,11376550,USGS,battle creek,flow,min,252
49,2003,battle creek,11376550,USGS,battle creek,flow,max,1160
49,2003,battle creek,11376550,USGS,battle creek,flow,mean,479.1398809523809
49,2003,battle creek,11376550,USGS,battle creek,flow,min,286
50,2003,battle creek,11376550,USGS,battle creek,flow,max,4080
50,2003,battle creek,11376550,USGS,battle creek,flow,mean,803.608630952381
50,2003,battle creek,11376550,USGS,battle creek,flow,min,368
51,2003,battle creek,11376550,USGS,battle creek,flow,max,620
51,2003,battle creek,11376550,USGS,battle creek,flow,mean,408.0372023809523
51,2003,battle creek,11376550,USGS,battle creek,flow,min,349
52,2003,battle creek,11376550,USGS,battle creek,flow,max,3410
52,2003,battle creek,11376550,USGS,battle creek,flow,mean,875.1369047619048
52,2003,battle creek,11376550,USGS,battle creek,flow,min,379
53,2003,battle creek,11376550,USGS,battle creek,flow,max,756
53,2003,battle creek,11376550,USGS,battle creek,flow,mean,629.6875
53,2003,battle creek,11376550,USGS,battle creek,flow,min,542
1,2004,battle creek,11376550,USGS,battle creek,flow,max,1420
1,2004,battle creek,11376550,USGS,battle creek,flow,mean,597.7693452380953
1,2004,battle creek,11376550,USGS,battle creek,flow,min,349
2,2004,battle creek,11376550,USGS,battle creek,flow,max,1620
2,2004,battle creek,11376550,USGS,battle creek,flow,mean,645.6800595238094
2,2004,battle creek,11376550,USGS,battle creek,flow,min,432
3,2004,battle creek,11376550,USGS,battle creek,flow,max,454
3,2004,battle creek,11376550,USGS,battle creek,flow,mean,407.92031641604007
3,2004,battle creek,11376550,USGS,battle creek,flow,min,376
4,2004,battle creek,11376550,USGS,battle creek,flow,max,1230
4,2004,battle creek,11376550,USGS,battle creek,flow,mean,435.74155701754387
4,2004,battle creek,11376550,USGS,battle creek,flow,min,233
5,2004,battle creek,11376550,USGS,battle creek,flow,max,3660
5,2004,battle creek,11376550,USGS,battle creek,flow,mean,774.123511904762
5,2004,battle creek,11376550,USGS,battle creek,flow,min,387
6,2004,battle creek,11376550,USGS,battle creek,flow,max,846
6,2004,battle creek,11376550,USGS,battle creek,flow,mean,510.83333333333337
6,2004,battle creek,11376550,USGS,battle creek,flow,min,415
7,2004,battle creek,11376550,USGS,battle creek,flow,max,5320
7,2004,battle creek,11376550,USGS,battle creek,flow,mean,1468.6200187969928
7,2004,battle creek,11376550,USGS,battle creek,flow,min,391
8,2004,battle creek,11376550,USGS,battle creek,flow,max,5270
8,2004,battle creek,11376550,USGS,battle creek,flow,mean,1366.767857142857
8,2004,battle creek,11376550,USGS,battle creek,flow,min,817
9,2004,battle creek,11376550,USGS,battle creek,flow,max,4050
9,2004,battle creek,11376550,USGS,battle creek,flow,mean,1189.672619047619
9,2004,battle creek,11376550,USGS,battle creek,flow,min,795
10,2004,battle creek,11376550,USGS,battle creek,flow,max,806
10,2004,battle creek,11376550,USGS,battle creek,flow,mean,706.6648425499233
10,2004,battle creek,11376550,USGS,battle creek,flow,min,652
11,2004,battle creek,11376550,USGS,battle creek,flow,max,750
11,2004,battle creek,11376550,USGS,battle creek,flow,mean,716.0633615288219
11,2004,battle creek,11376550,USGS,battle creek,flow,min,673
12,2004,battle creek,11376550,USGS,battle creek,flow,max,817
12,2004,battle creek,11376550,USGS,battle creek,flow,mean,761.5401785714286
12,2004,battle creek,11376550,USGS,battle creek,flow,min,700
13,2004,battle creek,11376550,USGS,battle creek,flow,max,800
13,2004,battle creek,11376550,USGS,battle creek,flow,mean,696.9092261904763
13,2004,battle creek,11376550,USGS,battle creek,flow,min,614
14,2004,battle creek,11376550,USGS,battle creek,flow,max,673
14,2004,battle creek,11376550,USGS,battle creek,flow,mean,607.0119047619048
14,2004,battle creek,11376550,USGS,battle creek,flow,min,567
15,2004,battle creek,11376550,USGS,battle creek,flow,max,630
15,2004,battle creek,11376550,USGS,battle creek,flow,mean,589.077380952381
15,2004,battle creek,11376550,USGS,battle creek,flow,min,562
16,2004,battle creek,11376550,USGS,battle creek,flow,max,620
16,2004,battle creek,11376550,USGS,battle creek,flow,mean,548.2782738095237
16,2004,battle creek,11376550,USGS,battle creek,flow,min,504
17,2004,battle creek,11376550,USGS,battle creek,flow,max,609
17,2004,battle creek,11376550,USGS,battle creek,flow,mean,512.9910714285714
17,2004,battle creek,11376550,USGS,battle creek,flow,min,467
18,2004,battle creek,11376550,USGS,battle creek,flow,max,641
18,2004,battle creek,11376550,USGS,battle creek,flow,mean,546.5714285714286
18,2004,battle creek,11376550,USGS,battle creek,flow,min,399
19,2004,battle creek,11376550,USGS,battle creek,flow,max,800
19,2004,battle creek,11376550,USGS,battle creek,flow,mean,563.6651785714286
19,2004,battle creek,11376550,USGS,battle creek,flow,min,395
20,2004,battle creek,11376550,USGS,battle creek,flow,max,578
20,2004,battle creek,11376550,USGS,battle creek,flow,mean,486.8511904761905
20,2004,battle creek,11376550,USGS,battle creek,flow,min,449
21,2004,battle creek,11376550,USGS,battle creek,flow,max,513
21,2004,battle creek,11376550,USGS,battle creek,flow,mean,459.98065476190476
21,2004,battle creek,11376550,USGS,battle creek,flow,min,424
22,2004,battle creek,11376550,USGS,battle creek,flow,max,557
22,2004,battle creek,11376550,USGS,battle creek,flow,mean,459.8601190476191
22,2004,battle creek,11376550,USGS,battle creek,flow,min,420
23,2004,battle creek,11376550,USGS,battle creek,flow,max,458
23,2004,battle creek,11376550,USGS,battle creek,flow,mean,429.5416666666666
23,2004,battle creek,11376550,USGS,battle creek,flow,min,403
24,2004,battle creek,11376550,USGS,battle creek,flow,max,690
24,2004,battle creek,11376550,USGS,battle creek,flow,mean,383.985119047619
24,2004,battle creek,11376550,USGS,battle creek,flow,min,249
25,2004,battle creek,11376550,USGS,battle creek,flow,max,657
25,2004,battle creek,11376550,USGS,battle creek,flow,mean,365.8296209273182
25,2004,battle creek,11376550,USGS,battle creek,flow,min,75
26,2004,battle creek,11376550,USGS,battle creek,flow,max,652
26,2004,battle creek,11376550,USGS,battle creek,flow,mean,340.78704407294833
26,2004,battle creek,11376550,USGS,battle creek,flow,min,80
27,2004,battle creek,11376550,USGS,battle creek,flow,max,368
27,2004,battle creek,11376550,USGS,battle creek,flow,mean,324.7425595238095
27,2004,battle creek,11376550,USGS,battle creek,flow,min,304
28,2004,battle creek,11376550,USGS,battle creek,flow,max,334
28,2004,battle creek,11376550,USGS,battle creek,flow,mean,303.610119047619
28,2004,battle creek,11376550,USGS,battle creek,flow,min,272
29,2004,battle creek,11376550,USGS,battle creek,flow,max,304
29,2004,battle creek,11376550,USGS,battle creek,flow,mean,269.9300595238095
29,2004,battle creek,11376550,USGS,battle creek,flow,min,172
30,2004,battle creek,11376550,USGS,battle creek,flow,max,304
30,2004,battle creek,11376550,USGS,battle creek,flow,mean,257.69791666666663
30,2004,battle creek,11376550,USGS,battle creek,flow,min,239
31,2004,battle creek,11376550,USGS,battle creek,flow,max,269
31,2004,battle creek,11376550,USGS,battle creek,flow,mean,243.3244047619048
31,2004,battle creek,11376550,USGS,battle creek,flow,min,185
32,2004,battle creek,11376550,USGS,battle creek,flow,max,258
32,2004,battle creek,11376550,USGS,battle creek,flow,mean,232.23363095238093
32,2004,battle creek,11376550,USGS,battle creek,flow,min,223
33,2004,battle creek,11376550,USGS,battle creek,flow,max,239
33,2004,battle creek,11376550,USGS,battle creek,flow,mean,226.20535714285714
33,2004,battle creek,11376550,USGS,battle creek,flow,min,188
34,2004,battle creek,11376550,USGS,battle creek,flow,max,233
34,2004,battle creek,11376550,USGS,battle creek,flow,mean,224.6011904761905
34,2004,battle creek,11376550,USGS,battle creek,flow,min,194
35,2004,battle creek,11376550,USGS,battle creek,flow,max,245
35,2004,battle creek,11376550,USGS,battle creek,flow,mean,228.06696428571428
35,2004,battle creek,11376550,USGS,battle creek,flow,min,191
36,2004,battle creek,11376550,USGS,battle creek,flow,max,372
36,2004,battle creek,11376550,USGS,battle creek,flow,mean,223.3675595238095
36,2004,battle creek,11376550,USGS,battle creek,flow,min,142
37,2004,battle creek,11376550,USGS,battle creek,flow,max,269
37,2004,battle creek,11376550,USGS,battle creek,flow,mean,226.52678571428572
37,2004,battle creek,11376550,USGS,battle creek,flow,min,191
38,2004,battle creek,11376550,USGS,battle creek,flow,max,269
38,2004,battle creek,11376550,USGS,battle creek,flow,mean,239.40476190476193
38,2004,battle creek,11376550,USGS,battle creek,flow,min,213
39,2004,battle creek,11376550,USGS,battle creek,flow,max,481
39,2004,battle creek,11376550,USGS,battle creek,flow,mean,241.4180900621118
39,2004,battle creek,11376550,USGS,battle creek,flow,min,83
40,2004,battle creek,11376550,USGS,battle creek,flow,max,406
40,2004,battle creek,11376550,USGS,battle creek,flow,mean,231.53422619047618
40,2004,battle creek,11376550,USGS,battle creek,flow,min,73
41,2004,battle creek,11376550,USGS,battle creek,flow,max,278
41,2004,battle creek,11376550,USGS,battle creek,flow,mean,233.4375
41,2004,battle creek,11376550,USGS,battle creek,flow,min,203
42,2004,battle creek,11376550,USGS,battle creek,flow,max,370
42,2004,battle creek,11376550,USGS,battle creek,flow,mean,248.19047619047618
42,2004,battle creek,11376550,USGS,battle creek,flow,min,209
43,2004,battle creek,11376550,USGS,battle creek,flow,max,673
43,2004,battle creek,11376550,USGS,battle creek,flow,mean,336.1607142857142
43,2004,battle creek,11376550,USGS,battle creek,flow,min,251
44,2004,battle creek,11376550,USGS,battle creek,flow,max,382
44,2004,battle creek,11376550,USGS,battle creek,flow,mean,302.35267857142856
44,2004,battle creek,11376550,USGS,battle creek,flow,min,251
45,2004,battle creek,11376550,USGS,battle creek,flow,max,348
45,2004,battle creek,11376550,USGS,battle creek,flow,mean,288.53273809523813
45,2004,battle creek,11376550,USGS,battle creek,flow,min,255
46,2004,battle creek,11376550,USGS,battle creek,flow,max,367
46,2004,battle creek,11376550,USGS,battle creek,flow,mean,286.88690476190476
46,2004,battle creek,11376550,USGS,battle creek,flow,min,206
47,2004,battle creek,11376550,USGS,battle creek,flow,max,303
47,2004,battle creek,11376550,USGS,battle creek,flow,mean,267.77083333333337
47,2004,battle creek,11376550,USGS,battle creek,flow,min,232
48,2004,battle creek,11376550,USGS,battle creek,flow,max,336
48,2004,battle creek,11376550,USGS,battle creek,flow,mean,279.2261904761904
48,2004,battle creek,11376550,USGS,battle creek,flow,min,255
49,2004,battle creek,11376550,USGS,battle creek,flow,max,820
49,2004,battle creek,11376550,USGS,battle creek,flow,mean,311.608630952381
49,2004,battle creek,11376550,USGS,battle creek,flow,min,248
50,2004,battle creek,11376550,USGS,battle creek,flow,max,692
50,2004,battle creek,11376550,USGS,battle creek,flow,mean,356.9806547619047
50,2004,battle creek,11376550,USGS,battle creek,flow,min,275
51,2004,battle creek,11376550,USGS,battle creek,flow,max,299
51,2004,battle creek,11376550,USGS,battle creek,flow,mean,273.75892857142856
51,2004,battle creek,11376550,USGS,battle creek,flow,min,251
52,2004,battle creek,11376550,USGS,battle creek,flow,max,2430
52,2004,battle creek,11376550,USGS,battle creek,flow,mean,606.9717261904763
52,2004,battle creek,11376550,USGS,battle creek,flow,min,242
53,2004,battle creek,11376550,USGS,battle creek,flow,max,1300
53,2004,battle creek,11376550,USGS,battle creek,flow,mean,674.0052083333334
53,2004,battle creek,11376550,USGS,battle creek,flow,min,390
1,2005,battle creek,11376550,USGS,battle creek,flow,max,1520
1,2005,battle creek,11376550,USGS,battle creek,flow,mean,441.0788690476191
1,2005,battle creek,11376550,USGS,battle creek,flow,min,336
2,2005,battle creek,11376550,USGS,battle creek,flow,max,1620
2,2005,battle creek,11376550,USGS,battle creek,flow,mean,504.30952380952385
2,2005,battle creek,11376550,USGS,battle creek,flow,min,325
3,2005,battle creek,11376550,USGS,battle creek,flow,max,410
3,2005,battle creek,11376550,USGS,battle creek,flow,mean,322.8720238095238
3,2005,battle creek,11376550,USGS,battle creek,flow,min,278
4,2005,battle creek,11376550,USGS,battle creek,flow,max,3060
4,2005,battle creek,11376550,USGS,battle creek,flow,mean,512.3392857142857
4,2005,battle creek,11376550,USGS,battle creek,flow,min,213
5,2005,battle creek,11376550,USGS,battle creek,flow,max,655
5,2005,battle creek,11376550,USGS,battle creek,flow,mean,391.03720238095235
5,2005,battle creek,11376550,USGS,battle creek,flow,min,282
6,2005,battle creek,11376550,USGS,battle creek,flow,max,351
6,2005,battle creek,11376550,USGS,battle creek,flow,mean,319.80357142857144
6,2005,battle creek,11376550,USGS,battle creek,flow,min,292
7,2005,battle creek,11376550,USGS,battle creek,flow,max,540
7,2005,battle creek,11376550,USGS,battle creek,flow,mean,372.1279761904762
7,2005,battle creek,11376550,USGS,battle creek,flow,min,171
8,2005,battle creek,11376550,USGS,battle creek,flow,max,1020
8,2005,battle creek,11376550,USGS,battle creek,flow,mean,463.4806547619047
8,2005,battle creek,11376550,USGS,battle creek,flow,min,307
9,2005,battle creek,11376550,USGS,battle creek,flow,max,993
9,2005,battle creek,11376550,USGS,battle creek,flow,mean,520.7619047619048
9,2005,battle creek,11376550,USGS,battle creek,flow,min,367
10,2005,battle creek,11376550,USGS,battle creek,flow,max,478
10,2005,battle creek,11376550,USGS,battle creek,flow,mean,429.8452380952381
10,2005,battle creek,11376550,USGS,battle creek,flow,min,402
11,2005,battle creek,11376550,USGS,battle creek,flow,max,482
11,2005,battle creek,11376550,USGS,battle creek,flow,mean,400.83035714285717
11,2005,battle creek,11376550,USGS,battle creek,flow,min,340
12,2005,battle creek,11376550,USGS,battle creek,flow,max,645
12,2005,battle creek,11376550,USGS,battle creek,flow,mean,480.84672619047615
12,2005,battle creek,11376550,USGS,battle creek,flow,min,359
13,2005,battle creek,11376550,USGS,battle creek,flow,max,939
13,2005,battle creek,11376550,USGS,battle creek,flow,mean,513.3735119047619
13,2005,battle creek,11376550,USGS,battle creek,flow,min,410
14,2005,battle creek,11376550,USGS,battle creek,flow,max,1140
14,2005,battle creek,11376550,USGS,battle creek,flow,mean,498.8154761904762
14,2005,battle creek,11376550,USGS,battle creek,flow,min,418
15,2005,battle creek,11376550,USGS,battle creek,flow,max,673
15,2005,battle creek,11376550,USGS,battle creek,flow,mean,507.6116071428572
15,2005,battle creek,11376550,USGS,battle creek,flow,min,146
16,2005,battle creek,11376550,USGS,battle creek,flow,max,482
16,2005,battle creek,11376550,USGS,battle creek,flow,mean,446.7261904761905
16,2005,battle creek,11376550,USGS,battle creek,flow,min,414
17,2005,battle creek,11376550,USGS,battle creek,flow,max,655
17,2005,battle creek,11376550,USGS,battle creek,flow,mean,468.453869047619
17,2005,battle creek,11376550,USGS,battle creek,flow,min,292
18,2005,battle creek,11376550,USGS,battle creek,flow,max,650
18,2005,battle creek,11376550,USGS,battle creek,flow,mean,494.8050595238095
18,2005,battle creek,11376550,USGS,battle creek,flow,min,434
19,2005,battle creek,11376550,USGS,battle creek,flow,max,3630
19,2005,battle creek,11376550,USGS,battle creek,flow,mean,964.6889880952382
19,2005,battle creek,11376550,USGS,battle creek,flow,min,532
20,2005,battle creek,11376550,USGS,battle creek,flow,max,3670
20,2005,battle creek,11376550,USGS,battle creek,flow,mean,1055.0758928571427
20,2005,battle creek,11376550,USGS,battle creek,flow,min,632
21,2005,battle creek,11376550,USGS,battle creek,flow,max,1090
21,2005,battle creek,11376550,USGS,battle creek,flow,mean,807.654761904762
21,2005,battle creek,11376550,USGS,battle creek,flow,min,673
22,2005,battle creek,11376550,USGS,battle creek,flow,max,796
22,2005,battle creek,11376550,USGS,battle creek,flow,mean,638.8065476190476
22,2005,battle creek,11376550,USGS,battle creek,flow,min,557
23,2005,battle creek,11376550,USGS,battle creek,flow,max,673
23,2005,battle creek,11376550,USGS,battle creek,flow,mean,545.0952380952382
23,2005,battle creek,11376550,USGS,battle creek,flow,min,474
24,2005,battle creek,11376550,USGS,battle creek,flow,max,583
24,2005,battle creek,11376550,USGS,battle creek,flow,mean,497.75892857142856
24,2005,battle creek,11376550,USGS,battle creek,flow,min,442
25,2005,battle creek,11376550,USGS,battle creek,flow,max,579
25,2005,battle creek,11376550,USGS,battle creek,flow,mean,441.6294642857143
25,2005,battle creek,11376550,USGS,battle creek,flow,min,378
26,2005,battle creek,11376550,USGS,battle creek,flow,max,434
26,2005,battle creek,11376550,USGS,battle creek,flow,mean,383.1398809523809
26,2005,battle creek,11376550,USGS,battle creek,flow,min,292
27,2005,battle creek,11376550,USGS,battle creek,flow,max,583
27,2005,battle creek,11376550,USGS,battle creek,flow,mean,363.98660714285717
27,2005,battle creek,11376550,USGS,battle creek,flow,min,268
28,2005,battle creek,11376550,USGS,battle creek,flow,max,588
28,2005,battle creek,11376550,USGS,battle creek,flow,mean,339.6830357142857
28,2005,battle creek,11376550,USGS,battle creek,flow,min,168
29,2005,battle creek,11376550,USGS,battle creek,flow,max,544
29,2005,battle creek,11376550,USGS,battle creek,flow,mean,311.6180977710233
29,2005,battle creek,11376550,USGS,battle creek,flow,min,68
30,2005,battle creek,11376550,USGS,battle creek,flow,max,348
30,2005,battle creek,11376550,USGS,battle creek,flow,mean,280.85714285714283
30,2005,battle creek,11376550,USGS,battle creek,flow,min,242
31,2005,battle creek,11376550,USGS,battle creek,flow,max,359
31,2005,battle creek,11376550,USGS,battle creek,flow,mean,254.18601190476187
31,2005,battle creek,11376550,USGS,battle creek,flow,min,96
32,2005,battle creek,11376550,USGS,battle creek,flow,max,248
32,2005,battle creek,11376550,USGS,battle creek,flow,mean,238.36160714285714
32,2005,battle creek,11376550,USGS,battle creek,flow,min,229
33,2005,battle creek,11376550,USGS,battle creek,flow,max,251
33,2005,battle creek,11376550,USGS,battle creek,flow,mean,239.00297619047618
33,2005,battle creek,11376550,USGS,battle creek,flow,min,229
34,2005,battle creek,11376550,USGS,battle creek,flow,max,268
34,2005,battle creek,11376550,USGS,battle creek,flow,mean,238.41666666666669
34,2005,battle creek,11376550,USGS,battle creek,flow,min,184
35,2005,battle creek,11376550,USGS,battle creek,flow,max,278
35,2005,battle creek,11376550,USGS,battle creek,flow,mean,237.60267857142858
35,2005,battle creek,11376550,USGS,battle creek,flow,min,213
36,2005,battle creek,11376550,USGS,battle creek,flow,max,511
36,2005,battle creek,11376550,USGS,battle creek,flow,mean,236.07886904761907
36,2005,battle creek,11376550,USGS,battle creek,flow,min,88
37,2005,battle creek,11376550,USGS,battle creek,flow,max,426
37,2005,battle creek,11376550,USGS,battle creek,flow,mean,264.6220238095238
37,2005,battle creek,11376550,USGS,battle creek,flow,min,71
38,2005,battle creek,11376550,USGS,battle creek,flow,max,307
38,2005,battle creek,11376550,USGS,battle creek,flow,mean,264.5565476190476
38,2005,battle creek,11376550,USGS,battle creek,flow,min,232
39,2005,battle creek,11376550,USGS,battle creek,flow,max,292
39,2005,battle creek,11376550,USGS,battle creek,flow,mean,256.6547619047619
39,2005,battle creek,11376550,USGS,battle creek,flow,min,225
40,2005,battle creek,11376550,USGS,battle creek,flow,max,285
40,2005,battle creek,11376550,USGS,battle creek,flow,mean,253.97916666666669
40,2005,battle creek,11376550,USGS,battle creek,flow,min,229
41,2005,battle creek,11376550,USGS,battle creek,flow,max,310
41,2005,battle creek,11376550,USGS,battle creek,flow,mean,244.81696428571428
41,2005,battle creek,11376550,USGS,battle creek,flow,min,200
42,2005,battle creek,11376550,USGS,battle creek,flow,max,296
42,2005,battle creek,11376550,USGS,battle creek,flow,mean,253.04761904761904
42,2005,battle creek,11376550,USGS,battle creek,flow,min,219
43,2005,battle creek,11376550,USGS,battle creek,flow,max,406
43,2005,battle creek,11376550,USGS,battle creek,flow,mean,249.72321428571428
43,2005,battle creek,11376550,USGS,battle creek,flow,min,134
44,2005,battle creek,11376550,USGS,battle creek,flow,max,318
44,2005,battle creek,11376550,USGS,battle creek,flow,mean,253.79761904761907
44,2005,battle creek,11376550,USGS,battle creek,flow,min,213
45,2005,battle creek,11376550,USGS,battle creek,flow,max,1820
45,2005,battle creek,11376550,USGS,battle creek,flow,mean,424.89434523809524
45,2005,battle creek,11376550,USGS,battle creek,flow,min,235
46,2005,battle creek,11376550,USGS,battle creek,flow,max,299
46,2005,battle creek,11376550,USGS,battle creek,flow,mean,257.04464285714283
46,2005,battle creek,11376550,USGS,battle creek,flow,min,168
47,2005,battle creek,11376550,USGS,battle creek,flow,max,303
47,2005,battle creek,11376550,USGS,battle creek,flow,mean,242.20386904761904
47,2005,battle creek,11376550,USGS,battle creek,flow,min,213
48,2005,battle creek,11376550,USGS,battle creek,flow,max,3270
48,2005,battle creek,11376550,USGS,battle creek,flow,mean,642.345238095238
48,2005,battle creek,11376550,USGS,battle creek,flow,min,232
49,2005,battle creek,11376550,USGS,battle creek,flow,max,960
49,2005,battle creek,11376550,USGS,battle creek,flow,mean,394.16964285714283
49,2005,battle creek,11376550,USGS,battle creek,flow,min,307
50,2005,battle creek,11376550,USGS,battle creek,flow,max,318
50,2005,battle creek,11376550,USGS,battle creek,flow,mean,296.4836309523809
50,2005,battle creek,11376550,USGS,battle creek,flow,min,278
51,2005,battle creek,11376550,USGS,battle creek,flow,max,3920
51,2005,battle creek,11376550,USGS,battle creek,flow,mean,1331.0252976190477
51,2005,battle creek,11376550,USGS,battle creek,flow,min,271
52,2005,battle creek,11376550,USGS,battle creek,flow,max,9610
52,2005,battle creek,11376550,USGS,battle creek,flow,mean,2063.122023809524
52,2005,battle creek,11376550,USGS,battle creek,flow,min,762
53,2005,battle creek,11376550,USGS,battle creek,flow,max,1700
53,2005,battle creek,11376550,USGS,battle creek,flow,mean,1700
53,2005,battle creek,11376550,USGS,battle creek,flow,min,1700
1,2006,battle creek,11376550,USGS,battle creek,flow,max,4990
1,2006,battle creek,11376550,USGS,battle creek,flow,mean,1699.1949404761904
1,2006,battle creek,11376550,USGS,battle creek,flow,min,929
2,2006,battle creek,11376550,USGS,battle creek,flow,max,4670
2,2006,battle creek,11376550,USGS,battle creek,flow,mean,1107.7916666666667
2,2006,battle creek,11376550,USGS,battle creek,flow,min,772
3,2006,battle creek,11376550,USGS,battle creek,flow,max,3900
3,2006,battle creek,11376550,USGS,battle creek,flow,mean,1198.8214285714287
3,2006,battle creek,11376550,USGS,battle creek,flow,min,861
4,2006,battle creek,11376550,USGS,battle creek,flow,max,871
4,2006,battle creek,11376550,USGS,battle creek,flow,mean,753.5104166666667
4,2006,battle creek,11376550,USGS,battle creek,flow,min,627
5,2006,battle creek,11376550,USGS,battle creek,flow,max,2790
5,2006,battle creek,11376550,USGS,battle creek,flow,mean,1345.5386904761906
5,2006,battle creek,11376550,USGS,battle creek,flow,min,739
6,2006,battle creek,11376550,USGS,battle creek,flow,max,2260
6,2006,battle creek,11376550,USGS,battle creek,flow,mean,1021.9240444862155
6,2006,battle creek,11376550,USGS,battle creek,flow,min,772
7,2006,battle creek,11376550,USGS,battle creek,flow,max,781
7,2006,battle creek,11376550,USGS,battle creek,flow,mean,706.8854166666666
7,2006,battle creek,11376550,USGS,battle creek,flow,min,627
8,2006,battle creek,11376550,USGS,battle creek,flow,max,715
8,2006,battle creek,11376550,USGS,battle creek,flow,mean,618.2752976190477
8,2006,battle creek,11376550,USGS,battle creek,flow,min,544
9,2006,battle creek,11376550,USGS,battle creek,flow,max,7470
9,2006,battle creek,11376550,USGS,battle creek,flow,mean,1605.861607142857
9,2006,battle creek,11376550,USGS,battle creek,flow,min,566
10,2006,battle creek,11376550,USGS,battle creek,flow,max,7650
10,2006,battle creek,11376550,USGS,battle creek,flow,mean,1609.2276785714282
10,2006,battle creek,11376550,USGS,battle creek,flow,min,923
11,2006,battle creek,11376550,USGS,battle creek,flow,max,1390
11,2006,battle creek,11376550,USGS,battle creek,flow,mean,987.5135025062656
11,2006,battle creek,11376550,USGS,battle creek,flow,min,840
12,2006,battle creek,11376550,USGS,battle creek,flow,max,1840
12,2006,battle creek,11376550,USGS,battle creek,flow,mean,856.0238095238095
12,2006,battle creek,11376550,USGS,battle creek,flow,min,692
13,2006,battle creek,11376550,USGS,battle creek,flow,max,2820
13,2006,battle creek,11376550,USGS,battle creek,flow,mean,1331.4880952380952
13,2006,battle creek,11376550,USGS,battle creek,flow,min,1050
14,2006,battle creek,11376550,USGS,battle creek,flow,max,7430
14,2006,battle creek,11376550,USGS,battle creek,flow,mean,2158.2738095238096
14,2006,battle creek,11376550,USGS,battle creek,flow,min,1120
15,2006,battle creek,11376550,USGS,battle creek,flow,max,3360
15,2006,battle creek,11376550,USGS,battle creek,flow,mean,1599.8214285714287
15,2006,battle creek,11376550,USGS,battle creek,flow,min,1270
16,2006,battle creek,11376550,USGS,battle creek,flow,max,5700
16,2006,battle creek,11376550,USGS,battle creek,flow,mean,1813.9732142857142
16,2006,battle creek,11376550,USGS,battle creek,flow,min,1270
17,2006,battle creek,11376550,USGS,battle creek,flow,max,1510
17,2006,battle creek,11376550,USGS,battle creek,flow,mean,1281.8261054421769
17,2006,battle creek,11376550,USGS,battle creek,flow,min,1160
18,2006,battle creek,11376550,USGS,battle creek,flow,max,1610
18,2006,battle creek,11376550,USGS,battle creek,flow,mean,1372.217261904762
18,2006,battle creek,11376550,USGS,battle creek,flow,min,1200
19,2006,battle creek,11376550,USGS,battle creek,flow,max,1320
19,2006,battle creek,11376550,USGS,battle creek,flow,mean,1193.3184523809523
19,2006,battle creek,11376550,USGS,battle creek,flow,min,1040
20,2006,battle creek,11376550,USGS,battle creek,flow,max,1450
20,2006,battle creek,11376550,USGS,battle creek,flow,mean,1292.9141604010024
20,2006,battle creek,11376550,USGS,battle creek,flow,min,1130
21,2006,battle creek,11376550,USGS,battle creek,flow,max,1330
21,2006,battle creek,11376550,USGS,battle creek,flow,mean,1096.7927631578946
21,2006,battle creek,11376550,USGS,battle creek,flow,min,908
22,2006,battle creek,11376550,USGS,battle creek,flow,max,939
22,2006,battle creek,11376550,USGS,battle creek,flow,mean,814.0505952380952
22,2006,battle creek,11376550,USGS,battle creek,flow,min,753
23,2006,battle creek,11376550,USGS,battle creek,flow,max,871
23,2006,battle creek,11376550,USGS,battle creek,flow,mean,797.2499060150376
23,2006,battle creek,11376550,USGS,battle creek,flow,min,715
24,2006,battle creek,11376550,USGS,battle creek,flow,max,810
24,2006,battle creek,11376550,USGS,battle creek,flow,mean,695.7438283208021
24,2006,battle creek,11376550,USGS,battle creek,flow,min,601
25,2006,battle creek,11376550,USGS,battle creek,flow,max,673
25,2006,battle creek,11376550,USGS,battle creek,flow,mean,621.873480576441
25,2006,battle creek,11376550,USGS,battle creek,flow,min,566
26,2006,battle creek,11376550,USGS,battle creek,flow,max,618
26,2006,battle creek,11376550,USGS,battle creek,flow,mean,576.6622023809524
26,2006,battle creek,11376550,USGS,battle creek,flow,min,532
27,2006,battle creek,11376550,USGS,battle creek,flow,max,544
27,2006,battle creek,11376550,USGS,battle creek,flow,mean,501.0079887218045
27,2006,battle creek,11376550,USGS,battle creek,flow,min,462
28,2006,battle creek,11376550,USGS,battle creek,flow,max,478
28,2006,battle creek,11376550,USGS,battle creek,flow,mean,456.8988095238095
28,2006,battle creek,11376550,USGS,battle creek,flow,min,430
29,2006,battle creek,11376550,USGS,battle creek,flow,max,490
29,2006,battle creek,11376550,USGS,battle creek,flow,mean,428.1651785714285
29,2006,battle creek,11376550,USGS,battle creek,flow,min,344
30,2006,battle creek,11376550,USGS,battle creek,flow,max,446
30,2006,battle creek,11376550,USGS,battle creek,flow,mean,403.5833333333333
30,2006,battle creek,11376550,USGS,battle creek,flow,min,370
31,2006,battle creek,11376550,USGS,battle creek,flow,max,406
31,2006,battle creek,11376550,USGS,battle creek,flow,mean,369.399686716792
31,2006,battle creek,11376550,USGS,battle creek,flow,min,348
32,2006,battle creek,11376550,USGS,battle creek,flow,max,378
32,2006,battle creek,11376550,USGS,battle creek,flow,mean,347.2915100250626
32,2006,battle creek,11376550,USGS,battle creek,flow,min,307
33,2006,battle creek,11376550,USGS,battle creek,flow,max,363
33,2006,battle creek,11376550,USGS,battle creek,flow,mean,325.80654761904765
33,2006,battle creek,11376550,USGS,battle creek,flow,min,261
34,2006,battle creek,11376550,USGS,battle creek,flow,max,507
34,2006,battle creek,11376550,USGS,battle creek,flow,mean,317.0234335839599
34,2006,battle creek,11376550,USGS,battle creek,flow,min,190
35,2006,battle creek,11376550,USGS,battle creek,flow,max,499
35,2006,battle creek,11376550,USGS,battle creek,flow,mean,314.38392857142856
35,2006,battle creek,11376550,USGS,battle creek,flow,min,278
36,2006,battle creek,11376550,USGS,battle creek,flow,max,462
36,2006,battle creek,11376550,USGS,battle creek,flow,mean,311.68452380952385
36,2006,battle creek,11376550,USGS,battle creek,flow,min,255
37,2006,battle creek,11376550,USGS,battle creek,flow,max,434
37,2006,battle creek,11376550,USGS,battle creek,flow,mean,308.5431547619047
37,2006,battle creek,11376550,USGS,battle creek,flow,min,271
38,2006,battle creek,11376550,USGS,battle creek,flow,max,434
38,2006,battle creek,11376550,USGS,battle creek,flow,mean,315.5386904761905
38,2006,battle creek,11376550,USGS,battle creek,flow,min,232
39,2006,battle creek,11376550,USGS,battle creek,flow,max,466
39,2006,battle creek,11376550,USGS,battle creek,flow,mean,323.3276472431077
39,2006,battle creek,11376550,USGS,battle creek,flow,min,278
40,2006,battle creek,11376550,USGS,battle creek,flow,max,531
40,2006,battle creek,11376550,USGS,battle creek,flow,mean,344.66190476190474
40,2006,battle creek,11376550,USGS,battle creek,flow,min,259
41,2006,battle creek,11376550,USGS,battle creek,flow,max,423
41,2006,battle creek,11376550,USGS,battle creek,flow,mean,339.3344298245614
41,2006,battle creek,11376550,USGS,battle creek,flow,min,287
42,2006,battle creek,11376550,USGS,battle creek,flow,max,423
42,2006,battle creek,11376550,USGS,battle creek,flow,mean,338.5863095238096
42,2006,battle creek,11376550,USGS,battle creek,flow,min,280
43,2006,battle creek,11376550,USGS,battle creek,flow,max,440
43,2006,battle creek,11376550,USGS,battle creek,flow,mean,334.96875
43,2006,battle creek,11376550,USGS,battle creek,flow,min,295
44,2006,battle creek,11376550,USGS,battle creek,flow,max,595
44,2006,battle creek,11376550,USGS,battle creek,flow,mean,352.0238095238095
44,2006,battle creek,11376550,USGS,battle creek,flow,min,155
45,2006,battle creek,11376550,USGS,battle creek,flow,max,514
45,2006,battle creek,11376550,USGS,battle creek,flow,mean,352.8002469604863
45,2006,battle creek,11376550,USGS,battle creek,flow,min,95
46,2006,battle creek,11376550,USGS,battle creek,flow,max,561
46,2006,battle creek,11376550,USGS,battle creek,flow,mean,402.3050595238095
46,2006,battle creek,11376550,USGS,battle creek,flow,min,110
47,2006,battle creek,11376550,USGS,battle creek,flow,max,621
47,2006,battle creek,11376550,USGS,battle creek,flow,mean,366.70982142857144
47,2006,battle creek,11376550,USGS,battle creek,flow,min,107
48,2006,battle creek,11376550,USGS,battle creek,flow,max,535
48,2006,battle creek,11376550,USGS,battle creek,flow,mean,389.98660714285717
48,2006,battle creek,11376550,USGS,battle creek,flow,min,313
49,2006,battle creek,11376550,USGS,battle creek,flow,max,395
49,2006,battle creek,11376550,USGS,battle creek,flow,mean,355.26934523809524
49,2006,battle creek,11376550,USGS,battle creek,flow,min,302
50,2006,battle creek,11376550,USGS,battle creek,flow,max,2020
50,2006,battle creek,11376550,USGS,battle creek,flow,mean,756.8571428571429
50,2006,battle creek,11376550,USGS,battle creek,flow,min,165
51,2006,battle creek,11376550,USGS,battle creek,flow,max,678
51,2006,battle creek,11376550,USGS,battle creek,flow,mean,437.91666666666663
51,2006,battle creek,11376550,USGS,battle creek,flow,min,316
52,2006,battle creek,11376550,USGS,battle creek,flow,max,2600
52,2006,battle creek,11376550,USGS,battle creek,flow,mean,606.9077380952382
52,2006,battle creek,11376550,USGS,battle creek,flow,min,391
53,2006,battle creek,11376550,USGS,battle creek,flow,max,435
53,2006,battle creek,11376550,USGS,battle creek,flow,mean,421.9166666666667
53,2006,battle creek,11376550,USGS,battle creek,flow,min,411
1,2007,battle creek,11376550,USGS,battle creek,flow,max,673
1,2007,battle creek,11376550,USGS,battle creek,flow,mean,449.02232142857144
1,2007,battle creek,11376550,USGS,battle creek,flow,min,379
2,2007,battle creek,11376550,USGS,battle creek,flow,max,477
2,2007,battle creek,11376550,USGS,battle creek,flow,mean,394.2425595238096
2,2007,battle creek,11376550,USGS,battle creek,flow,min,216
3,2007,battle creek,11376550,USGS,battle creek,flow,max,387
3,2007,battle creek,11376550,USGS,battle creek,flow,mean,370.98809523809524
3,2007,battle creek,11376550,USGS,battle creek,flow,min,351
4,2007,battle creek,11376550,USGS,battle creek,flow,max,395
4,2007,battle creek,11376550,USGS,battle creek,flow,mean,362.17410714285717
4,2007,battle creek,11376550,USGS,battle creek,flow,min,209
5,2007,battle creek,11376550,USGS,battle creek,flow,max,411
5,2007,battle creek,11376550,USGS,battle creek,flow,mean,343.2038690476191
5,2007,battle creek,11376550,USGS,battle creek,flow,min,302
6,2007,battle creek,11376550,USGS,battle creek,flow,max,4830
6,2007,battle creek,11376550,USGS,battle creek,flow,mean,913.3020833333333
6,2007,battle creek,11376550,USGS,battle creek,flow,min,316
7,2007,battle creek,11376550,USGS,battle creek,flow,max,1520
7,2007,battle creek,11376550,USGS,battle creek,flow,mean,614.4360119047618
7,2007,battle creek,11376550,USGS,battle creek,flow,min,444
8,2007,battle creek,11376550,USGS,battle creek,flow,max,1590
8,2007,battle creek,11376550,USGS,battle creek,flow,mean,576.1681547619048
8,2007,battle creek,11376550,USGS,battle creek,flow,min,403
9,2007,battle creek,11376550,USGS,battle creek,flow,max,625
9,2007,battle creek,11376550,USGS,battle creek,flow,mean,531.8452380952381
9,2007,battle creek,11376550,USGS,battle creek,flow,min,460
10,2007,battle creek,11376550,USGS,battle creek,flow,max,497
10,2007,battle creek,11376550,USGS,battle creek,flow,mean,467.7455357142858
10,2007,battle creek,11376550,USGS,battle creek,flow,min,448
11,2007,battle creek,11376550,USGS,battle creek,flow,max,544
11,2007,battle creek,11376550,USGS,battle creek,flow,mean,504.6294642857142
11,2007,battle creek,11376550,USGS,battle creek,flow,min,456
12,2007,battle creek,11376550,USGS,battle creek,flow,max,591
12,2007,battle creek,11376550,USGS,battle creek,flow,mean,495.93303571428567
12,2007,battle creek,11376550,USGS,battle creek,flow,min,444
13,2007,battle creek,11376550,USGS,battle creek,flow,max,673
13,2007,battle creek,11376550,USGS,battle creek,flow,mean,467.6413690476191
13,2007,battle creek,11376550,USGS,battle creek,flow,min,415
14,2007,battle creek,11376550,USGS,battle creek,flow,max,485
14,2007,battle creek,11376550,USGS,battle creek,flow,mean,425.12351190476187
14,2007,battle creek,11376550,USGS,battle creek,flow,min,324
15,2007,battle creek,11376550,USGS,battle creek,flow,max,477
15,2007,battle creek,11376550,USGS,battle creek,flow,mean,418.82142857142856
15,2007,battle creek,11376550,USGS,battle creek,flow,min,383
16,2007,battle creek,11376550,USGS,battle creek,flow,max,514
16,2007,battle creek,11376550,USGS,battle creek,flow,mean,394.7767857142857
16,2007,battle creek,11376550,USGS,battle creek,flow,min,359
17,2007,battle creek,11376550,USGS,battle creek,flow,max,506
17,2007,battle creek,11376550,USGS,battle creek,flow,mean,416.12648809523813
17,2007,battle creek,11376550,USGS,battle creek,flow,min,367
18,2007,battle creek,11376550,USGS,battle creek,flow,max,493
18,2007,battle creek,11376550,USGS,battle creek,flow,mean,415.45794172932335
18,2007,battle creek,11376550,USGS,battle creek,flow,min,351
19,2007,battle creek,11376550,USGS,battle creek,flow,max,506
19,2007,battle creek,11376550,USGS,battle creek,flow,mean,383.0282738095238
19,2007,battle creek,11376550,USGS,battle creek,flow,min,339
20,2007,battle creek,11376550,USGS,battle creek,flow,max,387
20,2007,battle creek,11376550,USGS,battle creek,flow,mean,356.98958333333337
20,2007,battle creek,11376550,USGS,battle creek,flow,min,309
21,2007,battle creek,11376550,USGS,battle creek,flow,max,379
21,2007,battle creek,11376550,USGS,battle creek,flow,mean,333.45833333333337
21,2007,battle creek,11376550,USGS,battle creek,flow,min,262
22,2007,battle creek,11376550,USGS,battle creek,flow,max,367
22,2007,battle creek,11376550,USGS,battle creek,flow,mean,324.43154761904765
22,2007,battle creek,11376550,USGS,battle creek,flow,min,277
23,2007,battle creek,11376550,USGS,battle creek,flow,max,493
23,2007,battle creek,11376550,USGS,battle creek,flow,mean,327.6413690476191
23,2007,battle creek,11376550,USGS,battle creek,flow,min,277
24,2007,battle creek,11376550,USGS,battle creek,flow,max,367
24,2007,battle creek,11376550,USGS,battle creek,flow,mean,293.99107142857144
24,2007,battle creek,11376550,USGS,battle creek,flow,min,259
25,2007,battle creek,11376550,USGS,battle creek,flow,max,472
25,2007,battle creek,11376550,USGS,battle creek,flow,mean,278.32589285714283
25,2007,battle creek,11376550,USGS,battle creek,flow,min,68
26,2007,battle creek,11376550,USGS,battle creek,flow,max,415
26,2007,battle creek,11376550,USGS,battle creek,flow,mean,263.9895833333333
26,2007,battle creek,11376550,USGS,battle creek,flow,min,203
27,2007,battle creek,11376550,USGS,battle creek,flow,max,302
27,2007,battle creek,11376550,USGS,battle creek,flow,mean,250.483630952381
27,2007,battle creek,11376550,USGS,battle creek,flow,min,216
28,2007,battle creek,11376550,USGS,battle creek,flow,max,395
28,2007,battle creek,11376550,USGS,battle creek,flow,mean,243.30357142857142
28,2007,battle creek,11376550,USGS,battle creek,flow,min,182
29,2007,battle creek,11376550,USGS,battle creek,flow,max,309
29,2007,battle creek,11376550,USGS,battle creek,flow,mean,248.33482142857142
29,2007,battle creek,11376550,USGS,battle creek,flow,min,216
30,2007,battle creek,11376550,USGS,battle creek,flow,max,328
30,2007,battle creek,11376550,USGS,battle creek,flow,mean,230.91220238095238
30,2007,battle creek,11376550,USGS,battle creek,flow,min,175
31,2007,battle creek,11376550,USGS,battle creek,flow,max,415
31,2007,battle creek,11376550,USGS,battle creek,flow,mean,214.04464285714286
31,2007,battle creek,11376550,USGS,battle creek,flow,min,120
32,2007,battle creek,11376550,USGS,battle creek,flow,max,347
32,2007,battle creek,11376550,USGS,battle creek,flow,mean,216.02083333333334
32,2007,battle creek,11376550,USGS,battle creek,flow,min,175
33,2007,battle creek,11376550,USGS,battle creek,flow,max,309
33,2007,battle creek,11376550,USGS,battle creek,flow,mean,214.952380952381
33,2007,battle creek,11376550,USGS,battle creek,flow,min,126
34,2007,battle creek,11376550,USGS,battle creek,flow,max,227
34,2007,battle creek,11376550,USGS,battle creek,flow,mean,210.58482142857142
34,2007,battle creek,11376550,USGS,battle creek,flow,min,179
35,2007,battle creek,11376550,USGS,battle creek,flow,max,223
35,2007,battle creek,11376550,USGS,battle creek,flow,mean,207.51636904761904
35,2007,battle creek,11376550,USGS,battle creek,flow,min,196
36,2007,battle creek,11376550,USGS,battle creek,flow,max,280
36,2007,battle creek,11376550,USGS,battle creek,flow,mean,205.34970238095238
36,2007,battle creek,11376550,USGS,battle creek,flow,min,129
37,2007,battle creek,11376550,USGS,battle creek,flow,max,419
37,2007,battle creek,11376550,USGS,battle creek,flow,mean,205.94494047619045
37,2007,battle creek,11376550,USGS,battle creek,flow,min,30
38,2007,battle creek,11376550,USGS,battle creek,flow,max,280
38,2007,battle creek,11376550,USGS,battle creek,flow,mean,218.30505952380955
38,2007,battle creek,11376550,USGS,battle creek,flow,min,179
39,2007,battle creek,11376550,USGS,battle creek,flow,max,481
39,2007,battle creek,11376550,USGS,battle creek,flow,mean,240.26488095238096
39,2007,battle creek,11376550,USGS,battle creek,flow,min,53
40,2007,battle creek,11376550,USGS,battle creek,flow,max,287
40,2007,battle creek,11376550,USGS,battle creek,flow,mean,248.20684523809524
40,2007,battle creek,11376550,USGS,battle creek,flow,min,213
41,2007,battle creek,11376550,USGS,battle creek,flow,max,302
41,2007,battle creek,11376550,USGS,battle creek,flow,mean,258.86160714285717
41,2007,battle creek,11376550,USGS,battle creek,flow,min,223
42,2007,battle creek,11376550,USGS,battle creek,flow,max,638
42,2007,battle creek,11376550,USGS,battle creek,flow,mean,287.43601190476187
42,2007,battle creek,11376550,USGS,battle creek,flow,min,227
43,2007,battle creek,11376550,USGS,battle creek,flow,max,431
43,2007,battle creek,11376550,USGS,battle creek,flow,mean,262.4092261904762
43,2007,battle creek,11376550,USGS,battle creek,flow,min,227
44,2007,battle creek,11376550,USGS,battle creek,flow,max,302
44,2007,battle creek,11376550,USGS,battle creek,flow,mean,265.33333333333337
44,2007,battle creek,11376550,USGS,battle creek,flow,min,234
45,2007,battle creek,11376550,USGS,battle creek,flow,max,399
45,2007,battle creek,11376550,USGS,battle creek,flow,mean,247.99553571428572
45,2007,battle creek,11376550,USGS,battle creek,flow,min,162
46,2007,battle creek,11376550,USGS,battle creek,flow,max,287
46,2007,battle creek,11376550,USGS,battle creek,flow,mean,252.4464285714286
46,2007,battle creek,11376550,USGS,battle creek,flow,min,213
47,2007,battle creek,11376550,USGS,battle creek,flow,max,309
47,2007,battle creek,11376550,USGS,battle creek,flow,mean,269.67113095238096
47,2007,battle creek,11376550,USGS,battle creek,flow,min,227
48,2007,battle creek,11376550,USGS,battle creek,flow,max,291
48,2007,battle creek,11376550,USGS,battle creek,flow,mean,245.10396303258145
48,2007,battle creek,11376550,USGS,battle creek,flow,min,203
49,2007,battle creek,11376550,USGS,battle creek,flow,max,586
49,2007,battle creek,11376550,USGS,battle creek,flow,mean,332.6458333333333
49,2007,battle creek,11376550,USGS,battle creek,flow,min,216
50,2007,battle creek,11376550,USGS,battle creek,flow,max,305
50,2007,battle creek,11376550,USGS,battle creek,flow,mean,256.3601190476191
50,2007,battle creek,11376550,USGS,battle creek,flow,min,220
51,2007,battle creek,11376550,USGS,battle creek,flow,max,510
51,2007,battle creek,11376550,USGS,battle creek,flow,mean,294.14434523809524
51,2007,battle creek,11376550,USGS,battle creek,flow,min,230
52,2007,battle creek,11376550,USGS,battle creek,flow,max,375
52,2007,battle creek,11376550,USGS,battle creek,flow,mean,272.3050595238095
52,2007,battle creek,11376550,USGS,battle creek,flow,min,227
53,2007,battle creek,11376550,USGS,battle creek,flow,max,305
53,2007,battle creek,11376550,USGS,battle creek,flow,mean,278.6041666666667
53,2007,battle creek,11376550,USGS,battle creek,flow,min,252
1,2008,battle creek,11376550,USGS,battle creek,flow,max,3190
1,2008,battle creek,11376550,USGS,battle creek,flow,mean,550.3958333333334
1,2008,battle creek,11376550,USGS,battle creek,flow,min,155
2,2008,battle creek,11376550,USGS,battle creek,flow,max,651
2,2008,battle creek,11376550,USGS,battle creek,flow,mean,459.80208333333337
2,2008,battle creek,11376550,USGS,battle creek,flow,min,339
3,2008,battle creek,11376550,USGS,battle creek,flow,max,709
3,2008,battle creek,11376550,USGS,battle creek,flow,mean,313.09375
3,2008,battle creek,11376550,USGS,battle creek,flow,min,269
4,2008,battle creek,11376550,USGS,battle creek,flow,max,1790
4,2008,battle creek,11376550,USGS,battle creek,flow,mean,664.8095238095237
4,2008,battle creek,11376550,USGS,battle creek,flow,min,313
5,2008,battle creek,11376550,USGS,battle creek,flow,max,709
5,2008,battle creek,11376550,USGS,battle creek,flow,mean,521.9657738095237
5,2008,battle creek,11376550,USGS,battle creek,flow,min,423
6,2008,battle creek,11376550,USGS,battle creek,flow,max,427
6,2008,battle creek,11376550,USGS,battle creek,flow,mean,357.45833333333337
6,2008,battle creek,11376550,USGS,battle creek,flow,min,309
7,2008,battle creek,11376550,USGS,battle creek,flow,max,343
7,2008,battle creek,11376550,USGS,battle creek,flow,mean,321.578018707483
7,2008,battle creek,11376550,USGS,battle creek,flow,min,291
8,2008,battle creek,11376550,USGS,battle creek,flow,max,1450
8,2008,battle creek,11376550,USGS,battle creek,flow,mean,497.00892857142856
8,2008,battle creek,11376550,USGS,battle creek,flow,min,298
9,2008,battle creek,11376550,USGS,battle creek,flow,max,565
9,2008,battle creek,11376550,USGS,battle creek,flow,mean,431.2291666666666
9,2008,battle creek,11376550,USGS,battle creek,flow,min,387
10,2008,battle creek,11376550,USGS,battle creek,flow,max,460
10,2008,battle creek,11376550,USGS,battle creek,flow,mean,371.68146929824564
10,2008,battle creek,11376550,USGS,battle creek,flow,min,332
11,2008,battle creek,11376550,USGS,battle creek,flow,max,472
11,2008,battle creek,11376550,USGS,battle creek,flow,mean,399.8705357142857
11,2008,battle creek,11376550,USGS,battle creek,flow,min,343
12,2008,battle creek,11376550,USGS,battle creek,flow,max,456
12,2008,battle creek,11376550,USGS,battle creek,flow,mean,400.41517857142856
12,2008,battle creek,11376550,USGS,battle creek,flow,min,367
13,2008,battle creek,11376550,USGS,battle creek,flow,max,456
13,2008,battle creek,11376550,USGS,battle creek,flow,mean,399.9002976190476
13,2008,battle creek,11376550,USGS,battle creek,flow,min,355
14,2008,battle creek,11376550,USGS,battle creek,flow,max,427
14,2008,battle creek,11376550,USGS,battle creek,flow,mean,376.3452380952381
14,2008,battle creek,11376550,USGS,battle creek,flow,min,343
15,2008,battle creek,11376550,USGS,battle creek,flow,max,485
15,2008,battle creek,11376550,USGS,battle creek,flow,mean,389.4642857142857
15,2008,battle creek,11376550,USGS,battle creek,flow,min,339
16,2008,battle creek,11376550,USGS,battle creek,flow,max,489
16,2008,battle creek,11376550,USGS,battle creek,flow,mean,431.10565476190476
16,2008,battle creek,11376550,USGS,battle creek,flow,min,379
17,2008,battle creek,11376550,USGS,battle creek,flow,max,527
17,2008,battle creek,11376550,USGS,battle creek,flow,mean,379.2144345238095
17,2008,battle creek,11376550,USGS,battle creek,flow,min,70.8
18,2008,battle creek,11376550,USGS,battle creek,flow,max,518
18,2008,battle creek,11376550,USGS,battle creek,flow,mean,415.9136904761904
18,2008,battle creek,11376550,USGS,battle creek,flow,min,363
19,2008,battle creek,11376550,USGS,battle creek,flow,max,599
19,2008,battle creek,11376550,USGS,battle creek,flow,mean,456.7232142857142
19,2008,battle creek,11376550,USGS,battle creek,flow,min,343
20,2008,battle creek,11376550,USGS,battle creek,flow,max,704
20,2008,battle creek,11376550,USGS,battle creek,flow,mean,515.891369047619
20,2008,battle creek,11376550,USGS,battle creek,flow,min,316
21,2008,battle creek,11376550,USGS,battle creek,flow,max,617
21,2008,battle creek,11376550,USGS,battle creek,flow,mean,478.00744047619054
21,2008,battle creek,11376550,USGS,battle creek,flow,min,383
22,2008,battle creek,11376550,USGS,battle creek,flow,max,423
22,2008,battle creek,11376550,USGS,battle creek,flow,mean,361.65625
22,2008,battle creek,11376550,USGS,battle creek,flow,min,313
23,2008,battle creek,11376550,USGS,battle creek,flow,max,440
23,2008,battle creek,11376550,USGS,battle creek,flow,mean,312.6235119047619
23,2008,battle creek,11376550,USGS,battle creek,flow,min,269
24,2008,battle creek,11376550,USGS,battle creek,flow,max,355
24,2008,battle creek,11376550,USGS,battle creek,flow,mean,289.1517857142857
24,2008,battle creek,11376550,USGS,battle creek,flow,min,262
25,2008,battle creek,11376550,USGS,battle creek,flow,max,431
25,2008,battle creek,11376550,USGS,battle creek,flow,mean,278.16666666666663
25,2008,battle creek,11376550,USGS,battle creek,flow,min,179
26,2008,battle creek,11376550,USGS,battle creek,flow,max,452
26,2008,battle creek,11376550,USGS,battle creek,flow,mean,259.49553571428567
26,2008,battle creek,11376550,USGS,battle creek,flow,min,152
27,2008,battle creek,11376550,USGS,battle creek,flow,max,287
27,2008,battle creek,11376550,USGS,battle creek,flow,mean,248.5119047619048
27,2008,battle creek,11376550,USGS,battle creek,flow,min,223
28,2008,battle creek,11376550,USGS,battle creek,flow,max,313
28,2008,battle creek,11376550,USGS,battle creek,flow,mean,236.9717261904762
28,2008,battle creek,11376550,USGS,battle creek,flow,min,165
29,2008,battle creek,11376550,USGS,battle creek,flow,max,280
29,2008,battle creek,11376550,USGS,battle creek,flow,mean,231.06845238095238
29,2008,battle creek,11376550,USGS,battle creek,flow,min,179
30,2008,battle creek,11376550,USGS,battle creek,flow,max,502
30,2008,battle creek,11376550,USGS,battle creek,flow,mean,220.94005102040816
30,2008,battle creek,11376550,USGS,battle creek,flow,min,175
31,2008,battle creek,11376550,USGS,battle creek,flow,max,220
31,2008,battle creek,11376550,USGS,battle creek,flow,mean,209.51190476190476
31,2008,battle creek,11376550,USGS,battle creek,flow,min,199
32,2008,battle creek,11376550,USGS,battle creek,flow,max,277
32,2008,battle creek,11376550,USGS,battle creek,flow,mean,202.11458333333331
32,2008,battle creek,11376550,USGS,battle creek,flow,min,185
33,2008,battle creek,11376550,USGS,battle creek,flow,max,273
33,2008,battle creek,11376550,USGS,battle creek,flow,mean,211.2366071428571
33,2008,battle creek,11376550,USGS,battle creek,flow,min,192
34,2008,battle creek,11376550,USGS,battle creek,flow,max,223
34,2008,battle creek,11376550,USGS,battle creek,flow,mean,204.98660714285714
34,2008,battle creek,11376550,USGS,battle creek,flow,min,172
35,2008,battle creek,11376550,USGS,battle creek,flow,max,237
35,2008,battle creek,11376550,USGS,battle creek,flow,mean,200.70089285714286
35,2008,battle creek,11376550,USGS,battle creek,flow,min,172
36,2008,battle creek,11376550,USGS,battle creek,flow,max,230
36,2008,battle creek,11376550,USGS,battle creek,flow,mean,199.39732142857142
36,2008,battle creek,11376550,USGS,battle creek,flow,min,185
37,2008,battle creek,11376550,USGS,battle creek,flow,max,248
37,2008,battle creek,11376550,USGS,battle creek,flow,mean,198.48363095238096
37,2008,battle creek,11376550,USGS,battle creek,flow,min,182
38,2008,battle creek,11376550,USGS,battle creek,flow,max,237
38,2008,battle creek,11376550,USGS,battle creek,flow,mean,199.91220238095235
38,2008,battle creek,11376550,USGS,battle creek,flow,min,179
39,2008,battle creek,11376550,USGS,battle creek,flow,max,223
39,2008,battle creek,11376550,USGS,battle creek,flow,mean,196.87797619047618
39,2008,battle creek,11376550,USGS,battle creek,flow,min,172
40,2008,battle creek,11376550,USGS,battle creek,flow,max,262
40,2008,battle creek,11376550,USGS,battle creek,flow,mean,214.89880952380955
40,2008,battle creek,11376550,USGS,battle creek,flow,min,165
41,2008,battle creek,11376550,USGS,battle creek,flow,max,234
41,2008,battle creek,11376550,USGS,battle creek,flow,mean,214.53869047619045
41,2008,battle creek,11376550,USGS,battle creek,flow,min,199
42,2008,battle creek,11376550,USGS,battle creek,flow,max,223
42,2008,battle creek,11376550,USGS,battle creek,flow,mean,205.21577380952382
42,2008,battle creek,11376550,USGS,battle creek,flow,min,182
43,2008,battle creek,11376550,USGS,battle creek,flow,max,255
43,2008,battle creek,11376550,USGS,battle creek,flow,mean,201.5223214285714
43,2008,battle creek,11376550,USGS,battle creek,flow,min,172
44,2008,battle creek,11376550,USGS,battle creek,flow,max,556
44,2008,battle creek,11376550,USGS,battle creek,flow,mean,262.24404761904765
44,2008,battle creek,11376550,USGS,battle creek,flow,min,196
45,2008,battle creek,11376550,USGS,battle creek,flow,max,403
45,2008,battle creek,11376550,USGS,battle creek,flow,mean,274.5363878446115
45,2008,battle creek,11376550,USGS,battle creek,flow,min,209
46,2008,battle creek,11376550,USGS,battle creek,flow,max,266
46,2008,battle creek,11376550,USGS,battle creek,flow,mean,232.08184523809524
46,2008,battle creek,11376550,USGS,battle creek,flow,min,192
47,2008,battle creek,11376550,USGS,battle creek,flow,max,269
47,2008,battle creek,11376550,USGS,battle creek,flow,mean,233.90184082892418
47,2008,battle creek,11376550,USGS,battle creek,flow,min,203
48,2008,battle creek,11376550,USGS,battle creek,flow,max,305
48,2008,battle creek,11376550,USGS,battle creek,flow,mean,226.41369047619045
48,2008,battle creek,11376550,USGS,battle creek,flow,min,185
49,2008,battle creek,11376550,USGS,battle creek,flow,max,359
49,2008,battle creek,11376550,USGS,battle creek,flow,mean,227.01488095238093
49,2008,battle creek,11376550,USGS,battle creek,flow,min,179
50,2008,battle creek,11376550,USGS,battle creek,flow,max,347
50,2008,battle creek,11376550,USGS,battle creek,flow,mean,223.48958333333334
50,2008,battle creek,11376550,USGS,battle creek,flow,min,175
51,2008,battle creek,11376550,USGS,battle creek,flow,max,383
51,2008,battle creek,11376550,USGS,battle creek,flow,mean,242.19791666666666
51,2008,battle creek,11376550,USGS,battle creek,flow,min,192
52,2008,battle creek,11376550,USGS,battle creek,flow,max,843
52,2008,battle creek,11376550,USGS,battle creek,flow,mean,326.75
52,2008,battle creek,11376550,USGS,battle creek,flow,min,230
53,2008,battle creek,11376550,USGS,battle creek,flow,max,339
53,2008,battle creek,11376550,USGS,battle creek,flow,mean,264.95833333333337
53,2008,battle creek,11376550,USGS,battle creek,flow,min,237
1,2009,battle creek,11376550,USGS,battle creek,flow,max,387
1,2009,battle creek,11376550,USGS,battle creek,flow,mean,270.1919642857143
1,2009,battle creek,11376550,USGS,battle creek,flow,min,206
2,2009,battle creek,11376550,USGS,battle creek,flow,max,419
2,2009,battle creek,11376550,USGS,battle creek,flow,mean,248.36160714285714
2,2009,battle creek,11376550,USGS,battle creek,flow,min,199
3,2009,battle creek,11376550,USGS,battle creek,flow,max,359
3,2009,battle creek,11376550,USGS,battle creek,flow,mean,246.5327380952381
3,2009,battle creek,11376550,USGS,battle creek,flow,min,203
4,2009,battle creek,11376550,USGS,battle creek,flow,max,923
4,2009,battle creek,11376550,USGS,battle creek,flow,mean,410.43154761904765
4,2009,battle creek,11376550,USGS,battle creek,flow,min,223
5,2009,battle creek,11376550,USGS,battle creek,flow,max,343
5,2009,battle creek,11376550,USGS,battle creek,flow,mean,285.27232142857144
5,2009,battle creek,11376550,USGS,battle creek,flow,min,248
6,2009,battle creek,11376550,USGS,battle creek,flow,max,883
6,2009,battle creek,11376550,USGS,battle creek,flow,mean,327.71577380952385
6,2009,battle creek,11376550,USGS,battle creek,flow,min,237
7,2009,battle creek,11376550,USGS,battle creek,flow,max,1680
7,2009,battle creek,11376550,USGS,battle creek,flow,mean,708.2485119047618
7,2009,battle creek,11376550,USGS,battle creek,flow,min,287
8,2009,battle creek,11376550,USGS,battle creek,flow,max,1700
8,2009,battle creek,11376550,USGS,battle creek,flow,mean,752.811011904762
8,2009,battle creek,11376550,USGS,battle creek,flow,min,324
9,2009,battle creek,11376550,USGS,battle creek,flow,max,3760
9,2009,battle creek,11376550,USGS,battle creek,flow,mean,1211.8854166666667
9,2009,battle creek,11376550,USGS,battle creek,flow,min,477
10,2009,battle creek,11376550,USGS,battle creek,flow,max,1770
10,2009,battle creek,11376550,USGS,battle creek,flow,mean,736.6964285714286
10,2009,battle creek,11376550,USGS,battle creek,flow,min,523
11,2009,battle creek,11376550,USGS,battle creek,flow,max,569
11,2009,battle creek,11376550,USGS,battle creek,flow,mean,496.9166666666667
11,2009,battle creek,11376550,USGS,battle creek,flow,min,456
12,2009,battle creek,11376550,USGS,battle creek,flow,max,552
12,2009,battle creek,11376550,USGS,battle creek,flow,mean,471.57142857142856
12,2009,battle creek,11376550,USGS,battle creek,flow,min,411
13,2009,battle creek,11376550,USGS,battle creek,flow,max,510
13,2009,battle creek,11376550,USGS,battle creek,flow,mean,438.17857142857144
13,2009,battle creek,11376550,USGS,battle creek,flow,min,391
14,2009,battle creek,11376550,USGS,battle creek,flow,max,485
14,2009,battle creek,11376550,USGS,battle creek,flow,mean,400.9330357142857
14,2009,battle creek,11376550,USGS,battle creek,flow,min,355
15,2009,battle creek,11376550,USGS,battle creek,flow,max,472
15,2009,battle creek,11376550,USGS,battle creek,flow,mean,377.6086309523809
15,2009,battle creek,11376550,USGS,battle creek,flow,min,328
16,2009,battle creek,11376550,USGS,battle creek,flow,max,502
16,2009,battle creek,11376550,USGS,battle creek,flow,mean,376.90327380952385
16,2009,battle creek,11376550,USGS,battle creek,flow,min,309
17,2009,battle creek,11376550,USGS,battle creek,flow,max,514
17,2009,battle creek,11376550,USGS,battle creek,flow,mean,407.8392857142857
17,2009,battle creek,11376550,USGS,battle creek,flow,min,351
18,2009,battle creek,11376550,USGS,battle creek,flow,max,1000
18,2009,battle creek,11376550,USGS,battle creek,flow,mean,555.7559523809524
18,2009,battle creek,11376550,USGS,battle creek,flow,min,313
19,2009,battle creek,11376550,USGS,battle creek,flow,max,813
19,2009,battle creek,11376550,USGS,battle creek,flow,mean,541.6860119047618
19,2009,battle creek,11376550,USGS,battle creek,flow,min,313
20,2009,battle creek,11376550,USGS,battle creek,flow,max,489
20,2009,battle creek,11376550,USGS,battle creek,flow,mean,446.61904761904765
20,2009,battle creek,11376550,USGS,battle creek,flow,min,343
21,2009,battle creek,11376550,USGS,battle creek,flow,max,510
21,2009,battle creek,11376550,USGS,battle creek,flow,mean,404.9776785714286
21,2009,battle creek,11376550,USGS,battle creek,flow,min,347
22,2009,battle creek,11376550,USGS,battle creek,flow,max,423
22,2009,battle creek,11376550,USGS,battle creek,flow,mean,386.13690476190476
22,2009,battle creek,11376550,USGS,battle creek,flow,min,351
23,2009,battle creek,11376550,USGS,battle creek,flow,max,489
23,2009,battle creek,11376550,USGS,battle creek,flow,mean,402.79166666666663
23,2009,battle creek,11376550,USGS,battle creek,flow,min,339
24,2009,battle creek,11376550,USGS,battle creek,flow,max,407
24,2009,battle creek,11376550,USGS,battle creek,flow,mean,345.98214285714283
24,2009,battle creek,11376550,USGS,battle creek,flow,min,298
25,2009,battle creek,11376550,USGS,battle creek,flow,max,444
25,2009,battle creek,11376550,USGS,battle creek,flow,mean,317.2038690476191
25,2009,battle creek,11376550,USGS,battle creek,flow,min,248
26,2009,battle creek,11376550,USGS,battle creek,flow,max,489
26,2009,battle creek,11376550,USGS,battle creek,flow,mean,284.03273809523813
26,2009,battle creek,11376550,USGS,battle creek,flow,min,182
27,2009,battle creek,11376550,USGS,battle creek,flow,max,291
27,2009,battle creek,11376550,USGS,battle creek,flow,mean,255.06696428571425
27,2009,battle creek,11376550,USGS,battle creek,flow,min,220
28,2009,battle creek,11376550,USGS,battle creek,flow,max,423
28,2009,battle creek,11376550,USGS,battle creek,flow,mean,239.7485119047619
28,2009,battle creek,11376550,USGS,battle creek,flow,min,182
29,2009,battle creek,11376550,USGS,battle creek,flow,max,277
29,2009,battle creek,11376550,USGS,battle creek,flow,mean,228.56845238095238
29,2009,battle creek,11376550,USGS,battle creek,flow,min,192
30,2009,battle creek,11376550,USGS,battle creek,flow,max,383
30,2009,battle creek,11376550,USGS,battle creek,flow,mean,223.55059523809524
30,2009,battle creek,11376550,USGS,battle creek,flow,min,192
31,2009,battle creek,11376550,USGS,battle creek,flow,max,497
31,2009,battle creek,11376550,USGS,battle creek,flow,mean,225.23660714285717
31,2009,battle creek,11376550,USGS,battle creek,flow,min,179
32,2009,battle creek,11376550,USGS,battle creek,flow,max,273
32,2009,battle creek,11376550,USGS,battle creek,flow,mean,222.45833333333334
32,2009,battle creek,11376550,USGS,battle creek,flow,min,213
33,2009,battle creek,11376550,USGS,battle creek,flow,max,237
33,2009,battle creek,11376550,USGS,battle creek,flow,mean,212.67857142857142
33,2009,battle creek,11376550,USGS,battle creek,flow,min,185
34,2009,battle creek,11376550,USGS,battle creek,flow,max,234
34,2009,battle creek,11376550,USGS,battle creek,flow,mean,207.36607142857142
34,2009,battle creek,11376550,USGS,battle creek,flow,min,182
35,2009,battle creek,11376550,USGS,battle creek,flow,max,255
35,2009,battle creek,11376550,USGS,battle creek,flow,mean,203.04017857142858
35,2009,battle creek,11376550,USGS,battle creek,flow,min,175
36,2009,battle creek,11376550,USGS,battle creek,flow,max,248
36,2009,battle creek,11376550,USGS,battle creek,flow,mean,189.92559523809524
36,2009,battle creek,11376550,USGS,battle creek,flow,min,168
37,2009,battle creek,11376550,USGS,battle creek,flow,max,269
37,2009,battle creek,11376550,USGS,battle creek,flow,mean,209.60565476190476
37,2009,battle creek,11376550,USGS,battle creek,flow,min,148
38,2009,battle creek,11376550,USGS,battle creek,flow,max,237
38,2009,battle creek,11376550,USGS,battle creek,flow,mean,205.5133928571429
38,2009,battle creek,11376550,USGS,battle creek,flow,min,182
39,2009,battle creek,11376550,USGS,battle creek,flow,max,227
39,2009,battle creek,11376550,USGS,battle creek,flow,mean,202.41666666666669
39,2009,battle creek,11376550,USGS,battle creek,flow,min,175
40,2009,battle creek,11376550,USGS,battle creek,flow,max,230
40,2009,battle creek,11376550,USGS,battle creek,flow,mean,204.30952380952382
40,2009,battle creek,11376550,USGS,battle creek,flow,min,172
41,2009,battle creek,11376550,USGS,battle creek,flow,max,502
41,2009,battle creek,11376550,USGS,battle creek,flow,mean,224.97166149068326
41,2009,battle creek,11376550,USGS,battle creek,flow,min,182
42,2009,battle creek,11376550,USGS,battle creek,flow,max,351
42,2009,battle creek,11376550,USGS,battle creek,flow,mean,248.7619047619048
42,2009,battle creek,11376550,USGS,battle creek,flow,min,152
43,2009,battle creek,11376550,USGS,battle creek,flow,max,287
43,2009,battle creek,11376550,USGS,battle creek,flow,mean,215.72263198757764
43,2009,battle creek,11376550,USGS,battle creek,flow,min,172
44,2009,battle creek,11376550,USGS,battle creek,flow,max,234
44,2009,battle creek,11376550,USGS,battle creek,flow,mean,214.59523809523807
44,2009,battle creek,11376550,USGS,battle creek,flow,min,199
45,2009,battle creek,11376550,USGS,battle creek,flow,max,241
45,2009,battle creek,11376550,USGS,battle creek,flow,mean,220.98511904761904
45,2009,battle creek,11376550,USGS,battle creek,flow,min,192
46,2009,battle creek,11376550,USGS,battle creek,flow,max,241
46,2009,battle creek,11376550,USGS,battle creek,flow,mean,217.60863095238096
46,2009,battle creek,11376550,USGS,battle creek,flow,min,196
47,2009,battle creek,11376550,USGS,battle creek,flow,max,266
47,2009,battle creek,11376550,USGS,battle creek,flow,mean,229.52083333333331
47,2009,battle creek,11376550,USGS,battle creek,flow,min,189
48,2009,battle creek,11376550,USGS,battle creek,flow,max,244
48,2009,battle creek,11376550,USGS,battle creek,flow,mean,226.66517857142858
48,2009,battle creek,11376550,USGS,battle creek,flow,min,203
49,2009,battle creek,11376550,USGS,battle creek,flow,max,252
49,2009,battle creek,11376550,USGS,battle creek,flow,mean,219.90476190476193
49,2009,battle creek,11376550,USGS,battle creek,flow,min,172
50,2009,battle creek,11376550,USGS,battle creek,flow,max,456
50,2009,battle creek,11376550,USGS,battle creek,flow,mean,266.28273809523813
50,2009,battle creek,11376550,USGS,battle creek,flow,min,182
51,2009,battle creek,11376550,USGS,battle creek,flow,max,1960
51,2009,battle creek,11376550,USGS,battle creek,flow,mean,329.13690476190476
51,2009,battle creek,11376550,USGS,battle creek,flow,min,213
52,2009,battle creek,11376550,USGS,battle creek,flow,max,395
52,2009,battle creek,11376550,USGS,battle creek,flow,mean,247.77321428571432
52,2009,battle creek,11376550,USGS,battle creek,flow,min,82.8
53,2009,battle creek,11376550,USGS,battle creek,flow,max,291
53,2009,battle creek,11376550,USGS,battle creek,flow,mean,253.83333333333334
53,2009,battle creek,11376550,USGS,battle creek,flow,min,223
1,2010,battle creek,11376550,USGS,battle creek,flow,max,411
1,2010,battle creek,11376550,USGS,battle creek,flow,mean,260.6428571428571
1,2010,battle creek,11376550,USGS,battle creek,flow,min,216
2,2010,battle creek,11376550,USGS,battle creek,flow,max,1440
2,2010,battle creek,11376550,USGS,battle creek,flow,mean,381.55208333333337
2,2010,battle creek,11376550,USGS,battle creek,flow,min,216
3,2010,battle creek,11376550,USGS,battle creek,flow,max,4090
3,2010,battle creek,11376550,USGS,battle creek,flow,mean,900.2306547619048
3,2010,battle creek,11376550,USGS,battle creek,flow,min,277
4,2010,battle creek,11376550,USGS,battle creek,flow,max,3520
4,2010,battle creek,11376550,USGS,battle creek,flow,mean,910.5550595238095
4,2010,battle creek,11376550,USGS,battle creek,flow,min,427
5,2010,battle creek,11376550,USGS,battle creek,flow,max,1040
5,2010,battle creek,11376550,USGS,battle creek,flow,mean,532.5154569892474
5,2010,battle creek,11376550,USGS,battle creek,flow,min,415
6,2010,battle creek,11376550,USGS,battle creek,flow,max,3350
6,2010,battle creek,11376550,USGS,battle creek,flow,mean,780.7529761904761
6,2010,battle creek,11376550,USGS,battle creek,flow,min,273
7,2010,battle creek,11376550,USGS,battle creek,flow,max,523
7,2010,battle creek,11376550,USGS,battle creek,flow,mean,440.9627976190476
7,2010,battle creek,11376550,USGS,battle creek,flow,min,371
8,2010,battle creek,11376550,USGS,battle creek,flow,max,1000
8,2010,battle creek,11376550,USGS,battle creek,flow,mean,526.1964285714286
8,2010,battle creek,11376550,USGS,battle creek,flow,min,395
9,2010,battle creek,11376550,USGS,battle creek,flow,max,1420
9,2010,battle creek,11376550,USGS,battle creek,flow,mean,639.8452380952382
9,2010,battle creek,11376550,USGS,battle creek,flow,min,477
10,2010,battle creek,11376550,USGS,battle creek,flow,max,586
10,2010,battle creek,11376550,USGS,battle creek,flow,mean,505.93898809523813
10,2010,battle creek,11376550,USGS,battle creek,flow,min,444
11,2010,battle creek,11376550,USGS,battle creek,flow,max,643
11,2010,battle creek,11376550,USGS,battle creek,flow,mean,458.29017857142856
11,2010,battle creek,11376550,USGS,battle creek,flow,min,298
12,2010,battle creek,11376550,USGS,battle creek,flow,max,464
12,2010,battle creek,11376550,USGS,battle creek,flow,mean,429.78295629102075
12,2010,battle creek,11376550,USGS,battle creek,flow,min,415
13,2010,battle creek,11376550,USGS,battle creek,flow,max,656
13,2010,battle creek,11376550,USGS,battle creek,flow,mean,479.14583333333337
13,2010,battle creek,11376550,USGS,battle creek,flow,min,387
14,2010,battle creek,11376550,USGS,battle creek,flow,max,493
14,2010,battle creek,11376550,USGS,battle creek,flow,mean,443.66517857142856
14,2010,battle creek,11376550,USGS,battle creek,flow,min,403
15,2010,battle creek,11376550,USGS,battle creek,flow,max,535
15,2010,battle creek,11376550,USGS,battle creek,flow,mean,456.1607142857143
15,2010,battle creek,11376550,USGS,battle creek,flow,min,367
16,2010,battle creek,11376550,USGS,battle creek,flow,max,1270
16,2010,battle creek,11376550,USGS,battle creek,flow,mean,621.8110119047618
16,2010,battle creek,11376550,USGS,battle creek,flow,min,351
17,2010,battle creek,11376550,USGS,battle creek,flow,max,1150
17,2010,battle creek,11376550,USGS,battle creek,flow,mean,678.6294642857144
17,2010,battle creek,11376550,USGS,battle creek,flow,min,556
18,2010,battle creek,11376550,USGS,battle creek,flow,max,656
18,2010,battle creek,11376550,USGS,battle creek,flow,mean,589.6875
18,2010,battle creek,11376550,USGS,battle creek,flow,min,548
19,2010,battle creek,11376550,USGS,battle creek,flow,max,630
19,2010,battle creek,11376550,USGS,battle creek,flow,mean,540.6458333333334
19,2010,battle creek,11376550,USGS,battle creek,flow,min,497
20,2010,battle creek,11376550,USGS,battle creek,flow,max,691
20,2010,battle creek,11376550,USGS,battle creek,flow,mean,574.5282738095239
20,2010,battle creek,11376550,USGS,battle creek,flow,min,489
21,2010,battle creek,11376550,USGS,battle creek,flow,max,651
21,2010,battle creek,11376550,USGS,battle creek,flow,mean,550.3630952380952
21,2010,battle creek,11376550,USGS,battle creek,flow,min,485
22,2010,battle creek,11376550,USGS,battle creek,flow,max,722
22,2010,battle creek,11376550,USGS,battle creek,flow,mean,532.4939182194618
22,2010,battle creek,11376550,USGS,battle creek,flow,min,464
23,2010,battle creek,11376550,USGS,battle creek,flow,max,838
23,2010,battle creek,11376550,USGS,battle creek,flow,mean,763.2499999999999
23,2010,battle creek,11376550,USGS,battle creek,flow,min,695
24,2010,battle creek,11376550,USGS,battle creek,flow,max,731
24,2010,battle creek,11376550,USGS,battle creek,flow,mean,636.2217261904763
24,2010,battle creek,11376550,USGS,battle creek,flow,min,574
25,2010,battle creek,11376550,USGS,battle creek,flow,max,586
25,2010,battle creek,11376550,USGS,battle creek,flow,mean,540.202380952381
25,2010,battle creek,11376550,USGS,battle creek,flow,min,493
26,2010,battle creek,11376550,USGS,battle creek,flow,max,591
26,2010,battle creek,11376550,USGS,battle creek,flow,mean,538.797619047619
26,2010,battle creek,11376550,USGS,battle creek,flow,min,502
27,2010,battle creek,11376550,USGS,battle creek,flow,max,518
27,2010,battle creek,11376550,USGS,battle creek,flow,mean,453.02581521739137
27,2010,battle creek,11376550,USGS,battle creek,flow,min,419
28,2010,battle creek,11376550,USGS,battle creek,flow,max,485
28,2010,battle creek,11376550,USGS,battle creek,flow,mean,422.30059523809524
28,2010,battle creek,11376550,USGS,battle creek,flow,min,383
29,2010,battle creek,11376550,USGS,battle creek,flow,max,411
29,2010,battle creek,11376550,USGS,battle creek,flow,mean,360.66815476190476
29,2010,battle creek,11376550,USGS,battle creek,flow,min,244
30,2010,battle creek,11376550,USGS,battle creek,flow,max,506
30,2010,battle creek,11376550,USGS,battle creek,flow,mean,308.5163690476191
30,2010,battle creek,11376550,USGS,battle creek,flow,min,234
31,2010,battle creek,11376550,USGS,battle creek,flow,max,298
31,2010,battle creek,11376550,USGS,battle creek,flow,mean,264.4851190476191
31,2010,battle creek,11376550,USGS,battle creek,flow,min,234
32,2010,battle creek,11376550,USGS,battle creek,flow,max,259
32,2010,battle creek,11376550,USGS,battle creek,flow,mean,248.35714285714286
32,2010,battle creek,11376550,USGS,battle creek,flow,min,241
33,2010,battle creek,11376550,USGS,battle creek,flow,max,244
33,2010,battle creek,11376550,USGS,battle creek,flow,mean,231.94940476190476
33,2010,battle creek,11376550,USGS,battle creek,flow,min,213
34,2010,battle creek,11376550,USGS,battle creek,flow,max,241
34,2010,battle creek,11376550,USGS,battle creek,flow,mean,220.13988095238096
34,2010,battle creek,11376550,USGS,battle creek,flow,min,203
35,2010,battle creek,11376550,USGS,battle creek,flow,max,237
35,2010,battle creek,11376550,USGS,battle creek,flow,mean,218.8005952380952
35,2010,battle creek,11376550,USGS,battle creek,flow,min,203
36,2010,battle creek,11376550,USGS,battle creek,flow,max,395
36,2010,battle creek,11376550,USGS,battle creek,flow,mean,217.99107142857142
36,2010,battle creek,11376550,USGS,battle creek,flow,min,192
37,2010,battle creek,11376550,USGS,battle creek,flow,max,237
37,2010,battle creek,11376550,USGS,battle creek,flow,mean,218.68756469979297
37,2010,battle creek,11376550,USGS,battle creek,flow,min,206
38,2010,battle creek,11376550,USGS,battle creek,flow,max,309
38,2010,battle creek,11376550,USGS,battle creek,flow,mean,214.95089285714286
38,2010,battle creek,11376550,USGS,battle creek,flow,min,189
39,2010,battle creek,11376550,USGS,battle creek,flow,max,266
39,2010,battle creek,11376550,USGS,battle creek,flow,mean,210.860248447205
39,2010,battle creek,11376550,USGS,battle creek,flow,min,185
40,2010,battle creek,11376550,USGS,battle creek,flow,max,302
40,2010,battle creek,11376550,USGS,battle creek,flow,mean,222.96985353130017
40,2010,battle creek,11376550,USGS,battle creek,flow,min,203
41,2010,battle creek,11376550,USGS,battle creek,flow,max,244
41,2010,battle creek,11376550,USGS,battle creek,flow,mean,222.11962991718426
41,2010,battle creek,11376550,USGS,battle creek,flow,min,209
42,2010,battle creek,11376550,USGS,battle creek,flow,max,234
42,2010,battle creek,11376550,USGS,battle creek,flow,mean,218.9616977225673
42,2010,battle creek,11376550,USGS,battle creek,flow,min,206
43,2010,battle creek,11376550,USGS,battle creek,flow,max,1060
43,2010,battle creek,11376550,USGS,battle creek,flow,mean,356.5461309523809
43,2010,battle creek,11376550,USGS,battle creek,flow,min,213
44,2010,battle creek,11376550,USGS,battle creek,flow,max,355
44,2010,battle creek,11376550,USGS,battle creek,flow,mean,265.40773809523813
44,2010,battle creek,11376550,USGS,battle creek,flow,min,209
45,2010,battle creek,11376550,USGS,battle creek,flow,max,485
45,2010,battle creek,11376550,USGS,battle creek,flow,mean,315.87648809523813
45,2010,battle creek,11376550,USGS,battle creek,flow,min,259
46,2010,battle creek,11376550,USGS,battle creek,flow,max,343
46,2010,battle creek,11376550,USGS,battle creek,flow,mean,281.8675595238095
46,2010,battle creek,11376550,USGS,battle creek,flow,min,244
47,2010,battle creek,11376550,USGS,battle creek,flow,max,320
47,2010,battle creek,11376550,USGS,battle creek,flow,mean,280.5342261904762
47,2010,battle creek,11376550,USGS,battle creek,flow,min,255
48,2010,battle creek,11376550,USGS,battle creek,flow,max,367
48,2010,battle creek,11376550,USGS,battle creek,flow,mean,280.41815476190476
48,2010,battle creek,11376550,USGS,battle creek,flow,min,259
49,2010,battle creek,11376550,USGS,battle creek,flow,max,1650
49,2010,battle creek,11376550,USGS,battle creek,flow,mean,570.9360119047619
49,2010,battle creek,11376550,USGS,battle creek,flow,min,269
50,2010,battle creek,11376550,USGS,battle creek,flow,max,1980
50,2010,battle creek,11376550,USGS,battle creek,flow,mean,682.8258928571429
50,2010,battle creek,11376550,USGS,battle creek,flow,min,411
51,2010,battle creek,11376550,USGS,battle creek,flow,max,2620
51,2010,battle creek,11376550,USGS,battle creek,flow,mean,867.3988095238095
51,2010,battle creek,11376550,USGS,battle creek,flow,min,468
52,2010,battle creek,11376550,USGS,battle creek,flow,max,2580
52,2010,battle creek,11376550,USGS,battle creek,flow,mean,828.5476190476192
52,2010,battle creek,11376550,USGS,battle creek,flow,min,506
53,2010,battle creek,11376550,USGS,battle creek,flow,max,656
53,2010,battle creek,11376550,USGS,battle creek,flow,mean,620.875
53,2010,battle creek,11376550,USGS,battle creek,flow,min,569
1,2011,battle creek,11376550,USGS,battle creek,flow,max,586
1,2011,battle creek,11376550,USGS,battle creek,flow,mean,498.2247023809524
1,2011,battle creek,11376550,USGS,battle creek,flow,min,427
2,2011,battle creek,11376550,USGS,battle creek,flow,max,709
2,2011,battle creek,11376550,USGS,battle creek,flow,mean,443.3675595238096
2,2011,battle creek,11376550,USGS,battle creek,flow,min,371
3,2011,battle creek,11376550,USGS,battle creek,flow,max,599
3,2011,battle creek,11376550,USGS,battle creek,flow,mean,449.6503623188405
3,2011,battle creek,11376550,USGS,battle creek,flow,min,206
4,2011,battle creek,11376550,USGS,battle creek,flow,max,423
4,2011,battle creek,11376550,USGS,battle creek,flow,mean,395.202380952381
4,2011,battle creek,11376550,USGS,battle creek,flow,min,363
5,2011,battle creek,11376550,USGS,battle creek,flow,max,440
5,2011,battle creek,11376550,USGS,battle creek,flow,mean,380.84226190476187
5,2011,battle creek,11376550,USGS,battle creek,flow,min,339
6,2011,battle creek,11376550,USGS,battle creek,flow,max,399
6,2011,battle creek,11376550,USGS,battle creek,flow,mean,367.3824404761905
6,2011,battle creek,11376550,USGS,battle creek,flow,min,336
7,2011,battle creek,11376550,USGS,battle creek,flow,max,1190
7,2011,battle creek,11376550,USGS,battle creek,flow,mean,510.625
7,2011,battle creek,11376550,USGS,battle creek,flow,min,266
8,2011,battle creek,11376550,USGS,battle creek,flow,max,985
8,2011,battle creek,11376550,USGS,battle creek,flow,mean,508.74553571428567
8,2011,battle creek,11376550,USGS,battle creek,flow,min,387
9,2011,battle creek,11376550,USGS,battle creek,flow,max,673
9,2011,battle creek,11376550,USGS,battle creek,flow,mean,518.8759057971014
9,2011,battle creek,11376550,USGS,battle creek,flow,min,415
10,2011,battle creek,11376550,USGS,battle creek,flow,max,2330
10,2011,battle creek,11376550,USGS,battle creek,flow,mean,874.9627976190476
10,2011,battle creek,11376550,USGS,battle creek,flow,min,448
11,2011,battle creek,11376550,USGS,battle creek,flow,max,2680
11,2011,battle creek,11376550,USGS,battle creek,flow,mean,944.513392857143
11,2011,battle creek,11376550,USGS,battle creek,flow,min,502
12,2011,battle creek,11376550,USGS,battle creek,flow,max,3470
12,2011,battle creek,11376550,USGS,battle creek,flow,mean,1266.6294642857142
12,2011,battle creek,11376550,USGS,battle creek,flow,min,818
13,2011,battle creek,11376550,USGS,battle creek,flow,max,1200
13,2011,battle creek,11376550,USGS,battle creek,flow,mean,906.2693452380953
13,2011,battle creek,11376550,USGS,battle creek,flow,min,769
14,2011,battle creek,11376550,USGS,battle creek,flow,max,893
14,2011,battle creek,11376550,USGS,battle creek,flow,mean,811.6175595238095
14,2011,battle creek,11376550,USGS,battle creek,flow,min,713
15,2011,battle creek,11376550,USGS,battle creek,flow,max,718
15,2011,battle creek,11376550,USGS,battle creek,flow,mean,659.1994047619048
15,2011,battle creek,11376550,USGS,battle creek,flow,min,586
16,2011,battle creek,11376550,USGS,battle creek,flow,max,1380
16,2011,battle creek,11376550,USGS,battle creek,flow,mean,943.2886904761906
16,2011,battle creek,11376550,USGS,battle creek,flow,min,604
17,2011,battle creek,11376550,USGS,battle creek,flow,max,1370
17,2011,battle creek,11376550,USGS,battle creek,flow,mean,926.9479166666667
17,2011,battle creek,11376550,USGS,battle creek,flow,min,789
18,2011,battle creek,11376550,USGS,battle creek,flow,max,868
18,2011,battle creek,11376550,USGS,battle creek,flow,mean,777.5535714285714
18,2011,battle creek,11376550,USGS,battle creek,flow,min,727
19,2011,battle creek,11376550,USGS,battle creek,flow,max,1110
19,2011,battle creek,11376550,USGS,battle creek,flow,mean,890.325892857143
19,2011,battle creek,11376550,USGS,battle creek,flow,min,548
20,2011,battle creek,11376550,USGS,battle creek,flow,max,2410
20,2011,battle creek,11376550,USGS,battle creek,flow,mean,956.3958333333333
20,2011,battle creek,11376550,USGS,battle creek,flow,min,779
21,2011,battle creek,11376550,USGS,battle creek,flow,max,1080
21,2011,battle creek,11376550,USGS,battle creek,flow,mean,880.327380952381
21,2011,battle creek,11376550,USGS,battle creek,flow,min,813
22,2011,battle creek,11376550,USGS,battle creek,flow,max,893
22,2011,battle creek,11376550,USGS,battle creek,flow,mean,798.9508928571429
22,2011,battle creek,11376550,USGS,battle creek,flow,min,643
23,2011,battle creek,11376550,USGS,battle creek,flow,max,1170
23,2011,battle creek,11376550,USGS,battle creek,flow,mean,907.7127976190476
23,2011,battle creek,11376550,USGS,battle creek,flow,min,731
24,2011,battle creek,11376550,USGS,battle creek,flow,max,1090
24,2011,battle creek,11376550,USGS,battle creek,flow,mean,986.0729166666667
24,2011,battle creek,11376550,USGS,battle creek,flow,min,883
25,2011,battle creek,11376550,USGS,battle creek,flow,max,1100
25,2011,battle creek,11376550,USGS,battle creek,flow,mean,963.7038690476192
25,2011,battle creek,11376550,USGS,battle creek,flow,min,878
26,2011,battle creek,11376550,USGS,battle creek,flow,max,1080
26,2011,battle creek,11376550,USGS,battle creek,flow,mean,911.0401785714286
26,2011,battle creek,11376550,USGS,battle creek,flow,min,823
27,2011,battle creek,11376550,USGS,battle creek,flow,max,878
27,2011,battle creek,11376550,USGS,battle creek,flow,mean,808.3779761904761
27,2011,battle creek,11376550,USGS,battle creek,flow,min,750
28,2011,battle creek,11376550,USGS,battle creek,flow,max,784
28,2011,battle creek,11376550,USGS,battle creek,flow,mean,683.6770833333334
28,2011,battle creek,11376550,USGS,battle creek,flow,min,599
29,2011,battle creek,11376550,USGS,battle creek,flow,max,617
29,2011,battle creek,11376550,USGS,battle creek,flow,mean,566.9345238095239
29,2011,battle creek,11376550,USGS,battle creek,flow,min,518
30,2011,battle creek,11376550,USGS,battle creek,flow,max,548
30,2011,battle creek,11376550,USGS,battle creek,flow,mean,501.3690476190476
30,2011,battle creek,11376550,USGS,battle creek,flow,min,456
31,2011,battle creek,11376550,USGS,battle creek,flow,max,485
31,2011,battle creek,11376550,USGS,battle creek,flow,mean,455.8333333333333
31,2011,battle creek,11376550,USGS,battle creek,flow,min,395
32,2011,battle creek,11376550,USGS,battle creek,flow,max,535
32,2011,battle creek,11376550,USGS,battle creek,flow,mean,410.9181547619047
32,2011,battle creek,11376550,USGS,battle creek,flow,min,316
33,2011,battle creek,11376550,USGS,battle creek,flow,max,411
33,2011,battle creek,11376550,USGS,battle creek,flow,mean,380.6607142857143
33,2011,battle creek,11376550,USGS,battle creek,flow,min,347
34,2011,battle creek,11376550,USGS,battle creek,flow,max,448
34,2011,battle creek,11376550,USGS,battle creek,flow,mean,348.1294642857143
34,2011,battle creek,11376550,USGS,battle creek,flow,min,237
35,2011,battle creek,11376550,USGS,battle creek,flow,max,419
35,2011,battle creek,11376550,USGS,battle creek,flow,mean,332.09740319204604
35,2011,battle creek,11376550,USGS,battle creek,flow,min,280
36,2011,battle creek,11376550,USGS,battle creek,flow,max,330
36,2011,battle creek,11376550,USGS,battle creek,flow,mean,296.2544642857143
36,2011,battle creek,11376550,USGS,battle creek,flow,min,264
37,2011,battle creek,11376550,USGS,battle creek,flow,max,326
37,2011,battle creek,11376550,USGS,battle creek,flow,mean,284.0684523809524
37,2011,battle creek,11376550,USGS,battle creek,flow,min,248
38,2011,battle creek,11376550,USGS,battle creek,flow,max,322
38,2011,battle creek,11376550,USGS,battle creek,flow,mean,269.9241071428571
38,2011,battle creek,11376550,USGS,battle creek,flow,min,167
39,2011,battle creek,11376550,USGS,battle creek,flow,max,292
39,2011,battle creek,11376550,USGS,battle creek,flow,mean,263.14285714285717
39,2011,battle creek,11376550,USGS,battle creek,flow,min,236
40,2011,battle creek,11376550,USGS,battle creek,flow,max,525
40,2011,battle creek,11376550,USGS,battle creek,flow,mean,316.14732142857144
40,2011,battle creek,11376550,USGS,battle creek,flow,min,228
41,2011,battle creek,11376550,USGS,battle creek,flow,max,414
41,2011,battle creek,11376550,USGS,battle creek,flow,mean,316.08779761904765
41,2011,battle creek,11376550,USGS,battle creek,flow,min,280
42,2011,battle creek,11376550,USGS,battle creek,flow,max,335
42,2011,battle creek,11376550,USGS,battle creek,flow,mean,292.6800595238095
42,2011,battle creek,11376550,USGS,battle creek,flow,min,268
43,2011,battle creek,11376550,USGS,battle creek,flow,max,301
43,2011,battle creek,11376550,USGS,battle creek,flow,mean,276.13392857142856
43,2011,battle creek,11376550,USGS,battle creek,flow,min,260
44,2011,battle creek,11376550,USGS,battle creek,flow,max,292
44,2011,battle creek,11376550,USGS,battle creek,flow,mean,263.14285714285717
44,2011,battle creek,11376550,USGS,battle creek,flow,min,240
45,2011,battle creek,11376550,USGS,battle creek,flow,max,305
45,2011,battle creek,11376550,USGS,battle creek,flow,mean,274.7872023809524
45,2011,battle creek,11376550,USGS,battle creek,flow,min,252
46,2011,battle creek,11376550,USGS,battle creek,flow,max,297
46,2011,battle creek,11376550,USGS,battle creek,flow,mean,273.04315476190476
46,2011,battle creek,11376550,USGS,battle creek,flow,min,256
47,2011,battle creek,11376550,USGS,battle creek,flow,max,365
47,2011,battle creek,11376550,USGS,battle creek,flow,mean,293.58184523809524
47,2011,battle creek,11376550,USGS,battle creek,flow,min,256
48,2011,battle creek,11376550,USGS,battle creek,flow,max,317
48,2011,battle creek,11376550,USGS,battle creek,flow,mean,278.13392857142856
48,2011,battle creek,11376550,USGS,battle creek,flow,min,248
49,2011,battle creek,11376550,USGS,battle creek,flow,max,288
49,2011,battle creek,11376550,USGS,battle creek,flow,mean,265.67857142857144
49,2011,battle creek,11376550,USGS,battle creek,flow,min,240
50,2011,battle creek,11376550,USGS,battle creek,flow,max,288
50,2011,battle creek,11376550,USGS,battle creek,flow,mean,261.2797619047619
50,2011,battle creek,11376550,USGS,battle creek,flow,min,240
51,2011,battle creek,11376550,USGS,battle creek,flow,max,276
51,2011,battle creek,11376550,USGS,battle creek,flow,mean,254.85714285714283
51,2011,battle creek,11376550,USGS,battle creek,flow,min,228
52,2011,battle creek,11376550,USGS,battle creek,flow,max,292
52,2011,battle creek,11376550,USGS,battle creek,flow,mean,252.71428571428572
52,2011,battle creek,11376550,USGS,battle creek,flow,min,228
53,2011,battle creek,11376550,USGS,battle creek,flow,max,292
53,2011,battle creek,11376550,USGS,battle creek,flow,mean,292
53,2011,battle creek,11376550,USGS,battle creek,flow,min,292
1,2012,battle creek,11376550,USGS,battle creek,flow,max,301
1,2012,battle creek,11376550,USGS,battle creek,flow,mean,254.52871707193518
1,2012,battle creek,11376550,USGS,battle creek,flow,min,228
2,2012,battle creek,11376550,USGS,battle creek,flow,max,264
2,2012,battle creek,11376550,USGS,battle creek,flow,mean,244.71428571428572
2,2012,battle creek,11376550,USGS,battle creek,flow,min,216
3,2012,battle creek,11376550,USGS,battle creek,flow,max,3400
3,2012,battle creek,11376550,USGS,battle creek,flow,mean,462.11160714285717
3,2012,battle creek,11376550,USGS,battle creek,flow,min,205
4,2012,battle creek,11376550,USGS,battle creek,flow,max,3020
4,2012,battle creek,11376550,USGS,battle creek,flow,mean,666.1175595238094
4,2012,battle creek,11376550,USGS,battle creek,flow,min,374
5,2012,battle creek,11376550,USGS,battle creek,flow,max,396
5,2012,battle creek,11376550,USGS,battle creek,flow,mean,330.3690476190476
5,2012,battle creek,11376550,USGS,battle creek,flow,min,288
6,2012,battle creek,11376550,USGS,battle creek,flow,max,343
6,2012,battle creek,11376550,USGS,battle creek,flow,mean,306.4836309523809
6,2012,battle creek,11376550,USGS,battle creek,flow,min,280
7,2012,battle creek,11376550,USGS,battle creek,flow,max,754
7,2012,battle creek,11376550,USGS,battle creek,flow,mean,347.2113095238095
7,2012,battle creek,11376550,USGS,battle creek,flow,min,268
8,2012,battle creek,11376550,USGS,battle creek,flow,max,343
8,2012,battle creek,11376550,USGS,battle creek,flow,mean,297.52529761904765
8,2012,battle creek,11376550,USGS,battle creek,flow,min,260
9,2012,battle creek,11376550,USGS,battle creek,flow,max,378
9,2012,battle creek,11376550,USGS,battle creek,flow,mean,293.66964285714283
9,2012,battle creek,11376550,USGS,battle creek,flow,min,256
10,2012,battle creek,11376550,USGS,battle creek,flow,max,322
10,2012,battle creek,11376550,USGS,battle creek,flow,mean,294.8764880952381
10,2012,battle creek,11376550,USGS,battle creek,flow,min,260
11,2012,battle creek,11376550,USGS,battle creek,flow,max,1510
11,2012,battle creek,11376550,USGS,battle creek,flow,mean,704.9880952380952
11,2012,battle creek,11376550,USGS,battle creek,flow,min,272
12,2012,battle creek,11376550,USGS,battle creek,flow,max,957
12,2012,battle creek,11376550,USGS,battle creek,flow,mean,595.7723214285714
12,2012,battle creek,11376550,USGS,battle creek,flow,min,473
13,2012,battle creek,11376550,USGS,battle creek,flow,max,2950
13,2012,battle creek,11376550,USGS,battle creek,flow,mean,812.2723214285716
13,2012,battle creek,11376550,USGS,battle creek,flow,min,487
14,2012,battle creek,11376550,USGS,battle creek,flow,max,1600
14,2012,battle creek,11376550,USGS,battle creek,flow,mean,690.1354166666667
14,2012,battle creek,11376550,USGS,battle creek,flow,min,478
15,2012,battle creek,11376550,USGS,battle creek,flow,max,1170
15,2012,battle creek,11376550,USGS,battle creek,flow,mean,658.4434523809524
15,2012,battle creek,11376550,USGS,battle creek,flow,min,434
16,2012,battle creek,11376550,USGS,battle creek,flow,max,789
16,2012,battle creek,11376550,USGS,battle creek,flow,mean,576.0282738095237
16,2012,battle creek,11376550,USGS,battle creek,flow,min,501
17,2012,battle creek,11376550,USGS,battle creek,flow,max,1480
17,2012,battle creek,11376550,USGS,battle creek,flow,mean,807.8511904761905
17,2012,battle creek,11376550,USGS,battle creek,flow,min,577
18,2012,battle creek,11376550,USGS,battle creek,flow,max,776
18,2012,battle creek,11376550,USGS,battle creek,flow,mean,646.9732142857143
18,2012,battle creek,11376550,USGS,battle creek,flow,min,536
19,2012,battle creek,11376550,USGS,battle creek,flow,max,595
19,2012,battle creek,11376550,USGS,battle creek,flow,mean,520.309523809524
19,2012,battle creek,11376550,USGS,battle creek,flow,min,461
20,2012,battle creek,11376550,USGS,battle creek,flow,max,613
20,2012,battle creek,11376550,USGS,battle creek,flow,mean,528.7544642857142
20,2012,battle creek,11376550,USGS,battle creek,flow,min,439
21,2012,battle creek,11376550,USGS,battle creek,flow,max,524
21,2012,battle creek,11376550,USGS,battle creek,flow,mean,463.2351190476191
21,2012,battle creek,11376550,USGS,battle creek,flow,min,385
22,2012,battle creek,11376550,USGS,battle creek,flow,max,461
22,2012,battle creek,11376550,USGS,battle creek,flow,mean,398.9642857142858
22,2012,battle creek,11376550,USGS,battle creek,flow,min,353
23,2012,battle creek,11376550,USGS,battle creek,flow,max,583
23,2012,battle creek,11376550,USGS,battle creek,flow,mean,432.70089285714283
23,2012,battle creek,11376550,USGS,battle creek,flow,min,348
24,2012,battle creek,11376550,USGS,battle creek,flow,max,374
24,2012,battle creek,11376550,USGS,battle creek,flow,mean,340.3988095238095
24,2012,battle creek,11376550,USGS,battle creek,flow,min,307
25,2012,battle creek,11376550,USGS,battle creek,flow,max,401
25,2012,battle creek,11376550,USGS,battle creek,flow,mean,329.3720238095238
25,2012,battle creek,11376550,USGS,battle creek,flow,min,277
26,2012,battle creek,11376550,USGS,battle creek,flow,max,348
26,2012,battle creek,11376550,USGS,battle creek,flow,mean,299.0907738095238
26,2012,battle creek,11376550,USGS,battle creek,flow,min,267
27,2012,battle creek,11376550,USGS,battle creek,flow,max,322
27,2012,battle creek,11376550,USGS,battle creek,flow,mean,275.83184523809524
27,2012,battle creek,11376550,USGS,battle creek,flow,min,234
28,2012,battle creek,11376550,USGS,battle creek,flow,max,277
28,2012,battle creek,11376550,USGS,battle creek,flow,mean,241.21577380952382
28,2012,battle creek,11376550,USGS,battle creek,flow,min,188
29,2012,battle creek,11376550,USGS,battle creek,flow,max,287
29,2012,battle creek,11376550,USGS,battle creek,flow,mean,233.36011904761907
29,2012,battle creek,11376550,USGS,battle creek,flow,min,202
30,2012,battle creek,11376550,USGS,battle creek,flow,max,258
30,2012,battle creek,11376550,USGS,battle creek,flow,mean,209.8139880952381
30,2012,battle creek,11376550,USGS,battle creek,flow,min,175
31,2012,battle creek,11376550,USGS,battle creek,flow,max,225
31,2012,battle creek,11376550,USGS,battle creek,flow,mean,198.64583333333334
31,2012,battle creek,11376550,USGS,battle creek,flow,min,175
32,2012,battle creek,11376550,USGS,battle creek,flow,max,239
32,2012,battle creek,11376550,USGS,battle creek,flow,mean,197.69642857142858
32,2012,battle creek,11376550,USGS,battle creek,flow,min,125
33,2012,battle creek,11376550,USGS,battle creek,flow,max,220
33,2012,battle creek,11376550,USGS,battle creek,flow,mean,192.53720238095238
33,2012,battle creek,11376550,USGS,battle creek,flow,min,171
34,2012,battle creek,11376550,USGS,battle creek,flow,max,287
34,2012,battle creek,11376550,USGS,battle creek,flow,mean,200.1532738095238
34,2012,battle creek,11376550,USGS,battle creek,flow,min,146
35,2012,battle creek,11376550,USGS,battle creek,flow,max,215
35,2012,battle creek,11376550,USGS,battle creek,flow,mean,203.24255952380955
35,2012,battle creek,11376550,USGS,battle creek,flow,min,193
36,2012,battle creek,11376550,USGS,battle creek,flow,max,225
36,2012,battle creek,11376550,USGS,battle creek,flow,mean,205.51934523809524
36,2012,battle creek,11376550,USGS,battle creek,flow,min,197
37,2012,battle creek,11376550,USGS,battle creek,flow,max,277
37,2012,battle creek,11376550,USGS,battle creek,flow,mean,208.70238095238093
37,2012,battle creek,11376550,USGS,battle creek,flow,min,154
38,2012,battle creek,11376550,USGS,battle creek,flow,max,225
38,2012,battle creek,11376550,USGS,battle creek,flow,mean,208.4092261904762
38,2012,battle creek,11376550,USGS,battle creek,flow,min,171
39,2012,battle creek,11376550,USGS,battle creek,flow,max,243
39,2012,battle creek,11376550,USGS,battle creek,flow,mean,213.76636904761904
39,2012,battle creek,11376550,USGS,battle creek,flow,min,180
40,2012,battle creek,11376550,USGS,battle creek,flow,max,258
40,2012,battle creek,11376550,USGS,battle creek,flow,mean,214.9761904761905
40,2012,battle creek,11376550,USGS,battle creek,flow,min,146
41,2012,battle creek,11376550,USGS,battle creek,flow,max,267
41,2012,battle creek,11376550,USGS,battle creek,flow,mean,243.47767857142853
41,2012,battle creek,11376550,USGS,battle creek,flow,min,215
42,2012,battle creek,11376550,USGS,battle creek,flow,max,272
42,2012,battle creek,11376550,USGS,battle creek,flow,mean,245.01934523809524
42,2012,battle creek,11376550,USGS,battle creek,flow,min,215
43,2012,battle creek,11376550,USGS,battle creek,flow,max,322
43,2012,battle creek,11376550,USGS,battle creek,flow,mean,266.0357142857143
43,2012,battle creek,11376550,USGS,battle creek,flow,min,234
44,2012,battle creek,11376550,USGS,battle creek,flow,max,358
44,2012,battle creek,11376550,USGS,battle creek,flow,mean,290.04910714285717
44,2012,battle creek,11376550,USGS,battle creek,flow,min,248
45,2012,battle creek,11376550,USGS,battle creek,flow,max,302
45,2012,battle creek,11376550,USGS,battle creek,flow,mean,276.8720238095238
45,2012,battle creek,11376550,USGS,battle creek,flow,min,258
46,2012,battle creek,11376550,USGS,battle creek,flow,max,589
46,2012,battle creek,11376550,USGS,battle creek,flow,mean,285.8794642857143
46,2012,battle creek,11376550,USGS,battle creek,flow,min,239
47,2012,battle creek,11376550,USGS,battle creek,flow,max,1950
47,2012,battle creek,11376550,USGS,battle creek,flow,mean,446.40476190476187
47,2012,battle creek,11376550,USGS,battle creek,flow,min,215
48,2012,battle creek,11376550,USGS,battle creek,flow,max,4650
48,2012,battle creek,11376550,USGS,battle creek,flow,mean,678.9434523809524
48,2012,battle creek,11376550,USGS,battle creek,flow,min,220
49,2012,battle creek,11376550,USGS,battle creek,flow,max,12300
49,2012,battle creek,11376550,USGS,battle creek,flow,mean,1645.7455357142858
49,2012,battle creek,11376550,USGS,battle creek,flow,min,545
50,2012,battle creek,11376550,USGS,battle creek,flow,max,1590
50,2012,battle creek,11376550,USGS,battle creek,flow,mean,535.3407738095239
50,2012,battle creek,11376550,USGS,battle creek,flow,min,419
51,2012,battle creek,11376550,USGS,battle creek,flow,max,4840
51,2012,battle creek,11376550,USGS,battle creek,flow,mean,1205.2559523809523
51,2012,battle creek,11376550,USGS,battle creek,flow,min,423
52,2012,battle creek,11376550,USGS,battle creek,flow,max,8320
52,2012,battle creek,11376550,USGS,battle creek,flow,mean,1310.799107142857
52,2012,battle creek,11376550,USGS,battle creek,flow,min,565
53,2012,battle creek,11376550,USGS,battle creek,flow,max,595
53,2012,battle creek,11376550,USGS,battle creek,flow,mean,531.7447916666667
53,2012,battle creek,11376550,USGS,battle creek,flow,min,333
1,2013,battle creek,11376550,USGS,battle creek,flow,max,580
1,2013,battle creek,11376550,USGS,battle creek,flow,mean,452.3943452380953
1,2013,battle creek,11376550,USGS,battle creek,flow,min,344
2,2013,battle creek,11376550,USGS,battle creek,flow,max,475
2,2013,battle creek,11376550,USGS,battle creek,flow,mean,416.9166666666667
2,2013,battle creek,11376550,USGS,battle creek,flow,min,371
3,2013,battle creek,11376550,USGS,battle creek,flow,max,415
3,2013,battle creek,11376550,USGS,battle creek,flow,mean,390.1636904761904
3,2013,battle creek,11376550,USGS,battle creek,flow,min,359
4,2013,battle creek,11376550,USGS,battle creek,flow,max,541
4,2013,battle creek,11376550,USGS,battle creek,flow,mean,455.1339285714286
4,2013,battle creek,11376550,USGS,battle creek,flow,min,178
5,2013,battle creek,11376550,USGS,battle creek,flow,max,471
5,2013,battle creek,11376550,USGS,battle creek,flow,mean,439.1264880952381
5,2013,battle creek,11376550,USGS,battle creek,flow,min,419
6,2013,battle creek,11376550,USGS,battle creek,flow,max,462
6,2013,battle creek,11376550,USGS,battle creek,flow,mean,427.66964285714283
6,2013,battle creek,11376550,USGS,battle creek,flow,min,371
7,2013,battle creek,11376550,USGS,battle creek,flow,max,423
7,2013,battle creek,11376550,USGS,battle creek,flow,mean,397.8050595238095
7,2013,battle creek,11376550,USGS,battle creek,flow,min,363
8,2013,battle creek,11376550,USGS,battle creek,flow,max,436
8,2013,battle creek,11376550,USGS,battle creek,flow,mean,388.09226190476187
8,2013,battle creek,11376550,USGS,battle creek,flow,min,352
9,2013,battle creek,11376550,USGS,battle creek,flow,max,432
9,2013,battle creek,11376550,USGS,battle creek,flow,mean,382.5342261904762
9,2013,battle creek,11376550,USGS,battle creek,flow,min,340
10,2013,battle creek,11376550,USGS,battle creek,flow,max,462
10,2013,battle creek,11376550,USGS,battle creek,flow,mean,395.7529761904762
10,2013,battle creek,11376550,USGS,battle creek,flow,min,355
11,2013,battle creek,11376550,USGS,battle creek,flow,max,445
11,2013,battle creek,11376550,USGS,battle creek,flow,mean,404.98958333333337
11,2013,battle creek,11376550,USGS,battle creek,flow,min,363
12,2013,battle creek,11376550,USGS,battle creek,flow,max,790
12,2013,battle creek,11376550,USGS,battle creek,flow,mean,478.3154761904762
12,2013,battle creek,11376550,USGS,battle creek,flow,min,386
13,2013,battle creek,11376550,USGS,battle creek,flow,max,996
13,2013,battle creek,11376550,USGS,battle creek,flow,mean,489.1860119047619
13,2013,battle creek,11376550,USGS,battle creek,flow,min,386
14,2013,battle creek,11376550,USGS,battle creek,flow,max,691
14,2013,battle creek,11376550,USGS,battle creek,flow,mean,555.5833333333334
14,2013,battle creek,11376550,USGS,battle creek,flow,min,498
15,2013,battle creek,11376550,USGS,battle creek,flow,max,616
15,2013,battle creek,11376550,USGS,battle creek,flow,mean,485.47321428571433
15,2013,battle creek,11376550,USGS,battle creek,flow,min,423
16,2013,battle creek,11376550,USGS,battle creek,flow,max,453
16,2013,battle creek,11376550,USGS,battle creek,flow,mean,403.2157738095238
16,2013,battle creek,11376550,USGS,battle creek,flow,min,363
17,2013,battle creek,11376550,USGS,battle creek,flow,max,419
17,2013,battle creek,11376550,USGS,battle creek,flow,mean,365.5892857142857
17,2013,battle creek,11376550,USGS,battle creek,flow,min,337
18,2013,battle creek,11376550,USGS,battle creek,flow,max,394
18,2013,battle creek,11376550,USGS,battle creek,flow,mean,355.9836309523809
18,2013,battle creek,11376550,USGS,battle creek,flow,min,315
19,2013,battle creek,11376550,USGS,battle creek,flow,max,407
19,2013,battle creek,11376550,USGS,battle creek,flow,mean,354.17708333333337
19,2013,battle creek,11376550,USGS,battle creek,flow,min,322
20,2013,battle creek,11376550,USGS,battle creek,flow,max,550
20,2013,battle creek,11376550,USGS,battle creek,flow,mean,362.49404761904765
20,2013,battle creek,11376550,USGS,battle creek,flow,min,308
21,2013,battle creek,11376550,USGS,battle creek,flow,max,337
21,2013,battle creek,11376550,USGS,battle creek,flow,mean,300.5143633540373
21,2013,battle creek,11376550,USGS,battle creek,flow,min,281
22,2013,battle creek,11376550,USGS,battle creek,flow,max,371
22,2013,battle creek,11376550,USGS,battle creek,flow,mean,302.84970238095235
22,2013,battle creek,11376550,USGS,battle creek,flow,min,268
23,2013,battle creek,11376550,USGS,battle creek,flow,max,326
23,2013,battle creek,11376550,USGS,battle creek,flow,mean,287.1607142857143
23,2013,battle creek,11376550,USGS,battle creek,flow,min,237
24,2013,battle creek,11376550,USGS,battle creek,flow,max,311
24,2013,battle creek,11376550,USGS,battle creek,flow,mean,260.2455357142857
24,2013,battle creek,11376550,USGS,battle creek,flow,min,228
25,2013,battle creek,11376550,USGS,battle creek,flow,max,274
25,2013,battle creek,11376550,USGS,battle creek,flow,mean,241.99553571428572
25,2013,battle creek,11376550,USGS,battle creek,flow,min,205
26,2013,battle creek,11376550,USGS,battle creek,flow,max,371
26,2013,battle creek,11376550,USGS,battle creek,flow,mean,258.55580357142856
26,2013,battle creek,11376550,USGS,battle creek,flow,min,216
27,2013,battle creek,11376550,USGS,battle creek,flow,max,249
27,2013,battle creek,11376550,USGS,battle creek,flow,mean,229.76601890756302
27,2013,battle creek,11376550,USGS,battle creek,flow,min,202
30,2013,battle creek,11376550,USGS,battle creek,flow,max,222
30,2013,battle creek,11376550,USGS,battle creek,flow,mean,214.35622373949582
30,2013,battle creek,11376550,USGS,battle creek,flow,min,205
31,2013,battle creek,11376550,USGS,battle creek,flow,max,216
31,2013,battle creek,11376550,USGS,battle creek,flow,mean,207.19745710784315
31,2013,battle creek,11376550,USGS,battle creek,flow,min,197
32,2013,battle creek,11376550,USGS,battle creek,flow,max,219
32,2013,battle creek,11376550,USGS,battle creek,flow,mean,208.71056547619048
32,2013,battle creek,11376550,USGS,battle creek,flow,min,202
33,2013,battle creek,11376550,USGS,battle creek,flow,max,216
33,2013,battle creek,11376550,USGS,battle creek,flow,mean,206.44138071895426
33,2013,battle creek,11376550,USGS,battle creek,flow,min,199
34,2013,battle creek,11376550,USGS,battle creek,flow,max,216
34,2013,battle creek,11376550,USGS,battle creek,flow,mean,204.02591036414566
34,2013,battle creek,11376550,USGS,battle creek,flow,min,191
35,2013,battle creek,11376550,USGS,battle creek,flow,max,208
35,2013,battle creek,11376550,USGS,battle creek,flow,mean,200.6647465437788
35,2013,battle creek,11376550,USGS,battle creek,flow,min,194
36,2013,battle creek,11376550,USGS,battle creek,flow,max,208
36,2013,battle creek,11376550,USGS,battle creek,flow,mean,198.10133547008547
36,2013,battle creek,11376550,USGS,battle creek,flow,min,191
37,2013,battle creek,11376550,USGS,battle creek,flow,max,202
37,2013,battle creek,11376550,USGS,battle creek,flow,mean,199.57142857142858
37,2013,battle creek,11376550,USGS,battle creek,flow,min,197
38,2013,battle creek,11376550,USGS,battle creek,flow,max,243
38,2013,battle creek,11376550,USGS,battle creek,flow,mean,205.54971988795518
38,2013,battle creek,11376550,USGS,battle creek,flow,min,184
39,2013,battle creek,11376550,USGS,battle creek,flow,max,216
39,2013,battle creek,11376550,USGS,battle creek,flow,mean,200.3452380952381
39,2013,battle creek,11376550,USGS,battle creek,flow,min,186
40,2013,battle creek,11376550,USGS,battle creek,flow,max,225
40,2013,battle creek,11376550,USGS,battle creek,flow,mean,203.10714285714286
40,2013,battle creek,11376550,USGS,battle creek,flow,min,178
41,2013,battle creek,11376550,USGS,battle creek,flow,max,222
41,2013,battle creek,11376550,USGS,battle creek,flow,mean,204.35714285714286
41,2013,battle creek,11376550,USGS,battle creek,flow,min,197
42,2013,battle creek,11376550,USGS,battle creek,flow,max,225
42,2013,battle creek,11376550,USGS,battle creek,flow,mean,204.46908602150538
42,2013,battle creek,11376550,USGS,battle creek,flow,min,197
43,2013,battle creek,11376550,USGS,battle creek,flow,max,231
43,2013,battle creek,11376550,USGS,battle creek,flow,mean,204.33482142857142
43,2013,battle creek,11376550,USGS,battle creek,flow,min,197
44,2013,battle creek,11376550,USGS,battle creek,flow,max,234
44,2013,battle creek,11376550,USGS,battle creek,flow,mean,209.52678571428572
44,2013,battle creek,11376550,USGS,battle creek,flow,min,194
45,2013,battle creek,11376550,USGS,battle creek,flow,max,234
45,2013,battle creek,11376550,USGS,battle creek,flow,mean,207.73214285714286
45,2013,battle creek,11376550,USGS,battle creek,flow,min,191
46,2013,battle creek,11376550,USGS,battle creek,flow,max,216
46,2013,battle creek,11376550,USGS,battle creek,flow,mean,207.01190476190476
46,2013,battle creek,11376550,USGS,battle creek,flow,min,197
47,2013,battle creek,11376550,USGS,battle creek,flow,max,375
47,2013,battle creek,11376550,USGS,battle creek,flow,mean,242.61458333333331
47,2013,battle creek,11376550,USGS,battle creek,flow,min,205
48,2013,battle creek,11376550,USGS,battle creek,flow,max,231
48,2013,battle creek,11376550,USGS,battle creek,flow,mean,220.25446428571428
48,2013,battle creek,11376550,USGS,battle creek,flow,min,213
49,2013,battle creek,11376550,USGS,battle creek,flow,max,237
49,2013,battle creek,11376550,USGS,battle creek,flow,mean,224.99255952380955
49,2013,battle creek,11376550,USGS,battle creek,flow,min,191
50,2013,battle creek,11376550,USGS,battle creek,flow,max,234
50,2013,battle creek,11376550,USGS,battle creek,flow,mean,223.55803571428572
50,2013,battle creek,11376550,USGS,battle creek,flow,min,216
51,2013,battle creek,11376550,USGS,battle creek,flow,max,249
51,2013,battle creek,11376550,USGS,battle creek,flow,mean,215.85267857142858
51,2013,battle creek,11376550,USGS,battle creek,flow,min,205
52,2013,battle creek,11376550,USGS,battle creek,flow,max,225
52,2013,battle creek,11376550,USGS,battle creek,flow,mean,212.22470238095238
52,2013,battle creek,11376550,USGS,battle creek,flow,min,202
53,2013,battle creek,11376550,USGS,battle creek,flow,max,216
53,2013,battle creek,11376550,USGS,battle creek,flow,mean,212.19791666666666
53,2013,battle creek,11376550,USGS,battle creek,flow,min,205
1,2014,battle creek,11376550,USGS,battle creek,flow,max,219
1,2014,battle creek,11376550,USGS,battle creek,flow,mean,212.7827380952381
1,2014,battle creek,11376550,USGS,battle creek,flow,min,205
2,2014,battle creek,11376550,USGS,battle creek,flow,max,222
2,2014,battle creek,11376550,USGS,battle creek,flow,mean,215.72172619047618
2,2014,battle creek,11376550,USGS,battle creek,flow,min,208
3,2014,battle creek,11376550,USGS,battle creek,flow,max,219
3,2014,battle creek,11376550,USGS,battle creek,flow,mean,208.97172619047618
3,2014,battle creek,11376550,USGS,battle creek,flow,min,199
4,2014,battle creek,11376550,USGS,battle creek,flow,max,213
4,2014,battle creek,11376550,USGS,battle creek,flow,mean,206.3779761904762
4,2014,battle creek,11376550,USGS,battle creek,flow,min,189
5,2014,battle creek,11376550,USGS,battle creek,flow,max,249
5,2014,battle creek,11376550,USGS,battle creek,flow,mean,215.73656015037594
5,2014,battle creek,11376550,USGS,battle creek,flow,min,199
6,2014,battle creek,11376550,USGS,battle creek,flow,max,3360
6,2014,battle creek,11376550,USGS,battle creek,flow,mean,509.16220238095235
6,2014,battle creek,11376550,USGS,battle creek,flow,min,197
7,2014,battle creek,11376550,USGS,battle creek,flow,max,686
7,2014,battle creek,11376550,USGS,battle creek,flow,mean,346.7336309523809
7,2014,battle creek,11376550,USGS,battle creek,flow,min,277
8,2014,battle creek,11376550,USGS,battle creek,flow,max,311
8,2014,battle creek,11376550,USGS,battle creek,flow,mean,258.97321428571433
8,2014,battle creek,11376550,USGS,battle creek,flow,min,225
9,2014,battle creek,11376550,USGS,battle creek,flow,max,2590
9,2014,battle creek,11376550,USGS,battle creek,flow,mean,581.4419642857142
9,2014,battle creek,11376550,USGS,battle creek,flow,min,225
10,2014,battle creek,11376550,USGS,battle creek,flow,max,6410
10,2014,battle creek,11376550,USGS,battle creek,flow,mean,930.3199404761905
10,2014,battle creek,11376550,USGS,battle creek,flow,min,348
11,2014,battle creek,11376550,USGS,battle creek,flow,max,784
11,2014,battle creek,11376550,USGS,battle creek,flow,mean,435.2172619047619
11,2014,battle creek,11376550,USGS,battle creek,flow,min,308
12,2014,battle creek,11376550,USGS,battle creek,flow,max,333
12,2014,battle creek,11376550,USGS,battle creek,flow,mean,292.4226190476191
12,2014,battle creek,11376550,USGS,battle creek,flow,min,265
13,2014,battle creek,11376550,USGS,battle creek,flow,max,1380
13,2014,battle creek,11376550,USGS,battle creek,flow,mean,577.5892857142857
13,2014,battle creek,11376550,USGS,battle creek,flow,min,291
14,2014,battle creek,11376550,USGS,battle creek,flow,max,590
14,2014,battle creek,11376550,USGS,battle creek,flow,mean,420.10267857142856
14,2014,battle creek,11376550,USGS,battle creek,flow,min,319
15,2014,battle creek,11376550,USGS,battle creek,flow,max,386
15,2014,battle creek,11376550,USGS,battle creek,flow,mean,347.54910714285717
15,2014,battle creek,11376550,USGS,battle creek,flow,min,305
16,2014,battle creek,11376550,USGS,battle creek,flow,max,340
16,2014,battle creek,11376550,USGS,battle creek,flow,mean,306.5074404761904
16,2014,battle creek,11376550,USGS,battle creek,flow,min,287
17,2014,battle creek,11376550,USGS,battle creek,flow,max,432
17,2014,battle creek,11376550,USGS,battle creek,flow,mean,311.51785714285717
17,2014,battle creek,11376550,USGS,battle creek,flow,min,274
18,2014,battle creek,11376550,USGS,battle creek,flow,max,298
18,2014,battle creek,11376550,USGS,battle creek,flow,mean,270.4747023809524
18,2014,battle creek,11376550,USGS,battle creek,flow,min,252
19,2014,battle creek,11376550,USGS,battle creek,flow,max,379
19,2014,battle creek,11376550,USGS,battle creek,flow,mean,275.60863095238096
19,2014,battle creek,11376550,USGS,battle creek,flow,min,208
20,2014,battle creek,11376550,USGS,battle creek,flow,max,298
20,2014,battle creek,11376550,USGS,battle creek,flow,mean,262.5327380952381
20,2014,battle creek,11376550,USGS,battle creek,flow,min,246
21,2014,battle creek,11376550,USGS,battle creek,flow,max,291
21,2014,battle creek,11376550,USGS,battle creek,flow,mean,267.9032738095238
21,2014,battle creek,11376550,USGS,battle creek,flow,min,249
22,2014,battle creek,11376550,USGS,battle creek,flow,max,284
22,2014,battle creek,11376550,USGS,battle creek,flow,mean,258.2470238095238
22,2014,battle creek,11376550,USGS,battle creek,flow,min,228
23,2014,battle creek,11376550,USGS,battle creek,flow,max,294
23,2014,battle creek,11376550,USGS,battle creek,flow,mean,240.98511904761904
23,2014,battle creek,11376550,USGS,battle creek,flow,min,197
24,2014,battle creek,11376550,USGS,battle creek,flow,max,294
24,2014,battle creek,11376550,USGS,battle creek,flow,mean,242.74702380952382
24,2014,battle creek,11376550,USGS,battle creek,flow,min,222
25,2014,battle creek,11376550,USGS,battle creek,flow,max,258
25,2014,battle creek,11376550,USGS,battle creek,flow,mean,227.55803571428572
25,2014,battle creek,11376550,USGS,battle creek,flow,min,199
26,2014,battle creek,11376550,USGS,battle creek,flow,max,249
26,2014,battle creek,11376550,USGS,battle creek,flow,mean,218.66666666666669
26,2014,battle creek,11376550,USGS,battle creek,flow,min,202
27,2014,battle creek,11376550,USGS,battle creek,flow,max,234
27,2014,battle creek,11376550,USGS,battle creek,flow,mean,207.06696428571428
27,2014,battle creek,11376550,USGS,battle creek,flow,min,173
28,2014,battle creek,11376550,USGS,battle creek,flow,max,240
28,2014,battle creek,11376550,USGS,battle creek,flow,mean,215.6443452380952
28,2014,battle creek,11376550,USGS,battle creek,flow,min,171
29,2014,battle creek,11376550,USGS,battle creek,flow,max,208
29,2014,battle creek,11376550,USGS,battle creek,flow,mean,196.87797619047618
29,2014,battle creek,11376550,USGS,battle creek,flow,min,186
30,2014,battle creek,11376550,USGS,battle creek,flow,max,213
30,2014,battle creek,11376550,USGS,battle creek,flow,mean,194.05059523809524
30,2014,battle creek,11376550,USGS,battle creek,flow,min,147
31,2014,battle creek,11376550,USGS,battle creek,flow,max,294
31,2014,battle creek,11376550,USGS,battle creek,flow,mean,195.3735119047619
31,2014,battle creek,11376550,USGS,battle creek,flow,min,176
32,2014,battle creek,11376550,USGS,battle creek,flow,max,234
32,2014,battle creek,11376550,USGS,battle creek,flow,mean,202.9598214285714
32,2014,battle creek,11376550,USGS,battle creek,flow,min,181
33,2014,battle creek,11376550,USGS,battle creek,flow,max,208
33,2014,battle creek,11376550,USGS,battle creek,flow,mean,187.15922619047618
33,2014,battle creek,11376550,USGS,battle creek,flow,min,171
34,2014,battle creek,11376550,USGS,battle creek,flow,max,213
34,2014,battle creek,11376550,USGS,battle creek,flow,mean,180.55654761904762
34,2014,battle creek,11376550,USGS,battle creek,flow,min,168
35,2014,battle creek,11376550,USGS,battle creek,flow,max,199
35,2014,battle creek,11376550,USGS,battle creek,flow,mean,181.5625
35,2014,battle creek,11376550,USGS,battle creek,flow,min,168
36,2014,battle creek,11376550,USGS,battle creek,flow,max,208
36,2014,battle creek,11376550,USGS,battle creek,flow,mean,183.9598214285714
36,2014,battle creek,11376550,USGS,battle creek,flow,min,171
37,2014,battle creek,11376550,USGS,battle creek,flow,max,197
37,2014,battle creek,11376550,USGS,battle creek,flow,mean,184.38988095238096
37,2014,battle creek,11376550,USGS,battle creek,flow,min,166
38,2014,battle creek,11376550,USGS,battle creek,flow,max,205
38,2014,battle creek,11376550,USGS,battle creek,flow,mean,195.1220238095238
38,2014,battle creek,11376550,USGS,battle creek,flow,min,181
39,2014,battle creek,11376550,USGS,battle creek,flow,max,274
39,2014,battle creek,11376550,USGS,battle creek,flow,mean,206.4583333333333
39,2014,battle creek,11376550,USGS,battle creek,flow,min,173
40,2014,battle creek,11376550,USGS,battle creek,flow,max,205
40,2014,battle creek,11376550,USGS,battle creek,flow,mean,196.64583333333331
40,2014,battle creek,11376550,USGS,battle creek,flow,min,186
41,2014,battle creek,11376550,USGS,battle creek,flow,max,202
41,2014,battle creek,11376550,USGS,battle creek,flow,mean,192.3125
41,2014,battle creek,11376550,USGS,battle creek,flow,min,184
42,2014,battle creek,11376550,USGS,battle creek,flow,max,219
42,2014,battle creek,11376550,USGS,battle creek,flow,mean,199.92113095238096
42,2014,battle creek,11376550,USGS,battle creek,flow,min,178
43,2014,battle creek,11376550,USGS,battle creek,flow,max,1420
43,2014,battle creek,11376550,USGS,battle creek,flow,mean,259.39136904761904
43,2014,battle creek,11376550,USGS,battle creek,flow,min,197
44,2014,battle creek,11376550,USGS,battle creek,flow,max,517
44,2014,battle creek,11376550,USGS,battle creek,flow,mean,237.09077380952382
44,2014,battle creek,11376550,USGS,battle creek,flow,min,194
45,2014,battle creek,11376550,USGS,battle creek,flow,max,231
45,2014,battle creek,11376550,USGS,battle creek,flow,mean,210.1264880952381
45,2014,battle creek,11376550,USGS,battle creek,flow,min,191
46,2014,battle creek,11376550,USGS,battle creek,flow,max,237
46,2014,battle creek,11376550,USGS,battle creek,flow,mean,213.58928571428572
46,2014,battle creek,11376550,USGS,battle creek,flow,min,205
47,2014,battle creek,11376550,USGS,battle creek,flow,max,308
47,2014,battle creek,11376550,USGS,battle creek,flow,mean,241.19196428571428
47,2014,battle creek,11376550,USGS,battle creek,flow,min,205
48,2014,battle creek,11376550,USGS,battle creek,flow,max,808
48,2014,battle creek,11376550,USGS,battle creek,flow,mean,356.3080357142857
48,2014,battle creek,11376550,USGS,battle creek,flow,min,205
49,2014,battle creek,11376550,USGS,battle creek,flow,max,15300
49,2014,battle creek,11376550,USGS,battle creek,flow,mean,1401.623511904762
49,2014,battle creek,11376550,USGS,battle creek,flow,min,337
50,2014,battle creek,11376550,USGS,battle creek,flow,max,13500
50,2014,battle creek,11376550,USGS,battle creek,flow,mean,2073.7872023809527
50,2014,battle creek,11376550,USGS,battle creek,flow,min,383
51,2014,battle creek,11376550,USGS,battle creek,flow,max,1790
51,2014,battle creek,11376550,USGS,battle creek,flow,mean,1068.1354166666667
51,2014,battle creek,11376550,USGS,battle creek,flow,min,742
52,2014,battle creek,11376550,USGS,battle creek,flow,max,742
52,2014,battle creek,11376550,USGS,battle creek,flow,mean,585.2321428571429
52,2014,battle creek,11376550,USGS,battle creek,flow,min,480
53,2014,battle creek,11376550,USGS,battle creek,flow,max,491
53,2014,battle creek,11376550,USGS,battle creek,flow,mean,491
53,2014,battle creek,11376550,USGS,battle creek,flow,min,491
1,2015,battle creek,11376550,USGS,battle creek,flow,max,480
1,2015,battle creek,11376550,USGS,battle creek,flow,mean,422.01190476190476
1,2015,battle creek,11376550,USGS,battle creek,flow,min,342
2,2015,battle creek,11376550,USGS,battle creek,flow,max,455
2,2015,battle creek,11376550,USGS,battle creek,flow,mean,382.5669642857143
2,2015,battle creek,11376550,USGS,battle creek,flow,min,342
3,2015,battle creek,11376550,USGS,battle creek,flow,max,411
3,2015,battle creek,11376550,USGS,battle creek,flow,mean,370.5208333333333
3,2015,battle creek,11376550,USGS,battle creek,flow,min,338
4,2015,battle creek,11376550,USGS,battle creek,flow,max,392
4,2015,battle creek,11376550,USGS,battle creek,flow,mean,356.26785714285717
4,2015,battle creek,11376550,USGS,battle creek,flow,min,338
5,2015,battle creek,11376550,USGS,battle creek,flow,max,416
5,2015,battle creek,11376550,USGS,battle creek,flow,mean,352.97023809523813
5,2015,battle creek,11376550,USGS,battle creek,flow,min,320
6,2015,battle creek,11376550,USGS,battle creek,flow,max,1580
6,2015,battle creek,11376550,USGS,battle creek,flow,mean,786.7767857142857
6,2015,battle creek,11376550,USGS,battle creek,flow,min,329
7,2015,battle creek,11376550,USGS,battle creek,flow,max,651
7,2015,battle creek,11376550,USGS,battle creek,flow,mean,479.938988095238
7,2015,battle creek,11376550,USGS,battle creek,flow,min,378
8,2015,battle creek,11376550,USGS,battle creek,flow,max,416
8,2015,battle creek,11376550,USGS,battle creek,flow,mean,357.91964285714283
8,2015,battle creek,11376550,USGS,battle creek,flow,min,308
9,2015,battle creek,11376550,USGS,battle creek,flow,max,351
9,2015,battle creek,11376550,USGS,battle creek,flow,mean,318.1130952380953
9,2015,battle creek,11376550,USGS,battle creek,flow,min,287
10,2015,battle creek,11376550,USGS,battle creek,flow,max,369
10,2015,battle creek,11376550,USGS,battle creek,flow,mean,289.2440476190476
10,2015,battle creek,11376550,USGS,battle creek,flow,min,229
11,2015,battle creek,11376550,USGS,battle creek,flow,max,338
11,2015,battle creek,11376550,USGS,battle creek,flow,mean,289.10565476190476
11,2015,battle creek,11376550,USGS,battle creek,flow,min,247
12,2015,battle creek,11376550,USGS,battle creek,flow,max,308
12,2015,battle creek,11376550,USGS,battle creek,flow,mean,267.71726190476187
12,2015,battle creek,11376550,USGS,battle creek,flow,min,232
13,2015,battle creek,11376550,USGS,battle creek,flow,max,295
13,2015,battle creek,11376550,USGS,battle creek,flow,mean,253.83035714285714
13,2015,battle creek,11376550,USGS,battle creek,flow,min,211
14,2015,battle creek,11376550,USGS,battle creek,flow,max,320
14,2015,battle creek,11376550,USGS,battle creek,flow,mean,256.8095238095238
14,2015,battle creek,11376550,USGS,battle creek,flow,min,211
15,2015,battle creek,11376550,USGS,battle creek,flow,max,295
15,2015,battle creek,11376550,USGS,battle creek,flow,mean,245.0357142857143
15,2015,battle creek,11376550,USGS,battle creek,flow,min,187
16,2015,battle creek,11376550,USGS,battle creek,flow,max,283
16,2015,battle creek,11376550,USGS,battle creek,flow,mean,229.10119047619045
16,2015,battle creek,11376550,USGS,battle creek,flow,min,193
17,2015,battle creek,11376550,USGS,battle creek,flow,max,295
17,2015,battle creek,11376550,USGS,battle creek,flow,mean,243.1800595238095
17,2015,battle creek,11376550,USGS,battle creek,flow,min,190
18,2015,battle creek,11376550,USGS,battle creek,flow,max,275
18,2015,battle creek,11376550,USGS,battle creek,flow,mean,230.44642857142858
18,2015,battle creek,11376550,USGS,battle creek,flow,min,187
19,2015,battle creek,11376550,USGS,battle creek,flow,max,342
19,2015,battle creek,11376550,USGS,battle creek,flow,mean,274.73214285714283
19,2015,battle creek,11376550,USGS,battle creek,flow,min,218
20,2015,battle creek,11376550,USGS,battle creek,flow,max,338
20,2015,battle creek,11376550,USGS,battle creek,flow,mean,257.4404761904762
20,2015,battle creek,11376550,USGS,battle creek,flow,min,197
21,2015,battle creek,11376550,USGS,battle creek,flow,max,316
21,2015,battle creek,11376550,USGS,battle creek,flow,mean,236.30803571428572
21,2015,battle creek,11376550,USGS,battle creek,flow,min,187
22,2015,battle creek,11376550,USGS,battle creek,flow,max,283
22,2015,battle creek,11376550,USGS,battle creek,flow,mean,219.54017857142858
22,2015,battle creek,11376550,USGS,battle creek,flow,min,187
23,2015,battle creek,11376550,USGS,battle creek,flow,max,244
23,2015,battle creek,11376550,USGS,battle creek,flow,mean,215.86926020408166
23,2015,battle creek,11376550,USGS,battle creek,flow,min,190
24,2015,battle creek,11376550,USGS,battle creek,flow,max,255
24,2015,battle creek,11376550,USGS,battle creek,flow,mean,212.47172619047618
24,2015,battle creek,11376550,USGS,battle creek,flow,min,190
25,2015,battle creek,11376550,USGS,battle creek,flow,max,218
25,2015,battle creek,11376550,USGS,battle creek,flow,mean,194.3452380952381
25,2015,battle creek,11376550,USGS,battle creek,flow,min,183
26,2015,battle creek,11376550,USGS,battle creek,flow,max,225
26,2015,battle creek,11376550,USGS,battle creek,flow,mean,183.70238095238093
26,2015,battle creek,11376550,USGS,battle creek,flow,min,158
27,2015,battle creek,11376550,USGS,battle creek,flow,max,207
27,2015,battle creek,11376550,USGS,battle creek,flow,mean,188.84523809523807
27,2015,battle creek,11376550,USGS,battle creek,flow,min,177
28,2015,battle creek,11376550,USGS,battle creek,flow,max,214
28,2015,battle creek,11376550,USGS,battle creek,flow,mean,198.9613095238095
28,2015,battle creek,11376550,USGS,battle creek,flow,min,180
29,2015,battle creek,11376550,USGS,battle creek,flow,max,218
29,2015,battle creek,11376550,USGS,battle creek,flow,mean,182.29613095238096
29,2015,battle creek,11376550,USGS,battle creek,flow,min,170
30,2015,battle creek,11376550,USGS,battle creek,flow,max,204
30,2015,battle creek,11376550,USGS,battle creek,flow,mean,181.41666666666669
30,2015,battle creek,11376550,USGS,battle creek,flow,min,170
31,2015,battle creek,11376550,USGS,battle creek,flow,max,207
31,2015,battle creek,11376550,USGS,battle creek,flow,mean,177.64732142857142
31,2015,battle creek,11376550,USGS,battle creek,flow,min,164
32,2015,battle creek,11376550,USGS,battle creek,flow,max,187
32,2015,battle creek,11376550,USGS,battle creek,flow,mean,176.20833333333331
32,2015,battle creek,11376550,USGS,battle creek,flow,min,167
33,2015,battle creek,11376550,USGS,battle creek,flow,max,193
33,2015,battle creek,11376550,USGS,battle creek,flow,mean,170.9702380952381
33,2015,battle creek,11376550,USGS,battle creek,flow,min,158
34,2015,battle creek,11376550,USGS,battle creek,flow,max,187
34,2015,battle creek,11376550,USGS,battle creek,flow,mean,173.125
34,2015,battle creek,11376550,USGS,battle creek,flow,min,164
35,2015,battle creek,11376550,USGS,battle creek,flow,max,229
35,2015,battle creek,11376550,USGS,battle creek,flow,mean,173.40327380952382
35,2015,battle creek,11376550,USGS,battle creek,flow,min,151
36,2015,battle creek,11376550,USGS,battle creek,flow,max,190
36,2015,battle creek,11376550,USGS,battle creek,flow,mean,175.91517857142858
36,2015,battle creek,11376550,USGS,battle creek,flow,min,158
37,2015,battle creek,11376550,USGS,battle creek,flow,max,190
37,2015,battle creek,11376550,USGS,battle creek,flow,mean,169.13095238095235
37,2015,battle creek,11376550,USGS,battle creek,flow,min,154
38,2015,battle creek,11376550,USGS,battle creek,flow,max,204
38,2015,battle creek,11376550,USGS,battle creek,flow,mean,169.59970238095238
38,2015,battle creek,11376550,USGS,battle creek,flow,min,136
39,2015,battle creek,11376550,USGS,battle creek,flow,max,180
39,2015,battle creek,11376550,USGS,battle creek,flow,mean,163.2931547619048
39,2015,battle creek,11376550,USGS,battle creek,flow,min,125
40,2015,battle creek,11376550,USGS,battle creek,flow,max,183
40,2015,battle creek,11376550,USGS,battle creek,flow,mean,168.80505952380955
40,2015,battle creek,11376550,USGS,battle creek,flow,min,148
41,2015,battle creek,11376550,USGS,battle creek,flow,max,215
41,2015,battle creek,11376550,USGS,battle creek,flow,mean,173.11597644376903
41,2015,battle creek,11376550,USGS,battle creek,flow,min,141
42,2015,battle creek,11376550,USGS,battle creek,flow,max,215
42,2015,battle creek,11376550,USGS,battle creek,flow,mean,172.5
42,2015,battle creek,11376550,USGS,battle creek,flow,min,158
43,2015,battle creek,11376550,USGS,battle creek,flow,max,188
43,2015,battle creek,11376550,USGS,battle creek,flow,mean,164.09523809523807
43,2015,battle creek,11376550,USGS,battle creek,flow,min,148
44,2015,battle creek,11376550,USGS,battle creek,flow,max,207
44,2015,battle creek,11376550,USGS,battle creek,flow,mean,171.97916666666669
44,2015,battle creek,11376550,USGS,battle creek,flow,min,144
45,2015,battle creek,11376550,USGS,battle creek,flow,max,282
45,2015,battle creek,11376550,USGS,battle creek,flow,mean,188.54613095238096
45,2015,battle creek,11376550,USGS,battle creek,flow,min,158
46,2015,battle creek,11376550,USGS,battle creek,flow,max,269
46,2015,battle creek,11376550,USGS,battle creek,flow,mean,191.8988095238095
46,2015,battle creek,11376550,USGS,battle creek,flow,min,176
47,2015,battle creek,11376550,USGS,battle creek,flow,max,227
47,2015,battle creek,11376550,USGS,battle creek,flow,mean,191.3794642857143
47,2015,battle creek,11376550,USGS,battle creek,flow,min,169
48,2015,battle creek,11376550,USGS,battle creek,flow,max,231
48,2015,battle creek,11376550,USGS,battle creek,flow,mean,205.29464285714283
48,2015,battle creek,11376550,USGS,battle creek,flow,min,180
49,2015,battle creek,11376550,USGS,battle creek,flow,max,364
49,2015,battle creek,11376550,USGS,battle creek,flow,mean,234.35863095238093
49,2015,battle creek,11376550,USGS,battle creek,flow,min,199
50,2015,battle creek,11376550,USGS,battle creek,flow,max,1110
50,2015,battle creek,11376550,USGS,battle creek,flow,mean,467.02232142857144
50,2015,battle creek,11376550,USGS,battle creek,flow,min,286
51,2015,battle creek,11376550,USGS,battle creek,flow,max,3860
51,2015,battle creek,11376550,USGS,battle creek,flow,mean,915.498511904762
51,2015,battle creek,11376550,USGS,battle creek,flow,min,256
52,2015,battle creek,11376550,USGS,battle creek,flow,max,694
52,2015,battle creek,11376550,USGS,battle creek,flow,mean,393.0163690476191
52,2015,battle creek,11376550,USGS,battle creek,flow,min,260
53,2015,battle creek,11376550,USGS,battle creek,flow,max,304
53,2015,battle creek,11376550,USGS,battle creek,flow,mean,285.9375
53,2015,battle creek,11376550,USGS,battle creek,flow,min,269
1,2016,battle creek,11376550,USGS,battle creek,flow,max,1610
1,2016,battle creek,11376550,USGS,battle creek,flow,mean,447.0416666666667
1,2016,battle creek,11376550,USGS,battle creek,flow,min,248
2,2016,battle creek,11376550,USGS,battle creek,flow,max,1520
2,2016,battle creek,11376550,USGS,battle creek,flow,mean,521.592261904762
2,2016,battle creek,11376550,USGS,battle creek,flow,min,304
3,2016,battle creek,11376550,USGS,battle creek,flow,max,4050
3,2016,battle creek,11376550,USGS,battle creek,flow,mean,1223.96875
3,2016,battle creek,11376550,USGS,battle creek,flow,min,550
4,2016,battle creek,11376550,USGS,battle creek,flow,max,1420
4,2016,battle creek,11376550,USGS,battle creek,flow,mean,844.764880952381
4,2016,battle creek,11376550,USGS,battle creek,flow,min,545
5,2016,battle creek,11376550,USGS,battle creek,flow,max,6890
5,2016,battle creek,11376550,USGS,battle creek,flow,mean,1428.4196428571431
5,2016,battle creek,11376550,USGS,battle creek,flow,min,578
6,2016,battle creek,11376550,USGS,battle creek,flow,max,647
6,2016,battle creek,11376550,USGS,battle creek,flow,mean,535.1175595238095
6,2016,battle creek,11376550,USGS,battle creek,flow,min,469
7,2016,battle creek,11376550,USGS,battle creek,flow,max,1020
7,2016,battle creek,11376550,USGS,battle creek,flow,mean,501.6101190476191
7,2016,battle creek,11376550,USGS,battle creek,flow,min,408
8,2016,battle creek,11376550,USGS,battle creek,flow,max,843
8,2016,battle creek,11376550,USGS,battle creek,flow,mean,533.0952380952381
8,2016,battle creek,11376550,USGS,battle creek,flow,min,438
9,2016,battle creek,11376550,USGS,battle creek,flow,max,485
9,2016,battle creek,11376550,USGS,battle creek,flow,mean,427.70535714285717
9,2016,battle creek,11376550,USGS,battle creek,flow,min,388
10,2016,battle creek,11376550,USGS,battle creek,flow,max,7960
10,2016,battle creek,11376550,USGS,battle creek,flow,mean,1548.4360119047617
10,2016,battle creek,11376550,USGS,battle creek,flow,min,428
11,2016,battle creek,11376550,USGS,battle creek,flow,max,2470
11,2016,battle creek,11376550,USGS,battle creek,flow,mean,1576.6770833333335
11,2016,battle creek,11376550,USGS,battle creek,flow,min,914
12,2016,battle creek,11376550,USGS,battle creek,flow,max,1700
12,2016,battle creek,11376550,USGS,battle creek,flow,mean,972.0997023809524
12,2016,battle creek,11376550,USGS,battle creek,flow,min,767
13,2016,battle creek,11376550,USGS,battle creek,flow,max,817
13,2016,battle creek,11376550,USGS,battle creek,flow,mean,684.9166666666667
13,2016,battle creek,11376550,USGS,battle creek,flow,min,561
14,2016,battle creek,11376550,USGS,battle creek,flow,max,635
14,2016,battle creek,11376550,USGS,battle creek,flow,mean,557.3928571428571
14,2016,battle creek,11376550,USGS,battle creek,flow,min,501
15,2016,battle creek,11376550,USGS,battle creek,flow,max,908
15,2016,battle creek,11376550,USGS,battle creek,flow,mean,661.0059523809524
15,2016,battle creek,11376550,USGS,battle creek,flow,min,539
16,2016,battle creek,11376550,USGS,battle creek,flow,max,712
16,2016,battle creek,11376550,USGS,battle creek,flow,mean,596.1011904761905
16,2016,battle creek,11376550,USGS,battle creek,flow,min,534
17,2016,battle creek,11376550,USGS,battle creek,flow,max,830
17,2016,battle creek,11376550,USGS,battle creek,flow,mean,588.3363095238094
17,2016,battle creek,11376550,USGS,battle creek,flow,min,355
18,2016,battle creek,11376550,USGS,battle creek,flow,max,496
18,2016,battle creek,11376550,USGS,battle creek,flow,mean,464.5654761904762
18,2016,battle creek,11376550,USGS,battle creek,flow,min,413
19,2016,battle creek,11376550,USGS,battle creek,flow,max,635
19,2016,battle creek,11376550,USGS,battle creek,flow,mean,535.5059523809524
19,2016,battle creek,11376550,USGS,battle creek,flow,min,379
20,2016,battle creek,11376550,USGS,battle creek,flow,max,556
20,2016,battle creek,11376550,USGS,battle creek,flow,mean,481.45982142857144
20,2016,battle creek,11376550,USGS,battle creek,flow,min,413
21,2016,battle creek,11376550,USGS,battle creek,flow,max,523
21,2016,battle creek,11376550,USGS,battle creek,flow,mean,470.5461309523809
21,2016,battle creek,11376550,USGS,battle creek,flow,min,423
22,2016,battle creek,11376550,USGS,battle creek,flow,max,459
22,2016,battle creek,11376550,USGS,battle creek,flow,mean,419.9732142857143
22,2016,battle creek,11376550,USGS,battle creek,flow,min,388
23,2016,battle creek,11376550,USGS,battle creek,flow,max,469
23,2016,battle creek,11376550,USGS,battle creek,flow,mean,414.421130952381
23,2016,battle creek,11376550,USGS,battle creek,flow,min,369
24,2016,battle creek,11376550,USGS,battle creek,flow,max,423
24,2016,battle creek,11376550,USGS,battle creek,flow,mean,370.49851190476187
24,2016,battle creek,11376550,USGS,battle creek,flow,min,336
25,2016,battle creek,11376550,USGS,battle creek,flow,max,595
25,2016,battle creek,11376550,USGS,battle creek,flow,mean,370.19940476190476
25,2016,battle creek,11376550,USGS,battle creek,flow,min,308
26,2016,battle creek,11376550,USGS,battle creek,flow,max,345
26,2016,battle creek,11376550,USGS,battle creek,flow,mean,317.9975250626567
26,2016,battle creek,11376550,USGS,battle creek,flow,min,291
27,2016,battle creek,11376550,USGS,battle creek,flow,max,336
27,2016,battle creek,11376550,USGS,battle creek,flow,mean,304.15625
27,2016,battle creek,11376550,USGS,battle creek,flow,min,273
28,2016,battle creek,11376550,USGS,battle creek,flow,max,313
28,2016,battle creek,11376550,USGS,battle creek,flow,mean,276.6517857142857
28,2016,battle creek,11376550,USGS,battle creek,flow,min,239
29,2016,battle creek,11376550,USGS,battle creek,flow,max,286
29,2016,battle creek,11376550,USGS,battle creek,flow,mean,256.73809523809524
29,2016,battle creek,11376550,USGS,battle creek,flow,min,227
30,2016,battle creek,11376550,USGS,battle creek,flow,max,277
30,2016,battle creek,11376550,USGS,battle creek,flow,mean,241.40029761904765
30,2016,battle creek,11376550,USGS,battle creek,flow,min,211
31,2016,battle creek,11376550,USGS,battle creek,flow,max,308
31,2016,battle creek,11376550,USGS,battle creek,flow,mean,229.33630952380955
31,2016,battle creek,11376550,USGS,battle creek,flow,min,203
32,2016,battle creek,11376550,USGS,battle creek,flow,max,345
32,2016,battle creek,11376550,USGS,battle creek,flow,mean,227.95089285714286
32,2016,battle creek,11376550,USGS,battle creek,flow,min,207
33,2016,battle creek,11376550,USGS,battle creek,flow,max,260
33,2016,battle creek,11376550,USGS,battle creek,flow,mean,211.88392857142858
33,2016,battle creek,11376550,USGS,battle creek,flow,min,173
34,2016,battle creek,11376550,USGS,battle creek,flow,max,295
34,2016,battle creek,11376550,USGS,battle creek,flow,mean,223.03869047619045
34,2016,battle creek,11376550,USGS,battle creek,flow,min,195
35,2016,battle creek,11376550,USGS,battle creek,flow,max,239
35,2016,battle creek,11376550,USGS,battle creek,flow,mean,211.63095238095238
35,2016,battle creek,11376550,USGS,battle creek,flow,min,173
36,2016,battle creek,11376550,USGS,battle creek,flow,max,227
36,2016,battle creek,11376550,USGS,battle creek,flow,mean,211.32738095238093
36,2016,battle creek,11376550,USGS,battle creek,flow,min,195
37,2016,battle creek,11376550,USGS,battle creek,flow,max,260
37,2016,battle creek,11376550,USGS,battle creek,flow,mean,208.09970238095238
37,2016,battle creek,11376550,USGS,battle creek,flow,min,162
38,2016,battle creek,11376550,USGS,battle creek,flow,max,235
38,2016,battle creek,11376550,USGS,battle creek,flow,mean,206.7202380952381
38,2016,battle creek,11376550,USGS,battle creek,flow,min,155
39,2016,battle creek,11376550,USGS,battle creek,flow,max,248
39,2016,battle creek,11376550,USGS,battle creek,flow,mean,205.27083333333331
39,2016,battle creek,11376550,USGS,battle creek,flow,min,162
40,2016,battle creek,11376550,USGS,battle creek,flow,max,289
40,2016,battle creek,11376550,USGS,battle creek,flow,mean,208.02589285714288
40,2016,battle creek,11376550,USGS,battle creek,flow,min,54.5
41,2016,battle creek,11376550,USGS,battle creek,flow,max,248
41,2016,battle creek,11376550,USGS,battle creek,flow,mean,209.70089285714286
41,2016,battle creek,11376550,USGS,battle creek,flow,min,184
42,2016,battle creek,11376550,USGS,battle creek,flow,max,355
42,2016,battle creek,11376550,USGS,battle creek,flow,mean,279.1011904761905
42,2016,battle creek,11376550,USGS,battle creek,flow,min,195
43,2016,battle creek,11376550,USGS,battle creek,flow,max,755
43,2016,battle creek,11376550,USGS,battle creek,flow,mean,321.3645833333333
43,2016,battle creek,11376550,USGS,battle creek,flow,min,211
44,2016,battle creek,11376550,USGS,battle creek,flow,max,1950
44,2016,battle creek,11376550,USGS,battle creek,flow,mean,496.9330357142857
44,2016,battle creek,11376550,USGS,battle creek,flow,min,295
45,2016,battle creek,11376550,USGS,battle creek,flow,max,295
45,2016,battle creek,11376550,USGS,battle creek,flow,mean,246.68898809523807
45,2016,battle creek,11376550,USGS,battle creek,flow,min,211
46,2016,battle creek,11376550,USGS,battle creek,flow,max,235
46,2016,battle creek,11376550,USGS,battle creek,flow,mean,209.4047619047619
46,2016,battle creek,11376550,USGS,battle creek,flow,min,173
47,2016,battle creek,11376550,USGS,battle creek,flow,max,1420
47,2016,battle creek,11376550,USGS,battle creek,flow,mean,442.27529761904765
47,2016,battle creek,11376550,USGS,battle creek,flow,min,188
48,2016,battle creek,11376550,USGS,battle creek,flow,max,601
48,2016,battle creek,11376550,USGS,battle creek,flow,mean,339.20089285714283
48,2016,battle creek,11376550,USGS,battle creek,flow,min,260
49,2016,battle creek,11376550,USGS,battle creek,flow,max,595
49,2016,battle creek,11376550,USGS,battle creek,flow,mean,258.2604166666667
49,2016,battle creek,11376550,USGS,battle creek,flow,min,203
50,2016,battle creek,11376550,USGS,battle creek,flow,max,8400
50,2016,battle creek,11376550,USGS,battle creek,flow,mean,1605.8244047619048
50,2016,battle creek,11376550,USGS,battle creek,flow,min,589
51,2016,battle creek,11376550,USGS,battle creek,flow,max,11300
51,2016,battle creek,11376550,USGS,battle creek,flow,mean,1972.2023809523812
51,2016,battle creek,11376550,USGS,battle creek,flow,min,693
52,2016,battle creek,11376550,USGS,battle creek,flow,max,2360
52,2016,battle creek,11376550,USGS,battle creek,flow,mean,748.2752976190476
52,2016,battle creek,11376550,USGS,battle creek,flow,min,538
53,2016,battle creek,11376550,USGS,battle creek,flow,max,543
53,2016,battle creek,11376550,USGS,battle creek,flow,mean,526.0677083333333
53,2016,battle creek,11376550,USGS,battle creek,flow,min,510
1,2017,battle creek,11376550,USGS,battle creek,flow,max,1670
1,2017,battle creek,11376550,USGS,battle creek,flow,mean,660.8050595238095
1,2017,battle creek,11376550,USGS,battle creek,flow,min,478
2,2017,battle creek,11376550,USGS,battle creek,flow,max,8300
2,2017,battle creek,11376550,USGS,battle creek,flow,mean,2649.5386904761904
2,2017,battle creek,11376550,USGS,battle creek,flow,min,1190
3,2017,battle creek,11376550,USGS,battle creek,flow,max,2470
3,2017,battle creek,11376550,USGS,battle creek,flow,mean,1292.3779761904764
3,2017,battle creek,11376550,USGS,battle creek,flow,min,672
4,2017,battle creek,11376550,USGS,battle creek,flow,max,1990
4,2017,battle creek,11376550,USGS,battle creek,flow,mean,997.6324404761905
4,2017,battle creek,11376550,USGS,battle creek,flow,min,695
5,2017,battle creek,11376550,USGS,battle creek,flow,max,1950
5,2017,battle creek,11376550,USGS,battle creek,flow,mean,807.0327380952382
5,2017,battle creek,11376550,USGS,battle creek,flow,min,449
6,2017,battle creek,11376550,USGS,battle creek,flow,max,8190
6,2017,battle creek,11376550,USGS,battle creek,flow,mean,2871.302083333333
6,2017,battle creek,11376550,USGS,battle creek,flow,min,960
7,2017,battle creek,11376550,USGS,battle creek,flow,max,3510
7,2017,battle creek,11376550,USGS,battle creek,flow,mean,1717.485119047619
7,2017,battle creek,11376550,USGS,battle creek,flow,min,1170
8,2017,battle creek,11376550,USGS,battle creek,flow,max,5070
8,2017,battle creek,11376550,USGS,battle creek,flow,mean,1858.0059523809523
8,2017,battle creek,11376550,USGS,battle creek,flow,min,1120
9,2017,battle creek,11376550,USGS,battle creek,flow,max,1210
9,2017,battle creek,11376550,USGS,battle creek,flow,mean,1000.9151785714284
9,2017,battle creek,11376550,USGS,battle creek,flow,min,864
10,2017,battle creek,11376550,USGS,battle creek,flow,max,1000
10,2017,battle creek,11376550,USGS,battle creek,flow,mean,852.985119047619
10,2017,battle creek,11376550,USGS,battle creek,flow,min,793
11,2017,battle creek,11376550,USGS,battle creek,flow,max,882
11,2017,battle creek,11376550,USGS,battle creek,flow,mean,789.9627976190476
11,2017,battle creek,11376550,USGS,battle creek,flow,min,737
12,2017,battle creek,11376550,USGS,battle creek,flow,max,1350
12,2017,battle creek,11376550,USGS,battle creek,flow,mean,1020.9092261904761
12,2017,battle creek,11376550,USGS,battle creek,flow,min,817
13,2017,battle creek,11376550,USGS,battle creek,flow,max,1170
13,2017,battle creek,11376550,USGS,battle creek,flow,mean,913.0252976190476
13,2017,battle creek,11376550,USGS,battle creek,flow,min,776
14,2017,battle creek,11376550,USGS,battle creek,flow,max,3420
14,2017,battle creek,11376550,USGS,battle creek,flow,mean,1057.4806547619048
14,2017,battle creek,11376550,USGS,battle creek,flow,min,728
15,2017,battle creek,11376550,USGS,battle creek,flow,max,2380
15,2017,battle creek,11376550,USGS,battle creek,flow,mean,1164.6354166666667
15,2017,battle creek,11376550,USGS,battle creek,flow,min,850
16,2017,battle creek,11376550,USGS,battle creek,flow,max,1210
16,2017,battle creek,11376550,USGS,battle creek,flow,mean,1012.169275013376
16,2017,battle creek,11376550,USGS,battle creek,flow,min,886
17,2017,battle creek,11376550,USGS,battle creek,flow,max,1660
17,2017,battle creek,11376550,USGS,battle creek,flow,mean,1045.1622023809525
17,2017,battle creek,11376550,USGS,battle creek,flow,min,860
18,2017,battle creek,11376550,USGS,battle creek,flow,max,1240
18,2017,battle creek,11376550,USGS,battle creek,flow,mean,990.0357142857143
18,2017,battle creek,11376550,USGS,battle creek,flow,min,849
19,2017,battle creek,11376550,USGS,battle creek,flow,max,1070
19,2017,battle creek,11376550,USGS,battle creek,flow,mean,927.0491071428571
19,2017,battle creek,11376550,USGS,battle creek,flow,min,811
20,2017,battle creek,11376550,USGS,battle creek,flow,max,818
20,2017,battle creek,11376550,USGS,battle creek,flow,mean,734.4002976190477
20,2017,battle creek,11376550,USGS,battle creek,flow,min,667
21,2017,battle creek,11376550,USGS,battle creek,flow,max,889
21,2017,battle creek,11376550,USGS,battle creek,flow,mean,779.8973214285714
21,2017,battle creek,11376550,USGS,battle creek,flow,min,679
22,2017,battle creek,11376550,USGS,battle creek,flow,max,923
22,2017,battle creek,11376550,USGS,battle creek,flow,mean,769.2544642857143
22,2017,battle creek,11376550,USGS,battle creek,flow,min,684
23,2017,battle creek,11376550,USGS,battle creek,flow,max,749
23,2017,battle creek,11376550,USGS,battle creek,flow,mean,680.7425595238095
23,2017,battle creek,11376550,USGS,battle creek,flow,min,623
24,2017,battle creek,11376550,USGS,battle creek,flow,max,662
24,2017,battle creek,11376550,USGS,battle creek,flow,mean,591.6577380952382
24,2017,battle creek,11376550,USGS,battle creek,flow,min,519
25,2017,battle creek,11376550,USGS,battle creek,flow,max,679
25,2017,battle creek,11376550,USGS,battle creek,flow,mean,610.5252976190477
25,2017,battle creek,11376550,USGS,battle creek,flow,min,544
26,2017,battle creek,11376550,USGS,battle creek,flow,max,607
26,2017,battle creek,11376550,USGS,battle creek,flow,mean,532.8229166666666
26,2017,battle creek,11376550,USGS,battle creek,flow,min,476
27,2017,battle creek,11376550,USGS,battle creek,flow,max,519
27,2017,battle creek,11376550,USGS,battle creek,flow,mean,476.1309523809524
27,2017,battle creek,11376550,USGS,battle creek,flow,min,422
28,2017,battle creek,11376550,USGS,battle creek,flow,max,458
28,2017,battle creek,11376550,USGS,battle creek,flow,mean,418.33333333333337
28,2017,battle creek,11376550,USGS,battle creek,flow,min,384
29,2017,battle creek,11376550,USGS,battle creek,flow,max,418
29,2017,battle creek,11376550,USGS,battle creek,flow,mean,377.2574404761905
29,2017,battle creek,11376550,USGS,battle creek,flow,min,340
30,2017,battle creek,11376550,USGS,battle creek,flow,max,384
30,2017,battle creek,11376550,USGS,battle creek,flow,mean,351.921130952381
30,2017,battle creek,11376550,USGS,battle creek,flow,min,314
31,2017,battle creek,11376550,USGS,battle creek,flow,max,355
31,2017,battle creek,11376550,USGS,battle creek,flow,mean,331.1294642857143
31,2017,battle creek,11376550,USGS,battle creek,flow,min,285
32,2017,battle creek,11376550,USGS,battle creek,flow,max,367
32,2017,battle creek,11376550,USGS,battle creek,flow,mean,323.41517857142856
32,2017,battle creek,11376550,USGS,battle creek,flow,min,288
33,2017,battle creek,11376550,USGS,battle creek,flow,max,340
33,2017,battle creek,11376550,USGS,battle creek,flow,mean,306.6815476190476
33,2017,battle creek,11376550,USGS,battle creek,flow,min,281
34,2017,battle creek,11376550,USGS,battle creek,flow,max,336
34,2017,battle creek,11376550,USGS,battle creek,flow,mean,296.8392857142858
34,2017,battle creek,11376550,USGS,battle creek,flow,min,261
35,2017,battle creek,11376550,USGS,battle creek,flow,max,314
35,2017,battle creek,11376550,USGS,battle creek,flow,mean,282.5059523809524
35,2017,battle creek,11376550,USGS,battle creek,flow,min,235
36,2017,battle creek,11376550,USGS,battle creek,flow,max,314
36,2017,battle creek,11376550,USGS,battle creek,flow,mean,280.72767857142856
36,2017,battle creek,11376550,USGS,battle creek,flow,min,254
37,2017,battle creek,11376550,USGS,battle creek,flow,max,314
37,2017,battle creek,11376550,USGS,battle creek,flow,mean,288.80803571428567
37,2017,battle creek,11376550,USGS,battle creek,flow,min,258
38,2017,battle creek,11376550,USGS,battle creek,flow,max,336
38,2017,battle creek,11376550,USGS,battle creek,flow,mean,297.7548088972431
38,2017,battle creek,11376550,USGS,battle creek,flow,min,268
39,2017,battle creek,11376550,USGS,battle creek,flow,max,344
39,2017,battle creek,11376550,USGS,battle creek,flow,mean,300.2127976190476
39,2017,battle creek,11376550,USGS,battle creek,flow,min,261
40,2017,battle creek,11376550,USGS,battle creek,flow,max,321
40,2017,battle creek,11376550,USGS,battle creek,flow,mean,299.71726190476187
40,2017,battle creek,11376550,USGS,battle creek,flow,min,271
41,2017,battle creek,11376550,USGS,battle creek,flow,max,321
41,2017,battle creek,11376550,USGS,battle creek,flow,mean,292.65922619047615
41,2017,battle creek,11376550,USGS,battle creek,flow,min,254
42,2017,battle creek,11376550,USGS,battle creek,flow,max,490
42,2017,battle creek,11376550,USGS,battle creek,flow,mean,303.625
42,2017,battle creek,11376550,USGS,battle creek,flow,min,197
43,2017,battle creek,11376550,USGS,battle creek,flow,max,344
43,2017,battle creek,11376550,USGS,battle creek,flow,mean,306.24404761904765
43,2017,battle creek,11376550,USGS,battle creek,flow,min,271
44,2017,battle creek,11376550,USGS,battle creek,flow,max,384
44,2017,battle creek,11376550,USGS,battle creek,flow,mean,303.3467261904762
44,2017,battle creek,11376550,USGS,battle creek,flow,min,271
45,2017,battle creek,11376550,USGS,battle creek,flow,max,696
45,2017,battle creek,11376550,USGS,battle creek,flow,mean,377.5550595238095
45,2017,battle creek,11376550,USGS,battle creek,flow,min,261
46,2017,battle creek,11376550,USGS,battle creek,flow,max,1900
46,2017,battle creek,11376550,USGS,battle creek,flow,mean,554.235119047619
46,2017,battle creek,11376550,USGS,battle creek,flow,min,321
47,2017,battle creek,11376550,USGS,battle creek,flow,max,993
47,2017,battle creek,11376550,USGS,battle creek,flow,mean,475.4449404761904
47,2017,battle creek,11376550,USGS,battle creek,flow,min,367
48,2017,battle creek,11376550,USGS,battle creek,flow,max,811
48,2017,battle creek,11376550,USGS,battle creek,flow,mean,438.34970238095235
48,2017,battle creek,11376550,USGS,battle creek,flow,min,344
49,2017,battle creek,11376550,USGS,battle creek,flow,max,401
49,2017,battle creek,11376550,USGS,battle creek,flow,mean,349.7023809523809
49,2017,battle creek,11376550,USGS,battle creek,flow,min,332
50,2017,battle creek,11376550,USGS,battle creek,flow,max,340
50,2017,battle creek,11376550,USGS,battle creek,flow,mean,324.4434523809524
50,2017,battle creek,11376550,USGS,battle creek,flow,min,306
51,2017,battle creek,11376550,USGS,battle creek,flow,max,344
51,2017,battle creek,11376550,USGS,battle creek,flow,mean,317.76339285714283
51,2017,battle creek,11376550,USGS,battle creek,flow,min,285
52,2017,battle creek,11376550,USGS,battle creek,flow,max,321
52,2017,battle creek,11376550,USGS,battle creek,flow,mean,309.6726190476191
52,2017,battle creek,11376550,USGS,battle creek,flow,min,295
53,2017,battle creek,11376550,USGS,battle creek,flow,max,310
53,2017,battle creek,11376550,USGS,battle creek,flow,mean,310
53,2017,battle creek,11376550,USGS,battle creek,flow,min,310
1,2018,battle creek,11376550,USGS,battle creek,flow,max,376
1,2018,battle creek,11376550,USGS,battle creek,flow,mean,319.34375000000006
1,2018,battle creek,11376550,USGS,battle creek,flow,min,299
2,2018,battle creek,11376550,USGS,battle creek,flow,max,1380
2,2018,battle creek,11376550,USGS,battle creek,flow,mean,533.766369047619
2,2018,battle creek,11376550,USGS,battle creek,flow,min,317
3,2018,battle creek,11376550,USGS,battle creek,flow,max,2050
3,2018,battle creek,11376550,USGS,battle creek,flow,mean,548.3764880952382
3,2018,battle creek,11376550,USGS,battle creek,flow,min,363
4,2018,battle creek,11376550,USGS,battle creek,flow,max,1230
4,2018,battle creek,11376550,USGS,battle creek,flow,mean,666.797619047619
4,2018,battle creek,11376550,USGS,battle creek,flow,min,453
5,2018,battle creek,11376550,USGS,battle creek,flow,max,505
5,2018,battle creek,11376550,USGS,battle creek,flow,mean,440.5044642857143
5,2018,battle creek,11376550,USGS,battle creek,flow,min,392
6,2018,battle creek,11376550,USGS,battle creek,flow,max,462
6,2018,battle creek,11376550,USGS,battle creek,flow,mean,410.37500000000006
6,2018,battle creek,11376550,USGS,battle creek,flow,min,372
7,2018,battle creek,11376550,USGS,battle creek,flow,max,418
7,2018,battle creek,11376550,USGS,battle creek,flow,mean,381.1324404761905
7,2018,battle creek,11376550,USGS,battle creek,flow,min,344
8,2018,battle creek,11376550,USGS,battle creek,flow,max,401
8,2018,battle creek,11376550,USGS,battle creek,flow,mean,364.29910714285705
8,2018,battle creek,11376550,USGS,battle creek,flow,min,332
9,2018,battle creek,11376550,USGS,battle creek,flow,max,435
9,2018,battle creek,11376550,USGS,battle creek,flow,mean,380.9732142857143
9,2018,battle creek,11376550,USGS,battle creek,flow,min,332
10,2018,battle creek,11376550,USGS,battle creek,flow,max,422
10,2018,battle creek,11376550,USGS,battle creek,flow,mean,373.8080357142857
10,2018,battle creek,11376550,USGS,battle creek,flow,min,328
11,2018,battle creek,11376550,USGS,battle creek,flow,max,1580
11,2018,battle creek,11376550,USGS,battle creek,flow,mean,721.5357142857143
11,2018,battle creek,11376550,USGS,battle creek,flow,min,352
12,2018,battle creek,11376550,USGS,battle creek,flow,max,6240
12,2018,battle creek,11376550,USGS,battle creek,flow,mean,1272.9285714285713
12,2018,battle creek,11376550,USGS,battle creek,flow,min,467
13,2018,battle creek,11376550,USGS,battle creek,flow,max,871
13,2018,battle creek,11376550,USGS,battle creek,flow,mean,675.75
13,2018,battle creek,11376550,USGS,battle creek,flow,min,591
14,2018,battle creek,11376550,USGS,battle creek,flow,max,7810
14,2018,battle creek,11376550,USGS,battle creek,flow,mean,1266.1339285714287
14,2018,battle creek,11376550,USGS,battle creek,flow,min,544
15,2018,battle creek,11376550,USGS,battle creek,flow,max,1460
15,2018,battle creek,11376550,USGS,battle creek,flow,mean,899.7678571428571
15,2018,battle creek,11376550,USGS,battle creek,flow,min,678
16,2018,battle creek,11376550,USGS,battle creek,flow,max,1010
16,2018,battle creek,11376550,USGS,battle creek,flow,mean,720.266369047619
16,2018,battle creek,11376550,USGS,battle creek,flow,min,596
17,2018,battle creek,11376550,USGS,battle creek,flow,max,644
17,2018,battle creek,11376550,USGS,battle creek,flow,mean,575.6458333333334
17,2018,battle creek,11376550,USGS,battle creek,flow,min,532
18,2018,battle creek,11376550,USGS,battle creek,flow,max,607
18,2018,battle creek,11376550,USGS,battle creek,flow,mean,513.3184523809524
18,2018,battle creek,11376550,USGS,battle creek,flow,min,441
19,2018,battle creek,11376550,USGS,battle creek,flow,max,517
19,2018,battle creek,11376550,USGS,battle creek,flow,mean,462.4672619047619
19,2018,battle creek,11376550,USGS,battle creek,flow,min,423
20,2018,battle creek,11376550,USGS,battle creek,flow,max,568
20,2018,battle creek,11376550,USGS,battle creek,flow,mean,437.1875
20,2018,battle creek,11376550,USGS,battle creek,flow,min,369
21,2018,battle creek,11376550,USGS,battle creek,flow,max,526
21,2018,battle creek,11376550,USGS,battle creek,flow,mean,438.8169642857142
21,2018,battle creek,11376550,USGS,battle creek,flow,min,383
22,2018,battle creek,11376550,USGS,battle creek,flow,max,469
22,2018,battle creek,11376550,USGS,battle creek,flow,mean,392.85714285714283
22,2018,battle creek,11376550,USGS,battle creek,flow,min,334
23,2018,battle creek,11376550,USGS,battle creek,flow,max,399
23,2018,battle creek,11376550,USGS,battle creek,flow,mean,351.7038690476191
23,2018,battle creek,11376550,USGS,battle creek,flow,min,304
24,2018,battle creek,11376550,USGS,battle creek,flow,max,395
24,2018,battle creek,11376550,USGS,battle creek,flow,mean,331.07589285714283
24,2018,battle creek,11376550,USGS,battle creek,flow,min,300
25,2018,battle creek,11376550,USGS,battle creek,flow,max,399
25,2018,battle creek,11376550,USGS,battle creek,flow,mean,326.7336309523809
25,2018,battle creek,11376550,USGS,battle creek,flow,min,284
26,2018,battle creek,11376550,USGS,battle creek,flow,max,334
26,2018,battle creek,11376550,USGS,battle creek,flow,mean,300.4404761904762
26,2018,battle creek,11376550,USGS,battle creek,flow,min,269
27,2018,battle creek,11376550,USGS,battle creek,flow,max,328
27,2018,battle creek,11376550,USGS,battle creek,flow,mean,287.9747023809524
27,2018,battle creek,11376550,USGS,battle creek,flow,min,257
28,2018,battle creek,11376550,USGS,battle creek,flow,max,310
28,2018,battle creek,11376550,USGS,battle creek,flow,mean,275.29166666666663
28,2018,battle creek,11376550,USGS,battle creek,flow,min,244
29,2018,battle creek,11376550,USGS,battle creek,flow,max,307
29,2018,battle creek,11376550,USGS,battle creek,flow,mean,259.6636904761905
29,2018,battle creek,11376550,USGS,battle creek,flow,min,231
30,2018,battle creek,11376550,USGS,battle creek,flow,max,313
30,2018,battle creek,11376550,USGS,battle creek,flow,mean,259.9717261904762
30,2018,battle creek,11376550,USGS,battle creek,flow,min,218
31,2018,battle creek,11376550,USGS,battle creek,flow,max,294
31,2018,battle creek,11376550,USGS,battle creek,flow,mean,252.18898809523807
31,2018,battle creek,11376550,USGS,battle creek,flow,min,220
32,2018,battle creek,11376550,USGS,battle creek,flow,max,331
32,2018,battle creek,11376550,USGS,battle creek,flow,mean,237.11755952380955
32,2018,battle creek,11376550,USGS,battle creek,flow,min,209
33,2018,battle creek,11376550,USGS,battle creek,flow,max,264
33,2018,battle creek,11376550,USGS,battle creek,flow,mean,230.45386904761904
33,2018,battle creek,11376550,USGS,battle creek,flow,min,182
34,2018,battle creek,11376550,USGS,battle creek,flow,max,260
34,2018,battle creek,11376550,USGS,battle creek,flow,mean,229.71875
34,2018,battle creek,11376550,USGS,battle creek,flow,min,200
35,2018,battle creek,11376550,USGS,battle creek,flow,max,259
35,2018,battle creek,11376550,USGS,battle creek,flow,mean,230.10119047619045
35,2018,battle creek,11376550,USGS,battle creek,flow,min,208
36,2018,battle creek,11376550,USGS,battle creek,flow,max,263
36,2018,battle creek,11376550,USGS,battle creek,flow,mean,228.7827380952381
36,2018,battle creek,11376550,USGS,battle creek,flow,min,200
37,2018,battle creek,11376550,USGS,battle creek,flow,max,252
37,2018,battle creek,11376550,USGS,battle creek,flow,mean,225.24404761904762
37,2018,battle creek,11376550,USGS,battle creek,flow,min,200
38,2018,battle creek,11376550,USGS,battle creek,flow,max,256
38,2018,battle creek,11376550,USGS,battle creek,flow,mean,220.52529761904762
38,2018,battle creek,11376550,USGS,battle creek,flow,min,186
39,2018,battle creek,11376550,USGS,battle creek,flow,max,273
39,2018,battle creek,11376550,USGS,battle creek,flow,mean,219.88839285714286
39,2018,battle creek,11376550,USGS,battle creek,flow,min,178
40,2018,battle creek,11376550,USGS,battle creek,flow,max,284
40,2018,battle creek,11376550,USGS,battle creek,flow,mean,237.86011904761907
40,2018,battle creek,11376550,USGS,battle creek,flow,min,202
41,2018,battle creek,11376550,USGS,battle creek,flow,max,288
41,2018,battle creek,11376550,USGS,battle creek,flow,mean,240.00446428571425
41,2018,battle creek,11376550,USGS,battle creek,flow,min,205
42,2018,battle creek,11376550,USGS,battle creek,flow,max,273
42,2018,battle creek,11376550,USGS,battle creek,flow,mean,234.19196428571428
42,2018,battle creek,11376550,USGS,battle creek,flow,min,188
43,2018,battle creek,11376550,USGS,battle creek,flow,max,273
43,2018,battle creek,11376550,USGS,battle creek,flow,mean,233.51011904761907
43,2018,battle creek,11376550,USGS,battle creek,flow,min,202
44,2018,battle creek,11376550,USGS,battle creek,flow,max,263
44,2018,battle creek,11376550,USGS,battle creek,flow,mean,231.13037634408602
44,2018,battle creek,11376550,USGS,battle creek,flow,min,194
45,2018,battle creek,11376550,USGS,battle creek,flow,max,281
45,2018,battle creek,11376550,USGS,battle creek,flow,mean,237.2068452380952
45,2018,battle creek,11376550,USGS,battle creek,flow,min,208
46,2018,battle creek,11376550,USGS,battle creek,flow,max,288
46,2018,battle creek,11376550,USGS,battle creek,flow,mean,246.37946428571425
46,2018,battle creek,11376550,USGS,battle creek,flow,min,214
47,2018,battle creek,11376550,USGS,battle creek,flow,max,364
47,2018,battle creek,11376550,USGS,battle creek,flow,mean,277.30208333333337
47,2018,battle creek,11376550,USGS,battle creek,flow,min,211
48,2018,battle creek,11376550,USGS,battle creek,flow,max,1270
48,2018,battle creek,11376550,USGS,battle creek,flow,mean,362.81547619047615
48,2018,battle creek,11376550,USGS,battle creek,flow,min,235
49,2018,battle creek,11376550,USGS,battle creek,flow,max,336
49,2018,battle creek,11376550,USGS,battle creek,flow,mean,277.9479166666667
49,2018,battle creek,11376550,USGS,battle creek,flow,min,180
50,2018,battle creek,11376550,USGS,battle creek,flow,max,352
50,2018,battle creek,11376550,USGS,battle creek,flow,mean,279.80357142857144
50,2018,battle creek,11376550,USGS,battle creek,flow,min,202
51,2018,battle creek,11376550,USGS,battle creek,flow,max,4810
51,2018,battle creek,11376550,USGS,battle creek,flow,mean,650.9970238095237
51,2018,battle creek,11376550,USGS,battle creek,flow,min,325
52,2018,battle creek,11376550,USGS,battle creek,flow,max,4300
52,2018,battle creek,11376550,USGS,battle creek,flow,mean,638.1354166666666
52,2018,battle creek,11376550,USGS,battle creek,flow,min,328
53,2018,battle creek,11376550,USGS,battle creek,flow,max,363
53,2018,battle creek,11376550,USGS,battle creek,flow,mean,339
53,2018,battle creek,11376550,USGS,battle creek,flow,min,314
1,2019,battle creek,11376550,USGS,battle creek,flow,max,1450
1,2019,battle creek,11376550,USGS,battle creek,flow,mean,409.67559523809524
1,2019,battle creek,11376550,USGS,battle creek,flow,min,292
2,2019,battle creek,11376550,USGS,battle creek,flow,max,5480
2,2019,battle creek,11376550,USGS,battle creek,flow,mean,827.8630952380953
2,2019,battle creek,11376550,USGS,battle creek,flow,min,380
3,2019,battle creek,11376550,USGS,battle creek,flow,max,5550
3,2019,battle creek,11376550,USGS,battle creek,flow,mean,1683.376488095238
3,2019,battle creek,11376550,USGS,battle creek,flow,min,332
4,2019,battle creek,11376550,USGS,battle creek,flow,max,1620
4,2019,battle creek,11376550,USGS,battle creek,flow,mean,739.8169642857144
4,2019,battle creek,11376550,USGS,battle creek,flow,min,505
5,2019,battle creek,11376550,USGS,battle creek,flow,max,3990
5,2019,battle creek,11376550,USGS,battle creek,flow,mean,1050.8660714285713
5,2019,battle creek,11376550,USGS,battle creek,flow,min,458
6,2019,battle creek,11376550,USGS,battle creek,flow,max,2130
6,2019,battle creek,11376550,USGS,battle creek,flow,mean,782.2068452380952
6,2019,battle creek,11376550,USGS,battle creek,flow,min,570
7,2019,battle creek,11376550,USGS,battle creek,flow,max,11100
7,2019,battle creek,11376550,USGS,battle creek,flow,mean,2415.5537237861486
7,2019,battle creek,11376550,USGS,battle creek,flow,min,524
8,2019,battle creek,11376550,USGS,battle creek,flow,max,988
8,2019,battle creek,11376550,USGS,battle creek,flow,mean,764.3422619047618
8,2019,battle creek,11376550,USGS,battle creek,flow,min,627
9,2019,battle creek,11376550,USGS,battle creek,flow,max,4300
9,2019,battle creek,11376550,USGS,battle creek,flow,mean,1375.2113095238096
9,2019,battle creek,11376550,USGS,battle creek,flow,min,672
10,2019,battle creek,11376550,USGS,battle creek,flow,max,3900
10,2019,battle creek,11376550,USGS,battle creek,flow,mean,1679.9062499999998
10,2019,battle creek,11376550,USGS,battle creek,flow,min,951
11,2019,battle creek,11376550,USGS,battle creek,flow,max,988
11,2019,battle creek,11376550,USGS,battle creek,flow,mean,796.4494047619048
11,2019,battle creek,11376550,USGS,battle creek,flow,min,692
12,2019,battle creek,11376550,USGS,battle creek,flow,max,1180
12,2019,battle creek,11376550,USGS,battle creek,flow,mean,768.6056704260652
12,2019,battle creek,11376550,USGS,battle creek,flow,min,710
13,2019,battle creek,11376550,USGS,battle creek,flow,max,3710
13,2019,battle creek,11376550,USGS,battle creek,flow,mean,1247.2380952380952
13,2019,battle creek,11376550,USGS,battle creek,flow,min,844
14,2019,battle creek,11376550,USGS,battle creek,flow,max,1330
14,2019,battle creek,11376550,USGS,battle creek,flow,mean,1030.5714285714287
14,2019,battle creek,11376550,USGS,battle creek,flow,min,851
15,2019,battle creek,11376550,USGS,battle creek,flow,max,1620
15,2019,battle creek,11376550,USGS,battle creek,flow,mean,1012.15625
15,2019,battle creek,11376550,USGS,battle creek,flow,min,828
16,2019,battle creek,11376550,USGS,battle creek,flow,max,1080
16,2019,battle creek,11376550,USGS,battle creek,flow,mean,903.3824404761905
16,2019,battle creek,11376550,USGS,battle creek,flow,min,801
17,2019,battle creek,11376550,USGS,battle creek,flow,max,1190
17,2019,battle creek,11376550,USGS,battle creek,flow,mean,1040.142857142857
17,2019,battle creek,11376550,USGS,battle creek,flow,min,871
18,2019,battle creek,11376550,USGS,battle creek,flow,max,1050
18,2019,battle creek,11376550,USGS,battle creek,flow,mean,865.8065476190477
18,2019,battle creek,11376550,USGS,battle creek,flow,min,762
19,2019,battle creek,11376550,USGS,battle creek,flow,max,944
19,2019,battle creek,11376550,USGS,battle creek,flow,mean,851.5446428571428
19,2019,battle creek,11376550,USGS,battle creek,flow,min,755
20,2019,battle creek,11376550,USGS,battle creek,flow,max,1680
20,2019,battle creek,11376550,USGS,battle creek,flow,mean,935.9464285714286
20,2019,battle creek,11376550,USGS,battle creek,flow,min,719
21,2019,battle creek,11376550,USGS,battle creek,flow,max,2620
21,2019,battle creek,11376550,USGS,battle creek,flow,mean,916.0267857142857
21,2019,battle creek,11376550,USGS,battle creek,flow,min,662
22,2019,battle creek,11376550,USGS,battle creek,flow,max,1320
22,2019,battle creek,11376550,USGS,battle creek,flow,mean,953.8392857142856
22,2019,battle creek,11376550,USGS,battle creek,flow,min,799
23,2019,battle creek,11376550,USGS,battle creek,flow,max,1040
23,2019,battle creek,11376550,USGS,battle creek,flow,mean,848.8050595238095
23,2019,battle creek,11376550,USGS,battle creek,flow,min,667
24,2019,battle creek,11376550,USGS,battle creek,flow,max,799
24,2019,battle creek,11376550,USGS,battle creek,flow,mean,706.4270833333334
24,2019,battle creek,11376550,USGS,battle creek,flow,min,639
25,2019,battle creek,11376550,USGS,battle creek,flow,max,714
25,2019,battle creek,11376550,USGS,battle creek,flow,mean,616.0892857142857
25,2019,battle creek,11376550,USGS,battle creek,flow,min,519
26,2019,battle creek,11376550,USGS,battle creek,flow,max,580
26,2019,battle creek,11376550,USGS,battle creek,flow,mean,520.6934523809524
26,2019,battle creek,11376550,USGS,battle creek,flow,min,458
27,2019,battle creek,11376550,USGS,battle creek,flow,max,549
27,2019,battle creek,11376550,USGS,battle creek,flow,mean,468.00297619047615
27,2019,battle creek,11376550,USGS,battle creek,flow,min,418
28,2019,battle creek,11376550,USGS,battle creek,flow,max,472
28,2019,battle creek,11376550,USGS,battle creek,flow,mean,442.9434523809524
28,2019,battle creek,11376550,USGS,battle creek,flow,min,426
29,2019,battle creek,11376550,USGS,battle creek,flow,max,449
29,2019,battle creek,11376550,USGS,battle creek,flow,mean,417.43154761904765
29,2019,battle creek,11376550,USGS,battle creek,flow,min,401
30,2019,battle creek,11376550,USGS,battle creek,flow,max,422
30,2019,battle creek,11376550,USGS,battle creek,flow,mean,391.4851190476191
30,2019,battle creek,11376550,USGS,battle creek,flow,min,363
31,2019,battle creek,11376550,USGS,battle creek,flow,max,384
31,2019,battle creek,11376550,USGS,battle creek,flow,mean,364.5148809523809
31,2019,battle creek,11376550,USGS,battle creek,flow,min,336
32,2019,battle creek,11376550,USGS,battle creek,flow,max,388
32,2019,battle creek,11376550,USGS,battle creek,flow,mean,347.3824404761904
32,2019,battle creek,11376550,USGS,battle creek,flow,min,328
33,2019,battle creek,11376550,USGS,battle creek,flow,max,348
33,2019,battle creek,11376550,USGS,battle creek,flow,mean,332.0252976190476
33,2019,battle creek,11376550,USGS,battle creek,flow,min,317
34,2019,battle creek,11376550,USGS,battle creek,flow,max,340
34,2019,battle creek,11376550,USGS,battle creek,flow,mean,320.6830357142857
34,2019,battle creek,11376550,USGS,battle creek,flow,min,306
35,2019,battle creek,11376550,USGS,battle creek,flow,max,336
35,2019,battle creek,11376550,USGS,battle creek,flow,mean,315.52976190476187
35,2019,battle creek,11376550,USGS,battle creek,flow,min,285
36,2019,battle creek,11376550,USGS,battle creek,flow,max,361
36,2019,battle creek,11376550,USGS,battle creek,flow,mean,312.3824404761905
36,2019,battle creek,11376550,USGS,battle creek,flow,min,250
37,2019,battle creek,11376550,USGS,battle creek,flow,max,381
37,2019,battle creek,11376550,USGS,battle creek,flow,mean,309.6190476190476
37,2019,battle creek,11376550,USGS,battle creek,flow,min,284
38,2019,battle creek,11376550,USGS,battle creek,flow,max,370
38,2019,battle creek,11376550,USGS,battle creek,flow,mean,320.67410714285717
38,2019,battle creek,11376550,USGS,battle creek,flow,min,284
39,2019,battle creek,11376550,USGS,battle creek,flow,max,351
39,2019,battle creek,11376550,USGS,battle creek,flow,mean,312.1577380952381
39,2019,battle creek,11376550,USGS,battle creek,flow,min,270
40,2019,battle creek,11376550,USGS,battle creek,flow,max,366
40,2019,battle creek,11376550,USGS,battle creek,flow,mean,315.92559523809524
40,2019,battle creek,11376550,USGS,battle creek,flow,min,287
41,2019,battle creek,11376550,USGS,battle creek,flow,max,358
41,2019,battle creek,11376550,USGS,battle creek,flow,mean,309.57589285714283
41,2019,battle creek,11376550,USGS,battle creek,flow,min,255
42,2019,battle creek,11376550,USGS,battle creek,flow,max,344
42,2019,battle creek,11376550,USGS,battle creek,flow,mean,305.18901975683883
42,2019,battle creek,11376550,USGS,battle creek,flow,min,271
43,2019,battle creek,11376550,USGS,battle creek,flow,max,334
43,2019,battle creek,11376550,USGS,battle creek,flow,mean,301.08035714285717
43,2019,battle creek,11376550,USGS,battle creek,flow,min,246
44,2019,battle creek,11376550,USGS,battle creek,flow,max,372
44,2019,battle creek,11376550,USGS,battle creek,flow,mean,300.3080357142857
44,2019,battle creek,11376550,USGS,battle creek,flow,min,266
45,2019,battle creek,11376550,USGS,battle creek,flow,max,313
45,2019,battle creek,11376550,USGS,battle creek,flow,mean,271.7470238095238
45,2019,battle creek,11376550,USGS,battle creek,flow,min,248
46,2019,battle creek,11376550,USGS,battle creek,flow,max,320
46,2019,battle creek,11376550,USGS,battle creek,flow,mean,274.22470238095235
46,2019,battle creek,11376550,USGS,battle creek,flow,min,251
47,2019,battle creek,11376550,USGS,battle creek,flow,max,324
47,2019,battle creek,11376550,USGS,battle creek,flow,mean,274.78720238095235
47,2019,battle creek,11376550,USGS,battle creek,flow,min,242
48,2019,battle creek,11376550,USGS,battle creek,flow,max,736
48,2019,battle creek,11376550,USGS,battle creek,flow,mean,331.5357142857143
48,2019,battle creek,11376550,USGS,battle creek,flow,min,258
49,2019,battle creek,11376550,USGS,battle creek,flow,max,2300
49,2019,battle creek,11376550,USGS,battle creek,flow,mean,486.73958333333337
49,2019,battle creek,11376550,USGS,battle creek,flow,min,271
50,2019,battle creek,11376550,USGS,battle creek,flow,max,864
50,2019,battle creek,11376550,USGS,battle creek,flow,mean,505.03571428571433
50,2019,battle creek,11376550,USGS,battle creek,flow,min,341
51,2019,battle creek,11376550,USGS,battle creek,flow,max,626
51,2019,battle creek,11376550,USGS,battle creek,flow,mean,407.78422619047615
51,2019,battle creek,11376550,USGS,battle creek,flow,min,310
52,2019,battle creek,11376550,USGS,battle creek,flow,max,445
52,2019,battle creek,11376550,USGS,battle creek,flow,mean,351.2857142857143
52,2019,battle creek,11376550,USGS,battle creek,flow,min,314
53,2019,battle creek,11376550,USGS,battle creek,flow,max,333
53,2019,battle creek,11376550,USGS,battle creek,flow,mean,321.5729166666667
53,2019,battle creek,11376550,USGS,battle creek,flow,min,314
1,2020,battle creek,11376550,USGS,battle creek,flow,max,325
1,2020,battle creek,11376550,USGS,battle creek,flow,mean,311.3824404761904
1,2020,battle creek,11376550,USGS,battle creek,flow,min,292
2,2020,battle creek,11376550,USGS,battle creek,flow,max,620
2,2020,battle creek,11376550,USGS,battle creek,flow,mean,333.7752976190476
2,2020,battle creek,11376550,USGS,battle creek,flow,min,303
3,2020,battle creek,11376550,USGS,battle creek,flow,max,797
3,2020,battle creek,11376550,USGS,battle creek,flow,mean,361.22023809523813
3,2020,battle creek,11376550,USGS,battle creek,flow,min,288
4,2020,battle creek,11376550,USGS,battle creek,flow,max,3660
4,2020,battle creek,11376550,USGS,battle creek,flow,mean,805.0059523809524
4,2020,battle creek,11376550,USGS,battle creek,flow,min,321
5,2020,battle creek,11376550,USGS,battle creek,flow,max,604
5,2020,battle creek,11376550,USGS,battle creek,flow,mean,437.76785714285717
5,2020,battle creek,11376550,USGS,battle creek,flow,min,337
6,2020,battle creek,11376550,USGS,battle creek,flow,max,378
6,2020,battle creek,11376550,USGS,battle creek,flow,mean,334.2782738095238
6,2020,battle creek,11376550,USGS,battle creek,flow,min,314
7,2020,battle creek,11376550,USGS,battle creek,flow,max,329
7,2020,battle creek,11376550,USGS,battle creek,flow,mean,315.4494047619047
7,2020,battle creek,11376550,USGS,battle creek,flow,min,299
8,2020,battle creek,11376550,USGS,battle creek,flow,max,325
8,2020,battle creek,11376550,USGS,battle creek,flow,mean,304.74851190476187
8,2020,battle creek,11376550,USGS,battle creek,flow,min,292
9,2020,battle creek,11376550,USGS,battle creek,flow,max,306
9,2020,battle creek,11376550,USGS,battle creek,flow,mean,292.3482142857143
9,2020,battle creek,11376550,USGS,battle creek,flow,min,235
10,2020,battle creek,11376550,USGS,battle creek,flow,max,378
10,2020,battle creek,11376550,USGS,battle creek,flow,mean,304.95535714285717
10,2020,battle creek,11376550,USGS,battle creek,flow,min,275
11,2020,battle creek,11376550,USGS,battle creek,flow,max,1020
11,2020,battle creek,11376550,USGS,battle creek,flow,mean,321.5982142857143
11,2020,battle creek,11376550,USGS,battle creek,flow,min,281
12,2020,battle creek,11376550,USGS,battle creek,flow,max,1140
12,2020,battle creek,11376550,USGS,battle creek,flow,mean,466.2827380952381
12,2020,battle creek,11376550,USGS,battle creek,flow,min,336
13,2020,battle creek,11376550,USGS,battle creek,flow,max,479
13,2020,battle creek,11376550,USGS,battle creek,flow,mean,374.9375
13,2020,battle creek,11376550,USGS,battle creek,flow,min,332
14,2020,battle creek,11376550,USGS,battle creek,flow,max,514
14,2020,battle creek,11376550,USGS,battle creek,flow,mean,415.6949404761905
14,2020,battle creek,11376550,USGS,battle creek,flow,min,352
15,2020,battle creek,11376550,USGS,battle creek,flow,max,455
15,2020,battle creek,11376550,USGS,battle creek,flow,mean,412.16964285714283
15,2020,battle creek,11376550,USGS,battle creek,flow,min,377
16,2020,battle creek,11376550,USGS,battle creek,flow,max,436
16,2020,battle creek,11376550,USGS,battle creek,flow,mean,392.25148809523813
16,2020,battle creek,11376550,USGS,battle creek,flow,min,360
17,2020,battle creek,11376550,USGS,battle creek,flow,max,417
17,2020,battle creek,11376550,USGS,battle creek,flow,mean,368.6220238095238
17,2020,battle creek,11376550,USGS,battle creek,flow,min,344
18,2020,battle creek,11376550,USGS,battle creek,flow,max,455
18,2020,battle creek,11376550,USGS,battle creek,flow,mean,379.79464285714283
18,2020,battle creek,11376550,USGS,battle creek,flow,min,336
19,2020,battle creek,11376550,USGS,battle creek,flow,max,426
19,2020,battle creek,11376550,USGS,battle creek,flow,mean,339.13839285714283
19,2020,battle creek,11376550,USGS,battle creek,flow,min,275
20,2020,battle creek,11376550,USGS,battle creek,flow,max,763
20,2020,battle creek,11376550,USGS,battle creek,flow,mean,441.63541666666663
20,2020,battle creek,11376550,USGS,battle creek,flow,min,336
21,2020,battle creek,11376550,USGS,battle creek,flow,max,578
21,2020,battle creek,11376550,USGS,battle creek,flow,mean,418.421130952381
21,2020,battle creek,11376550,USGS,battle creek,flow,min,336
22,2020,battle creek,11376550,USGS,battle creek,flow,max,404
22,2020,battle creek,11376550,USGS,battle creek,flow,mean,356.1919642857143
22,2020,battle creek,11376550,USGS,battle creek,flow,min,306
23,2020,battle creek,11376550,USGS,battle creek,flow,max,348
23,2020,battle creek,11376550,USGS,battle creek,flow,mean,320.1175595238095
23,2020,battle creek,11376550,USGS,battle creek,flow,min,288
24,2020,battle creek,11376550,USGS,battle creek,flow,max,360
24,2020,battle creek,11376550,USGS,battle creek,flow,mean,305.0357142857143
24,2020,battle creek,11376550,USGS,battle creek,flow,min,275
25,2020,battle creek,11376550,USGS,battle creek,flow,max,304
25,2020,battle creek,11376550,USGS,battle creek,flow,mean,275.42410714285717
25,2020,battle creek,11376550,USGS,battle creek,flow,min,253
26,2020,battle creek,11376550,USGS,battle creek,flow,max,289
26,2020,battle creek,11376550,USGS,battle creek,flow,mean,261.4642857142857
26,2020,battle creek,11376550,USGS,battle creek,flow,min,233
27,2020,battle creek,11376550,USGS,battle creek,flow,max,267
27,2020,battle creek,11376550,USGS,battle creek,flow,mean,249.1532738095238
27,2020,battle creek,11376550,USGS,battle creek,flow,min,230
28,2020,battle creek,11376550,USGS,battle creek,flow,max,257
28,2020,battle creek,11376550,USGS,battle creek,flow,mean,238.69047619047618
28,2020,battle creek,11376550,USGS,battle creek,flow,min,214
29,2020,battle creek,11376550,USGS,battle creek,flow,max,250
29,2020,battle creek,11376550,USGS,battle creek,flow,mean,233.09672619047618
29,2020,battle creek,11376550,USGS,battle creek,flow,min,217
30,2020,battle creek,11376550,USGS,battle creek,flow,max,250
30,2020,battle creek,11376550,USGS,battle creek,flow,mean,228.83333333333331
30,2020,battle creek,11376550,USGS,battle creek,flow,min,208
31,2020,battle creek,11376550,USGS,battle creek,flow,max,257
31,2020,battle creek,11376550,USGS,battle creek,flow,mean,225.88541666666669
31,2020,battle creek,11376550,USGS,battle creek,flow,min,200
32,2020,battle creek,11376550,USGS,battle creek,flow,max,253
32,2020,battle creek,11376550,USGS,battle creek,flow,mean,227.51934523809524
32,2020,battle creek,11376550,USGS,battle creek,flow,min,202
33,2020,battle creek,11376550,USGS,battle creek,flow,max,257
33,2020,battle creek,11376550,USGS,battle creek,flow,mean,218.8675595238095
33,2020,battle creek,11376550,USGS,battle creek,flow,min,152
34,2020,battle creek,11376550,USGS,battle creek,flow,max,324
34,2020,battle creek,11376550,USGS,battle creek,flow,mean,226.08333333333334
34,2020,battle creek,11376550,USGS,battle creek,flow,min,197
35,2020,battle creek,11376550,USGS,battle creek,flow,max,253
35,2020,battle creek,11376550,USGS,battle creek,flow,mean,221.81696428571428
35,2020,battle creek,11376550,USGS,battle creek,flow,min,200
36,2020,battle creek,11376550,USGS,battle creek,flow,max,236
36,2020,battle creek,11376550,USGS,battle creek,flow,mean,217.53422619047618
36,2020,battle creek,11376550,USGS,battle creek,flow,min,197
37,2020,battle creek,11376550,USGS,battle creek,flow,max,264
37,2020,battle creek,11376550,USGS,battle creek,flow,mean,222.16964285714286
37,2020,battle creek,11376550,USGS,battle creek,flow,min,188
38,2020,battle creek,11376550,USGS,battle creek,flow,max,264
38,2020,battle creek,11376550,USGS,battle creek,flow,mean,223.20386904761904
38,2020,battle creek,11376550,USGS,battle creek,flow,min,180
39,2020,battle creek,11376550,USGS,battle creek,flow,max,251
39,2020,battle creek,11376550,USGS,battle creek,flow,mean,220.04613095238096
39,2020,battle creek,11376550,USGS,battle creek,flow,min,184
40,2020,battle creek,11376550,USGS,battle creek,flow,max,244
40,2020,battle creek,11376550,USGS,battle creek,flow,mean,221.03571428571428
40,2020,battle creek,11376550,USGS,battle creek,flow,min,203
41,2020,battle creek,11376550,USGS,battle creek,flow,max,249
41,2020,battle creek,11376550,USGS,battle creek,flow,mean,221.79910714285714
41,2020,battle creek,11376550,USGS,battle creek,flow,min,191
42,2020,battle creek,11376550,USGS,battle creek,flow,max,250
42,2020,battle creek,11376550,USGS,battle creek,flow,mean,212.75744047619045
42,2020,battle creek,11376550,USGS,battle creek,flow,min,188
43,2020,battle creek,11376550,USGS,battle creek,flow,max,247
43,2020,battle creek,11376550,USGS,battle creek,flow,mean,208.20089285714286
43,2020,battle creek,11376550,USGS,battle creek,flow,min,184
44,2020,battle creek,11376550,USGS,battle creek,flow,max,239
44,2020,battle creek,11376550,USGS,battle creek,flow,mean,215.5386904761905
44,2020,battle creek,11376550,USGS,battle creek,flow,min,195
45,2020,battle creek,11376550,USGS,battle creek,flow,max,243
45,2020,battle creek,11376550,USGS,battle creek,flow,mean,216.79464285714286
45,2020,battle creek,11376550,USGS,battle creek,flow,min,195
46,2020,battle creek,11376550,USGS,battle creek,flow,max,237
46,2020,battle creek,11376550,USGS,battle creek,flow,mean,217.17410714285714
46,2020,battle creek,11376550,USGS,battle creek,flow,min,200
47,2020,battle creek,11376550,USGS,battle creek,flow,max,258
47,2020,battle creek,11376550,USGS,battle creek,flow,mean,226.67559523809524
47,2020,battle creek,11376550,USGS,battle creek,flow,min,194
48,2020,battle creek,11376550,USGS,battle creek,flow,max,242
48,2020,battle creek,11376550,USGS,battle creek,flow,mean,223.86309523809524
48,2020,battle creek,11376550,USGS,battle creek,flow,min,211
49,2020,battle creek,11376550,USGS,battle creek,flow,max,242
49,2020,battle creek,11376550,USGS,battle creek,flow,mean,221.48363095238096
49,2020,battle creek,11376550,USGS,battle creek,flow,min,211
50,2020,battle creek,11376550,USGS,battle creek,flow,max,269
50,2020,battle creek,11376550,USGS,battle creek,flow,mean,231.34970238095238
50,2020,battle creek,11376550,USGS,battle creek,flow,min,197
51,2020,battle creek,11376550,USGS,battle creek,flow,max,403
51,2020,battle creek,11376550,USGS,battle creek,flow,mean,253.72172619047618
51,2020,battle creek,11376550,USGS,battle creek,flow,min,226
52,2020,battle creek,11376550,USGS,battle creek,flow,max,738
52,2020,battle creek,11376550,USGS,battle creek,flow,mean,268.41964285714283
52,2020,battle creek,11376550,USGS,battle creek,flow,min,229
53,2020,battle creek,11376550,USGS,battle creek,flow,max,238
53,2020,battle creek,11376550,USGS,battle creek,flow,mean,226.265625
53,2020,battle creek,11376550,USGS,battle creek,flow,min,223
1,2021,battle creek,11376550,USGS,battle creek,flow,max,412
1,2021,battle creek,11376550,USGS,battle creek,flow,mean,250.73660714285714
1,2021,battle creek,11376550,USGS,battle creek,flow,min,214
2,2021,battle creek,11376550,USGS,battle creek,flow,max,269
2,2021,battle creek,11376550,USGS,battle creek,flow,mean,238.87053571428572
2,2021,battle creek,11376550,USGS,battle creek,flow,min,226
3,2021,battle creek,11376550,USGS,battle creek,flow,max,262
3,2021,battle creek,11376550,USGS,battle creek,flow,mean,235.28125
3,2021,battle creek,11376550,USGS,battle creek,flow,min,223
4,2021,battle creek,11376550,USGS,battle creek,flow,max,1020
4,2021,battle creek,11376550,USGS,battle creek,flow,mean,310.6994047619047
4,2021,battle creek,11376550,USGS,battle creek,flow,min,223
5,2021,battle creek,11376550,USGS,battle creek,flow,max,1040
5,2021,battle creek,11376550,USGS,battle creek,flow,mean,407.8735119047619
5,2021,battle creek,11376550,USGS,battle creek,flow,min,238
6,2021,battle creek,11376550,USGS,battle creek,flow,max,345
6,2021,battle creek,11376550,USGS,battle creek,flow,mean,268.98065476190476
6,2021,battle creek,11376550,USGS,battle creek,flow,min,238
7,2021,battle creek,11376550,USGS,battle creek,flow,max,1330
7,2021,battle creek,11376550,USGS,battle creek,flow,mean,452.95535714285717
7,2021,battle creek,11376550,USGS,battle creek,flow,min,263
8,2021,battle creek,11376550,USGS,battle creek,flow,max,384
8,2021,battle creek,11376550,USGS,battle creek,flow,mean,279.7886904761905
8,2021,battle creek,11376550,USGS,battle creek,flow,min,244
9,2021,battle creek,11376550,USGS,battle creek,flow,max,269
9,2021,battle creek,11376550,USGS,battle creek,flow,mean,253.8869047619048
9,2021,battle creek,11376550,USGS,battle creek,flow,min,239
10,2021,battle creek,11376550,USGS,battle creek,flow,max,326
10,2021,battle creek,11376550,USGS,battle creek,flow,mean,272.79910714285717
10,2021,battle creek,11376550,USGS,battle creek,flow,min,243
11,2021,battle creek,11376550,USGS,battle creek,flow,max,952
11,2021,battle creek,11376550,USGS,battle creek,flow,mean,357.7470238095238
11,2021,battle creek,11376550,USGS,battle creek,flow,min,251
12,2021,battle creek,11376550,USGS,battle creek,flow,max,436
12,2021,battle creek,11376550,USGS,battle creek,flow,mean,339.3764880952381
12,2021,battle creek,11376550,USGS,battle creek,flow,min,293
13,2021,battle creek,11376550,USGS,battle creek,flow,max,352
13,2021,battle creek,11376550,USGS,battle creek,flow,mean,296.53720238095235
13,2021,battle creek,11376550,USGS,battle creek,flow,min,274
14,2021,battle creek,11376550,USGS,battle creek,flow,max,308
14,2021,battle creek,11376550,USGS,battle creek,flow,mean,286.6577380952381
14,2021,battle creek,11376550,USGS,battle creek,flow,min,243
15,2021,battle creek,11376550,USGS,battle creek,flow,max,304
15,2021,battle creek,11376550,USGS,battle creek,flow,mean,275.9657738095238
15,2021,battle creek,11376550,USGS,battle creek,flow,min,257
16,2021,battle creek,11376550,USGS,battle creek,flow,max,324
16,2021,battle creek,11376550,USGS,battle creek,flow,mean,273.51041666666663
16,2021,battle creek,11376550,USGS,battle creek,flow,min,253
17,2021,battle creek,11376550,USGS,battle creek,flow,max,324
17,2021,battle creek,11376550,USGS,battle creek,flow,mean,284.33035714285717
17,2021,battle creek,11376550,USGS,battle creek,flow,min,260
18,2021,battle creek,11376550,USGS,battle creek,flow,max,312
18,2021,battle creek,11376550,USGS,battle creek,flow,mean,281.8467261904762
18,2021,battle creek,11376550,USGS,battle creek,flow,min,230
19,2021,battle creek,11376550,USGS,battle creek,flow,max,308
19,2021,battle creek,11376550,USGS,battle creek,flow,mean,267.7842261904762
19,2021,battle creek,11376550,USGS,battle creek,flow,min,220
20,2021,battle creek,11376550,USGS,battle creek,flow,max,304
20,2021,battle creek,11376550,USGS,battle creek,flow,mean,254.23214285714286
20,2021,battle creek,11376550,USGS,battle creek,flow,min,220
21,2021,battle creek,11376550,USGS,battle creek,flow,max,257
21,2021,battle creek,11376550,USGS,battle creek,flow,mean,241.25744047619042
21,2021,battle creek,11376550,USGS,battle creek,flow,min,220
22,2021,battle creek,11376550,USGS,battle creek,flow,max,274
22,2021,battle creek,11376550,USGS,battle creek,flow,mean,239.68452380952382
22,2021,battle creek,11376550,USGS,battle creek,flow,min,217
23,2021,battle creek,11376550,USGS,battle creek,flow,max,253
23,2021,battle creek,11376550,USGS,battle creek,flow,mean,235.46166928309782
23,2021,battle creek,11376550,USGS,battle creek,flow,min,224
24,2021,battle creek,11376550,USGS,battle creek,flow,max,242
24,2021,battle creek,11376550,USGS,battle creek,flow,mean,226.87045739348372
24,2021,battle creek,11376550,USGS,battle creek,flow,min,210
25,2021,battle creek,11376550,USGS,battle creek,flow,max,232
25,2021,battle creek,11376550,USGS,battle creek,flow,mean,217.78869047619045
25,2021,battle creek,11376550,USGS,battle creek,flow,min,209
26,2021,battle creek,11376550,USGS,battle creek,flow,max,237
26,2021,battle creek,11376550,USGS,battle creek,flow,mean,216.3050595238095
26,2021,battle creek,11376550,USGS,battle creek,flow,min,200
27,2021,battle creek,11376550,USGS,battle creek,flow,max,226
27,2021,battle creek,11376550,USGS,battle creek,flow,mean,212.03869047619045
27,2021,battle creek,11376550,USGS,battle creek,flow,min,201
28,2021,battle creek,11376550,USGS,battle creek,flow,max,225
28,2021,battle creek,11376550,USGS,battle creek,flow,mean,203.6860119047619
28,2021,battle creek,11376550,USGS,battle creek,flow,min,189
29,2021,battle creek,11376550,USGS,battle creek,flow,max,218
29,2021,battle creek,11376550,USGS,battle creek,flow,mean,201.75148809523807
29,2021,battle creek,11376550,USGS,battle creek,flow,min,183
30,2021,battle creek,11376550,USGS,battle creek,flow,max,215
30,2021,battle creek,11376550,USGS,battle creek,flow,mean,203.07142857142858
30,2021,battle creek,11376550,USGS,battle creek,flow,min,188
31,2021,battle creek,11376550,USGS,battle creek,flow,max,221
31,2021,battle creek,11376550,USGS,battle creek,flow,mean,200.92261904761904
31,2021,battle creek,11376550,USGS,battle creek,flow,min,178
32,2021,battle creek,11376550,USGS,battle creek,flow,max,215
32,2021,battle creek,11376550,USGS,battle creek,flow,mean,199.36011904761907
32,2021,battle creek,11376550,USGS,battle creek,flow,min,180
33,2021,battle creek,11376550,USGS,battle creek,flow,max,215
33,2021,battle creek,11376550,USGS,battle creek,flow,mean,199.88392857142853
33,2021,battle creek,11376550,USGS,battle creek,flow,min,175
34,2021,battle creek,11376550,USGS,battle creek,flow,max,211
34,2021,battle creek,11376550,USGS,battle creek,flow,mean,200.41220238095238
34,2021,battle creek,11376550,USGS,battle creek,flow,min,172
35,2021,battle creek,11376550,USGS,battle creek,flow,max,228
35,2021,battle creek,11376550,USGS,battle creek,flow,mean,199.2723214285714
35,2021,battle creek,11376550,USGS,battle creek,flow,min,150
36,2021,battle creek,11376550,USGS,battle creek,flow,max,208
36,2021,battle creek,11376550,USGS,battle creek,flow,mean,196.98958333333334
36,2021,battle creek,11376550,USGS,battle creek,flow,min,175
37,2021,battle creek,11376550,USGS,battle creek,flow,max,218
37,2021,battle creek,11376550,USGS,battle creek,flow,mean,199.28571428571428
37,2021,battle creek,11376550,USGS,battle creek,flow,min,191
38,2021,battle creek,11376550,USGS,battle creek,flow,max,221
38,2021,battle creek,11376550,USGS,battle creek,flow,mean,202.69345238095238
38,2021,battle creek,11376550,USGS,battle creek,flow,min,190
39,2021,battle creek,11376550,USGS,battle creek,flow,max,244
39,2021,battle creek,11376550,USGS,battle creek,flow,mean,201.91964285714286
39,2021,battle creek,11376550,USGS,battle creek,flow,min,176
40,2021,battle creek,11376550,USGS,battle creek,flow,max,234
40,2021,battle creek,11376550,USGS,battle creek,flow,mean,201.1264880952381
40,2021,battle creek,11376550,USGS,battle creek,flow,min,171
41,2021,battle creek,11376550,USGS,battle creek,flow,max,237
41,2021,battle creek,11376550,USGS,battle creek,flow,mean,199.76934523809524
41,2021,battle creek,11376550,USGS,battle creek,flow,min,162
42,2021,battle creek,11376550,USGS,battle creek,flow,max,279
42,2021,battle creek,11376550,USGS,battle creek,flow,mean,212.3779761904762
42,2021,battle creek,11376550,USGS,battle creek,flow,min,179
43,2021,battle creek,11376550,USGS,battle creek,flow,max,3320
43,2021,battle creek,11376550,USGS,battle creek,flow,mean,693.7395833333334
43,2021,battle creek,11376550,USGS,battle creek,flow,min,216
44,2021,battle creek,11376550,USGS,battle creek,flow,max,297
44,2021,battle creek,11376550,USGS,battle creek,flow,mean,252.22916666666666
44,2021,battle creek,11376550,USGS,battle creek,flow,min,205
45,2021,battle creek,11376550,USGS,battle creek,flow,max,669
45,2021,battle creek,11376550,USGS,battle creek,flow,mean,340.4077380952381
45,2021,battle creek,11376550,USGS,battle creek,flow,min,224
46,2021,battle creek,11376550,USGS,battle creek,flow,max,340
46,2021,battle creek,11376550,USGS,battle creek,flow,mean,267.5386904761905
46,2021,battle creek,11376550,USGS,battle creek,flow,min,224
47,2021,battle creek,11376550,USGS,battle creek,flow,max,290
47,2021,battle creek,11376550,USGS,battle creek,flow,mean,250.71577380952382
47,2021,battle creek,11376550,USGS,battle creek,flow,min,218
48,2021,battle creek,11376550,USGS,battle creek,flow,max,271
48,2021,battle creek,11376550,USGS,battle creek,flow,mean,240.72470238095238
48,2021,battle creek,11376550,USGS,battle creek,flow,min,212
49,2021,battle creek,11376550,USGS,battle creek,flow,max,275
49,2021,battle creek,11376550,USGS,battle creek,flow,mean,242.60267857142858
49,2021,battle creek,11376550,USGS,battle creek,flow,min,205
50,2021,battle creek,11376550,USGS,battle creek,flow,max,2180
50,2021,battle creek,11376550,USGS,battle creek,flow,mean,496.0580357142857
50,2021,battle creek,11376550,USGS,battle creek,flow,min,215
51,2021,battle creek,11376550,USGS,battle creek,flow,max,2820
51,2021,battle creek,11376550,USGS,battle creek,flow,mean,551.8616071428571
51,2021,battle creek,11376550,USGS,battle creek,flow,min,288
52,2021,battle creek,11376550,USGS,battle creek,flow,max,1950
52,2021,battle creek,11376550,USGS,battle creek,flow,mean,869.1622023809524
52,2021,battle creek,11376550,USGS,battle creek,flow,min,492
53,2021,battle creek,11376550,USGS,battle creek,flow,max,521
53,2021,battle creek,11376550,USGS,battle creek,flow,mean,480.6979166666667
53,2021,battle creek,11376550,USGS,battle creek,flow,min,450
1,2022,battle creek,11376550,USGS,battle creek,flow,max,531
1,2022,battle creek,11376550,USGS,battle creek,flow,mean,442.51636904761915
1,2022,battle creek,11376550,USGS,battle creek,flow,min,364
2,2022,battle creek,11376550,USGS,battle creek,flow,max,583
2,2022,battle creek,11376550,USGS,battle creek,flow,mean,421.5639880952381
2,2022,battle creek,11376550,USGS,battle creek,flow,min,364
3,2022,battle creek,11376550,USGS,battle creek,flow,max,372
3,2022,battle creek,11376550,USGS,battle creek,flow,mean,350.5193452380953
3,2022,battle creek,11376550,USGS,battle creek,flow,min,314
4,2022,battle creek,11376550,USGS,battle creek,flow,max,352
4,2022,battle creek,11376550,USGS,battle creek,flow,mean,327.547619047619
4,2022,battle creek,11376550,USGS,battle creek,flow,min,299
5,2022,battle creek,11376550,USGS,battle creek,flow,max,344
5,2022,battle creek,11376550,USGS,battle creek,flow,mean,310.86238354037266
5,2022,battle creek,11376550,USGS,battle creek,flow,min,278
6,2022,battle creek,11376550,USGS,battle creek,flow,max,345
6,2022,battle creek,11376550,USGS,battle creek,flow,mean,303.8125
6,2022,battle creek,11376550,USGS,battle creek,flow,min,274
7,2022,battle creek,11376550,USGS,battle creek,flow,max,354
7,2022,battle creek,11376550,USGS,battle creek,flow,mean,326.4211309523809
7,2022,battle creek,11376550,USGS,battle creek,flow,min,271
8,2022,battle creek,11376550,USGS,battle creek,flow,max,343
8,2022,battle creek,11376550,USGS,battle creek,flow,mean,311.6755952380953
8,2022,battle creek,11376550,USGS,battle creek,flow,min,277
9,2022,battle creek,11376550,USGS,battle creek,flow,max,337
9,2022,battle creek,11376550,USGS,battle creek,flow,mean,306.86904761904765
9,2022,battle creek,11376550,USGS,battle creek,flow,min,260
10,2022,battle creek,11376550,USGS,battle creek,flow,max,344
10,2022,battle creek,11376550,USGS,battle creek,flow,mean,293.83482142857144
10,2022,battle creek,11376550,USGS,battle creek,flow,min,264
11,2022,battle creek,11376550,USGS,battle creek,flow,max,421
11,2022,battle creek,11376550,USGS,battle creek,flow,mean,317.25
11,2022,battle creek,11376550,USGS,battle creek,flow,min,277
12,2022,battle creek,11376550,USGS,battle creek,flow,max,368
12,2022,battle creek,11376550,USGS,battle creek,flow,mean,322.72767857142856
12,2022,battle creek,11376550,USGS,battle creek,flow,min,289
13,2022,battle creek,11376550,USGS,battle creek,flow,max,379
13,2022,battle creek,11376550,USGS,battle creek,flow,mean,336.7455357142857
13,2022,battle creek,11376550,USGS,battle creek,flow,min,305
14,2022,battle creek,11376550,USGS,battle creek,flow,max,377
14,2022,battle creek,11376550,USGS,battle creek,flow,mean,296.80357142857144
14,2022,battle creek,11376550,USGS,battle creek,flow,min,189
15,2022,battle creek,11376550,USGS,battle creek,flow,max,413
15,2022,battle creek,11376550,USGS,battle creek,flow,mean,297.6488095238095
15,2022,battle creek,11376550,USGS,battle creek,flow,min,268
16,2022,battle creek,11376550,USGS,battle creek,flow,max,675
16,2022,battle creek,11376550,USGS,battle creek,flow,mean,436.69345238095235
16,2022,battle creek,11376550,USGS,battle creek,flow,min,323
17,2022,battle creek,11376550,USGS,battle creek,flow,max,447
17,2022,battle creek,11376550,USGS,battle creek,flow,mean,372.8050595238096
17,2022,battle creek,11376550,USGS,battle creek,flow,min,332
18,2022,battle creek,11376550,USGS,battle creek,flow,max,367
18,2022,battle creek,11376550,USGS,battle creek,flow,mean,338.5863095238096
18,2022,battle creek,11376550,USGS,battle creek,flow,min,313
19,2022,battle creek,11376550,USGS,battle creek,flow,max,357
19,2022,battle creek,11376550,USGS,battle creek,flow,mean,330.48958333333337
19,2022,battle creek,11376550,USGS,battle creek,flow,min,272
20,2022,battle creek,11376550,USGS,battle creek,flow,max,364
20,2022,battle creek,11376550,USGS,battle creek,flow,mean,301.4761904761905
20,2022,battle creek,11376550,USGS,battle creek,flow,min,255
21,2022,battle creek,11376550,USGS,battle creek,flow,max,317
21,2022,battle creek,11376550,USGS,battle creek,flow,mean,284.48214285714283
21,2022,battle creek,11376550,USGS,battle creek,flow,min,241
22,2022,battle creek,11376550,USGS,battle creek,flow,max,358
22,2022,battle creek,11376550,USGS,battle creek,flow,mean,300.83928571428567
22,2022,battle creek,11376550,USGS,battle creek,flow,min,270
23,2022,battle creek,11376550,USGS,battle creek,flow,max,403
23,2022,battle creek,11376550,USGS,battle creek,flow,mean,309.75892857142856
23,2022,battle creek,11376550,USGS,battle creek,flow,min,272
24,2022,battle creek,11376550,USGS,battle creek,flow,max,492
24,2022,battle creek,11376550,USGS,battle creek,flow,mean,308.1860119047619
24,2022,battle creek,11376550,USGS,battle creek,flow,min,261
25,2022,battle creek,11376550,USGS,battle creek,flow,max,281
25,2022,battle creek,11376550,USGS,battle creek,flow,mean,259.24107142857144
25,2022,battle creek,11376550,USGS,battle creek,flow,min,239
26,2022,battle creek,11376550,USGS,battle creek,flow,max,260
26,2022,battle creek,11376550,USGS,battle creek,flow,mean,244.44791666666666
26,2022,battle creek,11376550,USGS,battle creek,flow,min,216
27,2022,battle creek,11376550,USGS,battle creek,flow,max,245
27,2022,battle creek,11376550,USGS,battle creek,flow,mean,229.65476190476193
27,2022,battle creek,11376550,USGS,battle creek,flow,min,206
28,2022,battle creek,11376550,USGS,battle creek,flow,max,233
28,2022,battle creek,11376550,USGS,battle creek,flow,mean,216.32589285714286
28,2022,battle creek,11376550,USGS,battle creek,flow,min,185
29,2022,battle creek,11376550,USGS,battle creek,flow,max,238
29,2022,battle creek,11376550,USGS,battle creek,flow,mean,201.23214285714286
29,2022,battle creek,11376550,USGS,battle creek,flow,min,176
30,2022,battle creek,11376550,USGS,battle creek,flow,max,202
30,2022,battle creek,11376550,USGS,battle creek,flow,mean,188.3422619047619
30,2022,battle creek,11376550,USGS,battle creek,flow,min,167
31,2022,battle creek,11376550,USGS,battle creek,flow,max,224
31,2022,battle creek,11376550,USGS,battle creek,flow,mean,196.21577380952382
31,2022,battle creek,11376550,USGS,battle creek,flow,min,160
32,2022,battle creek,11376550,USGS,battle creek,flow,max,220
32,2022,battle creek,11376550,USGS,battle creek,flow,mean,192.62946428571425
32,2022,battle creek,11376550,USGS,battle creek,flow,min,174
33,2022,battle creek,11376550,USGS,battle creek,flow,max,200
33,2022,battle creek,11376550,USGS,battle creek,flow,mean,190.24851190476193
33,2022,battle creek,11376550,USGS,battle creek,flow,min,178
34,2022,battle creek,11376550,USGS,battle creek,flow,max,200
34,2022,battle creek,11376550,USGS,battle creek,flow,mean,183.1220238095238
34,2022,battle creek,11376550,USGS,battle creek,flow,min,163
35,2022,battle creek,11376550,USGS,battle creek,flow,max,190
35,2022,battle creek,11376550,USGS,battle creek,flow,mean,182.30803571428572
35,2022,battle creek,11376550,USGS,battle creek,flow,min,167
36,2022,battle creek,11376550,USGS,battle creek,flow,max,195
36,2022,battle creek,11376550,USGS,battle creek,flow,mean,175.88095238095238
36,2022,battle creek,11376550,USGS,battle creek,flow,min,145
37,2022,battle creek,11376550,USGS,battle creek,flow,max,219
37,2022,battle creek,11376550,USGS,battle creek,flow,mean,181.78422619047618
37,2022,battle creek,11376550,USGS,battle creek,flow,min,149
38,2022,battle creek,11376550,USGS,battle creek,flow,max,230
38,2022,battle creek,11376550,USGS,battle creek,flow,mean,190.26934523809524
38,2022,battle creek,11376550,USGS,battle creek,flow,min,165
39,2022,battle creek,11376550,USGS,battle creek,flow,max,212
39,2022,battle creek,11376550,USGS,battle creek,flow,mean,185.85267857142858
39,2022,battle creek,11376550,USGS,battle creek,flow,min,161
40,2022,battle creek,11376550,USGS,battle creek,flow,max,208
40,2022,battle creek,11376550,USGS,battle creek,flow,mean,186.33035714285714
40,2022,battle creek,11376550,USGS,battle creek,flow,min,162
41,2022,battle creek,11376550,USGS,battle creek,flow,max,200
41,2022,battle creek,11376550,USGS,battle creek,flow,mean,182.84523809523807
41,2022,battle creek,11376550,USGS,battle creek,flow,min,162
42,2022,battle creek,11376550,USGS,battle creek,flow,max,225
42,2022,battle creek,11376550,USGS,battle creek,flow,mean,181.19642857142858
42,2022,battle creek,11376550,USGS,battle creek,flow,min,155
43,2022,battle creek,11376550,USGS,battle creek,flow,max,211
43,2022,battle creek,11376550,USGS,battle creek,flow,mean,176.57589285714286
43,2022,battle creek,11376550,USGS,battle creek,flow,min,149
44,2022,battle creek,11376550,USGS,battle creek,flow,max,211
44,2022,battle creek,11376550,USGS,battle creek,flow,mean,185.2931547619048
44,2022,battle creek,11376550,USGS,battle creek,flow,min,155
45,2022,battle creek,11376550,USGS,battle creek,flow,max,307
45,2022,battle creek,11376550,USGS,battle creek,flow,mean,213.5729166666667
45,2022,battle creek,11376550,USGS,battle creek,flow,min,177
46,2022,battle creek,11376550,USGS,battle creek,flow,max,217
46,2022,battle creek,11376550,USGS,battle creek,flow,mean,192.68154761904762
46,2022,battle creek,11376550,USGS,battle creek,flow,min,175
47,2022,battle creek,11376550,USGS,battle creek,flow,max,226
47,2022,battle creek,11376550,USGS,battle creek,flow,mean,190.82291666666669
47,2022,battle creek,11376550,USGS,battle creek,flow,min,172
48,2022,battle creek,11376550,USGS,battle creek,flow,max,328
48,2022,battle creek,11376550,USGS,battle creek,flow,mean,210.6011904761905
48,2022,battle creek,11376550,USGS,battle creek,flow,min,178
49,2022,battle creek,11376550,USGS,battle creek,flow,max,1460
49,2022,battle creek,11376550,USGS,battle creek,flow,mean,361.4073708206687
49,2022,battle creek,11376550,USGS,battle creek,flow,min,188
50,2022,battle creek,11376550,USGS,battle creek,flow,max,2360
50,2022,battle creek,11376550,USGS,battle creek,flow,mean,508.625
50,2022,battle creek,11376550,USGS,battle creek,flow,min,235
51,2022,battle creek,11376550,USGS,battle creek,flow,max,251
51,2022,battle creek,11376550,USGS,battle creek,flow,mean,231.08779761904762
51,2022,battle creek,11376550,USGS,battle creek,flow,min,200
52,2022,battle creek,11376550,USGS,battle creek,flow,max,6340
52,2022,battle creek,11376550,USGS,battle creek,flow,mean,624.6235119047618
52,2022,battle creek,11376550,USGS,battle creek,flow,min,211
53,2022,battle creek,11376550,USGS,battle creek,flow,max,6890
53,2022,battle creek,11376550,USGS,battle creek,flow,mean,2928.8541666666665
53,2022,battle creek,11376550,USGS,battle creek,flow,min,1330
1,2023,battle creek,11376550,USGS,battle creek,flow,max,1880
1,2023,battle creek,11376550,USGS,battle creek,flow,mean,870.5907738095239
1,2023,battle creek,11376550,USGS,battle creek,flow,min,491
2,2023,battle creek,11376550,USGS,battle creek,flow,max,4970
2,2023,battle creek,11376550,USGS,battle creek,flow,mean,1884.1636904761906
2,2023,battle creek,11376550,USGS,battle creek,flow,min,745
3,2023,battle creek,11376550,USGS,battle creek,flow,max,3750
3,2023,battle creek,11376550,USGS,battle creek,flow,mean,1014.2574404761906
3,2023,battle creek,11376550,USGS,battle creek,flow,min,536
4,2023,battle creek,11376550,USGS,battle creek,flow,max,596
4,2023,battle creek,11376550,USGS,battle creek,flow,mean,503.7514880952381
4,2023,battle creek,11376550,USGS,battle creek,flow,min,440
5,2023,battle creek,11376550,USGS,battle creek,flow,max,500
5,2023,battle creek,11376550,USGS,battle creek,flow,mean,422.08482142857144
5,2023,battle creek,11376550,USGS,battle creek,flow,min,363
6,2023,battle creek,11376550,USGS,battle creek,flow,max,518
6,2023,battle creek,11376550,USGS,battle creek,flow,mean,415.34375
6,2023,battle creek,11376550,USGS,battle creek,flow,min,352
7,2023,battle creek,11376550,USGS,battle creek,flow,max,422
7,2023,battle creek,11376550,USGS,battle creek,flow,mean,352.36607142857144
7,2023,battle creek,11376550,USGS,battle creek,flow,min,299
8,2023,battle creek,11376550,USGS,battle creek,flow,max,500
8,2023,battle creek,11376550,USGS,battle creek,flow,mean,342.89285714285717
8,2023,battle creek,11376550,USGS,battle creek,flow,min,292
9,2023,battle creek,11376550,USGS,battle creek,flow,max,1420
9,2023,battle creek,11376550,USGS,battle creek,flow,mean,583.4910714285714
9,2023,battle creek,11376550,USGS,battle creek,flow,min,418
10,2023,battle creek,11376550,USGS,battle creek,flow,max,3420
10,2023,battle creek,11376550,USGS,battle creek,flow,mean,875.6130952380953
10,2023,battle creek,11376550,USGS,battle creek,flow,min,431
11,2023,battle creek,11376550,USGS,battle creek,flow,max,9300
11,2023,battle creek,11376550,USGS,battle creek,flow,mean,1706.1190476190477
11,2023,battle creek,11376550,USGS,battle creek,flow,min,707
12,2023,battle creek,11376550,USGS,battle creek,flow,max,1290
12,2023,battle creek,11376550,USGS,battle creek,flow,mean,895.452380952381
12,2023,battle creek,11376550,USGS,battle creek,flow,min,660
13,2023,battle creek,11376550,USGS,battle creek,flow,max,2910
13,2023,battle creek,11376550,USGS,battle creek,flow,mean,942.5223214285716
13,2023,battle creek,11376550,USGS,battle creek,flow,min,601
14,2023,battle creek,11376550,USGS,battle creek,flow,max,801
14,2023,battle creek,11376550,USGS,battle creek,flow,mean,688.5000000000001
14,2023,battle creek,11376550,USGS,battle creek,flow,min,587
15,2023,battle creek,11376550,USGS,battle creek,flow,max,841
15,2023,battle creek,11376550,USGS,battle creek,flow,mean,720.1160714285713
15,2023,battle creek,11376550,USGS,battle creek,flow,min,616
16,2023,battle creek,11376550,USGS,battle creek,flow,max,727
16,2023,battle creek,11376550,USGS,battle creek,flow,mean,675.4642857142857
16,2023,battle creek,11376550,USGS,battle creek,flow,min,615
17,2023,battle creek,11376550,USGS,battle creek,flow,max,1020
17,2023,battle creek,11376550,USGS,battle creek,flow,mean,818.9806547619047
17,2023,battle creek,11376550,USGS,battle creek,flow,min,646
18,2023,battle creek,11376550,USGS,battle creek,flow,max,1110
18,2023,battle creek,11376550,USGS,battle creek,flow,mean,903.0937500000001
18,2023,battle creek,11376550,USGS,battle creek,flow,min,721
19,2023,battle creek,11376550,USGS,battle creek,flow,max,807
19,2023,battle creek,11376550,USGS,battle creek,flow,mean,708.0017700501252
19,2023,battle creek,11376550,USGS,battle creek,flow,min,614
20,2023,battle creek,11376550,USGS,battle creek,flow,max,1270
20,2023,battle creek,11376550,USGS,battle creek,flow,mean,1032.1875
20,2023,battle creek,11376550,USGS,battle creek,flow,min,733
21,2023,battle creek,11376550,USGS,battle creek,flow,max,1260
21,2023,battle creek,11376550,USGS,battle creek,flow,mean,1066.236607142857
21,2023,battle creek,11376550,USGS,battle creek,flow,min,889
22,2023,battle creek,11376550,USGS,battle creek,flow,max,1180
22,2023,battle creek,11376550,USGS,battle creek,flow,mean,945.5119047619048
22,2023,battle creek,11376550,USGS,battle creek,flow,min,780
23,2023,battle creek,11376550,USGS,battle creek,flow,max,1090
23,2023,battle creek,11376550,USGS,battle creek,flow,mean,855.4747023809523
23,2023,battle creek,11376550,USGS,battle creek,flow,min,708
24,2023,battle creek,11376550,USGS,battle creek,flow,max,923
24,2023,battle creek,11376550,USGS,battle creek,flow,mean,744.2738095238095
24,2023,battle creek,11376550,USGS,battle creek,flow,min,585
25,2023,battle creek,11376550,USGS,battle creek,flow,max,645
25,2023,battle creek,11376550,USGS,battle creek,flow,mean,529.5044642857143
25,2023,battle creek,11376550,USGS,battle creek,flow,min,444
26,2023,battle creek,11376550,USGS,battle creek,flow,max,476
26,2023,battle creek,11376550,USGS,battle creek,flow,mean,436.203869047619
26,2023,battle creek,11376550,USGS,battle creek,flow,min,395
27,2023,battle creek,11376550,USGS,battle creek,flow,max,446
27,2023,battle creek,11376550,USGS,battle creek,flow,mean,405.50297619047615
27,2023,battle creek,11376550,USGS,battle creek,flow,min,368
28,2023,battle creek,11376550,USGS,battle creek,flow,max,392
28,2023,battle creek,11376550,USGS,battle creek,flow,mean,353.41071428571433
28,2023,battle creek,11376550,USGS,battle creek,flow,min,315
29,2023,battle creek,11376550,USGS,battle creek,flow,max,365
29,2023,battle creek,11376550,USGS,battle creek,flow,mean,319.7961309523809
29,2023,battle creek,11376550,USGS,battle creek,flow,min,277
30,2023,battle creek,11376550,USGS,battle creek,flow,max,323
30,2023,battle creek,11376550,USGS,battle creek,flow,mean,276.8020833333333
30,2023,battle creek,11376550,USGS,battle creek,flow,min,236
31,2023,battle creek,11376550,USGS,battle creek,flow,max,296
31,2023,battle creek,11376550,USGS,battle creek,flow,mean,260.3988095238095
31,2023,battle creek,11376550,USGS,battle creek,flow,min,223
32,2023,battle creek,11376550,USGS,battle creek,flow,max,278
32,2023,battle creek,11376550,USGS,battle creek,flow,mean,255.18898809523807
32,2023,battle creek,11376550,USGS,battle creek,flow,min,223
33,2023,battle creek,11376550,USGS,battle creek,flow,max,285
33,2023,battle creek,11376550,USGS,battle creek,flow,mean,251.97619047619045
33,2023,battle creek,11376550,USGS,battle creek,flow,min,214
34,2023,battle creek,11376550,USGS,battle creek,flow,max,303
34,2023,battle creek,11376550,USGS,battle creek,flow,mean,259.9107142857143
34,2023,battle creek,11376550,USGS,battle creek,flow,min,242
35,2023,battle creek,11376550,USGS,battle creek,flow,max,306
35,2023,battle creek,11376550,USGS,battle creek,flow,mean,242.20238095238096
35,2023,battle creek,11376550,USGS,battle creek,flow,min,191
36,2023,battle creek,11376550,USGS,battle creek,flow,max,271
36,2023,battle creek,11376550,USGS,battle creek,flow,mean,246.31101190476193
36,2023,battle creek,11376550,USGS,battle creek,flow,min,226
37,2023,battle creek,11376550,USGS,battle creek,flow,max,248
37,2023,battle creek,11376550,USGS,battle creek,flow,mean,234.62202380952385
37,2023,battle creek,11376550,USGS,battle creek,flow,min,220
38,2023,battle creek,11376550,USGS,battle creek,flow,max,271
38,2023,battle creek,11376550,USGS,battle creek,flow,mean,237.28273809523807
38,2023,battle creek,11376550,USGS,battle creek,flow,min,220
39,2023,battle creek,11376550,USGS,battle creek,flow,max,285
39,2023,battle creek,11376550,USGS,battle creek,flow,mean,243.15625
39,2023,battle creek,11376550,USGS,battle creek,flow,min,208
40,2023,battle creek,11376550,USGS,battle creek,flow,max,292
40,2023,battle creek,11376550,USGS,battle creek,flow,mean,252.35714285714286
40,2023,battle creek,11376550,USGS,battle creek,flow,min,229
41,2023,battle creek,11376550,USGS,battle creek,flow,max,271
41,2023,battle creek,11376550,USGS,battle creek,flow,mean,248.98363095238096
41,2023,battle creek,11376550,USGS,battle creek,flow,min,229
42,2023,battle creek,11376550,USGS,battle creek,flow,max,274
42,2023,battle creek,11376550,USGS,battle creek,flow,mean,244.23958333333331
42,2023,battle creek,11376550,USGS,battle creek,flow,min,226
43,2023,battle creek,11376550,USGS,battle creek,flow,max,291
43,2023,battle creek,11376550,USGS,battle creek,flow,mean,255.00744047619045
43,2023,battle creek,11376550,USGS,battle creek,flow,min,238
44,2023,battle creek,11376550,USGS,battle creek,flow,max,277
44,2023,battle creek,11376550,USGS,battle creek,flow,mean,257.13988095238096
44,2023,battle creek,11376550,USGS,battle creek,flow,min,240
45,2023,battle creek,11376550,USGS,battle creek,flow,max,263
45,2023,battle creek,11376550,USGS,battle creek,flow,mean,248.59821428571428
45,2023,battle creek,11376550,USGS,battle creek,flow,min,221
46,2023,battle creek,11376550,USGS,battle creek,flow,max,265
46,2023,battle creek,11376550,USGS,battle creek,flow,mean,245.48363095238096
46,2023,battle creek,11376550,USGS,battle creek,flow,min,224
47,2023,battle creek,11376550,USGS,battle creek,flow,max,389
47,2023,battle creek,11376550,USGS,battle creek,flow,mean,271.3273809523809
47,2023,battle creek,11376550,USGS,battle creek,flow,min,233
48,2023,battle creek,11376550,USGS,battle creek,flow,max,275
48,2023,battle creek,11376550,USGS,battle creek,flow,mean,246.10267857142853
48,2023,battle creek,11376550,USGS,battle creek,flow,min,226
49,2023,battle creek,11376550,USGS,battle creek,flow,max,353
49,2023,battle creek,11376550,USGS,battle creek,flow,mean,274.7247023809524
49,2023,battle creek,11376550,USGS,battle creek,flow,min,235
50,2023,battle creek,11376550,USGS,battle creek,flow,max,278
50,2023,battle creek,11376550,USGS,battle creek,flow,mean,243.00892857142858
50,2023,battle creek,11376550,USGS,battle creek,flow,min,224
51,2023,battle creek,11376550,USGS,battle creek,flow,max,954
51,2023,battle creek,11376550,USGS,battle creek,flow,mean,405.3988095238096
51,2023,battle creek,11376550,USGS,battle creek,flow,min,219
52,2023,battle creek,11376550,USGS,battle creek,flow,max,1910
52,2023,battle creek,11376550,USGS,battle creek,flow,mean,369.3690476190476
52,2023,battle creek,11376550,USGS,battle creek,flow,min,230
53,2023,battle creek,11376550,USGS,battle creek,flow,max,542
53,2023,battle creek,11376550,USGS,battle creek,flow,mean,542
53,2023,battle creek,11376550,USGS,battle creek,flow,min,542
1,2024,battle creek,11376550,USGS,battle creek,flow,max,538
1,2024,battle creek,11376550,USGS,battle creek,flow,mean,311.952380952381
1,2024,battle creek,11376550,USGS,battle creek,flow,min,260
2,2024,battle creek,11376550,USGS,battle creek,flow,max,1950
2,2024,battle creek,11376550,USGS,battle creek,flow,mean,405.44791666666663
2,2024,battle creek,11376550,USGS,battle creek,flow,min,239
3,2024,battle creek,11376550,USGS,battle creek,flow,max,1280
3,2024,battle creek,11376550,USGS,battle creek,flow,mean,548.6443452380953
3,2024,battle creek,11376550,USGS,battle creek,flow,min,308
4,2024,battle creek,11376550,USGS,battle creek,flow,max,1680
4,2024,battle creek,11376550,USGS,battle creek,flow,mean,769.4940476190476
4,2024,battle creek,11376550,USGS,battle creek,flow,min,487
5,2024,battle creek,11376550,USGS,battle creek,flow,max,2060
5,2024,battle creek,11376550,USGS,battle creek,flow,mean,736.3988095238095
5,2024,battle creek,11376550,USGS,battle creek,flow,min,424
6,2024,battle creek,11376550,USGS,battle creek,flow,max,3580
6,2024,battle creek,11376550,USGS,battle creek,flow,mean,987.8139880952382
6,2024,battle creek,11376550,USGS,battle creek,flow,min,475
7,2024,battle creek,11376550,USGS,battle creek,flow,max,1540
7,2024,battle creek,11376550,USGS,battle creek,flow,mean,576.6428571428571
7,2024,battle creek,11376550,USGS,battle creek,flow,min,420
8,2024,battle creek,11376550,USGS,battle creek,flow,max,4580
8,2024,battle creek,11376550,USGS,battle creek,flow,mean,1375.7976190476188
8,2024,battle creek,11376550,USGS,battle creek,flow,min,600
9,2024,battle creek,11376550,USGS,battle creek,flow,max,762
9,2024,battle creek,11376550,USGS,battle creek,flow,mean,583.8184523809524
9,2024,battle creek,11376550,USGS,battle creek,flow,min,508
10,2024,battle creek,11376550,USGS,battle creek,flow,max,1080
10,2024,battle creek,11376550,USGS,battle creek,flow,mean,699.9151785714286
10,2024,battle creek,11376550,USGS,battle creek,flow,min,539
11,2024,battle creek,11376550,USGS,battle creek,flow,max,731
11,2024,battle creek,11376550,USGS,battle creek,flow,mean,614.5163690476189
11,2024,battle creek,11376550,USGS,battle creek,flow,min,534
12,2024,battle creek,11376550,USGS,battle creek,flow,max,1200
12,2024,battle creek,11376550,USGS,battle creek,flow,mean,605.4449404761906
12,2024,battle creek,11376550,USGS,battle creek,flow,min,514
13,2024,battle creek,11376550,USGS,battle creek,flow,max,1330
13,2024,battle creek,11376550,USGS,battle creek,flow,mean,783.3363095238095
13,2024,battle creek,11376550,USGS,battle creek,flow,min,529
14,2024,battle creek,11376550,USGS,battle creek,flow,max,830
14,2024,battle creek,11376550,USGS,battle creek,flow,mean,682.5550595238094
14,2024,battle creek,11376550,USGS,battle creek,flow,min,607
15,2024,battle creek,11376550,USGS,battle creek,flow,max,811
15,2024,battle creek,11376550,USGS,battle creek,flow,mean,600.1294642857143
15,2024,battle creek,11376550,USGS,battle creek,flow,min,544
16,2024,battle creek,11376550,USGS,battle creek,flow,max,811
16,2024,battle creek,11376550,USGS,battle creek,flow,mean,662.6964285714286
16,2024,battle creek,11376550,USGS,battle creek,flow,min,607
17,2024,battle creek,11376550,USGS,battle creek,flow,max,837
17,2024,battle creek,11376550,USGS,battle creek,flow,mean,730.029761904762
17,2024,battle creek,11376550,USGS,battle creek,flow,min,650
18,2024,battle creek,11376550,USGS,battle creek,flow,max,1720
18,2024,battle creek,11376550,USGS,battle creek,flow,mean,725.3973214285714
18,2024,battle creek,11376550,USGS,battle creek,flow,min,565
19,2024,battle creek,11376550,USGS,battle creek,flow,max,910
19,2024,battle creek,11376550,USGS,battle creek,flow,mean,724.8809523809524
19,2024,battle creek,11376550,USGS,battle creek,flow,min,628
20,2024,battle creek,11376550,USGS,battle creek,flow,max,895
20,2024,battle creek,11376550,USGS,battle creek,flow,mean,785.5758928571429
20,2024,battle creek,11376550,USGS,battle creek,flow,min,678
21,2024,battle creek,11376550,USGS,battle creek,flow,max,766
21,2024,battle creek,11376550,USGS,battle creek,flow,mean,647.9776785714286
21,2024,battle creek,11376550,USGS,battle creek,flow,min,578
22,2024,battle creek,11376550,USGS,battle creek,flow,max,648
22,2024,battle creek,11376550,USGS,battle creek,flow,mean,584.2916666666666
22,2024,battle creek,11376550,USGS,battle creek,flow,min,512
23,2024,battle creek,11376550,USGS,battle creek,flow,max,582
23,2024,battle creek,11376550,USGS,battle creek,flow,mean,543.2098214285714
23,2024,battle creek,11376550,USGS,battle creek,flow,min,502
24,2024,battle creek,11376550,USGS,battle creek,flow,max,531
24,2024,battle creek,11376550,USGS,battle creek,flow,mean,462.7872023809524
24,2024,battle creek,11376550,USGS,battle creek,flow,min,414
25,2024,battle creek,11376550,USGS,battle creek,flow,max,423
25,2024,battle creek,11376550,USGS,battle creek,flow,mean,383.35565476190476
25,2024,battle creek,11376550,USGS,battle creek,flow,min,352
26,2024,battle creek,11376550,USGS,battle creek,flow,max,405
26,2024,battle creek,11376550,USGS,battle creek,flow,mean,355.3199404761905
26,2024,battle creek,11376550,USGS,battle creek,flow,min,318
27,2024,battle creek,11376550,USGS,battle creek,flow,max,349
27,2024,battle creek,11376550,USGS,battle creek,flow,mean,319.15029761904765
27,2024,battle creek,11376550,USGS,battle creek,flow,min,283
28,2024,battle creek,11376550,USGS,battle creek,flow,max,339
28,2024,battle creek,11376550,USGS,battle creek,flow,mean,298.0699404761904
28,2024,battle creek,11376550,USGS,battle creek,flow,min,265
29,2024,battle creek,11376550,USGS,battle creek,flow,max,337
29,2024,battle creek,11376550,USGS,battle creek,flow,mean,279.14136904761904
29,2024,battle creek,11376550,USGS,battle creek,flow,min,252
30,2024,battle creek,11376550,USGS,battle creek,flow,max,273
30,2024,battle creek,11376550,USGS,battle creek,flow,mean,259.2767857142857
30,2024,battle creek,11376550,USGS,battle creek,flow,min,241
31,2024,battle creek,11376550,USGS,battle creek,flow,max,274
31,2024,battle creek,11376550,USGS,battle creek,flow,mean,255.68005952380955
31,2024,battle creek,11376550,USGS,battle creek,flow,min,237
32,2024,battle creek,11376550,USGS,battle creek,flow,max,264
32,2024,battle creek,11376550,USGS,battle creek,flow,mean,245.23511904761904
32,2024,battle creek,11376550,USGS,battle creek,flow,min,230
33,2024,battle creek,11376550,USGS,battle creek,flow,max,250
33,2024,battle creek,11376550,USGS,battle creek,flow,mean,235.45535714285717
33,2024,battle creek,11376550,USGS,battle creek,flow,min,222
34,2024,battle creek,11376550,USGS,battle creek,flow,max,254
34,2024,battle creek,11376550,USGS,battle creek,flow,mean,234.07291666666666
34,2024,battle creek,11376550,USGS,battle creek,flow,min,221
35,2024,battle creek,11376550,USGS,battle creek,flow,max,249
35,2024,battle creek,11376550,USGS,battle creek,flow,mean,232.76736111111111
35,2024,battle creek,11376550,USGS,battle creek,flow,min,224
41,2024,battle creek,11376550,USGS,battle creek,flow,max,248
41,2024,battle creek,11376550,USGS,battle creek,flow,mean,206.9875
41,2024,battle creek,11376550,USGS,battle creek,flow,min,188
42,2024,battle creek,11376550,USGS,battle creek,flow,max,240
42,2024,battle creek,11376550,USGS,battle creek,flow,mean,214.32291666666666
42,2024,battle creek,11376550,USGS,battle creek,flow,min,197
43,2024,battle creek,11376550,USGS,battle creek,flow,max,236
43,2024,battle creek,11376550,USGS,battle creek,flow,mean,213.79166666666669
43,2024,battle creek,11376550,USGS,battle creek,flow,min,192
44,2024,battle creek,11376550,USGS,battle creek,flow,max,295
44,2024,battle creek,11376550,USGS,battle creek,flow,mean,235.27976190476193
44,2024,battle creek,11376550,USGS,battle creek,flow,min,201
45,2024,battle creek,11376550,USGS,battle creek,flow,max,257
45,2024,battle creek,11376550,USGS,battle creek,flow,mean,230.60416666666666
45,2024,battle creek,11376550,USGS,battle creek,flow,min,206
46,2024,battle creek,11376550,USGS,battle creek,flow,max,290
46,2024,battle creek,11376550,USGS,battle creek,flow,mean,253.8735119047619
46,2024,battle creek,11376550,USGS,battle creek,flow,min,221
47,2024,battle creek,11376550,USGS,battle creek,flow,max,10500
47,2024,battle creek,11376550,USGS,battle creek,flow,mean,1848.235119047619
47,2024,battle creek,11376550,USGS,battle creek,flow,min,242
48,2024,battle creek,11376550,USGS,battle creek,flow,max,768
48,2024,battle creek,11376550,USGS,battle creek,flow,mean,502.33035714285705
48,2024,battle creek,11376550,USGS,battle creek,flow,min,359
49,2024,battle creek,11376550,USGS,battle creek,flow,max,380
49,2024,battle creek,11376550,USGS,battle creek,flow,mean,342.85565476190476
49,2024,battle creek,11376550,USGS,battle creek,flow,min,317
50,2024,battle creek,11376550,USGS,battle creek,flow,max,6550
50,2024,battle creek,11376550,USGS,battle creek,flow,mean,866.2857142857143
50,2024,battle creek,11376550,USGS,battle creek,flow,min,306
51,2024,battle creek,11376550,USGS,battle creek,flow,max,824
51,2024,battle creek,11376550,USGS,battle creek,flow,mean,550.4285714285714
51,2024,battle creek,11376550,USGS,battle creek,flow,min,416
52,2024,battle creek,11376550,USGS,battle creek,flow,max,6670
52,2024,battle creek,11376550,USGS,battle creek,flow,mean,1583.9449404761906
52,2024,battle creek,11376550,USGS,battle creek,flow,min,547
53,2024,battle creek,11376550,USGS,battle creek,flow,max,3540
53,2024,battle creek,11376550,USGS,battle creek,flow,mean,1824.375
53,2024,battle creek,11376550,USGS,battle creek,flow,min,1090
1,2025,battle creek,11376550,USGS,battle creek,flow,max,4980
1,2025,battle creek,11376550,USGS,battle creek,flow,mean,1372.4166666666665
1,2025,battle creek,11376550,USGS,battle creek,flow,min,804
2,2025,battle creek,11376550,USGS,battle creek,flow,max,879
2,2025,battle creek,11376550,USGS,battle creek,flow,mean,684.5729166666667
2,2025,battle creek,11376550,USGS,battle creek,flow,min,559
3,2025,battle creek,11376550,USGS,battle creek,flow,max,590
3,2025,battle creek,11376550,USGS,battle creek,flow,mean,514.0907738095237
3,2025,battle creek,11376550,USGS,battle creek,flow,min,455
4,2025,battle creek,11376550,USGS,battle creek,flow,max,474
4,2025,battle creek,11376550,USGS,battle creek,flow,mean,447.60565476190476
4,2025,battle creek,11376550,USGS,battle creek,flow,min,418
5,2025,battle creek,11376550,USGS,battle creek,flow,max,8500
5,2025,battle creek,11376550,USGS,battle creek,flow,mean,1737.2812500000002
5,2025,battle creek,11376550,USGS,battle creek,flow,min,412
6,2025,battle creek,11376550,USGS,battle creek,flow,max,14200
6,2025,battle creek,11376550,USGS,battle creek,flow,mean,2832.589285714286
6,2025,battle creek,11376550,USGS,battle creek,flow,min,1040
7,2025,battle creek,11376550,USGS,battle creek,flow,max,2390
7,2025,battle creek,11376550,USGS,battle creek,flow,mean,1252.5476190476188
7,2025,battle creek,11376550,USGS,battle creek,flow,min,937
8,2025,battle creek,11376550,USGS,battle creek,flow,max,982
8,2025,battle creek,11376550,USGS,battle creek,flow,mean,860.2782738095239
8,2025,battle creek,11376550,USGS,battle creek,flow,min,774
9,2025,battle creek,11376550,USGS,battle creek,flow,max,1270
9,2025,battle creek,11376550,USGS,battle creek,flow,mean,775.235119047619
9,2025,battle creek,11376550,USGS,battle creek,flow,min,687
10,2025,battle creek,11376550,USGS,battle creek,flow,max,744
10,2025,battle creek,11376550,USGS,battle creek,flow,mean,656.2767857142857
10,2025,battle creek,11376550,USGS,battle creek,flow,min,582
11,2025,battle creek,11376550,USGS,battle creek,flow,max,1400
11,2025,battle creek,11376550,USGS,battle creek,flow,mean,809.0833333333333
11,2025,battle creek,11376550,USGS,battle creek,flow,min,571
12,2025,battle creek,11376550,USGS,battle creek,flow,max,881
12,2025,battle creek,11376550,USGS,battle creek,flow,mean,741.3020833333333
12,2025,battle creek,11376550,USGS,battle creek,flow,min,667
13,2025,battle creek,11376550,USGS,battle creek,flow,max,1410
13,2025,battle creek,11376550,USGS,battle creek,flow,mean,834.9032738095237
13,2025,battle creek,11376550,USGS,battle creek,flow,min,691
14,2025,battle creek,11376550,USGS,battle creek,flow,max,968
14,2025,battle creek,11376550,USGS,battle creek,flow,mean,765.9494047619047
14,2025,battle creek,11376550,USGS,battle creek,flow,min,677
15,2025,battle creek,11376550,USGS,battle creek,flow,max,773
15,2025,battle creek,11376550,USGS,battle creek,flow,mean,708.7425595238094
15,2025,battle creek,11376550,USGS,battle creek,flow,min,624
16,2025,battle creek,11376550,USGS,battle creek,flow,max,733
16,2025,battle creek,11376550,USGS,battle creek,flow,mean,661.2098214285714
16,2025,battle creek,11376550,USGS,battle creek,flow,min,604
17,2025,battle creek,11376550,USGS,battle creek,flow,max,676
17,2025,battle creek,11376550,USGS,battle creek,flow,mean,622.7098214285714
17,2025,battle creek,11376550,USGS,battle creek,flow,min,554
18,2025,battle creek,11376550,USGS,battle creek,flow,max,706
18,2025,battle creek,11376550,USGS,battle creek,flow,mean,598.3705357142857
18,2025,battle creek,11376550,USGS,battle creek,flow,min,499
19,2025,battle creek,11376550,USGS,battle creek,flow,max,652
19,2025,battle creek,11376550,USGS,battle creek,flow,mean,590.9642857142857
19,2025,battle creek,11376550,USGS,battle creek,flow,min,551
20,2025,battle creek,11376550,USGS,battle creek,flow,max,560
20,2025,battle creek,11376550,USGS,battle creek,flow,mean,510.0877976190476
20,2025,battle creek,11376550,USGS,battle creek,flow,min,452
21,2025,battle creek,11376550,USGS,battle creek,flow,max,520
21,2025,battle creek,11376550,USGS,battle creek,flow,mean,482.70089285714283
21,2025,battle creek,11376550,USGS,battle creek,flow,min,451
22,2025,battle creek,11376550,USGS,battle creek,flow,max,544
22,2025,battle creek,11376550,USGS,battle creek,flow,mean,486.11607142857144
22,2025,battle creek,11376550,USGS,battle creek,flow,min,444
23,2025,battle creek,11376550,USGS,battle creek,flow,max,488
23,2025,battle creek,11376550,USGS,battle creek,flow,mean,435.8392857142857
23,2025,battle creek,11376550,USGS,battle creek,flow,min,401
24,2025,battle creek,11376550,USGS,battle creek,flow,max,486
24,2025,battle creek,11376550,USGS,battle creek,flow,mean,400.88541666666663
24,2025,battle creek,11376550,USGS,battle creek,flow,min,354
25,2025,battle creek,11376550,USGS,battle creek,flow,max,381
25,2025,battle creek,11376550,USGS,battle creek,flow,mean,348.52529761904765
25,2025,battle creek,11376550,USGS,battle creek,flow,min,310
26,2025,battle creek,11376550,USGS,battle creek,flow,max,352
26,2025,battle creek,11376550,USGS,battle creek,flow,mean,321.97767857142856
26,2025,battle creek,11376550,USGS,battle creek,flow,min,302
27,2025,battle creek,11376550,USGS,battle creek,flow,max,445
27,2025,battle creek,11376550,USGS,battle creek,flow,mean,309.66815476190476
27,2025,battle creek,11376550,USGS,battle creek,flow,min,282
28,2025,battle creek,11376550,USGS,battle creek,flow,max,303
28,2025,battle creek,11376550,USGS,battle creek,flow,mean,282.6517857142857
28,2025,battle creek,11376550,USGS,battle creek,flow,min,254
29,2025,battle creek,11376550,USGS,battle creek,flow,max,280
29,2025,battle creek,11376550,USGS,battle creek,flow,mean,259.81398809523813
29,2025,battle creek,11376550,USGS,battle creek,flow,min,242
30,2025,battle creek,11376550,USGS,battle creek,flow,max,271
30,2025,battle creek,11376550,USGS,battle creek,flow,mean,254.2529761904762
30,2025,battle creek,11376550,USGS,battle creek,flow,min,232
31,2025,battle creek,11376550,USGS,battle creek,flow,max,273
31,2025,battle creek,11376550,USGS,battle creek,flow,mean,241.6205357142857
31,2025,battle creek,11376550,USGS,battle creek,flow,min,209
32,2025,battle creek,11376550,USGS,battle creek,flow,max,254
32,2025,battle creek,11376550,USGS,battle creek,flow,mean,239.03571428571428
32,2025,battle creek,11376550,USGS,battle creek,flow,min,217
33,2025,battle creek,11376550,USGS,battle creek,flow,max,275
33,2025,battle creek,11376550,USGS,battle creek,flow,mean,241.63541666666666
33,2025,battle creek,11376550,USGS,battle creek,flow,min,232
34,2025,battle creek,11376550,USGS,battle creek,flow,max,258
34,2025,battle creek,11376550,USGS,battle creek,flow,mean,238.49702380952382
34,2025,battle creek,11376550,USGS,battle creek,flow,min,214
35,2025,battle creek,11376550,USGS,battle creek,flow,max,295
35,2025,battle creek,11376550,USGS,battle creek,flow,mean,247.8139880952381
35,2025,battle creek,11376550,USGS,battle creek,flow,min,223
36,2025,battle creek,11376550,USGS,battle creek,flow,max,285
36,2025,battle creek,11376550,USGS,battle creek,flow,mean,240.38095238095238
36,2025,battle creek,11376550,USGS,battle creek,flow,min,217
37,2025,battle creek,11376550,USGS,battle creek,flow,max,321
37,2025,battle creek,11376550,USGS,battle creek,flow,mean,251.52827380952382
37,2025,battle creek,11376550,USGS,battle creek,flow,min,200
38,2025,battle creek,11376550,USGS,battle creek,flow,max,245
38,2025,battle creek,11376550,USGS,battle creek,flow,mean,226.47619047619045
38,2025,battle creek,11376550,USGS,battle creek,flow,min,197
39,2025,battle creek,11376550,USGS,battle creek,flow,max,259
39,2025,battle creek,11376550,USGS,battle creek,flow,mean,229.56994047619045
39,2025,battle creek,11376550,USGS,battle creek,flow,min,200
40,2025,battle creek,11376550,USGS,battle creek,flow,max,283
40,2025,battle creek,11376550,USGS,battle creek,flow,mean,246.91220238095238
40,2025,battle creek,11376550,USGS,battle creek,flow,min,216
41,2025,battle creek,11376550,USGS,battle creek,flow,max,253
41,2025,battle creek,11376550,USGS,battle creek,flow,mean,238.54761904761904
41,2025,battle creek,11376550,USGS,battle creek,flow,min,210
42,2025,battle creek,11376550,USGS,battle creek,flow,max,296
42,2025,battle creek,11376550,USGS,battle creek,flow,mean,241.49851190476193
42,2025,battle creek,11376550,USGS,battle creek,flow,min,206
43,2025,battle creek,11376550,USGS,battle creek,flow,max,568
43,2025,battle creek,11376550,USGS,battle creek,flow,mean,291.76785714285717
43,2025,battle creek,11376550,USGS,battle creek,flow,min,204
44,2025,battle creek,11376550,USGS,battle creek,flow,max,329
44,2025,battle creek,11376550,USGS,battle creek,flow,mean,264.9092261904762
44,2025,battle creek,11376550,USGS,battle creek,flow,min,248
45,2025,battle creek,11376550,USGS,battle creek,flow,max,668
45,2025,battle creek,11376550,USGS,battle creek,flow,mean,330.01934523809524
45,2025,battle creek,11376550,USGS,battle creek,flow,min,266
46,2025,battle creek,11376550,USGS,battle creek,flow,max,1150
46,2025,battle creek,11376550,USGS,battle creek,flow,mean,464.014880952381
46,2025,battle creek,11376550,USGS,battle creek,flow,min,259
47,2025,battle creek,11376550,USGS,battle creek,flow,max,485
47,2025,battle creek,11376550,USGS,battle creek,flow,mean,336.56696428571433
47,2025,battle creek,11376550,USGS,battle creek,flow,min,275
48,2025,battle creek,11376550,USGS,battle creek,flow,max,296
48,2025,battle creek,11376550,USGS,battle creek,flow,mean,279.1309523809524
48,2025,battle creek,11376550,USGS,battle creek,flow,min,266
49,2025,battle creek,11376550,USGS,battle creek,flow,max,302
49,2025,battle creek,11376550,USGS,battle creek,flow,mean,268.7291666666667
49,2025,battle creek,11376550,USGS,battle creek,flow,min,234
50,2025,battle creek,11376550,USGS,battle creek,flow,max,292
50,2025,battle creek,11376550,USGS,battle creek,flow,mean,263.9107142857143
50,2025,battle creek,11376550,USGS,battle creek,flow,min,248
51,2025,battle creek,11376550,USGS,battle creek,flow,max,3980
51,2025,battle creek,11376550,USGS,battle creek,flow,mean,1386.6755952380954
51,2025,battle creek,11376550,USGS,battle creek,flow,min,271
52,2025,battle creek,11376550,USGS,battle creek,flow,max,6230
52,2025,battle creek,11376550,USGS,battle creek,flow,mean,1854.581845238095
52,2025,battle creek,11376550,USGS,battle creek,flow,min,634
53,2025,battle creek,11376550,USGS,battle creek,flow,max,645
53,2025,battle creek,11376550,USGS,battle creek,flow,mean,612.4270833333334
53,2025,battle creek,11376550,USGS,battle creek,flow,min,591
1,2026,battle creek,11376550,USGS,battle creek,flow,max,3160
1,2026,battle creek,11376550,USGS,battle creek,flow,mean,1784.6324404761906
1,2026,battle creek,11376550,USGS,battle creek,flow,min,580
2,2026,battle creek,11376550,USGS,battle creek,flow,max,1090
2,2026,battle creek,11376550,USGS,battle creek,flow,mean,713.1800595238094
2,2026,battle creek,11376550,USGS,battle creek,flow,min,559
3,2026,battle creek,11376550,USGS,battle creek,flow,max,596
3,2026,battle creek,11376550,USGS,battle creek,flow,mean,510.4389880952381
3,2026,battle creek,11376550,USGS,battle creek,flow,min,472
4,2026,battle creek,11376550,USGS,battle creek,flow,max,481
4,2026,battle creek,11376550,USGS,battle creek,flow,mean,447.86607142857144
4,2026,battle creek,11376550,USGS,battle creek,flow,min,418
5,2026,battle creek,11376550,USGS,battle creek,flow,max,449
5,2026,battle creek,11376550,USGS,battle creek,flow,mean,406.56845238095235
5,2026,battle creek,11376550,USGS,battle creek,flow,min,384
6,2026,battle creek,11376550,USGS,battle creek,flow,max,786
6,2026,battle creek,11376550,USGS,battle creek,flow,mean,411.5863095238096
6,2026,battle creek,11376550,USGS,battle creek,flow,min,376
7,2026,battle creek,11376550,USGS,battle creek,flow,max,2030
7,2026,battle creek,11376550,USGS,battle creek,flow,mean,587.764880952381
7,2026,battle creek,11376550,USGS,battle creek,flow,min,388
8,2026,battle creek,11376550,USGS,battle creek,flow,max,7440
8,2026,battle creek,11376550,USGS,battle creek,flow,mean,1372.1041666666665
8,2026,battle creek,11376550,USGS,battle creek,flow,min,449
9,2026,battle creek,11376550,USGS,battle creek,flow,max,3280
9,2026,battle creek,11376550,USGS,battle creek,flow,mean,1231.7619047619046
9,2026,battle creek,11376550,USGS,battle creek,flow,min,780
10,2026,battle creek,11376550,USGS,battle creek,flow,max,850
10,2026,battle creek,11376550,USGS,battle creek,flow,mean,652.2113095238095
10,2026,battle creek,11376550,USGS,battle creek,flow,min,554
11,2026,battle creek,11376550,USGS,battle creek,flow,max,570
11,2026,battle creek,11376550,USGS,battle creek,flow,mean,519.5699404761906
11,2026,battle creek,11376550,USGS,battle creek,flow,min,462
12,2026,battle creek,11376550,USGS,battle creek,flow,max,519
12,2026,battle creek,11376550,USGS,battle creek,flow,mean,482.7395833333333
12,2026,battle creek,11376550,USGS,battle creek,flow,min,426
13,2026,battle creek,11376550,USGS,battle creek,flow,max,596
13,2026,battle creek,11376550,USGS,battle creek,flow,mean,443.19940476190476
13,2026,battle creek,11376550,USGS,battle creek,flow,min,384
14,2026,battle creek,11376550,USGS,battle creek,flow,max,749
14,2026,battle creek,11376550,USGS,battle creek,flow,mean,478.6220238095238
14,2026,battle creek,11376550,USGS,battle creek,flow,min,380
15,2026,battle creek,11376550,USGS,battle creek,flow,max,762
15,2026,battle creek,11376550,USGS,battle creek,flow,mean,513.5550595238095
15,2026,battle creek,11376550,USGS,battle creek,flow,min,396
16,2026,battle creek,11376550,USGS,battle creek,flow,max,1660
16,2026,battle creek,11376550,USGS,battle creek,flow,mean,562.9791666666667
16,2026,battle creek,11376550,USGS,battle creek,flow,min,418
17,2026,battle creek,11376550,USGS,battle creek,flow,max,1050
17,2026,battle creek,11376550,USGS,battle creek,flow,mean,542.6919642857143
17,2026,battle creek,11376550,USGS,battle creek,flow,min,451
18,2026,battle creek,11376550,USGS,battle creek,flow,max,502
18,2026,battle creek,11376550,USGS,battle creek,flow,mean,447.19642857142856
18,2026,battle creek,11376550,USGS,battle creek,flow,min,423
19,2026,battle creek,11376550,USGS,battle creek,flow,max,485
19,2026,battle creek,11376550,USGS,battle creek,flow,mean,413.1294642857143
19,2026,battle creek,11376550,USGS,battle creek,flow,min,388
20,2026,battle creek,11376550,USGS,battle creek,flow,max,407
20,2026,battle creek,11376550,USGS,battle creek,flow,mean,364.5595238095238
20,2026,battle creek,11376550,USGS,battle creek,flow,min,340
21,2026,battle creek,11376550,USGS,battle creek,flow,max,373
21,2026,battle creek,11376550,USGS,battle creek,flow,mean,339.51934523809524
21,2026,battle creek,11376550,USGS,battle creek,flow,min,301
22,2026,battle creek,11376550,USGS,battle creek,flow,max,454
22,2026,battle creek,11376550,USGS,battle creek,flow,mean,352.91220238095235
22,2026,battle creek,11376550,USGS,battle creek,flow,min,292
23,2026,battle creek,11376550,USGS,battle creek,flow,max,345
23,2026,battle creek,11376550,USGS,battle creek,flow,mean,318.95982142857144
23,2026,battle creek,11376550,USGS,battle creek,flow,min,283
24,2026,battle creek,11376550,USGS,battle creek,flow,max,321
24,2026,battle creek,11376550,USGS,battle creek,flow,mean,294.77232142857144
24,2026,battle creek,11376550,USGS,battle creek,flow,min,274
25,2026,battle creek,11376550,USGS,battle creek,flow,max,309
25,2026,battle creek,11376550,USGS,battle creek,flow,mean,281.65773809523813
25,2026,battle creek,11376550,USGS,battle creek,flow,min,254
26,2026,battle creek,11376550,USGS,battle creek,flow,max,293
26,2026,battle creek,11376550,USGS,battle creek,flow,mean,268.21874999999994
26,2026,battle creek,11376550,USGS,battle creek,flow,min,248
27,2026,battle creek,11376550,USGS,battle creek,flow,max,309
27,2026,battle creek,11376550,USGS,battle creek,flow,mean,256.6845238095238
27,2026,battle creek,11376550,USGS,battle creek,flow,min,225
28,2026,battle creek,11376550,USGS,battle creek,flow,max,269
28,2026,battle creek,11376550,USGS,battle creek,flow,mean,246.7842261904762
28,2026,battle creek,11376550,USGS,battle creek,flow,min,230
29,2026,battle creek,11376550,USGS,battle creek,flow,max,289
29,2026,battle creek,11376550,USGS,battle creek,flow,mean,241.51041666666666
29,2026,battle creek,11376550,USGS,battle creek,flow,min,225
30,2026,battle creek,11376550,USGS,battle creek,flow,max,274
30,2026,battle creek,11376550,USGS,battle creek,flow,mean,231.2931547619048
30,2026,battle creek,11376550,USGS,battle creek,flow,min,207
31,2026,battle creek,11376550,USGS,battle creek,flow,max,259
31,2026,battle creek,11376550,USGS,battle creek,flow,mean,229.93154761904765
31,2026,battle creek,11376550,USGS,battle creek,flow,min,203
32,2026,battle creek,11376550,USGS,battle creek,flow,max,303
32,2026,battle creek,11376550,USGS,battle creek,flow,mean,226.4181547619048
32,2026,battle creek,11376550,USGS,battle creek,flow,min,195
33,2026,battle creek,11376550,USGS,battle creek,flow,max,249
33,2026,battle creek,11376550,USGS,battle creek,flow,mean,220.47916666666669
33,2026,battle creek,11376550,USGS,battle creek,flow,min,177
34,2026,battle creek,11376550,USGS,battle creek,flow,max,234
34,2026,battle creek,11376550,USGS,battle creek,flow,mean,223.1369047619048
34,2026,battle creek,11376550,USGS,battle creek,flow,min,208
35,2026,battle creek,11376550,USGS,battle creek,flow,max,242
35,2026,battle creek,11376550,USGS,battle creek,flow,mean,226.52083333333334
35,2026,battle creek,11376550,USGS,battle creek,flow,min,205
36,2026,battle creek,11376550,USGS,battle creek,flow,max,292
36,2026,battle creek,11376550,USGS,battle creek,flow,mean,236.3943452380952
36,2026,battle creek,11376550,USGS,battle creek,flow,min,217
37,2026,battle creek,11376550,USGS,battle creek,flow,max,249
37,2026,battle creek,11376550,USGS,battle creek,flow,mean,229.2261904761905
37,2026,battle creek,11376550,USGS,battle creek,flow,min,209
38,2026,battle creek,11376550,USGS,battle creek,flow,max,254
38,2026,battle creek,11376550,USGS,battle creek,flow,mean,232.90476190476193
38,2026,battle creek,11376550,USGS,battle creek,flow,min,208
39,2026,battle creek,11376550,USGS,battle creek,flow,max,305
39,2026,battle creek,11376550,USGS,battle creek,flow,mean,248.70535714285714
39,2026,battle creek,11376550,USGS,battle creek,flow,min,214
40,2026,battle creek,11376550,USGS,battle creek,flow,max,301
40,2026,battle creek,11376550,USGS,battle creek,flow,mean,249.39583333333331
40,2026,battle creek,11376550,USGS,battle creek,flow,min,208
41,2026,battle creek,11376550,USGS,battle creek,flow,max,283
41,2026,battle creek,11376550,USGS,battle creek,flow,mean,228.6875
41,2026,battle creek,11376550,USGS,battle creek,flow,min,211
