week,year,stream,gage_number,gage_agency,site_group,parameter,statistic,value
1,1991,sacramento river,11390500,USGS,tisdale,flow,max,NA
1,1991,sacramento river,11390500,USGS,tisdale,flow,mean,5358.571428571428
1,1991,sacramento river,11390500,USGS,tisdale,flow,min,NA
2,1991,sacramento river,11390500,USGS,tisdale,flow,max,NA
2,1991,sacramento river,11390500,USGS,tisdale,flow,mean,5590
2,1991,sacramento river,11390500,USGS,tisdale,flow,min,NA
3,1991,sacramento river,11390500,USGS,tisdale,flow,max,NA
3,1991,sacramento river,11390500,USGS,tisdale,flow,mean,5534.285714285715
3,1991,sacramento river,11390500,USGS,tisdale,flow,min,NA
4,1991,sacramento river,11390500,USGS,tisdale,flow,max,NA
4,1991,sacramento river,11390500,USGS,tisdale,flow,mean,5007.142857142857
4,1991,sacramento river,11390500,USGS,tisdale,flow,min,NA
5,1991,sacramento river,11390500,USGS,tisdale,flow,max,NA
5,1991,sacramento river,11390500,USGS,tisdale,flow,mean,4990
5,1991,sacramento river,11390500,USGS,tisdale,flow,min,NA
6,1991,sacramento river,11390500,USGS,tisdale,flow,max,NA
6,1991,sacramento river,11390500,USGS,tisdale,flow,mean,6462.857142857143
6,1991,sacramento river,11390500,USGS,tisdale,flow,min,NA
7,1991,sacramento river,11390500,USGS,tisdale,flow,max,NA
7,1991,sacramento river,11390500,USGS,tisdale,flow,mean,4394.285714285715
7,1991,sacramento river,11390500,USGS,tisdale,flow,min,NA
8,1991,sacramento river,11390500,USGS,tisdale,flow,max,NA
8,1991,sacramento river,11390500,USGS,tisdale,flow,mean,4230
8,1991,sacramento river,11390500,USGS,tisdale,flow,min,NA
9,1991,sacramento river,11390500,USGS,tisdale,flow,max,NA
9,1991,sacramento river,11390500,USGS,tisdale,flow,mean,6110
9,1991,sacramento river,11390500,USGS,tisdale,flow,min,NA
10,1991,sacramento river,11390500,USGS,tisdale,flow,max,NA
10,1991,sacramento river,11390500,USGS,tisdale,flow,mean,14005.714285714286
10,1991,sacramento river,11390500,USGS,tisdale,flow,min,NA
11,1991,sacramento river,11390500,USGS,tisdale,flow,max,NA
11,1991,sacramento river,11390500,USGS,tisdale,flow,mean,11787.142857142857
11,1991,sacramento river,11390500,USGS,tisdale,flow,min,NA
12,1991,sacramento river,11390500,USGS,tisdale,flow,max,NA
12,1991,sacramento river,11390500,USGS,tisdale,flow,mean,14685.714285714286
12,1991,sacramento river,11390500,USGS,tisdale,flow,min,NA
13,1991,sacramento river,11390500,USGS,tisdale,flow,max,NA
13,1991,sacramento river,11390500,USGS,tisdale,flow,mean,17728.571428571428
13,1991,sacramento river,11390500,USGS,tisdale,flow,min,NA
14,1991,sacramento river,11390500,USGS,tisdale,flow,max,NA
14,1991,sacramento river,11390500,USGS,tisdale,flow,mean,9504.285714285714
14,1991,sacramento river,11390500,USGS,tisdale,flow,min,NA
15,1991,sacramento river,11390500,USGS,tisdale,flow,max,NA
15,1991,sacramento river,11390500,USGS,tisdale,flow,mean,7172.857142857143
15,1991,sacramento river,11390500,USGS,tisdale,flow,min,NA
16,1991,sacramento river,11390500,USGS,tisdale,flow,max,NA
16,1991,sacramento river,11390500,USGS,tisdale,flow,mean,5012.857142857143
16,1991,sacramento river,11390500,USGS,tisdale,flow,min,NA
17,1991,sacramento river,11390500,USGS,tisdale,flow,max,NA
17,1991,sacramento river,11390500,USGS,tisdale,flow,mean,4348.571428571428
17,1991,sacramento river,11390500,USGS,tisdale,flow,min,NA
18,1991,sacramento river,11390500,USGS,tisdale,flow,max,NA
18,1991,sacramento river,11390500,USGS,tisdale,flow,mean,4112.857142857143
18,1991,sacramento river,11390500,USGS,tisdale,flow,min,NA
19,1991,sacramento river,11390500,USGS,tisdale,flow,max,NA
19,1991,sacramento river,11390500,USGS,tisdale,flow,mean,5042.857142857143
19,1991,sacramento river,11390500,USGS,tisdale,flow,min,NA
20,1991,sacramento river,11390500,USGS,tisdale,flow,max,NA
20,1991,sacramento river,11390500,USGS,tisdale,flow,mean,5975.714285714285
20,1991,sacramento river,11390500,USGS,tisdale,flow,min,NA
21,1991,sacramento river,11390500,USGS,tisdale,flow,max,NA
21,1991,sacramento river,11390500,USGS,tisdale,flow,mean,5017.142857142857
21,1991,sacramento river,11390500,USGS,tisdale,flow,min,NA
22,1991,sacramento river,11390500,USGS,tisdale,flow,max,NA
22,1991,sacramento river,11390500,USGS,tisdale,flow,mean,5167.142857142857
22,1991,sacramento river,11390500,USGS,tisdale,flow,min,NA
23,1991,sacramento river,11390500,USGS,tisdale,flow,max,NA
23,1991,sacramento river,11390500,USGS,tisdale,flow,mean,4334.285714285715
23,1991,sacramento river,11390500,USGS,tisdale,flow,min,NA
24,1991,sacramento river,11390500,USGS,tisdale,flow,max,NA
24,1991,sacramento river,11390500,USGS,tisdale,flow,mean,4378.571428571428
24,1991,sacramento river,11390500,USGS,tisdale,flow,min,NA
25,1991,sacramento river,11390500,USGS,tisdale,flow,max,NA
25,1991,sacramento river,11390500,USGS,tisdale,flow,mean,4412.857142857143
25,1991,sacramento river,11390500,USGS,tisdale,flow,min,NA
26,1991,sacramento river,11390500,USGS,tisdale,flow,max,NA
26,1991,sacramento river,11390500,USGS,tisdale,flow,mean,5007.142857142857
26,1991,sacramento river,11390500,USGS,tisdale,flow,min,NA
27,1991,sacramento river,11390500,USGS,tisdale,flow,max,NA
27,1991,sacramento river,11390500,USGS,tisdale,flow,mean,4877.142857142857
27,1991,sacramento river,11390500,USGS,tisdale,flow,min,NA
28,1991,sacramento river,11390500,USGS,tisdale,flow,max,NA
28,1991,sacramento river,11390500,USGS,tisdale,flow,mean,4661.428571428572
28,1991,sacramento river,11390500,USGS,tisdale,flow,min,NA
29,1991,sacramento river,11390500,USGS,tisdale,flow,max,NA
29,1991,sacramento river,11390500,USGS,tisdale,flow,mean,4655.714285714285
29,1991,sacramento river,11390500,USGS,tisdale,flow,min,NA
30,1991,sacramento river,11390500,USGS,tisdale,flow,max,NA
30,1991,sacramento river,11390500,USGS,tisdale,flow,mean,4710
30,1991,sacramento river,11390500,USGS,tisdale,flow,min,NA
31,1991,sacramento river,11390500,USGS,tisdale,flow,max,NA
31,1991,sacramento river,11390500,USGS,tisdale,flow,mean,4531.428571428572
31,1991,sacramento river,11390500,USGS,tisdale,flow,min,NA
32,1991,sacramento river,11390500,USGS,tisdale,flow,max,NA
32,1991,sacramento river,11390500,USGS,tisdale,flow,mean,4462.857142857143
32,1991,sacramento river,11390500,USGS,tisdale,flow,min,NA
33,1991,sacramento river,11390500,USGS,tisdale,flow,max,NA
33,1991,sacramento river,11390500,USGS,tisdale,flow,mean,4688.571428571428
33,1991,sacramento river,11390500,USGS,tisdale,flow,min,NA
34,1991,sacramento river,11390500,USGS,tisdale,flow,max,NA
34,1991,sacramento river,11390500,USGS,tisdale,flow,mean,4667.142857142857
34,1991,sacramento river,11390500,USGS,tisdale,flow,min,NA
35,1991,sacramento river,11390500,USGS,tisdale,flow,max,NA
35,1991,sacramento river,11390500,USGS,tisdale,flow,mean,4472.857142857143
35,1991,sacramento river,11390500,USGS,tisdale,flow,min,NA
36,1991,sacramento river,11390500,USGS,tisdale,flow,max,NA
36,1991,sacramento river,11390500,USGS,tisdale,flow,mean,4314.285714285715
36,1991,sacramento river,11390500,USGS,tisdale,flow,min,NA
37,1991,sacramento river,11390500,USGS,tisdale,flow,max,NA
37,1991,sacramento river,11390500,USGS,tisdale,flow,mean,4512.857142857143
37,1991,sacramento river,11390500,USGS,tisdale,flow,min,NA
38,1991,sacramento river,11390500,USGS,tisdale,flow,max,NA
38,1991,sacramento river,11390500,USGS,tisdale,flow,mean,4355.714285714285
38,1991,sacramento river,11390500,USGS,tisdale,flow,min,NA
39,1991,sacramento river,11390500,USGS,tisdale,flow,max,NA
39,1991,sacramento river,11390500,USGS,tisdale,flow,mean,4111.428571428572
39,1991,sacramento river,11390500,USGS,tisdale,flow,min,NA
40,1991,sacramento river,11390500,USGS,tisdale,flow,max,NA
40,1991,sacramento river,11390500,USGS,tisdale,flow,mean,4245.714285714285
40,1991,sacramento river,11390500,USGS,tisdale,flow,min,NA
41,1991,sacramento river,11390500,USGS,tisdale,flow,max,NA
41,1991,sacramento river,11390500,USGS,tisdale,flow,mean,4281.428571428572
41,1991,sacramento river,11390500,USGS,tisdale,flow,min,NA
42,1991,sacramento river,11390500,USGS,tisdale,flow,max,NA
42,1991,sacramento river,11390500,USGS,tisdale,flow,mean,4231.428571428572
42,1991,sacramento river,11390500,USGS,tisdale,flow,min,NA
43,1991,sacramento river,11390500,USGS,tisdale,flow,max,NA
43,1991,sacramento river,11390500,USGS,tisdale,flow,mean,4167.142857142857
43,1991,sacramento river,11390500,USGS,tisdale,flow,min,NA
44,1991,sacramento river,11390500,USGS,tisdale,flow,max,NA
44,1991,sacramento river,11390500,USGS,tisdale,flow,mean,4054.285714285714
44,1991,sacramento river,11390500,USGS,tisdale,flow,min,NA
45,1991,sacramento river,11390500,USGS,tisdale,flow,max,NA
45,1991,sacramento river,11390500,USGS,tisdale,flow,mean,3831.4285714285716
45,1991,sacramento river,11390500,USGS,tisdale,flow,min,NA
46,1991,sacramento river,11390500,USGS,tisdale,flow,max,NA
46,1991,sacramento river,11390500,USGS,tisdale,flow,mean,3938.5714285714284
46,1991,sacramento river,11390500,USGS,tisdale,flow,min,NA
47,1991,sacramento river,11390500,USGS,tisdale,flow,max,NA
47,1991,sacramento river,11390500,USGS,tisdale,flow,mean,4108.571428571428
47,1991,sacramento river,11390500,USGS,tisdale,flow,min,NA
48,1991,sacramento river,11390500,USGS,tisdale,flow,max,NA
48,1991,sacramento river,11390500,USGS,tisdale,flow,mean,4044.285714285714
48,1991,sacramento river,11390500,USGS,tisdale,flow,min,NA
49,1991,sacramento river,11390500,USGS,tisdale,flow,max,NA
49,1991,sacramento river,11390500,USGS,tisdale,flow,mean,4278.571428571428
49,1991,sacramento river,11390500,USGS,tisdale,flow,min,NA
50,1991,sacramento river,11390500,USGS,tisdale,flow,max,NA
50,1991,sacramento river,11390500,USGS,tisdale,flow,mean,3735.714285714286
50,1991,sacramento river,11390500,USGS,tisdale,flow,min,NA
51,1991,sacramento river,11390500,USGS,tisdale,flow,max,NA
51,1991,sacramento river,11390500,USGS,tisdale,flow,mean,4322.857142857143
51,1991,sacramento river,11390500,USGS,tisdale,flow,min,NA
52,1991,sacramento river,11390500,USGS,tisdale,flow,max,NA
52,1991,sacramento river,11390500,USGS,tisdale,flow,mean,4878.571428571428
52,1991,sacramento river,11390500,USGS,tisdale,flow,min,NA
53,1991,sacramento river,11390500,USGS,tisdale,flow,max,NA
53,1991,sacramento river,11390500,USGS,tisdale,flow,mean,10100
53,1991,sacramento river,11390500,USGS,tisdale,flow,min,NA
1,1992,sacramento river,11390500,USGS,tisdale,flow,max,NA
1,1992,sacramento river,11390500,USGS,tisdale,flow,mean,7001.428571428572
1,1992,sacramento river,11390500,USGS,tisdale,flow,min,NA
2,1992,sacramento river,11390500,USGS,tisdale,flow,max,NA
2,1992,sacramento river,11390500,USGS,tisdale,flow,mean,8495.714285714286
2,1992,sacramento river,11390500,USGS,tisdale,flow,min,NA
3,1992,sacramento river,11390500,USGS,tisdale,flow,max,NA
3,1992,sacramento river,11390500,USGS,tisdale,flow,mean,5394.285714285715
3,1992,sacramento river,11390500,USGS,tisdale,flow,min,NA
4,1992,sacramento river,11390500,USGS,tisdale,flow,max,NA
4,1992,sacramento river,11390500,USGS,tisdale,flow,mean,4895.714285714285
4,1992,sacramento river,11390500,USGS,tisdale,flow,min,NA
5,1992,sacramento river,11390500,USGS,tisdale,flow,max,NA
5,1992,sacramento river,11390500,USGS,tisdale,flow,mean,5205.714285714285
5,1992,sacramento river,11390500,USGS,tisdale,flow,min,NA
6,1992,sacramento river,11390500,USGS,tisdale,flow,max,NA
6,1992,sacramento river,11390500,USGS,tisdale,flow,mean,5101.428571428572
6,1992,sacramento river,11390500,USGS,tisdale,flow,min,NA
7,1992,sacramento river,11390500,USGS,tisdale,flow,max,NA
7,1992,sacramento river,11390500,USGS,tisdale,flow,mean,24871.428571428572
7,1992,sacramento river,11390500,USGS,tisdale,flow,min,NA
8,1992,sacramento river,11390500,USGS,tisdale,flow,max,NA
8,1992,sacramento river,11390500,USGS,tisdale,flow,mean,24542.85714285714
8,1992,sacramento river,11390500,USGS,tisdale,flow,min,NA
9,1992,sacramento river,11390500,USGS,tisdale,flow,max,NA
9,1992,sacramento river,11390500,USGS,tisdale,flow,mean,13314.285714285714
9,1992,sacramento river,11390500,USGS,tisdale,flow,min,NA
10,1992,sacramento river,11390500,USGS,tisdale,flow,max,NA
10,1992,sacramento river,11390500,USGS,tisdale,flow,mean,13200
10,1992,sacramento river,11390500,USGS,tisdale,flow,min,NA
11,1992,sacramento river,11390500,USGS,tisdale,flow,max,NA
11,1992,sacramento river,11390500,USGS,tisdale,flow,mean,13140
11,1992,sacramento river,11390500,USGS,tisdale,flow,min,NA
12,1992,sacramento river,11390500,USGS,tisdale,flow,max,NA
12,1992,sacramento river,11390500,USGS,tisdale,flow,mean,18785.714285714286
12,1992,sacramento river,11390500,USGS,tisdale,flow,min,NA
13,1992,sacramento river,11390500,USGS,tisdale,flow,max,NA
13,1992,sacramento river,11390500,USGS,tisdale,flow,mean,10302.857142857143
13,1992,sacramento river,11390500,USGS,tisdale,flow,min,NA
14,1992,sacramento river,11390500,USGS,tisdale,flow,max,NA
14,1992,sacramento river,11390500,USGS,tisdale,flow,mean,7727.142857142857
14,1992,sacramento river,11390500,USGS,tisdale,flow,min,NA
15,1992,sacramento river,11390500,USGS,tisdale,flow,max,NA
15,1992,sacramento river,11390500,USGS,tisdale,flow,mean,6607.142857142857
15,1992,sacramento river,11390500,USGS,tisdale,flow,min,NA
16,1992,sacramento river,11390500,USGS,tisdale,flow,max,NA
16,1992,sacramento river,11390500,USGS,tisdale,flow,mean,8124.285714285715
16,1992,sacramento river,11390500,USGS,tisdale,flow,min,NA
17,1992,sacramento river,11390500,USGS,tisdale,flow,max,NA
17,1992,sacramento river,11390500,USGS,tisdale,flow,mean,4434.285714285715
17,1992,sacramento river,11390500,USGS,tisdale,flow,min,NA
18,1992,sacramento river,11390500,USGS,tisdale,flow,max,NA
18,1992,sacramento river,11390500,USGS,tisdale,flow,mean,3385.714285714286
18,1992,sacramento river,11390500,USGS,tisdale,flow,min,NA
19,1992,sacramento river,11390500,USGS,tisdale,flow,max,NA
19,1992,sacramento river,11390500,USGS,tisdale,flow,mean,3258.5714285714284
19,1992,sacramento river,11390500,USGS,tisdale,flow,min,NA
20,1992,sacramento river,11390500,USGS,tisdale,flow,max,NA
20,1992,sacramento river,11390500,USGS,tisdale,flow,mean,3558.5714285714284
20,1992,sacramento river,11390500,USGS,tisdale,flow,min,NA
21,1992,sacramento river,11390500,USGS,tisdale,flow,max,NA
21,1992,sacramento river,11390500,USGS,tisdale,flow,mean,3377.1428571428573
21,1992,sacramento river,11390500,USGS,tisdale,flow,min,NA
22,1992,sacramento river,11390500,USGS,tisdale,flow,max,NA
22,1992,sacramento river,11390500,USGS,tisdale,flow,mean,3194.285714285714
22,1992,sacramento river,11390500,USGS,tisdale,flow,min,NA
23,1992,sacramento river,11390500,USGS,tisdale,flow,max,NA
23,1992,sacramento river,11390500,USGS,tisdale,flow,mean,3108.5714285714284
23,1992,sacramento river,11390500,USGS,tisdale,flow,min,NA
24,1992,sacramento river,11390500,USGS,tisdale,flow,max,NA
24,1992,sacramento river,11390500,USGS,tisdale,flow,mean,3461.4285714285716
24,1992,sacramento river,11390500,USGS,tisdale,flow,min,NA
25,1992,sacramento river,11390500,USGS,tisdale,flow,max,NA
25,1992,sacramento river,11390500,USGS,tisdale,flow,mean,3784.285714285714
25,1992,sacramento river,11390500,USGS,tisdale,flow,min,NA
26,1992,sacramento river,11390500,USGS,tisdale,flow,max,NA
26,1992,sacramento river,11390500,USGS,tisdale,flow,mean,3530
26,1992,sacramento river,11390500,USGS,tisdale,flow,min,NA
27,1992,sacramento river,11390500,USGS,tisdale,flow,max,NA
27,1992,sacramento river,11390500,USGS,tisdale,flow,mean,4198.571428571428
27,1992,sacramento river,11390500,USGS,tisdale,flow,min,NA
28,1992,sacramento river,11390500,USGS,tisdale,flow,max,NA
28,1992,sacramento river,11390500,USGS,tisdale,flow,mean,3762.8571428571427
28,1992,sacramento river,11390500,USGS,tisdale,flow,min,NA
29,1992,sacramento river,11390500,USGS,tisdale,flow,max,NA
29,1992,sacramento river,11390500,USGS,tisdale,flow,mean,3570
29,1992,sacramento river,11390500,USGS,tisdale,flow,min,NA
30,1992,sacramento river,11390500,USGS,tisdale,flow,max,NA
30,1992,sacramento river,11390500,USGS,tisdale,flow,mean,3630
30,1992,sacramento river,11390500,USGS,tisdale,flow,min,NA
31,1992,sacramento river,11390500,USGS,tisdale,flow,max,NA
31,1992,sacramento river,11390500,USGS,tisdale,flow,mean,3750
31,1992,sacramento river,11390500,USGS,tisdale,flow,min,NA
32,1992,sacramento river,11390500,USGS,tisdale,flow,max,NA
32,1992,sacramento river,11390500,USGS,tisdale,flow,mean,3597.1428571428573
32,1992,sacramento river,11390500,USGS,tisdale,flow,min,NA
33,1992,sacramento river,11390500,USGS,tisdale,flow,max,NA
33,1992,sacramento river,11390500,USGS,tisdale,flow,mean,4535.714285714285
33,1992,sacramento river,11390500,USGS,tisdale,flow,min,NA
34,1992,sacramento river,11390500,USGS,tisdale,flow,max,NA
34,1992,sacramento river,11390500,USGS,tisdale,flow,mean,4595.714285714285
34,1992,sacramento river,11390500,USGS,tisdale,flow,min,NA
35,1992,sacramento river,11390500,USGS,tisdale,flow,max,NA
35,1992,sacramento river,11390500,USGS,tisdale,flow,mean,5144.285714285715
35,1992,sacramento river,11390500,USGS,tisdale,flow,min,NA
36,1992,sacramento river,11390500,USGS,tisdale,flow,max,NA
36,1992,sacramento river,11390500,USGS,tisdale,flow,mean,5088.571428571428
36,1992,sacramento river,11390500,USGS,tisdale,flow,min,NA
37,1992,sacramento river,11390500,USGS,tisdale,flow,max,NA
37,1992,sacramento river,11390500,USGS,tisdale,flow,mean,5561.428571428572
37,1992,sacramento river,11390500,USGS,tisdale,flow,min,NA
38,1992,sacramento river,11390500,USGS,tisdale,flow,max,NA
38,1992,sacramento river,11390500,USGS,tisdale,flow,mean,5771.428571428572
38,1992,sacramento river,11390500,USGS,tisdale,flow,min,NA
39,1992,sacramento river,11390500,USGS,tisdale,flow,max,NA
39,1992,sacramento river,11390500,USGS,tisdale,flow,mean,5614.285714285715
39,1992,sacramento river,11390500,USGS,tisdale,flow,min,NA
40,1992,sacramento river,11390500,USGS,tisdale,flow,max,NA
40,1992,sacramento river,11390500,USGS,tisdale,flow,mean,5124.285714285715
40,1992,sacramento river,11390500,USGS,tisdale,flow,min,NA
41,1992,sacramento river,11390500,USGS,tisdale,flow,max,NA
41,1992,sacramento river,11390500,USGS,tisdale,flow,mean,3805.714285714286
41,1992,sacramento river,11390500,USGS,tisdale,flow,min,NA
42,1992,sacramento river,11390500,USGS,tisdale,flow,max,NA
42,1992,sacramento river,11390500,USGS,tisdale,flow,mean,3167.1428571428573
42,1992,sacramento river,11390500,USGS,tisdale,flow,min,NA
43,1992,sacramento river,11390500,USGS,tisdale,flow,max,NA
43,1992,sacramento river,11390500,USGS,tisdale,flow,mean,3525.714285714286
43,1992,sacramento river,11390500,USGS,tisdale,flow,min,NA
44,1992,sacramento river,11390500,USGS,tisdale,flow,max,NA
44,1992,sacramento river,11390500,USGS,tisdale,flow,mean,4484.285714285715
44,1992,sacramento river,11390500,USGS,tisdale,flow,min,NA
45,1992,sacramento river,11390500,USGS,tisdale,flow,max,NA
45,1992,sacramento river,11390500,USGS,tisdale,flow,mean,4010
45,1992,sacramento river,11390500,USGS,tisdale,flow,min,NA
46,1992,sacramento river,11390500,USGS,tisdale,flow,max,NA
46,1992,sacramento river,11390500,USGS,tisdale,flow,mean,3487.1428571428573
46,1992,sacramento river,11390500,USGS,tisdale,flow,min,NA
47,1992,sacramento river,11390500,USGS,tisdale,flow,max,NA
47,1992,sacramento river,11390500,USGS,tisdale,flow,mean,3465.714285714286
47,1992,sacramento river,11390500,USGS,tisdale,flow,min,NA
48,1992,sacramento river,11390500,USGS,tisdale,flow,max,NA
48,1992,sacramento river,11390500,USGS,tisdale,flow,mean,3734.285714285714
48,1992,sacramento river,11390500,USGS,tisdale,flow,min,NA
49,1992,sacramento river,11390500,USGS,tisdale,flow,max,NA
49,1992,sacramento river,11390500,USGS,tisdale,flow,mean,4025.714285714286
49,1992,sacramento river,11390500,USGS,tisdale,flow,min,NA
50,1992,sacramento river,11390500,USGS,tisdale,flow,max,NA
50,1992,sacramento river,11390500,USGS,tisdale,flow,mean,15392.857142857143
50,1992,sacramento river,11390500,USGS,tisdale,flow,min,NA
51,1992,sacramento river,11390500,USGS,tisdale,flow,max,NA
51,1992,sacramento river,11390500,USGS,tisdale,flow,mean,7252.857142857143
51,1992,sacramento river,11390500,USGS,tisdale,flow,min,NA
52,1992,sacramento river,11390500,USGS,tisdale,flow,max,NA
52,1992,sacramento river,11390500,USGS,tisdale,flow,mean,5291.428571428572
52,1992,sacramento river,11390500,USGS,tisdale,flow,min,NA
53,1992,sacramento river,11390500,USGS,tisdale,flow,max,NA
53,1992,sacramento river,11390500,USGS,tisdale,flow,mean,7525
53,1992,sacramento river,11390500,USGS,tisdale,flow,min,NA
1,1993,sacramento river,11390500,USGS,tisdale,flow,max,NA
1,1993,sacramento river,11390500,USGS,tisdale,flow,mean,16557.14285714286
1,1993,sacramento river,11390500,USGS,tisdale,flow,min,NA
2,1993,sacramento river,11390500,USGS,tisdale,flow,max,NA
2,1993,sacramento river,11390500,USGS,tisdale,flow,mean,20085.714285714286
2,1993,sacramento river,11390500,USGS,tisdale,flow,min,NA
3,1993,sacramento river,11390500,USGS,tisdale,flow,max,NA
3,1993,sacramento river,11390500,USGS,tisdale,flow,mean,25228.571428571428
3,1993,sacramento river,11390500,USGS,tisdale,flow,min,NA
4,1993,sacramento river,11390500,USGS,tisdale,flow,max,NA
4,1993,sacramento river,11390500,USGS,tisdale,flow,mean,25614.285714285714
4,1993,sacramento river,11390500,USGS,tisdale,flow,min,NA
5,1993,sacramento river,11390500,USGS,tisdale,flow,max,NA
5,1993,sacramento river,11390500,USGS,tisdale,flow,mean,13571.42857142857
5,1993,sacramento river,11390500,USGS,tisdale,flow,min,NA
6,1993,sacramento river,11390500,USGS,tisdale,flow,max,NA
6,1993,sacramento river,11390500,USGS,tisdale,flow,mean,15785.714285714286
6,1993,sacramento river,11390500,USGS,tisdale,flow,min,NA
7,1993,sacramento river,11390500,USGS,tisdale,flow,max,NA
7,1993,sacramento river,11390500,USGS,tisdale,flow,mean,21914.285714285714
7,1993,sacramento river,11390500,USGS,tisdale,flow,min,NA
8,1993,sacramento river,11390500,USGS,tisdale,flow,max,NA
8,1993,sacramento river,11390500,USGS,tisdale,flow,mean,26414.285714285714
8,1993,sacramento river,11390500,USGS,tisdale,flow,min,NA
9,1993,sacramento river,11390500,USGS,tisdale,flow,max,NA
9,1993,sacramento river,11390500,USGS,tisdale,flow,mean,18857.14285714286
9,1993,sacramento river,11390500,USGS,tisdale,flow,min,NA
10,1993,sacramento river,11390500,USGS,tisdale,flow,max,NA
10,1993,sacramento river,11390500,USGS,tisdale,flow,mean,12600
10,1993,sacramento river,11390500,USGS,tisdale,flow,min,NA
11,1993,sacramento river,11390500,USGS,tisdale,flow,max,NA
11,1993,sacramento river,11390500,USGS,tisdale,flow,mean,12942.857142857143
11,1993,sacramento river,11390500,USGS,tisdale,flow,min,NA
12,1993,sacramento river,11390500,USGS,tisdale,flow,max,NA
12,1993,sacramento river,11390500,USGS,tisdale,flow,mean,26528.571428571428
12,1993,sacramento river,11390500,USGS,tisdale,flow,min,NA
13,1993,sacramento river,11390500,USGS,tisdale,flow,max,NA
13,1993,sacramento river,11390500,USGS,tisdale,flow,mean,27242.85714285714
13,1993,sacramento river,11390500,USGS,tisdale,flow,min,NA
14,1993,sacramento river,11390500,USGS,tisdale,flow,max,NA
14,1993,sacramento river,11390500,USGS,tisdale,flow,mean,24942.85714285714
14,1993,sacramento river,11390500,USGS,tisdale,flow,min,NA
15,1993,sacramento river,11390500,USGS,tisdale,flow,max,NA
15,1993,sacramento river,11390500,USGS,tisdale,flow,mean,16128.57142857143
15,1993,sacramento river,11390500,USGS,tisdale,flow,min,NA
16,1993,sacramento river,11390500,USGS,tisdale,flow,max,NA
16,1993,sacramento river,11390500,USGS,tisdale,flow,mean,14628.57142857143
16,1993,sacramento river,11390500,USGS,tisdale,flow,min,NA
17,1993,sacramento river,11390500,USGS,tisdale,flow,max,NA
17,1993,sacramento river,11390500,USGS,tisdale,flow,mean,11385.714285714286
17,1993,sacramento river,11390500,USGS,tisdale,flow,min,NA
18,1993,sacramento river,11390500,USGS,tisdale,flow,max,NA
18,1993,sacramento river,11390500,USGS,tisdale,flow,mean,9137.142857142857
18,1993,sacramento river,11390500,USGS,tisdale,flow,min,NA
19,1993,sacramento river,11390500,USGS,tisdale,flow,max,NA
19,1993,sacramento river,11390500,USGS,tisdale,flow,mean,7695.714285714285
19,1993,sacramento river,11390500,USGS,tisdale,flow,min,NA
20,1993,sacramento river,11390500,USGS,tisdale,flow,max,NA
20,1993,sacramento river,11390500,USGS,tisdale,flow,mean,7042.857142857143
20,1993,sacramento river,11390500,USGS,tisdale,flow,min,NA
21,1993,sacramento river,11390500,USGS,tisdale,flow,max,NA
21,1993,sacramento river,11390500,USGS,tisdale,flow,mean,8081.428571428572
21,1993,sacramento river,11390500,USGS,tisdale,flow,min,NA
22,1993,sacramento river,11390500,USGS,tisdale,flow,max,NA
22,1993,sacramento river,11390500,USGS,tisdale,flow,mean,13885.714285714286
22,1993,sacramento river,11390500,USGS,tisdale,flow,min,NA
23,1993,sacramento river,11390500,USGS,tisdale,flow,max,NA
23,1993,sacramento river,11390500,USGS,tisdale,flow,mean,20971.428571428572
23,1993,sacramento river,11390500,USGS,tisdale,flow,min,NA
24,1993,sacramento river,11390500,USGS,tisdale,flow,max,NA
24,1993,sacramento river,11390500,USGS,tisdale,flow,mean,13157.142857142857
24,1993,sacramento river,11390500,USGS,tisdale,flow,min,NA
25,1993,sacramento river,11390500,USGS,tisdale,flow,max,NA
25,1993,sacramento river,11390500,USGS,tisdale,flow,mean,10008.57142857143
25,1993,sacramento river,11390500,USGS,tisdale,flow,min,NA
26,1993,sacramento river,11390500,USGS,tisdale,flow,max,NA
26,1993,sacramento river,11390500,USGS,tisdale,flow,mean,7044.285714285715
26,1993,sacramento river,11390500,USGS,tisdale,flow,min,NA
27,1993,sacramento river,11390500,USGS,tisdale,flow,max,NA
27,1993,sacramento river,11390500,USGS,tisdale,flow,mean,6800
27,1993,sacramento river,11390500,USGS,tisdale,flow,min,NA
28,1993,sacramento river,11390500,USGS,tisdale,flow,max,NA
28,1993,sacramento river,11390500,USGS,tisdale,flow,mean,6427.142857142857
28,1993,sacramento river,11390500,USGS,tisdale,flow,min,NA
29,1993,sacramento river,11390500,USGS,tisdale,flow,max,NA
29,1993,sacramento river,11390500,USGS,tisdale,flow,mean,5731.428571428572
29,1993,sacramento river,11390500,USGS,tisdale,flow,min,NA
30,1993,sacramento river,11390500,USGS,tisdale,flow,max,NA
30,1993,sacramento river,11390500,USGS,tisdale,flow,mean,6602.857142857143
30,1993,sacramento river,11390500,USGS,tisdale,flow,min,NA
31,1993,sacramento river,11390500,USGS,tisdale,flow,max,NA
31,1993,sacramento river,11390500,USGS,tisdale,flow,mean,8188.571428571428
31,1993,sacramento river,11390500,USGS,tisdale,flow,min,NA
32,1993,sacramento river,11390500,USGS,tisdale,flow,max,NA
32,1993,sacramento river,11390500,USGS,tisdale,flow,mean,7887.142857142857
32,1993,sacramento river,11390500,USGS,tisdale,flow,min,NA
33,1993,sacramento river,11390500,USGS,tisdale,flow,max,NA
33,1993,sacramento river,11390500,USGS,tisdale,flow,mean,7724.285714285715
33,1993,sacramento river,11390500,USGS,tisdale,flow,min,NA
34,1993,sacramento river,11390500,USGS,tisdale,flow,max,NA
34,1993,sacramento river,11390500,USGS,tisdale,flow,mean,8592.857142857143
34,1993,sacramento river,11390500,USGS,tisdale,flow,min,NA
35,1993,sacramento river,11390500,USGS,tisdale,flow,max,NA
35,1993,sacramento river,11390500,USGS,tisdale,flow,mean,7697.142857142857
35,1993,sacramento river,11390500,USGS,tisdale,flow,min,NA
36,1993,sacramento river,11390500,USGS,tisdale,flow,max,NA
36,1993,sacramento river,11390500,USGS,tisdale,flow,mean,8107.142857142857
36,1993,sacramento river,11390500,USGS,tisdale,flow,min,NA
37,1993,sacramento river,11390500,USGS,tisdale,flow,max,NA
37,1993,sacramento river,11390500,USGS,tisdale,flow,mean,8860
37,1993,sacramento river,11390500,USGS,tisdale,flow,min,NA
38,1993,sacramento river,11390500,USGS,tisdale,flow,max,NA
38,1993,sacramento river,11390500,USGS,tisdale,flow,mean,8464.285714285714
38,1993,sacramento river,11390500,USGS,tisdale,flow,min,NA
39,1993,sacramento river,11390500,USGS,tisdale,flow,max,NA
39,1993,sacramento river,11390500,USGS,tisdale,flow,mean,8675.714285714286
39,1993,sacramento river,11390500,USGS,tisdale,flow,min,NA
40,1993,sacramento river,11390500,USGS,tisdale,flow,max,NA
40,1993,sacramento river,11390500,USGS,tisdale,flow,mean,8524.285714285714
40,1993,sacramento river,11390500,USGS,tisdale,flow,min,NA
41,1993,sacramento river,11390500,USGS,tisdale,flow,max,NA
41,1993,sacramento river,11390500,USGS,tisdale,flow,mean,7352.857142857143
41,1993,sacramento river,11390500,USGS,tisdale,flow,min,NA
42,1993,sacramento river,11390500,USGS,tisdale,flow,max,NA
42,1993,sacramento river,11390500,USGS,tisdale,flow,mean,7257.142857142857
42,1993,sacramento river,11390500,USGS,tisdale,flow,min,NA
43,1993,sacramento river,11390500,USGS,tisdale,flow,max,NA
43,1993,sacramento river,11390500,USGS,tisdale,flow,mean,5701.428571428572
43,1993,sacramento river,11390500,USGS,tisdale,flow,min,NA
44,1993,sacramento river,11390500,USGS,tisdale,flow,max,NA
44,1993,sacramento river,11390500,USGS,tisdale,flow,mean,5264.285714285715
44,1993,sacramento river,11390500,USGS,tisdale,flow,min,NA
45,1993,sacramento river,11390500,USGS,tisdale,flow,max,NA
45,1993,sacramento river,11390500,USGS,tisdale,flow,mean,5264.285714285715
45,1993,sacramento river,11390500,USGS,tisdale,flow,min,NA
46,1993,sacramento river,11390500,USGS,tisdale,flow,max,NA
46,1993,sacramento river,11390500,USGS,tisdale,flow,mean,5502.857142857143
46,1993,sacramento river,11390500,USGS,tisdale,flow,min,NA
47,1993,sacramento river,11390500,USGS,tisdale,flow,max,NA
47,1993,sacramento river,11390500,USGS,tisdale,flow,mean,5540
47,1993,sacramento river,11390500,USGS,tisdale,flow,min,NA
48,1993,sacramento river,11390500,USGS,tisdale,flow,max,NA
48,1993,sacramento river,11390500,USGS,tisdale,flow,mean,6094.285714285715
48,1993,sacramento river,11390500,USGS,tisdale,flow,min,NA
49,1993,sacramento river,11390500,USGS,tisdale,flow,max,NA
49,1993,sacramento river,11390500,USGS,tisdale,flow,mean,6095.714285714285
49,1993,sacramento river,11390500,USGS,tisdale,flow,min,NA
50,1993,sacramento river,11390500,USGS,tisdale,flow,max,NA
50,1993,sacramento river,11390500,USGS,tisdale,flow,mean,11057.142857142857
50,1993,sacramento river,11390500,USGS,tisdale,flow,min,NA
51,1993,sacramento river,11390500,USGS,tisdale,flow,max,NA
51,1993,sacramento river,11390500,USGS,tisdale,flow,mean,8964.285714285714
51,1993,sacramento river,11390500,USGS,tisdale,flow,min,NA
52,1993,sacramento river,11390500,USGS,tisdale,flow,max,NA
52,1993,sacramento river,11390500,USGS,tisdale,flow,mean,7167.142857142857
52,1993,sacramento river,11390500,USGS,tisdale,flow,min,NA
53,1993,sacramento river,11390500,USGS,tisdale,flow,max,NA
53,1993,sacramento river,11390500,USGS,tisdale,flow,mean,6960
53,1993,sacramento river,11390500,USGS,tisdale,flow,min,NA
1,1994,sacramento river,11390500,USGS,tisdale,flow,max,NA
1,1994,sacramento river,11390500,USGS,tisdale,flow,mean,6815.714285714285
1,1994,sacramento river,11390500,USGS,tisdale,flow,min,NA
2,1994,sacramento river,11390500,USGS,tisdale,flow,max,NA
2,1994,sacramento river,11390500,USGS,tisdale,flow,mean,6351.428571428572
2,1994,sacramento river,11390500,USGS,tisdale,flow,min,NA
3,1994,sacramento river,11390500,USGS,tisdale,flow,max,NA
3,1994,sacramento river,11390500,USGS,tisdale,flow,mean,5885.714285714285
3,1994,sacramento river,11390500,USGS,tisdale,flow,min,NA
4,1994,sacramento river,11390500,USGS,tisdale,flow,max,NA
4,1994,sacramento river,11390500,USGS,tisdale,flow,mean,9392.857142857143
4,1994,sacramento river,11390500,USGS,tisdale,flow,min,NA
5,1994,sacramento river,11390500,USGS,tisdale,flow,max,NA
5,1994,sacramento river,11390500,USGS,tisdale,flow,mean,7161.428571428572
5,1994,sacramento river,11390500,USGS,tisdale,flow,min,NA
6,1994,sacramento river,11390500,USGS,tisdale,flow,max,NA
6,1994,sacramento river,11390500,USGS,tisdale,flow,mean,11734.285714285714
6,1994,sacramento river,11390500,USGS,tisdale,flow,min,NA
7,1994,sacramento river,11390500,USGS,tisdale,flow,max,NA
7,1994,sacramento river,11390500,USGS,tisdale,flow,mean,10525.714285714286
7,1994,sacramento river,11390500,USGS,tisdale,flow,min,NA
8,1994,sacramento river,11390500,USGS,tisdale,flow,max,NA
8,1994,sacramento river,11390500,USGS,tisdale,flow,mean,15328.57142857143
8,1994,sacramento river,11390500,USGS,tisdale,flow,min,NA
9,1994,sacramento river,11390500,USGS,tisdale,flow,max,NA
9,1994,sacramento river,11390500,USGS,tisdale,flow,mean,10351.42857142857
9,1994,sacramento river,11390500,USGS,tisdale,flow,min,NA
10,1994,sacramento river,11390500,USGS,tisdale,flow,max,NA
10,1994,sacramento river,11390500,USGS,tisdale,flow,mean,8574.285714285714
10,1994,sacramento river,11390500,USGS,tisdale,flow,min,NA
11,1994,sacramento river,11390500,USGS,tisdale,flow,max,NA
11,1994,sacramento river,11390500,USGS,tisdale,flow,mean,7332.857142857143
11,1994,sacramento river,11390500,USGS,tisdale,flow,min,NA
12,1994,sacramento river,11390500,USGS,tisdale,flow,max,NA
12,1994,sacramento river,11390500,USGS,tisdale,flow,mean,6142.857142857143
12,1994,sacramento river,11390500,USGS,tisdale,flow,min,NA
13,1994,sacramento river,11390500,USGS,tisdale,flow,max,NA
13,1994,sacramento river,11390500,USGS,tisdale,flow,mean,4830
13,1994,sacramento river,11390500,USGS,tisdale,flow,min,NA
14,1994,sacramento river,11390500,USGS,tisdale,flow,max,NA
14,1994,sacramento river,11390500,USGS,tisdale,flow,mean,4405.714285714285
14,1994,sacramento river,11390500,USGS,tisdale,flow,min,NA
15,1994,sacramento river,11390500,USGS,tisdale,flow,max,NA
15,1994,sacramento river,11390500,USGS,tisdale,flow,mean,4398.571428571428
15,1994,sacramento river,11390500,USGS,tisdale,flow,min,NA
16,1994,sacramento river,11390500,USGS,tisdale,flow,max,NA
16,1994,sacramento river,11390500,USGS,tisdale,flow,mean,3534.285714285714
16,1994,sacramento river,11390500,USGS,tisdale,flow,min,NA
17,1994,sacramento river,11390500,USGS,tisdale,flow,max,NA
17,1994,sacramento river,11390500,USGS,tisdale,flow,mean,4471.428571428572
17,1994,sacramento river,11390500,USGS,tisdale,flow,min,NA
18,1994,sacramento river,11390500,USGS,tisdale,flow,max,NA
18,1994,sacramento river,11390500,USGS,tisdale,flow,mean,4132.857142857143
18,1994,sacramento river,11390500,USGS,tisdale,flow,min,NA
19,1994,sacramento river,11390500,USGS,tisdale,flow,max,NA
19,1994,sacramento river,11390500,USGS,tisdale,flow,mean,6087.142857142857
19,1994,sacramento river,11390500,USGS,tisdale,flow,min,NA
20,1994,sacramento river,11390500,USGS,tisdale,flow,max,NA
20,1994,sacramento river,11390500,USGS,tisdale,flow,mean,5922.857142857143
20,1994,sacramento river,11390500,USGS,tisdale,flow,min,NA
21,1994,sacramento river,11390500,USGS,tisdale,flow,max,NA
21,1994,sacramento river,11390500,USGS,tisdale,flow,mean,5760
21,1994,sacramento river,11390500,USGS,tisdale,flow,min,NA
22,1994,sacramento river,11390500,USGS,tisdale,flow,max,NA
22,1994,sacramento river,11390500,USGS,tisdale,flow,mean,5508.571428571428
22,1994,sacramento river,11390500,USGS,tisdale,flow,min,NA
23,1994,sacramento river,11390500,USGS,tisdale,flow,max,NA
23,1994,sacramento river,11390500,USGS,tisdale,flow,mean,4421.428571428572
23,1994,sacramento river,11390500,USGS,tisdale,flow,min,NA
24,1994,sacramento river,11390500,USGS,tisdale,flow,max,NA
24,1994,sacramento river,11390500,USGS,tisdale,flow,mean,4861.428571428572
24,1994,sacramento river,11390500,USGS,tisdale,flow,min,NA
25,1994,sacramento river,11390500,USGS,tisdale,flow,max,NA
25,1994,sacramento river,11390500,USGS,tisdale,flow,mean,5248.571428571428
25,1994,sacramento river,11390500,USGS,tisdale,flow,min,NA
26,1994,sacramento river,11390500,USGS,tisdale,flow,max,NA
26,1994,sacramento river,11390500,USGS,tisdale,flow,mean,5602.857142857143
26,1994,sacramento river,11390500,USGS,tisdale,flow,min,NA
27,1994,sacramento river,11390500,USGS,tisdale,flow,max,NA
27,1994,sacramento river,11390500,USGS,tisdale,flow,mean,5741.428571428572
27,1994,sacramento river,11390500,USGS,tisdale,flow,min,NA
28,1994,sacramento river,11390500,USGS,tisdale,flow,max,NA
28,1994,sacramento river,11390500,USGS,tisdale,flow,mean,7005.714285714285
28,1994,sacramento river,11390500,USGS,tisdale,flow,min,NA
29,1994,sacramento river,11390500,USGS,tisdale,flow,max,NA
29,1994,sacramento river,11390500,USGS,tisdale,flow,mean,7581.428571428572
29,1994,sacramento river,11390500,USGS,tisdale,flow,min,NA
30,1994,sacramento river,11390500,USGS,tisdale,flow,max,NA
30,1994,sacramento river,11390500,USGS,tisdale,flow,mean,7797.142857142857
30,1994,sacramento river,11390500,USGS,tisdale,flow,min,NA
31,1994,sacramento river,11390500,USGS,tisdale,flow,max,NA
31,1994,sacramento river,11390500,USGS,tisdale,flow,mean,7201.428571428572
31,1994,sacramento river,11390500,USGS,tisdale,flow,min,NA
32,1994,sacramento river,11390500,USGS,tisdale,flow,max,NA
32,1994,sacramento river,11390500,USGS,tisdale,flow,mean,6398.571428571428
32,1994,sacramento river,11390500,USGS,tisdale,flow,min,NA
33,1994,sacramento river,11390500,USGS,tisdale,flow,max,NA
33,1994,sacramento river,11390500,USGS,tisdale,flow,mean,6502.857142857143
33,1994,sacramento river,11390500,USGS,tisdale,flow,min,NA
34,1994,sacramento river,11390500,USGS,tisdale,flow,max,NA
34,1994,sacramento river,11390500,USGS,tisdale,flow,mean,8392.857142857143
34,1994,sacramento river,11390500,USGS,tisdale,flow,min,NA
35,1994,sacramento river,11390500,USGS,tisdale,flow,max,NA
35,1994,sacramento river,11390500,USGS,tisdale,flow,mean,9490
35,1994,sacramento river,11390500,USGS,tisdale,flow,min,NA
36,1994,sacramento river,11390500,USGS,tisdale,flow,max,NA
36,1994,sacramento river,11390500,USGS,tisdale,flow,mean,9858.57142857143
36,1994,sacramento river,11390500,USGS,tisdale,flow,min,NA
37,1994,sacramento river,11390500,USGS,tisdale,flow,max,NA
37,1994,sacramento river,11390500,USGS,tisdale,flow,mean,8762.857142857143
37,1994,sacramento river,11390500,USGS,tisdale,flow,min,NA
38,1994,sacramento river,11390500,USGS,tisdale,flow,max,NA
38,1994,sacramento river,11390500,USGS,tisdale,flow,mean,7960
38,1994,sacramento river,11390500,USGS,tisdale,flow,min,NA
39,1994,sacramento river,11390500,USGS,tisdale,flow,max,NA
39,1994,sacramento river,11390500,USGS,tisdale,flow,mean,6990
39,1994,sacramento river,11390500,USGS,tisdale,flow,min,NA
40,1994,sacramento river,11390500,USGS,tisdale,flow,max,NA
40,1994,sacramento river,11390500,USGS,tisdale,flow,mean,5781.428571428572
40,1994,sacramento river,11390500,USGS,tisdale,flow,min,NA
41,1994,sacramento river,11390500,USGS,tisdale,flow,max,NA
41,1994,sacramento river,11390500,USGS,tisdale,flow,mean,4358.571428571428
41,1994,sacramento river,11390500,USGS,tisdale,flow,min,NA
42,1994,sacramento river,11390500,USGS,tisdale,flow,max,NA
42,1994,sacramento river,11390500,USGS,tisdale,flow,mean,3464.285714285714
42,1994,sacramento river,11390500,USGS,tisdale,flow,min,NA
43,1994,sacramento river,11390500,USGS,tisdale,flow,max,NA
43,1994,sacramento river,11390500,USGS,tisdale,flow,mean,3651.4285714285716
43,1994,sacramento river,11390500,USGS,tisdale,flow,min,NA
44,1994,sacramento river,11390500,USGS,tisdale,flow,max,NA
44,1994,sacramento river,11390500,USGS,tisdale,flow,mean,3531.4285714285716
44,1994,sacramento river,11390500,USGS,tisdale,flow,min,NA
45,1994,sacramento river,11390500,USGS,tisdale,flow,max,NA
45,1994,sacramento river,11390500,USGS,tisdale,flow,mean,4462.857142857143
45,1994,sacramento river,11390500,USGS,tisdale,flow,min,NA
46,1994,sacramento river,11390500,USGS,tisdale,flow,max,NA
46,1994,sacramento river,11390500,USGS,tisdale,flow,mean,4941.428571428572
46,1994,sacramento river,11390500,USGS,tisdale,flow,min,NA
47,1994,sacramento river,11390500,USGS,tisdale,flow,max,NA
47,1994,sacramento river,11390500,USGS,tisdale,flow,mean,4251.428571428572
47,1994,sacramento river,11390500,USGS,tisdale,flow,min,NA
48,1994,sacramento river,11390500,USGS,tisdale,flow,max,NA
48,1994,sacramento river,11390500,USGS,tisdale,flow,mean,4792.857142857143
48,1994,sacramento river,11390500,USGS,tisdale,flow,min,NA
49,1994,sacramento river,11390500,USGS,tisdale,flow,max,NA
49,1994,sacramento river,11390500,USGS,tisdale,flow,mean,9670
49,1994,sacramento river,11390500,USGS,tisdale,flow,min,NA
50,1994,sacramento river,11390500,USGS,tisdale,flow,max,NA
50,1994,sacramento river,11390500,USGS,tisdale,flow,mean,8568.57142857143
50,1994,sacramento river,11390500,USGS,tisdale,flow,min,NA
51,1994,sacramento river,11390500,USGS,tisdale,flow,max,NA
51,1994,sacramento river,11390500,USGS,tisdale,flow,mean,8271.42857142857
51,1994,sacramento river,11390500,USGS,tisdale,flow,min,NA
52,1994,sacramento river,11390500,USGS,tisdale,flow,max,NA
52,1994,sacramento river,11390500,USGS,tisdale,flow,mean,7587.142857142857
52,1994,sacramento river,11390500,USGS,tisdale,flow,min,NA
53,1994,sacramento river,11390500,USGS,tisdale,flow,max,NA
53,1994,sacramento river,11390500,USGS,tisdale,flow,mean,8320
53,1994,sacramento river,11390500,USGS,tisdale,flow,min,NA
1,1995,sacramento river,11390500,USGS,tisdale,flow,max,NA
1,1995,sacramento river,11390500,USGS,tisdale,flow,mean,10277.142857142857
1,1995,sacramento river,11390500,USGS,tisdale,flow,min,NA
2,1995,sacramento river,11390500,USGS,tisdale,flow,max,NA
2,1995,sacramento river,11390500,USGS,tisdale,flow,mean,27771.428571428572
2,1995,sacramento river,11390500,USGS,tisdale,flow,min,NA
3,1995,sacramento river,11390500,USGS,tisdale,flow,max,NA
3,1995,sacramento river,11390500,USGS,tisdale,flow,mean,27057.14285714286
3,1995,sacramento river,11390500,USGS,tisdale,flow,min,NA
4,1995,sacramento river,11390500,USGS,tisdale,flow,max,NA
4,1995,sacramento river,11390500,USGS,tisdale,flow,mean,26842.85714285714
4,1995,sacramento river,11390500,USGS,tisdale,flow,min,NA
5,1995,sacramento river,11390500,USGS,tisdale,flow,max,NA
5,1995,sacramento river,11390500,USGS,tisdale,flow,mean,27400
5,1995,sacramento river,11390500,USGS,tisdale,flow,min,NA
6,1995,sacramento river,11390500,USGS,tisdale,flow,max,NA
6,1995,sacramento river,11390500,USGS,tisdale,flow,mean,26200
6,1995,sacramento river,11390500,USGS,tisdale,flow,min,NA
7,1995,sacramento river,11390500,USGS,tisdale,flow,max,NA
7,1995,sacramento river,11390500,USGS,tisdale,flow,mean,23271.428571428572
7,1995,sacramento river,11390500,USGS,tisdale,flow,min,NA
8,1995,sacramento river,11390500,USGS,tisdale,flow,max,NA
8,1995,sacramento river,11390500,USGS,tisdale,flow,mean,15471.42857142857
8,1995,sacramento river,11390500,USGS,tisdale,flow,min,NA
9,1995,sacramento river,11390500,USGS,tisdale,flow,max,NA
9,1995,sacramento river,11390500,USGS,tisdale,flow,mean,13385.714285714286
9,1995,sacramento river,11390500,USGS,tisdale,flow,min,NA
10,1995,sacramento river,11390500,USGS,tisdale,flow,max,NA
10,1995,sacramento river,11390500,USGS,tisdale,flow,mean,19000
10,1995,sacramento river,11390500,USGS,tisdale,flow,min,NA
11,1995,sacramento river,11390500,USGS,tisdale,flow,max,NA
11,1995,sacramento river,11390500,USGS,tisdale,flow,mean,28600
11,1995,sacramento river,11390500,USGS,tisdale,flow,min,NA
12,1995,sacramento river,11390500,USGS,tisdale,flow,max,NA
12,1995,sacramento river,11390500,USGS,tisdale,flow,mean,27657.14285714286
12,1995,sacramento river,11390500,USGS,tisdale,flow,min,NA
13,1995,sacramento river,11390500,USGS,tisdale,flow,max,NA
13,1995,sacramento river,11390500,USGS,tisdale,flow,mean,25800
13,1995,sacramento river,11390500,USGS,tisdale,flow,min,NA
14,1995,sacramento river,11390500,USGS,tisdale,flow,max,NA
14,1995,sacramento river,11390500,USGS,tisdale,flow,mean,23485.714285714286
14,1995,sacramento river,11390500,USGS,tisdale,flow,min,NA
15,1995,sacramento river,11390500,USGS,tisdale,flow,max,NA
15,1995,sacramento river,11390500,USGS,tisdale,flow,mean,25042.85714285714
15,1995,sacramento river,11390500,USGS,tisdale,flow,min,NA
16,1995,sacramento river,11390500,USGS,tisdale,flow,max,NA
16,1995,sacramento river,11390500,USGS,tisdale,flow,mean,23857.14285714286
16,1995,sacramento river,11390500,USGS,tisdale,flow,min,NA
17,1995,sacramento river,11390500,USGS,tisdale,flow,max,NA
17,1995,sacramento river,11390500,USGS,tisdale,flow,mean,15385.714285714286
17,1995,sacramento river,11390500,USGS,tisdale,flow,min,NA
18,1995,sacramento river,11390500,USGS,tisdale,flow,max,NA
18,1995,sacramento river,11390500,USGS,tisdale,flow,mean,24700
18,1995,sacramento river,11390500,USGS,tisdale,flow,min,NA
19,1995,sacramento river,11390500,USGS,tisdale,flow,max,NA
19,1995,sacramento river,11390500,USGS,tisdale,flow,mean,24442.85714285714
19,1995,sacramento river,11390500,USGS,tisdale,flow,min,NA
20,1995,sacramento river,11390500,USGS,tisdale,flow,max,NA
20,1995,sacramento river,11390500,USGS,tisdale,flow,mean,19428.571428571428
20,1995,sacramento river,11390500,USGS,tisdale,flow,min,NA
21,1995,sacramento river,11390500,USGS,tisdale,flow,max,NA
21,1995,sacramento river,11390500,USGS,tisdale,flow,mean,15471.42857142857
21,1995,sacramento river,11390500,USGS,tisdale,flow,min,NA
22,1995,sacramento river,11390500,USGS,tisdale,flow,max,NA
22,1995,sacramento river,11390500,USGS,tisdale,flow,mean,15242.857142857143
22,1995,sacramento river,11390500,USGS,tisdale,flow,min,NA
23,1995,sacramento river,11390500,USGS,tisdale,flow,max,NA
23,1995,sacramento river,11390500,USGS,tisdale,flow,mean,13257.142857142857
23,1995,sacramento river,11390500,USGS,tisdale,flow,min,NA
24,1995,sacramento river,11390500,USGS,tisdale,flow,max,NA
24,1995,sacramento river,11390500,USGS,tisdale,flow,mean,12100
24,1995,sacramento river,11390500,USGS,tisdale,flow,min,NA
25,1995,sacramento river,11390500,USGS,tisdale,flow,max,NA
25,1995,sacramento river,11390500,USGS,tisdale,flow,mean,12742.857142857143
25,1995,sacramento river,11390500,USGS,tisdale,flow,min,NA
26,1995,sacramento river,11390500,USGS,tisdale,flow,max,NA
26,1995,sacramento river,11390500,USGS,tisdale,flow,mean,12485.714285714286
26,1995,sacramento river,11390500,USGS,tisdale,flow,min,NA
27,1995,sacramento river,11390500,USGS,tisdale,flow,max,NA
27,1995,sacramento river,11390500,USGS,tisdale,flow,mean,12014.285714285714
27,1995,sacramento river,11390500,USGS,tisdale,flow,min,NA
28,1995,sacramento river,11390500,USGS,tisdale,flow,max,NA
28,1995,sacramento river,11390500,USGS,tisdale,flow,mean,10857.142857142857
28,1995,sacramento river,11390500,USGS,tisdale,flow,min,NA
29,1995,sacramento river,11390500,USGS,tisdale,flow,max,NA
29,1995,sacramento river,11390500,USGS,tisdale,flow,mean,10742.857142857143
29,1995,sacramento river,11390500,USGS,tisdale,flow,min,NA
30,1995,sacramento river,11390500,USGS,tisdale,flow,max,NA
30,1995,sacramento river,11390500,USGS,tisdale,flow,mean,10742.857142857143
30,1995,sacramento river,11390500,USGS,tisdale,flow,min,NA
31,1995,sacramento river,11390500,USGS,tisdale,flow,max,NA
31,1995,sacramento river,11390500,USGS,tisdale,flow,mean,10471.42857142857
31,1995,sacramento river,11390500,USGS,tisdale,flow,min,NA
32,1995,sacramento river,11390500,USGS,tisdale,flow,max,NA
32,1995,sacramento river,11390500,USGS,tisdale,flow,mean,10292.857142857143
32,1995,sacramento river,11390500,USGS,tisdale,flow,min,NA
33,1995,sacramento river,11390500,USGS,tisdale,flow,max,NA
33,1995,sacramento river,11390500,USGS,tisdale,flow,mean,9337.142857142857
33,1995,sacramento river,11390500,USGS,tisdale,flow,min,NA
34,1995,sacramento river,11390500,USGS,tisdale,flow,max,NA
34,1995,sacramento river,11390500,USGS,tisdale,flow,mean,10202.857142857143
34,1995,sacramento river,11390500,USGS,tisdale,flow,min,NA
35,1995,sacramento river,11390500,USGS,tisdale,flow,max,NA
35,1995,sacramento river,11390500,USGS,tisdale,flow,mean,9222.857142857143
35,1995,sacramento river,11390500,USGS,tisdale,flow,min,NA
36,1995,sacramento river,11390500,USGS,tisdale,flow,max,NA
36,1995,sacramento river,11390500,USGS,tisdale,flow,mean,8748.57142857143
36,1995,sacramento river,11390500,USGS,tisdale,flow,min,NA
37,1995,sacramento river,11390500,USGS,tisdale,flow,max,NA
37,1995,sacramento river,11390500,USGS,tisdale,flow,mean,9805.714285714286
37,1995,sacramento river,11390500,USGS,tisdale,flow,min,NA
38,1995,sacramento river,11390500,USGS,tisdale,flow,max,NA
38,1995,sacramento river,11390500,USGS,tisdale,flow,mean,10557.142857142857
38,1995,sacramento river,11390500,USGS,tisdale,flow,min,NA
39,1995,sacramento river,11390500,USGS,tisdale,flow,max,NA
39,1995,sacramento river,11390500,USGS,tisdale,flow,mean,9465.714285714286
39,1995,sacramento river,11390500,USGS,tisdale,flow,min,NA
40,1995,sacramento river,11390500,USGS,tisdale,flow,max,NA
40,1995,sacramento river,11390500,USGS,tisdale,flow,mean,7314.285714285715
40,1995,sacramento river,11390500,USGS,tisdale,flow,min,NA
41,1995,sacramento river,11390500,USGS,tisdale,flow,max,NA
41,1995,sacramento river,11390500,USGS,tisdale,flow,mean,5834.285714285715
41,1995,sacramento river,11390500,USGS,tisdale,flow,min,NA
42,1995,sacramento river,11390500,USGS,tisdale,flow,max,NA
42,1995,sacramento river,11390500,USGS,tisdale,flow,mean,5191.428571428572
42,1995,sacramento river,11390500,USGS,tisdale,flow,min,NA
43,1995,sacramento river,11390500,USGS,tisdale,flow,max,NA
43,1995,sacramento river,11390500,USGS,tisdale,flow,mean,4970
43,1995,sacramento river,11390500,USGS,tisdale,flow,min,NA
44,1995,sacramento river,11390500,USGS,tisdale,flow,max,NA
44,1995,sacramento river,11390500,USGS,tisdale,flow,mean,4898.571428571428
44,1995,sacramento river,11390500,USGS,tisdale,flow,min,NA
45,1995,sacramento river,11390500,USGS,tisdale,flow,max,NA
45,1995,sacramento river,11390500,USGS,tisdale,flow,mean,5152.857142857143
45,1995,sacramento river,11390500,USGS,tisdale,flow,min,NA
46,1995,sacramento river,11390500,USGS,tisdale,flow,max,NA
46,1995,sacramento river,11390500,USGS,tisdale,flow,mean,5441.428571428572
46,1995,sacramento river,11390500,USGS,tisdale,flow,min,NA
47,1995,sacramento river,11390500,USGS,tisdale,flow,max,NA
47,1995,sacramento river,11390500,USGS,tisdale,flow,mean,5438.571428571428
47,1995,sacramento river,11390500,USGS,tisdale,flow,min,NA
48,1995,sacramento river,11390500,USGS,tisdale,flow,max,NA
48,1995,sacramento river,11390500,USGS,tisdale,flow,mean,5415.714285714285
48,1995,sacramento river,11390500,USGS,tisdale,flow,min,NA
49,1995,sacramento river,11390500,USGS,tisdale,flow,max,NA
49,1995,sacramento river,11390500,USGS,tisdale,flow,mean,6022.857142857143
49,1995,sacramento river,11390500,USGS,tisdale,flow,min,NA
50,1995,sacramento river,11390500,USGS,tisdale,flow,max,NA
50,1995,sacramento river,11390500,USGS,tisdale,flow,mean,15704.285714285714
50,1995,sacramento river,11390500,USGS,tisdale,flow,min,NA
51,1995,sacramento river,11390500,USGS,tisdale,flow,max,NA
51,1995,sacramento river,11390500,USGS,tisdale,flow,mean,14385.714285714286
51,1995,sacramento river,11390500,USGS,tisdale,flow,min,NA
52,1995,sacramento river,11390500,USGS,tisdale,flow,max,NA
52,1995,sacramento river,11390500,USGS,tisdale,flow,mean,9201.42857142857
52,1995,sacramento river,11390500,USGS,tisdale,flow,min,NA
53,1995,sacramento river,11390500,USGS,tisdale,flow,max,NA
53,1995,sacramento river,11390500,USGS,tisdale,flow,mean,17200
53,1995,sacramento river,11390500,USGS,tisdale,flow,min,NA
1,1996,sacramento river,11390500,USGS,tisdale,flow,max,NA
1,1996,sacramento river,11390500,USGS,tisdale,flow,mean,11864.285714285714
1,1996,sacramento river,11390500,USGS,tisdale,flow,min,NA
2,1996,sacramento river,11390500,USGS,tisdale,flow,max,NA
2,1996,sacramento river,11390500,USGS,tisdale,flow,mean,8411.42857142857
2,1996,sacramento river,11390500,USGS,tisdale,flow,min,NA
3,1996,sacramento river,11390500,USGS,tisdale,flow,max,NA
3,1996,sacramento river,11390500,USGS,tisdale,flow,mean,19312.85714285714
3,1996,sacramento river,11390500,USGS,tisdale,flow,min,NA
4,1996,sacramento river,11390500,USGS,tisdale,flow,max,NA
4,1996,sacramento river,11390500,USGS,tisdale,flow,mean,21885.714285714286
4,1996,sacramento river,11390500,USGS,tisdale,flow,min,NA
5,1996,sacramento river,11390500,USGS,tisdale,flow,max,NA
5,1996,sacramento river,11390500,USGS,tisdale,flow,mean,23914.285714285714
5,1996,sacramento river,11390500,USGS,tisdale,flow,min,NA
6,1996,sacramento river,11390500,USGS,tisdale,flow,max,NA
6,1996,sacramento river,11390500,USGS,tisdale,flow,mean,26185.714285714286
6,1996,sacramento river,11390500,USGS,tisdale,flow,min,NA
7,1996,sacramento river,11390500,USGS,tisdale,flow,max,NA
7,1996,sacramento river,11390500,USGS,tisdale,flow,mean,25185.714285714286
7,1996,sacramento river,11390500,USGS,tisdale,flow,min,NA
8,1996,sacramento river,11390500,USGS,tisdale,flow,max,NA
8,1996,sacramento river,11390500,USGS,tisdale,flow,mean,27400
8,1996,sacramento river,11390500,USGS,tisdale,flow,min,NA
9,1996,sacramento river,11390500,USGS,tisdale,flow,max,NA
9,1996,sacramento river,11390500,USGS,tisdale,flow,mean,27157.14285714286
9,1996,sacramento river,11390500,USGS,tisdale,flow,min,NA
10,1996,sacramento river,11390500,USGS,tisdale,flow,max,NA
10,1996,sacramento river,11390500,USGS,tisdale,flow,mean,25014.285714285714
10,1996,sacramento river,11390500,USGS,tisdale,flow,min,NA
11,1996,sacramento river,11390500,USGS,tisdale,flow,max,NA
11,1996,sacramento river,11390500,USGS,tisdale,flow,mean,15842.857142857143
11,1996,sacramento river,11390500,USGS,tisdale,flow,min,NA
12,1996,sacramento river,11390500,USGS,tisdale,flow,max,NA
12,1996,sacramento river,11390500,USGS,tisdale,flow,mean,9791.42857142857
12,1996,sacramento river,11390500,USGS,tisdale,flow,min,NA
13,1996,sacramento river,11390500,USGS,tisdale,flow,max,NA
13,1996,sacramento river,11390500,USGS,tisdale,flow,mean,13271.42857142857
13,1996,sacramento river,11390500,USGS,tisdale,flow,min,NA
14,1996,sacramento river,11390500,USGS,tisdale,flow,max,NA
14,1996,sacramento river,11390500,USGS,tisdale,flow,mean,14585.714285714286
14,1996,sacramento river,11390500,USGS,tisdale,flow,min,NA
15,1996,sacramento river,11390500,USGS,tisdale,flow,max,NA
15,1996,sacramento river,11390500,USGS,tisdale,flow,mean,12071.42857142857
15,1996,sacramento river,11390500,USGS,tisdale,flow,min,NA
16,1996,sacramento river,11390500,USGS,tisdale,flow,max,NA
16,1996,sacramento river,11390500,USGS,tisdale,flow,mean,11471.42857142857
16,1996,sacramento river,11390500,USGS,tisdale,flow,min,NA
17,1996,sacramento river,11390500,USGS,tisdale,flow,max,NA
17,1996,sacramento river,11390500,USGS,tisdale,flow,mean,10600
17,1996,sacramento river,11390500,USGS,tisdale,flow,min,NA
18,1996,sacramento river,11390500,USGS,tisdale,flow,max,NA
18,1996,sacramento river,11390500,USGS,tisdale,flow,mean,8812.857142857143
18,1996,sacramento river,11390500,USGS,tisdale,flow,min,NA
19,1996,sacramento river,11390500,USGS,tisdale,flow,max,NA
19,1996,sacramento river,11390500,USGS,tisdale,flow,mean,6330
19,1996,sacramento river,11390500,USGS,tisdale,flow,min,NA
20,1996,sacramento river,11390500,USGS,tisdale,flow,max,NA
20,1996,sacramento river,11390500,USGS,tisdale,flow,mean,10420
20,1996,sacramento river,11390500,USGS,tisdale,flow,min,NA
21,1996,sacramento river,11390500,USGS,tisdale,flow,max,NA
21,1996,sacramento river,11390500,USGS,tisdale,flow,mean,21028.571428571428
21,1996,sacramento river,11390500,USGS,tisdale,flow,min,NA
22,1996,sacramento river,11390500,USGS,tisdale,flow,max,NA
22,1996,sacramento river,11390500,USGS,tisdale,flow,mean,14028.57142857143
22,1996,sacramento river,11390500,USGS,tisdale,flow,min,NA
23,1996,sacramento river,11390500,USGS,tisdale,flow,max,NA
23,1996,sacramento river,11390500,USGS,tisdale,flow,mean,12500
23,1996,sacramento river,11390500,USGS,tisdale,flow,min,NA
24,1996,sacramento river,11390500,USGS,tisdale,flow,max,NA
24,1996,sacramento river,11390500,USGS,tisdale,flow,mean,11285.714285714286
24,1996,sacramento river,11390500,USGS,tisdale,flow,min,NA
25,1996,sacramento river,11390500,USGS,tisdale,flow,max,NA
25,1996,sacramento river,11390500,USGS,tisdale,flow,mean,9770
25,1996,sacramento river,11390500,USGS,tisdale,flow,min,NA
26,1996,sacramento river,11390500,USGS,tisdale,flow,max,NA
26,1996,sacramento river,11390500,USGS,tisdale,flow,mean,8997.142857142857
26,1996,sacramento river,11390500,USGS,tisdale,flow,min,NA
27,1996,sacramento river,11390500,USGS,tisdale,flow,max,NA
27,1996,sacramento river,11390500,USGS,tisdale,flow,mean,9744.285714285714
27,1996,sacramento river,11390500,USGS,tisdale,flow,min,NA
28,1996,sacramento river,11390500,USGS,tisdale,flow,max,NA
28,1996,sacramento river,11390500,USGS,tisdale,flow,mean,10105.714285714286
28,1996,sacramento river,11390500,USGS,tisdale,flow,min,NA
29,1996,sacramento river,11390500,USGS,tisdale,flow,max,NA
29,1996,sacramento river,11390500,USGS,tisdale,flow,mean,9017.142857142857
29,1996,sacramento river,11390500,USGS,tisdale,flow,min,NA
30,1996,sacramento river,11390500,USGS,tisdale,flow,max,NA
30,1996,sacramento river,11390500,USGS,tisdale,flow,mean,9192.857142857143
30,1996,sacramento river,11390500,USGS,tisdale,flow,min,NA
31,1996,sacramento river,11390500,USGS,tisdale,flow,max,NA
31,1996,sacramento river,11390500,USGS,tisdale,flow,mean,9864.285714285714
31,1996,sacramento river,11390500,USGS,tisdale,flow,min,NA
32,1996,sacramento river,11390500,USGS,tisdale,flow,max,NA
32,1996,sacramento river,11390500,USGS,tisdale,flow,mean,9420
32,1996,sacramento river,11390500,USGS,tisdale,flow,min,NA
33,1996,sacramento river,11390500,USGS,tisdale,flow,max,NA
33,1996,sacramento river,11390500,USGS,tisdale,flow,mean,10371.42857142857
33,1996,sacramento river,11390500,USGS,tisdale,flow,min,NA
34,1996,sacramento river,11390500,USGS,tisdale,flow,max,NA
34,1996,sacramento river,11390500,USGS,tisdale,flow,mean,10358.57142857143
34,1996,sacramento river,11390500,USGS,tisdale,flow,min,NA
35,1996,sacramento river,11390500,USGS,tisdale,flow,max,NA
35,1996,sacramento river,11390500,USGS,tisdale,flow,mean,10614.285714285714
35,1996,sacramento river,11390500,USGS,tisdale,flow,min,NA
36,1996,sacramento river,11390500,USGS,tisdale,flow,max,NA
36,1996,sacramento river,11390500,USGS,tisdale,flow,mean,9655.714285714286
36,1996,sacramento river,11390500,USGS,tisdale,flow,min,NA
37,1996,sacramento river,11390500,USGS,tisdale,flow,max,NA
37,1996,sacramento river,11390500,USGS,tisdale,flow,mean,9375.714285714286
37,1996,sacramento river,11390500,USGS,tisdale,flow,min,NA
38,1996,sacramento river,11390500,USGS,tisdale,flow,max,NA
38,1996,sacramento river,11390500,USGS,tisdale,flow,mean,9305.714285714286
38,1996,sacramento river,11390500,USGS,tisdale,flow,min,NA
39,1996,sacramento river,11390500,USGS,tisdale,flow,max,NA
39,1996,sacramento river,11390500,USGS,tisdale,flow,mean,8357.142857142857
39,1996,sacramento river,11390500,USGS,tisdale,flow,min,NA
40,1996,sacramento river,11390500,USGS,tisdale,flow,max,NA
40,1996,sacramento river,11390500,USGS,tisdale,flow,mean,7411.428571428572
40,1996,sacramento river,11390500,USGS,tisdale,flow,min,NA
41,1996,sacramento river,11390500,USGS,tisdale,flow,max,NA
41,1996,sacramento river,11390500,USGS,tisdale,flow,mean,6330
41,1996,sacramento river,11390500,USGS,tisdale,flow,min,NA
42,1996,sacramento river,11390500,USGS,tisdale,flow,max,NA
42,1996,sacramento river,11390500,USGS,tisdale,flow,mean,4677.142857142857
42,1996,sacramento river,11390500,USGS,tisdale,flow,min,NA
43,1996,sacramento river,11390500,USGS,tisdale,flow,max,NA
43,1996,sacramento river,11390500,USGS,tisdale,flow,mean,4628.571428571428
43,1996,sacramento river,11390500,USGS,tisdale,flow,min,NA
44,1996,sacramento river,11390500,USGS,tisdale,flow,max,NA
44,1996,sacramento river,11390500,USGS,tisdale,flow,mean,5432.857142857143
44,1996,sacramento river,11390500,USGS,tisdale,flow,min,NA
45,1996,sacramento river,11390500,USGS,tisdale,flow,max,NA
45,1996,sacramento river,11390500,USGS,tisdale,flow,mean,5371.428571428572
45,1996,sacramento river,11390500,USGS,tisdale,flow,min,NA
46,1996,sacramento river,11390500,USGS,tisdale,flow,max,NA
46,1996,sacramento river,11390500,USGS,tisdale,flow,mean,5382.857142857143
46,1996,sacramento river,11390500,USGS,tisdale,flow,min,NA
47,1996,sacramento river,11390500,USGS,tisdale,flow,max,NA
47,1996,sacramento river,11390500,USGS,tisdale,flow,mean,8102.857142857143
47,1996,sacramento river,11390500,USGS,tisdale,flow,min,NA
48,1996,sacramento river,11390500,USGS,tisdale,flow,max,NA
48,1996,sacramento river,11390500,USGS,tisdale,flow,mean,7522.857142857143
48,1996,sacramento river,11390500,USGS,tisdale,flow,min,NA
49,1996,sacramento river,11390500,USGS,tisdale,flow,max,NA
49,1996,sacramento river,11390500,USGS,tisdale,flow,mean,8774.285714285714
49,1996,sacramento river,11390500,USGS,tisdale,flow,min,NA
50,1996,sacramento river,11390500,USGS,tisdale,flow,max,NA
50,1996,sacramento river,11390500,USGS,tisdale,flow,mean,23614.285714285714
50,1996,sacramento river,11390500,USGS,tisdale,flow,min,NA
51,1996,sacramento river,11390500,USGS,tisdale,flow,max,NA
51,1996,sacramento river,11390500,USGS,tisdale,flow,mean,22871.428571428572
51,1996,sacramento river,11390500,USGS,tisdale,flow,min,NA
52,1996,sacramento river,11390500,USGS,tisdale,flow,max,NA
52,1996,sacramento river,11390500,USGS,tisdale,flow,mean,21585.714285714286
52,1996,sacramento river,11390500,USGS,tisdale,flow,min,NA
53,1996,sacramento river,11390500,USGS,tisdale,flow,max,NA
53,1996,sacramento river,11390500,USGS,tisdale,flow,mean,26450
53,1996,sacramento river,11390500,USGS,tisdale,flow,min,NA
1,1997,sacramento river,11390500,USGS,tisdale,flow,max,NA
1,1997,sacramento river,11390500,USGS,tisdale,flow,mean,29300
1,1997,sacramento river,11390500,USGS,tisdale,flow,min,NA
2,1997,sacramento river,11390500,USGS,tisdale,flow,max,NA
2,1997,sacramento river,11390500,USGS,tisdale,flow,mean,27114.285714285714
2,1997,sacramento river,11390500,USGS,tisdale,flow,min,NA
3,1997,sacramento river,11390500,USGS,tisdale,flow,max,NA
3,1997,sacramento river,11390500,USGS,tisdale,flow,mean,26014.285714285714
3,1997,sacramento river,11390500,USGS,tisdale,flow,min,NA
4,1997,sacramento river,11390500,USGS,tisdale,flow,max,NA
4,1997,sacramento river,11390500,USGS,tisdale,flow,mean,26957.14285714286
4,1997,sacramento river,11390500,USGS,tisdale,flow,min,NA
5,1997,sacramento river,11390500,USGS,tisdale,flow,max,NA
5,1997,sacramento river,11390500,USGS,tisdale,flow,mean,26328.571428571428
5,1997,sacramento river,11390500,USGS,tisdale,flow,min,NA
6,1997,sacramento river,11390500,USGS,tisdale,flow,max,NA
6,1997,sacramento river,11390500,USGS,tisdale,flow,mean,24242.85714285714
6,1997,sacramento river,11390500,USGS,tisdale,flow,min,NA
7,1997,sacramento river,11390500,USGS,tisdale,flow,max,NA
7,1997,sacramento river,11390500,USGS,tisdale,flow,mean,18485.714285714286
7,1997,sacramento river,11390500,USGS,tisdale,flow,min,NA
8,1997,sacramento river,11390500,USGS,tisdale,flow,max,NA
8,1997,sacramento river,11390500,USGS,tisdale,flow,mean,12500
8,1997,sacramento river,11390500,USGS,tisdale,flow,min,NA
9,1997,sacramento river,11390500,USGS,tisdale,flow,max,NA
9,1997,sacramento river,11390500,USGS,tisdale,flow,mean,10571.42857142857
9,1997,sacramento river,11390500,USGS,tisdale,flow,min,NA
10,1997,sacramento river,11390500,USGS,tisdale,flow,max,NA
10,1997,sacramento river,11390500,USGS,tisdale,flow,mean,9132.857142857143
10,1997,sacramento river,11390500,USGS,tisdale,flow,min,NA
11,1997,sacramento river,11390500,USGS,tisdale,flow,max,NA
11,1997,sacramento river,11390500,USGS,tisdale,flow,mean,8580
11,1997,sacramento river,11390500,USGS,tisdale,flow,min,NA
12,1997,sacramento river,11390500,USGS,tisdale,flow,max,NA
12,1997,sacramento river,11390500,USGS,tisdale,flow,mean,10394.285714285714
12,1997,sacramento river,11390500,USGS,tisdale,flow,min,NA
13,1997,sacramento river,11390500,USGS,tisdale,flow,max,NA
13,1997,sacramento river,11390500,USGS,tisdale,flow,mean,8641.42857142857
13,1997,sacramento river,11390500,USGS,tisdale,flow,min,NA
14,1997,sacramento river,11390500,USGS,tisdale,flow,max,NA
14,1997,sacramento river,11390500,USGS,tisdale,flow,mean,7455.714285714285
14,1997,sacramento river,11390500,USGS,tisdale,flow,min,NA
15,1997,sacramento river,11390500,USGS,tisdale,flow,max,NA
15,1997,sacramento river,11390500,USGS,tisdale,flow,mean,6150
15,1997,sacramento river,11390500,USGS,tisdale,flow,min,NA
16,1997,sacramento river,11390500,USGS,tisdale,flow,max,NA
16,1997,sacramento river,11390500,USGS,tisdale,flow,mean,5908.571428571428
16,1997,sacramento river,11390500,USGS,tisdale,flow,min,NA
17,1997,sacramento river,11390500,USGS,tisdale,flow,max,NA
17,1997,sacramento river,11390500,USGS,tisdale,flow,mean,5938.571428571428
17,1997,sacramento river,11390500,USGS,tisdale,flow,min,NA
18,1997,sacramento river,11390500,USGS,tisdale,flow,max,NA
18,1997,sacramento river,11390500,USGS,tisdale,flow,mean,5210
18,1997,sacramento river,11390500,USGS,tisdale,flow,min,NA
19,1997,sacramento river,11390500,USGS,tisdale,flow,max,NA
19,1997,sacramento river,11390500,USGS,tisdale,flow,mean,5500
19,1997,sacramento river,11390500,USGS,tisdale,flow,min,NA
20,1997,sacramento river,11390500,USGS,tisdale,flow,max,NA
20,1997,sacramento river,11390500,USGS,tisdale,flow,mean,6034.285714285715
20,1997,sacramento river,11390500,USGS,tisdale,flow,min,NA
21,1997,sacramento river,11390500,USGS,tisdale,flow,max,NA
21,1997,sacramento river,11390500,USGS,tisdale,flow,mean,6525.714285714285
21,1997,sacramento river,11390500,USGS,tisdale,flow,min,NA
22,1997,sacramento river,11390500,USGS,tisdale,flow,max,NA
22,1997,sacramento river,11390500,USGS,tisdale,flow,mean,6957.142857142857
22,1997,sacramento river,11390500,USGS,tisdale,flow,min,NA
23,1997,sacramento river,11390500,USGS,tisdale,flow,max,NA
23,1997,sacramento river,11390500,USGS,tisdale,flow,mean,7621.428571428572
23,1997,sacramento river,11390500,USGS,tisdale,flow,min,NA
24,1997,sacramento river,11390500,USGS,tisdale,flow,max,NA
24,1997,sacramento river,11390500,USGS,tisdale,flow,mean,8922.857142857143
24,1997,sacramento river,11390500,USGS,tisdale,flow,min,NA
25,1997,sacramento river,11390500,USGS,tisdale,flow,max,NA
25,1997,sacramento river,11390500,USGS,tisdale,flow,mean,9637.142857142857
25,1997,sacramento river,11390500,USGS,tisdale,flow,min,NA
26,1997,sacramento river,11390500,USGS,tisdale,flow,max,NA
26,1997,sacramento river,11390500,USGS,tisdale,flow,mean,9357.142857142857
26,1997,sacramento river,11390500,USGS,tisdale,flow,min,NA
27,1997,sacramento river,11390500,USGS,tisdale,flow,max,NA
27,1997,sacramento river,11390500,USGS,tisdale,flow,mean,9785.714285714286
27,1997,sacramento river,11390500,USGS,tisdale,flow,min,NA
28,1997,sacramento river,11390500,USGS,tisdale,flow,max,NA
28,1997,sacramento river,11390500,USGS,tisdale,flow,mean,9425.714285714286
28,1997,sacramento river,11390500,USGS,tisdale,flow,min,NA
29,1997,sacramento river,11390500,USGS,tisdale,flow,max,NA
29,1997,sacramento river,11390500,USGS,tisdale,flow,mean,9650
29,1997,sacramento river,11390500,USGS,tisdale,flow,min,NA
30,1997,sacramento river,11390500,USGS,tisdale,flow,max,NA
30,1997,sacramento river,11390500,USGS,tisdale,flow,mean,9574.285714285714
30,1997,sacramento river,11390500,USGS,tisdale,flow,min,NA
31,1997,sacramento river,11390500,USGS,tisdale,flow,max,NA
31,1997,sacramento river,11390500,USGS,tisdale,flow,mean,9045.714285714286
31,1997,sacramento river,11390500,USGS,tisdale,flow,min,NA
32,1997,sacramento river,11390500,USGS,tisdale,flow,max,NA
32,1997,sacramento river,11390500,USGS,tisdale,flow,mean,8815.714285714286
32,1997,sacramento river,11390500,USGS,tisdale,flow,min,NA
33,1997,sacramento river,11390500,USGS,tisdale,flow,max,NA
33,1997,sacramento river,11390500,USGS,tisdale,flow,mean,7585.714285714285
33,1997,sacramento river,11390500,USGS,tisdale,flow,min,NA
34,1997,sacramento river,11390500,USGS,tisdale,flow,max,NA
34,1997,sacramento river,11390500,USGS,tisdale,flow,mean,7115.714285714285
34,1997,sacramento river,11390500,USGS,tisdale,flow,min,NA
35,1997,sacramento river,11390500,USGS,tisdale,flow,max,NA
35,1997,sacramento river,11390500,USGS,tisdale,flow,mean,6937.142857142857
35,1997,sacramento river,11390500,USGS,tisdale,flow,min,NA
36,1997,sacramento river,11390500,USGS,tisdale,flow,max,NA
36,1997,sacramento river,11390500,USGS,tisdale,flow,mean,8770
36,1997,sacramento river,11390500,USGS,tisdale,flow,min,NA
37,1997,sacramento river,11390500,USGS,tisdale,flow,max,NA
37,1997,sacramento river,11390500,USGS,tisdale,flow,mean,7817.142857142857
37,1997,sacramento river,11390500,USGS,tisdale,flow,min,NA
38,1997,sacramento river,11390500,USGS,tisdale,flow,max,NA
38,1997,sacramento river,11390500,USGS,tisdale,flow,mean,7708.571428571428
38,1997,sacramento river,11390500,USGS,tisdale,flow,min,NA
39,1997,sacramento river,11390500,USGS,tisdale,flow,max,NA
39,1997,sacramento river,11390500,USGS,tisdale,flow,mean,6645.714285714285
39,1997,sacramento river,11390500,USGS,tisdale,flow,min,NA
40,1997,sacramento river,11390500,USGS,tisdale,flow,max,NA
40,1997,sacramento river,11390500,USGS,tisdale,flow,mean,5628.571428571428
40,1997,sacramento river,11390500,USGS,tisdale,flow,min,NA
41,1997,sacramento river,11390500,USGS,tisdale,flow,max,NA
41,1997,sacramento river,11390500,USGS,tisdale,flow,mean,5181.428571428572
41,1997,sacramento river,11390500,USGS,tisdale,flow,min,NA
42,1997,sacramento river,11390500,USGS,tisdale,flow,max,NA
42,1997,sacramento river,11390500,USGS,tisdale,flow,mean,4500
42,1997,sacramento river,11390500,USGS,tisdale,flow,min,NA
43,1997,sacramento river,11390500,USGS,tisdale,flow,max,NA
43,1997,sacramento river,11390500,USGS,tisdale,flow,mean,4055.714285714286
43,1997,sacramento river,11390500,USGS,tisdale,flow,min,NA
44,1997,sacramento river,11390500,USGS,tisdale,flow,max,NA
44,1997,sacramento river,11390500,USGS,tisdale,flow,mean,4187.142857142857
44,1997,sacramento river,11390500,USGS,tisdale,flow,min,NA
45,1997,sacramento river,11390500,USGS,tisdale,flow,max,NA
45,1997,sacramento river,11390500,USGS,tisdale,flow,mean,4437.142857142857
45,1997,sacramento river,11390500,USGS,tisdale,flow,min,NA
46,1997,sacramento river,11390500,USGS,tisdale,flow,max,NA
46,1997,sacramento river,11390500,USGS,tisdale,flow,mean,5552.857142857143
46,1997,sacramento river,11390500,USGS,tisdale,flow,min,NA
47,1997,sacramento river,11390500,USGS,tisdale,flow,max,NA
47,1997,sacramento river,11390500,USGS,tisdale,flow,mean,7624.285714285715
47,1997,sacramento river,11390500,USGS,tisdale,flow,min,NA
48,1997,sacramento river,11390500,USGS,tisdale,flow,max,NA
48,1997,sacramento river,11390500,USGS,tisdale,flow,mean,14484.285714285714
48,1997,sacramento river,11390500,USGS,tisdale,flow,min,NA
49,1997,sacramento river,11390500,USGS,tisdale,flow,max,NA
49,1997,sacramento river,11390500,USGS,tisdale,flow,mean,11885.714285714286
49,1997,sacramento river,11390500,USGS,tisdale,flow,min,NA
50,1997,sacramento river,11390500,USGS,tisdale,flow,max,NA
50,1997,sacramento river,11390500,USGS,tisdale,flow,mean,12271.42857142857
50,1997,sacramento river,11390500,USGS,tisdale,flow,min,NA
51,1997,sacramento river,11390500,USGS,tisdale,flow,max,NA
51,1997,sacramento river,11390500,USGS,tisdale,flow,mean,12007.142857142857
51,1997,sacramento river,11390500,USGS,tisdale,flow,min,NA
52,1997,sacramento river,11390500,USGS,tisdale,flow,max,NA
52,1997,sacramento river,11390500,USGS,tisdale,flow,mean,8165.714285714285
52,1997,sacramento river,11390500,USGS,tisdale,flow,min,NA
53,1997,sacramento river,11390500,USGS,tisdale,flow,max,NA
53,1997,sacramento river,11390500,USGS,tisdale,flow,mean,7310
53,1997,sacramento river,11390500,USGS,tisdale,flow,min,NA
1,1998,sacramento river,11390500,USGS,tisdale,flow,max,NA
1,1998,sacramento river,11390500,USGS,tisdale,flow,mean,10532.857142857143
1,1998,sacramento river,11390500,USGS,tisdale,flow,min,NA
2,1998,sacramento river,11390500,USGS,tisdale,flow,max,NA
2,1998,sacramento river,11390500,USGS,tisdale,flow,mean,17442.85714285714
2,1998,sacramento river,11390500,USGS,tisdale,flow,min,NA
3,1998,sacramento river,11390500,USGS,tisdale,flow,max,NA
3,1998,sacramento river,11390500,USGS,tisdale,flow,mean,28571.428571428572
3,1998,sacramento river,11390500,USGS,tisdale,flow,min,NA
4,1998,sacramento river,11390500,USGS,tisdale,flow,max,NA
4,1998,sacramento river,11390500,USGS,tisdale,flow,mean,28085.714285714286
4,1998,sacramento river,11390500,USGS,tisdale,flow,min,NA
5,1998,sacramento river,11390500,USGS,tisdale,flow,max,NA
5,1998,sacramento river,11390500,USGS,tisdale,flow,mean,28928.571428571428
5,1998,sacramento river,11390500,USGS,tisdale,flow,min,NA
6,1998,sacramento river,11390500,USGS,tisdale,flow,max,NA
6,1998,sacramento river,11390500,USGS,tisdale,flow,mean,30542.85714285714
6,1998,sacramento river,11390500,USGS,tisdale,flow,min,NA
7,1998,sacramento river,11390500,USGS,tisdale,flow,max,NA
7,1998,sacramento river,11390500,USGS,tisdale,flow,mean,28742.85714285714
7,1998,sacramento river,11390500,USGS,tisdale,flow,min,NA
8,1998,sacramento river,11390500,USGS,tisdale,flow,max,NA
8,1998,sacramento river,11390500,USGS,tisdale,flow,mean,28514.285714285714
8,1998,sacramento river,11390500,USGS,tisdale,flow,min,NA
9,1998,sacramento river,11390500,USGS,tisdale,flow,max,NA
9,1998,sacramento river,11390500,USGS,tisdale,flow,mean,27200
9,1998,sacramento river,11390500,USGS,tisdale,flow,min,NA
10,1998,sacramento river,11390500,USGS,tisdale,flow,max,NA
10,1998,sacramento river,11390500,USGS,tisdale,flow,mean,24542.85714285714
10,1998,sacramento river,11390500,USGS,tisdale,flow,min,NA
11,1998,sacramento river,11390500,USGS,tisdale,flow,max,NA
11,1998,sacramento river,11390500,USGS,tisdale,flow,mean,21457.14285714286
11,1998,sacramento river,11390500,USGS,tisdale,flow,min,NA
12,1998,sacramento river,11390500,USGS,tisdale,flow,max,NA
12,1998,sacramento river,11390500,USGS,tisdale,flow,mean,23428.571428571428
12,1998,sacramento river,11390500,USGS,tisdale,flow,min,NA
13,1998,sacramento river,11390500,USGS,tisdale,flow,max,NA
13,1998,sacramento river,11390500,USGS,tisdale,flow,mean,26685.714285714286
13,1998,sacramento river,11390500,USGS,tisdale,flow,min,NA
14,1998,sacramento river,11390500,USGS,tisdale,flow,max,NA
14,1998,sacramento river,11390500,USGS,tisdale,flow,mean,25028.571428571428
14,1998,sacramento river,11390500,USGS,tisdale,flow,min,NA
15,1998,sacramento river,11390500,USGS,tisdale,flow,max,NA
15,1998,sacramento river,11390500,USGS,tisdale,flow,mean,22300
15,1998,sacramento river,11390500,USGS,tisdale,flow,min,NA
16,1998,sacramento river,11390500,USGS,tisdale,flow,max,NA
16,1998,sacramento river,11390500,USGS,tisdale,flow,mean,17485.714285714286
16,1998,sacramento river,11390500,USGS,tisdale,flow,min,NA
17,1998,sacramento river,11390500,USGS,tisdale,flow,max,NA
17,1998,sacramento river,11390500,USGS,tisdale,flow,mean,19400
17,1998,sacramento river,11390500,USGS,tisdale,flow,min,NA
18,1998,sacramento river,11390500,USGS,tisdale,flow,max,NA
18,1998,sacramento river,11390500,USGS,tisdale,flow,mean,18800
18,1998,sacramento river,11390500,USGS,tisdale,flow,min,NA
19,1998,sacramento river,11390500,USGS,tisdale,flow,max,NA
19,1998,sacramento river,11390500,USGS,tisdale,flow,mean,18142.85714285714
19,1998,sacramento river,11390500,USGS,tisdale,flow,min,NA
20,1998,sacramento river,11390500,USGS,tisdale,flow,max,NA
20,1998,sacramento river,11390500,USGS,tisdale,flow,mean,19814.285714285714
20,1998,sacramento river,11390500,USGS,tisdale,flow,min,NA
21,1998,sacramento river,11390500,USGS,tisdale,flow,max,NA
21,1998,sacramento river,11390500,USGS,tisdale,flow,mean,19185.714285714286
21,1998,sacramento river,11390500,USGS,tisdale,flow,min,NA
22,1998,sacramento river,11390500,USGS,tisdale,flow,max,NA
22,1998,sacramento river,11390500,USGS,tisdale,flow,mean,25542.85714285714
22,1998,sacramento river,11390500,USGS,tisdale,flow,min,NA
23,1998,sacramento river,11390500,USGS,tisdale,flow,max,NA
23,1998,sacramento river,11390500,USGS,tisdale,flow,mean,24042.85714285714
23,1998,sacramento river,11390500,USGS,tisdale,flow,min,NA
24,1998,sacramento river,11390500,USGS,tisdale,flow,max,NA
24,1998,sacramento river,11390500,USGS,tisdale,flow,mean,21757.14285714286
24,1998,sacramento river,11390500,USGS,tisdale,flow,min,NA
25,1998,sacramento river,11390500,USGS,tisdale,flow,max,NA
25,1998,sacramento river,11390500,USGS,tisdale,flow,mean,18342.85714285714
25,1998,sacramento river,11390500,USGS,tisdale,flow,min,NA
26,1998,sacramento river,11390500,USGS,tisdale,flow,max,NA
26,1998,sacramento river,11390500,USGS,tisdale,flow,mean,15500
26,1998,sacramento river,11390500,USGS,tisdale,flow,min,NA
27,1998,sacramento river,11390500,USGS,tisdale,flow,max,NA
27,1998,sacramento river,11390500,USGS,tisdale,flow,mean,14000
27,1998,sacramento river,11390500,USGS,tisdale,flow,min,NA
28,1998,sacramento river,11390500,USGS,tisdale,flow,max,NA
28,1998,sacramento river,11390500,USGS,tisdale,flow,mean,12942.857142857143
28,1998,sacramento river,11390500,USGS,tisdale,flow,min,NA
29,1998,sacramento river,11390500,USGS,tisdale,flow,max,NA
29,1998,sacramento river,11390500,USGS,tisdale,flow,mean,11700
29,1998,sacramento river,11390500,USGS,tisdale,flow,min,NA
30,1998,sacramento river,11390500,USGS,tisdale,flow,max,NA
30,1998,sacramento river,11390500,USGS,tisdale,flow,mean,11414.285714285714
30,1998,sacramento river,11390500,USGS,tisdale,flow,min,NA
31,1998,sacramento river,11390500,USGS,tisdale,flow,max,NA
31,1998,sacramento river,11390500,USGS,tisdale,flow,mean,11257.142857142857
31,1998,sacramento river,11390500,USGS,tisdale,flow,min,NA
32,1998,sacramento river,11390500,USGS,tisdale,flow,max,NA
32,1998,sacramento river,11390500,USGS,tisdale,flow,mean,10928.57142857143
32,1998,sacramento river,11390500,USGS,tisdale,flow,min,NA
33,1998,sacramento river,11390500,USGS,tisdale,flow,max,NA
33,1998,sacramento river,11390500,USGS,tisdale,flow,mean,10785.714285714286
33,1998,sacramento river,11390500,USGS,tisdale,flow,min,NA
34,1998,sacramento river,11390500,USGS,tisdale,flow,max,NA
34,1998,sacramento river,11390500,USGS,tisdale,flow,mean,11100
34,1998,sacramento river,11390500,USGS,tisdale,flow,min,NA
35,1998,sacramento river,11390500,USGS,tisdale,flow,max,NA
35,1998,sacramento river,11390500,USGS,tisdale,flow,mean,10685.714285714286
35,1998,sacramento river,11390500,USGS,tisdale,flow,min,NA
36,1998,sacramento river,11390500,USGS,tisdale,flow,max,NA
36,1998,sacramento river,11390500,USGS,tisdale,flow,mean,10942.857142857143
36,1998,sacramento river,11390500,USGS,tisdale,flow,min,NA
37,1998,sacramento river,11390500,USGS,tisdale,flow,max,NA
37,1998,sacramento river,11390500,USGS,tisdale,flow,mean,10557.142857142857
37,1998,sacramento river,11390500,USGS,tisdale,flow,min,NA
38,1998,sacramento river,11390500,USGS,tisdale,flow,max,NA
38,1998,sacramento river,11390500,USGS,tisdale,flow,mean,10130
38,1998,sacramento river,11390500,USGS,tisdale,flow,min,NA
39,1998,sacramento river,11390500,USGS,tisdale,flow,max,NA
39,1998,sacramento river,11390500,USGS,tisdale,flow,mean,9338.57142857143
39,1998,sacramento river,11390500,USGS,tisdale,flow,min,NA
40,1998,sacramento river,11390500,USGS,tisdale,flow,max,NA
40,1998,sacramento river,11390500,USGS,tisdale,flow,mean,8722.857142857143
40,1998,sacramento river,11390500,USGS,tisdale,flow,min,NA
41,1998,sacramento river,11390500,USGS,tisdale,flow,max,NA
41,1998,sacramento river,11390500,USGS,tisdale,flow,mean,7902.857142857143
41,1998,sacramento river,11390500,USGS,tisdale,flow,min,NA
42,1998,sacramento river,11390500,USGS,tisdale,flow,max,NA
42,1998,sacramento river,11390500,USGS,tisdale,flow,mean,6615.714285714285
42,1998,sacramento river,11390500,USGS,tisdale,flow,min,NA
43,1998,sacramento river,11390500,USGS,tisdale,flow,max,NA
43,1998,sacramento river,11390500,USGS,tisdale,flow,mean,6600
43,1998,sacramento river,11390500,USGS,tisdale,flow,min,NA
44,1998,sacramento river,11390500,USGS,tisdale,flow,max,NA
44,1998,sacramento river,11390500,USGS,tisdale,flow,mean,6687.142857142857
44,1998,sacramento river,11390500,USGS,tisdale,flow,min,NA
45,1998,sacramento river,11390500,USGS,tisdale,flow,max,NA
45,1998,sacramento river,11390500,USGS,tisdale,flow,mean,7384.285714285715
45,1998,sacramento river,11390500,USGS,tisdale,flow,min,NA
46,1998,sacramento river,11390500,USGS,tisdale,flow,max,NA
46,1998,sacramento river,11390500,USGS,tisdale,flow,mean,9275.714285714286
46,1998,sacramento river,11390500,USGS,tisdale,flow,min,NA
47,1998,sacramento river,11390500,USGS,tisdale,flow,max,NA
47,1998,sacramento river,11390500,USGS,tisdale,flow,mean,16728.571428571428
47,1998,sacramento river,11390500,USGS,tisdale,flow,min,NA
48,1998,sacramento river,11390500,USGS,tisdale,flow,max,NA
48,1998,sacramento river,11390500,USGS,tisdale,flow,mean,22614.285714285714
48,1998,sacramento river,11390500,USGS,tisdale,flow,min,NA
49,1998,sacramento river,11390500,USGS,tisdale,flow,max,NA
49,1998,sacramento river,11390500,USGS,tisdale,flow,mean,25728.571428571428
49,1998,sacramento river,11390500,USGS,tisdale,flow,min,NA
50,1998,sacramento river,11390500,USGS,tisdale,flow,max,NA
50,1998,sacramento river,11390500,USGS,tisdale,flow,mean,24042.85714285714
50,1998,sacramento river,11390500,USGS,tisdale,flow,min,NA
51,1998,sacramento river,11390500,USGS,tisdale,flow,max,NA
51,1998,sacramento river,11390500,USGS,tisdale,flow,mean,17657.14285714286
51,1998,sacramento river,11390500,USGS,tisdale,flow,min,NA
52,1998,sacramento river,11390500,USGS,tisdale,flow,max,NA
52,1998,sacramento river,11390500,USGS,tisdale,flow,mean,11242.857142857143
52,1998,sacramento river,11390500,USGS,tisdale,flow,min,NA
53,1998,sacramento river,11390500,USGS,tisdale,flow,max,NA
53,1998,sacramento river,11390500,USGS,tisdale,flow,mean,10100
53,1998,sacramento river,11390500,USGS,tisdale,flow,min,NA
1,1999,sacramento river,11390500,USGS,tisdale,flow,max,NA
1,1999,sacramento river,11390500,USGS,tisdale,flow,mean,9232.857142857143
1,1999,sacramento river,11390500,USGS,tisdale,flow,min,NA
2,1999,sacramento river,11390500,USGS,tisdale,flow,max,NA
2,1999,sacramento river,11390500,USGS,tisdale,flow,mean,8702.857142857143
2,1999,sacramento river,11390500,USGS,tisdale,flow,min,NA
3,1999,sacramento river,11390500,USGS,tisdale,flow,max,NA
3,1999,sacramento river,11390500,USGS,tisdale,flow,mean,11241.42857142857
3,1999,sacramento river,11390500,USGS,tisdale,flow,min,NA
4,1999,sacramento river,11390500,USGS,tisdale,flow,max,NA
4,1999,sacramento river,11390500,USGS,tisdale,flow,mean,21857.14285714286
4,1999,sacramento river,11390500,USGS,tisdale,flow,min,NA
5,1999,sacramento river,11390500,USGS,tisdale,flow,max,NA
5,1999,sacramento river,11390500,USGS,tisdale,flow,mean,14885.714285714286
5,1999,sacramento river,11390500,USGS,tisdale,flow,min,NA
6,1999,sacramento river,11390500,USGS,tisdale,flow,max,NA
6,1999,sacramento river,11390500,USGS,tisdale,flow,mean,21942.85714285714
6,1999,sacramento river,11390500,USGS,tisdale,flow,min,NA
7,1999,sacramento river,11390500,USGS,tisdale,flow,max,NA
7,1999,sacramento river,11390500,USGS,tisdale,flow,mean,26200
7,1999,sacramento river,11390500,USGS,tisdale,flow,min,NA
8,1999,sacramento river,11390500,USGS,tisdale,flow,max,NA
8,1999,sacramento river,11390500,USGS,tisdale,flow,mean,27228.571428571428
8,1999,sacramento river,11390500,USGS,tisdale,flow,min,NA
9,1999,sacramento river,11390500,USGS,tisdale,flow,max,NA
9,1999,sacramento river,11390500,USGS,tisdale,flow,mean,26742.85714285714
9,1999,sacramento river,11390500,USGS,tisdale,flow,min,NA
10,1999,sacramento river,11390500,USGS,tisdale,flow,max,NA
10,1999,sacramento river,11390500,USGS,tisdale,flow,mean,26614.285714285714
10,1999,sacramento river,11390500,USGS,tisdale,flow,min,NA
11,1999,sacramento river,11390500,USGS,tisdale,flow,max,NA
11,1999,sacramento river,11390500,USGS,tisdale,flow,mean,24728.571428571428
11,1999,sacramento river,11390500,USGS,tisdale,flow,min,NA
12,1999,sacramento river,11390500,USGS,tisdale,flow,max,NA
12,1999,sacramento river,11390500,USGS,tisdale,flow,mean,17871.428571428572
12,1999,sacramento river,11390500,USGS,tisdale,flow,min,NA
13,1999,sacramento river,11390500,USGS,tisdale,flow,max,NA
13,1999,sacramento river,11390500,USGS,tisdale,flow,mean,20771.428571428572
13,1999,sacramento river,11390500,USGS,tisdale,flow,min,NA
14,1999,sacramento river,11390500,USGS,tisdale,flow,max,NA
14,1999,sacramento river,11390500,USGS,tisdale,flow,mean,13271.42857142857
14,1999,sacramento river,11390500,USGS,tisdale,flow,min,NA
15,1999,sacramento river,11390500,USGS,tisdale,flow,max,NA
15,1999,sacramento river,11390500,USGS,tisdale,flow,mean,16257.142857142857
15,1999,sacramento river,11390500,USGS,tisdale,flow,min,NA
16,1999,sacramento river,11390500,USGS,tisdale,flow,max,NA
16,1999,sacramento river,11390500,USGS,tisdale,flow,mean,17285.714285714286
16,1999,sacramento river,11390500,USGS,tisdale,flow,min,NA
17,1999,sacramento river,11390500,USGS,tisdale,flow,max,NA
17,1999,sacramento river,11390500,USGS,tisdale,flow,mean,12571.42857142857
17,1999,sacramento river,11390500,USGS,tisdale,flow,min,NA
18,1999,sacramento river,11390500,USGS,tisdale,flow,max,NA
18,1999,sacramento river,11390500,USGS,tisdale,flow,mean,10714.285714285714
18,1999,sacramento river,11390500,USGS,tisdale,flow,min,NA
19,1999,sacramento river,11390500,USGS,tisdale,flow,max,NA
19,1999,sacramento river,11390500,USGS,tisdale,flow,mean,9470
19,1999,sacramento river,11390500,USGS,tisdale,flow,min,NA
20,1999,sacramento river,11390500,USGS,tisdale,flow,max,NA
20,1999,sacramento river,11390500,USGS,tisdale,flow,mean,8308.57142857143
20,1999,sacramento river,11390500,USGS,tisdale,flow,min,NA
21,1999,sacramento river,11390500,USGS,tisdale,flow,max,NA
21,1999,sacramento river,11390500,USGS,tisdale,flow,mean,8815.714285714286
21,1999,sacramento river,11390500,USGS,tisdale,flow,min,NA
22,1999,sacramento river,11390500,USGS,tisdale,flow,max,NA
22,1999,sacramento river,11390500,USGS,tisdale,flow,mean,9534.285714285714
22,1999,sacramento river,11390500,USGS,tisdale,flow,min,NA
23,1999,sacramento river,11390500,USGS,tisdale,flow,max,NA
23,1999,sacramento river,11390500,USGS,tisdale,flow,mean,9988.57142857143
23,1999,sacramento river,11390500,USGS,tisdale,flow,min,NA
24,1999,sacramento river,11390500,USGS,tisdale,flow,max,NA
24,1999,sacramento river,11390500,USGS,tisdale,flow,mean,7775.714285714285
24,1999,sacramento river,11390500,USGS,tisdale,flow,min,NA
25,1999,sacramento river,11390500,USGS,tisdale,flow,max,NA
25,1999,sacramento river,11390500,USGS,tisdale,flow,mean,7692.857142857143
25,1999,sacramento river,11390500,USGS,tisdale,flow,min,NA
26,1999,sacramento river,11390500,USGS,tisdale,flow,max,NA
26,1999,sacramento river,11390500,USGS,tisdale,flow,mean,8134.285714285715
26,1999,sacramento river,11390500,USGS,tisdale,flow,min,NA
27,1999,sacramento river,11390500,USGS,tisdale,flow,max,NA
27,1999,sacramento river,11390500,USGS,tisdale,flow,mean,7400
27,1999,sacramento river,11390500,USGS,tisdale,flow,min,NA
28,1999,sacramento river,11390500,USGS,tisdale,flow,max,NA
28,1999,sacramento river,11390500,USGS,tisdale,flow,mean,7407.142857142857
28,1999,sacramento river,11390500,USGS,tisdale,flow,min,NA
29,1999,sacramento river,11390500,USGS,tisdale,flow,max,NA
29,1999,sacramento river,11390500,USGS,tisdale,flow,mean,7925.714285714285
29,1999,sacramento river,11390500,USGS,tisdale,flow,min,NA
30,1999,sacramento river,11390500,USGS,tisdale,flow,max,NA
30,1999,sacramento river,11390500,USGS,tisdale,flow,mean,7807.142857142857
30,1999,sacramento river,11390500,USGS,tisdale,flow,min,NA
31,1999,sacramento river,11390500,USGS,tisdale,flow,max,NA
31,1999,sacramento river,11390500,USGS,tisdale,flow,mean,7998.571428571428
31,1999,sacramento river,11390500,USGS,tisdale,flow,min,NA
32,1999,sacramento river,11390500,USGS,tisdale,flow,max,NA
32,1999,sacramento river,11390500,USGS,tisdale,flow,mean,7012.857142857143
32,1999,sacramento river,11390500,USGS,tisdale,flow,min,NA
33,1999,sacramento river,11390500,USGS,tisdale,flow,max,NA
33,1999,sacramento river,11390500,USGS,tisdale,flow,mean,6060
33,1999,sacramento river,11390500,USGS,tisdale,flow,min,NA
34,1999,sacramento river,11390500,USGS,tisdale,flow,max,NA
34,1999,sacramento river,11390500,USGS,tisdale,flow,mean,5440
34,1999,sacramento river,11390500,USGS,tisdale,flow,min,NA
35,1999,sacramento river,11390500,USGS,tisdale,flow,max,NA
35,1999,sacramento river,11390500,USGS,tisdale,flow,mean,6047.142857142857
35,1999,sacramento river,11390500,USGS,tisdale,flow,min,NA
36,1999,sacramento river,11390500,USGS,tisdale,flow,max,NA
36,1999,sacramento river,11390500,USGS,tisdale,flow,mean,6737.142857142857
36,1999,sacramento river,11390500,USGS,tisdale,flow,min,NA
37,1999,sacramento river,11390500,USGS,tisdale,flow,max,NA
37,1999,sacramento river,11390500,USGS,tisdale,flow,mean,7122.857142857143
37,1999,sacramento river,11390500,USGS,tisdale,flow,min,NA
38,1999,sacramento river,11390500,USGS,tisdale,flow,max,NA
38,1999,sacramento river,11390500,USGS,tisdale,flow,mean,7217.142857142857
38,1999,sacramento river,11390500,USGS,tisdale,flow,min,NA
39,1999,sacramento river,11390500,USGS,tisdale,flow,max,NA
39,1999,sacramento river,11390500,USGS,tisdale,flow,mean,6700
39,1999,sacramento river,11390500,USGS,tisdale,flow,min,NA
40,1999,sacramento river,11390500,USGS,tisdale,flow,max,NA
40,1999,sacramento river,11390500,USGS,tisdale,flow,mean,6024.285714285715
40,1999,sacramento river,11390500,USGS,tisdale,flow,min,NA
41,1999,sacramento river,11390500,USGS,tisdale,flow,max,NA
41,1999,sacramento river,11390500,USGS,tisdale,flow,mean,5434.285714285715
41,1999,sacramento river,11390500,USGS,tisdale,flow,min,NA
42,1999,sacramento river,11390500,USGS,tisdale,flow,max,NA
42,1999,sacramento river,11390500,USGS,tisdale,flow,mean,4782.857142857143
42,1999,sacramento river,11390500,USGS,tisdale,flow,min,NA
43,1999,sacramento river,11390500,USGS,tisdale,flow,max,NA
43,1999,sacramento river,11390500,USGS,tisdale,flow,mean,4862.857142857143
43,1999,sacramento river,11390500,USGS,tisdale,flow,min,NA
44,1999,sacramento river,11390500,USGS,tisdale,flow,max,NA
44,1999,sacramento river,11390500,USGS,tisdale,flow,mean,5345.714285714285
44,1999,sacramento river,11390500,USGS,tisdale,flow,min,NA
45,1999,sacramento river,11390500,USGS,tisdale,flow,max,NA
45,1999,sacramento river,11390500,USGS,tisdale,flow,mean,5562.857142857143
45,1999,sacramento river,11390500,USGS,tisdale,flow,min,NA
46,1999,sacramento river,11390500,USGS,tisdale,flow,max,NA
46,1999,sacramento river,11390500,USGS,tisdale,flow,mean,6964.285714285715
46,1999,sacramento river,11390500,USGS,tisdale,flow,min,NA
47,1999,sacramento river,11390500,USGS,tisdale,flow,max,NA
47,1999,sacramento river,11390500,USGS,tisdale,flow,mean,8251.42857142857
47,1999,sacramento river,11390500,USGS,tisdale,flow,min,NA
48,1999,sacramento river,11390500,USGS,tisdale,flow,max,NA
48,1999,sacramento river,11390500,USGS,tisdale,flow,mean,8337.142857142857
48,1999,sacramento river,11390500,USGS,tisdale,flow,min,NA
49,1999,sacramento river,11390500,USGS,tisdale,flow,max,NA
49,1999,sacramento river,11390500,USGS,tisdale,flow,mean,10365.714285714286
49,1999,sacramento river,11390500,USGS,tisdale,flow,min,NA
50,1999,sacramento river,11390500,USGS,tisdale,flow,max,NA
50,1999,sacramento river,11390500,USGS,tisdale,flow,mean,9390
50,1999,sacramento river,11390500,USGS,tisdale,flow,min,NA
51,1999,sacramento river,11390500,USGS,tisdale,flow,max,NA
51,1999,sacramento river,11390500,USGS,tisdale,flow,mean,7864.285714285715
51,1999,sacramento river,11390500,USGS,tisdale,flow,min,NA
52,1999,sacramento river,11390500,USGS,tisdale,flow,max,NA
52,1999,sacramento river,11390500,USGS,tisdale,flow,mean,7327.142857142857
52,1999,sacramento river,11390500,USGS,tisdale,flow,min,NA
53,1999,sacramento river,11390500,USGS,tisdale,flow,max,NA
53,1999,sacramento river,11390500,USGS,tisdale,flow,mean,7040
53,1999,sacramento river,11390500,USGS,tisdale,flow,min,NA
1,2000,sacramento river,11390500,USGS,tisdale,flow,max,NA
1,2000,sacramento river,11390500,USGS,tisdale,flow,mean,6848.571428571428
1,2000,sacramento river,11390500,USGS,tisdale,flow,min,NA
2,2000,sacramento river,11390500,USGS,tisdale,flow,max,NA
2,2000,sacramento river,11390500,USGS,tisdale,flow,mean,6871.428571428572
2,2000,sacramento river,11390500,USGS,tisdale,flow,min,NA
3,2000,sacramento river,11390500,USGS,tisdale,flow,max,NA
3,2000,sacramento river,11390500,USGS,tisdale,flow,mean,13242.857142857143
3,2000,sacramento river,11390500,USGS,tisdale,flow,min,NA
4,2000,sacramento river,11390500,USGS,tisdale,flow,max,NA
4,2000,sacramento river,11390500,USGS,tisdale,flow,mean,19500
4,2000,sacramento river,11390500,USGS,tisdale,flow,min,NA
5,2000,sacramento river,11390500,USGS,tisdale,flow,max,NA
5,2000,sacramento river,11390500,USGS,tisdale,flow,mean,22842.85714285714
5,2000,sacramento river,11390500,USGS,tisdale,flow,min,NA
6,2000,sacramento river,11390500,USGS,tisdale,flow,max,NA
6,2000,sacramento river,11390500,USGS,tisdale,flow,mean,21514.285714285714
6,2000,sacramento river,11390500,USGS,tisdale,flow,min,NA
7,2000,sacramento river,11390500,USGS,tisdale,flow,max,NA
7,2000,sacramento river,11390500,USGS,tisdale,flow,mean,27957.14285714286
7,2000,sacramento river,11390500,USGS,tisdale,flow,min,NA
8,2000,sacramento river,11390500,USGS,tisdale,flow,max,NA
8,2000,sacramento river,11390500,USGS,tisdale,flow,mean,28000
8,2000,sacramento river,11390500,USGS,tisdale,flow,min,NA
9,2000,sacramento river,11390500,USGS,tisdale,flow,max,NA
9,2000,sacramento river,11390500,USGS,tisdale,flow,mean,28642.85714285714
9,2000,sacramento river,11390500,USGS,tisdale,flow,min,NA
10,2000,sacramento river,11390500,USGS,tisdale,flow,max,NA
10,2000,sacramento river,11390500,USGS,tisdale,flow,mean,28671.428571428572
10,2000,sacramento river,11390500,USGS,tisdale,flow,min,NA
11,2000,sacramento river,11390500,USGS,tisdale,flow,max,NA
11,2000,sacramento river,11390500,USGS,tisdale,flow,mean,26842.85714285714
11,2000,sacramento river,11390500,USGS,tisdale,flow,min,NA
12,2000,sacramento river,11390500,USGS,tisdale,flow,max,NA
12,2000,sacramento river,11390500,USGS,tisdale,flow,mean,20071.428571428572
12,2000,sacramento river,11390500,USGS,tisdale,flow,min,NA
13,2000,sacramento river,11390500,USGS,tisdale,flow,max,NA
13,2000,sacramento river,11390500,USGS,tisdale,flow,mean,14185.714285714286
13,2000,sacramento river,11390500,USGS,tisdale,flow,min,NA
14,2000,sacramento river,11390500,USGS,tisdale,flow,max,NA
14,2000,sacramento river,11390500,USGS,tisdale,flow,mean,11185.714285714286
14,2000,sacramento river,11390500,USGS,tisdale,flow,min,NA
15,2000,sacramento river,11390500,USGS,tisdale,flow,max,NA
15,2000,sacramento river,11390500,USGS,tisdale,flow,mean,10784.285714285714
15,2000,sacramento river,11390500,USGS,tisdale,flow,min,NA
16,2000,sacramento river,11390500,USGS,tisdale,flow,max,NA
16,2000,sacramento river,11390500,USGS,tisdale,flow,mean,14671.42857142857
16,2000,sacramento river,11390500,USGS,tisdale,flow,min,NA
17,2000,sacramento river,11390500,USGS,tisdale,flow,max,NA
17,2000,sacramento river,11390500,USGS,tisdale,flow,mean,12514.285714285714
17,2000,sacramento river,11390500,USGS,tisdale,flow,min,NA
18,2000,sacramento river,11390500,USGS,tisdale,flow,max,NA
18,2000,sacramento river,11390500,USGS,tisdale,flow,mean,10207.142857142857
18,2000,sacramento river,11390500,USGS,tisdale,flow,min,NA
19,2000,sacramento river,11390500,USGS,tisdale,flow,max,NA
19,2000,sacramento river,11390500,USGS,tisdale,flow,mean,10551.42857142857
19,2000,sacramento river,11390500,USGS,tisdale,flow,min,NA
20,2000,sacramento river,11390500,USGS,tisdale,flow,max,NA
20,2000,sacramento river,11390500,USGS,tisdale,flow,mean,8652.857142857143
20,2000,sacramento river,11390500,USGS,tisdale,flow,min,NA
21,2000,sacramento river,11390500,USGS,tisdale,flow,max,NA
21,2000,sacramento river,11390500,USGS,tisdale,flow,mean,10225.714285714286
21,2000,sacramento river,11390500,USGS,tisdale,flow,min,NA
22,2000,sacramento river,11390500,USGS,tisdale,flow,max,NA
22,2000,sacramento river,11390500,USGS,tisdale,flow,mean,9387.142857142857
22,2000,sacramento river,11390500,USGS,tisdale,flow,min,NA
23,2000,sacramento river,11390500,USGS,tisdale,flow,max,NA
23,2000,sacramento river,11390500,USGS,tisdale,flow,mean,7792.857142857143
23,2000,sacramento river,11390500,USGS,tisdale,flow,min,NA
24,2000,sacramento river,11390500,USGS,tisdale,flow,max,NA
24,2000,sacramento river,11390500,USGS,tisdale,flow,mean,8537.142857142857
24,2000,sacramento river,11390500,USGS,tisdale,flow,min,NA
25,2000,sacramento river,11390500,USGS,tisdale,flow,max,NA
25,2000,sacramento river,11390500,USGS,tisdale,flow,mean,8261.42857142857
25,2000,sacramento river,11390500,USGS,tisdale,flow,min,NA
26,2000,sacramento river,11390500,USGS,tisdale,flow,max,NA
26,2000,sacramento river,11390500,USGS,tisdale,flow,mean,8092.857142857143
26,2000,sacramento river,11390500,USGS,tisdale,flow,min,NA
27,2000,sacramento river,11390500,USGS,tisdale,flow,max,NA
27,2000,sacramento river,11390500,USGS,tisdale,flow,mean,9085.714285714286
27,2000,sacramento river,11390500,USGS,tisdale,flow,min,NA
28,2000,sacramento river,11390500,USGS,tisdale,flow,max,NA
28,2000,sacramento river,11390500,USGS,tisdale,flow,mean,9822.857142857143
28,2000,sacramento river,11390500,USGS,tisdale,flow,min,NA
29,2000,sacramento river,11390500,USGS,tisdale,flow,max,NA
29,2000,sacramento river,11390500,USGS,tisdale,flow,mean,9845.714285714286
29,2000,sacramento river,11390500,USGS,tisdale,flow,min,NA
30,2000,sacramento river,11390500,USGS,tisdale,flow,max,NA
30,2000,sacramento river,11390500,USGS,tisdale,flow,mean,9721.42857142857
30,2000,sacramento river,11390500,USGS,tisdale,flow,min,NA
31,2000,sacramento river,11390500,USGS,tisdale,flow,max,NA
31,2000,sacramento river,11390500,USGS,tisdale,flow,mean,9897.142857142857
31,2000,sacramento river,11390500,USGS,tisdale,flow,min,NA
32,2000,sacramento river,11390500,USGS,tisdale,flow,max,NA
32,2000,sacramento river,11390500,USGS,tisdale,flow,mean,8895.714285714286
32,2000,sacramento river,11390500,USGS,tisdale,flow,min,NA
33,2000,sacramento river,11390500,USGS,tisdale,flow,max,NA
33,2000,sacramento river,11390500,USGS,tisdale,flow,mean,7651.428571428572
33,2000,sacramento river,11390500,USGS,tisdale,flow,min,NA
34,2000,sacramento river,11390500,USGS,tisdale,flow,max,NA
34,2000,sacramento river,11390500,USGS,tisdale,flow,mean,6560
34,2000,sacramento river,11390500,USGS,tisdale,flow,min,NA
35,2000,sacramento river,11390500,USGS,tisdale,flow,max,NA
35,2000,sacramento river,11390500,USGS,tisdale,flow,mean,6920
35,2000,sacramento river,11390500,USGS,tisdale,flow,min,NA
36,2000,sacramento river,11390500,USGS,tisdale,flow,max,NA
36,2000,sacramento river,11390500,USGS,tisdale,flow,mean,7328.571428571428
36,2000,sacramento river,11390500,USGS,tisdale,flow,min,NA
37,2000,sacramento river,11390500,USGS,tisdale,flow,max,NA
37,2000,sacramento river,11390500,USGS,tisdale,flow,mean,6801.428571428572
37,2000,sacramento river,11390500,USGS,tisdale,flow,min,NA
38,2000,sacramento river,11390500,USGS,tisdale,flow,max,NA
38,2000,sacramento river,11390500,USGS,tisdale,flow,mean,7384.285714285715
38,2000,sacramento river,11390500,USGS,tisdale,flow,min,NA
39,2000,sacramento river,11390500,USGS,tisdale,flow,max,NA
39,2000,sacramento river,11390500,USGS,tisdale,flow,mean,7412.857142857143
39,2000,sacramento river,11390500,USGS,tisdale,flow,min,NA
40,2000,sacramento river,11390500,USGS,tisdale,flow,max,NA
40,2000,sacramento river,11390500,USGS,tisdale,flow,mean,6092.857142857143
40,2000,sacramento river,11390500,USGS,tisdale,flow,min,NA
41,2000,sacramento river,11390500,USGS,tisdale,flow,max,NA
41,2000,sacramento river,11390500,USGS,tisdale,flow,mean,5652.857142857143
41,2000,sacramento river,11390500,USGS,tisdale,flow,min,NA
42,2000,sacramento river,11390500,USGS,tisdale,flow,max,NA
42,2000,sacramento river,11390500,USGS,tisdale,flow,mean,5975.714285714285
42,2000,sacramento river,11390500,USGS,tisdale,flow,min,NA
43,2000,sacramento river,11390500,USGS,tisdale,flow,max,NA
43,2000,sacramento river,11390500,USGS,tisdale,flow,mean,5032.857142857143
43,2000,sacramento river,11390500,USGS,tisdale,flow,min,NA
44,2000,sacramento river,11390500,USGS,tisdale,flow,max,NA
44,2000,sacramento river,11390500,USGS,tisdale,flow,mean,6264.285714285715
44,2000,sacramento river,11390500,USGS,tisdale,flow,min,NA
45,2000,sacramento river,11390500,USGS,tisdale,flow,max,NA
45,2000,sacramento river,11390500,USGS,tisdale,flow,mean,5462.857142857143
45,2000,sacramento river,11390500,USGS,tisdale,flow,min,NA
46,2000,sacramento river,11390500,USGS,tisdale,flow,max,NA
46,2000,sacramento river,11390500,USGS,tisdale,flow,mean,5577.142857142857
46,2000,sacramento river,11390500,USGS,tisdale,flow,min,NA
47,2000,sacramento river,11390500,USGS,tisdale,flow,max,NA
47,2000,sacramento river,11390500,USGS,tisdale,flow,mean,5878.571428571428
47,2000,sacramento river,11390500,USGS,tisdale,flow,min,NA
48,2000,sacramento river,11390500,USGS,tisdale,flow,max,NA
48,2000,sacramento river,11390500,USGS,tisdale,flow,mean,6160
48,2000,sacramento river,11390500,USGS,tisdale,flow,min,NA
49,2000,sacramento river,11390500,USGS,tisdale,flow,max,NA
49,2000,sacramento river,11390500,USGS,tisdale,flow,mean,6542.857142857143
49,2000,sacramento river,11390500,USGS,tisdale,flow,min,NA
50,2000,sacramento river,11390500,USGS,tisdale,flow,max,NA
50,2000,sacramento river,11390500,USGS,tisdale,flow,mean,6291.428571428572
50,2000,sacramento river,11390500,USGS,tisdale,flow,min,NA
51,2000,sacramento river,11390500,USGS,tisdale,flow,max,NA
51,2000,sacramento river,11390500,USGS,tisdale,flow,mean,6891.428571428572
51,2000,sacramento river,11390500,USGS,tisdale,flow,min,NA
52,2000,sacramento river,11390500,USGS,tisdale,flow,max,NA
52,2000,sacramento river,11390500,USGS,tisdale,flow,mean,6224.285714285715
52,2000,sacramento river,11390500,USGS,tisdale,flow,min,NA
53,2000,sacramento river,11390500,USGS,tisdale,flow,max,NA
53,2000,sacramento river,11390500,USGS,tisdale,flow,mean,6160
53,2000,sacramento river,11390500,USGS,tisdale,flow,min,NA
1,2001,sacramento river,11390500,USGS,tisdale,flow,max,NA
1,2001,sacramento river,11390500,USGS,tisdale,flow,mean,6070
1,2001,sacramento river,11390500,USGS,tisdale,flow,min,NA
2,2001,sacramento river,11390500,USGS,tisdale,flow,max,NA
2,2001,sacramento river,11390500,USGS,tisdale,flow,mean,9352.857142857143
2,2001,sacramento river,11390500,USGS,tisdale,flow,min,NA
3,2001,sacramento river,11390500,USGS,tisdale,flow,max,NA
3,2001,sacramento river,11390500,USGS,tisdale,flow,mean,8060
3,2001,sacramento river,11390500,USGS,tisdale,flow,min,NA
4,2001,sacramento river,11390500,USGS,tisdale,flow,max,NA
4,2001,sacramento river,11390500,USGS,tisdale,flow,mean,12188.57142857143
4,2001,sacramento river,11390500,USGS,tisdale,flow,min,NA
5,2001,sacramento river,11390500,USGS,tisdale,flow,max,NA
5,2001,sacramento river,11390500,USGS,tisdale,flow,mean,9504.285714285714
5,2001,sacramento river,11390500,USGS,tisdale,flow,min,NA
6,2001,sacramento river,11390500,USGS,tisdale,flow,max,NA
6,2001,sacramento river,11390500,USGS,tisdale,flow,mean,7310
6,2001,sacramento river,11390500,USGS,tisdale,flow,min,NA
7,2001,sacramento river,11390500,USGS,tisdale,flow,max,NA
7,2001,sacramento river,11390500,USGS,tisdale,flow,mean,10980
7,2001,sacramento river,11390500,USGS,tisdale,flow,min,NA
8,2001,sacramento river,11390500,USGS,tisdale,flow,max,NA
8,2001,sacramento river,11390500,USGS,tisdale,flow,mean,16974.285714285714
8,2001,sacramento river,11390500,USGS,tisdale,flow,min,NA
9,2001,sacramento river,11390500,USGS,tisdale,flow,max,NA
9,2001,sacramento river,11390500,USGS,tisdale,flow,mean,17385.714285714286
9,2001,sacramento river,11390500,USGS,tisdale,flow,min,NA
10,2001,sacramento river,11390500,USGS,tisdale,flow,max,NA
10,2001,sacramento river,11390500,USGS,tisdale,flow,mean,22100
10,2001,sacramento river,11390500,USGS,tisdale,flow,min,NA
11,2001,sacramento river,11390500,USGS,tisdale,flow,max,NA
11,2001,sacramento river,11390500,USGS,tisdale,flow,mean,13500
11,2001,sacramento river,11390500,USGS,tisdale,flow,min,NA
12,2001,sacramento river,11390500,USGS,tisdale,flow,max,NA
12,2001,sacramento river,11390500,USGS,tisdale,flow,mean,10814.285714285714
12,2001,sacramento river,11390500,USGS,tisdale,flow,min,NA
13,2001,sacramento river,11390500,USGS,tisdale,flow,max,NA
13,2001,sacramento river,11390500,USGS,tisdale,flow,mean,9830
13,2001,sacramento river,11390500,USGS,tisdale,flow,min,NA
14,2001,sacramento river,11390500,USGS,tisdale,flow,max,NA
14,2001,sacramento river,11390500,USGS,tisdale,flow,mean,8411.42857142857
14,2001,sacramento river,11390500,USGS,tisdale,flow,min,NA
15,2001,sacramento river,11390500,USGS,tisdale,flow,max,NA
15,2001,sacramento river,11390500,USGS,tisdale,flow,mean,8274.285714285714
15,2001,sacramento river,11390500,USGS,tisdale,flow,min,NA
16,2001,sacramento river,11390500,USGS,tisdale,flow,max,NA
16,2001,sacramento river,11390500,USGS,tisdale,flow,mean,6440
16,2001,sacramento river,11390500,USGS,tisdale,flow,min,NA
17,2001,sacramento river,11390500,USGS,tisdale,flow,max,NA
17,2001,sacramento river,11390500,USGS,tisdale,flow,mean,6507.142857142857
17,2001,sacramento river,11390500,USGS,tisdale,flow,min,NA
18,2001,sacramento river,11390500,USGS,tisdale,flow,max,NA
18,2001,sacramento river,11390500,USGS,tisdale,flow,mean,5297.142857142857
18,2001,sacramento river,11390500,USGS,tisdale,flow,min,NA
19,2001,sacramento river,11390500,USGS,tisdale,flow,max,NA
19,2001,sacramento river,11390500,USGS,tisdale,flow,mean,5072.857142857143
19,2001,sacramento river,11390500,USGS,tisdale,flow,min,NA
20,2001,sacramento river,11390500,USGS,tisdale,flow,max,NA
20,2001,sacramento river,11390500,USGS,tisdale,flow,mean,6245.714285714285
20,2001,sacramento river,11390500,USGS,tisdale,flow,min,NA
21,2001,sacramento river,11390500,USGS,tisdale,flow,max,NA
21,2001,sacramento river,11390500,USGS,tisdale,flow,mean,6394.285714285715
21,2001,sacramento river,11390500,USGS,tisdale,flow,min,NA
22,2001,sacramento river,11390500,USGS,tisdale,flow,max,NA
22,2001,sacramento river,11390500,USGS,tisdale,flow,mean,6770
22,2001,sacramento river,11390500,USGS,tisdale,flow,min,NA
23,2001,sacramento river,11390500,USGS,tisdale,flow,max,NA
23,2001,sacramento river,11390500,USGS,tisdale,flow,mean,7185.714285714285
23,2001,sacramento river,11390500,USGS,tisdale,flow,min,NA
24,2001,sacramento river,11390500,USGS,tisdale,flow,max,NA
24,2001,sacramento river,11390500,USGS,tisdale,flow,mean,8631.42857142857
24,2001,sacramento river,11390500,USGS,tisdale,flow,min,NA
25,2001,sacramento river,11390500,USGS,tisdale,flow,max,NA
25,2001,sacramento river,11390500,USGS,tisdale,flow,mean,8754.285714285714
25,2001,sacramento river,11390500,USGS,tisdale,flow,min,NA
26,2001,sacramento river,11390500,USGS,tisdale,flow,max,NA
26,2001,sacramento river,11390500,USGS,tisdale,flow,mean,9221.42857142857
26,2001,sacramento river,11390500,USGS,tisdale,flow,min,NA
27,2001,sacramento river,11390500,USGS,tisdale,flow,max,NA
27,2001,sacramento river,11390500,USGS,tisdale,flow,mean,9444.285714285714
27,2001,sacramento river,11390500,USGS,tisdale,flow,min,NA
28,2001,sacramento river,11390500,USGS,tisdale,flow,max,NA
28,2001,sacramento river,11390500,USGS,tisdale,flow,mean,9804.285714285714
28,2001,sacramento river,11390500,USGS,tisdale,flow,min,NA
29,2001,sacramento river,11390500,USGS,tisdale,flow,max,NA
29,2001,sacramento river,11390500,USGS,tisdale,flow,mean,9835.714285714286
29,2001,sacramento river,11390500,USGS,tisdale,flow,min,NA
30,2001,sacramento river,11390500,USGS,tisdale,flow,max,NA
30,2001,sacramento river,11390500,USGS,tisdale,flow,mean,9987.142857142857
30,2001,sacramento river,11390500,USGS,tisdale,flow,min,NA
31,2001,sacramento river,11390500,USGS,tisdale,flow,max,NA
31,2001,sacramento river,11390500,USGS,tisdale,flow,mean,8814.285714285714
31,2001,sacramento river,11390500,USGS,tisdale,flow,min,NA
32,2001,sacramento river,11390500,USGS,tisdale,flow,max,NA
32,2001,sacramento river,11390500,USGS,tisdale,flow,mean,7727.142857142857
32,2001,sacramento river,11390500,USGS,tisdale,flow,min,NA
33,2001,sacramento river,11390500,USGS,tisdale,flow,max,NA
33,2001,sacramento river,11390500,USGS,tisdale,flow,mean,7182.857142857143
33,2001,sacramento river,11390500,USGS,tisdale,flow,min,NA
34,2001,sacramento river,11390500,USGS,tisdale,flow,max,NA
34,2001,sacramento river,11390500,USGS,tisdale,flow,mean,6287.142857142857
34,2001,sacramento river,11390500,USGS,tisdale,flow,min,NA
35,2001,sacramento river,11390500,USGS,tisdale,flow,max,NA
35,2001,sacramento river,11390500,USGS,tisdale,flow,mean,6798.571428571428
35,2001,sacramento river,11390500,USGS,tisdale,flow,min,NA
36,2001,sacramento river,11390500,USGS,tisdale,flow,max,NA
36,2001,sacramento river,11390500,USGS,tisdale,flow,mean,7335.714285714285
36,2001,sacramento river,11390500,USGS,tisdale,flow,min,NA
37,2001,sacramento river,11390500,USGS,tisdale,flow,max,NA
37,2001,sacramento river,11390500,USGS,tisdale,flow,mean,7332.857142857143
37,2001,sacramento river,11390500,USGS,tisdale,flow,min,NA
38,2001,sacramento river,11390500,USGS,tisdale,flow,max,NA
38,2001,sacramento river,11390500,USGS,tisdale,flow,mean,7745.714285714285
38,2001,sacramento river,11390500,USGS,tisdale,flow,min,NA
39,2001,sacramento river,11390500,USGS,tisdale,flow,max,NA
39,2001,sacramento river,11390500,USGS,tisdale,flow,mean,7800
39,2001,sacramento river,11390500,USGS,tisdale,flow,min,NA
40,2001,sacramento river,11390500,USGS,tisdale,flow,max,NA
40,2001,sacramento river,11390500,USGS,tisdale,flow,mean,6637.142857142857
40,2001,sacramento river,11390500,USGS,tisdale,flow,min,NA
41,2001,sacramento river,11390500,USGS,tisdale,flow,max,NA
41,2001,sacramento river,11390500,USGS,tisdale,flow,mean,4691.428571428572
41,2001,sacramento river,11390500,USGS,tisdale,flow,min,NA
42,2001,sacramento river,11390500,USGS,tisdale,flow,max,NA
42,2001,sacramento river,11390500,USGS,tisdale,flow,mean,3937.1428571428573
42,2001,sacramento river,11390500,USGS,tisdale,flow,min,NA
43,2001,sacramento river,11390500,USGS,tisdale,flow,max,NA
43,2001,sacramento river,11390500,USGS,tisdale,flow,mean,4000
43,2001,sacramento river,11390500,USGS,tisdale,flow,min,NA
44,2001,sacramento river,11390500,USGS,tisdale,flow,max,NA
44,2001,sacramento river,11390500,USGS,tisdale,flow,mean,4645.714285714285
44,2001,sacramento river,11390500,USGS,tisdale,flow,min,NA
45,2001,sacramento river,11390500,USGS,tisdale,flow,max,NA
45,2001,sacramento river,11390500,USGS,tisdale,flow,mean,4648.571428571428
45,2001,sacramento river,11390500,USGS,tisdale,flow,min,NA
46,2001,sacramento river,11390500,USGS,tisdale,flow,max,NA
46,2001,sacramento river,11390500,USGS,tisdale,flow,mean,6222.857142857143
46,2001,sacramento river,11390500,USGS,tisdale,flow,min,NA
47,2001,sacramento river,11390500,USGS,tisdale,flow,max,NA
47,2001,sacramento river,11390500,USGS,tisdale,flow,mean,7527.142857142857
47,2001,sacramento river,11390500,USGS,tisdale,flow,min,NA
48,2001,sacramento river,11390500,USGS,tisdale,flow,max,NA
48,2001,sacramento river,11390500,USGS,tisdale,flow,mean,12457.142857142857
48,2001,sacramento river,11390500,USGS,tisdale,flow,min,NA
49,2001,sacramento river,11390500,USGS,tisdale,flow,max,NA
49,2001,sacramento river,11390500,USGS,tisdale,flow,mean,18100
49,2001,sacramento river,11390500,USGS,tisdale,flow,min,NA
50,2001,sacramento river,11390500,USGS,tisdale,flow,max,NA
50,2001,sacramento river,11390500,USGS,tisdale,flow,mean,12621.42857142857
50,2001,sacramento river,11390500,USGS,tisdale,flow,min,NA
51,2001,sacramento river,11390500,USGS,tisdale,flow,max,NA
51,2001,sacramento river,11390500,USGS,tisdale,flow,mean,18185.714285714286
51,2001,sacramento river,11390500,USGS,tisdale,flow,min,NA
52,2001,sacramento river,11390500,USGS,tisdale,flow,max,NA
52,2001,sacramento river,11390500,USGS,tisdale,flow,mean,18985.714285714286
52,2001,sacramento river,11390500,USGS,tisdale,flow,min,NA
53,2001,sacramento river,11390500,USGS,tisdale,flow,max,NA
53,2001,sacramento river,11390500,USGS,tisdale,flow,mean,23100
53,2001,sacramento river,11390500,USGS,tisdale,flow,min,NA
1,2002,sacramento river,11390500,USGS,tisdale,flow,max,NA
1,2002,sacramento river,11390500,USGS,tisdale,flow,mean,27371.428571428572
1,2002,sacramento river,11390500,USGS,tisdale,flow,min,NA
2,2002,sacramento river,11390500,USGS,tisdale,flow,max,NA
2,2002,sacramento river,11390500,USGS,tisdale,flow,mean,24485.714285714286
2,2002,sacramento river,11390500,USGS,tisdale,flow,min,NA
3,2002,sacramento river,11390500,USGS,tisdale,flow,max,NA
3,2002,sacramento river,11390500,USGS,tisdale,flow,mean,15471.42857142857
3,2002,sacramento river,11390500,USGS,tisdale,flow,min,NA
4,2002,sacramento river,11390500,USGS,tisdale,flow,max,NA
4,2002,sacramento river,11390500,USGS,tisdale,flow,mean,11557.142857142857
4,2002,sacramento river,11390500,USGS,tisdale,flow,min,NA
5,2002,sacramento river,11390500,USGS,tisdale,flow,max,NA
5,2002,sacramento river,11390500,USGS,tisdale,flow,mean,10011.42857142857
5,2002,sacramento river,11390500,USGS,tisdale,flow,min,NA
6,2002,sacramento river,11390500,USGS,tisdale,flow,max,NA
6,2002,sacramento river,11390500,USGS,tisdale,flow,mean,9068.57142857143
6,2002,sacramento river,11390500,USGS,tisdale,flow,min,NA
7,2002,sacramento river,11390500,USGS,tisdale,flow,max,NA
7,2002,sacramento river,11390500,USGS,tisdale,flow,mean,8564.285714285714
7,2002,sacramento river,11390500,USGS,tisdale,flow,min,NA
8,2002,sacramento river,11390500,USGS,tisdale,flow,max,NA
8,2002,sacramento river,11390500,USGS,tisdale,flow,mean,14704.285714285714
8,2002,sacramento river,11390500,USGS,tisdale,flow,min,NA
9,2002,sacramento river,11390500,USGS,tisdale,flow,max,NA
9,2002,sacramento river,11390500,USGS,tisdale,flow,mean,11228.57142857143
9,2002,sacramento river,11390500,USGS,tisdale,flow,min,NA
10,2002,sacramento river,11390500,USGS,tisdale,flow,max,NA
10,2002,sacramento river,11390500,USGS,tisdale,flow,mean,11657.142857142857
10,2002,sacramento river,11390500,USGS,tisdale,flow,min,NA
11,2002,sacramento river,11390500,USGS,tisdale,flow,max,NA
11,2002,sacramento river,11390500,USGS,tisdale,flow,mean,12385.714285714286
11,2002,sacramento river,11390500,USGS,tisdale,flow,min,NA
12,2002,sacramento river,11390500,USGS,tisdale,flow,max,NA
12,2002,sacramento river,11390500,USGS,tisdale,flow,mean,9451.42857142857
12,2002,sacramento river,11390500,USGS,tisdale,flow,min,NA
13,2002,sacramento river,11390500,USGS,tisdale,flow,max,NA
13,2002,sacramento river,11390500,USGS,tisdale,flow,mean,8887.142857142857
13,2002,sacramento river,11390500,USGS,tisdale,flow,min,NA
14,2002,sacramento river,11390500,USGS,tisdale,flow,max,NA
14,2002,sacramento river,11390500,USGS,tisdale,flow,mean,7701.428571428572
14,2002,sacramento river,11390500,USGS,tisdale,flow,min,NA
15,2002,sacramento river,11390500,USGS,tisdale,flow,max,NA
15,2002,sacramento river,11390500,USGS,tisdale,flow,mean,6507.142857142857
15,2002,sacramento river,11390500,USGS,tisdale,flow,min,NA
16,2002,sacramento river,11390500,USGS,tisdale,flow,max,NA
16,2002,sacramento river,11390500,USGS,tisdale,flow,mean,5301.428571428572
16,2002,sacramento river,11390500,USGS,tisdale,flow,min,NA
17,2002,sacramento river,11390500,USGS,tisdale,flow,max,NA
17,2002,sacramento river,11390500,USGS,tisdale,flow,mean,4332.857142857143
17,2002,sacramento river,11390500,USGS,tisdale,flow,min,NA
18,2002,sacramento river,11390500,USGS,tisdale,flow,max,NA
18,2002,sacramento river,11390500,USGS,tisdale,flow,mean,5147.142857142857
18,2002,sacramento river,11390500,USGS,tisdale,flow,min,NA
19,2002,sacramento river,11390500,USGS,tisdale,flow,max,NA
19,2002,sacramento river,11390500,USGS,tisdale,flow,mean,4988.571428571428
19,2002,sacramento river,11390500,USGS,tisdale,flow,min,NA
20,2002,sacramento river,11390500,USGS,tisdale,flow,max,NA
20,2002,sacramento river,11390500,USGS,tisdale,flow,mean,6161.428571428572
20,2002,sacramento river,11390500,USGS,tisdale,flow,min,NA
21,2002,sacramento river,11390500,USGS,tisdale,flow,max,NA
21,2002,sacramento river,11390500,USGS,tisdale,flow,mean,8794.285714285714
21,2002,sacramento river,11390500,USGS,tisdale,flow,min,NA
22,2002,sacramento river,11390500,USGS,tisdale,flow,max,NA
22,2002,sacramento river,11390500,USGS,tisdale,flow,mean,7437.142857142857
22,2002,sacramento river,11390500,USGS,tisdale,flow,min,NA
23,2002,sacramento river,11390500,USGS,tisdale,flow,max,NA
23,2002,sacramento river,11390500,USGS,tisdale,flow,mean,6355.714285714285
23,2002,sacramento river,11390500,USGS,tisdale,flow,min,NA
24,2002,sacramento river,11390500,USGS,tisdale,flow,max,NA
24,2002,sacramento river,11390500,USGS,tisdale,flow,mean,6330
24,2002,sacramento river,11390500,USGS,tisdale,flow,min,NA
25,2002,sacramento river,11390500,USGS,tisdale,flow,max,NA
25,2002,sacramento river,11390500,USGS,tisdale,flow,mean,7841.428571428572
25,2002,sacramento river,11390500,USGS,tisdale,flow,min,NA
26,2002,sacramento river,11390500,USGS,tisdale,flow,max,NA
26,2002,sacramento river,11390500,USGS,tisdale,flow,mean,8595.714285714286
26,2002,sacramento river,11390500,USGS,tisdale,flow,min,NA
27,2002,sacramento river,11390500,USGS,tisdale,flow,max,NA
27,2002,sacramento river,11390500,USGS,tisdale,flow,mean,8105.714285714285
27,2002,sacramento river,11390500,USGS,tisdale,flow,min,NA
28,2002,sacramento river,11390500,USGS,tisdale,flow,max,NA
28,2002,sacramento river,11390500,USGS,tisdale,flow,mean,8274.285714285714
28,2002,sacramento river,11390500,USGS,tisdale,flow,min,NA
29,2002,sacramento river,11390500,USGS,tisdale,flow,max,NA
29,2002,sacramento river,11390500,USGS,tisdale,flow,mean,9034.285714285714
29,2002,sacramento river,11390500,USGS,tisdale,flow,min,NA
30,2002,sacramento river,11390500,USGS,tisdale,flow,max,NA
30,2002,sacramento river,11390500,USGS,tisdale,flow,mean,9370
30,2002,sacramento river,11390500,USGS,tisdale,flow,min,NA
31,2002,sacramento river,11390500,USGS,tisdale,flow,max,NA
31,2002,sacramento river,11390500,USGS,tisdale,flow,mean,8728.57142857143
31,2002,sacramento river,11390500,USGS,tisdale,flow,min,NA
32,2002,sacramento river,11390500,USGS,tisdale,flow,max,NA
32,2002,sacramento river,11390500,USGS,tisdale,flow,mean,8337.142857142857
32,2002,sacramento river,11390500,USGS,tisdale,flow,min,NA
33,2002,sacramento river,11390500,USGS,tisdale,flow,max,NA
33,2002,sacramento river,11390500,USGS,tisdale,flow,mean,7751.428571428572
33,2002,sacramento river,11390500,USGS,tisdale,flow,min,NA
34,2002,sacramento river,11390500,USGS,tisdale,flow,max,NA
34,2002,sacramento river,11390500,USGS,tisdale,flow,mean,7004.285714285715
34,2002,sacramento river,11390500,USGS,tisdale,flow,min,NA
35,2002,sacramento river,11390500,USGS,tisdale,flow,max,NA
35,2002,sacramento river,11390500,USGS,tisdale,flow,mean,6307.142857142857
35,2002,sacramento river,11390500,USGS,tisdale,flow,min,NA
36,2002,sacramento river,11390500,USGS,tisdale,flow,max,NA
36,2002,sacramento river,11390500,USGS,tisdale,flow,mean,6117.142857142857
36,2002,sacramento river,11390500,USGS,tisdale,flow,min,NA
37,2002,sacramento river,11390500,USGS,tisdale,flow,max,NA
37,2002,sacramento river,11390500,USGS,tisdale,flow,mean,6867.142857142857
37,2002,sacramento river,11390500,USGS,tisdale,flow,min,NA
38,2002,sacramento river,11390500,USGS,tisdale,flow,max,NA
38,2002,sacramento river,11390500,USGS,tisdale,flow,mean,7311.428571428572
38,2002,sacramento river,11390500,USGS,tisdale,flow,min,NA
39,2002,sacramento river,11390500,USGS,tisdale,flow,max,NA
39,2002,sacramento river,11390500,USGS,tisdale,flow,mean,6841.428571428572
39,2002,sacramento river,11390500,USGS,tisdale,flow,min,NA
40,2002,sacramento river,11390500,USGS,tisdale,flow,max,NA
40,2002,sacramento river,11390500,USGS,tisdale,flow,mean,5931.428571428572
40,2002,sacramento river,11390500,USGS,tisdale,flow,min,NA
41,2002,sacramento river,11390500,USGS,tisdale,flow,max,NA
41,2002,sacramento river,11390500,USGS,tisdale,flow,mean,4841.428571428572
41,2002,sacramento river,11390500,USGS,tisdale,flow,min,NA
42,2002,sacramento river,11390500,USGS,tisdale,flow,max,NA
42,2002,sacramento river,11390500,USGS,tisdale,flow,mean,5211.428571428572
42,2002,sacramento river,11390500,USGS,tisdale,flow,min,NA
43,2002,sacramento river,11390500,USGS,tisdale,flow,max,NA
43,2002,sacramento river,11390500,USGS,tisdale,flow,mean,5201.428571428572
43,2002,sacramento river,11390500,USGS,tisdale,flow,min,NA
44,2002,sacramento river,11390500,USGS,tisdale,flow,max,NA
44,2002,sacramento river,11390500,USGS,tisdale,flow,mean,5312.857142857143
44,2002,sacramento river,11390500,USGS,tisdale,flow,min,NA
45,2002,sacramento river,11390500,USGS,tisdale,flow,max,NA
45,2002,sacramento river,11390500,USGS,tisdale,flow,mean,6490
45,2002,sacramento river,11390500,USGS,tisdale,flow,min,NA
46,2002,sacramento river,11390500,USGS,tisdale,flow,max,NA
46,2002,sacramento river,11390500,USGS,tisdale,flow,mean,6570
46,2002,sacramento river,11390500,USGS,tisdale,flow,min,NA
47,2002,sacramento river,11390500,USGS,tisdale,flow,max,NA
47,2002,sacramento river,11390500,USGS,tisdale,flow,mean,4957.142857142857
47,2002,sacramento river,11390500,USGS,tisdale,flow,min,NA
48,2002,sacramento river,11390500,USGS,tisdale,flow,max,NA
48,2002,sacramento river,11390500,USGS,tisdale,flow,mean,4407.142857142857
48,2002,sacramento river,11390500,USGS,tisdale,flow,min,NA
49,2002,sacramento river,11390500,USGS,tisdale,flow,max,NA
49,2002,sacramento river,11390500,USGS,tisdale,flow,mean,5024.285714285715
49,2002,sacramento river,11390500,USGS,tisdale,flow,min,NA
50,2002,sacramento river,11390500,USGS,tisdale,flow,max,NA
50,2002,sacramento river,11390500,USGS,tisdale,flow,mean,10725.714285714286
50,2002,sacramento river,11390500,USGS,tisdale,flow,min,NA
51,2002,sacramento river,11390500,USGS,tisdale,flow,max,NA
51,2002,sacramento river,11390500,USGS,tisdale,flow,mean,26557.14285714286
51,2002,sacramento river,11390500,USGS,tisdale,flow,min,NA
52,2002,sacramento river,11390500,USGS,tisdale,flow,max,NA
52,2002,sacramento river,11390500,USGS,tisdale,flow,mean,21457.14285714286
52,2002,sacramento river,11390500,USGS,tisdale,flow,min,NA
53,2002,sacramento river,11390500,USGS,tisdale,flow,max,NA
53,2002,sacramento river,11390500,USGS,tisdale,flow,mean,28600
53,2002,sacramento river,11390500,USGS,tisdale,flow,min,NA
1,2003,sacramento river,11390500,USGS,tisdale,flow,max,NA
1,2003,sacramento river,11390500,USGS,tisdale,flow,mean,27471.428571428572
1,2003,sacramento river,11390500,USGS,tisdale,flow,min,NA
2,2003,sacramento river,11390500,USGS,tisdale,flow,max,NA
2,2003,sacramento river,11390500,USGS,tisdale,flow,mean,23171.428571428572
2,2003,sacramento river,11390500,USGS,tisdale,flow,min,NA
3,2003,sacramento river,11390500,USGS,tisdale,flow,max,NA
3,2003,sacramento river,11390500,USGS,tisdale,flow,mean,27771.428571428572
3,2003,sacramento river,11390500,USGS,tisdale,flow,min,NA
4,2003,sacramento river,11390500,USGS,tisdale,flow,max,NA
4,2003,sacramento river,11390500,USGS,tisdale,flow,mean,26442.85714285714
4,2003,sacramento river,11390500,USGS,tisdale,flow,min,NA
5,2003,sacramento river,11390500,USGS,tisdale,flow,max,NA
5,2003,sacramento river,11390500,USGS,tisdale,flow,mean,23757.14285714286
5,2003,sacramento river,11390500,USGS,tisdale,flow,min,NA
6,2003,sacramento river,11390500,USGS,tisdale,flow,max,NA
6,2003,sacramento river,11390500,USGS,tisdale,flow,mean,14614.285714285714
6,2003,sacramento river,11390500,USGS,tisdale,flow,min,NA
7,2003,sacramento river,11390500,USGS,tisdale,flow,max,NA
7,2003,sacramento river,11390500,USGS,tisdale,flow,mean,18671.428571428572
7,2003,sacramento river,11390500,USGS,tisdale,flow,min,NA
8,2003,sacramento river,11390500,USGS,tisdale,flow,max,NA
8,2003,sacramento river,11390500,USGS,tisdale,flow,mean,19742.85714285714
8,2003,sacramento river,11390500,USGS,tisdale,flow,min,NA
9,2003,sacramento river,11390500,USGS,tisdale,flow,max,NA
9,2003,sacramento river,11390500,USGS,tisdale,flow,mean,13485.714285714286
9,2003,sacramento river,11390500,USGS,tisdale,flow,min,NA
10,2003,sacramento river,11390500,USGS,tisdale,flow,max,NA
10,2003,sacramento river,11390500,USGS,tisdale,flow,mean,9757.142857142857
10,2003,sacramento river,11390500,USGS,tisdale,flow,min,NA
11,2003,sacramento river,11390500,USGS,tisdale,flow,max,NA
11,2003,sacramento river,11390500,USGS,tisdale,flow,mean,15334.285714285714
11,2003,sacramento river,11390500,USGS,tisdale,flow,min,NA
12,2003,sacramento river,11390500,USGS,tisdale,flow,max,NA
12,2003,sacramento river,11390500,USGS,tisdale,flow,mean,14328.57142857143
12,2003,sacramento river,11390500,USGS,tisdale,flow,min,NA
13,2003,sacramento river,11390500,USGS,tisdale,flow,max,NA
13,2003,sacramento river,11390500,USGS,tisdale,flow,mean,12885.714285714286
13,2003,sacramento river,11390500,USGS,tisdale,flow,min,NA
14,2003,sacramento river,11390500,USGS,tisdale,flow,max,NA
14,2003,sacramento river,11390500,USGS,tisdale,flow,mean,10515.714285714286
14,2003,sacramento river,11390500,USGS,tisdale,flow,min,NA
15,2003,sacramento river,11390500,USGS,tisdale,flow,max,NA
15,2003,sacramento river,11390500,USGS,tisdale,flow,mean,9884.285714285714
15,2003,sacramento river,11390500,USGS,tisdale,flow,min,NA
16,2003,sacramento river,11390500,USGS,tisdale,flow,max,NA
16,2003,sacramento river,11390500,USGS,tisdale,flow,mean,11885.714285714286
16,2003,sacramento river,11390500,USGS,tisdale,flow,min,NA
17,2003,sacramento river,11390500,USGS,tisdale,flow,max,NA
17,2003,sacramento river,11390500,USGS,tisdale,flow,mean,19142.85714285714
17,2003,sacramento river,11390500,USGS,tisdale,flow,min,NA
18,2003,sacramento river,11390500,USGS,tisdale,flow,max,NA
18,2003,sacramento river,11390500,USGS,tisdale,flow,mean,27957.14285714286
18,2003,sacramento river,11390500,USGS,tisdale,flow,min,NA
19,2003,sacramento river,11390500,USGS,tisdale,flow,max,NA
19,2003,sacramento river,11390500,USGS,tisdale,flow,mean,23971.428571428572
19,2003,sacramento river,11390500,USGS,tisdale,flow,min,NA
20,2003,sacramento river,11390500,USGS,tisdale,flow,max,NA
20,2003,sacramento river,11390500,USGS,tisdale,flow,mean,16128.57142857143
20,2003,sacramento river,11390500,USGS,tisdale,flow,min,NA
21,2003,sacramento river,11390500,USGS,tisdale,flow,max,NA
21,2003,sacramento river,11390500,USGS,tisdale,flow,mean,13471.42857142857
21,2003,sacramento river,11390500,USGS,tisdale,flow,min,NA
22,2003,sacramento river,11390500,USGS,tisdale,flow,max,NA
22,2003,sacramento river,11390500,USGS,tisdale,flow,mean,12257.142857142857
22,2003,sacramento river,11390500,USGS,tisdale,flow,min,NA
23,2003,sacramento river,11390500,USGS,tisdale,flow,max,NA
23,2003,sacramento river,11390500,USGS,tisdale,flow,mean,11214.285714285714
23,2003,sacramento river,11390500,USGS,tisdale,flow,min,NA
24,2003,sacramento river,11390500,USGS,tisdale,flow,max,NA
24,2003,sacramento river,11390500,USGS,tisdale,flow,mean,11200
24,2003,sacramento river,11390500,USGS,tisdale,flow,min,NA
25,2003,sacramento river,11390500,USGS,tisdale,flow,max,NA
25,2003,sacramento river,11390500,USGS,tisdale,flow,mean,9998.57142857143
25,2003,sacramento river,11390500,USGS,tisdale,flow,min,NA
26,2003,sacramento river,11390500,USGS,tisdale,flow,max,NA
26,2003,sacramento river,11390500,USGS,tisdale,flow,mean,7500
26,2003,sacramento river,11390500,USGS,tisdale,flow,min,NA
27,2003,sacramento river,11390500,USGS,tisdale,flow,max,NA
27,2003,sacramento river,11390500,USGS,tisdale,flow,mean,6802.857142857143
27,2003,sacramento river,11390500,USGS,tisdale,flow,min,NA
28,2003,sacramento river,11390500,USGS,tisdale,flow,max,NA
28,2003,sacramento river,11390500,USGS,tisdale,flow,mean,8295.714285714286
28,2003,sacramento river,11390500,USGS,tisdale,flow,min,NA
29,2003,sacramento river,11390500,USGS,tisdale,flow,max,NA
29,2003,sacramento river,11390500,USGS,tisdale,flow,mean,8957.142857142857
29,2003,sacramento river,11390500,USGS,tisdale,flow,min,NA
30,2003,sacramento river,11390500,USGS,tisdale,flow,max,NA
30,2003,sacramento river,11390500,USGS,tisdale,flow,mean,9217.142857142857
30,2003,sacramento river,11390500,USGS,tisdale,flow,min,NA
31,2003,sacramento river,11390500,USGS,tisdale,flow,max,NA
31,2003,sacramento river,11390500,USGS,tisdale,flow,mean,9801.42857142857
31,2003,sacramento river,11390500,USGS,tisdale,flow,min,NA
32,2003,sacramento river,11390500,USGS,tisdale,flow,max,NA
32,2003,sacramento river,11390500,USGS,tisdale,flow,mean,8574.285714285714
32,2003,sacramento river,11390500,USGS,tisdale,flow,min,NA
33,2003,sacramento river,11390500,USGS,tisdale,flow,max,NA
33,2003,sacramento river,11390500,USGS,tisdale,flow,mean,5805.714285714285
33,2003,sacramento river,11390500,USGS,tisdale,flow,min,NA
34,2003,sacramento river,11390500,USGS,tisdale,flow,max,NA
34,2003,sacramento river,11390500,USGS,tisdale,flow,mean,5440
34,2003,sacramento river,11390500,USGS,tisdale,flow,min,NA
35,2003,sacramento river,11390500,USGS,tisdale,flow,max,NA
35,2003,sacramento river,11390500,USGS,tisdale,flow,mean,6362.857142857143
35,2003,sacramento river,11390500,USGS,tisdale,flow,min,NA
36,2003,sacramento river,11390500,USGS,tisdale,flow,max,NA
36,2003,sacramento river,11390500,USGS,tisdale,flow,mean,6387.142857142857
36,2003,sacramento river,11390500,USGS,tisdale,flow,min,NA
37,2003,sacramento river,11390500,USGS,tisdale,flow,max,NA
37,2003,sacramento river,11390500,USGS,tisdale,flow,mean,6884.285714285715
37,2003,sacramento river,11390500,USGS,tisdale,flow,min,NA
38,2003,sacramento river,11390500,USGS,tisdale,flow,max,NA
38,2003,sacramento river,11390500,USGS,tisdale,flow,mean,7402.857142857143
38,2003,sacramento river,11390500,USGS,tisdale,flow,min,NA
39,2003,sacramento river,11390500,USGS,tisdale,flow,max,NA
39,2003,sacramento river,11390500,USGS,tisdale,flow,mean,6964.285714285715
39,2003,sacramento river,11390500,USGS,tisdale,flow,min,NA
40,2003,sacramento river,11390500,USGS,tisdale,flow,max,NA
40,2003,sacramento river,11390500,USGS,tisdale,flow,mean,6332.857142857143
40,2003,sacramento river,11390500,USGS,tisdale,flow,min,NA
41,2003,sacramento river,11390500,USGS,tisdale,flow,max,NA
41,2003,sacramento river,11390500,USGS,tisdale,flow,mean,5630
41,2003,sacramento river,11390500,USGS,tisdale,flow,min,NA
42,2003,sacramento river,11390500,USGS,tisdale,flow,max,NA
42,2003,sacramento river,11390500,USGS,tisdale,flow,mean,5050
42,2003,sacramento river,11390500,USGS,tisdale,flow,min,NA
43,2003,sacramento river,11390500,USGS,tisdale,flow,max,NA
43,2003,sacramento river,11390500,USGS,tisdale,flow,mean,4852.857142857143
43,2003,sacramento river,11390500,USGS,tisdale,flow,min,NA
44,2003,sacramento river,11390500,USGS,tisdale,flow,max,NA
44,2003,sacramento river,11390500,USGS,tisdale,flow,mean,4831.428571428572
44,2003,sacramento river,11390500,USGS,tisdale,flow,min,NA
45,2003,sacramento river,11390500,USGS,tisdale,flow,max,NA
45,2003,sacramento river,11390500,USGS,tisdale,flow,mean,5751.428571428572
45,2003,sacramento river,11390500,USGS,tisdale,flow,min,NA
46,2003,sacramento river,11390500,USGS,tisdale,flow,max,NA
46,2003,sacramento river,11390500,USGS,tisdale,flow,mean,6112.857142857143
46,2003,sacramento river,11390500,USGS,tisdale,flow,min,NA
47,2003,sacramento river,11390500,USGS,tisdale,flow,max,NA
47,2003,sacramento river,11390500,USGS,tisdale,flow,mean,4984.285714285715
47,2003,sacramento river,11390500,USGS,tisdale,flow,min,NA
48,2003,sacramento river,11390500,USGS,tisdale,flow,max,NA
48,2003,sacramento river,11390500,USGS,tisdale,flow,mean,5200
48,2003,sacramento river,11390500,USGS,tisdale,flow,min,NA
49,2003,sacramento river,11390500,USGS,tisdale,flow,max,NA
49,2003,sacramento river,11390500,USGS,tisdale,flow,mean,9828.57142857143
49,2003,sacramento river,11390500,USGS,tisdale,flow,min,NA
50,2003,sacramento river,11390500,USGS,tisdale,flow,max,NA
50,2003,sacramento river,11390500,USGS,tisdale,flow,mean,16442.85714285714
50,2003,sacramento river,11390500,USGS,tisdale,flow,min,NA
51,2003,sacramento river,11390500,USGS,tisdale,flow,max,NA
51,2003,sacramento river,11390500,USGS,tisdale,flow,mean,16600
51,2003,sacramento river,11390500,USGS,tisdale,flow,min,NA
52,2003,sacramento river,11390500,USGS,tisdale,flow,max,NA
52,2003,sacramento river,11390500,USGS,tisdale,flow,mean,24157.14285714286
52,2003,sacramento river,11390500,USGS,tisdale,flow,min,NA
53,2003,sacramento river,11390500,USGS,tisdale,flow,max,NA
53,2003,sacramento river,11390500,USGS,tisdale,flow,mean,27700
53,2003,sacramento river,11390500,USGS,tisdale,flow,min,NA
1,2004,sacramento river,11390500,USGS,tisdale,flow,max,NA
1,2004,sacramento river,11390500,USGS,tisdale,flow,mean,24757.14285714286
1,2004,sacramento river,11390500,USGS,tisdale,flow,min,NA
2,2004,sacramento river,11390500,USGS,tisdale,flow,max,NA
2,2004,sacramento river,11390500,USGS,tisdale,flow,mean,23271.428571428572
2,2004,sacramento river,11390500,USGS,tisdale,flow,min,NA
3,2004,sacramento river,11390500,USGS,tisdale,flow,max,NA
3,2004,sacramento river,11390500,USGS,tisdale,flow,mean,16071.42857142857
3,2004,sacramento river,11390500,USGS,tisdale,flow,min,NA
4,2004,sacramento river,11390500,USGS,tisdale,flow,max,NA
4,2004,sacramento river,11390500,USGS,tisdale,flow,mean,11385.714285714286
4,2004,sacramento river,11390500,USGS,tisdale,flow,min,NA
5,2004,sacramento river,11390500,USGS,tisdale,flow,max,NA
5,2004,sacramento river,11390500,USGS,tisdale,flow,mean,15042.857142857143
5,2004,sacramento river,11390500,USGS,tisdale,flow,min,NA
6,2004,sacramento river,11390500,USGS,tisdale,flow,max,NA
6,2004,sacramento river,11390500,USGS,tisdale,flow,mean,16871.428571428572
6,2004,sacramento river,11390500,USGS,tisdale,flow,min,NA
7,2004,sacramento river,11390500,USGS,tisdale,flow,max,NA
7,2004,sacramento river,11390500,USGS,tisdale,flow,mean,14957.142857142857
7,2004,sacramento river,11390500,USGS,tisdale,flow,min,NA
8,2004,sacramento river,11390500,USGS,tisdale,flow,max,NA
8,2004,sacramento river,11390500,USGS,tisdale,flow,mean,29271.428571428572
8,2004,sacramento river,11390500,USGS,tisdale,flow,min,NA
9,2004,sacramento river,11390500,USGS,tisdale,flow,max,NA
9,2004,sacramento river,11390500,USGS,tisdale,flow,mean,29142.85714285714
9,2004,sacramento river,11390500,USGS,tisdale,flow,min,NA
10,2004,sacramento river,11390500,USGS,tisdale,flow,max,NA
10,2004,sacramento river,11390500,USGS,tisdale,flow,mean,27257.14285714286
10,2004,sacramento river,11390500,USGS,tisdale,flow,min,NA
11,2004,sacramento river,11390500,USGS,tisdale,flow,max,NA
11,2004,sacramento river,11390500,USGS,tisdale,flow,mean,22142.85714285714
11,2004,sacramento river,11390500,USGS,tisdale,flow,min,NA
12,2004,sacramento river,11390500,USGS,tisdale,flow,max,NA
12,2004,sacramento river,11390500,USGS,tisdale,flow,mean,15285.714285714286
12,2004,sacramento river,11390500,USGS,tisdale,flow,min,NA
13,2004,sacramento river,11390500,USGS,tisdale,flow,max,NA
13,2004,sacramento river,11390500,USGS,tisdale,flow,mean,12285.714285714286
13,2004,sacramento river,11390500,USGS,tisdale,flow,min,NA
14,2004,sacramento river,11390500,USGS,tisdale,flow,max,NA
14,2004,sacramento river,11390500,USGS,tisdale,flow,mean,10728.57142857143
14,2004,sacramento river,11390500,USGS,tisdale,flow,min,NA
15,2004,sacramento river,11390500,USGS,tisdale,flow,max,NA
15,2004,sacramento river,11390500,USGS,tisdale,flow,mean,14842.857142857143
15,2004,sacramento river,11390500,USGS,tisdale,flow,min,NA
16,2004,sacramento river,11390500,USGS,tisdale,flow,max,NA
16,2004,sacramento river,11390500,USGS,tisdale,flow,mean,10021.42857142857
16,2004,sacramento river,11390500,USGS,tisdale,flow,min,NA
17,2004,sacramento river,11390500,USGS,tisdale,flow,max,NA
17,2004,sacramento river,11390500,USGS,tisdale,flow,mean,6465.714285714285
17,2004,sacramento river,11390500,USGS,tisdale,flow,min,NA
18,2004,sacramento river,11390500,USGS,tisdale,flow,max,NA
18,2004,sacramento river,11390500,USGS,tisdale,flow,mean,6385.714285714285
18,2004,sacramento river,11390500,USGS,tisdale,flow,min,NA
19,2004,sacramento river,11390500,USGS,tisdale,flow,max,NA
19,2004,sacramento river,11390500,USGS,tisdale,flow,mean,7620
19,2004,sacramento river,11390500,USGS,tisdale,flow,min,NA
20,2004,sacramento river,11390500,USGS,tisdale,flow,max,NA
20,2004,sacramento river,11390500,USGS,tisdale,flow,mean,6508.571428571428
20,2004,sacramento river,11390500,USGS,tisdale,flow,min,NA
21,2004,sacramento river,11390500,USGS,tisdale,flow,max,NA
21,2004,sacramento river,11390500,USGS,tisdale,flow,mean,6351.428571428572
21,2004,sacramento river,11390500,USGS,tisdale,flow,min,NA
22,2004,sacramento river,11390500,USGS,tisdale,flow,max,NA
22,2004,sacramento river,11390500,USGS,tisdale,flow,mean,7638.571428571428
22,2004,sacramento river,11390500,USGS,tisdale,flow,min,NA
23,2004,sacramento river,11390500,USGS,tisdale,flow,max,NA
23,2004,sacramento river,11390500,USGS,tisdale,flow,mean,7964.285714285715
23,2004,sacramento river,11390500,USGS,tisdale,flow,min,NA
24,2004,sacramento river,11390500,USGS,tisdale,flow,max,NA
24,2004,sacramento river,11390500,USGS,tisdale,flow,mean,9512.857142857143
24,2004,sacramento river,11390500,USGS,tisdale,flow,min,NA
25,2004,sacramento river,11390500,USGS,tisdale,flow,max,NA
25,2004,sacramento river,11390500,USGS,tisdale,flow,mean,9354.285714285714
25,2004,sacramento river,11390500,USGS,tisdale,flow,min,NA
26,2004,sacramento river,11390500,USGS,tisdale,flow,max,NA
26,2004,sacramento river,11390500,USGS,tisdale,flow,mean,9338.57142857143
26,2004,sacramento river,11390500,USGS,tisdale,flow,min,NA
27,2004,sacramento river,11390500,USGS,tisdale,flow,max,NA
27,2004,sacramento river,11390500,USGS,tisdale,flow,mean,9444.285714285714
27,2004,sacramento river,11390500,USGS,tisdale,flow,min,NA
28,2004,sacramento river,11390500,USGS,tisdale,flow,max,NA
28,2004,sacramento river,11390500,USGS,tisdale,flow,mean,9450
28,2004,sacramento river,11390500,USGS,tisdale,flow,min,NA
29,2004,sacramento river,11390500,USGS,tisdale,flow,max,NA
29,2004,sacramento river,11390500,USGS,tisdale,flow,mean,9445.714285714286
29,2004,sacramento river,11390500,USGS,tisdale,flow,min,NA
30,2004,sacramento river,11390500,USGS,tisdale,flow,max,NA
30,2004,sacramento river,11390500,USGS,tisdale,flow,mean,10117.142857142857
30,2004,sacramento river,11390500,USGS,tisdale,flow,min,NA
31,2004,sacramento river,11390500,USGS,tisdale,flow,max,NA
31,2004,sacramento river,11390500,USGS,tisdale,flow,mean,9327.142857142857
31,2004,sacramento river,11390500,USGS,tisdale,flow,min,NA
32,2004,sacramento river,11390500,USGS,tisdale,flow,max,NA
32,2004,sacramento river,11390500,USGS,tisdale,flow,mean,8535.714285714286
32,2004,sacramento river,11390500,USGS,tisdale,flow,min,NA
33,2004,sacramento river,11390500,USGS,tisdale,flow,max,NA
33,2004,sacramento river,11390500,USGS,tisdale,flow,mean,7272.857142857143
33,2004,sacramento river,11390500,USGS,tisdale,flow,min,NA
34,2004,sacramento river,11390500,USGS,tisdale,flow,max,NA
34,2004,sacramento river,11390500,USGS,tisdale,flow,mean,6887.142857142857
34,2004,sacramento river,11390500,USGS,tisdale,flow,min,NA
35,2004,sacramento river,11390500,USGS,tisdale,flow,max,NA
35,2004,sacramento river,11390500,USGS,tisdale,flow,mean,7740
35,2004,sacramento river,11390500,USGS,tisdale,flow,min,NA
36,2004,sacramento river,11390500,USGS,tisdale,flow,max,NA
36,2004,sacramento river,11390500,USGS,tisdale,flow,mean,7684.285714285715
36,2004,sacramento river,11390500,USGS,tisdale,flow,min,NA
37,2004,sacramento river,11390500,USGS,tisdale,flow,max,NA
37,2004,sacramento river,11390500,USGS,tisdale,flow,mean,8615.714285714286
37,2004,sacramento river,11390500,USGS,tisdale,flow,min,NA
38,2004,sacramento river,11390500,USGS,tisdale,flow,max,NA
38,2004,sacramento river,11390500,USGS,tisdale,flow,mean,8780
38,2004,sacramento river,11390500,USGS,tisdale,flow,min,NA
39,2004,sacramento river,11390500,USGS,tisdale,flow,max,NA
39,2004,sacramento river,11390500,USGS,tisdale,flow,mean,8174.285714285715
39,2004,sacramento river,11390500,USGS,tisdale,flow,min,NA
40,2004,sacramento river,11390500,USGS,tisdale,flow,max,NA
40,2004,sacramento river,11390500,USGS,tisdale,flow,mean,6984.285714285715
40,2004,sacramento river,11390500,USGS,tisdale,flow,min,NA
41,2004,sacramento river,11390500,USGS,tisdale,flow,max,NA
41,2004,sacramento river,11390500,USGS,tisdale,flow,mean,6358.571428571428
41,2004,sacramento river,11390500,USGS,tisdale,flow,min,NA
42,2004,sacramento river,11390500,USGS,tisdale,flow,max,NA
42,2004,sacramento river,11390500,USGS,tisdale,flow,mean,6232.857142857143
42,2004,sacramento river,11390500,USGS,tisdale,flow,min,NA
43,2004,sacramento river,11390500,USGS,tisdale,flow,max,NA
43,2004,sacramento river,11390500,USGS,tisdale,flow,mean,7134.285714285715
43,2004,sacramento river,11390500,USGS,tisdale,flow,min,NA
44,2004,sacramento river,11390500,USGS,tisdale,flow,max,NA
44,2004,sacramento river,11390500,USGS,tisdale,flow,mean,7500
44,2004,sacramento river,11390500,USGS,tisdale,flow,min,NA
45,2004,sacramento river,11390500,USGS,tisdale,flow,max,NA
45,2004,sacramento river,11390500,USGS,tisdale,flow,mean,5741.428571428572
45,2004,sacramento river,11390500,USGS,tisdale,flow,min,NA
46,2004,sacramento river,11390500,USGS,tisdale,flow,max,NA
46,2004,sacramento river,11390500,USGS,tisdale,flow,mean,5507.142857142857
46,2004,sacramento river,11390500,USGS,tisdale,flow,min,NA
47,2004,sacramento river,11390500,USGS,tisdale,flow,max,NA
47,2004,sacramento river,11390500,USGS,tisdale,flow,mean,4470
47,2004,sacramento river,11390500,USGS,tisdale,flow,min,NA
48,2004,sacramento river,11390500,USGS,tisdale,flow,max,NA
48,2004,sacramento river,11390500,USGS,tisdale,flow,mean,4542.857142857143
48,2004,sacramento river,11390500,USGS,tisdale,flow,min,NA
49,2004,sacramento river,11390500,USGS,tisdale,flow,max,NA
49,2004,sacramento river,11390500,USGS,tisdale,flow,mean,4867.142857142857
49,2004,sacramento river,11390500,USGS,tisdale,flow,min,NA
50,2004,sacramento river,11390500,USGS,tisdale,flow,max,NA
50,2004,sacramento river,11390500,USGS,tisdale,flow,mean,11357.142857142857
50,2004,sacramento river,11390500,USGS,tisdale,flow,min,NA
51,2004,sacramento river,11390500,USGS,tisdale,flow,max,NA
51,2004,sacramento river,11390500,USGS,tisdale,flow,mean,6415.714285714285
51,2004,sacramento river,11390500,USGS,tisdale,flow,min,NA
52,2004,sacramento river,11390500,USGS,tisdale,flow,max,NA
52,2004,sacramento river,11390500,USGS,tisdale,flow,mean,10721.42857142857
52,2004,sacramento river,11390500,USGS,tisdale,flow,min,NA
53,2004,sacramento river,11390500,USGS,tisdale,flow,max,NA
53,2004,sacramento river,11390500,USGS,tisdale,flow,mean,27950
53,2004,sacramento river,11390500,USGS,tisdale,flow,min,NA
1,2005,sacramento river,11390500,USGS,tisdale,flow,max,NA
1,2005,sacramento river,11390500,USGS,tisdale,flow,mean,21185.714285714286
1,2005,sacramento river,11390500,USGS,tisdale,flow,min,NA
2,2005,sacramento river,11390500,USGS,tisdale,flow,max,NA
2,2005,sacramento river,11390500,USGS,tisdale,flow,mean,20185.714285714286
2,2005,sacramento river,11390500,USGS,tisdale,flow,min,NA
3,2005,sacramento river,11390500,USGS,tisdale,flow,max,NA
3,2005,sacramento river,11390500,USGS,tisdale,flow,mean,12685.714285714286
3,2005,sacramento river,11390500,USGS,tisdale,flow,min,NA
4,2005,sacramento river,11390500,USGS,tisdale,flow,max,NA
4,2005,sacramento river,11390500,USGS,tisdale,flow,mean,13057.142857142857
4,2005,sacramento river,11390500,USGS,tisdale,flow,min,NA
5,2005,sacramento river,11390500,USGS,tisdale,flow,max,NA
5,2005,sacramento river,11390500,USGS,tisdale,flow,mean,18014.285714285714
5,2005,sacramento river,11390500,USGS,tisdale,flow,min,NA
6,2005,sacramento river,11390500,USGS,tisdale,flow,max,NA
6,2005,sacramento river,11390500,USGS,tisdale,flow,mean,10778.57142857143
6,2005,sacramento river,11390500,USGS,tisdale,flow,min,NA
7,2005,sacramento river,11390500,USGS,tisdale,flow,max,NA
7,2005,sacramento river,11390500,USGS,tisdale,flow,mean,9680
7,2005,sacramento river,11390500,USGS,tisdale,flow,min,NA
8,2005,sacramento river,11390500,USGS,tisdale,flow,max,NA
8,2005,sacramento river,11390500,USGS,tisdale,flow,mean,14400
8,2005,sacramento river,11390500,USGS,tisdale,flow,min,NA
9,2005,sacramento river,11390500,USGS,tisdale,flow,max,NA
9,2005,sacramento river,11390500,USGS,tisdale,flow,mean,16357.142857142857
9,2005,sacramento river,11390500,USGS,tisdale,flow,min,NA
10,2005,sacramento river,11390500,USGS,tisdale,flow,max,NA
10,2005,sacramento river,11390500,USGS,tisdale,flow,mean,12471.42857142857
10,2005,sacramento river,11390500,USGS,tisdale,flow,min,NA
11,2005,sacramento river,11390500,USGS,tisdale,flow,max,NA
11,2005,sacramento river,11390500,USGS,tisdale,flow,mean,9308.57142857143
11,2005,sacramento river,11390500,USGS,tisdale,flow,min,NA
12,2005,sacramento river,11390500,USGS,tisdale,flow,max,NA
12,2005,sacramento river,11390500,USGS,tisdale,flow,mean,16008.57142857143
12,2005,sacramento river,11390500,USGS,tisdale,flow,min,NA
13,2005,sacramento river,11390500,USGS,tisdale,flow,max,NA
13,2005,sacramento river,11390500,USGS,tisdale,flow,mean,18214.285714285714
13,2005,sacramento river,11390500,USGS,tisdale,flow,min,NA
14,2005,sacramento river,11390500,USGS,tisdale,flow,max,NA
14,2005,sacramento river,11390500,USGS,tisdale,flow,mean,12500
14,2005,sacramento river,11390500,USGS,tisdale,flow,min,NA
15,2005,sacramento river,11390500,USGS,tisdale,flow,max,NA
15,2005,sacramento river,11390500,USGS,tisdale,flow,mean,12900
15,2005,sacramento river,11390500,USGS,tisdale,flow,min,NA
16,2005,sacramento river,11390500,USGS,tisdale,flow,max,NA
16,2005,sacramento river,11390500,USGS,tisdale,flow,mean,9178.57142857143
16,2005,sacramento river,11390500,USGS,tisdale,flow,min,NA
17,2005,sacramento river,11390500,USGS,tisdale,flow,max,NA
17,2005,sacramento river,11390500,USGS,tisdale,flow,mean,6302.857142857143
17,2005,sacramento river,11390500,USGS,tisdale,flow,min,NA
18,2005,sacramento river,11390500,USGS,tisdale,flow,max,NA
18,2005,sacramento river,11390500,USGS,tisdale,flow,mean,5568.571428571428
18,2005,sacramento river,11390500,USGS,tisdale,flow,min,NA
19,2005,sacramento river,11390500,USGS,tisdale,flow,max,NA
19,2005,sacramento river,11390500,USGS,tisdale,flow,mean,18342.85714285714
19,2005,sacramento river,11390500,USGS,tisdale,flow,min,NA
20,2005,sacramento river,11390500,USGS,tisdale,flow,max,NA
20,2005,sacramento river,11390500,USGS,tisdale,flow,mean,25671.428571428572
20,2005,sacramento river,11390500,USGS,tisdale,flow,min,NA
21,2005,sacramento river,11390500,USGS,tisdale,flow,max,NA
21,2005,sacramento river,11390500,USGS,tisdale,flow,mean,25542.85714285714
21,2005,sacramento river,11390500,USGS,tisdale,flow,min,NA
22,2005,sacramento river,11390500,USGS,tisdale,flow,max,NA
22,2005,sacramento river,11390500,USGS,tisdale,flow,mean,15785.714285714286
22,2005,sacramento river,11390500,USGS,tisdale,flow,min,NA
23,2005,sacramento river,11390500,USGS,tisdale,flow,max,NA
23,2005,sacramento river,11390500,USGS,tisdale,flow,mean,11357.142857142857
23,2005,sacramento river,11390500,USGS,tisdale,flow,min,NA
24,2005,sacramento river,11390500,USGS,tisdale,flow,max,NA
24,2005,sacramento river,11390500,USGS,tisdale,flow,mean,11085.714285714286
24,2005,sacramento river,11390500,USGS,tisdale,flow,min,NA
25,2005,sacramento river,11390500,USGS,tisdale,flow,max,NA
25,2005,sacramento river,11390500,USGS,tisdale,flow,mean,9901.42857142857
25,2005,sacramento river,11390500,USGS,tisdale,flow,min,NA
26,2005,sacramento river,11390500,USGS,tisdale,flow,max,NA
26,2005,sacramento river,11390500,USGS,tisdale,flow,mean,9820
26,2005,sacramento river,11390500,USGS,tisdale,flow,min,NA
27,2005,sacramento river,11390500,USGS,tisdale,flow,max,NA
27,2005,sacramento river,11390500,USGS,tisdale,flow,mean,9691.42857142857
27,2005,sacramento river,11390500,USGS,tisdale,flow,min,NA
28,2005,sacramento river,11390500,USGS,tisdale,flow,max,NA
28,2005,sacramento river,11390500,USGS,tisdale,flow,mean,9517.142857142857
28,2005,sacramento river,11390500,USGS,tisdale,flow,min,NA
29,2005,sacramento river,11390500,USGS,tisdale,flow,max,NA
29,2005,sacramento river,11390500,USGS,tisdale,flow,mean,9900
29,2005,sacramento river,11390500,USGS,tisdale,flow,min,NA
30,2005,sacramento river,11390500,USGS,tisdale,flow,max,NA
30,2005,sacramento river,11390500,USGS,tisdale,flow,mean,9261.42857142857
30,2005,sacramento river,11390500,USGS,tisdale,flow,min,NA
31,2005,sacramento river,11390500,USGS,tisdale,flow,max,NA
31,2005,sacramento river,11390500,USGS,tisdale,flow,mean,7960
31,2005,sacramento river,11390500,USGS,tisdale,flow,min,NA
32,2005,sacramento river,11390500,USGS,tisdale,flow,max,NA
32,2005,sacramento river,11390500,USGS,tisdale,flow,mean,7064.285714285715
32,2005,sacramento river,11390500,USGS,tisdale,flow,min,NA
33,2005,sacramento river,11390500,USGS,tisdale,flow,max,NA
33,2005,sacramento river,11390500,USGS,tisdale,flow,mean,5821.428571428572
33,2005,sacramento river,11390500,USGS,tisdale,flow,min,NA
34,2005,sacramento river,11390500,USGS,tisdale,flow,max,NA
34,2005,sacramento river,11390500,USGS,tisdale,flow,mean,6424.285714285715
34,2005,sacramento river,11390500,USGS,tisdale,flow,min,NA
35,2005,sacramento river,11390500,USGS,tisdale,flow,max,NA
35,2005,sacramento river,11390500,USGS,tisdale,flow,mean,6795.714285714285
35,2005,sacramento river,11390500,USGS,tisdale,flow,min,NA
36,2005,sacramento river,11390500,USGS,tisdale,flow,max,NA
36,2005,sacramento river,11390500,USGS,tisdale,flow,mean,7180
36,2005,sacramento river,11390500,USGS,tisdale,flow,min,NA
37,2005,sacramento river,11390500,USGS,tisdale,flow,max,NA
37,2005,sacramento river,11390500,USGS,tisdale,flow,mean,7555.714285714285
37,2005,sacramento river,11390500,USGS,tisdale,flow,min,NA
38,2005,sacramento river,11390500,USGS,tisdale,flow,max,NA
38,2005,sacramento river,11390500,USGS,tisdale,flow,mean,7782.857142857143
38,2005,sacramento river,11390500,USGS,tisdale,flow,min,NA
39,2005,sacramento river,11390500,USGS,tisdale,flow,max,NA
39,2005,sacramento river,11390500,USGS,tisdale,flow,mean,8012.857142857143
39,2005,sacramento river,11390500,USGS,tisdale,flow,min,NA
40,2005,sacramento river,11390500,USGS,tisdale,flow,max,NA
40,2005,sacramento river,11390500,USGS,tisdale,flow,mean,7795.714285714285
40,2005,sacramento river,11390500,USGS,tisdale,flow,min,NA
41,2005,sacramento river,11390500,USGS,tisdale,flow,max,NA
41,2005,sacramento river,11390500,USGS,tisdale,flow,mean,7707.142857142857
41,2005,sacramento river,11390500,USGS,tisdale,flow,min,NA
42,2005,sacramento river,11390500,USGS,tisdale,flow,max,NA
42,2005,sacramento river,11390500,USGS,tisdale,flow,mean,6664.285714285715
42,2005,sacramento river,11390500,USGS,tisdale,flow,min,NA
43,2005,sacramento river,11390500,USGS,tisdale,flow,max,NA
43,2005,sacramento river,11390500,USGS,tisdale,flow,mean,5558.571428571428
43,2005,sacramento river,11390500,USGS,tisdale,flow,min,NA
44,2005,sacramento river,11390500,USGS,tisdale,flow,max,NA
44,2005,sacramento river,11390500,USGS,tisdale,flow,mean,5750
44,2005,sacramento river,11390500,USGS,tisdale,flow,min,NA
45,2005,sacramento river,11390500,USGS,tisdale,flow,max,NA
45,2005,sacramento river,11390500,USGS,tisdale,flow,mean,6588.571428571428
45,2005,sacramento river,11390500,USGS,tisdale,flow,min,NA
46,2005,sacramento river,11390500,USGS,tisdale,flow,max,NA
46,2005,sacramento river,11390500,USGS,tisdale,flow,mean,5518.571428571428
46,2005,sacramento river,11390500,USGS,tisdale,flow,min,NA
47,2005,sacramento river,11390500,USGS,tisdale,flow,max,NA
47,2005,sacramento river,11390500,USGS,tisdale,flow,mean,5155.714285714285
47,2005,sacramento river,11390500,USGS,tisdale,flow,min,NA
48,2005,sacramento river,11390500,USGS,tisdale,flow,max,NA
48,2005,sacramento river,11390500,USGS,tisdale,flow,mean,7058.571428571428
48,2005,sacramento river,11390500,USGS,tisdale,flow,min,NA
49,2005,sacramento river,11390500,USGS,tisdale,flow,max,NA
49,2005,sacramento river,11390500,USGS,tisdale,flow,mean,11110
49,2005,sacramento river,11390500,USGS,tisdale,flow,min,NA
50,2005,sacramento river,11390500,USGS,tisdale,flow,max,NA
50,2005,sacramento river,11390500,USGS,tisdale,flow,mean,6580
50,2005,sacramento river,11390500,USGS,tisdale,flow,min,NA
51,2005,sacramento river,11390500,USGS,tisdale,flow,max,NA
51,2005,sacramento river,11390500,USGS,tisdale,flow,mean,16184.285714285714
51,2005,sacramento river,11390500,USGS,tisdale,flow,min,NA
52,2005,sacramento river,11390500,USGS,tisdale,flow,max,NA
52,2005,sacramento river,11390500,USGS,tisdale,flow,mean,27100
52,2005,sacramento river,11390500,USGS,tisdale,flow,min,NA
53,2005,sacramento river,11390500,USGS,tisdale,flow,max,NA
53,2005,sacramento river,11390500,USGS,tisdale,flow,mean,30700
53,2005,sacramento river,11390500,USGS,tisdale,flow,min,NA
1,2006,sacramento river,11390500,USGS,tisdale,flow,max,NA
1,2006,sacramento river,11390500,USGS,tisdale,flow,mean,30985.714285714286
1,2006,sacramento river,11390500,USGS,tisdale,flow,min,NA
2,2006,sacramento river,11390500,USGS,tisdale,flow,max,NA
2,2006,sacramento river,11390500,USGS,tisdale,flow,mean,28985.714285714286
2,2006,sacramento river,11390500,USGS,tisdale,flow,min,NA
3,2006,sacramento river,11390500,USGS,tisdale,flow,max,NA
3,2006,sacramento river,11390500,USGS,tisdale,flow,mean,27614.285714285714
3,2006,sacramento river,11390500,USGS,tisdale,flow,min,NA
4,2006,sacramento river,11390500,USGS,tisdale,flow,max,NA
4,2006,sacramento river,11390500,USGS,tisdale,flow,mean,21114.285714285714
4,2006,sacramento river,11390500,USGS,tisdale,flow,min,NA
5,2006,sacramento river,11390500,USGS,tisdale,flow,max,NA
5,2006,sacramento river,11390500,USGS,tisdale,flow,mean,23842.85714285714
5,2006,sacramento river,11390500,USGS,tisdale,flow,min,NA
6,2006,sacramento river,11390500,USGS,tisdale,flow,max,NA
6,2006,sacramento river,11390500,USGS,tisdale,flow,mean,26528.571428571428
6,2006,sacramento river,11390500,USGS,tisdale,flow,min,NA
7,2006,sacramento river,11390500,USGS,tisdale,flow,max,NA
7,2006,sacramento river,11390500,USGS,tisdale,flow,mean,20057.14285714286
7,2006,sacramento river,11390500,USGS,tisdale,flow,min,NA
8,2006,sacramento river,11390500,USGS,tisdale,flow,max,NA
8,2006,sacramento river,11390500,USGS,tisdale,flow,mean,13171.42857142857
8,2006,sacramento river,11390500,USGS,tisdale,flow,min,NA
9,2006,sacramento river,11390500,USGS,tisdale,flow,max,NA
9,2006,sacramento river,11390500,USGS,tisdale,flow,mean,21614.285714285714
9,2006,sacramento river,11390500,USGS,tisdale,flow,min,NA
10,2006,sacramento river,11390500,USGS,tisdale,flow,max,NA
10,2006,sacramento river,11390500,USGS,tisdale,flow,mean,28957.14285714286
10,2006,sacramento river,11390500,USGS,tisdale,flow,min,NA
11,2006,sacramento river,11390500,USGS,tisdale,flow,max,NA
11,2006,sacramento river,11390500,USGS,tisdale,flow,mean,28100
11,2006,sacramento river,11390500,USGS,tisdale,flow,min,NA
12,2006,sacramento river,11390500,USGS,tisdale,flow,max,NA
12,2006,sacramento river,11390500,USGS,tisdale,flow,mean,27471.428571428572
12,2006,sacramento river,11390500,USGS,tisdale,flow,min,NA
13,2006,sacramento river,11390500,USGS,tisdale,flow,max,NA
13,2006,sacramento river,11390500,USGS,tisdale,flow,mean,27642.85714285714
13,2006,sacramento river,11390500,USGS,tisdale,flow,min,NA
14,2006,sacramento river,11390500,USGS,tisdale,flow,max,NA
14,2006,sacramento river,11390500,USGS,tisdale,flow,mean,28728.571428571428
14,2006,sacramento river,11390500,USGS,tisdale,flow,min,NA
15,2006,sacramento river,11390500,USGS,tisdale,flow,max,NA
15,2006,sacramento river,11390500,USGS,tisdale,flow,mean,29000
15,2006,sacramento river,11390500,USGS,tisdale,flow,min,NA
16,2006,sacramento river,11390500,USGS,tisdale,flow,max,NA
16,2006,sacramento river,11390500,USGS,tisdale,flow,mean,28500
16,2006,sacramento river,11390500,USGS,tisdale,flow,min,NA
17,2006,sacramento river,11390500,USGS,tisdale,flow,max,NA
17,2006,sacramento river,11390500,USGS,tisdale,flow,mean,26571.428571428572
17,2006,sacramento river,11390500,USGS,tisdale,flow,min,NA
18,2006,sacramento river,11390500,USGS,tisdale,flow,max,NA
18,2006,sacramento river,11390500,USGS,tisdale,flow,mean,23457.14285714286
18,2006,sacramento river,11390500,USGS,tisdale,flow,min,NA
19,2006,sacramento river,11390500,USGS,tisdale,flow,max,NA
19,2006,sacramento river,11390500,USGS,tisdale,flow,mean,19171.428571428572
19,2006,sacramento river,11390500,USGS,tisdale,flow,min,NA
20,2006,sacramento river,11390500,USGS,tisdale,flow,max,NA
20,2006,sacramento river,11390500,USGS,tisdale,flow,mean,16100
20,2006,sacramento river,11390500,USGS,tisdale,flow,min,NA
21,2006,sacramento river,11390500,USGS,tisdale,flow,max,NA
21,2006,sacramento river,11390500,USGS,tisdale,flow,mean,17442.85714285714
21,2006,sacramento river,11390500,USGS,tisdale,flow,min,NA
22,2006,sacramento river,11390500,USGS,tisdale,flow,max,NA
22,2006,sacramento river,11390500,USGS,tisdale,flow,mean,14514.285714285714
22,2006,sacramento river,11390500,USGS,tisdale,flow,min,NA
23,2006,sacramento river,11390500,USGS,tisdale,flow,max,NA
23,2006,sacramento river,11390500,USGS,tisdale,flow,mean,13714.285714285714
23,2006,sacramento river,11390500,USGS,tisdale,flow,min,NA
24,2006,sacramento river,11390500,USGS,tisdale,flow,max,NA
24,2006,sacramento river,11390500,USGS,tisdale,flow,mean,12971.42857142857
24,2006,sacramento river,11390500,USGS,tisdale,flow,min,NA
25,2006,sacramento river,11390500,USGS,tisdale,flow,max,NA
25,2006,sacramento river,11390500,USGS,tisdale,flow,mean,11714.285714285714
25,2006,sacramento river,11390500,USGS,tisdale,flow,min,NA
26,2006,sacramento river,11390500,USGS,tisdale,flow,max,NA
26,2006,sacramento river,11390500,USGS,tisdale,flow,mean,10211.42857142857
26,2006,sacramento river,11390500,USGS,tisdale,flow,min,NA
27,2006,sacramento river,11390500,USGS,tisdale,flow,max,NA
27,2006,sacramento river,11390500,USGS,tisdale,flow,mean,9411.42857142857
27,2006,sacramento river,11390500,USGS,tisdale,flow,min,NA
28,2006,sacramento river,11390500,USGS,tisdale,flow,max,NA
28,2006,sacramento river,11390500,USGS,tisdale,flow,mean,9087.142857142857
28,2006,sacramento river,11390500,USGS,tisdale,flow,min,NA
29,2006,sacramento river,11390500,USGS,tisdale,flow,max,NA
29,2006,sacramento river,11390500,USGS,tisdale,flow,mean,9852.857142857143
29,2006,sacramento river,11390500,USGS,tisdale,flow,min,NA
30,2006,sacramento river,11390500,USGS,tisdale,flow,max,NA
30,2006,sacramento river,11390500,USGS,tisdale,flow,mean,10328.57142857143
30,2006,sacramento river,11390500,USGS,tisdale,flow,min,NA
31,2006,sacramento river,11390500,USGS,tisdale,flow,max,NA
31,2006,sacramento river,11390500,USGS,tisdale,flow,mean,10060
31,2006,sacramento river,11390500,USGS,tisdale,flow,min,NA
32,2006,sacramento river,11390500,USGS,tisdale,flow,max,NA
32,2006,sacramento river,11390500,USGS,tisdale,flow,mean,9874.285714285714
32,2006,sacramento river,11390500,USGS,tisdale,flow,min,NA
33,2006,sacramento river,11390500,USGS,tisdale,flow,max,NA
33,2006,sacramento river,11390500,USGS,tisdale,flow,mean,9377.142857142857
33,2006,sacramento river,11390500,USGS,tisdale,flow,min,NA
34,2006,sacramento river,11390500,USGS,tisdale,flow,max,NA
34,2006,sacramento river,11390500,USGS,tisdale,flow,mean,9400
34,2006,sacramento river,11390500,USGS,tisdale,flow,min,NA
35,2006,sacramento river,11390500,USGS,tisdale,flow,max,NA
35,2006,sacramento river,11390500,USGS,tisdale,flow,mean,8474.285714285714
35,2006,sacramento river,11390500,USGS,tisdale,flow,min,NA
36,2006,sacramento river,11390500,USGS,tisdale,flow,max,NA
36,2006,sacramento river,11390500,USGS,tisdale,flow,mean,8832.857142857143
36,2006,sacramento river,11390500,USGS,tisdale,flow,min,NA
37,2006,sacramento river,11390500,USGS,tisdale,flow,max,NA
37,2006,sacramento river,11390500,USGS,tisdale,flow,mean,9197.142857142857
37,2006,sacramento river,11390500,USGS,tisdale,flow,min,NA
38,2006,sacramento river,11390500,USGS,tisdale,flow,max,NA
38,2006,sacramento river,11390500,USGS,tisdale,flow,mean,9335.714285714286
38,2006,sacramento river,11390500,USGS,tisdale,flow,min,NA
39,2006,sacramento river,11390500,USGS,tisdale,flow,max,NA
39,2006,sacramento river,11390500,USGS,tisdale,flow,mean,8491.42857142857
39,2006,sacramento river,11390500,USGS,tisdale,flow,min,NA
40,2006,sacramento river,11390500,USGS,tisdale,flow,max,NA
40,2006,sacramento river,11390500,USGS,tisdale,flow,mean,7875.714285714285
40,2006,sacramento river,11390500,USGS,tisdale,flow,min,NA
41,2006,sacramento river,11390500,USGS,tisdale,flow,max,NA
41,2006,sacramento river,11390500,USGS,tisdale,flow,mean,7107.142857142857
41,2006,sacramento river,11390500,USGS,tisdale,flow,min,NA
42,2006,sacramento river,11390500,USGS,tisdale,flow,max,NA
42,2006,sacramento river,11390500,USGS,tisdale,flow,mean,6064.285714285715
42,2006,sacramento river,11390500,USGS,tisdale,flow,min,NA
43,2006,sacramento river,11390500,USGS,tisdale,flow,max,NA
43,2006,sacramento river,11390500,USGS,tisdale,flow,mean,5475.714285714285
43,2006,sacramento river,11390500,USGS,tisdale,flow,min,NA
44,2006,sacramento river,11390500,USGS,tisdale,flow,max,NA
44,2006,sacramento river,11390500,USGS,tisdale,flow,mean,5091.428571428572
44,2006,sacramento river,11390500,USGS,tisdale,flow,min,NA
45,2006,sacramento river,11390500,USGS,tisdale,flow,max,NA
45,2006,sacramento river,11390500,USGS,tisdale,flow,mean,5181.428571428572
45,2006,sacramento river,11390500,USGS,tisdale,flow,min,NA
46,2006,sacramento river,11390500,USGS,tisdale,flow,max,NA
46,2006,sacramento river,11390500,USGS,tisdale,flow,mean,6172.857142857143
46,2006,sacramento river,11390500,USGS,tisdale,flow,min,NA
47,2006,sacramento river,11390500,USGS,tisdale,flow,max,NA
47,2006,sacramento river,11390500,USGS,tisdale,flow,mean,6131.428571428572
47,2006,sacramento river,11390500,USGS,tisdale,flow,min,NA
48,2006,sacramento river,11390500,USGS,tisdale,flow,max,NA
48,2006,sacramento river,11390500,USGS,tisdale,flow,mean,6622.857142857143
48,2006,sacramento river,11390500,USGS,tisdale,flow,min,NA
49,2006,sacramento river,11390500,USGS,tisdale,flow,max,NA
49,2006,sacramento river,11390500,USGS,tisdale,flow,mean,6312.857142857143
49,2006,sacramento river,11390500,USGS,tisdale,flow,min,NA
50,2006,sacramento river,11390500,USGS,tisdale,flow,max,NA
50,2006,sacramento river,11390500,USGS,tisdale,flow,mean,11392.857142857143
50,2006,sacramento river,11390500,USGS,tisdale,flow,min,NA
51,2006,sacramento river,11390500,USGS,tisdale,flow,max,NA
51,2006,sacramento river,11390500,USGS,tisdale,flow,mean,10230
51,2006,sacramento river,11390500,USGS,tisdale,flow,min,NA
52,2006,sacramento river,11390500,USGS,tisdale,flow,max,NA
52,2006,sacramento river,11390500,USGS,tisdale,flow,mean,12464.285714285714
52,2006,sacramento river,11390500,USGS,tisdale,flow,min,NA
53,2006,sacramento river,11390500,USGS,tisdale,flow,max,NA
53,2006,sacramento river,11390500,USGS,tisdale,flow,mean,11500
53,2006,sacramento river,11390500,USGS,tisdale,flow,min,NA
1,2007,sacramento river,11390500,USGS,tisdale,flow,max,NA
1,2007,sacramento river,11390500,USGS,tisdale,flow,mean,9718.57142857143
1,2007,sacramento river,11390500,USGS,tisdale,flow,min,NA
2,2007,sacramento river,11390500,USGS,tisdale,flow,max,NA
2,2007,sacramento river,11390500,USGS,tisdale,flow,mean,8431.42857142857
2,2007,sacramento river,11390500,USGS,tisdale,flow,min,NA
3,2007,sacramento river,11390500,USGS,tisdale,flow,max,NA
3,2007,sacramento river,11390500,USGS,tisdale,flow,mean,7175.714285714285
3,2007,sacramento river,11390500,USGS,tisdale,flow,min,NA
4,2007,sacramento river,11390500,USGS,tisdale,flow,max,NA
4,2007,sacramento river,11390500,USGS,tisdale,flow,mean,6424.285714285715
4,2007,sacramento river,11390500,USGS,tisdale,flow,min,NA
5,2007,sacramento river,11390500,USGS,tisdale,flow,max,NA
5,2007,sacramento river,11390500,USGS,tisdale,flow,mean,6827.142857142857
5,2007,sacramento river,11390500,USGS,tisdale,flow,min,NA
6,2007,sacramento river,11390500,USGS,tisdale,flow,max,NA
6,2007,sacramento river,11390500,USGS,tisdale,flow,mean,10037.142857142857
6,2007,sacramento river,11390500,USGS,tisdale,flow,min,NA
7,2007,sacramento river,11390500,USGS,tisdale,flow,max,NA
7,2007,sacramento river,11390500,USGS,tisdale,flow,mean,17300
7,2007,sacramento river,11390500,USGS,tisdale,flow,min,NA
8,2007,sacramento river,11390500,USGS,tisdale,flow,max,NA
8,2007,sacramento river,11390500,USGS,tisdale,flow,mean,11785.714285714286
8,2007,sacramento river,11390500,USGS,tisdale,flow,min,NA
9,2007,sacramento river,11390500,USGS,tisdale,flow,max,NA
9,2007,sacramento river,11390500,USGS,tisdale,flow,mean,13371.42857142857
9,2007,sacramento river,11390500,USGS,tisdale,flow,min,NA
10,2007,sacramento river,11390500,USGS,tisdale,flow,max,NA
10,2007,sacramento river,11390500,USGS,tisdale,flow,mean,10098.57142857143
10,2007,sacramento river,11390500,USGS,tisdale,flow,min,NA
11,2007,sacramento river,11390500,USGS,tisdale,flow,max,NA
11,2007,sacramento river,11390500,USGS,tisdale,flow,mean,8940
11,2007,sacramento river,11390500,USGS,tisdale,flow,min,NA
12,2007,sacramento river,11390500,USGS,tisdale,flow,max,NA
12,2007,sacramento river,11390500,USGS,tisdale,flow,mean,7838.571428571428
12,2007,sacramento river,11390500,USGS,tisdale,flow,min,NA
13,2007,sacramento river,11390500,USGS,tisdale,flow,max,NA
13,2007,sacramento river,11390500,USGS,tisdale,flow,mean,7692.857142857143
13,2007,sacramento river,11390500,USGS,tisdale,flow,min,NA
14,2007,sacramento river,11390500,USGS,tisdale,flow,max,NA
14,2007,sacramento river,11390500,USGS,tisdale,flow,mean,7718.571428571428
14,2007,sacramento river,11390500,USGS,tisdale,flow,min,NA
15,2007,sacramento river,11390500,USGS,tisdale,flow,max,NA
15,2007,sacramento river,11390500,USGS,tisdale,flow,mean,7542.857142857143
15,2007,sacramento river,11390500,USGS,tisdale,flow,min,NA
16,2007,sacramento river,11390500,USGS,tisdale,flow,max,NA
16,2007,sacramento river,11390500,USGS,tisdale,flow,mean,6805.714285714285
16,2007,sacramento river,11390500,USGS,tisdale,flow,min,NA
17,2007,sacramento river,11390500,USGS,tisdale,flow,max,NA
17,2007,sacramento river,11390500,USGS,tisdale,flow,mean,6210
17,2007,sacramento river,11390500,USGS,tisdale,flow,min,NA
18,2007,sacramento river,11390500,USGS,tisdale,flow,max,NA
18,2007,sacramento river,11390500,USGS,tisdale,flow,mean,5508.571428571428
18,2007,sacramento river,11390500,USGS,tisdale,flow,min,NA
19,2007,sacramento river,11390500,USGS,tisdale,flow,max,NA
19,2007,sacramento river,11390500,USGS,tisdale,flow,mean,5412.857142857143
19,2007,sacramento river,11390500,USGS,tisdale,flow,min,NA
20,2007,sacramento river,11390500,USGS,tisdale,flow,max,NA
20,2007,sacramento river,11390500,USGS,tisdale,flow,mean,5578.571428571428
20,2007,sacramento river,11390500,USGS,tisdale,flow,min,NA
21,2007,sacramento river,11390500,USGS,tisdale,flow,max,NA
21,2007,sacramento river,11390500,USGS,tisdale,flow,mean,5268.571428571428
21,2007,sacramento river,11390500,USGS,tisdale,flow,min,NA
22,2007,sacramento river,11390500,USGS,tisdale,flow,max,NA
22,2007,sacramento river,11390500,USGS,tisdale,flow,mean,5644.285714285715
22,2007,sacramento river,11390500,USGS,tisdale,flow,min,NA
23,2007,sacramento river,11390500,USGS,tisdale,flow,max,NA
23,2007,sacramento river,11390500,USGS,tisdale,flow,mean,6701.428571428572
23,2007,sacramento river,11390500,USGS,tisdale,flow,min,NA
24,2007,sacramento river,11390500,USGS,tisdale,flow,max,NA
24,2007,sacramento river,11390500,USGS,tisdale,flow,mean,6178.571428571428
24,2007,sacramento river,11390500,USGS,tisdale,flow,min,NA
25,2007,sacramento river,11390500,USGS,tisdale,flow,max,NA
25,2007,sacramento river,11390500,USGS,tisdale,flow,mean,6514.285714285715
25,2007,sacramento river,11390500,USGS,tisdale,flow,min,NA
26,2007,sacramento river,11390500,USGS,tisdale,flow,max,NA
26,2007,sacramento river,11390500,USGS,tisdale,flow,mean,7397.142857142857
26,2007,sacramento river,11390500,USGS,tisdale,flow,min,NA
27,2007,sacramento river,11390500,USGS,tisdale,flow,max,NA
27,2007,sacramento river,11390500,USGS,tisdale,flow,mean,8642.857142857143
27,2007,sacramento river,11390500,USGS,tisdale,flow,min,NA
28,2007,sacramento river,11390500,USGS,tisdale,flow,max,NA
28,2007,sacramento river,11390500,USGS,tisdale,flow,mean,9107.142857142857
28,2007,sacramento river,11390500,USGS,tisdale,flow,min,NA
29,2007,sacramento river,11390500,USGS,tisdale,flow,max,NA
29,2007,sacramento river,11390500,USGS,tisdale,flow,mean,9835.714285714286
29,2007,sacramento river,11390500,USGS,tisdale,flow,min,NA
30,2007,sacramento river,11390500,USGS,tisdale,flow,max,NA
30,2007,sacramento river,11390500,USGS,tisdale,flow,mean,9742.857142857143
30,2007,sacramento river,11390500,USGS,tisdale,flow,min,NA
31,2007,sacramento river,11390500,USGS,tisdale,flow,max,NA
31,2007,sacramento river,11390500,USGS,tisdale,flow,mean,8262.857142857143
31,2007,sacramento river,11390500,USGS,tisdale,flow,min,NA
32,2007,sacramento river,11390500,USGS,tisdale,flow,max,NA
32,2007,sacramento river,11390500,USGS,tisdale,flow,mean,8390
32,2007,sacramento river,11390500,USGS,tisdale,flow,min,NA
33,2007,sacramento river,11390500,USGS,tisdale,flow,max,NA
33,2007,sacramento river,11390500,USGS,tisdale,flow,mean,7965.714285714285
33,2007,sacramento river,11390500,USGS,tisdale,flow,min,NA
34,2007,sacramento river,11390500,USGS,tisdale,flow,max,NA
34,2007,sacramento river,11390500,USGS,tisdale,flow,mean,6772.857142857143
34,2007,sacramento river,11390500,USGS,tisdale,flow,min,NA
35,2007,sacramento river,11390500,USGS,tisdale,flow,max,NA
35,2007,sacramento river,11390500,USGS,tisdale,flow,mean,6704.285714285715
35,2007,sacramento river,11390500,USGS,tisdale,flow,min,NA
36,2007,sacramento river,11390500,USGS,tisdale,flow,max,NA
36,2007,sacramento river,11390500,USGS,tisdale,flow,mean,7520
36,2007,sacramento river,11390500,USGS,tisdale,flow,min,NA
37,2007,sacramento river,11390500,USGS,tisdale,flow,max,NA
37,2007,sacramento river,11390500,USGS,tisdale,flow,mean,7654.285714285715
37,2007,sacramento river,11390500,USGS,tisdale,flow,min,NA
38,2007,sacramento river,11390500,USGS,tisdale,flow,max,NA
38,2007,sacramento river,11390500,USGS,tisdale,flow,mean,7500
38,2007,sacramento river,11390500,USGS,tisdale,flow,min,NA
39,2007,sacramento river,11390500,USGS,tisdale,flow,max,NA
39,2007,sacramento river,11390500,USGS,tisdale,flow,mean,7622.857142857143
39,2007,sacramento river,11390500,USGS,tisdale,flow,min,NA
40,2007,sacramento river,11390500,USGS,tisdale,flow,max,NA
40,2007,sacramento river,11390500,USGS,tisdale,flow,mean,6954.285714285715
40,2007,sacramento river,11390500,USGS,tisdale,flow,min,NA
41,2007,sacramento river,11390500,USGS,tisdale,flow,max,NA
41,2007,sacramento river,11390500,USGS,tisdale,flow,mean,6064.285714285715
41,2007,sacramento river,11390500,USGS,tisdale,flow,min,NA
42,2007,sacramento river,11390500,USGS,tisdale,flow,max,NA
42,2007,sacramento river,11390500,USGS,tisdale,flow,mean,5954.285714285715
42,2007,sacramento river,11390500,USGS,tisdale,flow,min,NA
43,2007,sacramento river,11390500,USGS,tisdale,flow,max,NA
43,2007,sacramento river,11390500,USGS,tisdale,flow,mean,5632.857142857143
43,2007,sacramento river,11390500,USGS,tisdale,flow,min,NA
44,2007,sacramento river,11390500,USGS,tisdale,flow,max,NA
44,2007,sacramento river,11390500,USGS,tisdale,flow,mean,4940
44,2007,sacramento river,11390500,USGS,tisdale,flow,min,NA
45,2007,sacramento river,11390500,USGS,tisdale,flow,max,NA
45,2007,sacramento river,11390500,USGS,tisdale,flow,mean,4508.571428571428
45,2007,sacramento river,11390500,USGS,tisdale,flow,min,NA
46,2007,sacramento river,11390500,USGS,tisdale,flow,max,NA
46,2007,sacramento river,11390500,USGS,tisdale,flow,mean,5457.142857142857
46,2007,sacramento river,11390500,USGS,tisdale,flow,min,NA
47,2007,sacramento river,11390500,USGS,tisdale,flow,max,NA
47,2007,sacramento river,11390500,USGS,tisdale,flow,mean,5764.285714285715
47,2007,sacramento river,11390500,USGS,tisdale,flow,min,NA
48,2007,sacramento river,11390500,USGS,tisdale,flow,max,NA
48,2007,sacramento river,11390500,USGS,tisdale,flow,mean,5534.285714285715
48,2007,sacramento river,11390500,USGS,tisdale,flow,min,NA
49,2007,sacramento river,11390500,USGS,tisdale,flow,max,NA
49,2007,sacramento river,11390500,USGS,tisdale,flow,mean,6467.142857142857
49,2007,sacramento river,11390500,USGS,tisdale,flow,min,NA
50,2007,sacramento river,11390500,USGS,tisdale,flow,max,NA
50,2007,sacramento river,11390500,USGS,tisdale,flow,mean,5900
50,2007,sacramento river,11390500,USGS,tisdale,flow,min,NA
51,2007,sacramento river,11390500,USGS,tisdale,flow,max,NA
51,2007,sacramento river,11390500,USGS,tisdale,flow,mean,7621.428571428572
51,2007,sacramento river,11390500,USGS,tisdale,flow,min,NA
52,2007,sacramento river,11390500,USGS,tisdale,flow,max,NA
52,2007,sacramento river,11390500,USGS,tisdale,flow,mean,6738.571428571428
52,2007,sacramento river,11390500,USGS,tisdale,flow,min,NA
53,2007,sacramento river,11390500,USGS,tisdale,flow,max,NA
53,2007,sacramento river,11390500,USGS,tisdale,flow,mean,6450
53,2007,sacramento river,11390500,USGS,tisdale,flow,min,NA
1,2008,sacramento river,11390500,USGS,tisdale,flow,max,NA
1,2008,sacramento river,11390500,USGS,tisdale,flow,mean,11954.285714285714
1,2008,sacramento river,11390500,USGS,tisdale,flow,min,NA
2,2008,sacramento river,11390500,USGS,tisdale,flow,max,NA
2,2008,sacramento river,11390500,USGS,tisdale,flow,mean,14300
2,2008,sacramento river,11390500,USGS,tisdale,flow,min,NA
3,2008,sacramento river,11390500,USGS,tisdale,flow,max,NA
3,2008,sacramento river,11390500,USGS,tisdale,flow,mean,8665.714285714286
3,2008,sacramento river,11390500,USGS,tisdale,flow,min,NA
4,2008,sacramento river,11390500,USGS,tisdale,flow,max,NA
4,2008,sacramento river,11390500,USGS,tisdale,flow,mean,13507.142857142857
4,2008,sacramento river,11390500,USGS,tisdale,flow,min,NA
5,2008,sacramento river,11390500,USGS,tisdale,flow,max,NA
5,2008,sacramento river,11390500,USGS,tisdale,flow,mean,22585.714285714286
5,2008,sacramento river,11390500,USGS,tisdale,flow,min,NA
6,2008,sacramento river,11390500,USGS,tisdale,flow,max,NA
6,2008,sacramento river,11390500,USGS,tisdale,flow,mean,15671.42857142857
6,2008,sacramento river,11390500,USGS,tisdale,flow,min,NA
7,2008,sacramento river,11390500,USGS,tisdale,flow,max,NA
7,2008,sacramento river,11390500,USGS,tisdale,flow,mean,10805.714285714286
7,2008,sacramento river,11390500,USGS,tisdale,flow,min,NA
8,2008,sacramento river,11390500,USGS,tisdale,flow,max,NA
8,2008,sacramento river,11390500,USGS,tisdale,flow,mean,13007.142857142857
8,2008,sacramento river,11390500,USGS,tisdale,flow,min,NA
9,2008,sacramento river,11390500,USGS,tisdale,flow,max,NA
9,2008,sacramento river,11390500,USGS,tisdale,flow,mean,17785.714285714286
9,2008,sacramento river,11390500,USGS,tisdale,flow,min,NA
10,2008,sacramento river,11390500,USGS,tisdale,flow,max,NA
10,2008,sacramento river,11390500,USGS,tisdale,flow,mean,10270
10,2008,sacramento river,11390500,USGS,tisdale,flow,min,NA
11,2008,sacramento river,11390500,USGS,tisdale,flow,max,NA
11,2008,sacramento river,11390500,USGS,tisdale,flow,mean,8685.714285714286
11,2008,sacramento river,11390500,USGS,tisdale,flow,min,NA
12,2008,sacramento river,11390500,USGS,tisdale,flow,max,NA
12,2008,sacramento river,11390500,USGS,tisdale,flow,mean,7420
12,2008,sacramento river,11390500,USGS,tisdale,flow,min,NA
13,2008,sacramento river,11390500,USGS,tisdale,flow,max,NA
13,2008,sacramento river,11390500,USGS,tisdale,flow,mean,6305.714285714285
13,2008,sacramento river,11390500,USGS,tisdale,flow,min,NA
14,2008,sacramento river,11390500,USGS,tisdale,flow,max,NA
14,2008,sacramento river,11390500,USGS,tisdale,flow,mean,5961.428571428572
14,2008,sacramento river,11390500,USGS,tisdale,flow,min,NA
15,2008,sacramento river,11390500,USGS,tisdale,flow,max,NA
15,2008,sacramento river,11390500,USGS,tisdale,flow,mean,7388.571428571428
15,2008,sacramento river,11390500,USGS,tisdale,flow,min,NA
16,2008,sacramento river,11390500,USGS,tisdale,flow,max,NA
16,2008,sacramento river,11390500,USGS,tisdale,flow,mean,7327.142857142857
16,2008,sacramento river,11390500,USGS,tisdale,flow,min,NA
17,2008,sacramento river,11390500,USGS,tisdale,flow,max,NA
17,2008,sacramento river,11390500,USGS,tisdale,flow,mean,5325.714285714285
17,2008,sacramento river,11390500,USGS,tisdale,flow,min,NA
18,2008,sacramento river,11390500,USGS,tisdale,flow,max,NA
18,2008,sacramento river,11390500,USGS,tisdale,flow,mean,4717.142857142857
18,2008,sacramento river,11390500,USGS,tisdale,flow,min,NA
19,2008,sacramento river,11390500,USGS,tisdale,flow,max,NA
19,2008,sacramento river,11390500,USGS,tisdale,flow,mean,5147.142857142857
19,2008,sacramento river,11390500,USGS,tisdale,flow,min,NA
20,2008,sacramento river,11390500,USGS,tisdale,flow,max,NA
20,2008,sacramento river,11390500,USGS,tisdale,flow,mean,5574.285714285715
20,2008,sacramento river,11390500,USGS,tisdale,flow,min,NA
21,2008,sacramento river,11390500,USGS,tisdale,flow,max,NA
21,2008,sacramento river,11390500,USGS,tisdale,flow,mean,6597.142857142857
21,2008,sacramento river,11390500,USGS,tisdale,flow,min,NA
22,2008,sacramento river,11390500,USGS,tisdale,flow,max,NA
22,2008,sacramento river,11390500,USGS,tisdale,flow,mean,6214.285714285715
22,2008,sacramento river,11390500,USGS,tisdale,flow,min,NA
23,2008,sacramento river,11390500,USGS,tisdale,flow,max,NA
23,2008,sacramento river,11390500,USGS,tisdale,flow,mean,6014.285714285715
23,2008,sacramento river,11390500,USGS,tisdale,flow,min,NA
24,2008,sacramento river,11390500,USGS,tisdale,flow,max,NA
24,2008,sacramento river,11390500,USGS,tisdale,flow,mean,5422.857142857143
24,2008,sacramento river,11390500,USGS,tisdale,flow,min,NA
25,2008,sacramento river,11390500,USGS,tisdale,flow,max,NA
25,2008,sacramento river,11390500,USGS,tisdale,flow,mean,6444.285714285715
25,2008,sacramento river,11390500,USGS,tisdale,flow,min,NA
26,2008,sacramento river,11390500,USGS,tisdale,flow,max,NA
26,2008,sacramento river,11390500,USGS,tisdale,flow,mean,7270
26,2008,sacramento river,11390500,USGS,tisdale,flow,min,NA
27,2008,sacramento river,11390500,USGS,tisdale,flow,max,NA
27,2008,sacramento river,11390500,USGS,tisdale,flow,mean,7924.285714285715
27,2008,sacramento river,11390500,USGS,tisdale,flow,min,NA
28,2008,sacramento river,11390500,USGS,tisdale,flow,max,NA
28,2008,sacramento river,11390500,USGS,tisdale,flow,mean,7724.285714285715
28,2008,sacramento river,11390500,USGS,tisdale,flow,min,NA
29,2008,sacramento river,11390500,USGS,tisdale,flow,max,NA
29,2008,sacramento river,11390500,USGS,tisdale,flow,mean,7944.285714285715
29,2008,sacramento river,11390500,USGS,tisdale,flow,min,NA
30,2008,sacramento river,11390500,USGS,tisdale,flow,max,NA
30,2008,sacramento river,11390500,USGS,tisdale,flow,mean,7368.571428571428
30,2008,sacramento river,11390500,USGS,tisdale,flow,min,NA
31,2008,sacramento river,11390500,USGS,tisdale,flow,max,NA
31,2008,sacramento river,11390500,USGS,tisdale,flow,mean,6941.428571428572
31,2008,sacramento river,11390500,USGS,tisdale,flow,min,NA
32,2008,sacramento river,11390500,USGS,tisdale,flow,max,NA
32,2008,sacramento river,11390500,USGS,tisdale,flow,mean,6344.285714285715
32,2008,sacramento river,11390500,USGS,tisdale,flow,min,NA
33,2008,sacramento river,11390500,USGS,tisdale,flow,max,NA
33,2008,sacramento river,11390500,USGS,tisdale,flow,mean,6070
33,2008,sacramento river,11390500,USGS,tisdale,flow,min,NA
34,2008,sacramento river,11390500,USGS,tisdale,flow,max,NA
34,2008,sacramento river,11390500,USGS,tisdale,flow,mean,6274.285714285715
34,2008,sacramento river,11390500,USGS,tisdale,flow,min,NA
35,2008,sacramento river,11390500,USGS,tisdale,flow,max,NA
35,2008,sacramento river,11390500,USGS,tisdale,flow,mean,6527.142857142857
35,2008,sacramento river,11390500,USGS,tisdale,flow,min,NA
36,2008,sacramento river,11390500,USGS,tisdale,flow,max,NA
36,2008,sacramento river,11390500,USGS,tisdale,flow,mean,6637.142857142857
36,2008,sacramento river,11390500,USGS,tisdale,flow,min,NA
37,2008,sacramento river,11390500,USGS,tisdale,flow,max,NA
37,2008,sacramento river,11390500,USGS,tisdale,flow,mean,6454.285714285715
37,2008,sacramento river,11390500,USGS,tisdale,flow,min,NA
38,2008,sacramento river,11390500,USGS,tisdale,flow,max,NA
38,2008,sacramento river,11390500,USGS,tisdale,flow,mean,6358.571428571428
38,2008,sacramento river,11390500,USGS,tisdale,flow,min,NA
39,2008,sacramento river,11390500,USGS,tisdale,flow,max,NA
39,2008,sacramento river,11390500,USGS,tisdale,flow,mean,5888.571428571428
39,2008,sacramento river,11390500,USGS,tisdale,flow,min,NA
40,2008,sacramento river,11390500,USGS,tisdale,flow,max,NA
40,2008,sacramento river,11390500,USGS,tisdale,flow,mean,5451.428571428572
40,2008,sacramento river,11390500,USGS,tisdale,flow,min,NA
41,2008,sacramento river,11390500,USGS,tisdale,flow,max,NA
41,2008,sacramento river,11390500,USGS,tisdale,flow,mean,5212.857142857143
41,2008,sacramento river,11390500,USGS,tisdale,flow,min,NA
42,2008,sacramento river,11390500,USGS,tisdale,flow,max,NA
42,2008,sacramento river,11390500,USGS,tisdale,flow,mean,4517.142857142857
42,2008,sacramento river,11390500,USGS,tisdale,flow,min,NA
43,2008,sacramento river,11390500,USGS,tisdale,flow,max,NA
43,2008,sacramento river,11390500,USGS,tisdale,flow,mean,4682.857142857143
43,2008,sacramento river,11390500,USGS,tisdale,flow,min,NA
44,2008,sacramento river,11390500,USGS,tisdale,flow,max,NA
44,2008,sacramento river,11390500,USGS,tisdale,flow,mean,5681.428571428572
44,2008,sacramento river,11390500,USGS,tisdale,flow,min,NA
45,2008,sacramento river,11390500,USGS,tisdale,flow,max,NA
45,2008,sacramento river,11390500,USGS,tisdale,flow,mean,6985.714285714285
45,2008,sacramento river,11390500,USGS,tisdale,flow,min,NA
46,2008,sacramento river,11390500,USGS,tisdale,flow,max,NA
46,2008,sacramento river,11390500,USGS,tisdale,flow,mean,5822.857142857143
46,2008,sacramento river,11390500,USGS,tisdale,flow,min,NA
47,2008,sacramento river,11390500,USGS,tisdale,flow,max,NA
47,2008,sacramento river,11390500,USGS,tisdale,flow,mean,4562.857142857143
47,2008,sacramento river,11390500,USGS,tisdale,flow,min,NA
48,2008,sacramento river,11390500,USGS,tisdale,flow,max,NA
48,2008,sacramento river,11390500,USGS,tisdale,flow,mean,4180
48,2008,sacramento river,11390500,USGS,tisdale,flow,min,NA
49,2008,sacramento river,11390500,USGS,tisdale,flow,max,NA
49,2008,sacramento river,11390500,USGS,tisdale,flow,mean,4247.142857142857
49,2008,sacramento river,11390500,USGS,tisdale,flow,min,NA
50,2008,sacramento river,11390500,USGS,tisdale,flow,max,NA
50,2008,sacramento river,11390500,USGS,tisdale,flow,mean,4195.714285714285
50,2008,sacramento river,11390500,USGS,tisdale,flow,min,NA
51,2008,sacramento river,11390500,USGS,tisdale,flow,max,NA
51,2008,sacramento river,11390500,USGS,tisdale,flow,mean,4864.285714285715
51,2008,sacramento river,11390500,USGS,tisdale,flow,min,NA
52,2008,sacramento river,11390500,USGS,tisdale,flow,max,NA
52,2008,sacramento river,11390500,USGS,tisdale,flow,mean,6857.142857142857
52,2008,sacramento river,11390500,USGS,tisdale,flow,min,NA
53,2008,sacramento river,11390500,USGS,tisdale,flow,max,NA
53,2008,sacramento river,11390500,USGS,tisdale,flow,mean,6095
53,2008,sacramento river,11390500,USGS,tisdale,flow,min,NA
1,2009,sacramento river,11390500,USGS,tisdale,flow,max,NA
1,2009,sacramento river,11390500,USGS,tisdale,flow,mean,5670
1,2009,sacramento river,11390500,USGS,tisdale,flow,min,NA
2,2009,sacramento river,11390500,USGS,tisdale,flow,max,NA
2,2009,sacramento river,11390500,USGS,tisdale,flow,mean,4945.714285714285
2,2009,sacramento river,11390500,USGS,tisdale,flow,min,NA
3,2009,sacramento river,11390500,USGS,tisdale,flow,max,NA
3,2009,sacramento river,11390500,USGS,tisdale,flow,mean,4428.571428571428
3,2009,sacramento river,11390500,USGS,tisdale,flow,min,NA
4,2009,sacramento river,11390500,USGS,tisdale,flow,max,NA
4,2009,sacramento river,11390500,USGS,tisdale,flow,mean,6357.142857142857
4,2009,sacramento river,11390500,USGS,tisdale,flow,min,NA
5,2009,sacramento river,11390500,USGS,tisdale,flow,max,NA
5,2009,sacramento river,11390500,USGS,tisdale,flow,mean,5852.857142857143
5,2009,sacramento river,11390500,USGS,tisdale,flow,min,NA
6,2009,sacramento river,11390500,USGS,tisdale,flow,max,NA
6,2009,sacramento river,11390500,USGS,tisdale,flow,mean,5552.857142857143
6,2009,sacramento river,11390500,USGS,tisdale,flow,min,NA
7,2009,sacramento river,11390500,USGS,tisdale,flow,max,NA
7,2009,sacramento river,11390500,USGS,tisdale,flow,mean,12707.142857142857
7,2009,sacramento river,11390500,USGS,tisdale,flow,min,NA
8,2009,sacramento river,11390500,USGS,tisdale,flow,max,NA
8,2009,sacramento river,11390500,USGS,tisdale,flow,mean,20300
8,2009,sacramento river,11390500,USGS,tisdale,flow,min,NA
9,2009,sacramento river,11390500,USGS,tisdale,flow,max,NA
9,2009,sacramento river,11390500,USGS,tisdale,flow,mean,19928.571428571428
9,2009,sacramento river,11390500,USGS,tisdale,flow,min,NA
10,2009,sacramento river,11390500,USGS,tisdale,flow,max,NA
10,2009,sacramento river,11390500,USGS,tisdale,flow,mean,17285.714285714286
10,2009,sacramento river,11390500,USGS,tisdale,flow,min,NA
11,2009,sacramento river,11390500,USGS,tisdale,flow,max,NA
11,2009,sacramento river,11390500,USGS,tisdale,flow,mean,10062.857142857143
11,2009,sacramento river,11390500,USGS,tisdale,flow,min,NA
12,2009,sacramento river,11390500,USGS,tisdale,flow,max,NA
12,2009,sacramento river,11390500,USGS,tisdale,flow,mean,9697.142857142857
12,2009,sacramento river,11390500,USGS,tisdale,flow,min,NA
13,2009,sacramento river,11390500,USGS,tisdale,flow,max,NA
13,2009,sacramento river,11390500,USGS,tisdale,flow,mean,7547.142857142857
13,2009,sacramento river,11390500,USGS,tisdale,flow,min,NA
14,2009,sacramento river,11390500,USGS,tisdale,flow,max,NA
14,2009,sacramento river,11390500,USGS,tisdale,flow,mean,6772.857142857143
14,2009,sacramento river,11390500,USGS,tisdale,flow,min,NA
15,2009,sacramento river,11390500,USGS,tisdale,flow,max,NA
15,2009,sacramento river,11390500,USGS,tisdale,flow,mean,7074.285714285715
15,2009,sacramento river,11390500,USGS,tisdale,flow,min,NA
16,2009,sacramento river,11390500,USGS,tisdale,flow,max,NA
16,2009,sacramento river,11390500,USGS,tisdale,flow,mean,5725.714285714285
16,2009,sacramento river,11390500,USGS,tisdale,flow,min,NA
17,2009,sacramento river,11390500,USGS,tisdale,flow,max,NA
17,2009,sacramento river,11390500,USGS,tisdale,flow,mean,4462.857142857143
17,2009,sacramento river,11390500,USGS,tisdale,flow,min,NA
18,2009,sacramento river,11390500,USGS,tisdale,flow,max,NA
18,2009,sacramento river,11390500,USGS,tisdale,flow,mean,6918.571428571428
18,2009,sacramento river,11390500,USGS,tisdale,flow,min,NA
19,2009,sacramento river,11390500,USGS,tisdale,flow,max,NA
19,2009,sacramento river,11390500,USGS,tisdale,flow,mean,8942.857142857143
19,2009,sacramento river,11390500,USGS,tisdale,flow,min,NA
20,2009,sacramento river,11390500,USGS,tisdale,flow,max,NA
20,2009,sacramento river,11390500,USGS,tisdale,flow,mean,5331.428571428572
20,2009,sacramento river,11390500,USGS,tisdale,flow,min,NA
21,2009,sacramento river,11390500,USGS,tisdale,flow,max,NA
21,2009,sacramento river,11390500,USGS,tisdale,flow,mean,5402.857142857143
21,2009,sacramento river,11390500,USGS,tisdale,flow,min,NA
22,2009,sacramento river,11390500,USGS,tisdale,flow,max,NA
22,2009,sacramento river,11390500,USGS,tisdale,flow,mean,5067.142857142857
22,2009,sacramento river,11390500,USGS,tisdale,flow,min,NA
23,2009,sacramento river,11390500,USGS,tisdale,flow,max,NA
23,2009,sacramento river,11390500,USGS,tisdale,flow,mean,6182.857142857143
23,2009,sacramento river,11390500,USGS,tisdale,flow,min,NA
24,2009,sacramento river,11390500,USGS,tisdale,flow,max,NA
24,2009,sacramento river,11390500,USGS,tisdale,flow,mean,5972.857142857143
24,2009,sacramento river,11390500,USGS,tisdale,flow,min,NA
25,2009,sacramento river,11390500,USGS,tisdale,flow,max,NA
25,2009,sacramento river,11390500,USGS,tisdale,flow,mean,5242.857142857143
25,2009,sacramento river,11390500,USGS,tisdale,flow,min,NA
26,2009,sacramento river,11390500,USGS,tisdale,flow,max,NA
26,2009,sacramento river,11390500,USGS,tisdale,flow,mean,5440
26,2009,sacramento river,11390500,USGS,tisdale,flow,min,NA
27,2009,sacramento river,11390500,USGS,tisdale,flow,max,NA
27,2009,sacramento river,11390500,USGS,tisdale,flow,mean,6270
27,2009,sacramento river,11390500,USGS,tisdale,flow,min,NA
28,2009,sacramento river,11390500,USGS,tisdale,flow,max,NA
28,2009,sacramento river,11390500,USGS,tisdale,flow,mean,6738.571428571428
28,2009,sacramento river,11390500,USGS,tisdale,flow,min,NA
29,2009,sacramento river,11390500,USGS,tisdale,flow,max,NA
29,2009,sacramento river,11390500,USGS,tisdale,flow,mean,6684.285714285715
29,2009,sacramento river,11390500,USGS,tisdale,flow,min,NA
30,2009,sacramento river,11390500,USGS,tisdale,flow,max,NA
30,2009,sacramento river,11390500,USGS,tisdale,flow,mean,6837.142857142857
30,2009,sacramento river,11390500,USGS,tisdale,flow,min,NA
31,2009,sacramento river,11390500,USGS,tisdale,flow,max,NA
31,2009,sacramento river,11390500,USGS,tisdale,flow,mean,7012.857142857143
31,2009,sacramento river,11390500,USGS,tisdale,flow,min,NA
32,2009,sacramento river,11390500,USGS,tisdale,flow,max,NA
32,2009,sacramento river,11390500,USGS,tisdale,flow,mean,6961.428571428572
32,2009,sacramento river,11390500,USGS,tisdale,flow,min,NA
33,2009,sacramento river,11390500,USGS,tisdale,flow,max,NA
33,2009,sacramento river,11390500,USGS,tisdale,flow,mean,6751.428571428572
33,2009,sacramento river,11390500,USGS,tisdale,flow,min,NA
34,2009,sacramento river,11390500,USGS,tisdale,flow,max,NA
34,2009,sacramento river,11390500,USGS,tisdale,flow,mean,6784.285714285715
34,2009,sacramento river,11390500,USGS,tisdale,flow,min,NA
35,2009,sacramento river,11390500,USGS,tisdale,flow,max,NA
35,2009,sacramento river,11390500,USGS,tisdale,flow,mean,7110
35,2009,sacramento river,11390500,USGS,tisdale,flow,min,NA
36,2009,sacramento river,11390500,USGS,tisdale,flow,max,NA
36,2009,sacramento river,11390500,USGS,tisdale,flow,mean,6812.857142857143
36,2009,sacramento river,11390500,USGS,tisdale,flow,min,NA
37,2009,sacramento river,11390500,USGS,tisdale,flow,max,NA
37,2009,sacramento river,11390500,USGS,tisdale,flow,mean,6748.571428571428
37,2009,sacramento river,11390500,USGS,tisdale,flow,min,NA
38,2009,sacramento river,11390500,USGS,tisdale,flow,max,NA
38,2009,sacramento river,11390500,USGS,tisdale,flow,mean,6352.857142857143
38,2009,sacramento river,11390500,USGS,tisdale,flow,min,NA
39,2009,sacramento river,11390500,USGS,tisdale,flow,max,NA
39,2009,sacramento river,11390500,USGS,tisdale,flow,mean,5584.285714285715
39,2009,sacramento river,11390500,USGS,tisdale,flow,min,NA
40,2009,sacramento river,11390500,USGS,tisdale,flow,max,NA
40,2009,sacramento river,11390500,USGS,tisdale,flow,mean,5061.428571428572
40,2009,sacramento river,11390500,USGS,tisdale,flow,min,NA
41,2009,sacramento river,11390500,USGS,tisdale,flow,max,NA
41,2009,sacramento river,11390500,USGS,tisdale,flow,mean,4701.428571428572
41,2009,sacramento river,11390500,USGS,tisdale,flow,min,NA
42,2009,sacramento river,11390500,USGS,tisdale,flow,max,NA
42,2009,sacramento river,11390500,USGS,tisdale,flow,mean,5731.428571428572
42,2009,sacramento river,11390500,USGS,tisdale,flow,min,NA
43,2009,sacramento river,11390500,USGS,tisdale,flow,max,NA
43,2009,sacramento river,11390500,USGS,tisdale,flow,mean,5074.285714285715
43,2009,sacramento river,11390500,USGS,tisdale,flow,min,NA
44,2009,sacramento river,11390500,USGS,tisdale,flow,max,NA
44,2009,sacramento river,11390500,USGS,tisdale,flow,mean,4475.714285714285
44,2009,sacramento river,11390500,USGS,tisdale,flow,min,NA
45,2009,sacramento river,11390500,USGS,tisdale,flow,max,NA
45,2009,sacramento river,11390500,USGS,tisdale,flow,mean,3984.285714285714
45,2009,sacramento river,11390500,USGS,tisdale,flow,min,NA
46,2009,sacramento river,11390500,USGS,tisdale,flow,max,NA
46,2009,sacramento river,11390500,USGS,tisdale,flow,mean,4090
46,2009,sacramento river,11390500,USGS,tisdale,flow,min,NA
47,2009,sacramento river,11390500,USGS,tisdale,flow,max,NA
47,2009,sacramento river,11390500,USGS,tisdale,flow,mean,4300
47,2009,sacramento river,11390500,USGS,tisdale,flow,min,NA
48,2009,sacramento river,11390500,USGS,tisdale,flow,max,NA
48,2009,sacramento river,11390500,USGS,tisdale,flow,mean,3832.8571428571427
48,2009,sacramento river,11390500,USGS,tisdale,flow,min,NA
49,2009,sacramento river,11390500,USGS,tisdale,flow,max,NA
49,2009,sacramento river,11390500,USGS,tisdale,flow,mean,3512.8571428571427
49,2009,sacramento river,11390500,USGS,tisdale,flow,min,NA
50,2009,sacramento river,11390500,USGS,tisdale,flow,max,NA
50,2009,sacramento river,11390500,USGS,tisdale,flow,mean,4614.285714285715
50,2009,sacramento river,11390500,USGS,tisdale,flow,min,NA
51,2009,sacramento river,11390500,USGS,tisdale,flow,max,NA
51,2009,sacramento river,11390500,USGS,tisdale,flow,mean,6471.428571428572
51,2009,sacramento river,11390500,USGS,tisdale,flow,min,NA
52,2009,sacramento river,11390500,USGS,tisdale,flow,max,NA
52,2009,sacramento river,11390500,USGS,tisdale,flow,mean,5292.857142857143
52,2009,sacramento river,11390500,USGS,tisdale,flow,min,NA
53,2009,sacramento river,11390500,USGS,tisdale,flow,max,NA
53,2009,sacramento river,11390500,USGS,tisdale,flow,mean,4910
53,2009,sacramento river,11390500,USGS,tisdale,flow,min,NA
1,2010,sacramento river,11390500,USGS,tisdale,flow,max,NA
1,2010,sacramento river,11390500,USGS,tisdale,flow,mean,5998.571428571428
1,2010,sacramento river,11390500,USGS,tisdale,flow,min,NA
2,2010,sacramento river,11390500,USGS,tisdale,flow,max,NA
2,2010,sacramento river,11390500,USGS,tisdale,flow,mean,5831.428571428572
2,2010,sacramento river,11390500,USGS,tisdale,flow,min,NA
3,2010,sacramento river,11390500,USGS,tisdale,flow,max,NA
3,2010,sacramento river,11390500,USGS,tisdale,flow,mean,14990
3,2010,sacramento river,11390500,USGS,tisdale,flow,min,NA
4,2010,sacramento river,11390500,USGS,tisdale,flow,max,NA
4,2010,sacramento river,11390500,USGS,tisdale,flow,mean,25871.428571428572
4,2010,sacramento river,11390500,USGS,tisdale,flow,min,NA
5,2010,sacramento river,11390500,USGS,tisdale,flow,max,NA
5,2010,sacramento river,11390500,USGS,tisdale,flow,mean,18500
5,2010,sacramento river,11390500,USGS,tisdale,flow,min,NA
6,2010,sacramento river,11390500,USGS,tisdale,flow,max,NA
6,2010,sacramento river,11390500,USGS,tisdale,flow,mean,22114.285714285714
6,2010,sacramento river,11390500,USGS,tisdale,flow,min,NA
7,2010,sacramento river,11390500,USGS,tisdale,flow,max,NA
7,2010,sacramento river,11390500,USGS,tisdale,flow,mean,15114.285714285714
7,2010,sacramento river,11390500,USGS,tisdale,flow,min,NA
8,2010,sacramento river,11390500,USGS,tisdale,flow,max,NA
8,2010,sacramento river,11390500,USGS,tisdale,flow,mean,13042.857142857143
8,2010,sacramento river,11390500,USGS,tisdale,flow,min,NA
9,2010,sacramento river,11390500,USGS,tisdale,flow,max,NA
9,2010,sacramento river,11390500,USGS,tisdale,flow,mean,18900
9,2010,sacramento river,11390500,USGS,tisdale,flow,min,NA
10,2010,sacramento river,11390500,USGS,tisdale,flow,max,NA
10,2010,sacramento river,11390500,USGS,tisdale,flow,mean,15114.285714285714
10,2010,sacramento river,11390500,USGS,tisdale,flow,min,NA
11,2010,sacramento river,11390500,USGS,tisdale,flow,max,NA
11,2010,sacramento river,11390500,USGS,tisdale,flow,mean,11385.714285714286
11,2010,sacramento river,11390500,USGS,tisdale,flow,min,NA
12,2010,sacramento river,11390500,USGS,tisdale,flow,max,NA
12,2010,sacramento river,11390500,USGS,tisdale,flow,mean,9095.714285714286
12,2010,sacramento river,11390500,USGS,tisdale,flow,min,NA
13,2010,sacramento river,11390500,USGS,tisdale,flow,max,NA
13,2010,sacramento river,11390500,USGS,tisdale,flow,mean,8217.142857142857
13,2010,sacramento river,11390500,USGS,tisdale,flow,min,NA
14,2010,sacramento river,11390500,USGS,tisdale,flow,max,NA
14,2010,sacramento river,11390500,USGS,tisdale,flow,mean,8888.57142857143
14,2010,sacramento river,11390500,USGS,tisdale,flow,min,NA
15,2010,sacramento river,11390500,USGS,tisdale,flow,max,NA
15,2010,sacramento river,11390500,USGS,tisdale,flow,mean,12174.285714285714
15,2010,sacramento river,11390500,USGS,tisdale,flow,min,NA
16,2010,sacramento river,11390500,USGS,tisdale,flow,max,NA
16,2010,sacramento river,11390500,USGS,tisdale,flow,mean,15700
16,2010,sacramento river,11390500,USGS,tisdale,flow,min,NA
17,2010,sacramento river,11390500,USGS,tisdale,flow,max,NA
17,2010,sacramento river,11390500,USGS,tisdale,flow,mean,14271.42857142857
17,2010,sacramento river,11390500,USGS,tisdale,flow,min,NA
18,2010,sacramento river,11390500,USGS,tisdale,flow,max,NA
18,2010,sacramento river,11390500,USGS,tisdale,flow,mean,12228.57142857143
18,2010,sacramento river,11390500,USGS,tisdale,flow,min,NA
19,2010,sacramento river,11390500,USGS,tisdale,flow,max,NA
19,2010,sacramento river,11390500,USGS,tisdale,flow,mean,8485.714285714286
19,2010,sacramento river,11390500,USGS,tisdale,flow,min,NA
20,2010,sacramento river,11390500,USGS,tisdale,flow,max,NA
20,2010,sacramento river,11390500,USGS,tisdale,flow,mean,7320
20,2010,sacramento river,11390500,USGS,tisdale,flow,min,NA
21,2010,sacramento river,11390500,USGS,tisdale,flow,max,NA
21,2010,sacramento river,11390500,USGS,tisdale,flow,mean,8022.857142857143
21,2010,sacramento river,11390500,USGS,tisdale,flow,min,NA
22,2010,sacramento river,11390500,USGS,tisdale,flow,max,NA
22,2010,sacramento river,11390500,USGS,tisdale,flow,mean,12971.42857142857
22,2010,sacramento river,11390500,USGS,tisdale,flow,min,NA
23,2010,sacramento river,11390500,USGS,tisdale,flow,max,NA
23,2010,sacramento river,11390500,USGS,tisdale,flow,mean,14271.42857142857
23,2010,sacramento river,11390500,USGS,tisdale,flow,min,NA
24,2010,sacramento river,11390500,USGS,tisdale,flow,max,NA
24,2010,sacramento river,11390500,USGS,tisdale,flow,mean,9300
24,2010,sacramento river,11390500,USGS,tisdale,flow,min,NA
25,2010,sacramento river,11390500,USGS,tisdale,flow,max,NA
25,2010,sacramento river,11390500,USGS,tisdale,flow,mean,7044.285714285715
25,2010,sacramento river,11390500,USGS,tisdale,flow,min,NA
26,2010,sacramento river,11390500,USGS,tisdale,flow,max,NA
26,2010,sacramento river,11390500,USGS,tisdale,flow,mean,6745.714285714285
26,2010,sacramento river,11390500,USGS,tisdale,flow,min,NA
27,2010,sacramento river,11390500,USGS,tisdale,flow,max,NA
27,2010,sacramento river,11390500,USGS,tisdale,flow,mean,6480
27,2010,sacramento river,11390500,USGS,tisdale,flow,min,NA
28,2010,sacramento river,11390500,USGS,tisdale,flow,max,NA
28,2010,sacramento river,11390500,USGS,tisdale,flow,mean,6470
28,2010,sacramento river,11390500,USGS,tisdale,flow,min,NA
29,2010,sacramento river,11390500,USGS,tisdale,flow,max,NA
29,2010,sacramento river,11390500,USGS,tisdale,flow,mean,6668.571428571428
29,2010,sacramento river,11390500,USGS,tisdale,flow,min,NA
30,2010,sacramento river,11390500,USGS,tisdale,flow,max,NA
30,2010,sacramento river,11390500,USGS,tisdale,flow,mean,6601.428571428572
30,2010,sacramento river,11390500,USGS,tisdale,flow,min,NA
31,2010,sacramento river,11390500,USGS,tisdale,flow,max,NA
31,2010,sacramento river,11390500,USGS,tisdale,flow,mean,6928.571428571428
31,2010,sacramento river,11390500,USGS,tisdale,flow,min,NA
32,2010,sacramento river,11390500,USGS,tisdale,flow,max,NA
32,2010,sacramento river,11390500,USGS,tisdale,flow,mean,6385.714285714285
32,2010,sacramento river,11390500,USGS,tisdale,flow,min,NA
33,2010,sacramento river,11390500,USGS,tisdale,flow,max,NA
33,2010,sacramento river,11390500,USGS,tisdale,flow,mean,5508.571428571428
33,2010,sacramento river,11390500,USGS,tisdale,flow,min,NA
34,2010,sacramento river,11390500,USGS,tisdale,flow,max,NA
34,2010,sacramento river,11390500,USGS,tisdale,flow,mean,5048.571428571428
34,2010,sacramento river,11390500,USGS,tisdale,flow,min,NA
35,2010,sacramento river,11390500,USGS,tisdale,flow,max,NA
35,2010,sacramento river,11390500,USGS,tisdale,flow,mean,4942.857142857143
35,2010,sacramento river,11390500,USGS,tisdale,flow,min,NA
36,2010,sacramento river,11390500,USGS,tisdale,flow,max,NA
36,2010,sacramento river,11390500,USGS,tisdale,flow,mean,5730
36,2010,sacramento river,11390500,USGS,tisdale,flow,min,NA
37,2010,sacramento river,11390500,USGS,tisdale,flow,max,NA
37,2010,sacramento river,11390500,USGS,tisdale,flow,mean,6984.285714285715
37,2010,sacramento river,11390500,USGS,tisdale,flow,min,NA
38,2010,sacramento river,11390500,USGS,tisdale,flow,max,NA
38,2010,sacramento river,11390500,USGS,tisdale,flow,mean,7130
38,2010,sacramento river,11390500,USGS,tisdale,flow,min,NA
39,2010,sacramento river,11390500,USGS,tisdale,flow,max,NA
39,2010,sacramento river,11390500,USGS,tisdale,flow,mean,6910
39,2010,sacramento river,11390500,USGS,tisdale,flow,min,NA
40,2010,sacramento river,11390500,USGS,tisdale,flow,max,NA
40,2010,sacramento river,11390500,USGS,tisdale,flow,mean,6438.571428571428
40,2010,sacramento river,11390500,USGS,tisdale,flow,min,NA
41,2010,sacramento river,11390500,USGS,tisdale,flow,max,NA
41,2010,sacramento river,11390500,USGS,tisdale,flow,mean,5914.285714285715
41,2010,sacramento river,11390500,USGS,tisdale,flow,min,NA
42,2010,sacramento river,11390500,USGS,tisdale,flow,max,NA
42,2010,sacramento river,11390500,USGS,tisdale,flow,mean,5397.142857142857
42,2010,sacramento river,11390500,USGS,tisdale,flow,min,NA
43,2010,sacramento river,11390500,USGS,tisdale,flow,max,NA
43,2010,sacramento river,11390500,USGS,tisdale,flow,mean,6942.857142857143
43,2010,sacramento river,11390500,USGS,tisdale,flow,min,NA
44,2010,sacramento river,11390500,USGS,tisdale,flow,max,NA
44,2010,sacramento river,11390500,USGS,tisdale,flow,mean,6521.428571428572
44,2010,sacramento river,11390500,USGS,tisdale,flow,min,NA
45,2010,sacramento river,11390500,USGS,tisdale,flow,max,NA
45,2010,sacramento river,11390500,USGS,tisdale,flow,mean,5922.857142857143
45,2010,sacramento river,11390500,USGS,tisdale,flow,min,NA
46,2010,sacramento river,11390500,USGS,tisdale,flow,max,NA
46,2010,sacramento river,11390500,USGS,tisdale,flow,mean,5341.428571428572
46,2010,sacramento river,11390500,USGS,tisdale,flow,min,NA
47,2010,sacramento river,11390500,USGS,tisdale,flow,max,NA
47,2010,sacramento river,11390500,USGS,tisdale,flow,mean,6542.857142857143
47,2010,sacramento river,11390500,USGS,tisdale,flow,min,NA
48,2010,sacramento river,11390500,USGS,tisdale,flow,max,NA
48,2010,sacramento river,11390500,USGS,tisdale,flow,mean,6722.857142857143
48,2010,sacramento river,11390500,USGS,tisdale,flow,min,NA
49,2010,sacramento river,11390500,USGS,tisdale,flow,max,NA
49,2010,sacramento river,11390500,USGS,tisdale,flow,mean,10728.57142857143
49,2010,sacramento river,11390500,USGS,tisdale,flow,min,NA
50,2010,sacramento river,11390500,USGS,tisdale,flow,max,NA
50,2010,sacramento river,11390500,USGS,tisdale,flow,mean,14071.42857142857
50,2010,sacramento river,11390500,USGS,tisdale,flow,min,NA
51,2010,sacramento river,11390500,USGS,tisdale,flow,max,NA
51,2010,sacramento river,11390500,USGS,tisdale,flow,mean,22414.285714285714
51,2010,sacramento river,11390500,USGS,tisdale,flow,min,NA
52,2010,sacramento river,11390500,USGS,tisdale,flow,max,NA
52,2010,sacramento river,11390500,USGS,tisdale,flow,mean,24185.714285714286
52,2010,sacramento river,11390500,USGS,tisdale,flow,min,NA
53,2010,sacramento river,11390500,USGS,tisdale,flow,max,NA
53,2010,sacramento river,11390500,USGS,tisdale,flow,mean,25800
53,2010,sacramento river,11390500,USGS,tisdale,flow,min,NA
1,2011,sacramento river,11390500,USGS,tisdale,flow,max,NA
1,2011,sacramento river,11390500,USGS,tisdale,flow,mean,22871.428571428572
1,2011,sacramento river,11390500,USGS,tisdale,flow,min,NA
2,2011,sacramento river,11390500,USGS,tisdale,flow,max,NA
2,2011,sacramento river,11390500,USGS,tisdale,flow,mean,16114.285714285714
2,2011,sacramento river,11390500,USGS,tisdale,flow,min,NA
3,2011,sacramento river,11390500,USGS,tisdale,flow,max,NA
3,2011,sacramento river,11390500,USGS,tisdale,flow,mean,14385.714285714286
3,2011,sacramento river,11390500,USGS,tisdale,flow,min,NA
4,2011,sacramento river,11390500,USGS,tisdale,flow,max,NA
4,2011,sacramento river,11390500,USGS,tisdale,flow,mean,11231.42857142857
4,2011,sacramento river,11390500,USGS,tisdale,flow,min,NA
5,2011,sacramento river,11390500,USGS,tisdale,flow,max,NA
5,2011,sacramento river,11390500,USGS,tisdale,flow,mean,9302.857142857143
5,2011,sacramento river,11390500,USGS,tisdale,flow,min,NA
6,2011,sacramento river,11390500,USGS,tisdale,flow,max,NA
6,2011,sacramento river,11390500,USGS,tisdale,flow,mean,8047.142857142857
6,2011,sacramento river,11390500,USGS,tisdale,flow,min,NA
7,2011,sacramento river,11390500,USGS,tisdale,flow,max,NA
7,2011,sacramento river,11390500,USGS,tisdale,flow,mean,9638.57142857143
7,2011,sacramento river,11390500,USGS,tisdale,flow,min,NA
8,2011,sacramento river,11390500,USGS,tisdale,flow,max,NA
8,2011,sacramento river,11390500,USGS,tisdale,flow,mean,15228.57142857143
8,2011,sacramento river,11390500,USGS,tisdale,flow,min,NA
9,2011,sacramento river,11390500,USGS,tisdale,flow,max,NA
9,2011,sacramento river,11390500,USGS,tisdale,flow,mean,12885.714285714286
9,2011,sacramento river,11390500,USGS,tisdale,flow,min,NA
10,2011,sacramento river,11390500,USGS,tisdale,flow,max,NA
10,2011,sacramento river,11390500,USGS,tisdale,flow,mean,15628.57142857143
10,2011,sacramento river,11390500,USGS,tisdale,flow,min,NA
11,2011,sacramento river,11390500,USGS,tisdale,flow,max,NA
11,2011,sacramento river,11390500,USGS,tisdale,flow,mean,16885.714285714286
11,2011,sacramento river,11390500,USGS,tisdale,flow,min,NA
12,2011,sacramento river,11390500,USGS,tisdale,flow,max,NA
12,2011,sacramento river,11390500,USGS,tisdale,flow,mean,27342.85714285714
12,2011,sacramento river,11390500,USGS,tisdale,flow,min,NA
13,2011,sacramento river,11390500,USGS,tisdale,flow,max,NA
13,2011,sacramento river,11390500,USGS,tisdale,flow,mean,27428.571428571428
13,2011,sacramento river,11390500,USGS,tisdale,flow,min,NA
14,2011,sacramento river,11390500,USGS,tisdale,flow,max,NA
14,2011,sacramento river,11390500,USGS,tisdale,flow,mean,26428.571428571428
14,2011,sacramento river,11390500,USGS,tisdale,flow,min,NA
15,2011,sacramento river,11390500,USGS,tisdale,flow,max,NA
15,2011,sacramento river,11390500,USGS,tisdale,flow,mean,21400
15,2011,sacramento river,11390500,USGS,tisdale,flow,min,NA
16,2011,sacramento river,11390500,USGS,tisdale,flow,max,NA
16,2011,sacramento river,11390500,USGS,tisdale,flow,mean,15542.857142857143
16,2011,sacramento river,11390500,USGS,tisdale,flow,min,NA
17,2011,sacramento river,11390500,USGS,tisdale,flow,max,NA
17,2011,sacramento river,11390500,USGS,tisdale,flow,mean,13971.42857142857
17,2011,sacramento river,11390500,USGS,tisdale,flow,min,NA
18,2011,sacramento river,11390500,USGS,tisdale,flow,max,NA
18,2011,sacramento river,11390500,USGS,tisdale,flow,mean,8987.142857142857
18,2011,sacramento river,11390500,USGS,tisdale,flow,min,NA
19,2011,sacramento river,11390500,USGS,tisdale,flow,max,NA
19,2011,sacramento river,11390500,USGS,tisdale,flow,mean,8374.285714285714
19,2011,sacramento river,11390500,USGS,tisdale,flow,min,NA
20,2011,sacramento river,11390500,USGS,tisdale,flow,max,NA
20,2011,sacramento river,11390500,USGS,tisdale,flow,mean,10107.142857142857
20,2011,sacramento river,11390500,USGS,tisdale,flow,min,NA
21,2011,sacramento river,11390500,USGS,tisdale,flow,max,NA
21,2011,sacramento river,11390500,USGS,tisdale,flow,mean,12185.714285714286
21,2011,sacramento river,11390500,USGS,tisdale,flow,min,NA
22,2011,sacramento river,11390500,USGS,tisdale,flow,max,NA
22,2011,sacramento river,11390500,USGS,tisdale,flow,mean,14114.285714285714
22,2011,sacramento river,11390500,USGS,tisdale,flow,min,NA
23,2011,sacramento river,11390500,USGS,tisdale,flow,max,NA
23,2011,sacramento river,11390500,USGS,tisdale,flow,mean,20328.571428571428
23,2011,sacramento river,11390500,USGS,tisdale,flow,min,NA
24,2011,sacramento river,11390500,USGS,tisdale,flow,max,NA
24,2011,sacramento river,11390500,USGS,tisdale,flow,mean,12985.714285714286
24,2011,sacramento river,11390500,USGS,tisdale,flow,min,NA
25,2011,sacramento river,11390500,USGS,tisdale,flow,max,NA
25,2011,sacramento river,11390500,USGS,tisdale,flow,mean,9980
25,2011,sacramento river,11390500,USGS,tisdale,flow,min,NA
26,2011,sacramento river,11390500,USGS,tisdale,flow,max,NA
26,2011,sacramento river,11390500,USGS,tisdale,flow,mean,9245.714285714286
26,2011,sacramento river,11390500,USGS,tisdale,flow,min,NA
27,2011,sacramento river,11390500,USGS,tisdale,flow,max,NA
27,2011,sacramento river,11390500,USGS,tisdale,flow,mean,10484.285714285714
27,2011,sacramento river,11390500,USGS,tisdale,flow,min,NA
28,2011,sacramento river,11390500,USGS,tisdale,flow,max,NA
28,2011,sacramento river,11390500,USGS,tisdale,flow,mean,8145.714285714285
28,2011,sacramento river,11390500,USGS,tisdale,flow,min,NA
29,2011,sacramento river,11390500,USGS,tisdale,flow,max,NA
29,2011,sacramento river,11390500,USGS,tisdale,flow,mean,7975.714285714285
29,2011,sacramento river,11390500,USGS,tisdale,flow,min,NA
30,2011,sacramento river,11390500,USGS,tisdale,flow,max,NA
30,2011,sacramento river,11390500,USGS,tisdale,flow,mean,7487.142857142857
30,2011,sacramento river,11390500,USGS,tisdale,flow,min,NA
31,2011,sacramento river,11390500,USGS,tisdale,flow,max,NA
31,2011,sacramento river,11390500,USGS,tisdale,flow,mean,7384.285714285715
31,2011,sacramento river,11390500,USGS,tisdale,flow,min,NA
32,2011,sacramento river,11390500,USGS,tisdale,flow,max,NA
32,2011,sacramento river,11390500,USGS,tisdale,flow,mean,7600
32,2011,sacramento river,11390500,USGS,tisdale,flow,min,NA
33,2011,sacramento river,11390500,USGS,tisdale,flow,max,NA
33,2011,sacramento river,11390500,USGS,tisdale,flow,mean,7358.571428571428
33,2011,sacramento river,11390500,USGS,tisdale,flow,min,NA
34,2011,sacramento river,11390500,USGS,tisdale,flow,max,NA
34,2011,sacramento river,11390500,USGS,tisdale,flow,mean,7380
34,2011,sacramento river,11390500,USGS,tisdale,flow,min,NA
35,2011,sacramento river,11390500,USGS,tisdale,flow,max,NA
35,2011,sacramento river,11390500,USGS,tisdale,flow,mean,8177.142857142857
35,2011,sacramento river,11390500,USGS,tisdale,flow,min,NA
36,2011,sacramento river,11390500,USGS,tisdale,flow,max,NA
36,2011,sacramento river,11390500,USGS,tisdale,flow,mean,8880
36,2011,sacramento river,11390500,USGS,tisdale,flow,min,NA
37,2011,sacramento river,11390500,USGS,tisdale,flow,max,NA
37,2011,sacramento river,11390500,USGS,tisdale,flow,mean,9495.714285714286
37,2011,sacramento river,11390500,USGS,tisdale,flow,min,NA
38,2011,sacramento river,11390500,USGS,tisdale,flow,max,NA
38,2011,sacramento river,11390500,USGS,tisdale,flow,mean,9425.714285714286
38,2011,sacramento river,11390500,USGS,tisdale,flow,min,NA
39,2011,sacramento river,11390500,USGS,tisdale,flow,max,NA
39,2011,sacramento river,11390500,USGS,tisdale,flow,mean,8955.714285714286
39,2011,sacramento river,11390500,USGS,tisdale,flow,min,NA
40,2011,sacramento river,11390500,USGS,tisdale,flow,max,NA
40,2011,sacramento river,11390500,USGS,tisdale,flow,mean,9185.714285714286
40,2011,sacramento river,11390500,USGS,tisdale,flow,min,NA
41,2011,sacramento river,11390500,USGS,tisdale,flow,max,NA
41,2011,sacramento river,11390500,USGS,tisdale,flow,mean,9741.42857142857
41,2011,sacramento river,11390500,USGS,tisdale,flow,min,NA
42,2011,sacramento river,11390500,USGS,tisdale,flow,max,NA
42,2011,sacramento river,11390500,USGS,tisdale,flow,mean,8245.714285714286
42,2011,sacramento river,11390500,USGS,tisdale,flow,min,NA
43,2011,sacramento river,11390500,USGS,tisdale,flow,max,NA
43,2011,sacramento river,11390500,USGS,tisdale,flow,mean,7212.857142857143
43,2011,sacramento river,11390500,USGS,tisdale,flow,min,NA
44,2011,sacramento river,11390500,USGS,tisdale,flow,max,NA
44,2011,sacramento river,11390500,USGS,tisdale,flow,mean,6465.714285714285
44,2011,sacramento river,11390500,USGS,tisdale,flow,min,NA
45,2011,sacramento river,11390500,USGS,tisdale,flow,max,NA
45,2011,sacramento river,11390500,USGS,tisdale,flow,mean,5980
45,2011,sacramento river,11390500,USGS,tisdale,flow,min,NA
46,2011,sacramento river,11390500,USGS,tisdale,flow,max,NA
46,2011,sacramento river,11390500,USGS,tisdale,flow,mean,6125.714285714285
46,2011,sacramento river,11390500,USGS,tisdale,flow,min,NA
47,2011,sacramento river,11390500,USGS,tisdale,flow,max,NA
47,2011,sacramento river,11390500,USGS,tisdale,flow,mean,7095.714285714285
47,2011,sacramento river,11390500,USGS,tisdale,flow,min,NA
48,2011,sacramento river,11390500,USGS,tisdale,flow,max,NA
48,2011,sacramento river,11390500,USGS,tisdale,flow,mean,7650
48,2011,sacramento river,11390500,USGS,tisdale,flow,min,NA
49,2011,sacramento river,11390500,USGS,tisdale,flow,max,NA
49,2011,sacramento river,11390500,USGS,tisdale,flow,mean,6188.571428571428
49,2011,sacramento river,11390500,USGS,tisdale,flow,min,NA
50,2011,sacramento river,11390500,USGS,tisdale,flow,max,NA
50,2011,sacramento river,11390500,USGS,tisdale,flow,mean,5587.142857142857
50,2011,sacramento river,11390500,USGS,tisdale,flow,min,NA
51,2011,sacramento river,11390500,USGS,tisdale,flow,max,NA
51,2011,sacramento river,11390500,USGS,tisdale,flow,mean,5840
51,2011,sacramento river,11390500,USGS,tisdale,flow,min,NA
52,2011,sacramento river,11390500,USGS,tisdale,flow,max,NA
52,2011,sacramento river,11390500,USGS,tisdale,flow,mean,5584.285714285715
52,2011,sacramento river,11390500,USGS,tisdale,flow,min,NA
53,2011,sacramento river,11390500,USGS,tisdale,flow,max,NA
53,2011,sacramento river,11390500,USGS,tisdale,flow,mean,5520
53,2011,sacramento river,11390500,USGS,tisdale,flow,min,NA
1,2012,sacramento river,11390500,USGS,tisdale,flow,max,NA
1,2012,sacramento river,11390500,USGS,tisdale,flow,mean,5431.428571428572
1,2012,sacramento river,11390500,USGS,tisdale,flow,min,NA
2,2012,sacramento river,11390500,USGS,tisdale,flow,max,NA
2,2012,sacramento river,11390500,USGS,tisdale,flow,mean,5827.142857142857
2,2012,sacramento river,11390500,USGS,tisdale,flow,min,NA
3,2012,sacramento river,11390500,USGS,tisdale,flow,max,NA
3,2012,sacramento river,11390500,USGS,tisdale,flow,mean,6031.428571428572
3,2012,sacramento river,11390500,USGS,tisdale,flow,min,NA
4,2012,sacramento river,11390500,USGS,tisdale,flow,max,NA
4,2012,sacramento river,11390500,USGS,tisdale,flow,mean,14728.57142857143
4,2012,sacramento river,11390500,USGS,tisdale,flow,min,NA
5,2012,sacramento river,11390500,USGS,tisdale,flow,max,NA
5,2012,sacramento river,11390500,USGS,tisdale,flow,mean,8910
5,2012,sacramento river,11390500,USGS,tisdale,flow,min,NA
6,2012,sacramento river,11390500,USGS,tisdale,flow,max,NA
6,2012,sacramento river,11390500,USGS,tisdale,flow,mean,6968.571428571428
6,2012,sacramento river,11390500,USGS,tisdale,flow,min,NA
7,2012,sacramento river,11390500,USGS,tisdale,flow,max,NA
7,2012,sacramento river,11390500,USGS,tisdale,flow,mean,7088.571428571428
7,2012,sacramento river,11390500,USGS,tisdale,flow,min,NA
8,2012,sacramento river,11390500,USGS,tisdale,flow,max,NA
8,2012,sacramento river,11390500,USGS,tisdale,flow,mean,6228.571428571428
8,2012,sacramento river,11390500,USGS,tisdale,flow,min,NA
9,2012,sacramento river,11390500,USGS,tisdale,flow,max,NA
9,2012,sacramento river,11390500,USGS,tisdale,flow,mean,6128.571428571428
9,2012,sacramento river,11390500,USGS,tisdale,flow,min,NA
10,2012,sacramento river,11390500,USGS,tisdale,flow,max,NA
10,2012,sacramento river,11390500,USGS,tisdale,flow,mean,5681.428571428572
10,2012,sacramento river,11390500,USGS,tisdale,flow,min,NA
11,2012,sacramento river,11390500,USGS,tisdale,flow,max,NA
11,2012,sacramento river,11390500,USGS,tisdale,flow,mean,9307.142857142857
11,2012,sacramento river,11390500,USGS,tisdale,flow,min,NA
12,2012,sacramento river,11390500,USGS,tisdale,flow,max,NA
12,2012,sacramento river,11390500,USGS,tisdale,flow,mean,12615.714285714286
12,2012,sacramento river,11390500,USGS,tisdale,flow,min,NA
13,2012,sacramento river,11390500,USGS,tisdale,flow,max,NA
13,2012,sacramento river,11390500,USGS,tisdale,flow,mean,14698.57142857143
13,2012,sacramento river,11390500,USGS,tisdale,flow,min,NA
14,2012,sacramento river,11390500,USGS,tisdale,flow,max,NA
14,2012,sacramento river,11390500,USGS,tisdale,flow,mean,15014.285714285714
14,2012,sacramento river,11390500,USGS,tisdale,flow,min,NA
15,2012,sacramento river,11390500,USGS,tisdale,flow,max,NA
15,2012,sacramento river,11390500,USGS,tisdale,flow,mean,10752.857142857143
15,2012,sacramento river,11390500,USGS,tisdale,flow,min,NA
16,2012,sacramento river,11390500,USGS,tisdale,flow,max,NA
16,2012,sacramento river,11390500,USGS,tisdale,flow,mean,12585.714285714286
16,2012,sacramento river,11390500,USGS,tisdale,flow,min,NA
17,2012,sacramento river,11390500,USGS,tisdale,flow,max,NA
17,2012,sacramento river,11390500,USGS,tisdale,flow,mean,11085.714285714286
17,2012,sacramento river,11390500,USGS,tisdale,flow,min,NA
18,2012,sacramento river,11390500,USGS,tisdale,flow,max,NA
18,2012,sacramento river,11390500,USGS,tisdale,flow,mean,8324.285714285714
18,2012,sacramento river,11390500,USGS,tisdale,flow,min,NA
19,2012,sacramento river,11390500,USGS,tisdale,flow,max,NA
19,2012,sacramento river,11390500,USGS,tisdale,flow,mean,4837.142857142857
19,2012,sacramento river,11390500,USGS,tisdale,flow,min,NA
20,2012,sacramento river,11390500,USGS,tisdale,flow,max,NA
20,2012,sacramento river,11390500,USGS,tisdale,flow,mean,5060
20,2012,sacramento river,11390500,USGS,tisdale,flow,min,NA
21,2012,sacramento river,11390500,USGS,tisdale,flow,max,NA
21,2012,sacramento river,11390500,USGS,tisdale,flow,mean,6160
21,2012,sacramento river,11390500,USGS,tisdale,flow,min,NA
22,2012,sacramento river,11390500,USGS,tisdale,flow,max,NA
22,2012,sacramento river,11390500,USGS,tisdale,flow,mean,5968.571428571428
22,2012,sacramento river,11390500,USGS,tisdale,flow,min,NA
23,2012,sacramento river,11390500,USGS,tisdale,flow,max,NA
23,2012,sacramento river,11390500,USGS,tisdale,flow,mean,6668.571428571428
23,2012,sacramento river,11390500,USGS,tisdale,flow,min,NA
24,2012,sacramento river,11390500,USGS,tisdale,flow,max,NA
24,2012,sacramento river,11390500,USGS,tisdale,flow,mean,5788.571428571428
24,2012,sacramento river,11390500,USGS,tisdale,flow,min,NA
25,2012,sacramento river,11390500,USGS,tisdale,flow,max,NA
25,2012,sacramento river,11390500,USGS,tisdale,flow,mean,5924.285714285715
25,2012,sacramento river,11390500,USGS,tisdale,flow,min,NA
26,2012,sacramento river,11390500,USGS,tisdale,flow,max,NA
26,2012,sacramento river,11390500,USGS,tisdale,flow,mean,7567.142857142857
26,2012,sacramento river,11390500,USGS,tisdale,flow,min,NA
27,2012,sacramento river,11390500,USGS,tisdale,flow,max,NA
27,2012,sacramento river,11390500,USGS,tisdale,flow,mean,7908.571428571428
27,2012,sacramento river,11390500,USGS,tisdale,flow,min,NA
28,2012,sacramento river,11390500,USGS,tisdale,flow,max,NA
28,2012,sacramento river,11390500,USGS,tisdale,flow,mean,8142.857142857143
28,2012,sacramento river,11390500,USGS,tisdale,flow,min,NA
29,2012,sacramento river,11390500,USGS,tisdale,flow,max,NA
29,2012,sacramento river,11390500,USGS,tisdale,flow,mean,8330
29,2012,sacramento river,11390500,USGS,tisdale,flow,min,NA
30,2012,sacramento river,11390500,USGS,tisdale,flow,max,NA
30,2012,sacramento river,11390500,USGS,tisdale,flow,mean,8505.714285714286
30,2012,sacramento river,11390500,USGS,tisdale,flow,min,NA
31,2012,sacramento river,11390500,USGS,tisdale,flow,max,NA
31,2012,sacramento river,11390500,USGS,tisdale,flow,mean,8592.857142857143
31,2012,sacramento river,11390500,USGS,tisdale,flow,min,NA
32,2012,sacramento river,11390500,USGS,tisdale,flow,max,NA
32,2012,sacramento river,11390500,USGS,tisdale,flow,mean,8650
32,2012,sacramento river,11390500,USGS,tisdale,flow,min,NA
33,2012,sacramento river,11390500,USGS,tisdale,flow,max,NA
33,2012,sacramento river,11390500,USGS,tisdale,flow,mean,7007.142857142857
33,2012,sacramento river,11390500,USGS,tisdale,flow,min,NA
34,2012,sacramento river,11390500,USGS,tisdale,flow,max,NA
34,2012,sacramento river,11390500,USGS,tisdale,flow,mean,6660
34,2012,sacramento river,11390500,USGS,tisdale,flow,min,NA
35,2012,sacramento river,11390500,USGS,tisdale,flow,max,NA
35,2012,sacramento river,11390500,USGS,tisdale,flow,mean,6615.714285714285
35,2012,sacramento river,11390500,USGS,tisdale,flow,min,NA
36,2012,sacramento river,11390500,USGS,tisdale,flow,max,NA
36,2012,sacramento river,11390500,USGS,tisdale,flow,mean,7068.571428571428
36,2012,sacramento river,11390500,USGS,tisdale,flow,min,NA
37,2012,sacramento river,11390500,USGS,tisdale,flow,max,NA
37,2012,sacramento river,11390500,USGS,tisdale,flow,mean,7031.428571428572
37,2012,sacramento river,11390500,USGS,tisdale,flow,min,NA
38,2012,sacramento river,11390500,USGS,tisdale,flow,max,NA
38,2012,sacramento river,11390500,USGS,tisdale,flow,mean,6634.285714285715
38,2012,sacramento river,11390500,USGS,tisdale,flow,min,NA
39,2012,sacramento river,11390500,USGS,tisdale,flow,max,NA
39,2012,sacramento river,11390500,USGS,tisdale,flow,mean,6337.142857142857
39,2012,sacramento river,11390500,USGS,tisdale,flow,min,NA
40,2012,sacramento river,11390500,USGS,tisdale,flow,max,NA
40,2012,sacramento river,11390500,USGS,tisdale,flow,mean,5935.714285714285
40,2012,sacramento river,11390500,USGS,tisdale,flow,min,NA
41,2012,sacramento river,11390500,USGS,tisdale,flow,max,NA
41,2012,sacramento river,11390500,USGS,tisdale,flow,mean,5578.571428571428
41,2012,sacramento river,11390500,USGS,tisdale,flow,min,NA
42,2012,sacramento river,11390500,USGS,tisdale,flow,max,NA
42,2012,sacramento river,11390500,USGS,tisdale,flow,mean,5047.142857142857
42,2012,sacramento river,11390500,USGS,tisdale,flow,min,NA
43,2012,sacramento river,11390500,USGS,tisdale,flow,max,NA
43,2012,sacramento river,11390500,USGS,tisdale,flow,mean,5447.142857142857
43,2012,sacramento river,11390500,USGS,tisdale,flow,min,NA
44,2012,sacramento river,11390500,USGS,tisdale,flow,max,NA
44,2012,sacramento river,11390500,USGS,tisdale,flow,mean,5152.857142857143
44,2012,sacramento river,11390500,USGS,tisdale,flow,min,NA
45,2012,sacramento river,11390500,USGS,tisdale,flow,max,NA
45,2012,sacramento river,11390500,USGS,tisdale,flow,mean,4804.285714285715
45,2012,sacramento river,11390500,USGS,tisdale,flow,min,NA
46,2012,sacramento river,11390500,USGS,tisdale,flow,max,NA
46,2012,sacramento river,11390500,USGS,tisdale,flow,mean,4217.142857142857
46,2012,sacramento river,11390500,USGS,tisdale,flow,min,NA
47,2012,sacramento river,11390500,USGS,tisdale,flow,max,NA
47,2012,sacramento river,11390500,USGS,tisdale,flow,mean,7850
47,2012,sacramento river,11390500,USGS,tisdale,flow,min,NA
48,2012,sacramento river,11390500,USGS,tisdale,flow,max,NA
48,2012,sacramento river,11390500,USGS,tisdale,flow,mean,8292.857142857143
48,2012,sacramento river,11390500,USGS,tisdale,flow,min,NA
49,2012,sacramento river,11390500,USGS,tisdale,flow,max,NA
49,2012,sacramento river,11390500,USGS,tisdale,flow,mean,24885.714285714286
49,2012,sacramento river,11390500,USGS,tisdale,flow,min,NA
50,2012,sacramento river,11390500,USGS,tisdale,flow,max,NA
50,2012,sacramento river,11390500,USGS,tisdale,flow,mean,14414.285714285714
50,2012,sacramento river,11390500,USGS,tisdale,flow,min,NA
51,2012,sacramento river,11390500,USGS,tisdale,flow,max,NA
51,2012,sacramento river,11390500,USGS,tisdale,flow,mean,12648.57142857143
51,2012,sacramento river,11390500,USGS,tisdale,flow,min,NA
52,2012,sacramento river,11390500,USGS,tisdale,flow,max,NA
52,2012,sacramento river,11390500,USGS,tisdale,flow,mean,25657.14285714286
52,2012,sacramento river,11390500,USGS,tisdale,flow,min,NA
53,2012,sacramento river,11390500,USGS,tisdale,flow,max,NA
53,2012,sacramento river,11390500,USGS,tisdale,flow,mean,19400
53,2012,sacramento river,11390500,USGS,tisdale,flow,min,NA
1,2013,sacramento river,11390500,USGS,tisdale,flow,max,NA
1,2013,sacramento river,11390500,USGS,tisdale,flow,mean,12542.857142857143
1,2013,sacramento river,11390500,USGS,tisdale,flow,min,NA
2,2013,sacramento river,11390500,USGS,tisdale,flow,max,NA
2,2013,sacramento river,11390500,USGS,tisdale,flow,mean,10528.57142857143
2,2013,sacramento river,11390500,USGS,tisdale,flow,min,NA
3,2013,sacramento river,11390500,USGS,tisdale,flow,max,NA
3,2013,sacramento river,11390500,USGS,tisdale,flow,mean,9077.142857142857
3,2013,sacramento river,11390500,USGS,tisdale,flow,min,NA
4,2013,sacramento river,11390500,USGS,tisdale,flow,max,NA
4,2013,sacramento river,11390500,USGS,tisdale,flow,mean,9631.42857142857
4,2013,sacramento river,11390500,USGS,tisdale,flow,min,NA
5,2013,sacramento river,11390500,USGS,tisdale,flow,max,NA
5,2013,sacramento river,11390500,USGS,tisdale,flow,mean,9947.142857142857
5,2013,sacramento river,11390500,USGS,tisdale,flow,min,NA
6,2013,sacramento river,11390500,USGS,tisdale,flow,max,NA
6,2013,sacramento river,11390500,USGS,tisdale,flow,mean,9022.857142857143
6,2013,sacramento river,11390500,USGS,tisdale,flow,min,NA
7,2013,sacramento river,11390500,USGS,tisdale,flow,max,NA
7,2013,sacramento river,11390500,USGS,tisdale,flow,mean,7565.714285714285
7,2013,sacramento river,11390500,USGS,tisdale,flow,min,NA
8,2013,sacramento river,11390500,USGS,tisdale,flow,max,NA
8,2013,sacramento river,11390500,USGS,tisdale,flow,mean,6927.142857142857
8,2013,sacramento river,11390500,USGS,tisdale,flow,min,NA
9,2013,sacramento river,11390500,USGS,tisdale,flow,max,NA
9,2013,sacramento river,11390500,USGS,tisdale,flow,mean,6392.857142857143
9,2013,sacramento river,11390500,USGS,tisdale,flow,min,NA
10,2013,sacramento river,11390500,USGS,tisdale,flow,max,NA
10,2013,sacramento river,11390500,USGS,tisdale,flow,mean,6577.142857142857
10,2013,sacramento river,11390500,USGS,tisdale,flow,min,NA
11,2013,sacramento river,11390500,USGS,tisdale,flow,max,NA
11,2013,sacramento river,11390500,USGS,tisdale,flow,mean,6812.857142857143
11,2013,sacramento river,11390500,USGS,tisdale,flow,min,NA
12,2013,sacramento river,11390500,USGS,tisdale,flow,max,NA
12,2013,sacramento river,11390500,USGS,tisdale,flow,mean,7120
12,2013,sacramento river,11390500,USGS,tisdale,flow,min,NA
13,2013,sacramento river,11390500,USGS,tisdale,flow,max,NA
13,2013,sacramento river,11390500,USGS,tisdale,flow,mean,6598.571428571428
13,2013,sacramento river,11390500,USGS,tisdale,flow,min,NA
14,2013,sacramento river,11390500,USGS,tisdale,flow,max,NA
14,2013,sacramento river,11390500,USGS,tisdale,flow,mean,9588.57142857143
14,2013,sacramento river,11390500,USGS,tisdale,flow,min,NA
15,2013,sacramento river,11390500,USGS,tisdale,flow,max,NA
15,2013,sacramento river,11390500,USGS,tisdale,flow,mean,8980
15,2013,sacramento river,11390500,USGS,tisdale,flow,min,NA
16,2013,sacramento river,11390500,USGS,tisdale,flow,max,NA
16,2013,sacramento river,11390500,USGS,tisdale,flow,mean,5065.714285714285
16,2013,sacramento river,11390500,USGS,tisdale,flow,min,NA
17,2013,sacramento river,11390500,USGS,tisdale,flow,max,NA
17,2013,sacramento river,11390500,USGS,tisdale,flow,mean,4201.428571428572
17,2013,sacramento river,11390500,USGS,tisdale,flow,min,NA
18,2013,sacramento river,11390500,USGS,tisdale,flow,max,NA
18,2013,sacramento river,11390500,USGS,tisdale,flow,mean,5110
18,2013,sacramento river,11390500,USGS,tisdale,flow,min,NA
19,2013,sacramento river,11390500,USGS,tisdale,flow,max,NA
19,2013,sacramento river,11390500,USGS,tisdale,flow,mean,6494.285714285715
19,2013,sacramento river,11390500,USGS,tisdale,flow,min,NA
20,2013,sacramento river,11390500,USGS,tisdale,flow,max,NA
20,2013,sacramento river,11390500,USGS,tisdale,flow,mean,7371.428571428572
20,2013,sacramento river,11390500,USGS,tisdale,flow,min,NA
21,2013,sacramento river,11390500,USGS,tisdale,flow,max,NA
21,2013,sacramento river,11390500,USGS,tisdale,flow,mean,7535.714285714285
21,2013,sacramento river,11390500,USGS,tisdale,flow,min,NA
22,2013,sacramento river,11390500,USGS,tisdale,flow,max,NA
22,2013,sacramento river,11390500,USGS,tisdale,flow,mean,7650
22,2013,sacramento river,11390500,USGS,tisdale,flow,min,NA
23,2013,sacramento river,11390500,USGS,tisdale,flow,max,NA
23,2013,sacramento river,11390500,USGS,tisdale,flow,mean,6742.857142857143
23,2013,sacramento river,11390500,USGS,tisdale,flow,min,NA
24,2013,sacramento river,11390500,USGS,tisdale,flow,max,NA
24,2013,sacramento river,11390500,USGS,tisdale,flow,mean,7791.428571428572
24,2013,sacramento river,11390500,USGS,tisdale,flow,min,NA
25,2013,sacramento river,11390500,USGS,tisdale,flow,max,NA
25,2013,sacramento river,11390500,USGS,tisdale,flow,mean,7120
25,2013,sacramento river,11390500,USGS,tisdale,flow,min,NA
26,2013,sacramento river,11390500,USGS,tisdale,flow,max,NA
26,2013,sacramento river,11390500,USGS,tisdale,flow,mean,8604.285714285714
26,2013,sacramento river,11390500,USGS,tisdale,flow,min,NA
27,2013,sacramento river,11390500,USGS,tisdale,flow,max,NA
27,2013,sacramento river,11390500,USGS,tisdale,flow,mean,8140
27,2013,sacramento river,11390500,USGS,tisdale,flow,min,NA
28,2013,sacramento river,11390500,USGS,tisdale,flow,max,NA
28,2013,sacramento river,11390500,USGS,tisdale,flow,mean,8048.571428571428
28,2013,sacramento river,11390500,USGS,tisdale,flow,min,NA
29,2013,sacramento river,11390500,USGS,tisdale,flow,max,NA
29,2013,sacramento river,11390500,USGS,tisdale,flow,mean,7814.285714285715
29,2013,sacramento river,11390500,USGS,tisdale,flow,min,NA
30,2013,sacramento river,11390500,USGS,tisdale,flow,max,NA
30,2013,sacramento river,11390500,USGS,tisdale,flow,mean,8075.714285714285
30,2013,sacramento river,11390500,USGS,tisdale,flow,min,NA
31,2013,sacramento river,11390500,USGS,tisdale,flow,max,NA
31,2013,sacramento river,11390500,USGS,tisdale,flow,mean,7101.428571428572
31,2013,sacramento river,11390500,USGS,tisdale,flow,min,NA
32,2013,sacramento river,11390500,USGS,tisdale,flow,max,NA
32,2013,sacramento river,11390500,USGS,tisdale,flow,mean,6590
32,2013,sacramento river,11390500,USGS,tisdale,flow,min,NA
33,2013,sacramento river,11390500,USGS,tisdale,flow,max,NA
33,2013,sacramento river,11390500,USGS,tisdale,flow,mean,7028.571428571428
33,2013,sacramento river,11390500,USGS,tisdale,flow,min,NA
34,2013,sacramento river,11390500,USGS,tisdale,flow,max,NA
34,2013,sacramento river,11390500,USGS,tisdale,flow,mean,6778.571428571428
34,2013,sacramento river,11390500,USGS,tisdale,flow,min,NA
35,2013,sacramento river,11390500,USGS,tisdale,flow,max,NA
35,2013,sacramento river,11390500,USGS,tisdale,flow,mean,6338.571428571428
35,2013,sacramento river,11390500,USGS,tisdale,flow,min,NA
36,2013,sacramento river,11390500,USGS,tisdale,flow,max,NA
36,2013,sacramento river,11390500,USGS,tisdale,flow,mean,6184.285714285715
36,2013,sacramento river,11390500,USGS,tisdale,flow,min,NA
37,2013,sacramento river,11390500,USGS,tisdale,flow,max,NA
37,2013,sacramento river,11390500,USGS,tisdale,flow,mean,6518.571428571428
37,2013,sacramento river,11390500,USGS,tisdale,flow,min,NA
38,2013,sacramento river,11390500,USGS,tisdale,flow,max,NA
38,2013,sacramento river,11390500,USGS,tisdale,flow,mean,6710
38,2013,sacramento river,11390500,USGS,tisdale,flow,min,NA
39,2013,sacramento river,11390500,USGS,tisdale,flow,max,NA
39,2013,sacramento river,11390500,USGS,tisdale,flow,mean,6675.714285714285
39,2013,sacramento river,11390500,USGS,tisdale,flow,min,NA
40,2013,sacramento river,11390500,USGS,tisdale,flow,max,NA
40,2013,sacramento river,11390500,USGS,tisdale,flow,mean,5714.285714285715
40,2013,sacramento river,11390500,USGS,tisdale,flow,min,NA
41,2013,sacramento river,11390500,USGS,tisdale,flow,max,NA
41,2013,sacramento river,11390500,USGS,tisdale,flow,mean,4968.571428571428
41,2013,sacramento river,11390500,USGS,tisdale,flow,min,NA
42,2013,sacramento river,11390500,USGS,tisdale,flow,max,NA
42,2013,sacramento river,11390500,USGS,tisdale,flow,mean,4041.4285714285716
42,2013,sacramento river,11390500,USGS,tisdale,flow,min,NA
43,2013,sacramento river,11390500,USGS,tisdale,flow,max,NA
43,2013,sacramento river,11390500,USGS,tisdale,flow,mean,3548.5714285714284
43,2013,sacramento river,11390500,USGS,tisdale,flow,min,NA
44,2013,sacramento river,11390500,USGS,tisdale,flow,max,NA
44,2013,sacramento river,11390500,USGS,tisdale,flow,mean,4935.714285714285
44,2013,sacramento river,11390500,USGS,tisdale,flow,min,NA
45,2013,sacramento river,11390500,USGS,tisdale,flow,max,NA
45,2013,sacramento river,11390500,USGS,tisdale,flow,mean,5070
45,2013,sacramento river,11390500,USGS,tisdale,flow,min,NA
46,2013,sacramento river,11390500,USGS,tisdale,flow,max,NA
46,2013,sacramento river,11390500,USGS,tisdale,flow,mean,4445.714285714285
46,2013,sacramento river,11390500,USGS,tisdale,flow,min,NA
47,2013,sacramento river,11390500,USGS,tisdale,flow,max,NA
47,2013,sacramento river,11390500,USGS,tisdale,flow,mean,4701.428571428572
47,2013,sacramento river,11390500,USGS,tisdale,flow,min,NA
48,2013,sacramento river,11390500,USGS,tisdale,flow,max,NA
48,2013,sacramento river,11390500,USGS,tisdale,flow,mean,4547.142857142857
48,2013,sacramento river,11390500,USGS,tisdale,flow,min,NA
49,2013,sacramento river,11390500,USGS,tisdale,flow,max,NA
49,2013,sacramento river,11390500,USGS,tisdale,flow,mean,4517.142857142857
49,2013,sacramento river,11390500,USGS,tisdale,flow,min,NA
50,2013,sacramento river,11390500,USGS,tisdale,flow,max,NA
50,2013,sacramento river,11390500,USGS,tisdale,flow,mean,4610
50,2013,sacramento river,11390500,USGS,tisdale,flow,min,NA
51,2013,sacramento river,11390500,USGS,tisdale,flow,max,NA
51,2013,sacramento river,11390500,USGS,tisdale,flow,mean,4642.857142857143
51,2013,sacramento river,11390500,USGS,tisdale,flow,min,NA
52,2013,sacramento river,11390500,USGS,tisdale,flow,max,NA
52,2013,sacramento river,11390500,USGS,tisdale,flow,mean,4648.571428571428
52,2013,sacramento river,11390500,USGS,tisdale,flow,min,NA
53,2013,sacramento river,11390500,USGS,tisdale,flow,max,NA
53,2013,sacramento river,11390500,USGS,tisdale,flow,mean,4700
53,2013,sacramento river,11390500,USGS,tisdale,flow,min,NA
1,2014,sacramento river,11390500,USGS,tisdale,flow,max,NA
1,2014,sacramento river,11390500,USGS,tisdale,flow,mean,4465.714285714285
1,2014,sacramento river,11390500,USGS,tisdale,flow,min,NA
2,2014,sacramento river,11390500,USGS,tisdale,flow,max,NA
2,2014,sacramento river,11390500,USGS,tisdale,flow,mean,3832.8571428571427
2,2014,sacramento river,11390500,USGS,tisdale,flow,min,NA
3,2014,sacramento river,11390500,USGS,tisdale,flow,max,NA
3,2014,sacramento river,11390500,USGS,tisdale,flow,mean,3574.285714285714
3,2014,sacramento river,11390500,USGS,tisdale,flow,min,NA
4,2014,sacramento river,11390500,USGS,tisdale,flow,max,NA
4,2014,sacramento river,11390500,USGS,tisdale,flow,mean,3431.4285714285716
4,2014,sacramento river,11390500,USGS,tisdale,flow,min,NA
5,2014,sacramento river,11390500,USGS,tisdale,flow,max,NA
5,2014,sacramento river,11390500,USGS,tisdale,flow,mean,3798.5714285714284
5,2014,sacramento river,11390500,USGS,tisdale,flow,min,NA
6,2014,sacramento river,11390500,USGS,tisdale,flow,max,NA
6,2014,sacramento river,11390500,USGS,tisdale,flow,mean,6358.571428571428
6,2014,sacramento river,11390500,USGS,tisdale,flow,min,NA
7,2014,sacramento river,11390500,USGS,tisdale,flow,max,NA
7,2014,sacramento river,11390500,USGS,tisdale,flow,mean,7974.285714285715
7,2014,sacramento river,11390500,USGS,tisdale,flow,min,NA
8,2014,sacramento river,11390500,USGS,tisdale,flow,max,NA
8,2014,sacramento river,11390500,USGS,tisdale,flow,mean,4990
8,2014,sacramento river,11390500,USGS,tisdale,flow,min,NA
9,2014,sacramento river,11390500,USGS,tisdale,flow,max,NA
9,2014,sacramento river,11390500,USGS,tisdale,flow,mean,8944.285714285714
9,2014,sacramento river,11390500,USGS,tisdale,flow,min,NA
10,2014,sacramento river,11390500,USGS,tisdale,flow,max,NA
10,2014,sacramento river,11390500,USGS,tisdale,flow,mean,15585.714285714286
10,2014,sacramento river,11390500,USGS,tisdale,flow,min,NA
11,2014,sacramento river,11390500,USGS,tisdale,flow,max,NA
11,2014,sacramento river,11390500,USGS,tisdale,flow,mean,10951.42857142857
11,2014,sacramento river,11390500,USGS,tisdale,flow,min,NA
12,2014,sacramento river,11390500,USGS,tisdale,flow,max,NA
12,2014,sacramento river,11390500,USGS,tisdale,flow,mean,5180
12,2014,sacramento river,11390500,USGS,tisdale,flow,min,NA
13,2014,sacramento river,11390500,USGS,tisdale,flow,max,NA
13,2014,sacramento river,11390500,USGS,tisdale,flow,mean,7827.142857142857
13,2014,sacramento river,11390500,USGS,tisdale,flow,min,NA
14,2014,sacramento river,11390500,USGS,tisdale,flow,max,NA
14,2014,sacramento river,11390500,USGS,tisdale,flow,mean,9400
14,2014,sacramento river,11390500,USGS,tisdale,flow,min,NA
15,2014,sacramento river,11390500,USGS,tisdale,flow,max,NA
15,2014,sacramento river,11390500,USGS,tisdale,flow,mean,6131.428571428572
15,2014,sacramento river,11390500,USGS,tisdale,flow,min,NA
16,2014,sacramento river,11390500,USGS,tisdale,flow,max,NA
16,2014,sacramento river,11390500,USGS,tisdale,flow,mean,4750
16,2014,sacramento river,11390500,USGS,tisdale,flow,min,NA
17,2014,sacramento river,11390500,USGS,tisdale,flow,max,NA
17,2014,sacramento river,11390500,USGS,tisdale,flow,mean,4235.714285714285
17,2014,sacramento river,11390500,USGS,tisdale,flow,min,NA
18,2014,sacramento river,11390500,USGS,tisdale,flow,max,NA
18,2014,sacramento river,11390500,USGS,tisdale,flow,mean,3635.714285714286
18,2014,sacramento river,11390500,USGS,tisdale,flow,min,NA
19,2014,sacramento river,11390500,USGS,tisdale,flow,max,NA
19,2014,sacramento river,11390500,USGS,tisdale,flow,mean,3495.714285714286
19,2014,sacramento river,11390500,USGS,tisdale,flow,min,NA
20,2014,sacramento river,11390500,USGS,tisdale,flow,max,NA
20,2014,sacramento river,11390500,USGS,tisdale,flow,mean,3292.8571428571427
20,2014,sacramento river,11390500,USGS,tisdale,flow,min,NA
21,2014,sacramento river,11390500,USGS,tisdale,flow,max,NA
21,2014,sacramento river,11390500,USGS,tisdale,flow,mean,3831.4285714285716
21,2014,sacramento river,11390500,USGS,tisdale,flow,min,NA
22,2014,sacramento river,11390500,USGS,tisdale,flow,max,NA
22,2014,sacramento river,11390500,USGS,tisdale,flow,mean,4582.857142857143
22,2014,sacramento river,11390500,USGS,tisdale,flow,min,NA
23,2014,sacramento river,11390500,USGS,tisdale,flow,max,NA
23,2014,sacramento river,11390500,USGS,tisdale,flow,mean,4880
23,2014,sacramento river,11390500,USGS,tisdale,flow,min,NA
24,2014,sacramento river,11390500,USGS,tisdale,flow,max,NA
24,2014,sacramento river,11390500,USGS,tisdale,flow,mean,4505.714285714285
24,2014,sacramento river,11390500,USGS,tisdale,flow,min,NA
25,2014,sacramento river,11390500,USGS,tisdale,flow,max,NA
25,2014,sacramento river,11390500,USGS,tisdale,flow,mean,5158.571428571428
25,2014,sacramento river,11390500,USGS,tisdale,flow,min,NA
26,2014,sacramento river,11390500,USGS,tisdale,flow,max,NA
26,2014,sacramento river,11390500,USGS,tisdale,flow,mean,5740
26,2014,sacramento river,11390500,USGS,tisdale,flow,min,NA
27,2014,sacramento river,11390500,USGS,tisdale,flow,max,NA
27,2014,sacramento river,11390500,USGS,tisdale,flow,mean,4595.714285714285
27,2014,sacramento river,11390500,USGS,tisdale,flow,min,NA
28,2014,sacramento river,11390500,USGS,tisdale,flow,max,NA
28,2014,sacramento river,11390500,USGS,tisdale,flow,mean,4727.142857142857
28,2014,sacramento river,11390500,USGS,tisdale,flow,min,NA
29,2014,sacramento river,11390500,USGS,tisdale,flow,max,NA
29,2014,sacramento river,11390500,USGS,tisdale,flow,mean,4854.285714285715
29,2014,sacramento river,11390500,USGS,tisdale,flow,min,NA
30,2014,sacramento river,11390500,USGS,tisdale,flow,max,NA
30,2014,sacramento river,11390500,USGS,tisdale,flow,mean,5182.857142857143
30,2014,sacramento river,11390500,USGS,tisdale,flow,min,NA
31,2014,sacramento river,11390500,USGS,tisdale,flow,max,NA
31,2014,sacramento river,11390500,USGS,tisdale,flow,mean,4862.857142857143
31,2014,sacramento river,11390500,USGS,tisdale,flow,min,NA
32,2014,sacramento river,11390500,USGS,tisdale,flow,max,NA
32,2014,sacramento river,11390500,USGS,tisdale,flow,mean,5264.285714285715
32,2014,sacramento river,11390500,USGS,tisdale,flow,min,NA
33,2014,sacramento river,11390500,USGS,tisdale,flow,max,NA
33,2014,sacramento river,11390500,USGS,tisdale,flow,mean,4637.142857142857
33,2014,sacramento river,11390500,USGS,tisdale,flow,min,NA
34,2014,sacramento river,11390500,USGS,tisdale,flow,max,NA
34,2014,sacramento river,11390500,USGS,tisdale,flow,mean,4525.714285714285
34,2014,sacramento river,11390500,USGS,tisdale,flow,min,NA
35,2014,sacramento river,11390500,USGS,tisdale,flow,max,NA
35,2014,sacramento river,11390500,USGS,tisdale,flow,mean,4910
35,2014,sacramento river,11390500,USGS,tisdale,flow,min,NA
36,2014,sacramento river,11390500,USGS,tisdale,flow,max,NA
36,2014,sacramento river,11390500,USGS,tisdale,flow,mean,5097.142857142857
36,2014,sacramento river,11390500,USGS,tisdale,flow,min,NA
37,2014,sacramento river,11390500,USGS,tisdale,flow,max,NA
37,2014,sacramento river,11390500,USGS,tisdale,flow,mean,4877.142857142857
37,2014,sacramento river,11390500,USGS,tisdale,flow,min,NA
38,2014,sacramento river,11390500,USGS,tisdale,flow,max,NA
38,2014,sacramento river,11390500,USGS,tisdale,flow,mean,4811.428571428572
38,2014,sacramento river,11390500,USGS,tisdale,flow,min,NA
39,2014,sacramento river,11390500,USGS,tisdale,flow,max,NA
39,2014,sacramento river,11390500,USGS,tisdale,flow,mean,4780
39,2014,sacramento river,11390500,USGS,tisdale,flow,min,NA
40,2014,sacramento river,11390500,USGS,tisdale,flow,max,NA
40,2014,sacramento river,11390500,USGS,tisdale,flow,mean,4388.571428571428
40,2014,sacramento river,11390500,USGS,tisdale,flow,min,NA
41,2014,sacramento river,11390500,USGS,tisdale,flow,max,NA
41,2014,sacramento river,11390500,USGS,tisdale,flow,mean,3777.1428571428573
41,2014,sacramento river,11390500,USGS,tisdale,flow,min,NA
42,2014,sacramento river,11390500,USGS,tisdale,flow,max,NA
42,2014,sacramento river,11390500,USGS,tisdale,flow,mean,3650
42,2014,sacramento river,11390500,USGS,tisdale,flow,min,NA
43,2014,sacramento river,11390500,USGS,tisdale,flow,max,NA
43,2014,sacramento river,11390500,USGS,tisdale,flow,mean,4030
43,2014,sacramento river,11390500,USGS,tisdale,flow,min,NA
44,2014,sacramento river,11390500,USGS,tisdale,flow,max,NA
44,2014,sacramento river,11390500,USGS,tisdale,flow,mean,4528.571428571428
44,2014,sacramento river,11390500,USGS,tisdale,flow,min,NA
45,2014,sacramento river,11390500,USGS,tisdale,flow,max,NA
45,2014,sacramento river,11390500,USGS,tisdale,flow,mean,4971.428571428572
45,2014,sacramento river,11390500,USGS,tisdale,flow,min,NA
46,2014,sacramento river,11390500,USGS,tisdale,flow,max,NA
46,2014,sacramento river,11390500,USGS,tisdale,flow,mean,5081.428571428572
46,2014,sacramento river,11390500,USGS,tisdale,flow,min,NA
47,2014,sacramento river,11390500,USGS,tisdale,flow,max,NA
47,2014,sacramento river,11390500,USGS,tisdale,flow,mean,5354.285714285715
47,2014,sacramento river,11390500,USGS,tisdale,flow,min,NA
48,2014,sacramento river,11390500,USGS,tisdale,flow,max,NA
48,2014,sacramento river,11390500,USGS,tisdale,flow,mean,5585.714285714285
48,2014,sacramento river,11390500,USGS,tisdale,flow,min,NA
49,2014,sacramento river,11390500,USGS,tisdale,flow,max,NA
49,2014,sacramento river,11390500,USGS,tisdale,flow,mean,15001.42857142857
49,2014,sacramento river,11390500,USGS,tisdale,flow,min,NA
50,2014,sacramento river,11390500,USGS,tisdale,flow,max,NA
50,2014,sacramento river,11390500,USGS,tisdale,flow,mean,20178.571428571428
50,2014,sacramento river,11390500,USGS,tisdale,flow,min,NA
51,2014,sacramento river,11390500,USGS,tisdale,flow,max,NA
51,2014,sacramento river,11390500,USGS,tisdale,flow,mean,25285.714285714286
51,2014,sacramento river,11390500,USGS,tisdale,flow,min,NA
52,2014,sacramento river,11390500,USGS,tisdale,flow,max,NA
52,2014,sacramento river,11390500,USGS,tisdale,flow,mean,16185.714285714286
52,2014,sacramento river,11390500,USGS,tisdale,flow,min,NA
53,2014,sacramento river,11390500,USGS,tisdale,flow,max,NA
53,2014,sacramento river,11390500,USGS,tisdale,flow,mean,10900
53,2014,sacramento river,11390500,USGS,tisdale,flow,min,NA
1,2015,sacramento river,11390500,USGS,tisdale,flow,max,NA
1,2015,sacramento river,11390500,USGS,tisdale,flow,mean,8767.142857142857
1,2015,sacramento river,11390500,USGS,tisdale,flow,min,NA
2,2015,sacramento river,11390500,USGS,tisdale,flow,max,NA
2,2015,sacramento river,11390500,USGS,tisdale,flow,mean,6948.571428571428
2,2015,sacramento river,11390500,USGS,tisdale,flow,min,NA
3,2015,sacramento river,11390500,USGS,tisdale,flow,max,NA
3,2015,sacramento river,11390500,USGS,tisdale,flow,mean,6157.142857142857
3,2015,sacramento river,11390500,USGS,tisdale,flow,min,NA
4,2015,sacramento river,11390500,USGS,tisdale,flow,max,NA
4,2015,sacramento river,11390500,USGS,tisdale,flow,mean,5851.428571428572
4,2015,sacramento river,11390500,USGS,tisdale,flow,min,NA
5,2015,sacramento river,11390500,USGS,tisdale,flow,max,NA
5,2015,sacramento river,11390500,USGS,tisdale,flow,mean,5665.714285714285
5,2015,sacramento river,11390500,USGS,tisdale,flow,min,NA
6,2015,sacramento river,11390500,USGS,tisdale,flow,max,NA
6,2015,sacramento river,11390500,USGS,tisdale,flow,mean,16318.57142857143
6,2015,sacramento river,11390500,USGS,tisdale,flow,min,NA
7,2015,sacramento river,11390500,USGS,tisdale,flow,max,NA
7,2015,sacramento river,11390500,USGS,tisdale,flow,mean,14028.57142857143
7,2015,sacramento river,11390500,USGS,tisdale,flow,min,NA
8,2015,sacramento river,11390500,USGS,tisdale,flow,max,NA
8,2015,sacramento river,11390500,USGS,tisdale,flow,mean,8447.142857142857
8,2015,sacramento river,11390500,USGS,tisdale,flow,min,NA
9,2015,sacramento river,11390500,USGS,tisdale,flow,max,NA
9,2015,sacramento river,11390500,USGS,tisdale,flow,mean,6514.285714285715
9,2015,sacramento river,11390500,USGS,tisdale,flow,min,NA
10,2015,sacramento river,11390500,USGS,tisdale,flow,max,NA
10,2015,sacramento river,11390500,USGS,tisdale,flow,mean,5391.428571428572
10,2015,sacramento river,11390500,USGS,tisdale,flow,min,NA
11,2015,sacramento river,11390500,USGS,tisdale,flow,max,NA
11,2015,sacramento river,11390500,USGS,tisdale,flow,mean,5044.285714285715
11,2015,sacramento river,11390500,USGS,tisdale,flow,min,NA
12,2015,sacramento river,11390500,USGS,tisdale,flow,max,NA
12,2015,sacramento river,11390500,USGS,tisdale,flow,mean,4515.714285714285
12,2015,sacramento river,11390500,USGS,tisdale,flow,min,NA
13,2015,sacramento river,11390500,USGS,tisdale,flow,max,NA
13,2015,sacramento river,11390500,USGS,tisdale,flow,mean,4017.1428571428573
13,2015,sacramento river,11390500,USGS,tisdale,flow,min,NA
14,2015,sacramento river,11390500,USGS,tisdale,flow,max,NA
14,2015,sacramento river,11390500,USGS,tisdale,flow,mean,4117.142857142857
14,2015,sacramento river,11390500,USGS,tisdale,flow,min,NA
15,2015,sacramento river,11390500,USGS,tisdale,flow,max,NA
15,2015,sacramento river,11390500,USGS,tisdale,flow,mean,4445.714285714285
15,2015,sacramento river,11390500,USGS,tisdale,flow,min,NA
16,2015,sacramento river,11390500,USGS,tisdale,flow,max,NA
16,2015,sacramento river,11390500,USGS,tisdale,flow,mean,3905.714285714286
16,2015,sacramento river,11390500,USGS,tisdale,flow,min,NA
17,2015,sacramento river,11390500,USGS,tisdale,flow,max,NA
17,2015,sacramento river,11390500,USGS,tisdale,flow,mean,3967.1428571428573
17,2015,sacramento river,11390500,USGS,tisdale,flow,min,NA
18,2015,sacramento river,11390500,USGS,tisdale,flow,max,NA
18,2015,sacramento river,11390500,USGS,tisdale,flow,mean,3735.714285714286
18,2015,sacramento river,11390500,USGS,tisdale,flow,min,NA
19,2015,sacramento river,11390500,USGS,tisdale,flow,max,NA
19,2015,sacramento river,11390500,USGS,tisdale,flow,mean,3681.4285714285716
19,2015,sacramento river,11390500,USGS,tisdale,flow,min,NA
20,2015,sacramento river,11390500,USGS,tisdale,flow,max,NA
20,2015,sacramento river,11390500,USGS,tisdale,flow,mean,4142.857142857143
20,2015,sacramento river,11390500,USGS,tisdale,flow,min,NA
21,2015,sacramento river,11390500,USGS,tisdale,flow,max,NA
21,2015,sacramento river,11390500,USGS,tisdale,flow,mean,5038.571428571428
21,2015,sacramento river,11390500,USGS,tisdale,flow,min,NA
22,2015,sacramento river,11390500,USGS,tisdale,flow,max,NA
22,2015,sacramento river,11390500,USGS,tisdale,flow,mean,4268.571428571428
22,2015,sacramento river,11390500,USGS,tisdale,flow,min,NA
23,2015,sacramento river,11390500,USGS,tisdale,flow,max,NA
23,2015,sacramento river,11390500,USGS,tisdale,flow,mean,4035.714285714286
23,2015,sacramento river,11390500,USGS,tisdale,flow,min,NA
24,2015,sacramento river,11390500,USGS,tisdale,flow,max,NA
24,2015,sacramento river,11390500,USGS,tisdale,flow,mean,3484.285714285714
24,2015,sacramento river,11390500,USGS,tisdale,flow,min,NA
25,2015,sacramento river,11390500,USGS,tisdale,flow,max,NA
25,2015,sacramento river,11390500,USGS,tisdale,flow,mean,3140
25,2015,sacramento river,11390500,USGS,tisdale,flow,min,NA
26,2015,sacramento river,11390500,USGS,tisdale,flow,max,NA
26,2015,sacramento river,11390500,USGS,tisdale,flow,mean,2961.4285714285716
26,2015,sacramento river,11390500,USGS,tisdale,flow,min,NA
27,2015,sacramento river,11390500,USGS,tisdale,flow,max,NA
27,2015,sacramento river,11390500,USGS,tisdale,flow,mean,3010
27,2015,sacramento river,11390500,USGS,tisdale,flow,min,NA
28,2015,sacramento river,11390500,USGS,tisdale,flow,max,NA
28,2015,sacramento river,11390500,USGS,tisdale,flow,mean,3211.4285714285716
28,2015,sacramento river,11390500,USGS,tisdale,flow,min,NA
29,2015,sacramento river,11390500,USGS,tisdale,flow,max,NA
29,2015,sacramento river,11390500,USGS,tisdale,flow,mean,3214.285714285714
29,2015,sacramento river,11390500,USGS,tisdale,flow,min,NA
30,2015,sacramento river,11390500,USGS,tisdale,flow,max,NA
30,2015,sacramento river,11390500,USGS,tisdale,flow,mean,3084.285714285714
30,2015,sacramento river,11390500,USGS,tisdale,flow,min,NA
31,2015,sacramento river,11390500,USGS,tisdale,flow,max,NA
31,2015,sacramento river,11390500,USGS,tisdale,flow,mean,3132.8571428571427
31,2015,sacramento river,11390500,USGS,tisdale,flow,min,NA
32,2015,sacramento river,11390500,USGS,tisdale,flow,max,NA
32,2015,sacramento river,11390500,USGS,tisdale,flow,mean,3567.1428571428573
32,2015,sacramento river,11390500,USGS,tisdale,flow,min,NA
33,2015,sacramento river,11390500,USGS,tisdale,flow,max,NA
33,2015,sacramento river,11390500,USGS,tisdale,flow,mean,3915.714285714286
33,2015,sacramento river,11390500,USGS,tisdale,flow,min,NA
34,2015,sacramento river,11390500,USGS,tisdale,flow,max,NA
34,2015,sacramento river,11390500,USGS,tisdale,flow,mean,4532.857142857143
34,2015,sacramento river,11390500,USGS,tisdale,flow,min,NA
35,2015,sacramento river,11390500,USGS,tisdale,flow,max,NA
35,2015,sacramento river,11390500,USGS,tisdale,flow,mean,5160
35,2015,sacramento river,11390500,USGS,tisdale,flow,min,NA
36,2015,sacramento river,11390500,USGS,tisdale,flow,max,NA
36,2015,sacramento river,11390500,USGS,tisdale,flow,mean,5741.428571428572
36,2015,sacramento river,11390500,USGS,tisdale,flow,min,NA
37,2015,sacramento river,11390500,USGS,tisdale,flow,max,NA
37,2015,sacramento river,11390500,USGS,tisdale,flow,mean,5934.285714285715
37,2015,sacramento river,11390500,USGS,tisdale,flow,min,NA
38,2015,sacramento river,11390500,USGS,tisdale,flow,max,NA
38,2015,sacramento river,11390500,USGS,tisdale,flow,mean,6137.142857142857
38,2015,sacramento river,11390500,USGS,tisdale,flow,min,NA
39,2015,sacramento river,11390500,USGS,tisdale,flow,max,NA
39,2015,sacramento river,11390500,USGS,tisdale,flow,mean,6010
39,2015,sacramento river,11390500,USGS,tisdale,flow,min,NA
40,2015,sacramento river,11390500,USGS,tisdale,flow,max,NA
40,2015,sacramento river,11390500,USGS,tisdale,flow,mean,5912.857142857143
40,2015,sacramento river,11390500,USGS,tisdale,flow,min,NA
41,2015,sacramento river,11390500,USGS,tisdale,flow,max,NA
41,2015,sacramento river,11390500,USGS,tisdale,flow,mean,5798.571428571428
41,2015,sacramento river,11390500,USGS,tisdale,flow,min,NA
42,2015,sacramento river,11390500,USGS,tisdale,flow,max,NA
42,2015,sacramento river,11390500,USGS,tisdale,flow,mean,5614.285714285715
42,2015,sacramento river,11390500,USGS,tisdale,flow,min,NA
43,2015,sacramento river,11390500,USGS,tisdale,flow,max,NA
43,2015,sacramento river,11390500,USGS,tisdale,flow,mean,4985.714285714285
43,2015,sacramento river,11390500,USGS,tisdale,flow,min,NA
44,2015,sacramento river,11390500,USGS,tisdale,flow,max,NA
44,2015,sacramento river,11390500,USGS,tisdale,flow,mean,4551.428571428572
44,2015,sacramento river,11390500,USGS,tisdale,flow,min,NA
45,2015,sacramento river,11390500,USGS,tisdale,flow,max,NA
45,2015,sacramento river,11390500,USGS,tisdale,flow,mean,4174.285714285715
45,2015,sacramento river,11390500,USGS,tisdale,flow,min,NA
46,2015,sacramento river,11390500,USGS,tisdale,flow,max,NA
46,2015,sacramento river,11390500,USGS,tisdale,flow,mean,4220
46,2015,sacramento river,11390500,USGS,tisdale,flow,min,NA
47,2015,sacramento river,11390500,USGS,tisdale,flow,max,NA
47,2015,sacramento river,11390500,USGS,tisdale,flow,mean,3970
47,2015,sacramento river,11390500,USGS,tisdale,flow,min,NA
48,2015,sacramento river,11390500,USGS,tisdale,flow,max,NA
48,2015,sacramento river,11390500,USGS,tisdale,flow,mean,4048.5714285714284
48,2015,sacramento river,11390500,USGS,tisdale,flow,min,NA
49,2015,sacramento river,11390500,USGS,tisdale,flow,max,NA
49,2015,sacramento river,11390500,USGS,tisdale,flow,mean,4585.714285714285
49,2015,sacramento river,11390500,USGS,tisdale,flow,min,NA
50,2015,sacramento river,11390500,USGS,tisdale,flow,max,NA
50,2015,sacramento river,11390500,USGS,tisdale,flow,mean,6672.857142857143
50,2015,sacramento river,11390500,USGS,tisdale,flow,min,NA
51,2015,sacramento river,11390500,USGS,tisdale,flow,max,NA
51,2015,sacramento river,11390500,USGS,tisdale,flow,mean,9607.142857142857
51,2015,sacramento river,11390500,USGS,tisdale,flow,min,NA
52,2015,sacramento river,11390500,USGS,tisdale,flow,max,NA
52,2015,sacramento river,11390500,USGS,tisdale,flow,mean,9955.714285714286
52,2015,sacramento river,11390500,USGS,tisdale,flow,min,NA
53,2015,sacramento river,11390500,USGS,tisdale,flow,max,NA
53,2015,sacramento river,11390500,USGS,tisdale,flow,mean,5210
53,2015,sacramento river,11390500,USGS,tisdale,flow,min,NA
1,2016,sacramento river,11390500,USGS,tisdale,flow,max,NA
1,2016,sacramento river,11390500,USGS,tisdale,flow,mean,7355.714285714285
1,2016,sacramento river,11390500,USGS,tisdale,flow,min,NA
2,2016,sacramento river,11390500,USGS,tisdale,flow,max,NA
2,2016,sacramento river,11390500,USGS,tisdale,flow,mean,13584.285714285714
2,2016,sacramento river,11390500,USGS,tisdale,flow,min,NA
3,2016,sacramento river,11390500,USGS,tisdale,flow,max,NA
3,2016,sacramento river,11390500,USGS,tisdale,flow,mean,23257.14285714286
3,2016,sacramento river,11390500,USGS,tisdale,flow,min,NA
4,2016,sacramento river,11390500,USGS,tisdale,flow,max,NA
4,2016,sacramento river,11390500,USGS,tisdale,flow,mean,23700
4,2016,sacramento river,11390500,USGS,tisdale,flow,min,NA
5,2016,sacramento river,11390500,USGS,tisdale,flow,max,NA
5,2016,sacramento river,11390500,USGS,tisdale,flow,mean,19785.714285714286
5,2016,sacramento river,11390500,USGS,tisdale,flow,min,NA
6,2016,sacramento river,11390500,USGS,tisdale,flow,max,NA
6,2016,sacramento river,11390500,USGS,tisdale,flow,mean,11265.714285714286
6,2016,sacramento river,11390500,USGS,tisdale,flow,min,NA
7,2016,sacramento river,11390500,USGS,tisdale,flow,max,NA
7,2016,sacramento river,11390500,USGS,tisdale,flow,mean,8540
7,2016,sacramento river,11390500,USGS,tisdale,flow,min,NA
8,2016,sacramento river,11390500,USGS,tisdale,flow,max,NA
8,2016,sacramento river,11390500,USGS,tisdale,flow,mean,9230
8,2016,sacramento river,11390500,USGS,tisdale,flow,min,NA
9,2016,sacramento river,11390500,USGS,tisdale,flow,max,NA
9,2016,sacramento river,11390500,USGS,tisdale,flow,mean,7232.857142857143
9,2016,sacramento river,11390500,USGS,tisdale,flow,min,NA
10,2016,sacramento river,11390500,USGS,tisdale,flow,max,NA
10,2016,sacramento river,11390500,USGS,tisdale,flow,mean,17200
10,2016,sacramento river,11390500,USGS,tisdale,flow,min,NA
11,2016,sacramento river,11390500,USGS,tisdale,flow,max,NA
11,2016,sacramento river,11390500,USGS,tisdale,flow,mean,26214.285714285714
11,2016,sacramento river,11390500,USGS,tisdale,flow,min,NA
12,2016,sacramento river,11390500,USGS,tisdale,flow,max,NA
12,2016,sacramento river,11390500,USGS,tisdale,flow,mean,25214.285714285714
12,2016,sacramento river,11390500,USGS,tisdale,flow,min,NA
13,2016,sacramento river,11390500,USGS,tisdale,flow,max,NA
13,2016,sacramento river,11390500,USGS,tisdale,flow,mean,20085.714285714286
13,2016,sacramento river,11390500,USGS,tisdale,flow,min,NA
14,2016,sacramento river,11390500,USGS,tisdale,flow,max,NA
14,2016,sacramento river,11390500,USGS,tisdale,flow,mean,11742.857142857143
14,2016,sacramento river,11390500,USGS,tisdale,flow,min,NA
15,2016,sacramento river,11390500,USGS,tisdale,flow,max,NA
15,2016,sacramento river,11390500,USGS,tisdale,flow,mean,9615.714285714286
15,2016,sacramento river,11390500,USGS,tisdale,flow,min,NA
16,2016,sacramento river,11390500,USGS,tisdale,flow,max,NA
16,2016,sacramento river,11390500,USGS,tisdale,flow,mean,7875.714285714285
16,2016,sacramento river,11390500,USGS,tisdale,flow,min,NA
17,2016,sacramento river,11390500,USGS,tisdale,flow,max,NA
17,2016,sacramento river,11390500,USGS,tisdale,flow,mean,5400
17,2016,sacramento river,11390500,USGS,tisdale,flow,min,NA
18,2016,sacramento river,11390500,USGS,tisdale,flow,max,NA
18,2016,sacramento river,11390500,USGS,tisdale,flow,mean,3368.5714285714284
18,2016,sacramento river,11390500,USGS,tisdale,flow,min,NA
19,2016,sacramento river,11390500,USGS,tisdale,flow,max,NA
19,2016,sacramento river,11390500,USGS,tisdale,flow,mean,4154.285714285715
19,2016,sacramento river,11390500,USGS,tisdale,flow,min,NA
20,2016,sacramento river,11390500,USGS,tisdale,flow,max,NA
20,2016,sacramento river,11390500,USGS,tisdale,flow,mean,3564.285714285714
20,2016,sacramento river,11390500,USGS,tisdale,flow,min,NA
21,2016,sacramento river,11390500,USGS,tisdale,flow,max,NA
21,2016,sacramento river,11390500,USGS,tisdale,flow,mean,3580
21,2016,sacramento river,11390500,USGS,tisdale,flow,min,NA
22,2016,sacramento river,11390500,USGS,tisdale,flow,max,NA
22,2016,sacramento river,11390500,USGS,tisdale,flow,mean,3422.8571428571427
22,2016,sacramento river,11390500,USGS,tisdale,flow,min,NA
23,2016,sacramento river,11390500,USGS,tisdale,flow,max,NA
23,2016,sacramento river,11390500,USGS,tisdale,flow,mean,3761.4285714285716
23,2016,sacramento river,11390500,USGS,tisdale,flow,min,NA
24,2016,sacramento river,11390500,USGS,tisdale,flow,max,NA
24,2016,sacramento river,11390500,USGS,tisdale,flow,mean,3530
24,2016,sacramento river,11390500,USGS,tisdale,flow,min,NA
25,2016,sacramento river,11390500,USGS,tisdale,flow,max,NA
25,2016,sacramento river,11390500,USGS,tisdale,flow,mean,4154.285714285715
25,2016,sacramento river,11390500,USGS,tisdale,flow,min,NA
26,2016,sacramento river,11390500,USGS,tisdale,flow,max,NA
26,2016,sacramento river,11390500,USGS,tisdale,flow,mean,3915.714285714286
26,2016,sacramento river,11390500,USGS,tisdale,flow,min,NA
27,2016,sacramento river,11390500,USGS,tisdale,flow,max,NA
27,2016,sacramento river,11390500,USGS,tisdale,flow,mean,3567.1428571428573
27,2016,sacramento river,11390500,USGS,tisdale,flow,min,NA
28,2016,sacramento river,11390500,USGS,tisdale,flow,max,NA
28,2016,sacramento river,11390500,USGS,tisdale,flow,mean,4200
28,2016,sacramento river,11390500,USGS,tisdale,flow,min,NA
29,2016,sacramento river,11390500,USGS,tisdale,flow,max,NA
29,2016,sacramento river,11390500,USGS,tisdale,flow,mean,4148.571428571428
29,2016,sacramento river,11390500,USGS,tisdale,flow,min,NA
30,2016,sacramento river,11390500,USGS,tisdale,flow,max,NA
30,2016,sacramento river,11390500,USGS,tisdale,flow,mean,4368.571428571428
30,2016,sacramento river,11390500,USGS,tisdale,flow,min,NA
31,2016,sacramento river,11390500,USGS,tisdale,flow,max,NA
31,2016,sacramento river,11390500,USGS,tisdale,flow,mean,4918.571428571428
31,2016,sacramento river,11390500,USGS,tisdale,flow,min,NA
32,2016,sacramento river,11390500,USGS,tisdale,flow,max,NA
32,2016,sacramento river,11390500,USGS,tisdale,flow,mean,5311.428571428572
32,2016,sacramento river,11390500,USGS,tisdale,flow,min,NA
33,2016,sacramento river,11390500,USGS,tisdale,flow,max,NA
33,2016,sacramento river,11390500,USGS,tisdale,flow,mean,5951.428571428572
33,2016,sacramento river,11390500,USGS,tisdale,flow,min,NA
34,2016,sacramento river,11390500,USGS,tisdale,flow,max,NA
34,2016,sacramento river,11390500,USGS,tisdale,flow,mean,6822.857142857143
34,2016,sacramento river,11390500,USGS,tisdale,flow,min,NA
35,2016,sacramento river,11390500,USGS,tisdale,flow,max,NA
35,2016,sacramento river,11390500,USGS,tisdale,flow,mean,7802.857142857143
35,2016,sacramento river,11390500,USGS,tisdale,flow,min,NA
36,2016,sacramento river,11390500,USGS,tisdale,flow,max,NA
36,2016,sacramento river,11390500,USGS,tisdale,flow,mean,7980
36,2016,sacramento river,11390500,USGS,tisdale,flow,min,NA
37,2016,sacramento river,11390500,USGS,tisdale,flow,max,NA
37,2016,sacramento river,11390500,USGS,tisdale,flow,mean,7675.714285714285
37,2016,sacramento river,11390500,USGS,tisdale,flow,min,NA
38,2016,sacramento river,11390500,USGS,tisdale,flow,max,NA
38,2016,sacramento river,11390500,USGS,tisdale,flow,mean,7782.857142857143
38,2016,sacramento river,11390500,USGS,tisdale,flow,min,NA
39,2016,sacramento river,11390500,USGS,tisdale,flow,max,NA
39,2016,sacramento river,11390500,USGS,tisdale,flow,mean,7108.571428571428
39,2016,sacramento river,11390500,USGS,tisdale,flow,min,NA
40,2016,sacramento river,11390500,USGS,tisdale,flow,max,NA
40,2016,sacramento river,11390500,USGS,tisdale,flow,mean,6578.571428571428
40,2016,sacramento river,11390500,USGS,tisdale,flow,min,NA
41,2016,sacramento river,11390500,USGS,tisdale,flow,max,NA
41,2016,sacramento river,11390500,USGS,tisdale,flow,mean,5767.142857142857
41,2016,sacramento river,11390500,USGS,tisdale,flow,min,NA
42,2016,sacramento river,11390500,USGS,tisdale,flow,max,NA
42,2016,sacramento river,11390500,USGS,tisdale,flow,mean,5585.714285714285
42,2016,sacramento river,11390500,USGS,tisdale,flow,min,NA
43,2016,sacramento river,11390500,USGS,tisdale,flow,max,NA
43,2016,sacramento river,11390500,USGS,tisdale,flow,mean,4707.142857142857
43,2016,sacramento river,11390500,USGS,tisdale,flow,min,NA
44,2016,sacramento river,11390500,USGS,tisdale,flow,max,NA
44,2016,sacramento river,11390500,USGS,tisdale,flow,mean,8451.42857142857
44,2016,sacramento river,11390500,USGS,tisdale,flow,min,NA
45,2016,sacramento river,11390500,USGS,tisdale,flow,max,NA
45,2016,sacramento river,11390500,USGS,tisdale,flow,mean,6770
45,2016,sacramento river,11390500,USGS,tisdale,flow,min,NA
46,2016,sacramento river,11390500,USGS,tisdale,flow,max,NA
46,2016,sacramento river,11390500,USGS,tisdale,flow,mean,5022.857142857143
46,2016,sacramento river,11390500,USGS,tisdale,flow,min,NA
47,2016,sacramento river,11390500,USGS,tisdale,flow,max,NA
47,2016,sacramento river,11390500,USGS,tisdale,flow,mean,9022.857142857143
47,2016,sacramento river,11390500,USGS,tisdale,flow,min,NA
48,2016,sacramento river,11390500,USGS,tisdale,flow,max,NA
48,2016,sacramento river,11390500,USGS,tisdale,flow,mean,10390
48,2016,sacramento river,11390500,USGS,tisdale,flow,min,NA
49,2016,sacramento river,11390500,USGS,tisdale,flow,max,NA
49,2016,sacramento river,11390500,USGS,tisdale,flow,mean,7384.285714285715
49,2016,sacramento river,11390500,USGS,tisdale,flow,min,NA
50,2016,sacramento river,11390500,USGS,tisdale,flow,max,NA
50,2016,sacramento river,11390500,USGS,tisdale,flow,mean,15412.857142857143
50,2016,sacramento river,11390500,USGS,tisdale,flow,min,NA
51,2016,sacramento river,11390500,USGS,tisdale,flow,max,NA
51,2016,sacramento river,11390500,USGS,tisdale,flow,mean,21542.85714285714
51,2016,sacramento river,11390500,USGS,tisdale,flow,min,NA
52,2016,sacramento river,11390500,USGS,tisdale,flow,max,NA
52,2016,sacramento river,11390500,USGS,tisdale,flow,mean,17614.285714285714
52,2016,sacramento river,11390500,USGS,tisdale,flow,min,NA
53,2016,sacramento river,11390500,USGS,tisdale,flow,max,NA
53,2016,sacramento river,11390500,USGS,tisdale,flow,mean,13750
53,2016,sacramento river,11390500,USGS,tisdale,flow,min,NA
1,2017,sacramento river,11390500,USGS,tisdale,flow,max,NA
1,2017,sacramento river,11390500,USGS,tisdale,flow,mean,14600
1,2017,sacramento river,11390500,USGS,tisdale,flow,min,NA
2,2017,sacramento river,11390500,USGS,tisdale,flow,max,NA
2,2017,sacramento river,11390500,USGS,tisdale,flow,mean,24342.85714285714
2,2017,sacramento river,11390500,USGS,tisdale,flow,min,NA
3,2017,sacramento river,11390500,USGS,tisdale,flow,max,NA
3,2017,sacramento river,11390500,USGS,tisdale,flow,mean,25085.714285714286
3,2017,sacramento river,11390500,USGS,tisdale,flow,min,NA
4,2017,sacramento river,11390500,USGS,tisdale,flow,max,NA
4,2017,sacramento river,11390500,USGS,tisdale,flow,mean,25228.571428571428
4,2017,sacramento river,11390500,USGS,tisdale,flow,min,NA
5,2017,sacramento river,11390500,USGS,tisdale,flow,max,NA
5,2017,sacramento river,11390500,USGS,tisdale,flow,mean,23757.14285714286
5,2017,sacramento river,11390500,USGS,tisdale,flow,min,NA
6,2017,sacramento river,11390500,USGS,tisdale,flow,max,NA
6,2017,sacramento river,11390500,USGS,tisdale,flow,mean,25514.285714285714
6,2017,sacramento river,11390500,USGS,tisdale,flow,min,NA
7,2017,sacramento river,11390500,USGS,tisdale,flow,max,NA
7,2017,sacramento river,11390500,USGS,tisdale,flow,mean,26400
7,2017,sacramento river,11390500,USGS,tisdale,flow,min,NA
8,2017,sacramento river,11390500,USGS,tisdale,flow,max,NA
8,2017,sacramento river,11390500,USGS,tisdale,flow,mean,26214.285714285714
8,2017,sacramento river,11390500,USGS,tisdale,flow,min,NA
9,2017,sacramento river,11390500,USGS,tisdale,flow,max,NA
9,2017,sacramento river,11390500,USGS,tisdale,flow,mean,25585.714285714286
9,2017,sacramento river,11390500,USGS,tisdale,flow,min,NA
10,2017,sacramento river,11390500,USGS,tisdale,flow,max,NA
10,2017,sacramento river,11390500,USGS,tisdale,flow,mean,23928.571428571428
10,2017,sacramento river,11390500,USGS,tisdale,flow,min,NA
11,2017,sacramento river,11390500,USGS,tisdale,flow,max,NA
11,2017,sacramento river,11390500,USGS,tisdale,flow,mean,20200
11,2017,sacramento river,11390500,USGS,tisdale,flow,min,NA
12,2017,sacramento river,11390500,USGS,tisdale,flow,max,NA
12,2017,sacramento river,11390500,USGS,tisdale,flow,mean,20042.85714285714
12,2017,sacramento river,11390500,USGS,tisdale,flow,min,NA
13,2017,sacramento river,11390500,USGS,tisdale,flow,max,NA
13,2017,sacramento river,11390500,USGS,tisdale,flow,mean,22057.14285714286
13,2017,sacramento river,11390500,USGS,tisdale,flow,min,NA
14,2017,sacramento river,11390500,USGS,tisdale,flow,max,NA
14,2017,sacramento river,11390500,USGS,tisdale,flow,mean,19457.14285714286
14,2017,sacramento river,11390500,USGS,tisdale,flow,min,NA
15,2017,sacramento river,11390500,USGS,tisdale,flow,max,NA
15,2017,sacramento river,11390500,USGS,tisdale,flow,mean,22314.285714285714
15,2017,sacramento river,11390500,USGS,tisdale,flow,min,NA
16,2017,sacramento river,11390500,USGS,tisdale,flow,max,NA
16,2017,sacramento river,11390500,USGS,tisdale,flow,mean,23842.85714285714
16,2017,sacramento river,11390500,USGS,tisdale,flow,min,NA
17,2017,sacramento river,11390500,USGS,tisdale,flow,max,NA
17,2017,sacramento river,11390500,USGS,tisdale,flow,mean,23471.428571428572
17,2017,sacramento river,11390500,USGS,tisdale,flow,min,NA
18,2017,sacramento river,11390500,USGS,tisdale,flow,max,NA
18,2017,sacramento river,11390500,USGS,tisdale,flow,mean,17014.285714285714
18,2017,sacramento river,11390500,USGS,tisdale,flow,min,NA
19,2017,sacramento river,11390500,USGS,tisdale,flow,max,NA
19,2017,sacramento river,11390500,USGS,tisdale,flow,mean,12060
19,2017,sacramento river,11390500,USGS,tisdale,flow,min,NA
20,2017,sacramento river,11390500,USGS,tisdale,flow,max,NA
20,2017,sacramento river,11390500,USGS,tisdale,flow,mean,11871.42857142857
20,2017,sacramento river,11390500,USGS,tisdale,flow,min,NA
21,2017,sacramento river,11390500,USGS,tisdale,flow,max,NA
21,2017,sacramento river,11390500,USGS,tisdale,flow,mean,10728.57142857143
21,2017,sacramento river,11390500,USGS,tisdale,flow,min,NA
22,2017,sacramento river,11390500,USGS,tisdale,flow,max,NA
22,2017,sacramento river,11390500,USGS,tisdale,flow,mean,10257.142857142857
22,2017,sacramento river,11390500,USGS,tisdale,flow,min,NA
23,2017,sacramento river,11390500,USGS,tisdale,flow,max,NA
23,2017,sacramento river,11390500,USGS,tisdale,flow,mean,9818.57142857143
23,2017,sacramento river,11390500,USGS,tisdale,flow,min,NA
24,2017,sacramento river,11390500,USGS,tisdale,flow,max,NA
24,2017,sacramento river,11390500,USGS,tisdale,flow,mean,8494.285714285714
24,2017,sacramento river,11390500,USGS,tisdale,flow,min,NA
25,2017,sacramento river,11390500,USGS,tisdale,flow,max,NA
25,2017,sacramento river,11390500,USGS,tisdale,flow,mean,6870
25,2017,sacramento river,11390500,USGS,tisdale,flow,min,NA
26,2017,sacramento river,11390500,USGS,tisdale,flow,max,NA
26,2017,sacramento river,11390500,USGS,tisdale,flow,mean,5624.285714285715
26,2017,sacramento river,11390500,USGS,tisdale,flow,min,NA
27,2017,sacramento river,11390500,USGS,tisdale,flow,max,NA
27,2017,sacramento river,11390500,USGS,tisdale,flow,mean,5497.142857142857
27,2017,sacramento river,11390500,USGS,tisdale,flow,min,NA
28,2017,sacramento river,11390500,USGS,tisdale,flow,max,NA
28,2017,sacramento river,11390500,USGS,tisdale,flow,mean,5362.857142857143
28,2017,sacramento river,11390500,USGS,tisdale,flow,min,NA
29,2017,sacramento river,11390500,USGS,tisdale,flow,max,NA
29,2017,sacramento river,11390500,USGS,tisdale,flow,mean,5380
29,2017,sacramento river,11390500,USGS,tisdale,flow,min,NA
30,2017,sacramento river,11390500,USGS,tisdale,flow,max,NA
30,2017,sacramento river,11390500,USGS,tisdale,flow,mean,5471.428571428572
30,2017,sacramento river,11390500,USGS,tisdale,flow,min,NA
31,2017,sacramento river,11390500,USGS,tisdale,flow,max,NA
31,2017,sacramento river,11390500,USGS,tisdale,flow,mean,5612.857142857143
31,2017,sacramento river,11390500,USGS,tisdale,flow,min,NA
32,2017,sacramento river,11390500,USGS,tisdale,flow,max,NA
32,2017,sacramento river,11390500,USGS,tisdale,flow,mean,5707.142857142857
32,2017,sacramento river,11390500,USGS,tisdale,flow,min,NA
33,2017,sacramento river,11390500,USGS,tisdale,flow,max,NA
33,2017,sacramento river,11390500,USGS,tisdale,flow,mean,6528.571428571428
33,2017,sacramento river,11390500,USGS,tisdale,flow,min,NA
34,2017,sacramento river,11390500,USGS,tisdale,flow,max,NA
34,2017,sacramento river,11390500,USGS,tisdale,flow,mean,7001.428571428572
34,2017,sacramento river,11390500,USGS,tisdale,flow,min,NA
35,2017,sacramento river,11390500,USGS,tisdale,flow,max,NA
35,2017,sacramento river,11390500,USGS,tisdale,flow,mean,7157.142857142857
35,2017,sacramento river,11390500,USGS,tisdale,flow,min,NA
36,2017,sacramento river,11390500,USGS,tisdale,flow,max,NA
36,2017,sacramento river,11390500,USGS,tisdale,flow,mean,7284.285714285715
36,2017,sacramento river,11390500,USGS,tisdale,flow,min,NA
37,2017,sacramento river,11390500,USGS,tisdale,flow,max,NA
37,2017,sacramento river,11390500,USGS,tisdale,flow,mean,8025.714285714285
37,2017,sacramento river,11390500,USGS,tisdale,flow,min,NA
38,2017,sacramento river,11390500,USGS,tisdale,flow,max,NA
38,2017,sacramento river,11390500,USGS,tisdale,flow,mean,8135.714285714285
38,2017,sacramento river,11390500,USGS,tisdale,flow,min,NA
39,2017,sacramento river,11390500,USGS,tisdale,flow,max,NA
39,2017,sacramento river,11390500,USGS,tisdale,flow,mean,8137.142857142857
39,2017,sacramento river,11390500,USGS,tisdale,flow,min,NA
40,2017,sacramento river,11390500,USGS,tisdale,flow,max,NA
40,2017,sacramento river,11390500,USGS,tisdale,flow,mean,7380
40,2017,sacramento river,11390500,USGS,tisdale,flow,min,NA
41,2017,sacramento river,11390500,USGS,tisdale,flow,max,NA
41,2017,sacramento river,11390500,USGS,tisdale,flow,mean,6747.142857142857
41,2017,sacramento river,11390500,USGS,tisdale,flow,min,NA
42,2017,sacramento river,11390500,USGS,tisdale,flow,max,NA
42,2017,sacramento river,11390500,USGS,tisdale,flow,mean,6217.142857142857
42,2017,sacramento river,11390500,USGS,tisdale,flow,min,NA
43,2017,sacramento river,11390500,USGS,tisdale,flow,max,NA
43,2017,sacramento river,11390500,USGS,tisdale,flow,mean,6058.571428571428
43,2017,sacramento river,11390500,USGS,tisdale,flow,min,NA
44,2017,sacramento river,11390500,USGS,tisdale,flow,max,NA
44,2017,sacramento river,11390500,USGS,tisdale,flow,mean,5718.571428571428
44,2017,sacramento river,11390500,USGS,tisdale,flow,min,NA
45,2017,sacramento river,11390500,USGS,tisdale,flow,max,NA
45,2017,sacramento river,11390500,USGS,tisdale,flow,mean,5841.428571428572
45,2017,sacramento river,11390500,USGS,tisdale,flow,min,NA
46,2017,sacramento river,11390500,USGS,tisdale,flow,max,NA
46,2017,sacramento river,11390500,USGS,tisdale,flow,mean,6644.285714285715
46,2017,sacramento river,11390500,USGS,tisdale,flow,min,NA
47,2017,sacramento river,11390500,USGS,tisdale,flow,max,NA
47,2017,sacramento river,11390500,USGS,tisdale,flow,mean,7710
47,2017,sacramento river,11390500,USGS,tisdale,flow,min,NA
48,2017,sacramento river,11390500,USGS,tisdale,flow,max,NA
48,2017,sacramento river,11390500,USGS,tisdale,flow,mean,7118.571428571428
48,2017,sacramento river,11390500,USGS,tisdale,flow,min,NA
49,2017,sacramento river,11390500,USGS,tisdale,flow,max,NA
49,2017,sacramento river,11390500,USGS,tisdale,flow,mean,5852.857142857143
49,2017,sacramento river,11390500,USGS,tisdale,flow,min,NA
50,2017,sacramento river,11390500,USGS,tisdale,flow,max,NA
50,2017,sacramento river,11390500,USGS,tisdale,flow,mean,5201.428571428572
50,2017,sacramento river,11390500,USGS,tisdale,flow,min,NA
51,2017,sacramento river,11390500,USGS,tisdale,flow,max,NA
51,2017,sacramento river,11390500,USGS,tisdale,flow,mean,5174.285714285715
51,2017,sacramento river,11390500,USGS,tisdale,flow,min,NA
52,2017,sacramento river,11390500,USGS,tisdale,flow,max,NA
52,2017,sacramento river,11390500,USGS,tisdale,flow,mean,5248.571428571428
52,2017,sacramento river,11390500,USGS,tisdale,flow,min,NA
53,2017,sacramento river,11390500,USGS,tisdale,flow,max,NA
53,2017,sacramento river,11390500,USGS,tisdale,flow,mean,5290
53,2017,sacramento river,11390500,USGS,tisdale,flow,min,NA
1,2018,sacramento river,11390500,USGS,tisdale,flow,max,NA
1,2018,sacramento river,11390500,USGS,tisdale,flow,mean,5178.571428571428
1,2018,sacramento river,11390500,USGS,tisdale,flow,min,NA
2,2018,sacramento river,11390500,USGS,tisdale,flow,max,NA
2,2018,sacramento river,11390500,USGS,tisdale,flow,mean,8475.714285714286
2,2018,sacramento river,11390500,USGS,tisdale,flow,min,NA
3,2018,sacramento river,11390500,USGS,tisdale,flow,max,NA
3,2018,sacramento river,11390500,USGS,tisdale,flow,mean,8100
3,2018,sacramento river,11390500,USGS,tisdale,flow,min,NA
4,2018,sacramento river,11390500,USGS,tisdale,flow,max,NA
4,2018,sacramento river,11390500,USGS,tisdale,flow,mean,10338.57142857143
4,2018,sacramento river,11390500,USGS,tisdale,flow,min,NA
5,2018,sacramento river,11390500,USGS,tisdale,flow,max,NA
5,2018,sacramento river,11390500,USGS,tisdale,flow,mean,8161.428571428572
5,2018,sacramento river,11390500,USGS,tisdale,flow,min,NA
6,2018,sacramento river,11390500,USGS,tisdale,flow,max,NA
6,2018,sacramento river,11390500,USGS,tisdale,flow,mean,6805.714285714285
6,2018,sacramento river,11390500,USGS,tisdale,flow,min,NA
7,2018,sacramento river,11390500,USGS,tisdale,flow,max,NA
7,2018,sacramento river,11390500,USGS,tisdale,flow,mean,5508.571428571428
7,2018,sacramento river,11390500,USGS,tisdale,flow,min,NA
8,2018,sacramento river,11390500,USGS,tisdale,flow,max,NA
8,2018,sacramento river,11390500,USGS,tisdale,flow,mean,4378.571428571428
8,2018,sacramento river,11390500,USGS,tisdale,flow,min,NA
9,2018,sacramento river,11390500,USGS,tisdale,flow,max,NA
9,2018,sacramento river,11390500,USGS,tisdale,flow,mean,4801.428571428572
9,2018,sacramento river,11390500,USGS,tisdale,flow,min,NA
10,2018,sacramento river,11390500,USGS,tisdale,flow,max,NA
10,2018,sacramento river,11390500,USGS,tisdale,flow,mean,5317.142857142857
10,2018,sacramento river,11390500,USGS,tisdale,flow,min,NA
11,2018,sacramento river,11390500,USGS,tisdale,flow,max,NA
11,2018,sacramento river,11390500,USGS,tisdale,flow,mean,9072.857142857143
11,2018,sacramento river,11390500,USGS,tisdale,flow,min,NA
12,2018,sacramento river,11390500,USGS,tisdale,flow,max,NA
12,2018,sacramento river,11390500,USGS,tisdale,flow,mean,13208.57142857143
12,2018,sacramento river,11390500,USGS,tisdale,flow,min,NA
13,2018,sacramento river,11390500,USGS,tisdale,flow,max,NA
13,2018,sacramento river,11390500,USGS,tisdale,flow,mean,10367.142857142857
13,2018,sacramento river,11390500,USGS,tisdale,flow,min,NA
14,2018,sacramento river,11390500,USGS,tisdale,flow,max,NA
14,2018,sacramento river,11390500,USGS,tisdale,flow,mean,9935.714285714286
14,2018,sacramento river,11390500,USGS,tisdale,flow,min,NA
15,2018,sacramento river,11390500,USGS,tisdale,flow,max,NA
15,2018,sacramento river,11390500,USGS,tisdale,flow,mean,16042.857142857143
15,2018,sacramento river,11390500,USGS,tisdale,flow,min,NA
16,2018,sacramento river,11390500,USGS,tisdale,flow,max,NA
16,2018,sacramento river,11390500,USGS,tisdale,flow,mean,8712.857142857143
16,2018,sacramento river,11390500,USGS,tisdale,flow,min,NA
17,2018,sacramento river,11390500,USGS,tisdale,flow,max,NA
17,2018,sacramento river,11390500,USGS,tisdale,flow,mean,6234.285714285715
17,2018,sacramento river,11390500,USGS,tisdale,flow,min,NA
18,2018,sacramento river,11390500,USGS,tisdale,flow,max,NA
18,2018,sacramento river,11390500,USGS,tisdale,flow,mean,4801.428571428572
18,2018,sacramento river,11390500,USGS,tisdale,flow,min,NA
19,2018,sacramento river,11390500,USGS,tisdale,flow,max,NA
19,2018,sacramento river,11390500,USGS,tisdale,flow,mean,4380
19,2018,sacramento river,11390500,USGS,tisdale,flow,min,NA
20,2018,sacramento river,11390500,USGS,tisdale,flow,max,NA
20,2018,sacramento river,11390500,USGS,tisdale,flow,mean,4092.8571428571427
20,2018,sacramento river,11390500,USGS,tisdale,flow,min,NA
21,2018,sacramento river,11390500,USGS,tisdale,flow,max,NA
21,2018,sacramento river,11390500,USGS,tisdale,flow,mean,5540
21,2018,sacramento river,11390500,USGS,tisdale,flow,min,NA
22,2018,sacramento river,11390500,USGS,tisdale,flow,max,NA
22,2018,sacramento river,11390500,USGS,tisdale,flow,mean,6127.142857142857
22,2018,sacramento river,11390500,USGS,tisdale,flow,min,NA
23,2018,sacramento river,11390500,USGS,tisdale,flow,max,NA
23,2018,sacramento river,11390500,USGS,tisdale,flow,mean,5285.714285714285
23,2018,sacramento river,11390500,USGS,tisdale,flow,min,NA
24,2018,sacramento river,11390500,USGS,tisdale,flow,max,NA
24,2018,sacramento river,11390500,USGS,tisdale,flow,mean,4804.285714285715
24,2018,sacramento river,11390500,USGS,tisdale,flow,min,NA
25,2018,sacramento river,11390500,USGS,tisdale,flow,max,NA
25,2018,sacramento river,11390500,USGS,tisdale,flow,mean,5495.714285714285
25,2018,sacramento river,11390500,USGS,tisdale,flow,min,NA
26,2018,sacramento river,11390500,USGS,tisdale,flow,max,NA
26,2018,sacramento river,11390500,USGS,tisdale,flow,mean,5400
26,2018,sacramento river,11390500,USGS,tisdale,flow,min,NA
27,2018,sacramento river,11390500,USGS,tisdale,flow,max,NA
27,2018,sacramento river,11390500,USGS,tisdale,flow,mean,6058.571428571428
27,2018,sacramento river,11390500,USGS,tisdale,flow,min,NA
28,2018,sacramento river,11390500,USGS,tisdale,flow,max,NA
28,2018,sacramento river,11390500,USGS,tisdale,flow,mean,6704.285714285715
28,2018,sacramento river,11390500,USGS,tisdale,flow,min,NA
29,2018,sacramento river,11390500,USGS,tisdale,flow,max,NA
29,2018,sacramento river,11390500,USGS,tisdale,flow,mean,6871.428571428572
29,2018,sacramento river,11390500,USGS,tisdale,flow,min,NA
30,2018,sacramento river,11390500,USGS,tisdale,flow,max,NA
30,2018,sacramento river,11390500,USGS,tisdale,flow,mean,6815.714285714285
30,2018,sacramento river,11390500,USGS,tisdale,flow,min,NA
31,2018,sacramento river,11390500,USGS,tisdale,flow,max,NA
31,2018,sacramento river,11390500,USGS,tisdale,flow,mean,7318.571428571428
31,2018,sacramento river,11390500,USGS,tisdale,flow,min,NA
32,2018,sacramento river,11390500,USGS,tisdale,flow,max,NA
32,2018,sacramento river,11390500,USGS,tisdale,flow,mean,7331.428571428572
32,2018,sacramento river,11390500,USGS,tisdale,flow,min,NA
33,2018,sacramento river,11390500,USGS,tisdale,flow,max,NA
33,2018,sacramento river,11390500,USGS,tisdale,flow,mean,6671.428571428572
33,2018,sacramento river,11390500,USGS,tisdale,flow,min,NA
34,2018,sacramento river,11390500,USGS,tisdale,flow,max,NA
34,2018,sacramento river,11390500,USGS,tisdale,flow,mean,6594.285714285715
34,2018,sacramento river,11390500,USGS,tisdale,flow,min,NA
35,2018,sacramento river,11390500,USGS,tisdale,flow,max,NA
35,2018,sacramento river,11390500,USGS,tisdale,flow,mean,7001.428571428572
35,2018,sacramento river,11390500,USGS,tisdale,flow,min,NA
36,2018,sacramento river,11390500,USGS,tisdale,flow,max,NA
36,2018,sacramento river,11390500,USGS,tisdale,flow,mean,7448.571428571428
36,2018,sacramento river,11390500,USGS,tisdale,flow,min,NA
37,2018,sacramento river,11390500,USGS,tisdale,flow,max,NA
37,2018,sacramento river,11390500,USGS,tisdale,flow,mean,7431.428571428572
37,2018,sacramento river,11390500,USGS,tisdale,flow,min,NA
38,2018,sacramento river,11390500,USGS,tisdale,flow,max,NA
38,2018,sacramento river,11390500,USGS,tisdale,flow,mean,7194.285714285715
38,2018,sacramento river,11390500,USGS,tisdale,flow,min,NA
39,2018,sacramento river,11390500,USGS,tisdale,flow,max,NA
39,2018,sacramento river,11390500,USGS,tisdale,flow,mean,6654.285714285715
39,2018,sacramento river,11390500,USGS,tisdale,flow,min,NA
40,2018,sacramento river,11390500,USGS,tisdale,flow,max,NA
40,2018,sacramento river,11390500,USGS,tisdale,flow,mean,6885.714285714285
40,2018,sacramento river,11390500,USGS,tisdale,flow,min,NA
41,2018,sacramento river,11390500,USGS,tisdale,flow,max,NA
41,2018,sacramento river,11390500,USGS,tisdale,flow,mean,6647.142857142857
41,2018,sacramento river,11390500,USGS,tisdale,flow,min,NA
42,2018,sacramento river,11390500,USGS,tisdale,flow,max,NA
42,2018,sacramento river,11390500,USGS,tisdale,flow,mean,5894.285714285715
42,2018,sacramento river,11390500,USGS,tisdale,flow,min,NA
43,2018,sacramento river,11390500,USGS,tisdale,flow,max,NA
43,2018,sacramento river,11390500,USGS,tisdale,flow,mean,4457.142857142857
43,2018,sacramento river,11390500,USGS,tisdale,flow,min,NA
44,2018,sacramento river,11390500,USGS,tisdale,flow,max,NA
44,2018,sacramento river,11390500,USGS,tisdale,flow,mean,4310
44,2018,sacramento river,11390500,USGS,tisdale,flow,min,NA
45,2018,sacramento river,11390500,USGS,tisdale,flow,max,NA
45,2018,sacramento river,11390500,USGS,tisdale,flow,mean,3845.714285714286
45,2018,sacramento river,11390500,USGS,tisdale,flow,min,NA
46,2018,sacramento river,11390500,USGS,tisdale,flow,max,NA
46,2018,sacramento river,11390500,USGS,tisdale,flow,mean,3748.5714285714284
46,2018,sacramento river,11390500,USGS,tisdale,flow,min,NA
47,2018,sacramento river,11390500,USGS,tisdale,flow,max,NA
47,2018,sacramento river,11390500,USGS,tisdale,flow,mean,5241.428571428572
47,2018,sacramento river,11390500,USGS,tisdale,flow,min,NA
48,2018,sacramento river,11390500,USGS,tisdale,flow,max,NA
48,2018,sacramento river,11390500,USGS,tisdale,flow,mean,7517.142857142857
48,2018,sacramento river,11390500,USGS,tisdale,flow,min,NA
49,2018,sacramento river,11390500,USGS,tisdale,flow,max,NA
49,2018,sacramento river,11390500,USGS,tisdale,flow,mean,5881.428571428572
49,2018,sacramento river,11390500,USGS,tisdale,flow,min,NA
50,2018,sacramento river,11390500,USGS,tisdale,flow,max,NA
50,2018,sacramento river,11390500,USGS,tisdale,flow,mean,4534.285714285715
50,2018,sacramento river,11390500,USGS,tisdale,flow,min,NA
51,2018,sacramento river,11390500,USGS,tisdale,flow,max,NA
51,2018,sacramento river,11390500,USGS,tisdale,flow,mean,9887.142857142857
51,2018,sacramento river,11390500,USGS,tisdale,flow,min,NA
52,2018,sacramento river,11390500,USGS,tisdale,flow,max,NA
52,2018,sacramento river,11390500,USGS,tisdale,flow,mean,9482.857142857143
52,2018,sacramento river,11390500,USGS,tisdale,flow,min,NA
53,2018,sacramento river,11390500,USGS,tisdale,flow,max,NA
53,2018,sacramento river,11390500,USGS,tisdale,flow,mean,6630
53,2018,sacramento river,11390500,USGS,tisdale,flow,min,NA
1,2019,sacramento river,11390500,USGS,tisdale,flow,max,NA
1,2019,sacramento river,11390500,USGS,tisdale,flow,mean,6234.285714285715
1,2019,sacramento river,11390500,USGS,tisdale,flow,min,NA
2,2019,sacramento river,11390500,USGS,tisdale,flow,max,NA
2,2019,sacramento river,11390500,USGS,tisdale,flow,mean,17471.428571428572
2,2019,sacramento river,11390500,USGS,tisdale,flow,min,NA
3,2019,sacramento river,11390500,USGS,tisdale,flow,max,NA
3,2019,sacramento river,11390500,USGS,tisdale,flow,mean,19928.571428571428
3,2019,sacramento river,11390500,USGS,tisdale,flow,min,NA
4,2019,sacramento river,11390500,USGS,tisdale,flow,max,NA
4,2019,sacramento river,11390500,USGS,tisdale,flow,mean,19657.14285714286
4,2019,sacramento river,11390500,USGS,tisdale,flow,min,NA
5,2019,sacramento river,11390500,USGS,tisdale,flow,max,NA
5,2019,sacramento river,11390500,USGS,tisdale,flow,mean,14342.857142857143
5,2019,sacramento river,11390500,USGS,tisdale,flow,min,NA
6,2019,sacramento river,11390500,USGS,tisdale,flow,max,NA
6,2019,sacramento river,11390500,USGS,tisdale,flow,mean,20900
6,2019,sacramento river,11390500,USGS,tisdale,flow,min,NA
7,2019,sacramento river,11390500,USGS,tisdale,flow,max,NA
7,2019,sacramento river,11390500,USGS,tisdale,flow,mean,22757.14285714286
7,2019,sacramento river,11390500,USGS,tisdale,flow,min,NA
8,2019,sacramento river,11390500,USGS,tisdale,flow,max,NA
8,2019,sacramento river,11390500,USGS,tisdale,flow,mean,19800
8,2019,sacramento river,11390500,USGS,tisdale,flow,min,NA
9,2019,sacramento river,11390500,USGS,tisdale,flow,max,NA
9,2019,sacramento river,11390500,USGS,tisdale,flow,mean,24942.85714285714
9,2019,sacramento river,11390500,USGS,tisdale,flow,min,NA
10,2019,sacramento river,11390500,USGS,tisdale,flow,max,NA
10,2019,sacramento river,11390500,USGS,tisdale,flow,mean,27300
10,2019,sacramento river,11390500,USGS,tisdale,flow,min,NA
11,2019,sacramento river,11390500,USGS,tisdale,flow,max,NA
11,2019,sacramento river,11390500,USGS,tisdale,flow,mean,26442.85714285714
11,2019,sacramento river,11390500,USGS,tisdale,flow,min,NA
12,2019,sacramento river,11390500,USGS,tisdale,flow,max,NA
12,2019,sacramento river,11390500,USGS,tisdale,flow,mean,23657.14285714286
12,2019,sacramento river,11390500,USGS,tisdale,flow,min,NA
13,2019,sacramento river,11390500,USGS,tisdale,flow,max,NA
13,2019,sacramento river,11390500,USGS,tisdale,flow,mean,25085.714285714286
13,2019,sacramento river,11390500,USGS,tisdale,flow,min,NA
14,2019,sacramento river,11390500,USGS,tisdale,flow,max,NA
14,2019,sacramento river,11390500,USGS,tisdale,flow,mean,25442.85714285714
14,2019,sacramento river,11390500,USGS,tisdale,flow,min,NA
15,2019,sacramento river,11390500,USGS,tisdale,flow,max,NA
15,2019,sacramento river,11390500,USGS,tisdale,flow,mean,26500
15,2019,sacramento river,11390500,USGS,tisdale,flow,min,NA
16,2019,sacramento river,11390500,USGS,tisdale,flow,max,NA
16,2019,sacramento river,11390500,USGS,tisdale,flow,mean,24400
16,2019,sacramento river,11390500,USGS,tisdale,flow,min,NA
17,2019,sacramento river,11390500,USGS,tisdale,flow,max,NA
17,2019,sacramento river,11390500,USGS,tisdale,flow,mean,16785.714285714286
17,2019,sacramento river,11390500,USGS,tisdale,flow,min,NA
18,2019,sacramento river,11390500,USGS,tisdale,flow,max,NA
18,2019,sacramento river,11390500,USGS,tisdale,flow,mean,9880
18,2019,sacramento river,11390500,USGS,tisdale,flow,min,NA
19,2019,sacramento river,11390500,USGS,tisdale,flow,max,NA
19,2019,sacramento river,11390500,USGS,tisdale,flow,mean,8484.285714285714
19,2019,sacramento river,11390500,USGS,tisdale,flow,min,NA
20,2019,sacramento river,11390500,USGS,tisdale,flow,max,NA
20,2019,sacramento river,11390500,USGS,tisdale,flow,mean,10188.57142857143
20,2019,sacramento river,11390500,USGS,tisdale,flow,min,NA
21,2019,sacramento river,11390500,USGS,tisdale,flow,max,NA
21,2019,sacramento river,11390500,USGS,tisdale,flow,mean,13457.142857142857
21,2019,sacramento river,11390500,USGS,tisdale,flow,min,NA
22,2019,sacramento river,11390500,USGS,tisdale,flow,max,NA
22,2019,sacramento river,11390500,USGS,tisdale,flow,mean,14657.142857142857
22,2019,sacramento river,11390500,USGS,tisdale,flow,min,NA
23,2019,sacramento river,11390500,USGS,tisdale,flow,max,NA
23,2019,sacramento river,11390500,USGS,tisdale,flow,mean,13628.57142857143
23,2019,sacramento river,11390500,USGS,tisdale,flow,min,NA
24,2019,sacramento river,11390500,USGS,tisdale,flow,max,NA
24,2019,sacramento river,11390500,USGS,tisdale,flow,mean,9415.714285714286
24,2019,sacramento river,11390500,USGS,tisdale,flow,min,NA
25,2019,sacramento river,11390500,USGS,tisdale,flow,max,NA
25,2019,sacramento river,11390500,USGS,tisdale,flow,mean,7407.142857142857
25,2019,sacramento river,11390500,USGS,tisdale,flow,min,NA
26,2019,sacramento river,11390500,USGS,tisdale,flow,max,NA
26,2019,sacramento river,11390500,USGS,tisdale,flow,mean,6300
26,2019,sacramento river,11390500,USGS,tisdale,flow,min,NA
27,2019,sacramento river,11390500,USGS,tisdale,flow,max,NA
27,2019,sacramento river,11390500,USGS,tisdale,flow,mean,6632.857142857143
27,2019,sacramento river,11390500,USGS,tisdale,flow,min,NA
28,2019,sacramento river,11390500,USGS,tisdale,flow,max,NA
28,2019,sacramento river,11390500,USGS,tisdale,flow,mean,6647.142857142857
28,2019,sacramento river,11390500,USGS,tisdale,flow,min,NA
29,2019,sacramento river,11390500,USGS,tisdale,flow,max,NA
29,2019,sacramento river,11390500,USGS,tisdale,flow,mean,6422.857142857143
29,2019,sacramento river,11390500,USGS,tisdale,flow,min,NA
30,2019,sacramento river,11390500,USGS,tisdale,flow,max,NA
30,2019,sacramento river,11390500,USGS,tisdale,flow,mean,6335.714285714285
30,2019,sacramento river,11390500,USGS,tisdale,flow,min,NA
31,2019,sacramento river,11390500,USGS,tisdale,flow,max,NA
31,2019,sacramento river,11390500,USGS,tisdale,flow,mean,6451.428571428572
31,2019,sacramento river,11390500,USGS,tisdale,flow,min,NA
32,2019,sacramento river,11390500,USGS,tisdale,flow,max,NA
32,2019,sacramento river,11390500,USGS,tisdale,flow,mean,6755.714285714285
32,2019,sacramento river,11390500,USGS,tisdale,flow,min,NA
33,2019,sacramento river,11390500,USGS,tisdale,flow,max,NA
33,2019,sacramento river,11390500,USGS,tisdale,flow,mean,7128.571428571428
33,2019,sacramento river,11390500,USGS,tisdale,flow,min,NA
34,2019,sacramento river,11390500,USGS,tisdale,flow,max,NA
34,2019,sacramento river,11390500,USGS,tisdale,flow,mean,7627.142857142857
34,2019,sacramento river,11390500,USGS,tisdale,flow,min,NA
35,2019,sacramento river,11390500,USGS,tisdale,flow,max,NA
35,2019,sacramento river,11390500,USGS,tisdale,flow,mean,7652.857142857143
35,2019,sacramento river,11390500,USGS,tisdale,flow,min,NA
36,2019,sacramento river,11390500,USGS,tisdale,flow,max,NA
36,2019,sacramento river,11390500,USGS,tisdale,flow,mean,7652.857142857143
36,2019,sacramento river,11390500,USGS,tisdale,flow,min,NA
37,2019,sacramento river,11390500,USGS,tisdale,flow,max,NA
37,2019,sacramento river,11390500,USGS,tisdale,flow,mean,7842.857142857143
37,2019,sacramento river,11390500,USGS,tisdale,flow,min,NA
38,2019,sacramento river,11390500,USGS,tisdale,flow,max,NA
38,2019,sacramento river,11390500,USGS,tisdale,flow,mean,7960
38,2019,sacramento river,11390500,USGS,tisdale,flow,min,NA
39,2019,sacramento river,11390500,USGS,tisdale,flow,max,NA
39,2019,sacramento river,11390500,USGS,tisdale,flow,mean,7530
39,2019,sacramento river,11390500,USGS,tisdale,flow,min,NA
40,2019,sacramento river,11390500,USGS,tisdale,flow,max,NA
40,2019,sacramento river,11390500,USGS,tisdale,flow,mean,6952.857142857143
40,2019,sacramento river,11390500,USGS,tisdale,flow,min,NA
41,2019,sacramento river,11390500,USGS,tisdale,flow,max,NA
41,2019,sacramento river,11390500,USGS,tisdale,flow,mean,6082.857142857143
41,2019,sacramento river,11390500,USGS,tisdale,flow,min,NA
42,2019,sacramento river,11390500,USGS,tisdale,flow,max,NA
42,2019,sacramento river,11390500,USGS,tisdale,flow,mean,6590
42,2019,sacramento river,11390500,USGS,tisdale,flow,min,NA
43,2019,sacramento river,11390500,USGS,tisdale,flow,max,NA
43,2019,sacramento river,11390500,USGS,tisdale,flow,mean,6184.285714285715
43,2019,sacramento river,11390500,USGS,tisdale,flow,min,NA
44,2019,sacramento river,11390500,USGS,tisdale,flow,max,NA
44,2019,sacramento river,11390500,USGS,tisdale,flow,mean,5341.428571428572
44,2019,sacramento river,11390500,USGS,tisdale,flow,min,NA
45,2019,sacramento river,11390500,USGS,tisdale,flow,max,NA
45,2019,sacramento river,11390500,USGS,tisdale,flow,mean,4102.857142857143
45,2019,sacramento river,11390500,USGS,tisdale,flow,min,NA
46,2019,sacramento river,11390500,USGS,tisdale,flow,max,NA
46,2019,sacramento river,11390500,USGS,tisdale,flow,mean,4195.714285714285
46,2019,sacramento river,11390500,USGS,tisdale,flow,min,NA
47,2019,sacramento river,11390500,USGS,tisdale,flow,max,NA
47,2019,sacramento river,11390500,USGS,tisdale,flow,mean,4445.714285714285
47,2019,sacramento river,11390500,USGS,tisdale,flow,min,NA
48,2019,sacramento river,11390500,USGS,tisdale,flow,max,NA
48,2019,sacramento river,11390500,USGS,tisdale,flow,mean,5132.857142857143
48,2019,sacramento river,11390500,USGS,tisdale,flow,min,NA
49,2019,sacramento river,11390500,USGS,tisdale,flow,max,NA
49,2019,sacramento river,11390500,USGS,tisdale,flow,mean,8461.42857142857
49,2019,sacramento river,11390500,USGS,tisdale,flow,min,NA
50,2019,sacramento river,11390500,USGS,tisdale,flow,max,NA
50,2019,sacramento river,11390500,USGS,tisdale,flow,mean,10125.714285714286
50,2019,sacramento river,11390500,USGS,tisdale,flow,min,NA
51,2019,sacramento river,11390500,USGS,tisdale,flow,max,NA
51,2019,sacramento river,11390500,USGS,tisdale,flow,mean,8481.42857142857
51,2019,sacramento river,11390500,USGS,tisdale,flow,min,NA
52,2019,sacramento river,11390500,USGS,tisdale,flow,max,NA
52,2019,sacramento river,11390500,USGS,tisdale,flow,mean,10212.857142857143
52,2019,sacramento river,11390500,USGS,tisdale,flow,min,NA
53,2019,sacramento river,11390500,USGS,tisdale,flow,max,NA
53,2019,sacramento river,11390500,USGS,tisdale,flow,mean,8680
53,2019,sacramento river,11390500,USGS,tisdale,flow,min,NA
1,2020,sacramento river,11390500,USGS,tisdale,flow,max,NA
1,2020,sacramento river,11390500,USGS,tisdale,flow,mean,7328.571428571428
1,2020,sacramento river,11390500,USGS,tisdale,flow,min,NA
2,2020,sacramento river,11390500,USGS,tisdale,flow,max,NA
2,2020,sacramento river,11390500,USGS,tisdale,flow,mean,7280
2,2020,sacramento river,11390500,USGS,tisdale,flow,min,NA
3,2020,sacramento river,11390500,USGS,tisdale,flow,max,NA
3,2020,sacramento river,11390500,USGS,tisdale,flow,mean,8452.857142857143
3,2020,sacramento river,11390500,USGS,tisdale,flow,min,NA
4,2020,sacramento river,11390500,USGS,tisdale,flow,max,NA
4,2020,sacramento river,11390500,USGS,tisdale,flow,mean,11534.285714285714
4,2020,sacramento river,11390500,USGS,tisdale,flow,min,NA
5,2020,sacramento river,11390500,USGS,tisdale,flow,max,NA
5,2020,sacramento river,11390500,USGS,tisdale,flow,mean,11624.285714285714
5,2020,sacramento river,11390500,USGS,tisdale,flow,min,NA
6,2020,sacramento river,11390500,USGS,tisdale,flow,max,NA
6,2020,sacramento river,11390500,USGS,tisdale,flow,mean,7881.428571428572
6,2020,sacramento river,11390500,USGS,tisdale,flow,min,NA
7,2020,sacramento river,11390500,USGS,tisdale,flow,max,NA
7,2020,sacramento river,11390500,USGS,tisdale,flow,mean,6572.857142857143
7,2020,sacramento river,11390500,USGS,tisdale,flow,min,NA
8,2020,sacramento river,11390500,USGS,tisdale,flow,max,NA
8,2020,sacramento river,11390500,USGS,tisdale,flow,mean,5895.714285714285
8,2020,sacramento river,11390500,USGS,tisdale,flow,min,NA
9,2020,sacramento river,11390500,USGS,tisdale,flow,max,NA
9,2020,sacramento river,11390500,USGS,tisdale,flow,mean,6184.285714285715
9,2020,sacramento river,11390500,USGS,tisdale,flow,min,NA
10,2020,sacramento river,11390500,USGS,tisdale,flow,max,NA
10,2020,sacramento river,11390500,USGS,tisdale,flow,mean,6452.857142857143
10,2020,sacramento river,11390500,USGS,tisdale,flow,min,NA
11,2020,sacramento river,11390500,USGS,tisdale,flow,max,NA
11,2020,sacramento river,11390500,USGS,tisdale,flow,mean,5821.428571428572
11,2020,sacramento river,11390500,USGS,tisdale,flow,min,NA
12,2020,sacramento river,11390500,USGS,tisdale,flow,max,NA
12,2020,sacramento river,11390500,USGS,tisdale,flow,mean,7077.142857142857
12,2020,sacramento river,11390500,USGS,tisdale,flow,min,NA
13,2020,sacramento river,11390500,USGS,tisdale,flow,max,NA
13,2020,sacramento river,11390500,USGS,tisdale,flow,mean,6601.428571428572
13,2020,sacramento river,11390500,USGS,tisdale,flow,min,NA
14,2020,sacramento river,11390500,USGS,tisdale,flow,max,NA
14,2020,sacramento river,11390500,USGS,tisdale,flow,mean,7612.857142857143
14,2020,sacramento river,11390500,USGS,tisdale,flow,min,NA
15,2020,sacramento river,11390500,USGS,tisdale,flow,max,NA
15,2020,sacramento river,11390500,USGS,tisdale,flow,mean,7482.857142857143
15,2020,sacramento river,11390500,USGS,tisdale,flow,min,NA
16,2020,sacramento river,11390500,USGS,tisdale,flow,max,NA
16,2020,sacramento river,11390500,USGS,tisdale,flow,mean,5395.714285714285
16,2020,sacramento river,11390500,USGS,tisdale,flow,min,NA
17,2020,sacramento river,11390500,USGS,tisdale,flow,max,NA
17,2020,sacramento river,11390500,USGS,tisdale,flow,mean,5002.857142857143
17,2020,sacramento river,11390500,USGS,tisdale,flow,min,NA
18,2020,sacramento river,11390500,USGS,tisdale,flow,max,NA
18,2020,sacramento river,11390500,USGS,tisdale,flow,mean,5314.285714285715
18,2020,sacramento river,11390500,USGS,tisdale,flow,min,NA
19,2020,sacramento river,11390500,USGS,tisdale,flow,max,NA
19,2020,sacramento river,11390500,USGS,tisdale,flow,mean,5791.428571428572
19,2020,sacramento river,11390500,USGS,tisdale,flow,min,NA
20,2020,sacramento river,11390500,USGS,tisdale,flow,max,NA
20,2020,sacramento river,11390500,USGS,tisdale,flow,mean,7961.428571428572
20,2020,sacramento river,11390500,USGS,tisdale,flow,min,NA
21,2020,sacramento river,11390500,USGS,tisdale,flow,max,NA
21,2020,sacramento river,11390500,USGS,tisdale,flow,mean,8464.285714285714
21,2020,sacramento river,11390500,USGS,tisdale,flow,min,NA
22,2020,sacramento river,11390500,USGS,tisdale,flow,max,NA
22,2020,sacramento river,11390500,USGS,tisdale,flow,mean,6402.857142857143
22,2020,sacramento river,11390500,USGS,tisdale,flow,min,NA
23,2020,sacramento river,11390500,USGS,tisdale,flow,max,NA
23,2020,sacramento river,11390500,USGS,tisdale,flow,mean,6907.142857142857
23,2020,sacramento river,11390500,USGS,tisdale,flow,min,NA
24,2020,sacramento river,11390500,USGS,tisdale,flow,max,NA
24,2020,sacramento river,11390500,USGS,tisdale,flow,mean,6372.857142857143
24,2020,sacramento river,11390500,USGS,tisdale,flow,min,NA
25,2020,sacramento river,11390500,USGS,tisdale,flow,max,NA
25,2020,sacramento river,11390500,USGS,tisdale,flow,mean,6994.285714285715
25,2020,sacramento river,11390500,USGS,tisdale,flow,min,NA
26,2020,sacramento river,11390500,USGS,tisdale,flow,max,NA
26,2020,sacramento river,11390500,USGS,tisdale,flow,mean,6545.714285714285
26,2020,sacramento river,11390500,USGS,tisdale,flow,min,NA
27,2020,sacramento river,11390500,USGS,tisdale,flow,max,NA
27,2020,sacramento river,11390500,USGS,tisdale,flow,mean,6932.857142857143
27,2020,sacramento river,11390500,USGS,tisdale,flow,min,NA
28,2020,sacramento river,11390500,USGS,tisdale,flow,max,NA
28,2020,sacramento river,11390500,USGS,tisdale,flow,mean,6891.428571428572
28,2020,sacramento river,11390500,USGS,tisdale,flow,min,NA
29,2020,sacramento river,11390500,USGS,tisdale,flow,max,NA
29,2020,sacramento river,11390500,USGS,tisdale,flow,mean,7018.571428571428
29,2020,sacramento river,11390500,USGS,tisdale,flow,min,NA
30,2020,sacramento river,11390500,USGS,tisdale,flow,max,NA
30,2020,sacramento river,11390500,USGS,tisdale,flow,mean,6692.857142857143
30,2020,sacramento river,11390500,USGS,tisdale,flow,min,NA
31,2020,sacramento river,11390500,USGS,tisdale,flow,max,NA
31,2020,sacramento river,11390500,USGS,tisdale,flow,mean,6102.857142857143
31,2020,sacramento river,11390500,USGS,tisdale,flow,min,NA
32,2020,sacramento river,11390500,USGS,tisdale,flow,max,NA
32,2020,sacramento river,11390500,USGS,tisdale,flow,mean,6192.857142857143
32,2020,sacramento river,11390500,USGS,tisdale,flow,min,NA
33,2020,sacramento river,11390500,USGS,tisdale,flow,max,NA
33,2020,sacramento river,11390500,USGS,tisdale,flow,mean,6510
33,2020,sacramento river,11390500,USGS,tisdale,flow,min,NA
34,2020,sacramento river,11390500,USGS,tisdale,flow,max,NA
34,2020,sacramento river,11390500,USGS,tisdale,flow,mean,7187.142857142857
34,2020,sacramento river,11390500,USGS,tisdale,flow,min,NA
35,2020,sacramento river,11390500,USGS,tisdale,flow,max,NA
35,2020,sacramento river,11390500,USGS,tisdale,flow,mean,6804.285714285715
35,2020,sacramento river,11390500,USGS,tisdale,flow,min,NA
36,2020,sacramento river,11390500,USGS,tisdale,flow,max,NA
36,2020,sacramento river,11390500,USGS,tisdale,flow,mean,6325.714285714285
36,2020,sacramento river,11390500,USGS,tisdale,flow,min,NA
37,2020,sacramento river,11390500,USGS,tisdale,flow,max,NA
37,2020,sacramento river,11390500,USGS,tisdale,flow,mean,6292.857142857143
37,2020,sacramento river,11390500,USGS,tisdale,flow,min,NA
38,2020,sacramento river,11390500,USGS,tisdale,flow,max,NA
38,2020,sacramento river,11390500,USGS,tisdale,flow,mean,6271.428571428572
38,2020,sacramento river,11390500,USGS,tisdale,flow,min,NA
39,2020,sacramento river,11390500,USGS,tisdale,flow,max,NA
39,2020,sacramento river,11390500,USGS,tisdale,flow,mean,5965.714285714285
39,2020,sacramento river,11390500,USGS,tisdale,flow,min,NA
40,2020,sacramento river,11390500,USGS,tisdale,flow,max,NA
40,2020,sacramento river,11390500,USGS,tisdale,flow,mean,5627.142857142857
40,2020,sacramento river,11390500,USGS,tisdale,flow,min,NA
41,2020,sacramento river,11390500,USGS,tisdale,flow,max,NA
41,2020,sacramento river,11390500,USGS,tisdale,flow,mean,4864.285714285715
41,2020,sacramento river,11390500,USGS,tisdale,flow,min,NA
42,2020,sacramento river,11390500,USGS,tisdale,flow,max,NA
42,2020,sacramento river,11390500,USGS,tisdale,flow,mean,4077.1428571428573
42,2020,sacramento river,11390500,USGS,tisdale,flow,min,NA
43,2020,sacramento river,11390500,USGS,tisdale,flow,max,NA
43,2020,sacramento river,11390500,USGS,tisdale,flow,mean,3625.714285714286
43,2020,sacramento river,11390500,USGS,tisdale,flow,min,NA
44,2020,sacramento river,11390500,USGS,tisdale,flow,max,NA
44,2020,sacramento river,11390500,USGS,tisdale,flow,mean,3834.285714285714
44,2020,sacramento river,11390500,USGS,tisdale,flow,min,NA
45,2020,sacramento river,11390500,USGS,tisdale,flow,max,NA
45,2020,sacramento river,11390500,USGS,tisdale,flow,mean,4002.8571428571427
45,2020,sacramento river,11390500,USGS,tisdale,flow,min,NA
46,2020,sacramento river,11390500,USGS,tisdale,flow,max,NA
46,2020,sacramento river,11390500,USGS,tisdale,flow,mean,4162.857142857143
46,2020,sacramento river,11390500,USGS,tisdale,flow,min,NA
47,2020,sacramento river,11390500,USGS,tisdale,flow,max,NA
47,2020,sacramento river,11390500,USGS,tisdale,flow,mean,4570
47,2020,sacramento river,11390500,USGS,tisdale,flow,min,NA
48,2020,sacramento river,11390500,USGS,tisdale,flow,max,NA
48,2020,sacramento river,11390500,USGS,tisdale,flow,mean,4381.428571428572
48,2020,sacramento river,11390500,USGS,tisdale,flow,min,NA
49,2020,sacramento river,11390500,USGS,tisdale,flow,max,NA
49,2020,sacramento river,11390500,USGS,tisdale,flow,mean,4125.714285714285
49,2020,sacramento river,11390500,USGS,tisdale,flow,min,NA
50,2020,sacramento river,11390500,USGS,tisdale,flow,max,NA
50,2020,sacramento river,11390500,USGS,tisdale,flow,mean,4304.285714285715
50,2020,sacramento river,11390500,USGS,tisdale,flow,min,NA
51,2020,sacramento river,11390500,USGS,tisdale,flow,max,NA
51,2020,sacramento river,11390500,USGS,tisdale,flow,mean,4984.285714285715
51,2020,sacramento river,11390500,USGS,tisdale,flow,min,NA
52,2020,sacramento river,11390500,USGS,tisdale,flow,max,NA
52,2020,sacramento river,11390500,USGS,tisdale,flow,mean,4671.428571428572
52,2020,sacramento river,11390500,USGS,tisdale,flow,min,NA
53,2020,sacramento river,11390500,USGS,tisdale,flow,max,NA
53,2020,sacramento river,11390500,USGS,tisdale,flow,mean,4605
53,2020,sacramento river,11390500,USGS,tisdale,flow,min,NA
1,2021,sacramento river,11390500,USGS,tisdale,flow,max,NA
1,2021,sacramento river,11390500,USGS,tisdale,flow,mean,4828.571428571428
1,2021,sacramento river,11390500,USGS,tisdale,flow,min,NA
2,2021,sacramento river,11390500,USGS,tisdale,flow,max,NA
2,2021,sacramento river,11390500,USGS,tisdale,flow,mean,4904.285714285715
2,2021,sacramento river,11390500,USGS,tisdale,flow,min,NA
3,2021,sacramento river,11390500,USGS,tisdale,flow,max,NA
3,2021,sacramento river,11390500,USGS,tisdale,flow,mean,4677.142857142857
3,2021,sacramento river,11390500,USGS,tisdale,flow,min,NA
4,2021,sacramento river,11390500,USGS,tisdale,flow,max,NA
4,2021,sacramento river,11390500,USGS,tisdale,flow,mean,4638.571428571428
4,2021,sacramento river,11390500,USGS,tisdale,flow,min,NA
5,2021,sacramento river,11390500,USGS,tisdale,flow,max,NA
5,2021,sacramento river,11390500,USGS,tisdale,flow,mean,9235.714285714286
5,2021,sacramento river,11390500,USGS,tisdale,flow,min,NA
6,2021,sacramento river,11390500,USGS,tisdale,flow,max,NA
6,2021,sacramento river,11390500,USGS,tisdale,flow,mean,7315.714285714285
6,2021,sacramento river,11390500,USGS,tisdale,flow,min,NA
7,2021,sacramento river,11390500,USGS,tisdale,flow,max,NA
7,2021,sacramento river,11390500,USGS,tisdale,flow,mean,8071.428571428572
7,2021,sacramento river,11390500,USGS,tisdale,flow,min,NA
8,2021,sacramento river,11390500,USGS,tisdale,flow,max,NA
8,2021,sacramento river,11390500,USGS,tisdale,flow,mean,6425.714285714285
8,2021,sacramento river,11390500,USGS,tisdale,flow,min,NA
9,2021,sacramento river,11390500,USGS,tisdale,flow,max,NA
9,2021,sacramento river,11390500,USGS,tisdale,flow,mean,4852.857142857143
9,2021,sacramento river,11390500,USGS,tisdale,flow,min,NA
10,2021,sacramento river,11390500,USGS,tisdale,flow,max,NA
10,2021,sacramento river,11390500,USGS,tisdale,flow,mean,4867.142857142857
10,2021,sacramento river,11390500,USGS,tisdale,flow,min,NA
11,2021,sacramento river,11390500,USGS,tisdale,flow,max,NA
11,2021,sacramento river,11390500,USGS,tisdale,flow,mean,5935.714285714285
11,2021,sacramento river,11390500,USGS,tisdale,flow,min,NA
12,2021,sacramento river,11390500,USGS,tisdale,flow,max,NA
12,2021,sacramento river,11390500,USGS,tisdale,flow,mean,7235.714285714285
12,2021,sacramento river,11390500,USGS,tisdale,flow,min,NA
13,2021,sacramento river,11390500,USGS,tisdale,flow,max,NA
13,2021,sacramento river,11390500,USGS,tisdale,flow,mean,5130
13,2021,sacramento river,11390500,USGS,tisdale,flow,min,NA
14,2021,sacramento river,11390500,USGS,tisdale,flow,max,NA
14,2021,sacramento river,11390500,USGS,tisdale,flow,mean,4937.142857142857
14,2021,sacramento river,11390500,USGS,tisdale,flow,min,NA
15,2021,sacramento river,11390500,USGS,tisdale,flow,max,NA
15,2021,sacramento river,11390500,USGS,tisdale,flow,mean,5101.428571428572
15,2021,sacramento river,11390500,USGS,tisdale,flow,min,NA
16,2021,sacramento river,11390500,USGS,tisdale,flow,max,NA
16,2021,sacramento river,11390500,USGS,tisdale,flow,mean,4138.571428571428
16,2021,sacramento river,11390500,USGS,tisdale,flow,min,NA
17,2021,sacramento river,11390500,USGS,tisdale,flow,max,NA
17,2021,sacramento river,11390500,USGS,tisdale,flow,mean,4130
17,2021,sacramento river,11390500,USGS,tisdale,flow,min,NA
18,2021,sacramento river,11390500,USGS,tisdale,flow,max,NA
18,2021,sacramento river,11390500,USGS,tisdale,flow,mean,3921.4285714285716
18,2021,sacramento river,11390500,USGS,tisdale,flow,min,NA
19,2021,sacramento river,11390500,USGS,tisdale,flow,max,NA
19,2021,sacramento river,11390500,USGS,tisdale,flow,mean,4800
19,2021,sacramento river,11390500,USGS,tisdale,flow,min,NA
20,2021,sacramento river,11390500,USGS,tisdale,flow,max,NA
20,2021,sacramento river,11390500,USGS,tisdale,flow,mean,5197.142857142857
20,2021,sacramento river,11390500,USGS,tisdale,flow,min,NA
21,2021,sacramento river,11390500,USGS,tisdale,flow,max,NA
21,2021,sacramento river,11390500,USGS,tisdale,flow,mean,5418.571428571428
21,2021,sacramento river,11390500,USGS,tisdale,flow,min,NA
22,2021,sacramento river,11390500,USGS,tisdale,flow,max,NA
22,2021,sacramento river,11390500,USGS,tisdale,flow,mean,3951.4285714285716
22,2021,sacramento river,11390500,USGS,tisdale,flow,min,NA
23,2021,sacramento river,11390500,USGS,tisdale,flow,max,NA
23,2021,sacramento river,11390500,USGS,tisdale,flow,mean,3545.714285714286
23,2021,sacramento river,11390500,USGS,tisdale,flow,min,NA
24,2021,sacramento river,11390500,USGS,tisdale,flow,max,NA
24,2021,sacramento river,11390500,USGS,tisdale,flow,mean,3338.5714285714284
24,2021,sacramento river,11390500,USGS,tisdale,flow,min,NA
25,2021,sacramento river,11390500,USGS,tisdale,flow,max,NA
25,2021,sacramento river,11390500,USGS,tisdale,flow,mean,3671.4285714285716
25,2021,sacramento river,11390500,USGS,tisdale,flow,min,NA
26,2021,sacramento river,11390500,USGS,tisdale,flow,max,NA
26,2021,sacramento river,11390500,USGS,tisdale,flow,mean,3695.714285714286
26,2021,sacramento river,11390500,USGS,tisdale,flow,min,NA
27,2021,sacramento river,11390500,USGS,tisdale,flow,max,NA
27,2021,sacramento river,11390500,USGS,tisdale,flow,mean,4232.857142857143
27,2021,sacramento river,11390500,USGS,tisdale,flow,min,NA
28,2021,sacramento river,11390500,USGS,tisdale,flow,max,NA
28,2021,sacramento river,11390500,USGS,tisdale,flow,mean,4711.428571428572
28,2021,sacramento river,11390500,USGS,tisdale,flow,min,NA
29,2021,sacramento river,11390500,USGS,tisdale,flow,max,NA
29,2021,sacramento river,11390500,USGS,tisdale,flow,mean,4868.571428571428
29,2021,sacramento river,11390500,USGS,tisdale,flow,min,NA
30,2021,sacramento river,11390500,USGS,tisdale,flow,max,NA
30,2021,sacramento river,11390500,USGS,tisdale,flow,mean,5058.571428571428
30,2021,sacramento river,11390500,USGS,tisdale,flow,min,NA
31,2021,sacramento river,11390500,USGS,tisdale,flow,max,NA
31,2021,sacramento river,11390500,USGS,tisdale,flow,mean,5148.571428571428
31,2021,sacramento river,11390500,USGS,tisdale,flow,min,NA
32,2021,sacramento river,11390500,USGS,tisdale,flow,max,NA
32,2021,sacramento river,11390500,USGS,tisdale,flow,mean,5254.285714285715
32,2021,sacramento river,11390500,USGS,tisdale,flow,min,NA
33,2021,sacramento river,11390500,USGS,tisdale,flow,max,NA
33,2021,sacramento river,11390500,USGS,tisdale,flow,mean,5597.142857142857
33,2021,sacramento river,11390500,USGS,tisdale,flow,min,NA
34,2021,sacramento river,11390500,USGS,tisdale,flow,max,NA
34,2021,sacramento river,11390500,USGS,tisdale,flow,mean,5647.142857142857
34,2021,sacramento river,11390500,USGS,tisdale,flow,min,NA
35,2021,sacramento river,11390500,USGS,tisdale,flow,max,NA
35,2021,sacramento river,11390500,USGS,tisdale,flow,mean,5387.142857142857
35,2021,sacramento river,11390500,USGS,tisdale,flow,min,NA
36,2021,sacramento river,11390500,USGS,tisdale,flow,max,NA
36,2021,sacramento river,11390500,USGS,tisdale,flow,mean,5500
36,2021,sacramento river,11390500,USGS,tisdale,flow,min,NA
37,2021,sacramento river,11390500,USGS,tisdale,flow,max,NA
37,2021,sacramento river,11390500,USGS,tisdale,flow,mean,5675.714285714285
37,2021,sacramento river,11390500,USGS,tisdale,flow,min,NA
38,2021,sacramento river,11390500,USGS,tisdale,flow,max,NA
38,2021,sacramento river,11390500,USGS,tisdale,flow,mean,5650
38,2021,sacramento river,11390500,USGS,tisdale,flow,min,NA
39,2021,sacramento river,11390500,USGS,tisdale,flow,max,NA
39,2021,sacramento river,11390500,USGS,tisdale,flow,mean,5725.714285714285
39,2021,sacramento river,11390500,USGS,tisdale,flow,min,NA
40,2021,sacramento river,11390500,USGS,tisdale,flow,max,NA
40,2021,sacramento river,11390500,USGS,tisdale,flow,mean,5807.142857142857
40,2021,sacramento river,11390500,USGS,tisdale,flow,min,NA
41,2021,sacramento river,11390500,USGS,tisdale,flow,max,NA
41,2021,sacramento river,11390500,USGS,tisdale,flow,mean,5985.714285714285
41,2021,sacramento river,11390500,USGS,tisdale,flow,min,NA
42,2021,sacramento river,11390500,USGS,tisdale,flow,max,NA
42,2021,sacramento river,11390500,USGS,tisdale,flow,mean,6007.142857142857
42,2021,sacramento river,11390500,USGS,tisdale,flow,min,NA
43,2021,sacramento river,11390500,USGS,tisdale,flow,max,NA
43,2021,sacramento river,11390500,USGS,tisdale,flow,mean,13411.42857142857
43,2021,sacramento river,11390500,USGS,tisdale,flow,min,NA
44,2021,sacramento river,11390500,USGS,tisdale,flow,max,NA
44,2021,sacramento river,11390500,USGS,tisdale,flow,mean,8935.714285714286
44,2021,sacramento river,11390500,USGS,tisdale,flow,min,NA
45,2021,sacramento river,11390500,USGS,tisdale,flow,max,NA
45,2021,sacramento river,11390500,USGS,tisdale,flow,mean,7712.857142857143
45,2021,sacramento river,11390500,USGS,tisdale,flow,min,NA
46,2021,sacramento river,11390500,USGS,tisdale,flow,max,NA
46,2021,sacramento river,11390500,USGS,tisdale,flow,mean,6747.142857142857
46,2021,sacramento river,11390500,USGS,tisdale,flow,min,NA
47,2021,sacramento river,11390500,USGS,tisdale,flow,max,NA
47,2021,sacramento river,11390500,USGS,tisdale,flow,mean,4538.571428571428
47,2021,sacramento river,11390500,USGS,tisdale,flow,min,NA
48,2021,sacramento river,11390500,USGS,tisdale,flow,max,NA
48,2021,sacramento river,11390500,USGS,tisdale,flow,mean,4392.857142857143
48,2021,sacramento river,11390500,USGS,tisdale,flow,min,NA
49,2021,sacramento river,11390500,USGS,tisdale,flow,max,NA
49,2021,sacramento river,11390500,USGS,tisdale,flow,mean,4054.285714285714
49,2021,sacramento river,11390500,USGS,tisdale,flow,min,NA
50,2021,sacramento river,11390500,USGS,tisdale,flow,max,NA
50,2021,sacramento river,11390500,USGS,tisdale,flow,mean,7930
50,2021,sacramento river,11390500,USGS,tisdale,flow,min,NA
51,2021,sacramento river,11390500,USGS,tisdale,flow,max,NA
51,2021,sacramento river,11390500,USGS,tisdale,flow,mean,12348.57142857143
51,2021,sacramento river,11390500,USGS,tisdale,flow,min,NA
52,2021,sacramento river,11390500,USGS,tisdale,flow,max,NA
52,2021,sacramento river,11390500,USGS,tisdale,flow,mean,16028.57142857143
52,2021,sacramento river,11390500,USGS,tisdale,flow,min,NA
53,2021,sacramento river,11390500,USGS,tisdale,flow,max,NA
53,2021,sacramento river,11390500,USGS,tisdale,flow,mean,12500
53,2021,sacramento river,11390500,USGS,tisdale,flow,min,NA
1,2022,sacramento river,11390500,USGS,tisdale,flow,max,NA
1,2022,sacramento river,11390500,USGS,tisdale,flow,mean,9962.857142857143
1,2022,sacramento river,11390500,USGS,tisdale,flow,min,NA
2,2022,sacramento river,11390500,USGS,tisdale,flow,max,NA
2,2022,sacramento river,11390500,USGS,tisdale,flow,mean,9830
2,2022,sacramento river,11390500,USGS,tisdale,flow,min,NA
3,2022,sacramento river,11390500,USGS,tisdale,flow,max,NA
3,2022,sacramento river,11390500,USGS,tisdale,flow,mean,7022.857142857143
3,2022,sacramento river,11390500,USGS,tisdale,flow,min,NA
4,2022,sacramento river,11390500,USGS,tisdale,flow,max,NA
4,2022,sacramento river,11390500,USGS,tisdale,flow,mean,5908.571428571428
4,2022,sacramento river,11390500,USGS,tisdale,flow,min,NA
5,2022,sacramento river,11390500,USGS,tisdale,flow,max,NA
5,2022,sacramento river,11390500,USGS,tisdale,flow,mean,5320
5,2022,sacramento river,11390500,USGS,tisdale,flow,min,NA
6,2022,sacramento river,11390500,USGS,tisdale,flow,max,NA
6,2022,sacramento river,11390500,USGS,tisdale,flow,mean,5202.857142857143
6,2022,sacramento river,11390500,USGS,tisdale,flow,min,NA
7,2022,sacramento river,11390500,USGS,tisdale,flow,max,NA
7,2022,sacramento river,11390500,USGS,tisdale,flow,mean,5247.142857142857
7,2022,sacramento river,11390500,USGS,tisdale,flow,min,NA
8,2022,sacramento river,11390500,USGS,tisdale,flow,max,NA
8,2022,sacramento river,11390500,USGS,tisdale,flow,mean,4598.571428571428
8,2022,sacramento river,11390500,USGS,tisdale,flow,min,NA
9,2022,sacramento river,11390500,USGS,tisdale,flow,max,NA
9,2022,sacramento river,11390500,USGS,tisdale,flow,mean,4120
9,2022,sacramento river,11390500,USGS,tisdale,flow,min,NA
10,2022,sacramento river,11390500,USGS,tisdale,flow,max,NA
10,2022,sacramento river,11390500,USGS,tisdale,flow,mean,4164.285714285715
10,2022,sacramento river,11390500,USGS,tisdale,flow,min,NA
11,2022,sacramento river,11390500,USGS,tisdale,flow,max,NA
11,2022,sacramento river,11390500,USGS,tisdale,flow,mean,4177.142857142857
11,2022,sacramento river,11390500,USGS,tisdale,flow,min,NA
12,2022,sacramento river,11390500,USGS,tisdale,flow,max,NA
12,2022,sacramento river,11390500,USGS,tisdale,flow,mean,4284.285714285715
12,2022,sacramento river,11390500,USGS,tisdale,flow,min,NA
13,2022,sacramento river,11390500,USGS,tisdale,flow,max,NA
13,2022,sacramento river,11390500,USGS,tisdale,flow,mean,4252.857142857143
13,2022,sacramento river,11390500,USGS,tisdale,flow,min,NA
14,2022,sacramento river,11390500,USGS,tisdale,flow,max,NA
14,2022,sacramento river,11390500,USGS,tisdale,flow,mean,4394.285714285715
14,2022,sacramento river,11390500,USGS,tisdale,flow,min,NA
15,2022,sacramento river,11390500,USGS,tisdale,flow,max,NA
15,2022,sacramento river,11390500,USGS,tisdale,flow,mean,4178.571428571428
15,2022,sacramento river,11390500,USGS,tisdale,flow,min,NA
16,2022,sacramento river,11390500,USGS,tisdale,flow,max,NA
16,2022,sacramento river,11390500,USGS,tisdale,flow,mean,5442.857142857143
16,2022,sacramento river,11390500,USGS,tisdale,flow,min,NA
17,2022,sacramento river,11390500,USGS,tisdale,flow,max,NA
17,2022,sacramento river,11390500,USGS,tisdale,flow,mean,5481.428571428572
17,2022,sacramento river,11390500,USGS,tisdale,flow,min,NA
18,2022,sacramento river,11390500,USGS,tisdale,flow,max,NA
18,2022,sacramento river,11390500,USGS,tisdale,flow,mean,4230
18,2022,sacramento river,11390500,USGS,tisdale,flow,min,NA
19,2022,sacramento river,11390500,USGS,tisdale,flow,max,NA
19,2022,sacramento river,11390500,USGS,tisdale,flow,mean,3828.5714285714284
19,2022,sacramento river,11390500,USGS,tisdale,flow,min,NA
20,2022,sacramento river,11390500,USGS,tisdale,flow,max,NA
20,2022,sacramento river,11390500,USGS,tisdale,flow,mean,3805.714285714286
20,2022,sacramento river,11390500,USGS,tisdale,flow,min,NA
21,2022,sacramento river,11390500,USGS,tisdale,flow,max,NA
21,2022,sacramento river,11390500,USGS,tisdale,flow,mean,3482.8571428571427
21,2022,sacramento river,11390500,USGS,tisdale,flow,min,NA
22,2022,sacramento river,11390500,USGS,tisdale,flow,max,NA
22,2022,sacramento river,11390500,USGS,tisdale,flow,mean,3474.285714285714
22,2022,sacramento river,11390500,USGS,tisdale,flow,min,NA
23,2022,sacramento river,11390500,USGS,tisdale,flow,max,NA
23,2022,sacramento river,11390500,USGS,tisdale,flow,mean,3574.285714285714
23,2022,sacramento river,11390500,USGS,tisdale,flow,min,NA
24,2022,sacramento river,11390500,USGS,tisdale,flow,max,NA
24,2022,sacramento river,11390500,USGS,tisdale,flow,mean,3411.4285714285716
24,2022,sacramento river,11390500,USGS,tisdale,flow,min,NA
25,2022,sacramento river,11390500,USGS,tisdale,flow,max,NA
25,2022,sacramento river,11390500,USGS,tisdale,flow,mean,3245.714285714286
25,2022,sacramento river,11390500,USGS,tisdale,flow,min,NA
26,2022,sacramento river,11390500,USGS,tisdale,flow,max,NA
26,2022,sacramento river,11390500,USGS,tisdale,flow,mean,3128.5714285714284
26,2022,sacramento river,11390500,USGS,tisdale,flow,min,NA
27,2022,sacramento river,11390500,USGS,tisdale,flow,max,NA
27,2022,sacramento river,11390500,USGS,tisdale,flow,mean,3264.285714285714
27,2022,sacramento river,11390500,USGS,tisdale,flow,min,NA
28,2022,sacramento river,11390500,USGS,tisdale,flow,max,NA
28,2022,sacramento river,11390500,USGS,tisdale,flow,mean,3242.8571428571427
28,2022,sacramento river,11390500,USGS,tisdale,flow,min,NA
29,2022,sacramento river,11390500,USGS,tisdale,flow,max,NA
29,2022,sacramento river,11390500,USGS,tisdale,flow,mean,3135.714285714286
29,2022,sacramento river,11390500,USGS,tisdale,flow,min,NA
30,2022,sacramento river,11390500,USGS,tisdale,flow,max,NA
30,2022,sacramento river,11390500,USGS,tisdale,flow,mean,3122.8571428571427
30,2022,sacramento river,11390500,USGS,tisdale,flow,min,NA
31,2022,sacramento river,11390500,USGS,tisdale,flow,max,NA
31,2022,sacramento river,11390500,USGS,tisdale,flow,mean,3177.1428571428573
31,2022,sacramento river,11390500,USGS,tisdale,flow,min,NA
32,2022,sacramento river,11390500,USGS,tisdale,flow,max,NA
32,2022,sacramento river,11390500,USGS,tisdale,flow,mean,3204.285714285714
32,2022,sacramento river,11390500,USGS,tisdale,flow,min,NA
33,2022,sacramento river,11390500,USGS,tisdale,flow,max,NA
33,2022,sacramento river,11390500,USGS,tisdale,flow,mean,3252.8571428571427
33,2022,sacramento river,11390500,USGS,tisdale,flow,min,NA
34,2022,sacramento river,11390500,USGS,tisdale,flow,max,NA
34,2022,sacramento river,11390500,USGS,tisdale,flow,mean,3187.1428571428573
34,2022,sacramento river,11390500,USGS,tisdale,flow,min,NA
35,2022,sacramento river,11390500,USGS,tisdale,flow,max,NA
35,2022,sacramento river,11390500,USGS,tisdale,flow,mean,3187.1428571428573
35,2022,sacramento river,11390500,USGS,tisdale,flow,min,NA
36,2022,sacramento river,11390500,USGS,tisdale,flow,max,NA
36,2022,sacramento river,11390500,USGS,tisdale,flow,mean,3204.285714285714
36,2022,sacramento river,11390500,USGS,tisdale,flow,min,NA
37,2022,sacramento river,11390500,USGS,tisdale,flow,max,NA
37,2022,sacramento river,11390500,USGS,tisdale,flow,mean,3165.714285714286
37,2022,sacramento river,11390500,USGS,tisdale,flow,min,NA
38,2022,sacramento river,11390500,USGS,tisdale,flow,max,NA
38,2022,sacramento river,11390500,USGS,tisdale,flow,mean,3465.714285714286
38,2022,sacramento river,11390500,USGS,tisdale,flow,min,NA
39,2022,sacramento river,11390500,USGS,tisdale,flow,max,NA
39,2022,sacramento river,11390500,USGS,tisdale,flow,mean,3484.285714285714
39,2022,sacramento river,11390500,USGS,tisdale,flow,min,NA
40,2022,sacramento river,11390500,USGS,tisdale,flow,max,NA
40,2022,sacramento river,11390500,USGS,tisdale,flow,mean,3325.714285714286
40,2022,sacramento river,11390500,USGS,tisdale,flow,min,NA
41,2022,sacramento river,11390500,USGS,tisdale,flow,max,NA
41,2022,sacramento river,11390500,USGS,tisdale,flow,mean,3274.285714285714
41,2022,sacramento river,11390500,USGS,tisdale,flow,min,NA
42,2022,sacramento river,11390500,USGS,tisdale,flow,max,NA
42,2022,sacramento river,11390500,USGS,tisdale,flow,mean,3214.285714285714
42,2022,sacramento river,11390500,USGS,tisdale,flow,min,NA
43,2022,sacramento river,11390500,USGS,tisdale,flow,max,NA
43,2022,sacramento river,11390500,USGS,tisdale,flow,mean,3230
43,2022,sacramento river,11390500,USGS,tisdale,flow,min,NA
44,2022,sacramento river,11390500,USGS,tisdale,flow,max,NA
44,2022,sacramento river,11390500,USGS,tisdale,flow,mean,3292.8571428571427
44,2022,sacramento river,11390500,USGS,tisdale,flow,min,NA
45,2022,sacramento river,11390500,USGS,tisdale,flow,max,NA
45,2022,sacramento river,11390500,USGS,tisdale,flow,mean,3744.285714285714
45,2022,sacramento river,11390500,USGS,tisdale,flow,min,NA
46,2022,sacramento river,11390500,USGS,tisdale,flow,max,NA
46,2022,sacramento river,11390500,USGS,tisdale,flow,mean,3450
46,2022,sacramento river,11390500,USGS,tisdale,flow,min,NA
47,2022,sacramento river,11390500,USGS,tisdale,flow,max,NA
47,2022,sacramento river,11390500,USGS,tisdale,flow,mean,3137.1428571428573
47,2022,sacramento river,11390500,USGS,tisdale,flow,min,NA
48,2022,sacramento river,11390500,USGS,tisdale,flow,max,NA
48,2022,sacramento river,11390500,USGS,tisdale,flow,mean,3185.714285714286
48,2022,sacramento river,11390500,USGS,tisdale,flow,min,NA
49,2022,sacramento river,11390500,USGS,tisdale,flow,max,NA
49,2022,sacramento river,11390500,USGS,tisdale,flow,mean,4831.428571428572
49,2022,sacramento river,11390500,USGS,tisdale,flow,min,NA
50,2022,sacramento river,11390500,USGS,tisdale,flow,max,NA
50,2022,sacramento river,11390500,USGS,tisdale,flow,mean,7618.571428571428
50,2022,sacramento river,11390500,USGS,tisdale,flow,min,NA
51,2022,sacramento river,11390500,USGS,tisdale,flow,max,NA
51,2022,sacramento river,11390500,USGS,tisdale,flow,mean,3608.5714285714284
51,2022,sacramento river,11390500,USGS,tisdale,flow,min,NA
52,2022,sacramento river,11390500,USGS,tisdale,flow,max,NA
52,2022,sacramento river,11390500,USGS,tisdale,flow,mean,6838.571428571428
52,2022,sacramento river,11390500,USGS,tisdale,flow,min,NA
53,2022,sacramento river,11390500,USGS,tisdale,flow,max,NA
53,2022,sacramento river,11390500,USGS,tisdale,flow,mean,17400
53,2022,sacramento river,11390500,USGS,tisdale,flow,min,NA
1,2023,sacramento river,11390500,USGS,tisdale,flow,max,NA
1,2023,sacramento river,11390500,USGS,tisdale,flow,mean,20585.714285714286
1,2023,sacramento river,11390500,USGS,tisdale,flow,min,NA
2,2023,sacramento river,11390500,USGS,tisdale,flow,max,NA
2,2023,sacramento river,11390500,USGS,tisdale,flow,mean,26414.285714285714
2,2023,sacramento river,11390500,USGS,tisdale,flow,min,NA
3,2023,sacramento river,11390500,USGS,tisdale,flow,max,NA
3,2023,sacramento river,11390500,USGS,tisdale,flow,mean,25700
3,2023,sacramento river,11390500,USGS,tisdale,flow,min,NA
4,2023,sacramento river,11390500,USGS,tisdale,flow,max,NA
4,2023,sacramento river,11390500,USGS,tisdale,flow,mean,15400
4,2023,sacramento river,11390500,USGS,tisdale,flow,min,NA
5,2023,sacramento river,11390500,USGS,tisdale,flow,max,NA
5,2023,sacramento river,11390500,USGS,tisdale,flow,mean,10071.42857142857
5,2023,sacramento river,11390500,USGS,tisdale,flow,min,NA
6,2023,sacramento river,11390500,USGS,tisdale,flow,max,NA
6,2023,sacramento river,11390500,USGS,tisdale,flow,mean,9498.57142857143
6,2023,sacramento river,11390500,USGS,tisdale,flow,min,NA
7,2023,sacramento river,11390500,USGS,tisdale,flow,max,NA
7,2023,sacramento river,11390500,USGS,tisdale,flow,mean,8190
7,2023,sacramento river,11390500,USGS,tisdale,flow,min,NA
8,2023,sacramento river,11390500,USGS,tisdale,flow,max,NA
8,2023,sacramento river,11390500,USGS,tisdale,flow,mean,6661.428571428572
8,2023,sacramento river,11390500,USGS,tisdale,flow,min,NA
9,2023,sacramento river,11390500,USGS,tisdale,flow,max,NA
9,2023,sacramento river,11390500,USGS,tisdale,flow,mean,13285.714285714286
9,2023,sacramento river,11390500,USGS,tisdale,flow,min,NA
10,2023,sacramento river,11390500,USGS,tisdale,flow,max,NA
10,2023,sacramento river,11390500,USGS,tisdale,flow,mean,13285.714285714286
10,2023,sacramento river,11390500,USGS,tisdale,flow,min,NA
11,2023,sacramento river,11390500,USGS,tisdale,flow,max,NA
11,2023,sacramento river,11390500,USGS,tisdale,flow,mean,25642.85714285714
11,2023,sacramento river,11390500,USGS,tisdale,flow,min,NA
12,2023,sacramento river,11390500,USGS,tisdale,flow,max,NA
12,2023,sacramento river,11390500,USGS,tisdale,flow,mean,24542.85714285714
12,2023,sacramento river,11390500,USGS,tisdale,flow,min,NA
13,2023,sacramento river,11390500,USGS,tisdale,flow,max,NA
13,2023,sacramento river,11390500,USGS,tisdale,flow,mean,22428.571428571428
13,2023,sacramento river,11390500,USGS,tisdale,flow,min,NA
14,2023,sacramento river,11390500,USGS,tisdale,flow,max,NA
14,2023,sacramento river,11390500,USGS,tisdale,flow,mean,16414.285714285714
14,2023,sacramento river,11390500,USGS,tisdale,flow,min,NA
15,2023,sacramento river,11390500,USGS,tisdale,flow,max,NA
15,2023,sacramento river,11390500,USGS,tisdale,flow,mean,15742.857142857143
15,2023,sacramento river,11390500,USGS,tisdale,flow,min,NA
16,2023,sacramento river,11390500,USGS,tisdale,flow,max,NA
16,2023,sacramento river,11390500,USGS,tisdale,flow,mean,12742.857142857143
16,2023,sacramento river,11390500,USGS,tisdale,flow,min,NA
17,2023,sacramento river,11390500,USGS,tisdale,flow,max,NA
17,2023,sacramento river,11390500,USGS,tisdale,flow,mean,13028.57142857143
17,2023,sacramento river,11390500,USGS,tisdale,flow,min,NA
18,2023,sacramento river,11390500,USGS,tisdale,flow,max,NA
18,2023,sacramento river,11390500,USGS,tisdale,flow,mean,14814.285714285714
18,2023,sacramento river,11390500,USGS,tisdale,flow,min,NA
19,2023,sacramento river,11390500,USGS,tisdale,flow,max,NA
19,2023,sacramento river,11390500,USGS,tisdale,flow,mean,16100
19,2023,sacramento river,11390500,USGS,tisdale,flow,min,NA
20,2023,sacramento river,11390500,USGS,tisdale,flow,max,NA
20,2023,sacramento river,11390500,USGS,tisdale,flow,mean,14042.857142857143
20,2023,sacramento river,11390500,USGS,tisdale,flow,min,NA
21,2023,sacramento river,11390500,USGS,tisdale,flow,max,NA
21,2023,sacramento river,11390500,USGS,tisdale,flow,mean,13728.57142857143
21,2023,sacramento river,11390500,USGS,tisdale,flow,min,NA
22,2023,sacramento river,11390500,USGS,tisdale,flow,max,NA
22,2023,sacramento river,11390500,USGS,tisdale,flow,mean,10818.57142857143
22,2023,sacramento river,11390500,USGS,tisdale,flow,min,NA
23,2023,sacramento river,11390500,USGS,tisdale,flow,max,NA
23,2023,sacramento river,11390500,USGS,tisdale,flow,mean,8841.42857142857
23,2023,sacramento river,11390500,USGS,tisdale,flow,min,NA
24,2023,sacramento river,11390500,USGS,tisdale,flow,max,NA
24,2023,sacramento river,11390500,USGS,tisdale,flow,mean,7334.285714285715
24,2023,sacramento river,11390500,USGS,tisdale,flow,min,NA
25,2023,sacramento river,11390500,USGS,tisdale,flow,max,NA
25,2023,sacramento river,11390500,USGS,tisdale,flow,mean,5350
25,2023,sacramento river,11390500,USGS,tisdale,flow,min,NA
26,2023,sacramento river,11390500,USGS,tisdale,flow,max,NA
26,2023,sacramento river,11390500,USGS,tisdale,flow,mean,4892.857142857143
26,2023,sacramento river,11390500,USGS,tisdale,flow,min,NA
27,2023,sacramento river,11390500,USGS,tisdale,flow,max,NA
27,2023,sacramento river,11390500,USGS,tisdale,flow,mean,5028.571428571428
27,2023,sacramento river,11390500,USGS,tisdale,flow,min,NA
28,2023,sacramento river,11390500,USGS,tisdale,flow,max,NA
28,2023,sacramento river,11390500,USGS,tisdale,flow,mean,5020
28,2023,sacramento river,11390500,USGS,tisdale,flow,min,NA
29,2023,sacramento river,11390500,USGS,tisdale,flow,max,NA
29,2023,sacramento river,11390500,USGS,tisdale,flow,mean,5308.571428571428
29,2023,sacramento river,11390500,USGS,tisdale,flow,min,NA
30,2023,sacramento river,11390500,USGS,tisdale,flow,max,NA
30,2023,sacramento river,11390500,USGS,tisdale,flow,mean,4884.285714285715
30,2023,sacramento river,11390500,USGS,tisdale,flow,min,NA
31,2023,sacramento river,11390500,USGS,tisdale,flow,max,NA
31,2023,sacramento river,11390500,USGS,tisdale,flow,mean,5208.571428571428
31,2023,sacramento river,11390500,USGS,tisdale,flow,min,NA
32,2023,sacramento river,11390500,USGS,tisdale,flow,max,NA
32,2023,sacramento river,11390500,USGS,tisdale,flow,mean,5210
32,2023,sacramento river,11390500,USGS,tisdale,flow,min,NA
33,2023,sacramento river,11390500,USGS,tisdale,flow,max,NA
33,2023,sacramento river,11390500,USGS,tisdale,flow,mean,5447.142857142857
33,2023,sacramento river,11390500,USGS,tisdale,flow,min,NA
34,2023,sacramento river,11390500,USGS,tisdale,flow,max,NA
34,2023,sacramento river,11390500,USGS,tisdale,flow,mean,6061.428571428572
34,2023,sacramento river,11390500,USGS,tisdale,flow,min,NA
35,2023,sacramento river,11390500,USGS,tisdale,flow,max,NA
35,2023,sacramento river,11390500,USGS,tisdale,flow,mean,6441.428571428572
35,2023,sacramento river,11390500,USGS,tisdale,flow,min,NA
36,2023,sacramento river,11390500,USGS,tisdale,flow,max,NA
36,2023,sacramento river,11390500,USGS,tisdale,flow,mean,6691.428571428572
36,2023,sacramento river,11390500,USGS,tisdale,flow,min,NA
37,2023,sacramento river,11390500,USGS,tisdale,flow,max,NA
37,2023,sacramento river,11390500,USGS,tisdale,flow,mean,6725.714285714285
37,2023,sacramento river,11390500,USGS,tisdale,flow,min,NA
38,2023,sacramento river,11390500,USGS,tisdale,flow,max,NA
38,2023,sacramento river,11390500,USGS,tisdale,flow,mean,6764.285714285715
38,2023,sacramento river,11390500,USGS,tisdale,flow,min,NA
39,2023,sacramento river,11390500,USGS,tisdale,flow,max,NA
39,2023,sacramento river,11390500,USGS,tisdale,flow,mean,6068.571428571428
39,2023,sacramento river,11390500,USGS,tisdale,flow,min,NA
40,2023,sacramento river,11390500,USGS,tisdale,flow,max,NA
40,2023,sacramento river,11390500,USGS,tisdale,flow,mean,6092.857142857143
40,2023,sacramento river,11390500,USGS,tisdale,flow,min,NA
41,2023,sacramento river,11390500,USGS,tisdale,flow,max,NA
41,2023,sacramento river,11390500,USGS,tisdale,flow,mean,5525.714285714285
41,2023,sacramento river,11390500,USGS,tisdale,flow,min,NA
42,2023,sacramento river,11390500,USGS,tisdale,flow,max,NA
42,2023,sacramento river,11390500,USGS,tisdale,flow,mean,5151.428571428572
42,2023,sacramento river,11390500,USGS,tisdale,flow,min,NA
43,2023,sacramento river,11390500,USGS,tisdale,flow,max,NA
43,2023,sacramento river,11390500,USGS,tisdale,flow,mean,4990
43,2023,sacramento river,11390500,USGS,tisdale,flow,min,NA
44,2023,sacramento river,11390500,USGS,tisdale,flow,max,NA
44,2023,sacramento river,11390500,USGS,tisdale,flow,mean,4787.142857142857
44,2023,sacramento river,11390500,USGS,tisdale,flow,min,NA
45,2023,sacramento river,11390500,USGS,tisdale,flow,max,NA
45,2023,sacramento river,11390500,USGS,tisdale,flow,mean,3740
45,2023,sacramento river,11390500,USGS,tisdale,flow,min,NA
46,2023,sacramento river,11390500,USGS,tisdale,flow,max,NA
46,2023,sacramento river,11390500,USGS,tisdale,flow,mean,3620
46,2023,sacramento river,11390500,USGS,tisdale,flow,min,NA
47,2023,sacramento river,11390500,USGS,tisdale,flow,max,NA
47,2023,sacramento river,11390500,USGS,tisdale,flow,mean,4298.571428571428
47,2023,sacramento river,11390500,USGS,tisdale,flow,min,NA
48,2023,sacramento river,11390500,USGS,tisdale,flow,max,NA
48,2023,sacramento river,11390500,USGS,tisdale,flow,mean,4138.571428571428
48,2023,sacramento river,11390500,USGS,tisdale,flow,min,NA
49,2023,sacramento river,11390500,USGS,tisdale,flow,max,NA
49,2023,sacramento river,11390500,USGS,tisdale,flow,mean,4527.142857142857
49,2023,sacramento river,11390500,USGS,tisdale,flow,min,NA
50,2023,sacramento river,11390500,USGS,tisdale,flow,max,NA
50,2023,sacramento river,11390500,USGS,tisdale,flow,mean,4721.428571428572
50,2023,sacramento river,11390500,USGS,tisdale,flow,min,NA
51,2023,sacramento river,11390500,USGS,tisdale,flow,max,NA
51,2023,sacramento river,11390500,USGS,tisdale,flow,mean,8220
51,2023,sacramento river,11390500,USGS,tisdale,flow,min,NA
52,2023,sacramento river,11390500,USGS,tisdale,flow,max,NA
52,2023,sacramento river,11390500,USGS,tisdale,flow,mean,7918.571428571428
52,2023,sacramento river,11390500,USGS,tisdale,flow,min,NA
53,2023,sacramento river,11390500,USGS,tisdale,flow,max,NA
53,2023,sacramento river,11390500,USGS,tisdale,flow,mean,14800
53,2023,sacramento river,11390500,USGS,tisdale,flow,min,NA
1,2024,sacramento river,11390500,USGS,tisdale,flow,max,NA
1,2024,sacramento river,11390500,USGS,tisdale,flow,mean,11792.857142857143
1,2024,sacramento river,11390500,USGS,tisdale,flow,min,NA
2,2024,sacramento river,11390500,USGS,tisdale,flow,max,NA
2,2024,sacramento river,11390500,USGS,tisdale,flow,mean,9005.714285714286
2,2024,sacramento river,11390500,USGS,tisdale,flow,min,NA
3,2024,sacramento river,11390500,USGS,tisdale,flow,max,NA
3,2024,sacramento river,11390500,USGS,tisdale,flow,mean,17000
3,2024,sacramento river,11390500,USGS,tisdale,flow,min,NA
4,2024,sacramento river,11390500,USGS,tisdale,flow,max,NA
4,2024,sacramento river,11390500,USGS,tisdale,flow,mean,23171.428571428572
4,2024,sacramento river,11390500,USGS,tisdale,flow,min,NA
5,2024,sacramento river,11390500,USGS,tisdale,flow,max,NA
5,2024,sacramento river,11390500,USGS,tisdale,flow,mean,20642.85714285714
5,2024,sacramento river,11390500,USGS,tisdale,flow,min,NA
6,2024,sacramento river,11390500,USGS,tisdale,flow,max,NA
6,2024,sacramento river,11390500,USGS,tisdale,flow,mean,25714.285714285714
6,2024,sacramento river,11390500,USGS,tisdale,flow,min,NA
7,2024,sacramento river,11390500,USGS,tisdale,flow,max,NA
7,2024,sacramento river,11390500,USGS,tisdale,flow,mean,23528.571428571428
7,2024,sacramento river,11390500,USGS,tisdale,flow,min,NA
8,2024,sacramento river,11390500,USGS,tisdale,flow,max,NA
8,2024,sacramento river,11390500,USGS,tisdale,flow,mean,26442.85714285714
8,2024,sacramento river,11390500,USGS,tisdale,flow,min,NA
9,2024,sacramento river,11390500,USGS,tisdale,flow,max,NA
9,2024,sacramento river,11390500,USGS,tisdale,flow,mean,25628.571428571428
9,2024,sacramento river,11390500,USGS,tisdale,flow,min,NA
10,2024,sacramento river,11390500,USGS,tisdale,flow,max,NA
10,2024,sacramento river,11390500,USGS,tisdale,flow,mean,24400
10,2024,sacramento river,11390500,USGS,tisdale,flow,min,NA
11,2024,sacramento river,11390500,USGS,tisdale,flow,max,NA
11,2024,sacramento river,11390500,USGS,tisdale,flow,mean,23328.571428571428
11,2024,sacramento river,11390500,USGS,tisdale,flow,min,NA
12,2024,sacramento river,11390500,USGS,tisdale,flow,max,NA
12,2024,sacramento river,11390500,USGS,tisdale,flow,mean,17557.14285714286
12,2024,sacramento river,11390500,USGS,tisdale,flow,min,NA
13,2024,sacramento river,11390500,USGS,tisdale,flow,max,NA
13,2024,sacramento river,11390500,USGS,tisdale,flow,mean,18114.285714285714
13,2024,sacramento river,11390500,USGS,tisdale,flow,min,NA
14,2024,sacramento river,11390500,USGS,tisdale,flow,max,NA
14,2024,sacramento river,11390500,USGS,tisdale,flow,mean,16514.285714285714
14,2024,sacramento river,11390500,USGS,tisdale,flow,min,NA
15,2024,sacramento river,11390500,USGS,tisdale,flow,max,NA
15,2024,sacramento river,11390500,USGS,tisdale,flow,mean,14200
15,2024,sacramento river,11390500,USGS,tisdale,flow,min,NA
16,2024,sacramento river,11390500,USGS,tisdale,flow,max,NA
16,2024,sacramento river,11390500,USGS,tisdale,flow,mean,16642.85714285714
16,2024,sacramento river,11390500,USGS,tisdale,flow,min,NA
17,2024,sacramento river,11390500,USGS,tisdale,flow,max,NA
17,2024,sacramento river,11390500,USGS,tisdale,flow,mean,15614.285714285714
17,2024,sacramento river,11390500,USGS,tisdale,flow,min,NA
18,2024,sacramento river,11390500,USGS,tisdale,flow,max,NA
18,2024,sacramento river,11390500,USGS,tisdale,flow,mean,9948.57142857143
18,2024,sacramento river,11390500,USGS,tisdale,flow,min,NA
19,2024,sacramento river,11390500,USGS,tisdale,flow,max,NA
19,2024,sacramento river,11390500,USGS,tisdale,flow,mean,10262.857142857143
19,2024,sacramento river,11390500,USGS,tisdale,flow,min,NA
20,2024,sacramento river,11390500,USGS,tisdale,flow,max,NA
20,2024,sacramento river,11390500,USGS,tisdale,flow,mean,6397.142857142857
20,2024,sacramento river,11390500,USGS,tisdale,flow,min,NA
21,2024,sacramento river,11390500,USGS,tisdale,flow,max,NA
21,2024,sacramento river,11390500,USGS,tisdale,flow,mean,7884.285714285715
21,2024,sacramento river,11390500,USGS,tisdale,flow,min,NA
22,2024,sacramento river,11390500,USGS,tisdale,flow,max,NA
22,2024,sacramento river,11390500,USGS,tisdale,flow,mean,7368.571428571428
22,2024,sacramento river,11390500,USGS,tisdale,flow,min,NA
23,2024,sacramento river,11390500,USGS,tisdale,flow,max,NA
23,2024,sacramento river,11390500,USGS,tisdale,flow,mean,6168.571428571428
23,2024,sacramento river,11390500,USGS,tisdale,flow,min,NA
24,2024,sacramento river,11390500,USGS,tisdale,flow,max,NA
24,2024,sacramento river,11390500,USGS,tisdale,flow,mean,5618.571428571428
24,2024,sacramento river,11390500,USGS,tisdale,flow,min,NA
25,2024,sacramento river,11390500,USGS,tisdale,flow,max,NA
25,2024,sacramento river,11390500,USGS,tisdale,flow,mean,5175.714285714285
25,2024,sacramento river,11390500,USGS,tisdale,flow,min,NA
26,2024,sacramento river,11390500,USGS,tisdale,flow,max,NA
26,2024,sacramento river,11390500,USGS,tisdale,flow,mean,5927.142857142857
26,2024,sacramento river,11390500,USGS,tisdale,flow,min,NA
27,2024,sacramento river,11390500,USGS,tisdale,flow,max,NA
27,2024,sacramento river,11390500,USGS,tisdale,flow,mean,7025.714285714285
27,2024,sacramento river,11390500,USGS,tisdale,flow,min,NA
28,2024,sacramento river,11390500,USGS,tisdale,flow,max,NA
28,2024,sacramento river,11390500,USGS,tisdale,flow,mean,7197.142857142857
28,2024,sacramento river,11390500,USGS,tisdale,flow,min,NA
29,2024,sacramento river,11390500,USGS,tisdale,flow,max,NA
29,2024,sacramento river,11390500,USGS,tisdale,flow,mean,7482.857142857143
29,2024,sacramento river,11390500,USGS,tisdale,flow,min,NA
30,2024,sacramento river,11390500,USGS,tisdale,flow,max,NA
30,2024,sacramento river,11390500,USGS,tisdale,flow,mean,7265.714285714285
30,2024,sacramento river,11390500,USGS,tisdale,flow,min,NA
31,2024,sacramento river,11390500,USGS,tisdale,flow,max,NA
31,2024,sacramento river,11390500,USGS,tisdale,flow,mean,7695.714285714285
31,2024,sacramento river,11390500,USGS,tisdale,flow,min,NA
32,2024,sacramento river,11390500,USGS,tisdale,flow,max,NA
32,2024,sacramento river,11390500,USGS,tisdale,flow,mean,7604.285714285715
32,2024,sacramento river,11390500,USGS,tisdale,flow,min,NA
33,2024,sacramento river,11390500,USGS,tisdale,flow,max,NA
33,2024,sacramento river,11390500,USGS,tisdale,flow,mean,7642.857142857143
33,2024,sacramento river,11390500,USGS,tisdale,flow,min,NA
34,2024,sacramento river,11390500,USGS,tisdale,flow,max,NA
34,2024,sacramento river,11390500,USGS,tisdale,flow,mean,7952.857142857143
34,2024,sacramento river,11390500,USGS,tisdale,flow,min,NA
35,2024,sacramento river,11390500,USGS,tisdale,flow,max,NA
35,2024,sacramento river,11390500,USGS,tisdale,flow,mean,8312.857142857143
35,2024,sacramento river,11390500,USGS,tisdale,flow,min,NA
36,2024,sacramento river,11390500,USGS,tisdale,flow,max,NA
36,2024,sacramento river,11390500,USGS,tisdale,flow,mean,7567.142857142857
36,2024,sacramento river,11390500,USGS,tisdale,flow,min,NA
37,2024,sacramento river,11390500,USGS,tisdale,flow,max,NA
37,2024,sacramento river,11390500,USGS,tisdale,flow,mean,7550
37,2024,sacramento river,11390500,USGS,tisdale,flow,min,NA
38,2024,sacramento river,11390500,USGS,tisdale,flow,max,NA
38,2024,sacramento river,11390500,USGS,tisdale,flow,mean,7590
38,2024,sacramento river,11390500,USGS,tisdale,flow,min,NA
39,2024,sacramento river,11390500,USGS,tisdale,flow,max,NA
39,2024,sacramento river,11390500,USGS,tisdale,flow,mean,6938.571428571428
39,2024,sacramento river,11390500,USGS,tisdale,flow,min,NA
40,2024,sacramento river,11390500,USGS,tisdale,flow,max,NA
40,2024,sacramento river,11390500,USGS,tisdale,flow,mean,6287.142857142857
40,2024,sacramento river,11390500,USGS,tisdale,flow,min,NA
41,2024,sacramento river,11390500,USGS,tisdale,flow,max,NA
41,2024,sacramento river,11390500,USGS,tisdale,flow,mean,5607.142857142857
41,2024,sacramento river,11390500,USGS,tisdale,flow,min,NA
42,2024,sacramento river,11390500,USGS,tisdale,flow,max,NA
42,2024,sacramento river,11390500,USGS,tisdale,flow,mean,5305.714285714285
42,2024,sacramento river,11390500,USGS,tisdale,flow,min,NA
43,2024,sacramento river,11390500,USGS,tisdale,flow,max,NA
43,2024,sacramento river,11390500,USGS,tisdale,flow,mean,4704.285714285715
43,2024,sacramento river,11390500,USGS,tisdale,flow,min,NA
44,2024,sacramento river,11390500,USGS,tisdale,flow,max,NA
44,2024,sacramento river,11390500,USGS,tisdale,flow,mean,4498.571428571428
44,2024,sacramento river,11390500,USGS,tisdale,flow,min,NA
45,2024,sacramento river,11390500,USGS,tisdale,flow,max,NA
45,2024,sacramento river,11390500,USGS,tisdale,flow,mean,4471.428571428572
45,2024,sacramento river,11390500,USGS,tisdale,flow,min,NA
46,2024,sacramento river,11390500,USGS,tisdale,flow,max,NA
46,2024,sacramento river,11390500,USGS,tisdale,flow,mean,4250
46,2024,sacramento river,11390500,USGS,tisdale,flow,min,NA
47,2024,sacramento river,11390500,USGS,tisdale,flow,max,NA
47,2024,sacramento river,11390500,USGS,tisdale,flow,mean,11954.285714285714
47,2024,sacramento river,11390500,USGS,tisdale,flow,min,NA
48,2024,sacramento river,11390500,USGS,tisdale,flow,max,NA
48,2024,sacramento river,11390500,USGS,tisdale,flow,mean,18757.14285714286
48,2024,sacramento river,11390500,USGS,tisdale,flow,min,NA
49,2024,sacramento river,11390500,USGS,tisdale,flow,max,NA
49,2024,sacramento river,11390500,USGS,tisdale,flow,mean,8684.285714285714
49,2024,sacramento river,11390500,USGS,tisdale,flow,min,NA
50,2024,sacramento river,11390500,USGS,tisdale,flow,max,NA
50,2024,sacramento river,11390500,USGS,tisdale,flow,mean,9780
50,2024,sacramento river,11390500,USGS,tisdale,flow,min,NA
51,2024,sacramento river,11390500,USGS,tisdale,flow,max,NA
51,2024,sacramento river,11390500,USGS,tisdale,flow,mean,21428.571428571428
51,2024,sacramento river,11390500,USGS,tisdale,flow,min,NA
52,2024,sacramento river,11390500,USGS,tisdale,flow,max,NA
52,2024,sacramento river,11390500,USGS,tisdale,flow,mean,22385.714285714286
52,2024,sacramento river,11390500,USGS,tisdale,flow,min,NA
53,2024,sacramento river,11390500,USGS,tisdale,flow,max,NA
53,2024,sacramento river,11390500,USGS,tisdale,flow,mean,25500
53,2024,sacramento river,11390500,USGS,tisdale,flow,min,NA
1,2025,sacramento river,11390500,USGS,tisdale,flow,max,NA
1,2025,sacramento river,11390500,USGS,tisdale,flow,mean,24357.14285714286
1,2025,sacramento river,11390500,USGS,tisdale,flow,min,NA
2,2025,sacramento river,11390500,USGS,tisdale,flow,max,NA
2,2025,sacramento river,11390500,USGS,tisdale,flow,mean,22457.14285714286
2,2025,sacramento river,11390500,USGS,tisdale,flow,min,NA
3,2025,sacramento river,11390500,USGS,tisdale,flow,max,NA
3,2025,sacramento river,11390500,USGS,tisdale,flow,mean,16557.14285714286
3,2025,sacramento river,11390500,USGS,tisdale,flow,min,NA
4,2025,sacramento river,11390500,USGS,tisdale,flow,max,NA
4,2025,sacramento river,11390500,USGS,tisdale,flow,mean,10884.285714285714
4,2025,sacramento river,11390500,USGS,tisdale,flow,min,NA
5,2025,sacramento river,11390500,USGS,tisdale,flow,max,NA
5,2025,sacramento river,11390500,USGS,tisdale,flow,mean,13277.142857142857
5,2025,sacramento river,11390500,USGS,tisdale,flow,min,NA
6,2025,sacramento river,11390500,USGS,tisdale,flow,max,NA
6,2025,sacramento river,11390500,USGS,tisdale,flow,mean,27142.85714285714
6,2025,sacramento river,11390500,USGS,tisdale,flow,min,NA
7,2025,sacramento river,11390500,USGS,tisdale,flow,max,NA
7,2025,sacramento river,11390500,USGS,tisdale,flow,mean,26614.285714285714
7,2025,sacramento river,11390500,USGS,tisdale,flow,min,NA
8,2025,sacramento river,11390500,USGS,tisdale,flow,max,NA
8,2025,sacramento river,11390500,USGS,tisdale,flow,mean,24557.14285714286
8,2025,sacramento river,11390500,USGS,tisdale,flow,min,NA
9,2025,sacramento river,11390500,USGS,tisdale,flow,max,NA
9,2025,sacramento river,11390500,USGS,tisdale,flow,mean,19628.571428571428
9,2025,sacramento river,11390500,USGS,tisdale,flow,min,NA
10,2025,sacramento river,11390500,USGS,tisdale,flow,max,NA
10,2025,sacramento river,11390500,USGS,tisdale,flow,mean,14657.142857142857
10,2025,sacramento river,11390500,USGS,tisdale,flow,min,NA
11,2025,sacramento river,11390500,USGS,tisdale,flow,max,NA
11,2025,sacramento river,11390500,USGS,tisdale,flow,mean,15471.42857142857
11,2025,sacramento river,11390500,USGS,tisdale,flow,min,NA
12,2025,sacramento river,11390500,USGS,tisdale,flow,max,NA
12,2025,sacramento river,11390500,USGS,tisdale,flow,mean,21714.285714285714
12,2025,sacramento river,11390500,USGS,tisdale,flow,min,NA
13,2025,sacramento river,11390500,USGS,tisdale,flow,max,NA
13,2025,sacramento river,11390500,USGS,tisdale,flow,mean,17914.285714285714
13,2025,sacramento river,11390500,USGS,tisdale,flow,min,NA
14,2025,sacramento river,11390500,USGS,tisdale,flow,max,NA
14,2025,sacramento river,11390500,USGS,tisdale,flow,mean,16857.14285714286
14,2025,sacramento river,11390500,USGS,tisdale,flow,min,NA
15,2025,sacramento river,11390500,USGS,tisdale,flow,max,NA
15,2025,sacramento river,11390500,USGS,tisdale,flow,mean,12757.142857142857
15,2025,sacramento river,11390500,USGS,tisdale,flow,min,NA
16,2025,sacramento river,11390500,USGS,tisdale,flow,max,NA
16,2025,sacramento river,11390500,USGS,tisdale,flow,mean,12271.42857142857
16,2025,sacramento river,11390500,USGS,tisdale,flow,min,NA
17,2025,sacramento river,11390500,USGS,tisdale,flow,max,NA
17,2025,sacramento river,11390500,USGS,tisdale,flow,mean,8078.571428571428
17,2025,sacramento river,11390500,USGS,tisdale,flow,min,NA
18,2025,sacramento river,11390500,USGS,tisdale,flow,max,NA
18,2025,sacramento river,11390500,USGS,tisdale,flow,mean,8944.285714285714
18,2025,sacramento river,11390500,USGS,tisdale,flow,min,NA
19,2025,sacramento river,11390500,USGS,tisdale,flow,max,NA
19,2025,sacramento river,11390500,USGS,tisdale,flow,mean,7554.285714285715
19,2025,sacramento river,11390500,USGS,tisdale,flow,min,NA
20,2025,sacramento river,11390500,USGS,tisdale,flow,max,NA
20,2025,sacramento river,11390500,USGS,tisdale,flow,mean,8250
20,2025,sacramento river,11390500,USGS,tisdale,flow,min,NA
21,2025,sacramento river,11390500,USGS,tisdale,flow,max,NA
21,2025,sacramento river,11390500,USGS,tisdale,flow,mean,9275.714285714286
21,2025,sacramento river,11390500,USGS,tisdale,flow,min,NA
22,2025,sacramento river,11390500,USGS,tisdale,flow,max,NA
22,2025,sacramento river,11390500,USGS,tisdale,flow,mean,7467.142857142857
22,2025,sacramento river,11390500,USGS,tisdale,flow,min,NA
23,2025,sacramento river,11390500,USGS,tisdale,flow,max,NA
23,2025,sacramento river,11390500,USGS,tisdale,flow,mean,5370
23,2025,sacramento river,11390500,USGS,tisdale,flow,min,NA
24,2025,sacramento river,11390500,USGS,tisdale,flow,max,NA
24,2025,sacramento river,11390500,USGS,tisdale,flow,mean,5600
24,2025,sacramento river,11390500,USGS,tisdale,flow,min,NA
25,2025,sacramento river,11390500,USGS,tisdale,flow,max,NA
25,2025,sacramento river,11390500,USGS,tisdale,flow,mean,7282.857142857143
25,2025,sacramento river,11390500,USGS,tisdale,flow,min,NA
26,2025,sacramento river,11390500,USGS,tisdale,flow,max,NA
26,2025,sacramento river,11390500,USGS,tisdale,flow,mean,7054.285714285715
26,2025,sacramento river,11390500,USGS,tisdale,flow,min,NA
27,2025,sacramento river,11390500,USGS,tisdale,flow,max,NA
27,2025,sacramento river,11390500,USGS,tisdale,flow,mean,7745.714285714285
27,2025,sacramento river,11390500,USGS,tisdale,flow,min,NA
28,2025,sacramento river,11390500,USGS,tisdale,flow,max,NA
28,2025,sacramento river,11390500,USGS,tisdale,flow,mean,7990
28,2025,sacramento river,11390500,USGS,tisdale,flow,min,NA
29,2025,sacramento river,11390500,USGS,tisdale,flow,max,NA
29,2025,sacramento river,11390500,USGS,tisdale,flow,mean,8111.428571428572
29,2025,sacramento river,11390500,USGS,tisdale,flow,min,NA
30,2025,sacramento river,11390500,USGS,tisdale,flow,max,NA
30,2025,sacramento river,11390500,USGS,tisdale,flow,mean,8520
30,2025,sacramento river,11390500,USGS,tisdale,flow,min,NA
31,2025,sacramento river,11390500,USGS,tisdale,flow,max,NA
31,2025,sacramento river,11390500,USGS,tisdale,flow,mean,8941.42857142857
31,2025,sacramento river,11390500,USGS,tisdale,flow,min,NA
32,2025,sacramento river,11390500,USGS,tisdale,flow,max,NA
32,2025,sacramento river,11390500,USGS,tisdale,flow,mean,8670
32,2025,sacramento river,11390500,USGS,tisdale,flow,min,NA
33,2025,sacramento river,11390500,USGS,tisdale,flow,max,NA
33,2025,sacramento river,11390500,USGS,tisdale,flow,mean,6481.428571428572
33,2025,sacramento river,11390500,USGS,tisdale,flow,min,NA
34,2025,sacramento river,11390500,USGS,tisdale,flow,max,NA
34,2025,sacramento river,11390500,USGS,tisdale,flow,mean,6044.285714285715
34,2025,sacramento river,11390500,USGS,tisdale,flow,min,NA
35,2025,sacramento river,11390500,USGS,tisdale,flow,max,NA
35,2025,sacramento river,11390500,USGS,tisdale,flow,mean,6532.857142857143
35,2025,sacramento river,11390500,USGS,tisdale,flow,min,NA
36,2025,sacramento river,11390500,USGS,tisdale,flow,max,NA
36,2025,sacramento river,11390500,USGS,tisdale,flow,mean,6567.142857142857
36,2025,sacramento river,11390500,USGS,tisdale,flow,min,NA
37,2025,sacramento river,11390500,USGS,tisdale,flow,max,NA
37,2025,sacramento river,11390500,USGS,tisdale,flow,mean,7141.428571428572
37,2025,sacramento river,11390500,USGS,tisdale,flow,min,NA
38,2025,sacramento river,11390500,USGS,tisdale,flow,max,NA
38,2025,sacramento river,11390500,USGS,tisdale,flow,mean,6850
38,2025,sacramento river,11390500,USGS,tisdale,flow,min,NA
39,2025,sacramento river,11390500,USGS,tisdale,flow,max,NA
39,2025,sacramento river,11390500,USGS,tisdale,flow,mean,6510
39,2025,sacramento river,11390500,USGS,tisdale,flow,min,NA
40,2025,sacramento river,11390500,USGS,tisdale,flow,max,NA
40,2025,sacramento river,11390500,USGS,tisdale,flow,mean,6700
40,2025,sacramento river,11390500,USGS,tisdale,flow,min,NA
41,2025,sacramento river,11390500,USGS,tisdale,flow,max,NA
41,2025,sacramento river,11390500,USGS,tisdale,flow,mean,6250
41,2025,sacramento river,11390500,USGS,tisdale,flow,min,NA
42,2025,sacramento river,11390500,USGS,tisdale,flow,max,NA
42,2025,sacramento river,11390500,USGS,tisdale,flow,mean,6440
42,2025,sacramento river,11390500,USGS,tisdale,flow,min,NA
43,2025,sacramento river,11390500,USGS,tisdale,flow,max,NA
43,2025,sacramento river,11390500,USGS,tisdale,flow,mean,6174.285714285715
43,2025,sacramento river,11390500,USGS,tisdale,flow,min,NA
44,2025,sacramento river,11390500,USGS,tisdale,flow,max,NA
44,2025,sacramento river,11390500,USGS,tisdale,flow,mean,5521.428571428572
44,2025,sacramento river,11390500,USGS,tisdale,flow,min,NA
45,2025,sacramento river,11390500,USGS,tisdale,flow,max,NA
45,2025,sacramento river,11390500,USGS,tisdale,flow,mean,5245.714285714285
45,2025,sacramento river,11390500,USGS,tisdale,flow,min,NA
46,2025,sacramento river,11390500,USGS,tisdale,flow,max,NA
46,2025,sacramento river,11390500,USGS,tisdale,flow,mean,5561.428571428572
46,2025,sacramento river,11390500,USGS,tisdale,flow,min,NA
47,2025,sacramento river,11390500,USGS,tisdale,flow,max,NA
47,2025,sacramento river,11390500,USGS,tisdale,flow,mean,8202.857142857143
47,2025,sacramento river,11390500,USGS,tisdale,flow,min,NA
48,2025,sacramento river,11390500,USGS,tisdale,flow,max,NA
48,2025,sacramento river,11390500,USGS,tisdale,flow,mean,4955.714285714285
48,2025,sacramento river,11390500,USGS,tisdale,flow,min,NA
49,2025,sacramento river,11390500,USGS,tisdale,flow,max,NA
49,2025,sacramento river,11390500,USGS,tisdale,flow,mean,4372.857142857143
49,2025,sacramento river,11390500,USGS,tisdale,flow,min,NA
50,2025,sacramento river,11390500,USGS,tisdale,flow,max,NA
50,2025,sacramento river,11390500,USGS,tisdale,flow,mean,4321.428571428572
50,2025,sacramento river,11390500,USGS,tisdale,flow,min,NA
51,2025,sacramento river,11390500,USGS,tisdale,flow,max,NA
51,2025,sacramento river,11390500,USGS,tisdale,flow,mean,12654.285714285714
51,2025,sacramento river,11390500,USGS,tisdale,flow,min,NA
52,2025,sacramento river,11390500,USGS,tisdale,flow,max,NA
52,2025,sacramento river,11390500,USGS,tisdale,flow,mean,25557.14285714286
52,2025,sacramento river,11390500,USGS,tisdale,flow,min,NA
53,2025,sacramento river,11390500,USGS,tisdale,flow,max,NA
53,2025,sacramento river,11390500,USGS,tisdale,flow,mean,23100
53,2025,sacramento river,11390500,USGS,tisdale,flow,min,NA
1,2026,sacramento river,11390500,USGS,tisdale,flow,max,NA
1,2026,sacramento river,11390500,USGS,tisdale,flow,mean,24900
1,2026,sacramento river,11390500,USGS,tisdale,flow,min,NA
2,2026,sacramento river,11390500,USGS,tisdale,flow,max,NA
2,2026,sacramento river,11390500,USGS,tisdale,flow,mean,24842.85714285714
2,2026,sacramento river,11390500,USGS,tisdale,flow,min,NA
3,2026,sacramento river,11390500,USGS,tisdale,flow,max,NA
3,2026,sacramento river,11390500,USGS,tisdale,flow,mean,22142.85714285714
3,2026,sacramento river,11390500,USGS,tisdale,flow,min,NA
4,2026,sacramento river,11390500,USGS,tisdale,flow,max,NA
4,2026,sacramento river,11390500,USGS,tisdale,flow,mean,18028.571428571428
4,2026,sacramento river,11390500,USGS,tisdale,flow,min,NA
5,2026,sacramento river,11390500,USGS,tisdale,flow,max,NA
5,2026,sacramento river,11390500,USGS,tisdale,flow,mean,13628.57142857143
5,2026,sacramento river,11390500,USGS,tisdale,flow,min,NA
6,2026,sacramento river,11390500,USGS,tisdale,flow,max,NA
6,2026,sacramento river,11390500,USGS,tisdale,flow,mean,14657.142857142857
6,2026,sacramento river,11390500,USGS,tisdale,flow,min,NA
7,2026,sacramento river,11390500,USGS,tisdale,flow,max,NA
7,2026,sacramento river,11390500,USGS,tisdale,flow,mean,18542.85714285714
7,2026,sacramento river,11390500,USGS,tisdale,flow,min,NA
8,2026,sacramento river,11390500,USGS,tisdale,flow,max,NA
8,2026,sacramento river,11390500,USGS,tisdale,flow,mean,21100
8,2026,sacramento river,11390500,USGS,tisdale,flow,min,NA
9,2026,sacramento river,11390500,USGS,tisdale,flow,max,NA
9,2026,sacramento river,11390500,USGS,tisdale,flow,mean,24500
9,2026,sacramento river,11390500,USGS,tisdale,flow,min,NA
10,2026,sacramento river,11390500,USGS,tisdale,flow,max,NA
10,2026,sacramento river,11390500,USGS,tisdale,flow,mean,16057.142857142857
10,2026,sacramento river,11390500,USGS,tisdale,flow,min,NA
11,2026,sacramento river,11390500,USGS,tisdale,flow,max,NA
11,2026,sacramento river,11390500,USGS,tisdale,flow,mean,10772.857142857143
11,2026,sacramento river,11390500,USGS,tisdale,flow,min,NA
12,2026,sacramento river,11390500,USGS,tisdale,flow,max,NA
12,2026,sacramento river,11390500,USGS,tisdale,flow,mean,8554.285714285714
12,2026,sacramento river,11390500,USGS,tisdale,flow,min,NA
13,2026,sacramento river,11390500,USGS,tisdale,flow,max,NA
13,2026,sacramento river,11390500,USGS,tisdale,flow,mean,7272.857142857143
13,2026,sacramento river,11390500,USGS,tisdale,flow,min,NA
14,2026,sacramento river,11390500,USGS,tisdale,flow,max,NA
14,2026,sacramento river,11390500,USGS,tisdale,flow,mean,7134.285714285715
14,2026,sacramento river,11390500,USGS,tisdale,flow,min,NA
15,2026,sacramento river,11390500,USGS,tisdale,flow,max,NA
15,2026,sacramento river,11390500,USGS,tisdale,flow,mean,11095.714285714286
15,2026,sacramento river,11390500,USGS,tisdale,flow,min,NA
16,2026,sacramento river,11390500,USGS,tisdale,flow,max,NA
16,2026,sacramento river,11390500,USGS,tisdale,flow,mean,9034.285714285714
16,2026,sacramento river,11390500,USGS,tisdale,flow,min,NA
17,2026,sacramento river,11390500,USGS,tisdale,flow,max,NA
17,2026,sacramento river,11390500,USGS,tisdale,flow,mean,11214.285714285714
17,2026,sacramento river,11390500,USGS,tisdale,flow,min,NA
18,2026,sacramento river,11390500,USGS,tisdale,flow,max,NA
18,2026,sacramento river,11390500,USGS,tisdale,flow,mean,7150
18,2026,sacramento river,11390500,USGS,tisdale,flow,min,NA
19,2026,sacramento river,11390500,USGS,tisdale,flow,max,NA
19,2026,sacramento river,11390500,USGS,tisdale,flow,mean,6130
19,2026,sacramento river,11390500,USGS,tisdale,flow,min,NA
20,2026,sacramento river,11390500,USGS,tisdale,flow,max,NA
20,2026,sacramento river,11390500,USGS,tisdale,flow,mean,5438.571428571428
20,2026,sacramento river,11390500,USGS,tisdale,flow,min,NA
21,2026,sacramento river,11390500,USGS,tisdale,flow,max,NA
21,2026,sacramento river,11390500,USGS,tisdale,flow,mean,5582.857142857143
21,2026,sacramento river,11390500,USGS,tisdale,flow,min,NA
22,2026,sacramento river,11390500,USGS,tisdale,flow,max,NA
22,2026,sacramento river,11390500,USGS,tisdale,flow,mean,7822.857142857143
22,2026,sacramento river,11390500,USGS,tisdale,flow,min,NA
23,2026,sacramento river,11390500,USGS,tisdale,flow,max,NA
23,2026,sacramento river,11390500,USGS,tisdale,flow,mean,7644.285714285715
23,2026,sacramento river,11390500,USGS,tisdale,flow,min,NA
24,2026,sacramento river,11390500,USGS,tisdale,flow,max,NA
24,2026,sacramento river,11390500,USGS,tisdale,flow,mean,6437.142857142857
24,2026,sacramento river,11390500,USGS,tisdale,flow,min,NA
25,2026,sacramento river,11390500,USGS,tisdale,flow,max,NA
25,2026,sacramento river,11390500,USGS,tisdale,flow,mean,6610
25,2026,sacramento river,11390500,USGS,tisdale,flow,min,NA
26,2026,sacramento river,11390500,USGS,tisdale,flow,max,NA
26,2026,sacramento river,11390500,USGS,tisdale,flow,mean,6582.857142857143
26,2026,sacramento river,11390500,USGS,tisdale,flow,min,NA
27,2026,sacramento river,11390500,USGS,tisdale,flow,max,NA
27,2026,sacramento river,11390500,USGS,tisdale,flow,mean,6662.857142857143
27,2026,sacramento river,11390500,USGS,tisdale,flow,min,NA
28,2026,sacramento river,11390500,USGS,tisdale,flow,max,NA
28,2026,sacramento river,11390500,USGS,tisdale,flow,mean,7081.428571428572
28,2026,sacramento river,11390500,USGS,tisdale,flow,min,NA
29,2026,sacramento river,11390500,USGS,tisdale,flow,max,NA
29,2026,sacramento river,11390500,USGS,tisdale,flow,mean,7332.857142857143
29,2026,sacramento river,11390500,USGS,tisdale,flow,min,NA
30,2026,sacramento river,11390500,USGS,tisdale,flow,max,NA
30,2026,sacramento river,11390500,USGS,tisdale,flow,mean,7315.714285714285
30,2026,sacramento river,11390500,USGS,tisdale,flow,min,NA
31,2026,sacramento river,11390500,USGS,tisdale,flow,max,NA
31,2026,sacramento river,11390500,USGS,tisdale,flow,mean,7498.571428571428
31,2026,sacramento river,11390500,USGS,tisdale,flow,min,NA
32,2026,sacramento river,11390500,USGS,tisdale,flow,max,NA
32,2026,sacramento river,11390500,USGS,tisdale,flow,mean,7712.5
32,2026,sacramento river,11390500,USGS,tisdale,flow,min,NA
