week,year,stream,gage_number,gage_agency,site_group,parameter,statistic,value
1,1990,sacramento river,11390500,USGS,knights landing,flow,max,5370
1,1990,sacramento river,11390500,USGS,knights landing,flow,mean,4784.830633284241
1,1990,sacramento river,11390500,USGS,knights landing,flow,min,4500
2,1990,sacramento river,11390500,USGS,knights landing,flow,max,19000
2,1990,sacramento river,11390500,USGS,knights landing,flow,mean,11302.871870397645
2,1990,sacramento river,11390500,USGS,knights landing,flow,min,5380
3,1990,sacramento river,11390500,USGS,knights landing,flow,max,22400
3,1990,sacramento river,11390500,USGS,knights landing,flow,mean,14744.14089347079
3,1990,sacramento river,11390500,USGS,knights landing,flow,min,8880
4,1990,sacramento river,11390500,USGS,knights landing,flow,max,8870
4,1990,sacramento river,11390500,USGS,knights landing,flow,mean,7047.847784732451
4,1990,sacramento river,11390500,USGS,knights landing,flow,min,6020
5,1990,sacramento river,11390500,USGS,knights landing,flow,max,6660
5,1990,sacramento river,11390500,USGS,knights landing,flow,mean,5967.422680412371
5,1990,sacramento river,11390500,USGS,knights landing,flow,min,5600
6,1990,sacramento river,11390500,USGS,knights landing,flow,max,8710
6,1990,sacramento river,11390500,USGS,knights landing,flow,mean,7288.973827933235
6,1990,sacramento river,11390500,USGS,knights landing,flow,min,6210
7,1990,sacramento river,11390500,USGS,knights landing,flow,max,6240
7,1990,sacramento river,11390500,USGS,knights landing,flow,mean,5703.078055964654
7,1990,sacramento river,11390500,USGS,knights landing,flow,min,5270
8,1990,sacramento river,11390500,USGS,knights landing,flow,max,7020
8,1990,sacramento river,11390500,USGS,knights landing,flow,mean,6393.2397520864015
8,1990,sacramento river,11390500,USGS,knights landing,flow,min,5960
9,1990,sacramento river,11390500,USGS,knights landing,flow,max,7440
9,1990,sacramento river,11390500,USGS,knights landing,flow,mean,5869.9410898379965
9,1990,sacramento river,11390500,USGS,knights landing,flow,min,5670
10,1990,sacramento river,11390500,USGS,knights landing,flow,max,11500
10,1990,sacramento river,11390500,USGS,knights landing,flow,mean,8965.817378497792
10,1990,sacramento river,11390500,USGS,knights landing,flow,min,7450
11,1990,sacramento river,11390500,USGS,knights landing,flow,max,9600
11,1990,sacramento river,11390500,USGS,knights landing,flow,mean,7368.227939371625
11,1990,sacramento river,11390500,USGS,knights landing,flow,min,6100
12,1990,sacramento river,11390500,USGS,knights landing,flow,max,6100
12,1990,sacramento river,11390500,USGS,knights landing,flow,mean,5445.621778350515
12,1990,sacramento river,11390500,USGS,knights landing,flow,min,5090
13,1990,sacramento river,11390500,USGS,knights landing,flow,max,6050
13,1990,sacramento river,11390500,USGS,knights landing,flow,mean,5290.2904086892495
13,1990,sacramento river,11390500,USGS,knights landing,flow,min,4760
14,1990,sacramento river,11390500,USGS,knights landing,flow,max,5200
14,1990,sacramento river,11390500,USGS,knights landing,flow,mean,4850.913107511046
14,1990,sacramento river,11390500,USGS,knights landing,flow,min,4390
15,1990,sacramento river,11390500,USGS,knights landing,flow,max,7170
15,1990,sacramento river,11390500,USGS,knights landing,flow,mean,6457.584683357879
15,1990,sacramento river,11390500,USGS,knights landing,flow,min,5120
16,1990,sacramento river,11390500,USGS,knights landing,flow,max,7270
16,1990,sacramento river,11390500,USGS,knights landing,flow,mean,6637.4301975945
16,1990,sacramento river,11390500,USGS,knights landing,flow,min,5600
17,1990,sacramento river,11390500,USGS,knights landing,flow,max,6210
17,1990,sacramento river,11390500,USGS,knights landing,flow,mean,5903.593519882181
17,1990,sacramento river,11390500,USGS,knights landing,flow,min,5260
18,1990,sacramento river,11390500,USGS,knights landing,flow,max,5270
18,1990,sacramento river,11390500,USGS,knights landing,flow,mean,4597.039764359352
18,1990,sacramento river,11390500,USGS,knights landing,flow,min,4200
19,1990,sacramento river,11390500,USGS,knights landing,flow,max,5840
19,1990,sacramento river,11390500,USGS,knights landing,flow,mean,5239.2562592047125
19,1990,sacramento river,11390500,USGS,knights landing,flow,min,4320
20,1990,sacramento river,11390500,USGS,knights landing,flow,max,6480
20,1990,sacramento river,11390500,USGS,knights landing,flow,mean,6088.483063328425
20,1990,sacramento river,11390500,USGS,knights landing,flow,min,5760
21,1990,sacramento river,11390500,USGS,knights landing,flow,max,9310
21,1990,sacramento river,11390500,USGS,knights landing,flow,mean,7478.410039273441
21,1990,sacramento river,11390500,USGS,knights landing,flow,min,6300
22,1990,sacramento river,11390500,USGS,knights landing,flow,max,15700
22,1990,sacramento river,11390500,USGS,knights landing,flow,mean,12222.916053019146
22,1990,sacramento river,11390500,USGS,knights landing,flow,min,8020
23,1990,sacramento river,11390500,USGS,knights landing,flow,max,10200
23,1990,sacramento river,11390500,USGS,knights landing,flow,mean,5719.469808541973
23,1990,sacramento river,11390500,USGS,knights landing,flow,min,3590
24,1990,sacramento river,11390500,USGS,knights landing,flow,max,5580
24,1990,sacramento river,11390500,USGS,knights landing,flow,mean,4445.729013254787
24,1990,sacramento river,11390500,USGS,knights landing,flow,min,3480
25,1990,sacramento river,11390500,USGS,knights landing,flow,max,5820
25,1990,sacramento river,11390500,USGS,knights landing,flow,mean,5581.089837997054
25,1990,sacramento river,11390500,USGS,knights landing,flow,min,5230
26,1990,sacramento river,11390500,USGS,knights landing,flow,max,5600
26,1990,sacramento river,11390500,USGS,knights landing,flow,mean,5293.1452503681885
26,1990,sacramento river,11390500,USGS,knights landing,flow,min,5070
27,1990,sacramento river,11390500,USGS,knights landing,flow,max,5740
27,1990,sacramento river,11390500,USGS,knights landing,flow,mean,5612.771332391572
27,1990,sacramento river,11390500,USGS,knights landing,flow,min,5420
28,1990,sacramento river,11390500,USGS,knights landing,flow,max,5490
28,1990,sacramento river,11390500,USGS,knights landing,flow,mean,5226.919689819964
28,1990,sacramento river,11390500,USGS,knights landing,flow,min,4900
29,1990,sacramento river,11390500,USGS,knights landing,flow,max,5560
29,1990,sacramento river,11390500,USGS,knights landing,flow,mean,5387.913047398636
29,1990,sacramento river,11390500,USGS,knights landing,flow,min,5260
30,1990,sacramento river,11390500,USGS,knights landing,flow,max,5490
30,1990,sacramento river,11390500,USGS,knights landing,flow,mean,5366.058695385371
30,1990,sacramento river,11390500,USGS,knights landing,flow,min,5270
31,1990,sacramento river,11390500,USGS,knights landing,flow,max,5950
31,1990,sacramento river,11390500,USGS,knights landing,flow,mean,5532.872023809525
31,1990,sacramento river,11390500,USGS,knights landing,flow,min,5340
32,1990,sacramento river,11390500,USGS,knights landing,flow,max,6220
32,1990,sacramento river,11390500,USGS,knights landing,flow,mean,6027.440476190476
32,1990,sacramento river,11390500,USGS,knights landing,flow,min,5830
33,1990,sacramento river,11390500,USGS,knights landing,flow,max,6600
33,1990,sacramento river,11390500,USGS,knights landing,flow,mean,6143.89880952381
33,1990,sacramento river,11390500,USGS,knights landing,flow,min,5840
34,1990,sacramento river,11390500,USGS,knights landing,flow,max,6920
34,1990,sacramento river,11390500,USGS,knights landing,flow,mean,6799.627976190476
34,1990,sacramento river,11390500,USGS,knights landing,flow,min,6550
35,1990,sacramento river,11390500,USGS,knights landing,flow,max,6790
35,1990,sacramento river,11390500,USGS,knights landing,flow,mean,6499.375
35,1990,sacramento river,11390500,USGS,knights landing,flow,min,6170
36,1990,sacramento river,11390500,USGS,knights landing,flow,max,6360
36,1990,sacramento river,11390500,USGS,knights landing,flow,mean,6230.77380952381
36,1990,sacramento river,11390500,USGS,knights landing,flow,min,5980
37,1990,sacramento river,11390500,USGS,knights landing,flow,max,6180
37,1990,sacramento river,11390500,USGS,knights landing,flow,mean,5868.080357142858
37,1990,sacramento river,11390500,USGS,knights landing,flow,min,5460
38,1990,sacramento river,11390500,USGS,knights landing,flow,max,5500
38,1990,sacramento river,11390500,USGS,knights landing,flow,mean,5204.608339469808
38,1990,sacramento river,11390500,USGS,knights landing,flow,min,4730
39,1990,sacramento river,11390500,USGS,knights landing,flow,max,5270
39,1990,sacramento river,11390500,USGS,knights landing,flow,mean,4931.369661266568
39,1990,sacramento river,11390500,USGS,knights landing,flow,min,4700
40,1990,sacramento river,11390500,USGS,knights landing,flow,max,4890
40,1990,sacramento river,11390500,USGS,knights landing,flow,mean,4411.1487481590575
40,1990,sacramento river,11390500,USGS,knights landing,flow,min,4150
41,1990,sacramento river,11390500,USGS,knights landing,flow,max,4400
41,1990,sacramento river,11390500,USGS,knights landing,flow,mean,4268.454660214602
41,1990,sacramento river,11390500,USGS,knights landing,flow,min,4110
42,1990,sacramento river,11390500,USGS,knights landing,flow,max,4360
42,1990,sacramento river,11390500,USGS,knights landing,flow,mean,4212.9602356406485
42,1990,sacramento river,11390500,USGS,knights landing,flow,min,4060
43,1990,sacramento river,11390500,USGS,knights landing,flow,max,4430
43,1990,sacramento river,11390500,USGS,knights landing,flow,mean,4341.544231260845
43,1990,sacramento river,11390500,USGS,knights landing,flow,min,4080
44,1990,sacramento river,11390500,USGS,knights landing,flow,max,4990
44,1990,sacramento river,11390500,USGS,knights landing,flow,mean,4631.692464909381
44,1990,sacramento river,11390500,USGS,knights landing,flow,min,4380
45,1990,sacramento river,11390500,USGS,knights landing,flow,max,5030
45,1990,sacramento river,11390500,USGS,knights landing,flow,mean,4771.678939617084
45,1990,sacramento river,11390500,USGS,knights landing,flow,min,4060
46,1990,sacramento river,11390500,USGS,knights landing,flow,max,4170
46,1990,sacramento river,11390500,USGS,knights landing,flow,mean,4088.3399957921315
46,1990,sacramento river,11390500,USGS,knights landing,flow,min,3970
47,1990,sacramento river,11390500,USGS,knights landing,flow,max,4640
47,1990,sacramento river,11390500,USGS,knights landing,flow,mean,4171.59057437408
47,1990,sacramento river,11390500,USGS,knights landing,flow,min,3820
48,1990,sacramento river,11390500,USGS,knights landing,flow,max,4690
48,1990,sacramento river,11390500,USGS,knights landing,flow,mean,4591.141537800687
48,1990,sacramento river,11390500,USGS,knights landing,flow,min,4500
49,1990,sacramento river,11390500,USGS,knights landing,flow,max,5090
49,1990,sacramento river,11390500,USGS,knights landing,flow,mean,4827.663690476191
49,1990,sacramento river,11390500,USGS,knights landing,flow,min,4630
50,1990,sacramento river,11390500,USGS,knights landing,flow,max,4890
50,1990,sacramento river,11390500,USGS,knights landing,flow,mean,4806.964285714285
50,1990,sacramento river,11390500,USGS,knights landing,flow,min,4730
51,1990,sacramento river,11390500,USGS,knights landing,flow,max,5170
51,1990,sacramento river,11390500,USGS,knights landing,flow,mean,4880.327380952382
51,1990,sacramento river,11390500,USGS,knights landing,flow,min,4780
52,1990,sacramento river,11390500,USGS,knights landing,flow,max,5380
52,1990,sacramento river,11390500,USGS,knights landing,flow,mean,5299.776785714285
52,1990,sacramento river,11390500,USGS,knights landing,flow,min,5170
53,1990,sacramento river,11390500,USGS,knights landing,flow,max,5290
53,1990,sacramento river,11390500,USGS,knights landing,flow,mean,5290
53,1990,sacramento river,11390500,USGS,knights landing,flow,min,5290
1,1991,sacramento river,11390500,USGS,knights landing,flow,max,5500
1,1991,sacramento river,11390500,USGS,knights landing,flow,mean,5347.8125
1,1991,sacramento river,11390500,USGS,knights landing,flow,min,5260
2,1991,sacramento river,11390500,USGS,knights landing,flow,max,5660
2,1991,sacramento river,11390500,USGS,knights landing,flow,mean,5587.5297619047615
2,1991,sacramento river,11390500,USGS,knights landing,flow,min,5460
3,1991,sacramento river,11390500,USGS,knights landing,flow,max,5650
3,1991,sacramento river,11390500,USGS,knights landing,flow,mean,5540.788690476191
3,1991,sacramento river,11390500,USGS,knights landing,flow,min,5430
4,1991,sacramento river,11390500,USGS,knights landing,flow,max,5440
4,1991,sacramento river,11390500,USGS,knights landing,flow,mean,5064.672619047619
4,1991,sacramento river,11390500,USGS,knights landing,flow,min,4300
5,1991,sacramento river,11390500,USGS,knights landing,flow,max,7190
5,1991,sacramento river,11390500,USGS,knights landing,flow,mean,4841.502976190476
5,1991,sacramento river,11390500,USGS,knights landing,flow,min,4150
6,1991,sacramento river,11390500,USGS,knights landing,flow,max,8490
6,1991,sacramento river,11390500,USGS,knights landing,flow,mean,6593.735119047618
6,1991,sacramento river,11390500,USGS,knights landing,flow,min,4690
7,1991,sacramento river,11390500,USGS,knights landing,flow,max,4690
7,1991,sacramento river,11390500,USGS,knights landing,flow,mean,4398.556547619048
7,1991,sacramento river,11390500,USGS,knights landing,flow,min,4240
8,1991,sacramento river,11390500,USGS,knights landing,flow,max,4530
8,1991,sacramento river,11390500,USGS,knights landing,flow,mean,4247.03869047619
8,1991,sacramento river,11390500,USGS,knights landing,flow,min,4010
9,1991,sacramento river,11390500,USGS,knights landing,flow,max,13400
9,1991,sacramento river,11390500,USGS,knights landing,flow,mean,5596.577380952382
9,1991,sacramento river,11390500,USGS,knights landing,flow,min,4120
10,1991,sacramento river,11390500,USGS,knights landing,flow,max,23700
10,1991,sacramento river,11390500,USGS,knights landing,flow,mean,13191.041666666668
10,1991,sacramento river,11390500,USGS,knights landing,flow,min,7380
11,1991,sacramento river,11390500,USGS,knights landing,flow,max,18600
11,1991,sacramento river,11390500,USGS,knights landing,flow,mean,11645.431547619048
11,1991,sacramento river,11390500,USGS,knights landing,flow,min,7320
12,1991,sacramento river,11390500,USGS,knights landing,flow,max,19100
12,1991,sacramento river,11390500,USGS,knights landing,flow,mean,14220.044642857143
12,1991,sacramento river,11390500,USGS,knights landing,flow,min,9660
13,1991,sacramento river,11390500,USGS,knights landing,flow,max,24300
13,1991,sacramento river,11390500,USGS,knights landing,flow,mean,18153.390693227913
13,1991,sacramento river,11390500,USGS,knights landing,flow,min,11200
14,1991,sacramento river,11390500,USGS,knights landing,flow,max,11200
14,1991,sacramento river,11390500,USGS,knights landing,flow,mean,9573.689862542955
14,1991,sacramento river,11390500,USGS,knights landing,flow,min,8270
15,1991,sacramento river,11390500,USGS,knights landing,flow,max,10300
15,1991,sacramento river,11390500,USGS,knights landing,flow,mean,7354.942930780559
15,1991,sacramento river,11390500,USGS,knights landing,flow,min,5760
16,1991,sacramento river,11390500,USGS,knights landing,flow,max,5810
16,1991,sacramento river,11390500,USGS,knights landing,flow,mean,5050.235640648011
16,1991,sacramento river,11390500,USGS,knights landing,flow,min,4500
17,1991,sacramento river,11390500,USGS,knights landing,flow,max,4930
17,1991,sacramento river,11390500,USGS,knights landing,flow,mean,4400.746348797251
17,1991,sacramento river,11390500,USGS,knights landing,flow,min,3740
18,1991,sacramento river,11390500,USGS,knights landing,flow,max,5090
18,1991,sacramento river,11390500,USGS,knights landing,flow,mean,4047.4363340697105
18,1991,sacramento river,11390500,USGS,knights landing,flow,min,3270
19,1991,sacramento river,11390500,USGS,knights landing,flow,max,5340
19,1991,sacramento river,11390500,USGS,knights landing,flow,mean,5048.764880952381
19,1991,sacramento river,11390500,USGS,knights landing,flow,min,4670
20,1991,sacramento river,11390500,USGS,knights landing,flow,max,6270
20,1991,sacramento river,11390500,USGS,knights landing,flow,mean,5929.434523809524
20,1991,sacramento river,11390500,USGS,knights landing,flow,min,4930
21,1991,sacramento river,11390500,USGS,knights landing,flow,max,6080
21,1991,sacramento river,11390500,USGS,knights landing,flow,mean,5055.223214285715
21,1991,sacramento river,11390500,USGS,knights landing,flow,min,4540
22,1991,sacramento river,11390500,USGS,knights landing,flow,max,5280
22,1991,sacramento river,11390500,USGS,knights landing,flow,mean,5171.577380952381
22,1991,sacramento river,11390500,USGS,knights landing,flow,min,4980
23,1991,sacramento river,11390500,USGS,knights landing,flow,max,5080
23,1991,sacramento river,11390500,USGS,knights landing,flow,mean,4366.532738095238
23,1991,sacramento river,11390500,USGS,knights landing,flow,min,3970
24,1991,sacramento river,11390500,USGS,knights landing,flow,max,4540
24,1991,sacramento river,11390500,USGS,knights landing,flow,mean,4373.199404761905
24,1991,sacramento river,11390500,USGS,knights landing,flow,min,4180
25,1991,sacramento river,11390500,USGS,knights landing,flow,max,4630
25,1991,sacramento river,11390500,USGS,knights landing,flow,mean,4405.669642857143
25,1991,sacramento river,11390500,USGS,knights landing,flow,min,4100
26,1991,sacramento river,11390500,USGS,knights landing,flow,max,5440
26,1991,sacramento river,11390500,USGS,knights landing,flow,mean,4974.583333333334
26,1991,sacramento river,11390500,USGS,knights landing,flow,min,4580
27,1991,sacramento river,11390500,USGS,knights landing,flow,max,5430
27,1991,sacramento river,11390500,USGS,knights landing,flow,mean,4916.026785714285
27,1991,sacramento river,11390500,USGS,knights landing,flow,min,4400
28,1991,sacramento river,11390500,USGS,knights landing,flow,max,4850
28,1991,sacramento river,11390500,USGS,knights landing,flow,mean,4650.416666666667
28,1991,sacramento river,11390500,USGS,knights landing,flow,min,4360
29,1991,sacramento river,11390500,USGS,knights landing,flow,max,4810
29,1991,sacramento river,11390500,USGS,knights landing,flow,mean,4650.744047619048
29,1991,sacramento river,11390500,USGS,knights landing,flow,min,4450
30,1991,sacramento river,11390500,USGS,knights landing,flow,max,4960
30,1991,sacramento river,11390500,USGS,knights landing,flow,mean,4725.848214285715
30,1991,sacramento river,11390500,USGS,knights landing,flow,min,4480
31,1991,sacramento river,11390500,USGS,knights landing,flow,max,4770
31,1991,sacramento river,11390500,USGS,knights landing,flow,mean,4531.711309523809
31,1991,sacramento river,11390500,USGS,knights landing,flow,min,4380
32,1991,sacramento river,11390500,USGS,knights landing,flow,max,4720
32,1991,sacramento river,11390500,USGS,knights landing,flow,mean,4451.71130952381
32,1991,sacramento river,11390500,USGS,knights landing,flow,min,4090
33,1991,sacramento river,11390500,USGS,knights landing,flow,max,4820
33,1991,sacramento river,11390500,USGS,knights landing,flow,mean,4689.181547619048
33,1991,sacramento river,11390500,USGS,knights landing,flow,min,4490
34,1991,sacramento river,11390500,USGS,knights landing,flow,max,4880
34,1991,sacramento river,11390500,USGS,knights landing,flow,mean,4677.247023809524
34,1991,sacramento river,11390500,USGS,knights landing,flow,min,4470
35,1991,sacramento river,11390500,USGS,knights landing,flow,max,4730
35,1991,sacramento river,11390500,USGS,knights landing,flow,mean,4480.309278350514
35,1991,sacramento river,11390500,USGS,knights landing,flow,min,4290
36,1991,sacramento river,11390500,USGS,knights landing,flow,max,4490
36,1991,sacramento river,11390500,USGS,knights landing,flow,mean,4320.250368188513
36,1991,sacramento river,11390500,USGS,knights landing,flow,min,4130
37,1991,sacramento river,11390500,USGS,knights landing,flow,max,4690
37,1991,sacramento river,11390500,USGS,knights landing,flow,mean,4503.784977908689
37,1991,sacramento river,11390500,USGS,knights landing,flow,min,4200
38,1991,sacramento river,11390500,USGS,knights landing,flow,max,4530
38,1991,sacramento river,11390500,USGS,knights landing,flow,mean,4366.332842415317
38,1991,sacramento river,11390500,USGS,knights landing,flow,min,4240
39,1991,sacramento river,11390500,USGS,knights landing,flow,max,4260
39,1991,sacramento river,11390500,USGS,knights landing,flow,mean,4111.862733311292
39,1991,sacramento river,11390500,USGS,knights landing,flow,min,4020
40,1991,sacramento river,11390500,USGS,knights landing,flow,max,4380
40,1991,sacramento river,11390500,USGS,knights landing,flow,mean,4243.151693667157
40,1991,sacramento river,11390500,USGS,knights landing,flow,min,4140
41,1991,sacramento river,11390500,USGS,knights landing,flow,max,4380
41,1991,sacramento river,11390500,USGS,knights landing,flow,mean,4278.041237113402
41,1991,sacramento river,11390500,USGS,knights landing,flow,min,4120
42,1991,sacramento river,11390500,USGS,knights landing,flow,max,4390
42,1991,sacramento river,11390500,USGS,knights landing,flow,mean,4245.6797680412365
42,1991,sacramento river,11390500,USGS,knights landing,flow,min,4040
43,1991,sacramento river,11390500,USGS,knights landing,flow,max,4880
43,1991,sacramento river,11390500,USGS,knights landing,flow,mean,4127.981376787496
43,1991,sacramento river,11390500,USGS,knights landing,flow,min,3960
44,1991,sacramento river,11390500,USGS,knights landing,flow,max,4880
44,1991,sacramento river,11390500,USGS,knights landing,flow,mean,4099.079378437678
44,1991,sacramento river,11390500,USGS,knights landing,flow,min,3770
45,1991,sacramento river,11390500,USGS,knights landing,flow,max,4030
45,1991,sacramento river,11390500,USGS,knights landing,flow,mean,3835.8026509572896
45,1991,sacramento river,11390500,USGS,knights landing,flow,min,3600
46,1991,sacramento river,11390500,USGS,knights landing,flow,max,4040
46,1991,sacramento river,11390500,USGS,knights landing,flow,mean,3938.0265095729014
46,1991,sacramento river,11390500,USGS,knights landing,flow,min,3730
47,1991,sacramento river,11390500,USGS,knights landing,flow,max,4230
47,1991,sacramento river,11390500,USGS,knights landing,flow,mean,4109.248895434463
47,1991,sacramento river,11390500,USGS,knights landing,flow,min,3890
48,1991,sacramento river,11390500,USGS,knights landing,flow,max,4180
48,1991,sacramento river,11390500,USGS,knights landing,flow,mean,4032.8571428571427
48,1991,sacramento river,11390500,USGS,knights landing,flow,min,3870
49,1991,sacramento river,11390500,USGS,knights landing,flow,max,4810
49,1991,sacramento river,11390500,USGS,knights landing,flow,mean,4289.429000981836
49,1991,sacramento river,11390500,USGS,knights landing,flow,min,3860
50,1991,sacramento river,11390500,USGS,knights landing,flow,max,3950
50,1991,sacramento river,11390500,USGS,knights landing,flow,mean,3750.133928571428
50,1991,sacramento river,11390500,USGS,knights landing,flow,min,3570
51,1991,sacramento river,11390500,USGS,knights landing,flow,max,4780
51,1991,sacramento river,11390500,USGS,knights landing,flow,mean,4288.988095238095
51,1991,sacramento river,11390500,USGS,knights landing,flow,min,3620
52,1991,sacramento river,11390500,USGS,knights landing,flow,max,7620
52,1991,sacramento river,11390500,USGS,knights landing,flow,mean,4682.886904761904
52,1991,sacramento river,11390500,USGS,knights landing,flow,min,4300
53,1991,sacramento river,11390500,USGS,knights landing,flow,max,10500
53,1991,sacramento river,11390500,USGS,knights landing,flow,mean,9553.645833333334
53,1991,sacramento river,11390500,USGS,knights landing,flow,min,7690
1,1992,sacramento river,11390500,USGS,knights landing,flow,max,10800
1,1992,sacramento river,11390500,USGS,knights landing,flow,mean,7011.5625
1,1992,sacramento river,11390500,USGS,knights landing,flow,min,5240
2,1992,sacramento river,11390500,USGS,knights landing,flow,max,12900
2,1992,sacramento river,11390500,USGS,knights landing,flow,mean,8691.473214285714
2,1992,sacramento river,11390500,USGS,knights landing,flow,min,5960
3,1992,sacramento river,11390500,USGS,knights landing,flow,max,5970
3,1992,sacramento river,11390500,USGS,knights landing,flow,mean,5435.729166666666
3,1992,sacramento river,11390500,USGS,knights landing,flow,min,5070
4,1992,sacramento river,11390500,USGS,knights landing,flow,max,5070
4,1992,sacramento river,11390500,USGS,knights landing,flow,mean,4908.065476190476
4,1992,sacramento river,11390500,USGS,knights landing,flow,min,4770
5,1992,sacramento river,11390500,USGS,knights landing,flow,max,6380
5,1992,sacramento river,11390500,USGS,knights landing,flow,mean,5170.505952380952
5,1992,sacramento river,11390500,USGS,knights landing,flow,min,4770
6,1992,sacramento river,11390500,USGS,knights landing,flow,max,6130
6,1992,sacramento river,11390500,USGS,knights landing,flow,mean,4951.622023809524
6,1992,sacramento river,11390500,USGS,knights landing,flow,min,4660
7,1992,sacramento river,11390500,USGS,knights landing,flow,max,27200
7,1992,sacramento river,11390500,USGS,knights landing,flow,mean,23040.999303352717
7,1992,sacramento river,11390500,USGS,knights landing,flow,min,6200
8,1992,sacramento river,11390500,USGS,knights landing,flow,max,28600
8,1992,sacramento river,11390500,USGS,knights landing,flow,mean,24742.583631390702
8,1992,sacramento river,11390500,USGS,knights landing,flow,min,19400
9,1992,sacramento river,11390500,USGS,knights landing,flow,max,19400
9,1992,sacramento river,11390500,USGS,knights landing,flow,mean,14133.524484536081
9,1992,sacramento river,11390500,USGS,knights landing,flow,min,11000
10,1992,sacramento river,11390500,USGS,knights landing,flow,max,20200
10,1992,sacramento river,11390500,USGS,knights landing,flow,mean,15952.256631439253
10,1992,sacramento river,11390500,USGS,knights landing,flow,min,10800
11,1992,sacramento river,11390500,USGS,knights landing,flow,max,26900
11,1992,sacramento river,11390500,USGS,knights landing,flow,mean,14298.38521672547
11,1992,sacramento river,11390500,USGS,knights landing,flow,min,9840
12,1992,sacramento river,11390500,USGS,knights landing,flow,max,28700
12,1992,sacramento river,11390500,USGS,knights landing,flow,mean,19569.172853235552
12,1992,sacramento river,11390500,USGS,knights landing,flow,min,12700
13,1992,sacramento river,11390500,USGS,knights landing,flow,max,12700
13,1992,sacramento river,11390500,USGS,knights landing,flow,mean,10559.455081001473
13,1992,sacramento river,11390500,USGS,knights landing,flow,min,9210
14,1992,sacramento river,11390500,USGS,knights landing,flow,max,9240
14,1992,sacramento river,11390500,USGS,knights landing,flow,mean,7798.90625
14,1992,sacramento river,11390500,USGS,knights landing,flow,min,6760
15,1992,sacramento river,11390500,USGS,knights landing,flow,max,9220
15,1992,sacramento river,11390500,USGS,knights landing,flow,mean,6492.485119047619
15,1992,sacramento river,11390500,USGS,knights landing,flow,min,5950
16,1992,sacramento river,11390500,USGS,knights landing,flow,max,9660
16,1992,sacramento river,11390500,USGS,knights landing,flow,mean,8227.752976190477
16,1992,sacramento river,11390500,USGS,knights landing,flow,min,7070
17,1992,sacramento river,11390500,USGS,knights landing,flow,max,7100
17,1992,sacramento river,11390500,USGS,knights landing,flow,mean,4608.1994047619055
17,1992,sacramento river,11390500,USGS,knights landing,flow,min,2830
18,1992,sacramento river,11390500,USGS,knights landing,flow,max,4250
18,1992,sacramento river,11390500,USGS,knights landing,flow,mean,3366.9940476190473
18,1992,sacramento river,11390500,USGS,knights landing,flow,min,2810
19,1992,sacramento river,11390500,USGS,knights landing,flow,max,3840
19,1992,sacramento river,11390500,USGS,knights landing,flow,mean,3251.353519668737
19,1992,sacramento river,11390500,USGS,knights landing,flow,min,2590
20,1992,sacramento river,11390500,USGS,knights landing,flow,max,3730
20,1992,sacramento river,11390500,USGS,knights landing,flow,mean,3552.8273809523816
20,1992,sacramento river,11390500,USGS,knights landing,flow,min,3260
21,1992,sacramento river,11390500,USGS,knights landing,flow,max,3860
21,1992,sacramento river,11390500,USGS,knights landing,flow,mean,3397.157738095239
21,1992,sacramento river,11390500,USGS,knights landing,flow,min,3050
22,1992,sacramento river,11390500,USGS,knights landing,flow,max,3340
22,1992,sacramento river,11390500,USGS,knights landing,flow,mean,3194.761904761905
22,1992,sacramento river,11390500,USGS,knights landing,flow,min,3080
23,1992,sacramento river,11390500,USGS,knights landing,flow,max,3470
23,1992,sacramento river,11390500,USGS,knights landing,flow,mean,3094.3303571428573
23,1992,sacramento river,11390500,USGS,knights landing,flow,min,2840
24,1992,sacramento river,11390500,USGS,knights landing,flow,max,3920
24,1992,sacramento river,11390500,USGS,knights landing,flow,mean,3438.8541666666665
24,1992,sacramento river,11390500,USGS,knights landing,flow,min,3100
25,1992,sacramento river,11390500,USGS,knights landing,flow,max,4230
25,1992,sacramento river,11390500,USGS,knights landing,flow,mean,3802.9910714285716
25,1992,sacramento river,11390500,USGS,knights landing,flow,min,3380
26,1992,sacramento river,11390500,USGS,knights landing,flow,max,3730
26,1992,sacramento river,11390500,USGS,knights landing,flow,mean,3521.324404761905
26,1992,sacramento river,11390500,USGS,knights landing,flow,min,3280
27,1992,sacramento river,11390500,USGS,knights landing,flow,max,4540
27,1992,sacramento river,11390500,USGS,knights landing,flow,mean,4186.354166666667
27,1992,sacramento river,11390500,USGS,knights landing,flow,min,3670
28,1992,sacramento river,11390500,USGS,knights landing,flow,max,4110
28,1992,sacramento river,11390500,USGS,knights landing,flow,mean,3762.77660162003
28,1992,sacramento river,11390500,USGS,knights landing,flow,min,3390
29,1992,sacramento river,11390500,USGS,knights landing,flow,max,4070
29,1992,sacramento river,11390500,USGS,knights landing,flow,mean,3586.5515013074446
29,1992,sacramento river,11390500,USGS,knights landing,flow,min,3350
30,1992,sacramento river,11390500,USGS,knights landing,flow,max,3760
30,1992,sacramento river,11390500,USGS,knights landing,flow,mean,3630.0883652430043
30,1992,sacramento river,11390500,USGS,knights landing,flow,min,3470
31,1992,sacramento river,11390500,USGS,knights landing,flow,max,3890
31,1992,sacramento river,11390500,USGS,knights landing,flow,mean,3749.0568362838503
31,1992,sacramento river,11390500,USGS,knights landing,flow,min,3600
32,1992,sacramento river,11390500,USGS,knights landing,flow,max,3890
32,1992,sacramento river,11390500,USGS,knights landing,flow,mean,3586.815845631331
32,1992,sacramento river,11390500,USGS,knights landing,flow,min,3400
33,1992,sacramento river,11390500,USGS,knights landing,flow,max,5050
33,1992,sacramento river,11390500,USGS,knights landing,flow,mean,4505.478645066274
33,1992,sacramento river,11390500,USGS,knights landing,flow,min,3830
34,1992,sacramento river,11390500,USGS,knights landing,flow,max,4740
34,1992,sacramento river,11390500,USGS,knights landing,flow,mean,4595.2012262931685
34,1992,sacramento river,11390500,USGS,knights landing,flow,min,4470
35,1992,sacramento river,11390500,USGS,knights landing,flow,max,5940
35,1992,sacramento river,11390500,USGS,knights landing,flow,mean,5089.955817378497
35,1992,sacramento river,11390500,USGS,knights landing,flow,min,4530
36,1992,sacramento river,11390500,USGS,knights landing,flow,max,6010
36,1992,sacramento river,11390500,USGS,knights landing,flow,mean,5117.802440563854
36,1992,sacramento river,11390500,USGS,knights landing,flow,min,4660
37,1992,sacramento river,11390500,USGS,knights landing,flow,max,5840
37,1992,sacramento river,11390500,USGS,knights landing,flow,mean,5537.054491899852
37,1992,sacramento river,11390500,USGS,knights landing,flow,min,5250
38,1992,sacramento river,11390500,USGS,knights landing,flow,max,6190
38,1992,sacramento river,11390500,USGS,knights landing,flow,mean,5779.425625920471
38,1992,sacramento river,11390500,USGS,knights landing,flow,min,5420
39,1992,sacramento river,11390500,USGS,knights landing,flow,max,5710
39,1992,sacramento river,11390500,USGS,knights landing,flow,mean,5616.185567010309
39,1992,sacramento river,11390500,USGS,knights landing,flow,min,5440
40,1992,sacramento river,11390500,USGS,knights landing,flow,max,5630
40,1992,sacramento river,11390500,USGS,knights landing,flow,mean,5174.845360824743
40,1992,sacramento river,11390500,USGS,knights landing,flow,min,4410
41,1992,sacramento river,11390500,USGS,knights landing,flow,max,4450
41,1992,sacramento river,11390500,USGS,knights landing,flow,mean,3849.1016200294553
41,1992,sacramento river,11390500,USGS,knights landing,flow,min,3370
42,1992,sacramento river,11390500,USGS,knights landing,flow,max,3380
42,1992,sacramento river,11390500,USGS,knights landing,flow,mean,3169.7639085089118
42,1992,sacramento river,11390500,USGS,knights landing,flow,min,2750
43,1992,sacramento river,11390500,USGS,knights landing,flow,max,3640
43,1992,sacramento river,11390500,USGS,knights landing,flow,mean,3518.837632824995
43,1992,sacramento river,11390500,USGS,knights landing,flow,min,3230
44,1992,sacramento river,11390500,USGS,knights landing,flow,max,6230
44,1992,sacramento river,11390500,USGS,knights landing,flow,mean,4415.1840942562585
44,1992,sacramento river,11390500,USGS,knights landing,flow,min,3450
45,1992,sacramento river,11390500,USGS,knights landing,flow,max,5010
45,1992,sacramento river,11390500,USGS,knights landing,flow,mean,4077.2017673048604
45,1992,sacramento river,11390500,USGS,knights landing,flow,min,3560
46,1992,sacramento river,11390500,USGS,knights landing,flow,max,3640
46,1992,sacramento river,11390500,USGS,knights landing,flow,mean,3496.1708394698094
46,1992,sacramento river,11390500,USGS,knights landing,flow,min,3340
47,1992,sacramento river,11390500,USGS,knights landing,flow,max,3570
47,1992,sacramento river,11390500,USGS,knights landing,flow,mean,3458.645066273933
47,1992,sacramento river,11390500,USGS,knights landing,flow,min,3280
48,1992,sacramento river,11390500,USGS,knights landing,flow,max,3950
48,1992,sacramento river,11390500,USGS,knights landing,flow,mean,3724.050073637703
48,1992,sacramento river,11390500,USGS,knights landing,flow,min,3450
49,1992,sacramento river,11390500,USGS,knights landing,flow,max,5570
49,1992,sacramento river,11390500,USGS,knights landing,flow,mean,3897.1870397643593
49,1992,sacramento river,11390500,USGS,knights landing,flow,min,3580
50,1992,sacramento river,11390500,USGS,knights landing,flow,max,24400
50,1992,sacramento river,11390500,USGS,knights landing,flow,mean,15943.169924112255
50,1992,sacramento river,11390500,USGS,knights landing,flow,min,5620
3,1993,sacramento river,11390500,USGS,knights landing,flow,max,26700
3,1993,sacramento river,11390500,USGS,knights landing,flow,mean,24385.9375
3,1993,sacramento river,11390500,USGS,knights landing,flow,min,21300
4,1993,sacramento river,11390500,USGS,knights landing,flow,max,29600
4,1993,sacramento river,11390500,USGS,knights landing,flow,mean,26027.1875
4,1993,sacramento river,11390500,USGS,knights landing,flow,min,19500
5,1993,sacramento river,11390500,USGS,knights landing,flow,max,19500
5,1993,sacramento river,11390500,USGS,knights landing,flow,mean,18990.625
5,1993,sacramento river,11390500,USGS,knights landing,flow,min,18500
11,1993,sacramento river,11390500,USGS,knights landing,flow,max,21000
11,1993,sacramento river,11390500,USGS,knights landing,flow,mean,12480.729166666666
11,1993,sacramento river,11390500,USGS,knights landing,flow,min,11700
12,1993,sacramento river,11390500,USGS,knights landing,flow,max,24000
12,1993,sacramento river,11390500,USGS,knights landing,flow,mean,22656.25
12,1993,sacramento river,11390500,USGS,knights landing,flow,min,21200
14,1993,sacramento river,11390500,USGS,knights landing,flow,max,24400
14,1993,sacramento river,11390500,USGS,knights landing,flow,mean,23804.234601449276
14,1993,sacramento river,11390500,USGS,knights landing,flow,min,22900
15,1993,sacramento river,11390500,USGS,knights landing,flow,max,23000
15,1993,sacramento river,11390500,USGS,knights landing,flow,mean,16581.14874815906
15,1993,sacramento river,11390500,USGS,knights landing,flow,min,12000
16,1993,sacramento river,11390500,USGS,knights landing,flow,max,21700
16,1993,sacramento river,11390500,USGS,knights landing,flow,mean,14588.417403043695
16,1993,sacramento river,11390500,USGS,knights landing,flow,min,11000
17,1993,sacramento river,11390500,USGS,knights landing,flow,max,13100
17,1993,sacramento river,11390500,USGS,knights landing,flow,mean,11466.863033873344
17,1993,sacramento river,11390500,USGS,knights landing,flow,min,10300
18,1993,sacramento river,11390500,USGS,knights landing,flow,max,10800
18,1993,sacramento river,11390500,USGS,knights landing,flow,mean,9261.48487358861
18,1993,sacramento river,11390500,USGS,knights landing,flow,min,7650
19,1993,sacramento river,11390500,USGS,knights landing,flow,max,8430
19,1993,sacramento river,11390500,USGS,knights landing,flow,mean,7671.7967599410895
19,1993,sacramento river,11390500,USGS,knights landing,flow,min,7200
20,1993,sacramento river,11390500,USGS,knights landing,flow,max,8230
20,1993,sacramento river,11390500,USGS,knights landing,flow,mean,7074.301822533137
20,1993,sacramento river,11390500,USGS,knights landing,flow,min,6020
21,1993,sacramento river,11390500,USGS,knights landing,flow,max,9470
21,1993,sacramento river,11390500,USGS,knights landing,flow,mean,7993.357879234168
21,1993,sacramento river,11390500,USGS,knights landing,flow,min,7210
22,1993,sacramento river,11390500,USGS,knights landing,flow,max,22800
22,1993,sacramento river,11390500,USGS,knights landing,flow,mean,13468.900343642612
22,1993,sacramento river,11390500,USGS,knights landing,flow,min,9470
23,1993,sacramento river,11390500,USGS,knights landing,flow,max,23600
23,1993,sacramento river,11390500,USGS,knights landing,flow,mean,21036.160714285714
23,1993,sacramento river,11390500,USGS,knights landing,flow,min,17800
24,1993,sacramento river,11390500,USGS,knights landing,flow,max,18500
24,1993,sacramento river,11390500,USGS,knights landing,flow,mean,13475.892857142857
24,1993,sacramento river,11390500,USGS,knights landing,flow,min,10600
25,1993,sacramento river,11390500,USGS,knights landing,flow,max,11500
25,1993,sacramento river,11390500,USGS,knights landing,flow,mean,10118.601190476189
25,1993,sacramento river,11390500,USGS,knights landing,flow,min,7930
26,1993,sacramento river,11390500,USGS,knights landing,flow,max,7960
26,1993,sacramento river,11390500,USGS,knights landing,flow,mean,7106.622023809522
26,1993,sacramento river,11390500,USGS,knights landing,flow,min,6190
27,1993,sacramento river,11390500,USGS,knights landing,flow,max,7410
27,1993,sacramento river,11390500,USGS,knights landing,flow,mean,6760.610119047619
27,1993,sacramento river,11390500,USGS,knights landing,flow,min,6250
28,1993,sacramento river,11390500,USGS,knights landing,flow,max,7410
28,1993,sacramento river,11390500,USGS,knights landing,flow,mean,6482.948005123305
28,1993,sacramento river,11390500,USGS,knights landing,flow,min,5950
29,1993,sacramento river,11390500,USGS,knights landing,flow,max,6230
29,1993,sacramento river,11390500,USGS,knights landing,flow,mean,5724.388807069219
29,1993,sacramento river,11390500,USGS,knights landing,flow,min,5290
30,1993,sacramento river,11390500,USGS,knights landing,flow,max,6940
30,1993,sacramento river,11390500,USGS,knights landing,flow,mean,6575.598719605662
30,1993,sacramento river,11390500,USGS,knights landing,flow,min,6050
31,1993,sacramento river,11390500,USGS,knights landing,flow,max,9610
31,1993,sacramento river,11390500,USGS,knights landing,flow,mean,8074.889543446245
31,1993,sacramento river,11390500,USGS,knights landing,flow,min,6500
32,1993,sacramento river,11390500,USGS,knights landing,flow,max,9570
32,1993,sacramento river,11390500,USGS,knights landing,flow,mean,7972.600162303507
32,1993,sacramento river,11390500,USGS,knights landing,flow,min,7400
33,1993,sacramento river,11390500,USGS,knights landing,flow,max,8160
33,1993,sacramento river,11390500,USGS,knights landing,flow,mean,7691.700129241683
33,1993,sacramento river,11390500,USGS,knights landing,flow,min,7290
34,1993,sacramento river,11390500,USGS,knights landing,flow,max,9270
34,1993,sacramento river,11390500,USGS,knights landing,flow,mean,8563.9764359352
34,1993,sacramento river,11390500,USGS,knights landing,flow,min,8100
35,1993,sacramento river,11390500,USGS,knights landing,flow,max,9010
35,1993,sacramento river,11390500,USGS,knights landing,flow,mean,7753.563297741777
35,1993,sacramento river,11390500,USGS,knights landing,flow,min,6940
36,1993,sacramento river,11390500,USGS,knights landing,flow,max,8650
36,1993,sacramento river,11390500,USGS,knights landing,flow,mean,8061.264880952381
36,1993,sacramento river,11390500,USGS,knights landing,flow,min,7550
37,1993,sacramento river,11390500,USGS,knights landing,flow,max,9090
37,1993,sacramento river,11390500,USGS,knights landing,flow,mean,8860.029761904761
37,1993,sacramento river,11390500,USGS,knights landing,flow,min,8620
38,1993,sacramento river,11390500,USGS,knights landing,flow,max,8900
38,1993,sacramento river,11390500,USGS,knights landing,flow,mean,8457.8125
38,1993,sacramento river,11390500,USGS,knights landing,flow,min,8150
39,1993,sacramento river,11390500,USGS,knights landing,flow,max,8840
39,1993,sacramento river,11390500,USGS,knights landing,flow,mean,8679.687500000002
39,1993,sacramento river,11390500,USGS,knights landing,flow,min,8460
40,1993,sacramento river,11390500,USGS,knights landing,flow,max,8770
40,1993,sacramento river,11390500,USGS,knights landing,flow,mean,8545.80357142857
40,1993,sacramento river,11390500,USGS,knights landing,flow,min,8260
41,1993,sacramento river,11390500,USGS,knights landing,flow,max,8310
41,1993,sacramento river,11390500,USGS,knights landing,flow,mean,7419.598214285715
41,1993,sacramento river,11390500,USGS,knights landing,flow,min,6680
42,1993,sacramento river,11390500,USGS,knights landing,flow,max,9170
42,1993,sacramento river,11390500,USGS,knights landing,flow,mean,7274.0625
42,1993,sacramento river,11390500,USGS,knights landing,flow,min,6280
43,1993,sacramento river,11390500,USGS,knights landing,flow,max,6320
43,1993,sacramento river,11390500,USGS,knights landing,flow,mean,5740.9672619047615
43,1993,sacramento river,11390500,USGS,knights landing,flow,min,5350
44,1993,sacramento river,11390500,USGS,knights landing,flow,max,5420
44,1993,sacramento river,11390500,USGS,knights landing,flow,mean,5271.208592132505
44,1993,sacramento river,11390500,USGS,knights landing,flow,min,5120
45,1993,sacramento river,11390500,USGS,knights landing,flow,max,5400
45,1993,sacramento river,11390500,USGS,knights landing,flow,mean,5258.928571428572
45,1993,sacramento river,11390500,USGS,knights landing,flow,min,5080
46,1993,sacramento river,11390500,USGS,knights landing,flow,max,5670
46,1993,sacramento river,11390500,USGS,knights landing,flow,mean,5492.991071428571
46,1993,sacramento river,11390500,USGS,knights landing,flow,min,5210
47,1993,sacramento river,11390500,USGS,knights landing,flow,max,5640
47,1993,sacramento river,11390500,USGS,knights landing,flow,mean,5535.372023809524
47,1993,sacramento river,11390500,USGS,knights landing,flow,min,5390
48,1993,sacramento river,11390500,USGS,knights landing,flow,max,7230
48,1993,sacramento river,11390500,USGS,knights landing,flow,mean,6042.544642857143
48,1993,sacramento river,11390500,USGS,knights landing,flow,min,5570
49,1993,sacramento river,11390500,USGS,knights landing,flow,max,6860
49,1993,sacramento river,11390500,USGS,knights landing,flow,mean,6106.056547619048
49,1993,sacramento river,11390500,USGS,knights landing,flow,min,5740
50,1993,sacramento river,11390500,USGS,knights landing,flow,max,13100
50,1993,sacramento river,11390500,USGS,knights landing,flow,mean,10093.125
50,1993,sacramento river,11390500,USGS,knights landing,flow,min,6100
52,1993,sacramento river,11390500,USGS,knights landing,flow,max,7510
52,1993,sacramento river,11390500,USGS,knights landing,flow,mean,7188.205958989463
52,1993,sacramento river,11390500,USGS,knights landing,flow,min,6990
1,1994,sacramento river,11390500,USGS,knights landing,flow,max,6950
1,1994,sacramento river,11390500,USGS,knights landing,flow,mean,6819.263622974964
1,1994,sacramento river,11390500,USGS,knights landing,flow,min,6670
2,1994,sacramento river,11390500,USGS,knights landing,flow,max,6860
2,1994,sacramento river,11390500,USGS,knights landing,flow,mean,6401.143338042139
2,1994,sacramento river,11390500,USGS,knights landing,flow,min,5740
3,1994,sacramento river,11390500,USGS,knights landing,flow,max,6000
3,1994,sacramento river,11390500,USGS,knights landing,flow,mean,5882.871870397643
3,1994,sacramento river,11390500,USGS,knights landing,flow,min,5750
4,1994,sacramento river,11390500,USGS,knights landing,flow,max,14500
4,1994,sacramento river,11390500,USGS,knights landing,flow,mean,9200.628775810768
4,1994,sacramento river,11390500,USGS,knights landing,flow,min,5850
5,1994,sacramento river,11390500,USGS,knights landing,flow,max,10300
5,1994,sacramento river,11390500,USGS,knights landing,flow,mean,7347.452135493372
5,1994,sacramento river,11390500,USGS,knights landing,flow,min,6140
6,1994,sacramento river,11390500,USGS,knights landing,flow,max,20500
6,1994,sacramento river,11390500,USGS,knights landing,flow,mean,11447.437407952873
6,1994,sacramento river,11390500,USGS,knights landing,flow,min,5980
7,1994,sacramento river,11390500,USGS,knights landing,flow,max,15000
7,1994,sacramento river,11390500,USGS,knights landing,flow,mean,10534.961978900543
7,1994,sacramento river,11390500,USGS,knights landing,flow,min,8120
8,1994,sacramento river,11390500,USGS,knights landing,flow,max,20600
8,1994,sacramento river,11390500,USGS,knights landing,flow,mean,15380.706921944033
8,1994,sacramento river,11390500,USGS,knights landing,flow,min,11000
9,1994,sacramento river,11390500,USGS,knights landing,flow,max,11900
9,1994,sacramento river,11390500,USGS,knights landing,flow,mean,10449.116500981836
9,1994,sacramento river,11390500,USGS,knights landing,flow,min,9340
10,1994,sacramento river,11390500,USGS,knights landing,flow,max,9480
10,1994,sacramento river,11390500,USGS,knights landing,flow,mean,9180.703125
10,1994,sacramento river,11390500,USGS,knights landing,flow,min,8890
11,1994,sacramento river,11390500,USGS,knights landing,flow,max,8070
11,1994,sacramento river,11390500,USGS,knights landing,flow,mean,7280.928819444444
11,1994,sacramento river,11390500,USGS,knights landing,flow,min,6640
12,1994,sacramento river,11390500,USGS,knights landing,flow,max,7690
12,1994,sacramento river,11390500,USGS,knights landing,flow,mean,6245.5505952380945
12,1994,sacramento river,11390500,USGS,knights landing,flow,min,5420
13,1994,sacramento river,11390500,USGS,knights landing,flow,max,5520
13,1994,sacramento river,11390500,USGS,knights landing,flow,mean,4889.434523809524
13,1994,sacramento river,11390500,USGS,knights landing,flow,min,4200
14,1994,sacramento river,11390500,USGS,knights landing,flow,max,4620
14,1994,sacramento river,11390500,USGS,knights landing,flow,mean,4398.318452380952
14,1994,sacramento river,11390500,USGS,knights landing,flow,min,4190
15,1994,sacramento river,11390500,USGS,knights landing,flow,max,5340
15,1994,sacramento river,11390500,USGS,knights landing,flow,mean,4445.5927318295735
15,1994,sacramento river,11390500,USGS,knights landing,flow,min,3310
16,1994,sacramento river,11390500,USGS,knights landing,flow,max,3820
16,1994,sacramento river,11390500,USGS,knights landing,flow,mean,3511.592261904761
16,1994,sacramento river,11390500,USGS,knights landing,flow,min,3130
17,1994,sacramento river,11390500,USGS,knights landing,flow,max,5610
17,1994,sacramento river,11390500,USGS,knights landing,flow,mean,4452.142857142857
17,1994,sacramento river,11390500,USGS,knights landing,flow,min,3780
18,1994,sacramento river,11390500,USGS,knights landing,flow,max,4770
18,1994,sacramento river,11390500,USGS,knights landing,flow,mean,4135.3422619047615
18,1994,sacramento river,11390500,USGS,knights landing,flow,min,3680
19,1994,sacramento river,11390500,USGS,knights landing,flow,max,6930
19,1994,sacramento river,11390500,USGS,knights landing,flow,mean,5966.369047619047
19,1994,sacramento river,11390500,USGS,knights landing,flow,min,4160
20,1994,sacramento river,11390500,USGS,knights landing,flow,max,7350
20,1994,sacramento river,11390500,USGS,knights landing,flow,mean,6014.6130952380945
20,1994,sacramento river,11390500,USGS,knights landing,flow,min,4770
21,1994,sacramento river,11390500,USGS,knights landing,flow,max,6780
21,1994,sacramento river,11390500,USGS,knights landing,flow,mean,5699.241071428572
21,1994,sacramento river,11390500,USGS,knights landing,flow,min,4830
22,1994,sacramento river,11390500,USGS,knights landing,flow,max,6420
22,1994,sacramento river,11390500,USGS,knights landing,flow,mean,5544.895833333333
22,1994,sacramento river,11390500,USGS,knights landing,flow,min,4660
23,1994,sacramento river,11390500,USGS,knights landing,flow,max,5530
23,1994,sacramento river,11390500,USGS,knights landing,flow,mean,4450.133928571428
23,1994,sacramento river,11390500,USGS,knights landing,flow,min,4040
24,1994,sacramento river,11390500,USGS,knights landing,flow,max,5150
24,1994,sacramento river,11390500,USGS,knights landing,flow,mean,4861.755952380953
24,1994,sacramento river,11390500,USGS,knights landing,flow,min,4390
25,1994,sacramento river,11390500,USGS,knights landing,flow,max,5410
25,1994,sacramento river,11390500,USGS,knights landing,flow,mean,5222.127976190476
25,1994,sacramento river,11390500,USGS,knights landing,flow,min,4770
26,1994,sacramento river,11390500,USGS,knights landing,flow,max,5800
26,1994,sacramento river,11390500,USGS,knights landing,flow,mean,5597.708333333334
26,1994,sacramento river,11390500,USGS,knights landing,flow,min,5380
27,1994,sacramento river,11390500,USGS,knights landing,flow,max,5970
27,1994,sacramento river,11390500,USGS,knights landing,flow,mean,5727.782738095238
27,1994,sacramento river,11390500,USGS,knights landing,flow,min,5560
28,1994,sacramento river,11390500,USGS,knights landing,flow,max,7540
28,1994,sacramento river,11390500,USGS,knights landing,flow,mean,6936.339285714285
28,1994,sacramento river,11390500,USGS,knights landing,flow,min,5800
29,1994,sacramento river,11390500,USGS,knights landing,flow,max,7880
29,1994,sacramento river,11390500,USGS,knights landing,flow,mean,7567.351190476191
29,1994,sacramento river,11390500,USGS,knights landing,flow,min,7370
30,1994,sacramento river,11390500,USGS,knights landing,flow,max,8030
30,1994,sacramento river,11390500,USGS,knights landing,flow,mean,7808.244047619048
30,1994,sacramento river,11390500,USGS,knights landing,flow,min,7530
31,1994,sacramento river,11390500,USGS,knights landing,flow,max,7670
31,1994,sacramento river,11390500,USGS,knights landing,flow,mean,7242.872023809525
31,1994,sacramento river,11390500,USGS,knights landing,flow,min,6570
32,1994,sacramento river,11390500,USGS,knights landing,flow,max,6770
32,1994,sacramento river,11390500,USGS,knights landing,flow,mean,6387.633928571428
32,1994,sacramento river,11390500,USGS,knights landing,flow,min,6040
33,1994,sacramento river,11390500,USGS,knights landing,flow,max,6810
33,1994,sacramento river,11390500,USGS,knights landing,flow,mean,6498.3630952380945
33,1994,sacramento river,11390500,USGS,knights landing,flow,min,6230
34,1994,sacramento river,11390500,USGS,knights landing,flow,max,9010
34,1994,sacramento river,11390500,USGS,knights landing,flow,mean,8303.630952380952
34,1994,sacramento river,11390500,USGS,knights landing,flow,min,6810
35,1994,sacramento river,11390500,USGS,knights landing,flow,max,10200
35,1994,sacramento river,11390500,USGS,knights landing,flow,mean,9441.413690476193
35,1994,sacramento river,11390500,USGS,knights landing,flow,min,8850
36,1994,sacramento river,11390500,USGS,knights landing,flow,max,10700
36,1994,sacramento river,11390500,USGS,knights landing,flow,mean,9906.25
36,1994,sacramento river,11390500,USGS,knights landing,flow,min,9030
37,1994,sacramento river,11390500,USGS,knights landing,flow,max,9030
37,1994,sacramento river,11390500,USGS,knights landing,flow,mean,8763.571428571428
37,1994,sacramento river,11390500,USGS,knights landing,flow,min,8650
38,1994,sacramento river,11390500,USGS,knights landing,flow,max,9020
38,1994,sacramento river,11390500,USGS,knights landing,flow,mean,8026.443452380953
38,1994,sacramento river,11390500,USGS,knights landing,flow,min,7500
39,1994,sacramento river,11390500,USGS,knights landing,flow,max,7500
39,1994,sacramento river,11390500,USGS,knights landing,flow,mean,7023.883928571428
39,1994,sacramento river,11390500,USGS,knights landing,flow,min,6650
40,1994,sacramento river,11390500,USGS,knights landing,flow,max,6660
40,1994,sacramento river,11390500,USGS,knights landing,flow,mean,5841.547619047618
40,1994,sacramento river,11390500,USGS,knights landing,flow,min,5190
41,1994,sacramento river,11390500,USGS,knights landing,flow,max,5190
41,1994,sacramento river,11390500,USGS,knights landing,flow,mean,4431.607142857143
41,1994,sacramento river,11390500,USGS,knights landing,flow,min,3520
42,1994,sacramento river,11390500,USGS,knights landing,flow,max,3570
42,1994,sacramento river,11390500,USGS,knights landing,flow,mean,3467.098214285714
42,1994,sacramento river,11390500,USGS,knights landing,flow,min,3330
43,1994,sacramento river,11390500,USGS,knights landing,flow,max,3930
43,1994,sacramento river,11390500,USGS,knights landing,flow,mean,3644.7321428571436
43,1994,sacramento river,11390500,USGS,knights landing,flow,min,3440
44,1994,sacramento river,11390500,USGS,knights landing,flow,max,3650
44,1994,sacramento river,11390500,USGS,knights landing,flow,mean,3537.868788819876
44,1994,sacramento river,11390500,USGS,knights landing,flow,min,3330
45,1994,sacramento river,11390500,USGS,knights landing,flow,max,5930
45,1994,sacramento river,11390500,USGS,knights landing,flow,mean,4335.714285714285
45,1994,sacramento river,11390500,USGS,knights landing,flow,min,3420
46,1994,sacramento river,11390500,USGS,knights landing,flow,max,6240
46,1994,sacramento river,11390500,USGS,knights landing,flow,mean,5017.782738095238
46,1994,sacramento river,11390500,USGS,knights landing,flow,min,4450
47,1994,sacramento river,11390500,USGS,knights landing,flow,max,4580
47,1994,sacramento river,11390500,USGS,knights landing,flow,mean,4250.982142857143
47,1994,sacramento river,11390500,USGS,knights landing,flow,min,3940
48,1994,sacramento river,11390500,USGS,knights landing,flow,max,5090
48,1994,sacramento river,11390500,USGS,knights landing,flow,mean,4786.130952380952
48,1994,sacramento river,11390500,USGS,knights landing,flow,min,4550
49,1994,sacramento river,11390500,USGS,knights landing,flow,max,16700
49,1994,sacramento river,11390500,USGS,knights landing,flow,mean,9543.377976190477
49,1994,sacramento river,11390500,USGS,knights landing,flow,min,4720
50,1994,sacramento river,11390500,USGS,knights landing,flow,max,11600
50,1994,sacramento river,11390500,USGS,knights landing,flow,mean,8312.03869047619
50,1994,sacramento river,11390500,USGS,knights landing,flow,min,6240
51,1994,sacramento river,11390500,USGS,knights landing,flow,max,6900
51,1994,sacramento river,11390500,USGS,knights landing,flow,mean,6792.307692307692
51,1994,sacramento river,11390500,USGS,knights landing,flow,min,6680
52,1994,sacramento river,11390500,USGS,knights landing,flow,max,10300
52,1994,sacramento river,11390500,USGS,knights landing,flow,mean,7462.223858615611
52,1994,sacramento river,11390500,USGS,knights landing,flow,min,6490
53,1994,sacramento river,11390500,USGS,knights landing,flow,max,9590
53,1994,sacramento river,11390500,USGS,knights landing,flow,mean,8772.886597938144
53,1994,sacramento river,11390500,USGS,knights landing,flow,min,8100
1,1995,sacramento river,11390500,USGS,knights landing,flow,max,17000
1,1995,sacramento river,11390500,USGS,knights landing,flow,mean,9949.80854197349
1,1995,sacramento river,11390500,USGS,knights landing,flow,min,6730
2,1995,sacramento river,11390500,USGS,knights landing,flow,max,30700
2,1995,sacramento river,11390500,USGS,knights landing,flow,mean,27133.10935198822
2,1995,sacramento river,11390500,USGS,knights landing,flow,min,14000
3,1995,sacramento river,11390500,USGS,knights landing,flow,max,28700
3,1995,sacramento river,11390500,USGS,knights landing,flow,mean,27161.266568483064
3,1995,sacramento river,11390500,USGS,knights landing,flow,min,25800
4,1995,sacramento river,11390500,USGS,knights landing,flow,max,27700
4,1995,sacramento river,11390500,USGS,knights landing,flow,mean,26799.852724594988
4,1995,sacramento river,11390500,USGS,knights landing,flow,min,25600
5,1995,sacramento river,11390500,USGS,knights landing,flow,max,27900
5,1995,sacramento river,11390500,USGS,knights landing,flow,mean,27379.086892488955
5,1995,sacramento river,11390500,USGS,knights landing,flow,min,26700
6,1995,sacramento river,11390500,USGS,knights landing,flow,max,27500
6,1995,sacramento river,11390500,USGS,knights landing,flow,mean,26302.77522091311
6,1995,sacramento river,11390500,USGS,knights landing,flow,min,25100
7,1995,sacramento river,11390500,USGS,knights landing,flow,max,25300
7,1995,sacramento river,11390500,USGS,knights landing,flow,mean,24501.041666666668
7,1995,sacramento river,11390500,USGS,knights landing,flow,min,23900
11,1995,sacramento river,11390500,USGS,knights landing,flow,max,29000
11,1995,sacramento river,11390500,USGS,knights landing,flow,mean,28778.541038210155
11,1995,sacramento river,11390500,USGS,knights landing,flow,min,28200
12,1995,sacramento river,11390500,USGS,knights landing,flow,max,28400
12,1995,sacramento river,11390500,USGS,knights landing,flow,mean,27713.046564299442
12,1995,sacramento river,11390500,USGS,knights landing,flow,min,27300
13,1995,sacramento river,11390500,USGS,knights landing,flow,max,27400
13,1995,sacramento river,11390500,USGS,knights landing,flow,mean,25938.091725243627
13,1995,sacramento river,11390500,USGS,knights landing,flow,min,24700
14,1995,sacramento river,11390500,USGS,knights landing,flow,max,24900
14,1995,sacramento river,11390500,USGS,knights landing,flow,mean,23522.85173822171
14,1995,sacramento river,11390500,USGS,knights landing,flow,min,22000
15,1995,sacramento river,11390500,USGS,knights landing,flow,max,25500
15,1995,sacramento river,11390500,USGS,knights landing,flow,mean,25018.378560973015
15,1995,sacramento river,11390500,USGS,knights landing,flow,min,24100
16,1995,sacramento river,11390500,USGS,knights landing,flow,max,25300
16,1995,sacramento river,11390500,USGS,knights landing,flow,mean,24038.557581006688
16,1995,sacramento river,11390500,USGS,knights landing,flow,min,21300
17,1995,sacramento river,11390500,USGS,knights landing,flow,max,21200
17,1995,sacramento river,11390500,USGS,knights landing,flow,mean,15503.40792300708
17,1995,sacramento river,11390500,USGS,knights landing,flow,min,12700
18,1995,sacramento river,11390500,USGS,knights landing,flow,max,25900
18,1995,sacramento river,11390500,USGS,knights landing,flow,mean,24420.26495339891
18,1995,sacramento river,11390500,USGS,knights landing,flow,min,3540
19,1995,sacramento river,11390500,USGS,knights landing,flow,max,25200
19,1995,sacramento river,11390500,USGS,knights landing,flow,mean,24539.691744229458
19,1995,sacramento river,11390500,USGS,knights landing,flow,min,23500
20,1995,sacramento river,11390500,USGS,knights landing,flow,max,23200
20,1995,sacramento river,11390500,USGS,knights landing,flow,mean,20381.58667911609
20,1995,sacramento river,11390500,USGS,knights landing,flow,min,14800
21,1995,sacramento river,11390500,USGS,knights landing,flow,max,16200
21,1995,sacramento river,11390500,USGS,knights landing,flow,mean,15307.354421682225
21,1995,sacramento river,11390500,USGS,knights landing,flow,min,13900
22,1995,sacramento river,11390500,USGS,knights landing,flow,max,15800
22,1995,sacramento river,11390500,USGS,knights landing,flow,mean,15320.087171633915
22,1995,sacramento river,11390500,USGS,knights landing,flow,min,14100
23,1995,sacramento river,11390500,USGS,knights landing,flow,max,14200
23,1995,sacramento river,11390500,USGS,knights landing,flow,mean,13352.037514990287
23,1995,sacramento river,11390500,USGS,knights landing,flow,min,11800
24,1995,sacramento river,11390500,USGS,knights landing,flow,max,14400
24,1995,sacramento river,11390500,USGS,knights landing,flow,mean,12010.972272803498
24,1995,sacramento river,11390500,USGS,knights landing,flow,min,11300
25,1995,sacramento river,11390500,USGS,knights landing,flow,max,14300
25,1995,sacramento river,11390500,USGS,knights landing,flow,mean,12794.955853274247
25,1995,sacramento river,11390500,USGS,knights landing,flow,min,11600
26,1995,sacramento river,11390500,USGS,knights landing,flow,max,13000
26,1995,sacramento river,11390500,USGS,knights landing,flow,mean,12497.593600986456
26,1995,sacramento river,11390500,USGS,knights landing,flow,min,7580
27,1995,sacramento river,11390500,USGS,knights landing,flow,max,12500
27,1995,sacramento river,11390500,USGS,knights landing,flow,mean,12092.431828311848
27,1995,sacramento river,11390500,USGS,knights landing,flow,min,10700
28,1995,sacramento river,11390500,USGS,knights landing,flow,max,11200
28,1995,sacramento river,11390500,USGS,knights landing,flow,mean,10868.166383427495
28,1995,sacramento river,11390500,USGS,knights landing,flow,min,10500
29,1995,sacramento river,11390500,USGS,knights landing,flow,max,11000
29,1995,sacramento river,11390500,USGS,knights landing,flow,mean,10753.396354889423
29,1995,sacramento river,11390500,USGS,knights landing,flow,min,10400
30,1995,sacramento river,11390500,USGS,knights landing,flow,max,10900
30,1995,sacramento river,11390500,USGS,knights landing,flow,mean,10736.917291090911
30,1995,sacramento river,11390500,USGS,knights landing,flow,min,10400
31,1995,sacramento river,11390500,USGS,knights landing,flow,max,11100
31,1995,sacramento river,11390500,USGS,knights landing,flow,mean,10493.400176428126
31,1995,sacramento river,11390500,USGS,knights landing,flow,min,9980
32,1995,sacramento river,11390500,USGS,knights landing,flow,max,10600
32,1995,sacramento river,11390500,USGS,knights landing,flow,mean,10302.673827210645
32,1995,sacramento river,11390500,USGS,knights landing,flow,min,9820
33,1995,sacramento river,11390500,USGS,knights landing,flow,max,10100
33,1995,sacramento river,11390500,USGS,knights landing,flow,mean,9367.133715739563
33,1995,sacramento river,11390500,USGS,knights landing,flow,min,8520
34,1995,sacramento river,11390500,USGS,knights landing,flow,max,10800
34,1995,sacramento river,11390500,USGS,knights landing,flow,mean,10157.851913575596
34,1995,sacramento river,11390500,USGS,knights landing,flow,min,8710
35,1995,sacramento river,11390500,USGS,knights landing,flow,max,10100
35,1995,sacramento river,11390500,USGS,knights landing,flow,mean,9273.994143144117
35,1995,sacramento river,11390500,USGS,knights landing,flow,min,8860
36,1995,sacramento river,11390500,USGS,knights landing,flow,max,9010
36,1995,sacramento river,11390500,USGS,knights landing,flow,mean,8737.191832231756
36,1995,sacramento river,11390500,USGS,knights landing,flow,min,8050
37,1995,sacramento river,11390500,USGS,knights landing,flow,max,10800
37,1995,sacramento river,11390500,USGS,knights landing,flow,mean,9727.07221588951
37,1995,sacramento river,11390500,USGS,knights landing,flow,min,8910
38,1995,sacramento river,11390500,USGS,knights landing,flow,max,10900
38,1995,sacramento river,11390500,USGS,knights landing,flow,mean,10570.60643517299
38,1995,sacramento river,11390500,USGS,knights landing,flow,min,10200
39,1995,sacramento river,11390500,USGS,knights landing,flow,max,10600
39,1995,sacramento river,11390500,USGS,knights landing,flow,mean,9528.830270070084
39,1995,sacramento river,11390500,USGS,knights landing,flow,min,8940
40,1995,sacramento river,11390500,USGS,knights landing,flow,max,9050
40,1995,sacramento river,11390500,USGS,knights landing,flow,mean,7433.984384579157
40,1995,sacramento river,11390500,USGS,knights landing,flow,min,6300
41,1995,sacramento river,11390500,USGS,knights landing,flow,max,6340
41,1995,sacramento river,11390500,USGS,knights landing,flow,mean,5872.223858615611
41,1995,sacramento river,11390500,USGS,knights landing,flow,min,5400
42,1995,sacramento river,11390500,USGS,knights landing,flow,max,5410
42,1995,sacramento river,11390500,USGS,knights landing,flow,mean,5207.496318114875
42,1995,sacramento river,11390500,USGS,knights landing,flow,min,4980
43,1995,sacramento river,11390500,USGS,knights landing,flow,max,5090
43,1995,sacramento river,11390500,USGS,knights landing,flow,mean,4972.930780559646
43,1995,sacramento river,11390500,USGS,knights landing,flow,min,4800
44,1995,sacramento river,11390500,USGS,knights landing,flow,max,5140
44,1995,sacramento river,11390500,USGS,knights landing,flow,mean,4902.607566471883
44,1995,sacramento river,11390500,USGS,knights landing,flow,min,4730
45,1995,sacramento river,11390500,USGS,knights landing,flow,max,5510
45,1995,sacramento river,11390500,USGS,knights landing,flow,mean,5122.385861561119
45,1995,sacramento river,11390500,USGS,knights landing,flow,min,4700
46,1995,sacramento river,11390500,USGS,knights landing,flow,max,5650
46,1995,sacramento river,11390500,USGS,knights landing,flow,mean,5438.114874815905
46,1995,sacramento river,11390500,USGS,knights landing,flow,min,5300
47,1995,sacramento river,11390500,USGS,knights landing,flow,max,5590
47,1995,sacramento river,11390500,USGS,knights landing,flow,mean,5439.509382136987
47,1995,sacramento river,11390500,USGS,knights landing,flow,min,5340
48,1995,sacramento river,11390500,USGS,knights landing,flow,max,5550
48,1995,sacramento river,11390500,USGS,knights landing,flow,mean,5415.7970553573
48,1995,sacramento river,11390500,USGS,knights landing,flow,min,5320
49,1995,sacramento river,11390500,USGS,knights landing,flow,max,6450
49,1995,sacramento river,11390500,USGS,knights landing,flow,mean,5975.2577319587635
49,1995,sacramento river,11390500,USGS,knights landing,flow,min,5440
50,1995,sacramento river,11390500,USGS,knights landing,flow,max,24800
50,1995,sacramento river,11390500,USGS,knights landing,flow,mean,14816.259204712813
50,1995,sacramento river,11390500,USGS,knights landing,flow,min,6440
51,1995,sacramento river,11390500,USGS,knights landing,flow,max,24800
51,1995,sacramento river,11390500,USGS,knights landing,flow,mean,15085.861561119293
51,1995,sacramento river,11390500,USGS,knights landing,flow,min,10500
52,1995,sacramento river,11390500,USGS,knights landing,flow,max,12000
52,1995,sacramento river,11390500,USGS,knights landing,flow,mean,9036.450662739324
52,1995,sacramento river,11390500,USGS,knights landing,flow,min,8290
53,1995,sacramento river,11390500,USGS,knights landing,flow,max,17900
53,1995,sacramento river,11390500,USGS,knights landing,flow,mean,15801.030927835052
53,1995,sacramento river,11390500,USGS,knights landing,flow,min,12100
1,1996,sacramento river,11390500,USGS,knights landing,flow,max,17900
1,1996,sacramento river,11390500,USGS,knights landing,flow,mean,12293.799705449188
1,1996,sacramento river,11390500,USGS,knights landing,flow,min,9140
2,1996,sacramento river,11390500,USGS,knights landing,flow,max,9140
2,1996,sacramento river,11390500,USGS,knights landing,flow,mean,8469.793814432987
2,1996,sacramento river,11390500,USGS,knights landing,flow,min,7810
3,1996,sacramento river,11390500,USGS,knights landing,flow,max,25100
3,1996,sacramento river,11390500,USGS,knights landing,flow,mean,18532.35640648012
3,1996,sacramento river,11390500,USGS,knights landing,flow,min,7740
4,1996,sacramento river,11390500,USGS,knights landing,flow,max,24900
4,1996,sacramento river,11390500,USGS,knights landing,flow,mean,21831.075110456553
4,1996,sacramento river,11390500,USGS,knights landing,flow,min,19000
5,1996,sacramento river,11390500,USGS,knights landing,flow,max,25400
5,1996,sacramento river,11390500,USGS,knights landing,flow,mean,23994.698085419735
5,1996,sacramento river,11390500,USGS,knights landing,flow,min,21600
6,1996,sacramento river,11390500,USGS,knights landing,flow,max,28800
6,1996,sacramento river,11390500,USGS,knights landing,flow,mean,26143.298969072166
6,1996,sacramento river,11390500,USGS,knights landing,flow,min,22600
7,1996,sacramento river,11390500,USGS,knights landing,flow,max,25600
7,1996,sacramento river,11390500,USGS,knights landing,flow,mean,25134.46244477172
7,1996,sacramento river,11390500,USGS,knights landing,flow,min,24400
8,1996,sacramento river,11390500,USGS,knights landing,flow,max,28400
8,1996,sacramento river,11390500,USGS,knights landing,flow,mean,27265.390279823274
8,1996,sacramento river,11390500,USGS,knights landing,flow,min,25200
9,1996,sacramento river,11390500,USGS,knights landing,flow,max,28000
9,1996,sacramento river,11390500,USGS,knights landing,flow,mean,27244.329896907217
9,1996,sacramento river,11390500,USGS,knights landing,flow,min,26400
10,1996,sacramento river,11390500,USGS,knights landing,flow,max,26500
10,1996,sacramento river,11390500,USGS,knights landing,flow,mean,25293.81443298969
10,1996,sacramento river,11390500,USGS,knights landing,flow,min,21300
11,1996,sacramento river,11390500,USGS,knights landing,flow,max,21300
11,1996,sacramento river,11390500,USGS,knights landing,flow,mean,16229.602356406482
11,1996,sacramento river,11390500,USGS,knights landing,flow,min,12800
12,1996,sacramento river,11390500,USGS,knights landing,flow,max,12900
12,1996,sacramento river,11390500,USGS,knights landing,flow,mean,10029.396170839469
12,1996,sacramento river,11390500,USGS,knights landing,flow,min,7550
13,1996,sacramento river,11390500,USGS,knights landing,flow,max,15200
13,1996,sacramento river,11390500,USGS,knights landing,flow,mean,13017.74668630339
13,1996,sacramento river,11390500,USGS,knights landing,flow,min,6470
14,1996,sacramento river,11390500,USGS,knights landing,flow,max,17700
14,1996,sacramento river,11390500,USGS,knights landing,flow,mean,14852.055412371134
14,1996,sacramento river,11390500,USGS,knights landing,flow,min,12300
17,1996,sacramento river,11390500,USGS,knights landing,flow,max,11200
17,1996,sacramento river,11390500,USGS,knights landing,flow,mean,10434.11433926898
17,1996,sacramento river,11390500,USGS,knights landing,flow,min,10000
18,1996,sacramento river,11390500,USGS,knights landing,flow,max,10300
18,1996,sacramento river,11390500,USGS,knights landing,flow,mean,8929.278350515464
18,1996,sacramento river,11390500,USGS,knights landing,flow,min,7460
19,1996,sacramento river,11390500,USGS,knights landing,flow,max,7440
19,1996,sacramento river,11390500,USGS,knights landing,flow,mean,6343.372606774668
19,1996,sacramento river,11390500,USGS,knights landing,flow,min,5460
20,1996,sacramento river,11390500,USGS,knights landing,flow,max,19300
20,1996,sacramento river,11390500,USGS,knights landing,flow,mean,9870.117820324007
20,1996,sacramento river,11390500,USGS,knights landing,flow,min,7020
21,1996,sacramento river,11390500,USGS,knights landing,flow,max,23400
21,1996,sacramento river,11390500,USGS,knights landing,flow,mean,21114.874815905747
21,1996,sacramento river,11390500,USGS,knights landing,flow,min,18200
22,1996,sacramento river,11390500,USGS,knights landing,flow,max,18300
22,1996,sacramento river,11390500,USGS,knights landing,flow,mean,14273.490427098675
22,1996,sacramento river,11390500,USGS,knights landing,flow,min,12600
23,1996,sacramento river,11390500,USGS,knights landing,flow,max,13000
23,1996,sacramento river,11390500,USGS,knights landing,flow,mean,12513.254786450661
23,1996,sacramento river,11390500,USGS,knights landing,flow,min,12100
24,1996,sacramento river,11390500,USGS,knights landing,flow,max,12500
24,1996,sacramento river,11390500,USGS,knights landing,flow,mean,11383.146170839469
24,1996,sacramento river,11390500,USGS,knights landing,flow,min,10500
25,1996,sacramento river,11390500,USGS,knights landing,flow,max,10800
25,1996,sacramento river,11390500,USGS,knights landing,flow,mean,9833.300711039321
25,1996,sacramento river,11390500,USGS,knights landing,flow,min,8950
26,1996,sacramento river,11390500,USGS,knights landing,flow,max,9560
26,1996,sacramento river,11390500,USGS,knights landing,flow,mean,9013.681885125185
26,1996,sacramento river,11390500,USGS,knights landing,flow,min,8070
27,1996,sacramento river,11390500,USGS,knights landing,flow,max,10400
27,1996,sacramento river,11390500,USGS,knights landing,flow,mean,9724.639175257733
27,1996,sacramento river,11390500,USGS,knights landing,flow,min,8880
28,1996,sacramento river,11390500,USGS,knights landing,flow,max,10400
28,1996,sacramento river,11390500,USGS,knights landing,flow,mean,10079.734904270987
28,1996,sacramento river,11390500,USGS,knights landing,flow,min,9450
29,1996,sacramento river,11390500,USGS,knights landing,flow,max,10100
29,1996,sacramento river,11390500,USGS,knights landing,flow,mean,9067.437407952873
29,1996,sacramento river,11390500,USGS,knights landing,flow,min,8270
30,1996,sacramento river,11390500,USGS,knights landing,flow,max,9540
30,1996,sacramento river,11390500,USGS,knights landing,flow,mean,9171.340206185567
30,1996,sacramento river,11390500,USGS,knights landing,flow,min,8780
31,1996,sacramento river,11390500,USGS,knights landing,flow,max,10200
31,1996,sacramento river,11390500,USGS,knights landing,flow,mean,9867.496318114876
31,1996,sacramento river,11390500,USGS,knights landing,flow,min,9300
32,1996,sacramento river,11390500,USGS,knights landing,flow,max,10200
32,1996,sacramento river,11390500,USGS,knights landing,flow,mean,9386.156111929307
32,1996,sacramento river,11390500,USGS,knights landing,flow,min,8510
33,1996,sacramento river,11390500,USGS,knights landing,flow,max,10700
33,1996,sacramento river,11390500,USGS,knights landing,flow,mean,10403.534609720178
33,1996,sacramento river,11390500,USGS,knights landing,flow,min,10100
34,1996,sacramento river,11390500,USGS,knights landing,flow,max,10900
34,1996,sacramento river,11390500,USGS,knights landing,flow,mean,10333.917525773197
34,1996,sacramento river,11390500,USGS,knights landing,flow,min,9650
35,1996,sacramento river,11390500,USGS,knights landing,flow,max,11200
35,1996,sacramento river,11390500,USGS,knights landing,flow,mean,10656.362297496318
35,1996,sacramento river,11390500,USGS,knights landing,flow,min,9640
36,1996,sacramento river,11390500,USGS,knights landing,flow,max,10600
36,1996,sacramento river,11390500,USGS,knights landing,flow,mean,9679.175257731958
36,1996,sacramento river,11390500,USGS,knights landing,flow,min,8750
37,1996,sacramento river,11390500,USGS,knights landing,flow,max,9810
37,1996,sacramento river,11390500,USGS,knights landing,flow,mean,9379.720176730485
37,1996,sacramento river,11390500,USGS,knights landing,flow,min,9020
38,1996,sacramento river,11390500,USGS,knights landing,flow,max,9960
38,1996,sacramento river,11390500,USGS,knights landing,flow,mean,9325.949926362298
38,1996,sacramento river,11390500,USGS,knights landing,flow,min,8800
39,1996,sacramento river,11390500,USGS,knights landing,flow,max,8940
39,1996,sacramento river,11390500,USGS,knights landing,flow,mean,8394.580265095728
39,1996,sacramento river,11390500,USGS,knights landing,flow,min,7830
40,1996,sacramento river,11390500,USGS,knights landing,flow,max,8000
40,1996,sacramento river,11390500,USGS,knights landing,flow,mean,7454.712812960236
40,1996,sacramento river,11390500,USGS,knights landing,flow,min,6940
41,1996,sacramento river,11390500,USGS,knights landing,flow,max,6990
41,1996,sacramento river,11390500,USGS,knights landing,flow,mean,6398.321060382915
41,1996,sacramento river,11390500,USGS,knights landing,flow,min,5370
42,1996,sacramento river,11390500,USGS,knights landing,flow,max,5420
42,1996,sacramento river,11390500,USGS,knights landing,flow,mean,4707.908689248895
42,1996,sacramento river,11390500,USGS,knights landing,flow,min,4320
43,1996,sacramento river,11390500,USGS,knights landing,flow,max,4850
43,1996,sacramento river,11390500,USGS,knights landing,flow,mean,4621.088089144652
43,1996,sacramento river,11390500,USGS,knights landing,flow,min,4450
44,1996,sacramento river,11390500,USGS,knights landing,flow,max,5930
44,1996,sacramento river,11390500,USGS,knights landing,flow,mean,5399.675994108983
44,1996,sacramento river,11390500,USGS,knights landing,flow,min,4750
45,1996,sacramento river,11390500,USGS,knights landing,flow,max,5550
45,1996,sacramento river,11390500,USGS,knights landing,flow,mean,5378.40942562592
45,1996,sacramento river,11390500,USGS,knights landing,flow,min,5230
46,1996,sacramento river,11390500,USGS,knights landing,flow,max,5640
46,1996,sacramento river,11390500,USGS,knights landing,flow,mean,5377.481590574374
46,1996,sacramento river,11390500,USGS,knights landing,flow,min,5170
47,1996,sacramento river,11390500,USGS,knights landing,flow,max,12000
47,1996,sacramento river,11390500,USGS,knights landing,flow,mean,7844.123711340207
47,1996,sacramento river,11390500,USGS,knights landing,flow,min,5440
48,1996,sacramento river,11390500,USGS,knights landing,flow,max,11300
48,1996,sacramento river,11390500,USGS,knights landing,flow,mean,7720.544918998528
48,1996,sacramento river,11390500,USGS,knights landing,flow,min,6710
49,1996,sacramento river,11390500,USGS,knights landing,flow,max,13900
49,1996,sacramento river,11390500,USGS,knights landing,flow,mean,8558.733431516937
49,1996,sacramento river,11390500,USGS,knights landing,flow,min,6540
50,1996,sacramento river,11390500,USGS,knights landing,flow,max,26300
50,1996,sacramento river,11390500,USGS,knights landing,flow,mean,22933.43151693667
50,1996,sacramento river,11390500,USGS,knights landing,flow,min,11000
51,1996,sacramento river,11390500,USGS,knights landing,flow,max,25600
51,1996,sacramento river,11390500,USGS,knights landing,flow,mean,23107.36377025037
51,1996,sacramento river,11390500,USGS,knights landing,flow,min,20800
52,1996,sacramento river,11390500,USGS,knights landing,flow,max,25300
52,1996,sacramento river,11390500,USGS,knights landing,flow,mean,21384.83063328424
52,1996,sacramento river,11390500,USGS,knights landing,flow,min,17200
53,1996,sacramento river,11390500,USGS,knights landing,flow,max,26100
53,1996,sacramento river,11390500,USGS,knights landing,flow,mean,25474.22680412371
53,1996,sacramento river,11390500,USGS,knights landing,flow,min,25200
1,1997,sacramento river,11390500,USGS,knights landing,flow,max,30800
1,1997,sacramento river,11390500,USGS,knights landing,flow,mean,28681.898889770022
1,1997,sacramento river,11390500,USGS,knights landing,flow,min,27300
2,1997,sacramento river,11390500,USGS,knights landing,flow,max,28600
2,1997,sacramento river,11390500,USGS,knights landing,flow,mean,27184.53608247423
2,1997,sacramento river,11390500,USGS,knights landing,flow,min,26600
3,1997,sacramento river,11390500,USGS,knights landing,flow,max,26700
3,1997,sacramento river,11390500,USGS,knights landing,flow,mean,26087.334315169366
3,1997,sacramento river,11390500,USGS,knights landing,flow,min,25100
4,1997,sacramento river,11390500,USGS,knights landing,flow,max,28200
4,1997,sacramento river,11390500,USGS,knights landing,flow,mean,26860.382916053022
4,1997,sacramento river,11390500,USGS,knights landing,flow,min,24900
5,1997,sacramento river,11390500,USGS,knights landing,flow,max,27600
5,1997,sacramento river,11390500,USGS,knights landing,flow,mean,26442.415316642117
5,1997,sacramento river,11390500,USGS,knights landing,flow,min,25000
6,1997,sacramento river,11390500,USGS,knights landing,flow,max,25000
6,1997,sacramento river,11390500,USGS,knights landing,flow,mean,24336.524300441826
6,1997,sacramento river,11390500,USGS,knights landing,flow,min,23100
7,1997,sacramento river,11390500,USGS,knights landing,flow,max,23100
7,1997,sacramento river,11390500,USGS,knights landing,flow,mean,18890.07118311242
7,1997,sacramento river,11390500,USGS,knights landing,flow,min,14600
8,1997,sacramento river,11390500,USGS,knights landing,flow,max,14700
8,1997,sacramento river,11390500,USGS,knights landing,flow,mean,12667.559523809523
8,1997,sacramento river,11390500,USGS,knights landing,flow,min,11300
9,1997,sacramento river,11390500,USGS,knights landing,flow,max,11500
9,1997,sacramento river,11390500,USGS,knights landing,flow,mean,10633.035714285714
9,1997,sacramento river,11390500,USGS,knights landing,flow,min,10100
10,1997,sacramento river,11390500,USGS,knights landing,flow,max,10500
10,1997,sacramento river,11390500,USGS,knights landing,flow,mean,9231.711309523811
10,1997,sacramento river,11390500,USGS,knights landing,flow,min,8260
11,1997,sacramento river,11390500,USGS,knights landing,flow,max,12600
11,1997,sacramento river,11390500,USGS,knights landing,flow,mean,8355.95238095238
11,1997,sacramento river,11390500,USGS,knights landing,flow,min,7480
12,1997,sacramento river,11390500,USGS,knights landing,flow,max,13400
12,1997,sacramento river,11390500,USGS,knights landing,flow,mean,10572.63392857143
12,1997,sacramento river,11390500,USGS,knights landing,flow,min,9250
13,1997,sacramento river,11390500,USGS,knights landing,flow,max,9910
13,1997,sacramento river,11390500,USGS,knights landing,flow,mean,8696.056547619048
13,1997,sacramento river,11390500,USGS,knights landing,flow,min,8080
14,1997,sacramento river,11390500,USGS,knights landing,flow,max,8790
14,1997,sacramento river,11390500,USGS,knights landing,flow,mean,7526.4880952380945
14,1997,sacramento river,11390500,USGS,knights landing,flow,min,6670
15,1997,sacramento river,11390500,USGS,knights landing,flow,max,6830
15,1997,sacramento river,11390500,USGS,knights landing,flow,mean,6191.726190476191
15,1997,sacramento river,11390500,USGS,knights landing,flow,min,5490
16,1997,sacramento river,11390500,USGS,knights landing,flow,max,7180
16,1997,sacramento river,11390500,USGS,knights landing,flow,mean,5850.059523809525
16,1997,sacramento river,11390500,USGS,knights landing,flow,min,4890
17,1997,sacramento river,11390500,USGS,knights landing,flow,max,7510
17,1997,sacramento river,11390500,USGS,knights landing,flow,mean,6069.707508003201
17,1997,sacramento river,11390500,USGS,knights landing,flow,min,4880
18,1997,sacramento river,11390500,USGS,knights landing,flow,max,5850
18,1997,sacramento river,11390500,USGS,knights landing,flow,mean,5207.916666666666
18,1997,sacramento river,11390500,USGS,knights landing,flow,min,4890
19,1997,sacramento river,11390500,USGS,knights landing,flow,max,6480
19,1997,sacramento river,11390500,USGS,knights landing,flow,mean,5434.002976190476
19,1997,sacramento river,11390500,USGS,knights landing,flow,min,4900
20,1997,sacramento river,11390500,USGS,knights landing,flow,max,6730
20,1997,sacramento river,11390500,USGS,knights landing,flow,mean,6081.175595238096
20,1997,sacramento river,11390500,USGS,knights landing,flow,min,5400
21,1997,sacramento river,11390500,USGS,knights landing,flow,max,7900
21,1997,sacramento river,11390500,USGS,knights landing,flow,mean,6421.339285714285
21,1997,sacramento river,11390500,USGS,knights landing,flow,min,5160
22,1997,sacramento river,11390500,USGS,knights landing,flow,max,7910
22,1997,sacramento river,11390500,USGS,knights landing,flow,mean,7009.077380952382
22,1997,sacramento river,11390500,USGS,knights landing,flow,min,6180
23,1997,sacramento river,11390500,USGS,knights landing,flow,max,8350
23,1997,sacramento river,11390500,USGS,knights landing,flow,mean,7579.583333333333
23,1997,sacramento river,11390500,USGS,knights landing,flow,min,6680
24,1997,sacramento river,11390500,USGS,knights landing,flow,max,10300
24,1997,sacramento river,11390500,USGS,knights landing,flow,mean,8818.154761904761
24,1997,sacramento river,11390500,USGS,knights landing,flow,min,7500
25,1997,sacramento river,11390500,USGS,knights landing,flow,max,10300
25,1997,sacramento river,11390500,USGS,knights landing,flow,mean,9670.148809523807
25,1997,sacramento river,11390500,USGS,knights landing,flow,min,9060
26,1997,sacramento river,11390500,USGS,knights landing,flow,max,9710
26,1997,sacramento river,11390500,USGS,knights landing,flow,mean,9338.497023809523
26,1997,sacramento river,11390500,USGS,knights landing,flow,min,8960
27,1997,sacramento river,11390500,USGS,knights landing,flow,max,10300
27,1997,sacramento river,11390500,USGS,knights landing,flow,mean,9802.366071428569
27,1997,sacramento river,11390500,USGS,knights landing,flow,min,9310
28,1997,sacramento river,11390500,USGS,knights landing,flow,max,10600
28,1997,sacramento river,11390500,USGS,knights landing,flow,mean,9409.360119047618
28,1997,sacramento river,11390500,USGS,knights landing,flow,min,9000
29,1997,sacramento river,11390500,USGS,knights landing,flow,max,10500
29,1997,sacramento river,11390500,USGS,knights landing,flow,mean,9645.238095238094
29,1997,sacramento river,11390500,USGS,knights landing,flow,min,9270
30,1997,sacramento river,11390500,USGS,knights landing,flow,max,10700
30,1997,sacramento river,11390500,USGS,knights landing,flow,mean,9614.315476190475
30,1997,sacramento river,11390500,USGS,knights landing,flow,min,8880
31,1997,sacramento river,11390500,USGS,knights landing,flow,max,9330
31,1997,sacramento river,11390500,USGS,knights landing,flow,mean,9030.357142857141
31,1997,sacramento river,11390500,USGS,knights landing,flow,min,8800
32,1997,sacramento river,11390500,USGS,knights landing,flow,max,9420
32,1997,sacramento river,11390500,USGS,knights landing,flow,mean,8855.558223289316
32,1997,sacramento river,11390500,USGS,knights landing,flow,min,8390
33,1997,sacramento river,11390500,USGS,knights landing,flow,max,8500
33,1997,sacramento river,11390500,USGS,knights landing,flow,mean,7664.598214285713
33,1997,sacramento river,11390500,USGS,knights landing,flow,min,6500
34,1997,sacramento river,11390500,USGS,knights landing,flow,max,7650
34,1997,sacramento river,11390500,USGS,knights landing,flow,mean,7092.633928571428
34,1997,sacramento river,11390500,USGS,knights landing,flow,min,6570
35,1997,sacramento river,11390500,USGS,knights landing,flow,max,7420
35,1997,sacramento river,11390500,USGS,knights landing,flow,mean,6940.77768607443
35,1997,sacramento river,11390500,USGS,knights landing,flow,min,6510
36,1997,sacramento river,11390500,USGS,knights landing,flow,max,9320
36,1997,sacramento river,11390500,USGS,knights landing,flow,mean,8701.145833333334
36,1997,sacramento river,11390500,USGS,knights landing,flow,min,7430
37,1997,sacramento river,11390500,USGS,knights landing,flow,max,9320
37,1997,sacramento river,11390500,USGS,knights landing,flow,mean,7848.407738095238
37,1997,sacramento river,11390500,USGS,knights landing,flow,min,7280
38,1997,sacramento river,11390500,USGS,knights landing,flow,max,8530
38,1997,sacramento river,11390500,USGS,knights landing,flow,mean,7767.306547619048
38,1997,sacramento river,11390500,USGS,knights landing,flow,min,6930
39,1997,sacramento river,11390500,USGS,knights landing,flow,max,7070
39,1997,sacramento river,11390500,USGS,knights landing,flow,mean,6669.494047619048
39,1997,sacramento river,11390500,USGS,knights landing,flow,min,6420
40,1997,sacramento river,11390500,USGS,knights landing,flow,max,6460
40,1997,sacramento river,11390500,USGS,knights landing,flow,mean,5690.436930091185
40,1997,sacramento river,11390500,USGS,knights landing,flow,min,4910
41,1997,sacramento river,11390500,USGS,knights landing,flow,max,5880
41,1997,sacramento river,11390500,USGS,knights landing,flow,mean,5183.482142857143
41,1997,sacramento river,11390500,USGS,knights landing,flow,min,4660
42,1997,sacramento river,11390500,USGS,knights landing,flow,max,4960
42,1997,sacramento river,11390500,USGS,knights landing,flow,mean,4530.491071428572
42,1997,sacramento river,11390500,USGS,knights landing,flow,min,4120
43,1997,sacramento river,11390500,USGS,knights landing,flow,max,4230
43,1997,sacramento river,11390500,USGS,knights landing,flow,mean,4054.664208074534
43,1997,sacramento river,11390500,USGS,knights landing,flow,min,3860
44,1997,sacramento river,11390500,USGS,knights landing,flow,max,4410
44,1997,sacramento river,11390500,USGS,knights landing,flow,mean,4184.538690476192
44,1997,sacramento river,11390500,USGS,knights landing,flow,min,3980
45,1997,sacramento river,11390500,USGS,knights landing,flow,max,4650
45,1997,sacramento river,11390500,USGS,knights landing,flow,mean,4415.833333333333
45,1997,sacramento river,11390500,USGS,knights landing,flow,min,4170
46,1997,sacramento river,11390500,USGS,knights landing,flow,max,6990
46,1997,sacramento river,11390500,USGS,knights landing,flow,mean,5434.627976190476
46,1997,sacramento river,11390500,USGS,knights landing,flow,min,4630
47,1997,sacramento river,11390500,USGS,knights landing,flow,max,9440
47,1997,sacramento river,11390500,USGS,knights landing,flow,mean,7631.741071428571
47,1997,sacramento river,11390500,USGS,knights landing,flow,min,6730
48,1997,sacramento river,11390500,USGS,knights landing,flow,max,22000
48,1997,sacramento river,11390500,USGS,knights landing,flow,mean,14056.919642857141
48,1997,sacramento river,11390500,USGS,knights landing,flow,min,6970
49,1997,sacramento river,11390500,USGS,knights landing,flow,max,19700
49,1997,sacramento river,11390500,USGS,knights landing,flow,mean,11738.333333333332
49,1997,sacramento river,11390500,USGS,knights landing,flow,min,8840
50,1997,sacramento river,11390500,USGS,knights landing,flow,max,19400
50,1997,sacramento river,11390500,USGS,knights landing,flow,mean,12328.467261904761
50,1997,sacramento river,11390500,USGS,knights landing,flow,min,6740
51,1997,sacramento river,11390500,USGS,knights landing,flow,max,18200
51,1997,sacramento river,11390500,USGS,knights landing,flow,mean,12444.241071428574
51,1997,sacramento river,11390500,USGS,knights landing,flow,min,9800
52,1997,sacramento river,11390500,USGS,knights landing,flow,max,8840
52,1997,sacramento river,11390500,USGS,knights landing,flow,mean,8152.8125
52,1997,sacramento river,11390500,USGS,knights landing,flow,min,7470
53,1997,sacramento river,11390500,USGS,knights landing,flow,max,7550
53,1997,sacramento river,11390500,USGS,knights landing,flow,mean,7394.479166666667
53,1997,sacramento river,11390500,USGS,knights landing,flow,min,7250
1,1998,sacramento river,11390500,USGS,knights landing,flow,max,13500
1,1998,sacramento river,11390500,USGS,knights landing,flow,mean,8796.333333333334
1,1998,sacramento river,11390500,USGS,knights landing,flow,min,7130
3,1998,sacramento river,11390500,USGS,knights landing,flow,max,29400
3,1998,sacramento river,11390500,USGS,knights landing,flow,mean,28847.82986111111
3,1998,sacramento river,11390500,USGS,knights landing,flow,min,27600
4,1998,sacramento river,11390500,USGS,knights landing,flow,max,29200
4,1998,sacramento river,11390500,USGS,knights landing,flow,mean,28048.809523809527
4,1998,sacramento river,11390500,USGS,knights landing,flow,min,27500
5,1998,sacramento river,11390500,USGS,knights landing,flow,max,30100
5,1998,sacramento river,11390500,USGS,knights landing,flow,mean,28878.273809523813
5,1998,sacramento river,11390500,USGS,knights landing,flow,min,28300
6,1998,sacramento river,11390500,USGS,knights landing,flow,max,31100
6,1998,sacramento river,11390500,USGS,knights landing,flow,mean,30576.488095238095
6,1998,sacramento river,11390500,USGS,knights landing,flow,min,29100
7,1998,sacramento river,11390500,USGS,knights landing,flow,max,29400
7,1998,sacramento river,11390500,USGS,knights landing,flow,mean,28755.952380952385
7,1998,sacramento river,11390500,USGS,knights landing,flow,min,28300
8,1998,sacramento river,11390500,USGS,knights landing,flow,max,28800
8,1998,sacramento river,11390500,USGS,knights landing,flow,mean,28516.964285714286
8,1998,sacramento river,11390500,USGS,knights landing,flow,min,28100
9,1998,sacramento river,11390500,USGS,knights landing,flow,max,28500
9,1998,sacramento river,11390500,USGS,knights landing,flow,mean,27320.535714285714
9,1998,sacramento river,11390500,USGS,knights landing,flow,min,26200
10,1998,sacramento river,11390500,USGS,knights landing,flow,max,26400
10,1998,sacramento river,11390500,USGS,knights landing,flow,mean,24706.25
10,1998,sacramento river,11390500,USGS,knights landing,flow,min,22600
11,1998,sacramento river,11390500,USGS,knights landing,flow,max,22800
11,1998,sacramento river,11390500,USGS,knights landing,flow,mean,21596.726190476187
11,1998,sacramento river,11390500,USGS,knights landing,flow,min,19800
12,1998,sacramento river,11390500,USGS,knights landing,flow,max,27500
12,1998,sacramento river,11390500,USGS,knights landing,flow,mean,23071.279761904767
12,1998,sacramento river,11390500,USGS,knights landing,flow,min,18700
13,1998,sacramento river,11390500,USGS,knights landing,flow,max,27700
13,1998,sacramento river,11390500,USGS,knights landing,flow,mean,26770.684523809523
13,1998,sacramento river,11390500,USGS,knights landing,flow,min,25100
14,1998,sacramento river,11390500,USGS,knights landing,flow,max,25700
14,1998,sacramento river,11390500,USGS,knights landing,flow,mean,25037.35119047619
14,1998,sacramento river,11390500,USGS,knights landing,flow,min,24400
15,1998,sacramento river,11390500,USGS,knights landing,flow,max,25100
15,1998,sacramento river,11390500,USGS,knights landing,flow,mean,22514.73214285714
15,1998,sacramento river,11390500,USGS,knights landing,flow,min,19800
16,1998,sacramento river,11390500,USGS,knights landing,flow,max,19800
16,1998,sacramento river,11390500,USGS,knights landing,flow,mean,17569.04761904762
16,1998,sacramento river,11390500,USGS,knights landing,flow,min,15900
17,1998,sacramento river,11390500,USGS,knights landing,flow,max,20800
17,1998,sacramento river,11390500,USGS,knights landing,flow,mean,19397.76785714286
17,1998,sacramento river,11390500,USGS,knights landing,flow,min,17900
18,1998,sacramento river,11390500,USGS,knights landing,flow,max,20100
18,1998,sacramento river,11390500,USGS,knights landing,flow,mean,18727.678571428572
18,1998,sacramento river,11390500,USGS,knights landing,flow,min,17600
19,1998,sacramento river,11390500,USGS,knights landing,flow,max,19500
19,1998,sacramento river,11390500,USGS,knights landing,flow,mean,18171.130952380954
19,1998,sacramento river,11390500,USGS,knights landing,flow,min,16900
20,1998,sacramento river,11390500,USGS,knights landing,flow,max,22200
20,1998,sacramento river,11390500,USGS,knights landing,flow,mean,19790.625
20,1998,sacramento river,11390500,USGS,knights landing,flow,min,18200
21,1998,sacramento river,11390500,USGS,knights landing,flow,max,22100
21,1998,sacramento river,11390500,USGS,knights landing,flow,mean,19071.130952380954
21,1998,sacramento river,11390500,USGS,knights landing,flow,min,17400
22,1998,sacramento river,11390500,USGS,knights landing,flow,max,27800
22,1998,sacramento river,11390500,USGS,knights landing,flow,mean,25417.85714285715
22,1998,sacramento river,11390500,USGS,knights landing,flow,min,21800
23,1998,sacramento river,11390500,USGS,knights landing,flow,max,25400
23,1998,sacramento river,11390500,USGS,knights landing,flow,mean,24173.809523809523
23,1998,sacramento river,11390500,USGS,knights landing,flow,min,22000
24,1998,sacramento river,11390500,USGS,knights landing,flow,max,22800
24,1998,sacramento river,11390500,USGS,knights landing,flow,mean,21800.89285714286
24,1998,sacramento river,11390500,USGS,knights landing,flow,min,20800
25,1998,sacramento river,11390500,USGS,knights landing,flow,max,21000
25,1998,sacramento river,11390500,USGS,knights landing,flow,mean,18518.75
25,1998,sacramento river,11390500,USGS,knights landing,flow,min,16800
26,1998,sacramento river,11390500,USGS,knights landing,flow,max,16900
26,1998,sacramento river,11390500,USGS,knights landing,flow,mean,15587.351190476193
26,1998,sacramento river,11390500,USGS,knights landing,flow,min,14500
27,1998,sacramento river,11390500,USGS,knights landing,flow,max,14700
27,1998,sacramento river,11390500,USGS,knights landing,flow,mean,14030.803571428569
27,1998,sacramento river,11390500,USGS,knights landing,flow,min,13600
28,1998,sacramento river,11390500,USGS,knights landing,flow,max,14000
28,1998,sacramento river,11390500,USGS,knights landing,flow,mean,13017.857142857143
28,1998,sacramento river,11390500,USGS,knights landing,flow,min,12100
29,1998,sacramento river,11390500,USGS,knights landing,flow,max,12200
29,1998,sacramento river,11390500,USGS,knights landing,flow,mean,11712.351190476189
29,1998,sacramento river,11390500,USGS,knights landing,flow,min,11300
30,1998,sacramento river,11390500,USGS,knights landing,flow,max,11700
30,1998,sacramento river,11390500,USGS,knights landing,flow,mean,11429.017857142857
30,1998,sacramento river,11390500,USGS,knights landing,flow,min,11200
31,1998,sacramento river,11390500,USGS,knights landing,flow,max,11400
31,1998,sacramento river,11390500,USGS,knights landing,flow,mean,11254.315476190475
31,1998,sacramento river,11390500,USGS,knights landing,flow,min,11100
32,1998,sacramento river,11390500,USGS,knights landing,flow,max,11200
32,1998,sacramento river,11390500,USGS,knights landing,flow,mean,10922.767857142857
32,1998,sacramento river,11390500,USGS,knights landing,flow,min,10700
33,1998,sacramento river,11390500,USGS,knights landing,flow,max,11100
33,1998,sacramento river,11390500,USGS,knights landing,flow,mean,10802.976190476193
33,1998,sacramento river,11390500,USGS,knights landing,flow,min,10500
34,1998,sacramento river,11390500,USGS,knights landing,flow,max,11500
34,1998,sacramento river,11390500,USGS,knights landing,flow,mean,11090.773809523807
34,1998,sacramento river,11390500,USGS,knights landing,flow,min,10900
35,1998,sacramento river,11390500,USGS,knights landing,flow,max,11200
35,1998,sacramento river,11390500,USGS,knights landing,flow,mean,10694.940476190475
35,1998,sacramento river,11390500,USGS,knights landing,flow,min,10500
36,1998,sacramento river,11390500,USGS,knights landing,flow,max,11100
36,1998,sacramento river,11390500,USGS,knights landing,flow,mean,10921.279761904763
36,1998,sacramento river,11390500,USGS,knights landing,flow,min,10700
37,1998,sacramento river,11390500,USGS,knights landing,flow,max,11000
37,1998,sacramento river,11390500,USGS,knights landing,flow,mean,10556.994047619048
37,1998,sacramento river,11390500,USGS,knights landing,flow,min,10100
38,1998,sacramento river,11390500,USGS,knights landing,flow,max,10700
38,1998,sacramento river,11390500,USGS,knights landing,flow,mean,10164.6875
38,1998,sacramento river,11390500,USGS,knights landing,flow,min,9640
39,1998,sacramento river,11390500,USGS,knights landing,flow,max,9730
39,1998,sacramento river,11390500,USGS,knights landing,flow,mean,9364.002976190475
39,1998,sacramento river,11390500,USGS,knights landing,flow,min,9010
40,1998,sacramento river,11390500,USGS,knights landing,flow,max,9230
40,1998,sacramento river,11390500,USGS,knights landing,flow,mean,8751.54761904762
40,1998,sacramento river,11390500,USGS,knights landing,flow,min,8340
41,1998,sacramento river,11390500,USGS,knights landing,flow,max,8420
41,1998,sacramento river,11390500,USGS,knights landing,flow,mean,7950.312500000001
41,1998,sacramento river,11390500,USGS,knights landing,flow,min,7260
42,1998,sacramento river,11390500,USGS,knights landing,flow,max,7280
42,1998,sacramento river,11390500,USGS,knights landing,flow,mean,6656.72619047619
42,1998,sacramento river,11390500,USGS,knights landing,flow,min,6250
43,1998,sacramento river,11390500,USGS,knights landing,flow,max,7250
43,1998,sacramento river,11390500,USGS,knights landing,flow,mean,6567.068452380952
43,1998,sacramento river,11390500,USGS,knights landing,flow,min,6040
44,1998,sacramento river,11390500,USGS,knights landing,flow,max,6990
44,1998,sacramento river,11390500,USGS,knights landing,flow,mean,6703.303571428572
44,1998,sacramento river,11390500,USGS,knights landing,flow,min,6540
45,1998,sacramento river,11390500,USGS,knights landing,flow,max,8430
45,1998,sacramento river,11390500,USGS,knights landing,flow,mean,7323.452380952381
45,1998,sacramento river,11390500,USGS,knights landing,flow,min,6410
46,1998,sacramento river,11390500,USGS,knights landing,flow,max,10600
46,1998,sacramento river,11390500,USGS,knights landing,flow,mean,9113.482142857143
46,1998,sacramento river,11390500,USGS,knights landing,flow,min,7880
47,1998,sacramento river,11390500,USGS,knights landing,flow,max,24200
47,1998,sacramento river,11390500,USGS,knights landing,flow,mean,16140.476190476189
47,1998,sacramento river,11390500,USGS,knights landing,flow,min,10600
48,1998,sacramento river,11390500,USGS,knights landing,flow,max,27100
48,1998,sacramento river,11390500,USGS,knights landing,flow,mean,22483.928571428572
48,1998,sacramento river,11390500,USGS,knights landing,flow,min,19000
49,1998,sacramento river,11390500,USGS,knights landing,flow,max,26700
49,1998,sacramento river,11390500,USGS,knights landing,flow,mean,25742.559523809523
49,1998,sacramento river,11390500,USGS,knights landing,flow,min,24300
50,1998,sacramento river,11390500,USGS,knights landing,flow,max,25700
50,1998,sacramento river,11390500,USGS,knights landing,flow,mean,24213.988095238095
50,1998,sacramento river,11390500,USGS,knights landing,flow,min,22400
51,1998,sacramento river,11390500,USGS,knights landing,flow,max,22600
51,1998,sacramento river,11390500,USGS,knights landing,flow,mean,18074.55357142857
51,1998,sacramento river,11390500,USGS,knights landing,flow,min,13500
52,1998,sacramento river,11390500,USGS,knights landing,flow,max,13700
52,1998,sacramento river,11390500,USGS,knights landing,flow,mean,11407.738095238095
52,1998,sacramento river,11390500,USGS,knights landing,flow,min,10500
53,1998,sacramento river,11390500,USGS,knights landing,flow,max,10600
53,1998,sacramento river,11390500,USGS,knights landing,flow,mean,10271.354166666666
53,1998,sacramento river,11390500,USGS,knights landing,flow,min,9960
1,1999,sacramento river,11390500,USGS,knights landing,flow,max,9970
1,1999,sacramento river,11390500,USGS,knights landing,flow,mean,9280.61011904762
1,1999,sacramento river,11390500,USGS,knights landing,flow,min,8890
2,1999,sacramento river,11390500,USGS,knights landing,flow,max,8930
2,1999,sacramento river,11390500,USGS,knights landing,flow,mean,8714.449404761906
2,1999,sacramento river,11390500,USGS,knights landing,flow,min,8610
3,1999,sacramento river,11390500,USGS,knights landing,flow,max,15200
3,1999,sacramento river,11390500,USGS,knights landing,flow,mean,10914.19642857143
3,1999,sacramento river,11390500,USGS,knights landing,flow,min,8590
4,1999,sacramento river,11390500,USGS,knights landing,flow,max,24800
4,1999,sacramento river,11390500,USGS,knights landing,flow,mean,21615.922619047615
4,1999,sacramento river,11390500,USGS,knights landing,flow,min,15100
5,1999,sacramento river,11390500,USGS,knights landing,flow,max,20400
5,1999,sacramento river,11390500,USGS,knights landing,flow,mean,15265.476190476193
5,1999,sacramento river,11390500,USGS,knights landing,flow,min,12400
6,1999,sacramento river,11390500,USGS,knights landing,flow,max,28700
6,1999,sacramento river,11390500,USGS,knights landing,flow,mean,21206.845238095237
6,1999,sacramento river,11390500,USGS,knights landing,flow,min,11700
7,1999,sacramento river,11390500,USGS,knights landing,flow,max,28000
7,1999,sacramento river,11390500,USGS,knights landing,flow,mean,26182.26405252823
7,1999,sacramento river,11390500,USGS,knights landing,flow,min,25100
8,1999,sacramento river,11390500,USGS,knights landing,flow,max,28100
8,1999,sacramento river,11390500,USGS,knights landing,flow,mean,27306.038291605306
8,1999,sacramento river,11390500,USGS,knights landing,flow,min,26000
9,1999,sacramento river,11390500,USGS,knights landing,flow,max,27300
9,1999,sacramento river,11390500,USGS,knights landing,flow,mean,26720.029455081
9,1999,sacramento river,11390500,USGS,knights landing,flow,min,26000
10,1999,sacramento river,11390500,USGS,knights landing,flow,max,27000
10,1999,sacramento river,11390500,USGS,knights landing,flow,mean,26636.67157584683
10,1999,sacramento river,11390500,USGS,knights landing,flow,min,26300
11,1999,sacramento river,11390500,USGS,knights landing,flow,max,26600
11,1999,sacramento river,11390500,USGS,knights landing,flow,mean,24943.298969072166
11,1999,sacramento river,11390500,USGS,knights landing,flow,min,22400
12,1999,sacramento river,11390500,USGS,knights landing,flow,max,22400
12,1999,sacramento river,11390500,USGS,knights landing,flow,mean,18067.15758468336
12,1999,sacramento river,11390500,USGS,knights landing,flow,min,14800
13,1999,sacramento river,11390500,USGS,knights landing,flow,max,25600
13,1999,sacramento river,11390500,USGS,knights landing,flow,mean,20919.587628865982
13,1999,sacramento river,11390500,USGS,knights landing,flow,min,15300
14,1999,sacramento river,11390500,USGS,knights landing,flow,max,15300
14,1999,sacramento river,11390500,USGS,knights landing,flow,mean,13378.055964653904
14,1999,sacramento river,11390500,USGS,knights landing,flow,min,12400
15,1999,sacramento river,11390500,USGS,knights landing,flow,max,20300
15,1999,sacramento river,11390500,USGS,knights landing,flow,mean,16031.075110456555
15,1999,sacramento river,11390500,USGS,knights landing,flow,min,12700
16,1999,sacramento river,11390500,USGS,knights landing,flow,max,18100
16,1999,sacramento river,11390500,USGS,knights landing,flow,mean,17398.674521354933
16,1999,sacramento river,11390500,USGS,knights landing,flow,min,15500
17,1999,sacramento river,11390500,USGS,knights landing,flow,max,15600
17,1999,sacramento river,11390500,USGS,knights landing,flow,mean,12749.631811487483
17,1999,sacramento river,11390500,USGS,knights landing,flow,min,11400
18,1999,sacramento river,11390500,USGS,knights landing,flow,max,11500
18,1999,sacramento river,11390500,USGS,knights landing,flow,mean,10778.60088365243
18,1999,sacramento river,11390500,USGS,knights landing,flow,min,9910
19,1999,sacramento river,11390500,USGS,knights landing,flow,max,10100
19,1999,sacramento river,11390500,USGS,knights landing,flow,mean,9498.232695139912
19,1999,sacramento river,11390500,USGS,knights landing,flow,min,8830
20,1999,sacramento river,11390500,USGS,knights landing,flow,max,9160
20,1999,sacramento river,11390500,USGS,knights landing,flow,mean,8358.37997054492
20,1999,sacramento river,11390500,USGS,knights landing,flow,min,7810
21,1999,sacramento river,11390500,USGS,knights landing,flow,max,9560
21,1999,sacramento river,11390500,USGS,knights landing,flow,mean,8775.684830633285
21,1999,sacramento river,11390500,USGS,knights landing,flow,min,7880
22,1999,sacramento river,11390500,USGS,knights landing,flow,max,10000
22,1999,sacramento river,11390500,USGS,knights landing,flow,mean,9494.78645066274
22,1999,sacramento river,11390500,USGS,knights landing,flow,min,8840
23,1999,sacramento river,11390500,USGS,knights landing,flow,max,11000
23,1999,sacramento river,11390500,USGS,knights landing,flow,mean,10040.61855670103
23,1999,sacramento river,11390500,USGS,knights landing,flow,min,8640
24,1999,sacramento river,11390500,USGS,knights landing,flow,max,8670
24,1999,sacramento river,11390500,USGS,knights landing,flow,mean,7825.19882179676
24,1999,sacramento river,11390500,USGS,knights landing,flow,min,7210
25,1999,sacramento river,11390500,USGS,knights landing,flow,max,7890
25,1999,sacramento river,11390500,USGS,knights landing,flow,mean,7680
25,1999,sacramento river,11390500,USGS,knights landing,flow,min,7390
26,1999,sacramento river,11390500,USGS,knights landing,flow,max,8330
26,1999,sacramento river,11390500,USGS,knights landing,flow,mean,8129.116347569956
26,1999,sacramento river,11390500,USGS,knights landing,flow,min,7800
27,1999,sacramento river,11390500,USGS,knights landing,flow,max,8030
27,1999,sacramento river,11390500,USGS,knights landing,flow,mean,7423.888070692194
27,1999,sacramento river,11390500,USGS,knights landing,flow,min,7200
28,1999,sacramento river,11390500,USGS,knights landing,flow,max,7800
28,1999,sacramento river,11390500,USGS,knights landing,flow,mean,7394.54544059892
28,1999,sacramento river,11390500,USGS,knights landing,flow,min,7110
29,1999,sacramento river,11390500,USGS,knights landing,flow,max,8230
29,1999,sacramento river,11390500,USGS,knights landing,flow,mean,7909.107142857143
29,1999,sacramento river,11390500,USGS,knights landing,flow,min,7430
30,1999,sacramento river,11390500,USGS,knights landing,flow,max,8130
30,1999,sacramento river,11390500,USGS,knights landing,flow,mean,7815.491071428571
30,1999,sacramento river,11390500,USGS,knights landing,flow,min,7590
31,1999,sacramento river,11390500,USGS,knights landing,flow,max,8080
31,1999,sacramento river,11390500,USGS,knights landing,flow,mean,7970.833114495798
31,1999,sacramento river,11390500,USGS,knights landing,flow,min,7800
32,1999,sacramento river,11390500,USGS,knights landing,flow,max,7960
32,1999,sacramento river,11390500,USGS,knights landing,flow,mean,7071.577380952381
32,1999,sacramento river,11390500,USGS,knights landing,flow,min,6500
33,1999,sacramento river,11390500,USGS,knights landing,flow,max,6550
33,1999,sacramento river,11390500,USGS,knights landing,flow,mean,6104.598214285715
33,1999,sacramento river,11390500,USGS,knights landing,flow,min,5370
34,1999,sacramento river,11390500,USGS,knights landing,flow,max,5650
34,1999,sacramento river,11390500,USGS,knights landing,flow,mean,5433.482142857144
34,1999,sacramento river,11390500,USGS,knights landing,flow,min,5310
35,1999,sacramento river,11390500,USGS,knights landing,flow,max,6530
35,1999,sacramento river,11390500,USGS,knights landing,flow,mean,6007.1875
35,1999,sacramento river,11390500,USGS,knights landing,flow,min,5580
36,1999,sacramento river,11390500,USGS,knights landing,flow,max,7030
36,1999,sacramento river,11390500,USGS,knights landing,flow,mean,6722.187500000001
36,1999,sacramento river,11390500,USGS,knights landing,flow,min,6410
37,1999,sacramento river,11390500,USGS,knights landing,flow,max,7350
37,1999,sacramento river,11390500,USGS,knights landing,flow,mean,7102.827380952382
37,1999,sacramento river,11390500,USGS,knights landing,flow,min,6770
38,1999,sacramento river,11390500,USGS,knights landing,flow,max,7490
38,1999,sacramento river,11390500,USGS,knights landing,flow,mean,7231.502976190475
38,1999,sacramento river,11390500,USGS,knights landing,flow,min,7010
39,1999,sacramento river,11390500,USGS,knights landing,flow,max,7060
39,1999,sacramento river,11390500,USGS,knights landing,flow,mean,6734.0625
39,1999,sacramento river,11390500,USGS,knights landing,flow,min,6200
40,1999,sacramento river,11390500,USGS,knights landing,flow,max,6210
40,1999,sacramento river,11390500,USGS,knights landing,flow,mean,6032.157738095238
40,1999,sacramento river,11390500,USGS,knights landing,flow,min,5880
41,1999,sacramento river,11390500,USGS,knights landing,flow,max,6040
41,1999,sacramento river,11390500,USGS,knights landing,flow,mean,5478.333333333334
41,1999,sacramento river,11390500,USGS,knights landing,flow,min,4950
42,1999,sacramento river,11390500,USGS,knights landing,flow,max,5010
42,1999,sacramento river,11390500,USGS,knights landing,flow,mean,4795.446428571428
42,1999,sacramento river,11390500,USGS,knights landing,flow,min,4640
43,1999,sacramento river,11390500,USGS,knights landing,flow,max,5050
43,1999,sacramento river,11390500,USGS,knights landing,flow,mean,4849.702380952382
43,1999,sacramento river,11390500,USGS,knights landing,flow,min,4550
44,1999,sacramento river,11390500,USGS,knights landing,flow,max,5920
44,1999,sacramento river,11390500,USGS,knights landing,flow,mean,5335.552536231885
44,1999,sacramento river,11390500,USGS,knights landing,flow,min,4880
45,1999,sacramento river,11390500,USGS,knights landing,flow,max,6500
45,1999,sacramento river,11390500,USGS,knights landing,flow,mean,5496.540178571428
45,1999,sacramento river,11390500,USGS,knights landing,flow,min,5010
46,1999,sacramento river,11390500,USGS,knights landing,flow,max,7390
46,1999,sacramento river,11390500,USGS,knights landing,flow,mean,6924.196428571428
46,1999,sacramento river,11390500,USGS,knights landing,flow,min,6510
47,1999,sacramento river,11390500,USGS,knights landing,flow,max,9670
47,1999,sacramento river,11390500,USGS,knights landing,flow,mean,8242.038690476189
47,1999,sacramento river,11390500,USGS,knights landing,flow,min,7260
48,1999,sacramento river,11390500,USGS,knights landing,flow,max,11600
48,1999,sacramento river,11390500,USGS,knights landing,flow,mean,8151.934523809524
48,1999,sacramento river,11390500,USGS,knights landing,flow,min,7010
49,1999,sacramento river,11390500,USGS,knights landing,flow,max,11700
49,1999,sacramento river,11390500,USGS,knights landing,flow,mean,10454.092261904761
49,1999,sacramento river,11390500,USGS,knights landing,flow,min,9880
50,1999,sacramento river,11390500,USGS,knights landing,flow,max,10000
50,1999,sacramento river,11390500,USGS,knights landing,flow,mean,9437.574404761905
50,1999,sacramento river,11390500,USGS,knights landing,flow,min,8970
51,1999,sacramento river,11390500,USGS,knights landing,flow,max,9000
51,1999,sacramento river,11390500,USGS,knights landing,flow,mean,7938.27380952381
51,1999,sacramento river,11390500,USGS,knights landing,flow,min,7260
52,1999,sacramento river,11390500,USGS,knights landing,flow,max,7470
52,1999,sacramento river,11390500,USGS,knights landing,flow,mean,7339.672619047619
52,1999,sacramento river,11390500,USGS,knights landing,flow,min,7100
53,1999,sacramento river,11390500,USGS,knights landing,flow,max,7120
53,1999,sacramento river,11390500,USGS,knights landing,flow,mean,7120
53,1999,sacramento river,11390500,USGS,knights landing,flow,min,7120
1,2000,sacramento river,11390500,USGS,knights landing,flow,max,7100
1,2000,sacramento river,11390500,USGS,knights landing,flow,mean,6870.669642857142
1,2000,sacramento river,11390500,USGS,knights landing,flow,min,6520
2,2000,sacramento river,11390500,USGS,knights landing,flow,max,8430
2,2000,sacramento river,11390500,USGS,knights landing,flow,mean,6805.942911255412
2,2000,sacramento river,11390500,USGS,knights landing,flow,min,6230
3,2000,sacramento river,11390500,USGS,knights landing,flow,max,20200
3,2000,sacramento river,11390500,USGS,knights landing,flow,mean,12636.160714285714
3,2000,sacramento river,11390500,USGS,knights landing,flow,min,7810
4,2000,sacramento river,11390500,USGS,knights landing,flow,max,23900
4,2000,sacramento river,11390500,USGS,knights landing,flow,mean,19420.238095238095
4,2000,sacramento river,11390500,USGS,knights landing,flow,min,13900
5,2000,sacramento river,11390500,USGS,knights landing,flow,max,25600
5,2000,sacramento river,11390500,USGS,knights landing,flow,mean,22806.39880952381
5,2000,sacramento river,11390500,USGS,knights landing,flow,min,19500
6,2000,sacramento river,11390500,USGS,knights landing,flow,max,23900
6,2000,sacramento river,11390500,USGS,knights landing,flow,mean,21432.589285714286
6,2000,sacramento river,11390500,USGS,knights landing,flow,min,18300
7,2000,sacramento river,11390500,USGS,knights landing,flow,max,29400
7,2000,sacramento river,11390500,USGS,knights landing,flow,mean,27752.827380952378
7,2000,sacramento river,11390500,USGS,knights landing,flow,min,22400
8,2000,sacramento river,11390500,USGS,knights landing,flow,max,29000
8,2000,sacramento river,11390500,USGS,knights landing,flow,mean,27984.97023809524
8,2000,sacramento river,11390500,USGS,knights landing,flow,min,27300
9,2000,sacramento river,11390500,USGS,knights landing,flow,max,29100
9,2000,sacramento river,11390500,USGS,knights landing,flow,mean,28618.303571428572
9,2000,sacramento river,11390500,USGS,knights landing,flow,min,27900
10,2000,sacramento river,11390500,USGS,knights landing,flow,max,29400
10,2000,sacramento river,11390500,USGS,knights landing,flow,mean,28680.803571428576
10,2000,sacramento river,11390500,USGS,knights landing,flow,min,28200
11,2000,sacramento river,11390500,USGS,knights landing,flow,max,28600
11,2000,sacramento river,11390500,USGS,knights landing,flow,mean,27049.85119047619
11,2000,sacramento river,11390500,USGS,knights landing,flow,min,24400
12,2000,sacramento river,11390500,USGS,knights landing,flow,max,24500
12,2000,sacramento river,11390500,USGS,knights landing,flow,mean,20428.869047619046
12,2000,sacramento river,11390500,USGS,knights landing,flow,min,16800
13,2000,sacramento river,11390500,USGS,knights landing,flow,max,16800
13,2000,sacramento river,11390500,USGS,knights landing,flow,mean,14373.958333333332
13,2000,sacramento river,11390500,USGS,knights landing,flow,min,12600
14,2000,sacramento river,11390500,USGS,knights landing,flow,max,12700
14,2000,sacramento river,11390500,USGS,knights landing,flow,mean,11277.67857142857
14,2000,sacramento river,11390500,USGS,knights landing,flow,min,10400
15,2000,sacramento river,11390500,USGS,knights landing,flow,max,11400
15,2000,sacramento river,11390500,USGS,knights landing,flow,mean,10733.630952380952
15,2000,sacramento river,11390500,USGS,knights landing,flow,min,9870
16,2000,sacramento river,11390500,USGS,knights landing,flow,max,19400
16,2000,sacramento river,11390500,USGS,knights landing,flow,mean,14503.57142857143
16,2000,sacramento river,11390500,USGS,knights landing,flow,min,11400
17,2000,sacramento river,11390500,USGS,knights landing,flow,max,15900
17,2000,sacramento river,11390500,USGS,knights landing,flow,mean,12737.499999999998
17,2000,sacramento river,11390500,USGS,knights landing,flow,min,10200
18,2000,sacramento river,11390500,USGS,knights landing,flow,max,10900
18,2000,sacramento river,11390500,USGS,knights landing,flow,mean,10175.773809523811
18,2000,sacramento river,11390500,USGS,knights landing,flow,min,9670
19,2000,sacramento river,11390500,USGS,knights landing,flow,max,11300
19,2000,sacramento river,11390500,USGS,knights landing,flow,mean,10621.056547619048
19,2000,sacramento river,11390500,USGS,knights landing,flow,min,8730
20,2000,sacramento river,11390500,USGS,knights landing,flow,max,10200
20,2000,sacramento river,11390500,USGS,knights landing,flow,mean,8647.17261904762
20,2000,sacramento river,11390500,USGS,knights landing,flow,min,7570
21,2000,sacramento river,11390500,USGS,knights landing,flow,max,10900
21,2000,sacramento river,11390500,USGS,knights landing,flow,mean,10153.452380952382
21,2000,sacramento river,11390500,USGS,knights landing,flow,min,8780
22,2000,sacramento river,11390500,USGS,knights landing,flow,max,10700
22,2000,sacramento river,11390500,USGS,knights landing,flow,mean,9463.348214285714
22,2000,sacramento river,11390500,USGS,knights landing,flow,min,8820
23,2000,sacramento river,11390500,USGS,knights landing,flow,max,8800
23,2000,sacramento river,11390500,USGS,knights landing,flow,mean,7841.659226190476
23,2000,sacramento river,11390500,USGS,knights landing,flow,min,7100
24,2000,sacramento river,11390500,USGS,knights landing,flow,max,9570
24,2000,sacramento river,11390500,USGS,knights landing,flow,mean,9234.456699346405
24,2000,sacramento river,11390500,USGS,knights landing,flow,min,8310
25,2000,sacramento river,11390500,USGS,knights landing,flow,max,9270
25,2000,sacramento river,11390500,USGS,knights landing,flow,mean,8319.613095238095
25,2000,sacramento river,11390500,USGS,knights landing,flow,min,7730
26,2000,sacramento river,11390500,USGS,knights landing,flow,max,8650
26,2000,sacramento river,11390500,USGS,knights landing,flow,mean,8059.196428571428
26,2000,sacramento river,11390500,USGS,knights landing,flow,min,7560
27,2000,sacramento river,11390500,USGS,knights landing,flow,max,9860
27,2000,sacramento river,11390500,USGS,knights landing,flow,mean,9040.46130952381
27,2000,sacramento river,11390500,USGS,knights landing,flow,min,8620
28,2000,sacramento river,11390500,USGS,knights landing,flow,max,10000
28,2000,sacramento river,11390500,USGS,knights landing,flow,mean,9828.467261904761
28,2000,sacramento river,11390500,USGS,knights landing,flow,min,9580
29,2000,sacramento river,11390500,USGS,knights landing,flow,max,10200
29,2000,sacramento river,11390500,USGS,knights landing,flow,mean,9838.065476190477
29,2000,sacramento river,11390500,USGS,knights landing,flow,min,9560
30,2000,sacramento river,11390500,USGS,knights landing,flow,max,10000
30,2000,sacramento river,11390500,USGS,knights landing,flow,mean,9712.00892857143
30,2000,sacramento river,11390500,USGS,knights landing,flow,min,9550
31,2000,sacramento river,11390500,USGS,knights landing,flow,max,10200
31,2000,sacramento river,11390500,USGS,knights landing,flow,mean,9907.470238095239
31,2000,sacramento river,11390500,USGS,knights landing,flow,min,9560
32,2000,sacramento river,11390500,USGS,knights landing,flow,max,9800
32,2000,sacramento river,11390500,USGS,knights landing,flow,mean,8981.909177132391
32,2000,sacramento river,11390500,USGS,knights landing,flow,min,7710
33,2000,sacramento river,11390500,USGS,knights landing,flow,max,7930
33,2000,sacramento river,11390500,USGS,knights landing,flow,mean,7676.145833333334
33,2000,sacramento river,11390500,USGS,knights landing,flow,min,7110
34,2000,sacramento river,11390500,USGS,knights landing,flow,max,7200
34,2000,sacramento river,11390500,USGS,knights landing,flow,mean,6593.556547619048
34,2000,sacramento river,11390500,USGS,knights landing,flow,min,6260
35,2000,sacramento river,11390500,USGS,knights landing,flow,max,7530
35,2000,sacramento river,11390500,USGS,knights landing,flow,mean,6880.595238095238
35,2000,sacramento river,11390500,USGS,knights landing,flow,min,6260
36,2000,sacramento river,11390500,USGS,knights landing,flow,max,7490
36,2000,sacramento river,11390500,USGS,knights landing,flow,mean,7334.464285714285
36,2000,sacramento river,11390500,USGS,knights landing,flow,min,7090
37,2000,sacramento river,11390500,USGS,knights landing,flow,max,7250
37,2000,sacramento river,11390500,USGS,knights landing,flow,mean,6825.7589285714275
37,2000,sacramento river,11390500,USGS,knights landing,flow,min,6500
38,2000,sacramento river,11390500,USGS,knights landing,flow,max,8090
38,2000,sacramento river,11390500,USGS,knights landing,flow,mean,7320.997023809524
38,2000,sacramento river,11390500,USGS,knights landing,flow,min,6510
39,2000,sacramento river,11390500,USGS,knights landing,flow,max,8110
39,2000,sacramento river,11390500,USGS,knights landing,flow,mean,7484.196428571428
39,2000,sacramento river,11390500,USGS,knights landing,flow,min,6420
40,2000,sacramento river,11390500,USGS,knights landing,flow,max,6450
40,2000,sacramento river,11390500,USGS,knights landing,flow,mean,6121.413690476191
40,2000,sacramento river,11390500,USGS,knights landing,flow,min,5720
41,2000,sacramento river,11390500,USGS,knights landing,flow,max,6250
41,2000,sacramento river,11390500,USGS,knights landing,flow,mean,5633.482142857144
41,2000,sacramento river,11390500,USGS,knights landing,flow,min,5210
42,2000,sacramento river,11390500,USGS,knights landing,flow,max,6300
42,2000,sacramento river,11390500,USGS,knights landing,flow,mean,6002.336309523809
42,2000,sacramento river,11390500,USGS,knights landing,flow,min,5520
43,2000,sacramento river,11390500,USGS,knights landing,flow,max,5640
43,2000,sacramento river,11390500,USGS,knights landing,flow,mean,5048.456101190476
43,2000,sacramento river,11390500,USGS,knights landing,flow,min,4590
44,2000,sacramento river,11390500,USGS,knights landing,flow,max,7060
44,2000,sacramento river,11390500,USGS,knights landing,flow,mean,6230.121635610767
44,2000,sacramento river,11390500,USGS,knights landing,flow,min,5210
45,2000,sacramento river,11390500,USGS,knights landing,flow,max,6070
45,2000,sacramento river,11390500,USGS,knights landing,flow,mean,5489.285714285715
45,2000,sacramento river,11390500,USGS,knights landing,flow,min,5140
46,2000,sacramento river,11390500,USGS,knights landing,flow,max,5940
46,2000,sacramento river,11390500,USGS,knights landing,flow,mean,5566.443452380953
46,2000,sacramento river,11390500,USGS,knights landing,flow,min,5340
47,2000,sacramento river,11390500,USGS,knights landing,flow,max,6060
47,2000,sacramento river,11390500,USGS,knights landing,flow,mean,5868.452380952381
47,2000,sacramento river,11390500,USGS,knights landing,flow,min,5570
48,2000,sacramento river,11390500,USGS,knights landing,flow,max,6930
48,2000,sacramento river,11390500,USGS,knights landing,flow,mean,6107.410714285715
48,2000,sacramento river,11390500,USGS,knights landing,flow,min,5870
49,2000,sacramento river,11390500,USGS,knights landing,flow,max,7110
49,2000,sacramento river,11390500,USGS,knights landing,flow,mean,6583.3630952380945
49,2000,sacramento river,11390500,USGS,knights landing,flow,min,6160
50,2000,sacramento river,11390500,USGS,knights landing,flow,max,7010
50,2000,sacramento river,11390500,USGS,knights landing,flow,mean,6230.2827380952385
50,2000,sacramento river,11390500,USGS,knights landing,flow,min,6000
51,2000,sacramento river,11390500,USGS,knights landing,flow,max,8160
51,2000,sacramento river,11390500,USGS,knights landing,flow,mean,6947.842261904762
51,2000,sacramento river,11390500,USGS,knights landing,flow,min,6120
52,2000,sacramento river,11390500,USGS,knights landing,flow,max,6370
52,2000,sacramento river,11390500,USGS,knights landing,flow,mean,6229.583333333334
52,2000,sacramento river,11390500,USGS,knights landing,flow,min,6080
53,2000,sacramento river,11390500,USGS,knights landing,flow,max,6280
53,2000,sacramento river,11390500,USGS,knights landing,flow,mean,6175.885416666666
53,2000,sacramento river,11390500,USGS,knights landing,flow,min,6060
1,2001,sacramento river,11390500,USGS,knights landing,flow,max,6220
1,2001,sacramento river,11390500,USGS,knights landing,flow,mean,6083.824404761904
1,2001,sacramento river,11390500,USGS,knights landing,flow,min,5850
2,2001,sacramento river,11390500,USGS,knights landing,flow,max,15100
2,2001,sacramento river,11390500,USGS,knights landing,flow,mean,9142.827380952382
2,2001,sacramento river,11390500,USGS,knights landing,flow,min,5830
3,2001,sacramento river,11390500,USGS,knights landing,flow,max,10600
3,2001,sacramento river,11390500,USGS,knights landing,flow,mean,8213.61607142857
3,2001,sacramento river,11390500,USGS,knights landing,flow,min,7150
4,2001,sacramento river,11390500,USGS,knights landing,flow,max,21400
4,2001,sacramento river,11390500,USGS,knights landing,flow,mean,11775.226033834586
4,2001,sacramento river,11390500,USGS,knights landing,flow,min,7030
5,2001,sacramento river,11390500,USGS,knights landing,flow,max,16600
5,2001,sacramento river,11390500,USGS,knights landing,flow,mean,9909.419642857143
5,2001,sacramento river,11390500,USGS,knights landing,flow,min,7590
6,2001,sacramento river,11390500,USGS,knights landing,flow,max,9090
6,2001,sacramento river,11390500,USGS,knights landing,flow,mean,7186.220238095238
6,2001,sacramento river,11390500,USGS,knights landing,flow,min,6810
7,2001,sacramento river,11390500,USGS,knights landing,flow,max,14000
7,2001,sacramento river,11390500,USGS,knights landing,flow,mean,11073.601190476193
7,2001,sacramento river,11390500,USGS,knights landing,flow,min,8240
8,2001,sacramento river,11390500,USGS,knights landing,flow,max,22800
8,2001,sacramento river,11390500,USGS,knights landing,flow,mean,16428.91369047619
8,2001,sacramento river,11390500,USGS,knights landing,flow,min,8190
9,2001,sacramento river,11390500,USGS,knights landing,flow,max,25800
9,2001,sacramento river,11390500,USGS,knights landing,flow,mean,17693.60119047619
9,2001,sacramento river,11390500,USGS,knights landing,flow,min,12100
10,2001,sacramento river,11390500,USGS,knights landing,flow,max,28000
10,2001,sacramento river,11390500,USGS,knights landing,flow,mean,21941.36904761905
10,2001,sacramento river,11390500,USGS,knights landing,flow,min,12800
11,2001,sacramento river,11390500,USGS,knights landing,flow,max,16300
11,2001,sacramento river,11390500,USGS,knights landing,flow,mean,13733.92857142857
11,2001,sacramento river,11390500,USGS,knights landing,flow,min,11500
12,2001,sacramento river,11390500,USGS,knights landing,flow,max,11500
12,2001,sacramento river,11390500,USGS,knights landing,flow,mean,10876.339285714286
12,2001,sacramento river,11390500,USGS,knights landing,flow,min,10300
13,2001,sacramento river,11390500,USGS,knights landing,flow,max,11000
13,2001,sacramento river,11390500,USGS,knights landing,flow,mean,9907.351190476189
13,2001,sacramento river,11390500,USGS,knights landing,flow,min,8730
14,2001,sacramento river,11390500,USGS,knights landing,flow,max,9100
14,2001,sacramento river,11390500,USGS,knights landing,flow,mean,8386.101190476189
14,2001,sacramento river,11390500,USGS,knights landing,flow,min,7870
15,2001,sacramento river,11390500,USGS,knights landing,flow,max,9420
15,2001,sacramento river,11390500,USGS,knights landing,flow,mean,8354.806547619048
15,2001,sacramento river,11390500,USGS,knights landing,flow,min,7410
16,2001,sacramento river,11390500,USGS,knights landing,flow,max,7410
16,2001,sacramento river,11390500,USGS,knights landing,flow,mean,6450.595238095238
16,2001,sacramento river,11390500,USGS,knights landing,flow,min,5670
17,2001,sacramento river,11390500,USGS,knights landing,flow,max,7180
17,2001,sacramento river,11390500,USGS,knights landing,flow,mean,6555.818452380952
17,2001,sacramento river,11390500,USGS,knights landing,flow,min,5980
18,2001,sacramento river,11390500,USGS,knights landing,flow,max,5980
18,2001,sacramento river,11390500,USGS,knights landing,flow,mean,5348.645833333334
18,2001,sacramento river,11390500,USGS,knights landing,flow,min,4640
19,2001,sacramento river,11390500,USGS,knights landing,flow,max,5560
19,2001,sacramento river,11390500,USGS,knights landing,flow,mean,5038.764880952381
19,2001,sacramento river,11390500,USGS,knights landing,flow,min,4660
20,2001,sacramento river,11390500,USGS,knights landing,flow,max,7190
20,2001,sacramento river,11390500,USGS,knights landing,flow,mean,6180.624999999999
20,2001,sacramento river,11390500,USGS,knights landing,flow,min,5420
21,2001,sacramento river,11390500,USGS,knights landing,flow,max,7100
21,2001,sacramento river,11390500,USGS,knights landing,flow,mean,6436.0119047619055
21,2001,sacramento river,11390500,USGS,knights landing,flow,min,5590
22,2001,sacramento river,11390500,USGS,knights landing,flow,max,6940
22,2001,sacramento river,11390500,USGS,knights landing,flow,mean,6742.738095238096
22,2001,sacramento river,11390500,USGS,knights landing,flow,min,6040
23,2001,sacramento river,11390500,USGS,knights landing,flow,max,8060
23,2001,sacramento river,11390500,USGS,knights landing,flow,mean,7124.3005952380945
23,2001,sacramento river,11390500,USGS,knights landing,flow,min,6450
24,2001,sacramento river,11390500,USGS,knights landing,flow,max,8880
24,2001,sacramento river,11390500,USGS,knights landing,flow,mean,8608.869047619048
24,2001,sacramento river,11390500,USGS,knights landing,flow,min,8070
25,2001,sacramento river,11390500,USGS,knights landing,flow,max,9010
25,2001,sacramento river,11390500,USGS,knights landing,flow,mean,8755.505952380952
25,2001,sacramento river,11390500,USGS,knights landing,flow,min,8430
26,2001,sacramento river,11390500,USGS,knights landing,flow,max,10100
26,2001,sacramento river,11390500,USGS,knights landing,flow,mean,9175.945332080202
26,2001,sacramento river,11390500,USGS,knights landing,flow,min,8220
27,2001,sacramento river,11390500,USGS,knights landing,flow,max,9890
27,2001,sacramento river,11390500,USGS,knights landing,flow,mean,9439.583333333332
27,2001,sacramento river,11390500,USGS,knights landing,flow,min,8950
28,2001,sacramento river,11390500,USGS,knights landing,flow,max,10000
28,2001,sacramento river,11390500,USGS,knights landing,flow,mean,9810.089285714286
28,2001,sacramento river,11390500,USGS,knights landing,flow,min,9570
29,2001,sacramento river,11390500,USGS,knights landing,flow,max,9940
29,2001,sacramento river,11390500,USGS,knights landing,flow,mean,9837.365196078432
29,2001,sacramento river,11390500,USGS,knights landing,flow,min,9690
30,2001,sacramento river,11390500,USGS,knights landing,flow,max,10300
30,2001,sacramento river,11390500,USGS,knights landing,flow,mean,9982.36607142857
30,2001,sacramento river,11390500,USGS,knights landing,flow,min,9730
31,2001,sacramento river,11390500,USGS,knights landing,flow,max,10200
31,2001,sacramento river,11390500,USGS,knights landing,flow,mean,8918.45238095238
31,2001,sacramento river,11390500,USGS,knights landing,flow,min,7730
32,2001,sacramento river,11390500,USGS,knights landing,flow,max,7900
32,2001,sacramento river,11390500,USGS,knights landing,flow,mean,7732.5744047619055
32,2001,sacramento river,11390500,USGS,knights landing,flow,min,7600
33,2001,sacramento river,11390500,USGS,knights landing,flow,max,7670
33,2001,sacramento river,11390500,USGS,knights landing,flow,mean,7214.613095238096
33,2001,sacramento river,11390500,USGS,knights landing,flow,min,6780
34,2001,sacramento river,11390500,USGS,knights landing,flow,max,6950
34,2001,sacramento river,11390500,USGS,knights landing,flow,mean,6301.71130952381
34,2001,sacramento river,11390500,USGS,knights landing,flow,min,5970
35,2001,sacramento river,11390500,USGS,knights landing,flow,max,7160
35,2001,sacramento river,11390500,USGS,knights landing,flow,mean,6775.729166666667
35,2001,sacramento river,11390500,USGS,knights landing,flow,min,6430
36,2001,sacramento river,11390500,USGS,knights landing,flow,max,7630
36,2001,sacramento river,11390500,USGS,knights landing,flow,mean,7325.773809523809
36,2001,sacramento river,11390500,USGS,knights landing,flow,min,6950
37,2001,sacramento river,11390500,USGS,knights landing,flow,max,7650
37,2001,sacramento river,11390500,USGS,knights landing,flow,mean,7309.494047619047
37,2001,sacramento river,11390500,USGS,knights landing,flow,min,7090
38,2001,sacramento river,11390500,USGS,knights landing,flow,max,8050
38,2001,sacramento river,11390500,USGS,knights landing,flow,mean,7748.363095238096
38,2001,sacramento river,11390500,USGS,knights landing,flow,min,7470
39,2001,sacramento river,11390500,USGS,knights landing,flow,max,8120
39,2001,sacramento river,11390500,USGS,knights landing,flow,mean,7820.252976190476
39,2001,sacramento river,11390500,USGS,knights landing,flow,min,7280
40,2001,sacramento river,11390500,USGS,knights landing,flow,max,7290
40,2001,sacramento river,11390500,USGS,knights landing,flow,mean,6699.642857142857
40,2001,sacramento river,11390500,USGS,knights landing,flow,min,5820
41,2001,sacramento river,11390500,USGS,knights landing,flow,max,5860
41,2001,sacramento river,11390500,USGS,knights landing,flow,mean,4763.931077694236
41,2001,sacramento river,11390500,USGS,knights landing,flow,min,4050
42,2001,sacramento river,11390500,USGS,knights landing,flow,max,4150
42,2001,sacramento river,11390500,USGS,knights landing,flow,mean,3948.7053571428564
42,2001,sacramento river,11390500,USGS,knights landing,flow,min,3740
43,2001,sacramento river,11390500,USGS,knights landing,flow,max,4150
43,2001,sacramento river,11390500,USGS,knights landing,flow,mean,3981.352225672878
43,2001,sacramento river,11390500,USGS,knights landing,flow,min,3740
44,2001,sacramento river,11390500,USGS,knights landing,flow,max,5130
44,2001,sacramento river,11390500,USGS,knights landing,flow,mean,4612.589285714285
44,2001,sacramento river,11390500,USGS,knights landing,flow,min,4000
45,2001,sacramento river,11390500,USGS,knights landing,flow,max,4890
45,2001,sacramento river,11390500,USGS,knights landing,flow,mean,4650.684523809524
45,2001,sacramento river,11390500,USGS,knights landing,flow,min,4450
46,2001,sacramento river,11390500,USGS,knights landing,flow,max,7390
46,2001,sacramento river,11390500,USGS,knights landing,flow,mean,6171.39880952381
46,2001,sacramento river,11390500,USGS,knights landing,flow,min,4740
47,2001,sacramento river,11390500,USGS,knights landing,flow,max,13900
47,2001,sacramento river,11390500,USGS,knights landing,flow,mean,7055.9375
47,2001,sacramento river,11390500,USGS,knights landing,flow,min,5370
48,2001,sacramento river,11390500,USGS,knights landing,flow,max,17300
48,2001,sacramento river,11390500,USGS,knights landing,flow,mean,12278.125000000002
48,2001,sacramento river,11390500,USGS,knights landing,flow,min,7820
49,2001,sacramento river,11390500,USGS,knights landing,flow,max,25000
49,2001,sacramento river,11390500,USGS,knights landing,flow,mean,18392.559523809523
49,2001,sacramento river,11390500,USGS,knights landing,flow,min,13000
50,2001,sacramento river,11390500,USGS,knights landing,flow,max,19400
50,2001,sacramento river,11390500,USGS,knights landing,flow,mean,12429.49404761905
50,2001,sacramento river,11390500,USGS,knights landing,flow,min,9410
51,2001,sacramento river,11390500,USGS,knights landing,flow,max,25100
51,2001,sacramento river,11390500,USGS,knights landing,flow,mean,17815.773809523813
51,2001,sacramento river,11390500,USGS,knights landing,flow,min,12400
52,2001,sacramento river,11390500,USGS,knights landing,flow,max,24800
52,2001,sacramento river,11390500,USGS,knights landing,flow,mean,19107.738095238095
52,2001,sacramento river,11390500,USGS,knights landing,flow,min,13800
53,2001,sacramento river,11390500,USGS,knights landing,flow,max,23000
53,2001,sacramento river,11390500,USGS,knights landing,flow,mean,22392.708333333332
53,2001,sacramento river,11390500,USGS,knights landing,flow,min,20900
1,2002,sacramento river,11390500,USGS,knights landing,flow,max,29400
1,2002,sacramento river,11390500,USGS,knights landing,flow,mean,27205.505952380954
1,2002,sacramento river,11390500,USGS,knights landing,flow,min,22900
2,2002,sacramento river,11390500,USGS,knights landing,flow,max,27600
2,2002,sacramento river,11390500,USGS,knights landing,flow,mean,24838.9880952381
2,2002,sacramento river,11390500,USGS,knights landing,flow,min,20100
3,2002,sacramento river,11390500,USGS,knights landing,flow,max,20000
3,2002,sacramento river,11390500,USGS,knights landing,flow,mean,15787.05357142857
3,2002,sacramento river,11390500,USGS,knights landing,flow,min,13000
4,2002,sacramento river,11390500,USGS,knights landing,flow,max,13000
4,2002,sacramento river,11390500,USGS,knights landing,flow,mean,11645.982142857143
4,2002,sacramento river,11390500,USGS,knights landing,flow,min,10700
5,2002,sacramento river,11390500,USGS,knights landing,flow,max,11100
5,2002,sacramento river,11390500,USGS,knights landing,flow,mean,10102.51488095238
5,2002,sacramento river,11390500,USGS,knights landing,flow,min,9190
6,2002,sacramento river,11390500,USGS,knights landing,flow,max,9760
6,2002,sacramento river,11390500,USGS,knights landing,flow,mean,9067.529761904761
6,2002,sacramento river,11390500,USGS,knights landing,flow,min,8630
7,2002,sacramento river,11390500,USGS,knights landing,flow,max,9230
7,2002,sacramento river,11390500,USGS,knights landing,flow,mean,8596.517857142857
7,2002,sacramento river,11390500,USGS,knights landing,flow,min,8330
8,2002,sacramento river,11390500,USGS,knights landing,flow,max,23200
8,2002,sacramento river,11390500,USGS,knights landing,flow,mean,14480.684523809523
8,2002,sacramento river,11390500,USGS,knights landing,flow,min,8470
9,2002,sacramento river,11390500,USGS,knights landing,flow,max,13200
9,2002,sacramento river,11390500,USGS,knights landing,flow,mean,11326.636904761906
9,2002,sacramento river,11390500,USGS,knights landing,flow,min,10600
10,2002,sacramento river,11390500,USGS,knights landing,flow,max,13900
10,2002,sacramento river,11390500,USGS,knights landing,flow,mean,11477.67857142857
10,2002,sacramento river,11390500,USGS,knights landing,flow,min,10300
11,2002,sacramento river,11390500,USGS,knights landing,flow,max,15200
11,2002,sacramento river,11390500,USGS,knights landing,flow,mean,12564.285714285714
11,2002,sacramento river,11390500,USGS,knights landing,flow,min,10300
12,2002,sacramento river,11390500,USGS,knights landing,flow,max,10800
12,2002,sacramento river,11390500,USGS,knights landing,flow,mean,9417.94642857143
12,2002,sacramento river,11390500,USGS,knights landing,flow,min,8810
13,2002,sacramento river,11390500,USGS,knights landing,flow,max,11100
13,2002,sacramento river,11390500,USGS,knights landing,flow,mean,9034.434523809523
13,2002,sacramento river,11390500,USGS,knights landing,flow,min,8060
14,2002,sacramento river,11390500,USGS,knights landing,flow,max,8070
14,2002,sacramento river,11390500,USGS,knights landing,flow,mean,7732.321428571428
14,2002,sacramento river,11390500,USGS,knights landing,flow,min,7470
15,2002,sacramento river,11390500,USGS,knights landing,flow,max,7490
15,2002,sacramento river,11390500,USGS,knights landing,flow,mean,6572.16682330827
15,2002,sacramento river,11390500,USGS,knights landing,flow,min,5790
16,2002,sacramento river,11390500,USGS,knights landing,flow,max,6070
16,2002,sacramento river,11390500,USGS,knights landing,flow,mean,5363.9880952380945
16,2002,sacramento river,11390500,USGS,knights landing,flow,min,4360
17,2002,sacramento river,11390500,USGS,knights landing,flow,max,5270
17,2002,sacramento river,11390500,USGS,knights landing,flow,mean,4291.964285714285
17,2002,sacramento river,11390500,USGS,knights landing,flow,min,3820
18,2002,sacramento river,11390500,USGS,knights landing,flow,max,5380
18,2002,sacramento river,11390500,USGS,knights landing,flow,mean,5153.705357142857
18,2002,sacramento river,11390500,USGS,knights landing,flow,min,4770
19,2002,sacramento river,11390500,USGS,knights landing,flow,max,5340
19,2002,sacramento river,11390500,USGS,knights landing,flow,mean,4984.0625
19,2002,sacramento river,11390500,USGS,knights landing,flow,min,4630
20,2002,sacramento river,11390500,USGS,knights landing,flow,max,7580
20,2002,sacramento river,11390500,USGS,knights landing,flow,mean,6051.5625
20,2002,sacramento river,11390500,USGS,knights landing,flow,min,5140
21,2002,sacramento river,11390500,USGS,knights landing,flow,max,9540
21,2002,sacramento river,11390500,USGS,knights landing,flow,mean,8779.583333333334
21,2002,sacramento river,11390500,USGS,knights landing,flow,min,7580
22,2002,sacramento river,11390500,USGS,knights landing,flow,max,8250
22,2002,sacramento river,11390500,USGS,knights landing,flow,mean,7492.455357142857
22,2002,sacramento river,11390500,USGS,knights landing,flow,min,6870
23,2002,sacramento river,11390500,USGS,knights landing,flow,max,6880
23,2002,sacramento river,11390500,USGS,knights landing,flow,mean,6385.431547619048
23,2002,sacramento river,11390500,USGS,knights landing,flow,min,5940
24,2002,sacramento river,11390500,USGS,knights landing,flow,max,7370
24,2002,sacramento river,11390500,USGS,knights landing,flow,mean,6277.723214285715
24,2002,sacramento river,11390500,USGS,knights landing,flow,min,5750
25,2002,sacramento river,11390500,USGS,knights landing,flow,max,8410
25,2002,sacramento river,11390500,USGS,knights landing,flow,mean,7795.312500000001
25,2002,sacramento river,11390500,USGS,knights landing,flow,min,7340
26,2002,sacramento river,11390500,USGS,knights landing,flow,max,8820
26,2002,sacramento river,11390500,USGS,knights landing,flow,mean,8595.238095238095
26,2002,sacramento river,11390500,USGS,knights landing,flow,min,8190
27,2002,sacramento river,11390500,USGS,knights landing,flow,max,8930
27,2002,sacramento river,11390500,USGS,knights landing,flow,mean,8130.639880952382
27,2002,sacramento river,11390500,USGS,knights landing,flow,min,7720
28,2002,sacramento river,11390500,USGS,knights landing,flow,max,8760
28,2002,sacramento river,11390500,USGS,knights landing,flow,mean,8237.247023809525
28,2002,sacramento river,11390500,USGS,knights landing,flow,min,7810
29,2002,sacramento river,11390500,USGS,knights landing,flow,max,9250
29,2002,sacramento river,11390500,USGS,knights landing,flow,mean,9010.193452380952
29,2002,sacramento river,11390500,USGS,knights landing,flow,min,8710
30,2002,sacramento river,11390500,USGS,knights landing,flow,max,9570
30,2002,sacramento river,11390500,USGS,knights landing,flow,mean,9373.794642857143
30,2002,sacramento river,11390500,USGS,knights landing,flow,min,9070
31,2002,sacramento river,11390500,USGS,knights landing,flow,max,9370
31,2002,sacramento river,11390500,USGS,knights landing,flow,mean,8751.101190476189
31,2002,sacramento river,11390500,USGS,knights landing,flow,min,8300
32,2002,sacramento river,11390500,USGS,knights landing,flow,max,9020
32,2002,sacramento river,11390500,USGS,knights landing,flow,mean,8379.226190476189
32,2002,sacramento river,11390500,USGS,knights landing,flow,min,7590
33,2002,sacramento river,11390500,USGS,knights landing,flow,max,8040
33,2002,sacramento river,11390500,USGS,knights landing,flow,mean,7752.767857142857
33,2002,sacramento river,11390500,USGS,knights landing,flow,min,7600
34,2002,sacramento river,11390500,USGS,knights landing,flow,max,7990
34,2002,sacramento river,11390500,USGS,knights landing,flow,mean,7084.315476190476
34,2002,sacramento river,11390500,USGS,knights landing,flow,min,5710
35,2002,sacramento river,11390500,USGS,knights landing,flow,max,7080
35,2002,sacramento river,11390500,USGS,knights landing,flow,mean,6308.5714285714275
35,2002,sacramento river,11390500,USGS,knights landing,flow,min,5740
36,2002,sacramento river,11390500,USGS,knights landing,flow,max,6800
36,2002,sacramento river,11390500,USGS,knights landing,flow,mean,6074.270833333334
36,2002,sacramento river,11390500,USGS,knights landing,flow,min,5730
37,2002,sacramento river,11390500,USGS,knights landing,flow,max,7350
37,2002,sacramento river,11390500,USGS,knights landing,flow,mean,6832.038690476191
37,2002,sacramento river,11390500,USGS,knights landing,flow,min,6610
38,2002,sacramento river,11390500,USGS,knights landing,flow,max,7780
38,2002,sacramento river,11390500,USGS,knights landing,flow,mean,7335.446428571428
38,2002,sacramento river,11390500,USGS,knights landing,flow,min,6990
39,2002,sacramento river,11390500,USGS,knights landing,flow,max,7100
39,2002,sacramento river,11390500,USGS,knights landing,flow,mean,6859.7619047619055
39,2002,sacramento river,11390500,USGS,knights landing,flow,min,6540
40,2002,sacramento river,11390500,USGS,knights landing,flow,max,6580
40,2002,sacramento river,11390500,USGS,knights landing,flow,mean,5994.107142857143
40,2002,sacramento river,11390500,USGS,knights landing,flow,min,5100
41,2002,sacramento river,11390500,USGS,knights landing,flow,max,5140
41,2002,sacramento river,11390500,USGS,knights landing,flow,mean,4840.803571428572
41,2002,sacramento river,11390500,USGS,knights landing,flow,min,4610
42,2002,sacramento river,11390500,USGS,knights landing,flow,max,5420
42,2002,sacramento river,11390500,USGS,knights landing,flow,mean,5200.446428571428
42,2002,sacramento river,11390500,USGS,knights landing,flow,min,5010
43,2002,sacramento river,11390500,USGS,knights landing,flow,max,5400
43,2002,sacramento river,11390500,USGS,knights landing,flow,mean,5206.488095238096
43,2002,sacramento river,11390500,USGS,knights landing,flow,min,4930
44,2002,sacramento river,11390500,USGS,knights landing,flow,max,5480
44,2002,sacramento river,11390500,USGS,knights landing,flow,mean,5302.1875
44,2002,sacramento river,11390500,USGS,knights landing,flow,min,5100
45,2002,sacramento river,11390500,USGS,knights landing,flow,max,7350
45,2002,sacramento river,11390500,USGS,knights landing,flow,mean,6402.857142857143
45,2002,sacramento river,11390500,USGS,knights landing,flow,min,5430
46,2002,sacramento river,11390500,USGS,knights landing,flow,max,7450
46,2002,sacramento river,11390500,USGS,knights landing,flow,mean,6648.3630952380945
46,2002,sacramento river,11390500,USGS,knights landing,flow,min,5650
47,2002,sacramento river,11390500,USGS,knights landing,flow,max,5700
47,2002,sacramento river,11390500,USGS,knights landing,flow,mean,5016.741071428572
47,2002,sacramento river,11390500,USGS,knights landing,flow,min,4410
48,2002,sacramento river,11390500,USGS,knights landing,flow,max,4710
48,2002,sacramento river,11390500,USGS,knights landing,flow,mean,4393.348214285715
48,2002,sacramento river,11390500,USGS,knights landing,flow,min,4170
49,2002,sacramento river,11390500,USGS,knights landing,flow,max,5290
49,2002,sacramento river,11390500,USGS,knights landing,flow,mean,4993.1835839599
49,2002,sacramento river,11390500,USGS,knights landing,flow,min,4640
50,2002,sacramento river,11390500,USGS,knights landing,flow,max,27300
50,2002,sacramento river,11390500,USGS,knights landing,flow,mean,9669.449404761905
50,2002,sacramento river,11390500,USGS,knights landing,flow,min,5230
51,2002,sacramento river,11390500,USGS,knights landing,flow,max,29500
51,2002,sacramento river,11390500,USGS,knights landing,flow,mean,26660.8630952381
51,2002,sacramento river,11390500,USGS,knights landing,flow,min,21800
52,2002,sacramento river,11390500,USGS,knights landing,flow,max,29600
52,2002,sacramento river,11390500,USGS,knights landing,flow,mean,21254.166666666668
52,2002,sacramento river,11390500,USGS,knights landing,flow,min,13200
53,2002,sacramento river,11390500,USGS,knights landing,flow,max,29500
53,2002,sacramento river,11390500,USGS,knights landing,flow,mean,29500
53,2002,sacramento river,11390500,USGS,knights landing,flow,min,29500
1,2003,sacramento river,11390500,USGS,knights landing,flow,max,30800
1,2003,sacramento river,11390500,USGS,knights landing,flow,mean,27726.488095238095
1,2003,sacramento river,11390500,USGS,knights landing,flow,min,23500
2,2003,sacramento river,11390500,USGS,knights landing,flow,max,29000
2,2003,sacramento river,11390500,USGS,knights landing,flow,mean,22903.422619047615
2,2003,sacramento river,11390500,USGS,knights landing,flow,min,17600
3,2003,sacramento river,11390500,USGS,knights landing,flow,max,29900
3,2003,sacramento river,11390500,USGS,knights landing,flow,mean,27955.80357142857
3,2003,sacramento river,11390500,USGS,knights landing,flow,min,25400
4,2003,sacramento river,11390500,USGS,knights landing,flow,max,27600
4,2003,sacramento river,11390500,USGS,knights landing,flow,mean,26395.3869047619
4,2003,sacramento river,11390500,USGS,knights landing,flow,min,24900
5,2003,sacramento river,11390500,USGS,knights landing,flow,max,26500
5,2003,sacramento river,11390500,USGS,knights landing,flow,mean,24087.35119047619
5,2003,sacramento river,11390500,USGS,knights landing,flow,min,19700
6,2003,sacramento river,11390500,USGS,knights landing,flow,max,19700
6,2003,sacramento river,11390500,USGS,knights landing,flow,mean,14949.999999999998
6,2003,sacramento river,11390500,USGS,knights landing,flow,min,12400
7,2003,sacramento river,11390500,USGS,knights landing,flow,max,26100
7,2003,sacramento river,11390500,USGS,knights landing,flow,mean,17992.782738095237
7,2003,sacramento river,11390500,USGS,knights landing,flow,min,12300
8,2003,sacramento river,11390500,USGS,knights landing,flow,max,24600
8,2003,sacramento river,11390500,USGS,knights landing,flow,mean,20093.215852130324
8,2003,sacramento river,11390500,USGS,knights landing,flow,min,17000
9,2003,sacramento river,11390500,USGS,knights landing,flow,max,17000
9,2003,sacramento river,11390500,USGS,knights landing,flow,mean,13777.232142857145
9,2003,sacramento river,11390500,USGS,knights landing,flow,min,11000
10,2003,sacramento river,11390500,USGS,knights landing,flow,max,11000
10,2003,sacramento river,11390500,USGS,knights landing,flow,mean,9870.714285714286
10,2003,sacramento river,11390500,USGS,knights landing,flow,min,8810
11,2003,sacramento river,11390500,USGS,knights landing,flow,max,26900
11,2003,sacramento river,11390500,USGS,knights landing,flow,mean,14745.13392857143
11,2003,sacramento river,11390500,USGS,knights landing,flow,min,8660
12,2003,sacramento river,11390500,USGS,knights landing,flow,max,22000
12,2003,sacramento river,11390500,USGS,knights landing,flow,mean,14710.714285714286
12,2003,sacramento river,11390500,USGS,knights landing,flow,min,12300
13,2003,sacramento river,11390500,USGS,knights landing,flow,max,16300
13,2003,sacramento river,11390500,USGS,knights landing,flow,mean,13023.23879551821
13,2003,sacramento river,11390500,USGS,knights landing,flow,min,10800
14,2003,sacramento river,11390500,USGS,knights landing,flow,max,11600
14,2003,sacramento river,11390500,USGS,knights landing,flow,mean,10584.940476190475
14,2003,sacramento river,11390500,USGS,knights landing,flow,min,9300
15,2003,sacramento river,11390500,USGS,knights landing,flow,max,14700
15,2003,sacramento river,11390500,USGS,knights landing,flow,mean,9657.886904761905
15,2003,sacramento river,11390500,USGS,knights landing,flow,min,8070
16,2003,sacramento river,11390500,USGS,knights landing,flow,max,14600
16,2003,sacramento river,11390500,USGS,knights landing,flow,mean,12035.714285714286
16,2003,sacramento river,11390500,USGS,knights landing,flow,min,10900
17,2003,sacramento river,11390500,USGS,knights landing,flow,max,24900
17,2003,sacramento river,11390500,USGS,knights landing,flow,mean,18569.64285714286
17,2003,sacramento river,11390500,USGS,knights landing,flow,min,10900
18,2003,sacramento river,11390500,USGS,knights landing,flow,max,29100
18,2003,sacramento river,11390500,USGS,knights landing,flow,mean,27795.895989974935
18,2003,sacramento river,11390500,USGS,knights landing,flow,min,24200
19,2003,sacramento river,11390500,USGS,knights landing,flow,max,28500
19,2003,sacramento river,11390500,USGS,knights landing,flow,mean,24455.952380952378
19,2003,sacramento river,11390500,USGS,knights landing,flow,min,17100
20,2003,sacramento river,11390500,USGS,knights landing,flow,max,17000
20,2003,sacramento river,11390500,USGS,knights landing,flow,mean,16206.723057644109
20,2003,sacramento river,11390500,USGS,knights landing,flow,min,14900
21,2003,sacramento river,11390500,USGS,knights landing,flow,max,14900
21,2003,sacramento river,11390500,USGS,knights landing,flow,mean,13565.17857142857
21,2003,sacramento river,11390500,USGS,knights landing,flow,min,12400
22,2003,sacramento river,11390500,USGS,knights landing,flow,max,12800
22,2003,sacramento river,11390500,USGS,knights landing,flow,mean,12311.458333333332
22,2003,sacramento river,11390500,USGS,knights landing,flow,min,11000
23,2003,sacramento river,11390500,USGS,knights landing,flow,max,11500
23,2003,sacramento river,11390500,USGS,knights landing,flow,mean,11217.261904761906
23,2003,sacramento river,11390500,USGS,knights landing,flow,min,11000
24,2003,sacramento river,11390500,USGS,knights landing,flow,max,11500
24,2003,sacramento river,11390500,USGS,knights landing,flow,mean,11197.172619047618
24,2003,sacramento river,11390500,USGS,knights landing,flow,min,10800
25,2003,sacramento river,11390500,USGS,knights landing,flow,max,11200
25,2003,sacramento river,11390500,USGS,knights landing,flow,mean,10119.0625
25,2003,sacramento river,11390500,USGS,knights landing,flow,min,8660
26,2003,sacramento river,11390500,USGS,knights landing,flow,max,8670
26,2003,sacramento river,11390500,USGS,knights landing,flow,mean,7542.038690476191
26,2003,sacramento river,11390500,USGS,knights landing,flow,min,6960
27,2003,sacramento river,11390500,USGS,knights landing,flow,max,7630
27,2003,sacramento river,11390500,USGS,knights landing,flow,mean,6823.154761904762
27,2003,sacramento river,11390500,USGS,knights landing,flow,min,6320
28,2003,sacramento river,11390500,USGS,knights landing,flow,max,9190
28,2003,sacramento river,11390500,USGS,knights landing,flow,mean,8209.925595238095
28,2003,sacramento river,11390500,USGS,knights landing,flow,min,7090
29,2003,sacramento river,11390500,USGS,knights landing,flow,max,9160
29,2003,sacramento river,11390500,USGS,knights landing,flow,mean,8952.857142857143
29,2003,sacramento river,11390500,USGS,knights landing,flow,min,8690
30,2003,sacramento river,11390500,USGS,knights landing,flow,max,9800
30,2003,sacramento river,11390500,USGS,knights landing,flow,mean,9189.122023809523
30,2003,sacramento river,11390500,USGS,knights landing,flow,min,8890
31,2003,sacramento river,11390500,USGS,knights landing,flow,max,10100
31,2003,sacramento river,11390500,USGS,knights landing,flow,mean,9790.282738095239
31,2003,sacramento river,11390500,USGS,knights landing,flow,min,9580
32,2003,sacramento river,11390500,USGS,knights landing,flow,max,10100
32,2003,sacramento river,11390500,USGS,knights landing,flow,mean,8730.327380952382
32,2003,sacramento river,11390500,USGS,knights landing,flow,min,6330
33,2003,sacramento river,11390500,USGS,knights landing,flow,max,6370
33,2003,sacramento river,11390500,USGS,knights landing,flow,mean,5845.833333333333
33,2003,sacramento river,11390500,USGS,knights landing,flow,min,5230
34,2003,sacramento river,11390500,USGS,knights landing,flow,max,5780
34,2003,sacramento river,11390500,USGS,knights landing,flow,mean,5424.375
34,2003,sacramento river,11390500,USGS,knights landing,flow,min,5140
35,2003,sacramento river,11390500,USGS,knights landing,flow,max,6670
35,2003,sacramento river,11390500,USGS,knights landing,flow,mean,6320.342261904762
35,2003,sacramento river,11390500,USGS,knights landing,flow,min,5690
36,2003,sacramento river,11390500,USGS,knights landing,flow,max,6830
36,2003,sacramento river,11390500,USGS,knights landing,flow,mean,6411.622023809524
36,2003,sacramento river,11390500,USGS,knights landing,flow,min,5860
37,2003,sacramento river,11390500,USGS,knights landing,flow,max,8180
37,2003,sacramento river,11390500,USGS,knights landing,flow,mean,6787.692555938038
37,2003,sacramento river,11390500,USGS,knights landing,flow,min,6060
38,2003,sacramento river,11390500,USGS,knights landing,flow,max,8450
38,2003,sacramento river,11390500,USGS,knights landing,flow,mean,7457.008928571429
38,2003,sacramento river,11390500,USGS,knights landing,flow,min,7070
39,2003,sacramento river,11390500,USGS,knights landing,flow,max,7120
39,2003,sacramento river,11390500,USGS,knights landing,flow,mean,6972.663690476191
39,2003,sacramento river,11390500,USGS,knights landing,flow,min,6880
40,2003,sacramento river,11390500,USGS,knights landing,flow,max,6970
40,2003,sacramento river,11390500,USGS,knights landing,flow,mean,6368.110119047619
40,2003,sacramento river,11390500,USGS,knights landing,flow,min,6110
41,2003,sacramento river,11390500,USGS,knights landing,flow,max,6240
41,2003,sacramento river,11390500,USGS,knights landing,flow,mean,5668.154761904762
41,2003,sacramento river,11390500,USGS,knights landing,flow,min,5210
42,2003,sacramento river,11390500,USGS,knights landing,flow,max,5300
42,2003,sacramento river,11390500,USGS,knights landing,flow,mean,5058.764880952381
42,2003,sacramento river,11390500,USGS,knights landing,flow,min,4890
43,2003,sacramento river,11390500,USGS,knights landing,flow,max,5070
43,2003,sacramento river,11390500,USGS,knights landing,flow,mean,4866.056547619047
43,2003,sacramento river,11390500,USGS,knights landing,flow,min,4660
44,2003,sacramento river,11390500,USGS,knights landing,flow,max,5630
44,2003,sacramento river,11390500,USGS,knights landing,flow,mean,4789.226190476191
44,2003,sacramento river,11390500,USGS,knights landing,flow,min,4500
45,2003,sacramento river,11390500,USGS,knights landing,flow,max,7010
45,2003,sacramento river,11390500,USGS,knights landing,flow,mean,5674.047619047619
45,2003,sacramento river,11390500,USGS,knights landing,flow,min,5280
46,2003,sacramento river,11390500,USGS,knights landing,flow,max,7370
46,2003,sacramento river,11390500,USGS,knights landing,flow,mean,6177.916666666666
46,2003,sacramento river,11390500,USGS,knights landing,flow,min,5650
47,2003,sacramento river,11390500,USGS,knights landing,flow,max,5910
47,2003,sacramento river,11390500,USGS,knights landing,flow,mean,5036.651785714287
47,2003,sacramento river,11390500,USGS,knights landing,flow,min,4670
48,2003,sacramento river,11390500,USGS,knights landing,flow,max,6490
48,2003,sacramento river,11390500,USGS,knights landing,flow,mean,5104.7619047619055
48,2003,sacramento river,11390500,USGS,knights landing,flow,min,4710
49,2003,sacramento river,11390500,USGS,knights landing,flow,max,16700
49,2003,sacramento river,11390500,USGS,knights landing,flow,mean,9539.36011904762
49,2003,sacramento river,11390500,USGS,knights landing,flow,min,6520
50,2003,sacramento river,11390500,USGS,knights landing,flow,max,25700
50,2003,sacramento river,11390500,USGS,knights landing,flow,mean,15982.529761904761
50,2003,sacramento river,11390500,USGS,knights landing,flow,min,9840
51,2003,sacramento river,11390500,USGS,knights landing,flow,max,23000
51,2003,sacramento river,11390500,USGS,knights landing,flow,mean,16878.72023809524
51,2003,sacramento river,11390500,USGS,knights landing,flow,min,14500
52,2003,sacramento river,11390500,USGS,knights landing,flow,max,27200
52,2003,sacramento river,11390500,USGS,knights landing,flow,mean,23623.214285714286
52,2003,sacramento river,11390500,USGS,knights landing,flow,min,16000
53,2003,sacramento river,11390500,USGS,knights landing,flow,max,27900
53,2003,sacramento river,11390500,USGS,knights landing,flow,mean,27632.291666666668
53,2003,sacramento river,11390500,USGS,knights landing,flow,min,26900
1,2004,sacramento river,11390500,USGS,knights landing,flow,max,27700
1,2004,sacramento river,11390500,USGS,knights landing,flow,mean,25076.041666666664
1,2004,sacramento river,11390500,USGS,knights landing,flow,min,21000
2,2004,sacramento river,11390500,USGS,knights landing,flow,max,25900
2,2004,sacramento river,11390500,USGS,knights landing,flow,mean,23327.827380952378
2,2004,sacramento river,11390500,USGS,knights landing,flow,min,20200
3,2004,sacramento river,11390500,USGS,knights landing,flow,max,20200
3,2004,sacramento river,11390500,USGS,knights landing,flow,mean,16398.363095238095
3,2004,sacramento river,11390500,USGS,knights landing,flow,min,13400
4,2004,sacramento river,11390500,USGS,knights landing,flow,max,13400
4,2004,sacramento river,11390500,USGS,knights landing,flow,mean,11483.184523809523
4,2004,sacramento river,11390500,USGS,knights landing,flow,min,10300
5,2004,sacramento river,11390500,USGS,knights landing,flow,max,25300
5,2004,sacramento river,11390500,USGS,knights landing,flow,mean,14396.57738095238
5,2004,sacramento river,11390500,USGS,knights landing,flow,min,10800
6,2004,sacramento river,11390500,USGS,knights landing,flow,max,25300
6,2004,sacramento river,11390500,USGS,knights landing,flow,mean,17474.70238095238
6,2004,sacramento river,11390500,USGS,knights landing,flow,min,13000
7,2004,sacramento river,11390500,USGS,knights landing,flow,max,28100
7,2004,sacramento river,11390500,USGS,knights landing,flow,mean,14198.511904761905
7,2004,sacramento river,11390500,USGS,knights landing,flow,min,10900
8,2004,sacramento river,11390500,USGS,knights landing,flow,max,30100
8,2004,sacramento river,11390500,USGS,knights landing,flow,mean,29261.011904761905
8,2004,sacramento river,11390500,USGS,knights landing,flow,min,28100
9,2004,sacramento river,11390500,USGS,knights landing,flow,max,29800
9,2004,sacramento river,11390500,USGS,knights landing,flow,mean,29111.160714285717
9,2004,sacramento river,11390500,USGS,knights landing,flow,min,28400
10,2004,sacramento river,11390500,USGS,knights landing,flow,max,29100
10,2004,sacramento river,11390500,USGS,knights landing,flow,mean,27434.23558897243
10,2004,sacramento river,11390500,USGS,knights landing,flow,min,25600
11,2004,sacramento river,11390500,USGS,knights landing,flow,max,25600
11,2004,sacramento river,11390500,USGS,knights landing,flow,mean,22517.85714285714
11,2004,sacramento river,11390500,USGS,knights landing,flow,min,18100
12,2004,sacramento river,11390500,USGS,knights landing,flow,max,18100
12,2004,sacramento river,11390500,USGS,knights landing,flow,mean,15485.416666666668
12,2004,sacramento river,11390500,USGS,knights landing,flow,min,13700
13,2004,sacramento river,11390500,USGS,knights landing,flow,max,13700
13,2004,sacramento river,11390500,USGS,knights landing,flow,mean,12401.339285714286
13,2004,sacramento river,11390500,USGS,knights landing,flow,min,11000
14,2004,sacramento river,11390500,USGS,knights landing,flow,max,11000
14,2004,sacramento river,11390500,USGS,knights landing,flow,mean,10757.738095238094
14,2004,sacramento river,11390500,USGS,knights landing,flow,min,10300
15,2004,sacramento river,11390500,USGS,knights landing,flow,max,16300
15,2004,sacramento river,11390500,USGS,knights landing,flow,mean,14706.994047619044
15,2004,sacramento river,11390500,USGS,knights landing,flow,min,10600
16,2004,sacramento river,11390500,USGS,knights landing,flow,max,14100
16,2004,sacramento river,11390500,USGS,knights landing,flow,mean,10295.810620300752
16,2004,sacramento river,11390500,USGS,knights landing,flow,min,7370
17,2004,sacramento river,11390500,USGS,knights landing,flow,max,7490
17,2004,sacramento river,11390500,USGS,knights landing,flow,mean,6520.357142857143
17,2004,sacramento river,11390500,USGS,knights landing,flow,min,5760
18,2004,sacramento river,11390500,USGS,knights landing,flow,max,6880
18,2004,sacramento river,11390500,USGS,knights landing,flow,mean,6345.744047619048
18,2004,sacramento river,11390500,USGS,knights landing,flow,min,6040
19,2004,sacramento river,11390500,USGS,knights landing,flow,max,8220
19,2004,sacramento river,11390500,USGS,knights landing,flow,mean,7588.288690476191
19,2004,sacramento river,11390500,USGS,knights landing,flow,min,6880
20,2004,sacramento river,11390500,USGS,knights landing,flow,max,7830
20,2004,sacramento river,11390500,USGS,knights landing,flow,mean,6562.629855889724
20,2004,sacramento river,11390500,USGS,knights landing,flow,min,6110
21,2004,sacramento river,11390500,USGS,knights landing,flow,max,6890
21,2004,sacramento river,11390500,USGS,knights landing,flow,mean,6357.500000000001
21,2004,sacramento river,11390500,USGS,knights landing,flow,min,6050
22,2004,sacramento river,11390500,USGS,knights landing,flow,max,8540
22,2004,sacramento river,11390500,USGS,knights landing,flow,mean,7577.931547619048
22,2004,sacramento river,11390500,USGS,knights landing,flow,min,6220
23,2004,sacramento river,11390500,USGS,knights landing,flow,max,9840
23,2004,sacramento river,11390500,USGS,knights landing,flow,mean,7880.6775793650795
23,2004,sacramento river,11390500,USGS,knights landing,flow,min,6630
24,2004,sacramento river,11390500,USGS,knights landing,flow,max,9780
24,2004,sacramento river,11390500,USGS,knights landing,flow,mean,9552.559523809525
24,2004,sacramento river,11390500,USGS,knights landing,flow,min,8890
25,2004,sacramento river,11390500,USGS,knights landing,flow,max,9630
25,2004,sacramento river,11390500,USGS,knights landing,flow,mean,9331.5625
25,2004,sacramento river,11390500,USGS,knights landing,flow,min,8790
26,2004,sacramento river,11390500,USGS,knights landing,flow,max,9500
26,2004,sacramento river,11390500,USGS,knights landing,flow,mean,9337.66290726817
26,2004,sacramento river,11390500,USGS,knights landing,flow,min,9110
27,2004,sacramento river,11390500,USGS,knights landing,flow,max,9770
27,2004,sacramento river,11390500,USGS,knights landing,flow,mean,9447.425595238094
27,2004,sacramento river,11390500,USGS,knights landing,flow,min,9310
28,2004,sacramento river,11390500,USGS,knights landing,flow,max,9740
28,2004,sacramento river,11390500,USGS,knights landing,flow,mean,9452.514880952382
28,2004,sacramento river,11390500,USGS,knights landing,flow,min,9180
29,2004,sacramento river,11390500,USGS,knights landing,flow,max,9600
29,2004,sacramento river,11390500,USGS,knights landing,flow,mean,9444.04761904762
29,2004,sacramento river,11390500,USGS,knights landing,flow,min,9280
30,2004,sacramento river,11390500,USGS,knights landing,flow,max,10600
30,2004,sacramento river,11390500,USGS,knights landing,flow,mean,10092.425595238095
30,2004,sacramento river,11390500,USGS,knights landing,flow,min,9340
31,2004,sacramento river,11390500,USGS,knights landing,flow,max,10100
31,2004,sacramento river,11390500,USGS,knights landing,flow,mean,9362.127976190477
31,2004,sacramento river,11390500,USGS,knights landing,flow,min,8940
32,2004,sacramento river,11390500,USGS,knights landing,flow,max,9290
32,2004,sacramento river,11390500,USGS,knights landing,flow,mean,8585.699404761905
32,2004,sacramento river,11390500,USGS,knights landing,flow,min,8030
33,2004,sacramento river,11390500,USGS,knights landing,flow,max,8170
33,2004,sacramento river,11390500,USGS,knights landing,flow,mean,7321.815476190475
33,2004,sacramento river,11390500,USGS,knights landing,flow,min,6740
34,2004,sacramento river,11390500,USGS,knights landing,flow,max,7330
34,2004,sacramento river,11390500,USGS,knights landing,flow,mean,6866.369047619048
34,2004,sacramento river,11390500,USGS,knights landing,flow,min,6490
35,2004,sacramento river,11390500,USGS,knights landing,flow,max,8090
35,2004,sacramento river,11390500,USGS,knights landing,flow,mean,7725.625000000001
35,2004,sacramento river,11390500,USGS,knights landing,flow,min,7180
36,2004,sacramento river,11390500,USGS,knights landing,flow,max,8260
36,2004,sacramento river,11390500,USGS,knights landing,flow,mean,7666.145833333334
36,2004,sacramento river,11390500,USGS,knights landing,flow,min,7110
37,2004,sacramento river,11390500,USGS,knights landing,flow,max,8930
37,2004,sacramento river,11390500,USGS,knights landing,flow,mean,8600.208333333334
37,2004,sacramento river,11390500,USGS,knights landing,flow,min,8030
38,2004,sacramento river,11390500,USGS,knights landing,flow,max,9090
38,2004,sacramento river,11390500,USGS,knights landing,flow,mean,8772.723214285716
38,2004,sacramento river,11390500,USGS,knights landing,flow,min,8510
39,2004,sacramento river,11390500,USGS,knights landing,flow,max,8830
39,2004,sacramento river,11390500,USGS,knights landing,flow,mean,8216.592261904761
39,2004,sacramento river,11390500,USGS,knights landing,flow,min,7810
40,2004,sacramento river,11390500,USGS,knights landing,flow,max,7810
40,2004,sacramento river,11390500,USGS,knights landing,flow,mean,7033.89880952381
40,2004,sacramento river,11390500,USGS,knights landing,flow,min,6580
41,2004,sacramento river,11390500,USGS,knights landing,flow,max,6640
41,2004,sacramento river,11390500,USGS,knights landing,flow,mean,6372.247023809525
41,2004,sacramento river,11390500,USGS,knights landing,flow,min,6160
42,2004,sacramento river,11390500,USGS,knights landing,flow,max,7080
42,2004,sacramento river,11390500,USGS,knights landing,flow,mean,6195.471757852078
42,2004,sacramento river,11390500,USGS,knights landing,flow,min,5700
43,2004,sacramento river,11390500,USGS,knights landing,flow,max,8200
43,2004,sacramento river,11390500,USGS,knights landing,flow,mean,7084.0625
43,2004,sacramento river,11390500,USGS,knights landing,flow,min,6460
44,2004,sacramento river,11390500,USGS,knights landing,flow,max,11000
44,2004,sacramento river,11390500,USGS,knights landing,flow,mean,7607.291666666667
44,2004,sacramento river,11390500,USGS,knights landing,flow,min,5900
45,2004,sacramento river,11390500,USGS,knights landing,flow,max,6090
45,2004,sacramento river,11390500,USGS,knights landing,flow,mean,5766.339285714287
45,2004,sacramento river,11390500,USGS,knights landing,flow,min,5400
46,2004,sacramento river,11390500,USGS,knights landing,flow,max,5850
46,2004,sacramento river,11390500,USGS,knights landing,flow,mean,5538.020833333334
46,2004,sacramento river,11390500,USGS,knights landing,flow,min,4950
47,2004,sacramento river,11390500,USGS,knights landing,flow,max,4960
47,2004,sacramento river,11390500,USGS,knights landing,flow,mean,4503.7797619047615
47,2004,sacramento river,11390500,USGS,knights landing,flow,min,4190
48,2004,sacramento river,11390500,USGS,knights landing,flow,max,5140
48,2004,sacramento river,11390500,USGS,knights landing,flow,mean,4504.806547619048
48,2004,sacramento river,11390500,USGS,knights landing,flow,min,3940
49,2004,sacramento river,11390500,USGS,knights landing,flow,max,6080
49,2004,sacramento river,11390500,USGS,knights landing,flow,mean,4788.497023809525
49,2004,sacramento river,11390500,USGS,knights landing,flow,min,4540
50,2004,sacramento river,11390500,USGS,knights landing,flow,max,19300
50,2004,sacramento river,11390500,USGS,knights landing,flow,mean,11305.267857142857
50,2004,sacramento river,11390500,USGS,knights landing,flow,min,6130
51,2004,sacramento river,11390500,USGS,knights landing,flow,max,7610
51,2004,sacramento river,11390500,USGS,knights landing,flow,mean,6507.094414893617
51,2004,sacramento river,11390500,USGS,knights landing,flow,min,5570
52,2004,sacramento river,11390500,USGS,knights landing,flow,max,29000
52,2004,sacramento river,11390500,USGS,knights landing,flow,mean,9587.217261904761
52,2004,sacramento river,11390500,USGS,knights landing,flow,min,5430
53,2004,sacramento river,11390500,USGS,knights landing,flow,max,29200
53,2004,sacramento river,11390500,USGS,knights landing,flow,mean,28205.729166666664
53,2004,sacramento river,11390500,USGS,knights landing,flow,min,27500
1,2005,sacramento river,11390500,USGS,knights landing,flow,max,27700
1,2005,sacramento river,11390500,USGS,knights landing,flow,mean,21858.48214285715
1,2005,sacramento river,11390500,USGS,knights landing,flow,min,13800
2,2005,sacramento river,11390500,USGS,knights landing,flow,max,25900
2,2005,sacramento river,11390500,USGS,knights landing,flow,mean,20014.434523809523
2,2005,sacramento river,11390500,USGS,knights landing,flow,min,13300
3,2005,sacramento river,11390500,USGS,knights landing,flow,max,18100
3,2005,sacramento river,11390500,USGS,knights landing,flow,mean,12949.404761904763
3,2005,sacramento river,11390500,USGS,knights landing,flow,min,11500
4,2005,sacramento river,11390500,USGS,knights landing,flow,max,25300
4,2005,sacramento river,11390500,USGS,knights landing,flow,mean,12405.505952380952
4,2005,sacramento river,11390500,USGS,knights landing,flow,min,10400
5,2005,sacramento river,11390500,USGS,knights landing,flow,max,25500
5,2005,sacramento river,11390500,USGS,knights landing,flow,mean,18592.85714285714
5,2005,sacramento river,11390500,USGS,knights landing,flow,min,12800
6,2005,sacramento river,11390500,USGS,knights landing,flow,max,12800
6,2005,sacramento river,11390500,USGS,knights landing,flow,mean,10925.833333333332
6,2005,sacramento river,11390500,USGS,knights landing,flow,min,9470
7,2005,sacramento river,11390500,USGS,knights landing,flow,max,11200
7,2005,sacramento river,11390500,USGS,knights landing,flow,mean,9651.964285714286
7,2005,sacramento river,11390500,USGS,knights landing,flow,min,8630
8,2005,sacramento river,11390500,USGS,knights landing,flow,max,17200
8,2005,sacramento river,11390500,USGS,knights landing,flow,mean,14060.74404761905
8,2005,sacramento river,11390500,USGS,knights landing,flow,min,9970
9,2005,sacramento river,11390500,USGS,knights landing,flow,max,19600
9,2005,sacramento river,11390500,USGS,knights landing,flow,mean,16402.82738095238
9,2005,sacramento river,11390500,USGS,knights landing,flow,min,14000
10,2005,sacramento river,11390500,USGS,knights landing,flow,max,16500
10,2005,sacramento river,11390500,USGS,knights landing,flow,mean,12756.845238095237
10,2005,sacramento river,11390500,USGS,knights landing,flow,min,10700
11,2005,sacramento river,11390500,USGS,knights landing,flow,max,10700
11,2005,sacramento river,11390500,USGS,knights landing,flow,mean,9420.089285714286
11,2005,sacramento river,11390500,USGS,knights landing,flow,min,8300
12,2005,sacramento river,11390500,USGS,knights landing,flow,max,28000
12,2005,sacramento river,11390500,USGS,knights landing,flow,mean,15142.440476190475
12,2005,sacramento river,11390500,USGS,knights landing,flow,min,8170
13,2005,sacramento river,11390500,USGS,knights landing,flow,max,26700
13,2005,sacramento river,11390500,USGS,knights landing,flow,mean,18819.49404761905
13,2005,sacramento river,11390500,USGS,knights landing,flow,min,14500
14,2005,sacramento river,11390500,USGS,knights landing,flow,max,14600
14,2005,sacramento river,11390500,USGS,knights landing,flow,mean,12620.089285714286
14,2005,sacramento river,11390500,USGS,knights landing,flow,min,11500
15,2005,sacramento river,11390500,USGS,knights landing,flow,max,14900
15,2005,sacramento river,11390500,USGS,knights landing,flow,mean,12935.565476190477
15,2005,sacramento river,11390500,USGS,knights landing,flow,min,11200
16,2005,sacramento river,11390500,USGS,knights landing,flow,max,11300
16,2005,sacramento river,11390500,USGS,knights landing,flow,mean,9358.199404761905
16,2005,sacramento river,11390500,USGS,knights landing,flow,min,7090
17,2005,sacramento river,11390500,USGS,knights landing,flow,max,7090
17,2005,sacramento river,11390500,USGS,knights landing,flow,mean,6342.247023809524
17,2005,sacramento river,11390500,USGS,knights landing,flow,min,5840
18,2005,sacramento river,11390500,USGS,knights landing,flow,max,6240
18,2005,sacramento river,11390500,USGS,knights landing,flow,mean,5536.741071428572
18,2005,sacramento river,11390500,USGS,knights landing,flow,min,5140
19,2005,sacramento river,11390500,USGS,knights landing,flow,max,26900
19,2005,sacramento river,11390500,USGS,knights landing,flow,mean,17588.125
19,2005,sacramento river,11390500,USGS,knights landing,flow,min,6270
20,2005,sacramento river,11390500,USGS,knights landing,flow,max,30300
20,2005,sacramento river,11390500,USGS,knights landing,flow,mean,25438.839285714286
20,2005,sacramento river,11390500,USGS,knights landing,flow,min,21700
21,2005,sacramento river,11390500,USGS,knights landing,flow,max,30600
21,2005,sacramento river,11390500,USGS,knights landing,flow,mean,26030.059523809523
21,2005,sacramento river,11390500,USGS,knights landing,flow,min,19100
22,2005,sacramento river,11390500,USGS,knights landing,flow,max,19100
22,2005,sacramento river,11390500,USGS,knights landing,flow,mean,16015.327380952382
22,2005,sacramento river,11390500,USGS,knights landing,flow,min,13500
23,2005,sacramento river,11390500,USGS,knights landing,flow,max,13500
23,2005,sacramento river,11390500,USGS,knights landing,flow,mean,11436.458333333332
23,2005,sacramento river,11390500,USGS,knights landing,flow,min,10200
24,2005,sacramento river,11390500,USGS,knights landing,flow,max,11800
24,2005,sacramento river,11390500,USGS,knights landing,flow,mean,11158.779761904761
24,2005,sacramento river,11390500,USGS,knights landing,flow,min,10000
25,2005,sacramento river,11390500,USGS,knights landing,flow,max,10200
25,2005,sacramento river,11390500,USGS,knights landing,flow,mean,9908.348214285714
25,2005,sacramento river,11390500,USGS,knights landing,flow,min,9380
26,2005,sacramento river,11390500,USGS,knights landing,flow,max,10100
26,2005,sacramento river,11390500,USGS,knights landing,flow,mean,9847.247023809525
26,2005,sacramento river,11390500,USGS,knights landing,flow,min,9390
27,2005,sacramento river,11390500,USGS,knights landing,flow,max,10100
27,2005,sacramento river,11390500,USGS,knights landing,flow,mean,9672.801380167451
27,2005,sacramento river,11390500,USGS,knights landing,flow,min,9140
28,2005,sacramento river,11390500,USGS,knights landing,flow,max,10200
28,2005,sacramento river,11390500,USGS,knights landing,flow,mean,9507.115605278255
28,2005,sacramento river,11390500,USGS,knights landing,flow,min,9070
29,2005,sacramento river,11390500,USGS,knights landing,flow,max,10200
29,2005,sacramento river,11390500,USGS,knights landing,flow,mean,9907.232142857143
29,2005,sacramento river,11390500,USGS,knights landing,flow,min,9740
30,2005,sacramento river,11390500,USGS,knights landing,flow,max,10100
30,2005,sacramento river,11390500,USGS,knights landing,flow,mean,9329.776785714286
30,2005,sacramento river,11390500,USGS,knights landing,flow,min,8470
31,2005,sacramento river,11390500,USGS,knights landing,flow,max,8470
31,2005,sacramento river,11390500,USGS,knights landing,flow,mean,7979.479166666665
31,2005,sacramento river,11390500,USGS,knights landing,flow,min,7740
32,2005,sacramento river,11390500,USGS,knights landing,flow,max,7950
32,2005,sacramento river,11390500,USGS,knights landing,flow,mean,7151.88988095238
32,2005,sacramento river,11390500,USGS,knights landing,flow,min,5850
33,2005,sacramento river,11390500,USGS,knights landing,flow,max,6080
33,2005,sacramento river,11390500,USGS,knights landing,flow,mean,5808.630952380953
33,2005,sacramento river,11390500,USGS,knights landing,flow,min,5560
34,2005,sacramento river,11390500,USGS,knights landing,flow,max,6750
34,2005,sacramento river,11390500,USGS,knights landing,flow,mean,6405
34,2005,sacramento river,11390500,USGS,knights landing,flow,min,6090
35,2005,sacramento river,11390500,USGS,knights landing,flow,max,7210
35,2005,sacramento river,11390500,USGS,knights landing,flow,mean,6770.104166666666
35,2005,sacramento river,11390500,USGS,knights landing,flow,min,6500
36,2005,sacramento river,11390500,USGS,knights landing,flow,max,7420
36,2005,sacramento river,11390500,USGS,knights landing,flow,mean,7184.031954887217
36,2005,sacramento river,11390500,USGS,knights landing,flow,min,6980
37,2005,sacramento river,11390500,USGS,knights landing,flow,max,8270
37,2005,sacramento river,11390500,USGS,knights landing,flow,mean,7499.001949917898
37,2005,sacramento river,11390500,USGS,knights landing,flow,min,7070
38,2005,sacramento river,11390500,USGS,knights landing,flow,max,8480
38,2005,sacramento river,11390500,USGS,knights landing,flow,mean,7827.098214285716
38,2005,sacramento river,11390500,USGS,knights landing,flow,min,7290
39,2005,sacramento river,11390500,USGS,knights landing,flow,max,8270
39,2005,sacramento river,11390500,USGS,knights landing,flow,mean,7979.360119047619
39,2005,sacramento river,11390500,USGS,knights landing,flow,min,7350
40,2005,sacramento river,11390500,USGS,knights landing,flow,max,8190
40,2005,sacramento river,11390500,USGS,knights landing,flow,mean,7824.122023809525
40,2005,sacramento river,11390500,USGS,knights landing,flow,min,7490
41,2005,sacramento river,11390500,USGS,knights landing,flow,max,8180
41,2005,sacramento river,11390500,USGS,knights landing,flow,mean,7697.7380952380945
41,2005,sacramento river,11390500,USGS,knights landing,flow,min,7280
42,2005,sacramento river,11390500,USGS,knights landing,flow,max,7850
42,2005,sacramento river,11390500,USGS,knights landing,flow,mean,6752.291666666667
42,2005,sacramento river,11390500,USGS,knights landing,flow,min,5650
43,2005,sacramento river,11390500,USGS,knights landing,flow,max,5700
43,2005,sacramento river,11390500,USGS,knights landing,flow,mean,5555.849480749746
43,2005,sacramento river,11390500,USGS,knights landing,flow,min,5340
44,2005,sacramento river,11390500,USGS,knights landing,flow,max,6010
44,2005,sacramento river,11390500,USGS,knights landing,flow,mean,5762.7380952380945
44,2005,sacramento river,11390500,USGS,knights landing,flow,min,5500
45,2005,sacramento river,11390500,USGS,knights landing,flow,max,9870
45,2005,sacramento river,11390500,USGS,knights landing,flow,mean,6532.619047619048
45,2005,sacramento river,11390500,USGS,knights landing,flow,min,5200
46,2005,sacramento river,11390500,USGS,knights landing,flow,max,6870
46,2005,sacramento river,11390500,USGS,knights landing,flow,mean,5641.965277777778
46,2005,sacramento river,11390500,USGS,knights landing,flow,min,5330
48,2005,sacramento river,11390500,USGS,knights landing,flow,max,9860
48,2005,sacramento river,11390500,USGS,knights landing,flow,mean,7885.002670940171
48,2005,sacramento river,11390500,USGS,knights landing,flow,min,6420
49,2005,sacramento river,11390500,USGS,knights landing,flow,max,20800
49,2005,sacramento river,11390500,USGS,knights landing,flow,mean,11376.05654761905
49,2005,sacramento river,11390500,USGS,knights landing,flow,min,6890
50,2005,sacramento river,11390500,USGS,knights landing,flow,max,6900
50,2005,sacramento river,11390500,USGS,knights landing,flow,mean,6611.532738095238
50,2005,sacramento river,11390500,USGS,knights landing,flow,min,6250
51,2005,sacramento river,11390500,USGS,knights landing,flow,max,26800
51,2005,sacramento river,11390500,USGS,knights landing,flow,mean,15171.919642857143
51,2005,sacramento river,11390500,USGS,knights landing,flow,min,6190
52,2005,sacramento river,11390500,USGS,knights landing,flow,max,30900
52,2005,sacramento river,11390500,USGS,knights landing,flow,mean,26926.339285714286
52,2005,sacramento river,11390500,USGS,knights landing,flow,min,23100
53,2005,sacramento river,11390500,USGS,knights landing,flow,max,30800
53,2005,sacramento river,11390500,USGS,knights landing,flow,mean,30800
53,2005,sacramento river,11390500,USGS,knights landing,flow,min,30800
1,2006,sacramento river,11390500,USGS,knights landing,flow,max,31800
1,2006,sacramento river,11390500,USGS,knights landing,flow,mean,31013.839285714286
1,2006,sacramento river,11390500,USGS,knights landing,flow,min,29800
2,2006,sacramento river,11390500,USGS,knights landing,flow,max,29900
2,2006,sacramento river,11390500,USGS,knights landing,flow,mean,29060.416666666664
2,2006,sacramento river,11390500,USGS,knights landing,flow,min,28500
3,2006,sacramento river,11390500,USGS,knights landing,flow,max,29300
3,2006,sacramento river,11390500,USGS,knights landing,flow,mean,27753.125
3,2006,sacramento river,11390500,USGS,knights landing,flow,min,25600
4,2006,sacramento river,11390500,USGS,knights landing,flow,max,25700
4,2006,sacramento river,11390500,USGS,knights landing,flow,mean,21433.184523809523
4,2006,sacramento river,11390500,USGS,knights landing,flow,min,18000
5,2006,sacramento river,11390500,USGS,knights landing,flow,max,27100
5,2006,sacramento river,11390500,USGS,knights landing,flow,mean,23416.815476190473
5,2006,sacramento river,11390500,USGS,knights landing,flow,min,18100
6,2006,sacramento river,11390500,USGS,knights landing,flow,max,27500
6,2006,sacramento river,11390500,USGS,knights landing,flow,mean,26651.190476190473
6,2006,sacramento river,11390500,USGS,knights landing,flow,min,24600
7,2006,sacramento river,11390500,USGS,knights landing,flow,max,24700
7,2006,sacramento river,11390500,USGS,knights landing,flow,mean,20536.189276382447
7,2006,sacramento river,11390500,USGS,knights landing,flow,min,15000
8,2006,sacramento river,11390500,USGS,knights landing,flow,max,15100
8,2006,sacramento river,11390500,USGS,knights landing,flow,mean,13327.232142857143
8,2006,sacramento river,11390500,USGS,knights landing,flow,min,12000
9,2006,sacramento river,11390500,USGS,knights landing,flow,max,28400
9,2006,sacramento river,11390500,USGS,knights landing,flow,mean,20905.65476190476
9,2006,sacramento river,11390500,USGS,knights landing,flow,min,11800
10,2006,sacramento river,11390500,USGS,knights landing,flow,max,30400
10,2006,sacramento river,11390500,USGS,knights landing,flow,mean,28880.208333333336
10,2006,sacramento river,11390500,USGS,knights landing,flow,min,26800
11,2006,sacramento river,11390500,USGS,knights landing,flow,max,28400
11,2006,sacramento river,11390500,USGS,knights landing,flow,mean,28099.107142857138
11,2006,sacramento river,11390500,USGS,knights landing,flow,min,27700
12,2006,sacramento river,11390500,USGS,knights landing,flow,max,28300
12,2006,sacramento river,11390500,USGS,knights landing,flow,mean,27515.029761904763
12,2006,sacramento river,11390500,USGS,knights landing,flow,min,26900
13,2006,sacramento river,11390500,USGS,knights landing,flow,max,28400
13,2006,sacramento river,11390500,USGS,knights landing,flow,mean,27666.647669706177
13,2006,sacramento river,11390500,USGS,knights landing,flow,min,26900
14,2006,sacramento river,11390500,USGS,knights landing,flow,max,29700
14,2006,sacramento river,11390500,USGS,knights landing,flow,mean,28681.84523809524
14,2006,sacramento river,11390500,USGS,knights landing,flow,min,27100
15,2006,sacramento river,11390500,USGS,knights landing,flow,max,30000
15,2006,sacramento river,11390500,USGS,knights landing,flow,mean,28957.29166666666
15,2006,sacramento river,11390500,USGS,knights landing,flow,min,28200
16,2006,sacramento river,11390500,USGS,knights landing,flow,max,29800
16,2006,sacramento river,11390500,USGS,knights landing,flow,mean,28613.9880952381
16,2006,sacramento river,11390500,USGS,knights landing,flow,min,27200
17,2006,sacramento river,11390500,USGS,knights landing,flow,max,27300
17,2006,sacramento river,11390500,USGS,knights landing,flow,mean,26601.6369047619
17,2006,sacramento river,11390500,USGS,knights landing,flow,min,26200
18,2006,sacramento river,11390500,USGS,knights landing,flow,max,26400
18,2006,sacramento river,11390500,USGS,knights landing,flow,mean,23752.44616104869
18,2006,sacramento river,11390500,USGS,knights landing,flow,min,19400
19,2006,sacramento river,11390500,USGS,knights landing,flow,max,20700
19,2006,sacramento river,11390500,USGS,knights landing,flow,mean,19206.845238095237
19,2006,sacramento river,11390500,USGS,knights landing,flow,min,17200
20,2006,sacramento river,11390500,USGS,knights landing,flow,max,18500
20,2006,sacramento river,11390500,USGS,knights landing,flow,mean,16175.892857142857
20,2006,sacramento river,11390500,USGS,knights landing,flow,min,15000
21,2006,sacramento river,11390500,USGS,knights landing,flow,max,18800
21,2006,sacramento river,11390500,USGS,knights landing,flow,mean,17455.505952380954
21,2006,sacramento river,11390500,USGS,knights landing,flow,min,16200
22,2006,sacramento river,11390500,USGS,knights landing,flow,max,16200
22,2006,sacramento river,11390500,USGS,knights landing,flow,mean,14601.636904761905
22,2006,sacramento river,11390500,USGS,knights landing,flow,min,13800
23,2006,sacramento river,11390500,USGS,knights landing,flow,max,14300
23,2006,sacramento river,11390500,USGS,knights landing,flow,mean,13756.25
23,2006,sacramento river,11390500,USGS,knights landing,flow,min,12800
24,2006,sacramento river,11390500,USGS,knights landing,flow,max,13200
24,2006,sacramento river,11390500,USGS,knights landing,flow,mean,12972.172619047618
24,2006,sacramento river,11390500,USGS,knights landing,flow,min,12600
25,2006,sacramento river,11390500,USGS,knights landing,flow,max,12800
25,2006,sacramento river,11390500,USGS,knights landing,flow,mean,12080.357142857141
25,2006,sacramento river,11390500,USGS,knights landing,flow,min,11700
26,2006,sacramento river,11390500,USGS,knights landing,flow,max,10200
26,2006,sacramento river,11390500,USGS,knights landing,flow,mean,9726.934232026142
26,2006,sacramento river,11390500,USGS,knights landing,flow,min,9530
27,2006,sacramento river,11390500,USGS,knights landing,flow,max,9740
27,2006,sacramento river,11390500,USGS,knights landing,flow,mean,9437.67857142857
27,2006,sacramento river,11390500,USGS,knights landing,flow,min,9020
28,2006,sacramento river,11390500,USGS,knights landing,flow,max,9340
28,2006,sacramento river,11390500,USGS,knights landing,flow,mean,9075.074404761906
28,2006,sacramento river,11390500,USGS,knights landing,flow,min,8910
29,2006,sacramento river,11390500,USGS,knights landing,flow,max,10200
29,2006,sacramento river,11390500,USGS,knights landing,flow,mean,9819.479166666668
29,2006,sacramento river,11390500,USGS,knights landing,flow,min,9190
30,2006,sacramento river,11390500,USGS,knights landing,flow,max,10500
30,2006,sacramento river,11390500,USGS,knights landing,flow,mean,10318.005952380952
30,2006,sacramento river,11390500,USGS,knights landing,flow,min,10100
31,2006,sacramento river,11390500,USGS,knights landing,flow,max,10300
31,2006,sacramento river,11390500,USGS,knights landing,flow,mean,10077.157738095237
31,2006,sacramento river,11390500,USGS,knights landing,flow,min,9700
32,2006,sacramento river,11390500,USGS,knights landing,flow,max,10000
32,2006,sacramento river,11390500,USGS,knights landing,flow,mean,9880.223214285716
32,2006,sacramento river,11390500,USGS,knights landing,flow,min,9740
33,2006,sacramento river,11390500,USGS,knights landing,flow,max,9840
33,2006,sacramento river,11390500,USGS,knights landing,flow,mean,9406.011904761906
33,2006,sacramento river,11390500,USGS,knights landing,flow,min,9030
34,2006,sacramento river,11390500,USGS,knights landing,flow,max,9720
34,2006,sacramento river,11390500,USGS,knights landing,flow,mean,9417.202380952382
34,2006,sacramento river,11390500,USGS,knights landing,flow,min,8880
35,2006,sacramento river,11390500,USGS,knights landing,flow,max,8850
35,2006,sacramento river,11390500,USGS,knights landing,flow,mean,8482.5
35,2006,sacramento river,11390500,USGS,knights landing,flow,min,8230
36,2006,sacramento river,11390500,USGS,knights landing,flow,max,9050
36,2006,sacramento river,11390500,USGS,knights landing,flow,mean,8828.770797475616
36,2006,sacramento river,11390500,USGS,knights landing,flow,min,8520
37,2006,sacramento river,11390500,USGS,knights landing,flow,max,9620
37,2006,sacramento river,11390500,USGS,knights landing,flow,mean,9150.910618279571
37,2006,sacramento river,11390500,USGS,knights landing,flow,min,8570
38,2006,sacramento river,11390500,USGS,knights landing,flow,max,10000
38,2006,sacramento river,11390500,USGS,knights landing,flow,mean,9370.223214285714
38,2006,sacramento river,11390500,USGS,knights landing,flow,min,8850
39,2006,sacramento river,11390500,USGS,knights landing,flow,max,8960
39,2006,sacramento river,11390500,USGS,knights landing,flow,mean,8532.017700501254
39,2006,sacramento river,11390500,USGS,knights landing,flow,min,7930
40,2006,sacramento river,11390500,USGS,knights landing,flow,max,8040
40,2006,sacramento river,11390500,USGS,knights landing,flow,mean,7885.940319548871
40,2006,sacramento river,11390500,USGS,knights landing,flow,min,7720
41,2006,sacramento river,11390500,USGS,knights landing,flow,max,7780
41,2006,sacramento river,11390500,USGS,knights landing,flow,mean,7163.4672619047615
41,2006,sacramento river,11390500,USGS,knights landing,flow,min,6330
42,2006,sacramento river,11390500,USGS,knights landing,flow,max,6430
42,2006,sacramento river,11390500,USGS,knights landing,flow,mean,6093.669871794872
42,2006,sacramento river,11390500,USGS,knights landing,flow,min,5750
43,2006,sacramento river,11390500,USGS,knights landing,flow,max,5770
43,2006,sacramento river,11390500,USGS,knights landing,flow,mean,5496.041666666666
43,2006,sacramento river,11390500,USGS,knights landing,flow,min,5190
44,2006,sacramento river,11390500,USGS,knights landing,flow,max,5310
44,2006,sacramento river,11390500,USGS,knights landing,flow,mean,5103.086689463019
44,2006,sacramento river,11390500,USGS,knights landing,flow,min,4870
45,2006,sacramento river,11390500,USGS,knights landing,flow,max,5490
45,2006,sacramento river,11390500,USGS,knights landing,flow,mean,5174.322916666667
45,2006,sacramento river,11390500,USGS,knights landing,flow,min,5060
46,2006,sacramento river,11390500,USGS,knights landing,flow,max,6770
46,2006,sacramento river,11390500,USGS,knights landing,flow,mean,6127.068452380952
46,2006,sacramento river,11390500,USGS,knights landing,flow,min,5330
47,2006,sacramento river,11390500,USGS,knights landing,flow,max,6410
47,2006,sacramento river,11390500,USGS,knights landing,flow,mean,6131.904761904762
47,2006,sacramento river,11390500,USGS,knights landing,flow,min,5930
48,2006,sacramento river,11390500,USGS,knights landing,flow,max,7440
48,2006,sacramento river,11390500,USGS,knights landing,flow,mean,6624.479166666666
48,2006,sacramento river,11390500,USGS,knights landing,flow,min,6170
49,2006,sacramento river,11390500,USGS,knights landing,flow,max,6510
49,2006,sacramento river,11390500,USGS,knights landing,flow,mean,6304.002976190476
49,2006,sacramento river,11390500,USGS,knights landing,flow,min,6220
50,2006,sacramento river,11390500,USGS,knights landing,flow,max,18400
50,2006,sacramento river,11390500,USGS,knights landing,flow,mean,10968.63095238095
50,2006,sacramento river,11390500,USGS,knights landing,flow,min,6410
51,2006,sacramento river,11390500,USGS,knights landing,flow,max,15500
51,2006,sacramento river,11390500,USGS,knights landing,flow,mean,10550.252976190475
51,2006,sacramento river,11390500,USGS,knights landing,flow,min,8750
52,2006,sacramento river,11390500,USGS,knights landing,flow,max,21400
52,2006,sacramento river,11390500,USGS,knights landing,flow,mean,12283.050595238095
52,2006,sacramento river,11390500,USGS,knights landing,flow,min,8520
53,2006,sacramento river,11390500,USGS,knights landing,flow,max,13100
53,2006,sacramento river,11390500,USGS,knights landing,flow,mean,12027.083333333334
53,2006,sacramento river,11390500,USGS,knights landing,flow,min,11200
1,2007,sacramento river,11390500,USGS,knights landing,flow,max,11200
1,2007,sacramento river,11390500,USGS,knights landing,flow,mean,9781.711309523811
1,2007,sacramento river,11390500,USGS,knights landing,flow,min,8880
2,2007,sacramento river,11390500,USGS,knights landing,flow,max,9690
2,2007,sacramento river,11390500,USGS,knights landing,flow,mean,8639.508432539682
2,2007,sacramento river,11390500,USGS,knights landing,flow,min,8020
3,2007,sacramento river,11390500,USGS,knights landing,flow,max,7540
3,2007,sacramento river,11390500,USGS,knights landing,flow,mean,7175.965277777777
3,2007,sacramento river,11390500,USGS,knights landing,flow,min,6610
4,2007,sacramento river,11390500,USGS,knights landing,flow,max,6620
4,2007,sacramento river,11390500,USGS,knights landing,flow,mean,6419.317807007344
4,2007,sacramento river,11390500,USGS,knights landing,flow,min,6090
5,2007,sacramento river,11390500,USGS,knights landing,flow,max,7060
5,2007,sacramento river,11390500,USGS,knights landing,flow,mean,6804.618473895583
5,2007,sacramento river,11390500,USGS,knights landing,flow,min,6440
6,2007,sacramento river,11390500,USGS,knights landing,flow,max,25000
6,2007,sacramento river,11390500,USGS,knights landing,flow,mean,9138.61607142857
6,2007,sacramento river,11390500,USGS,knights landing,flow,min,6870
7,2007,sacramento river,11390500,USGS,knights landing,flow,max,26400
7,2007,sacramento river,11390500,USGS,knights landing,flow,mean,17940.92261904762
7,2007,sacramento river,11390500,USGS,knights landing,flow,min,12000
8,2007,sacramento river,11390500,USGS,knights landing,flow,max,15000
8,2007,sacramento river,11390500,USGS,knights landing,flow,mean,11741.369047619048
8,2007,sacramento river,11390500,USGS,knights landing,flow,min,10100
9,2007,sacramento river,11390500,USGS,knights landing,flow,max,15300
9,2007,sacramento river,11390500,USGS,knights landing,flow,mean,13431.696428571431
9,2007,sacramento river,11390500,USGS,knights landing,flow,min,11300
10,2007,sacramento river,11390500,USGS,knights landing,flow,max,11300
10,2007,sacramento river,11390500,USGS,knights landing,flow,mean,10207.083333333332
10,2007,sacramento river,11390500,USGS,knights landing,flow,min,9360
11,2007,sacramento river,11390500,USGS,knights landing,flow,max,9370
11,2007,sacramento river,11390500,USGS,knights landing,flow,mean,8976.130952380952
11,2007,sacramento river,11390500,USGS,knights landing,flow,min,8450
12,2007,sacramento river,11390500,USGS,knights landing,flow,max,8490
12,2007,sacramento river,11390500,USGS,knights landing,flow,mean,7893.943452380953
12,2007,sacramento river,11390500,USGS,knights landing,flow,min,7070
13,2007,sacramento river,11390500,USGS,knights landing,flow,max,8260
13,2007,sacramento river,11390500,USGS,knights landing,flow,mean,7678.407738095237
13,2007,sacramento river,11390500,USGS,knights landing,flow,min,6990
14,2007,sacramento river,11390500,USGS,knights landing,flow,max,7980
14,2007,sacramento river,11390500,USGS,knights landing,flow,mean,7701.301020408164
14,2007,sacramento river,11390500,USGS,knights landing,flow,min,7500
15,2007,sacramento river,11390500,USGS,knights landing,flow,max,7970
15,2007,sacramento river,11390500,USGS,knights landing,flow,mean,7923.876050420168
15,2007,sacramento river,11390500,USGS,knights landing,flow,min,7890
16,2007,sacramento river,11390500,USGS,knights landing,flow,max,7490
16,2007,sacramento river,11390500,USGS,knights landing,flow,mean,6758.377684407096
16,2007,sacramento river,11390500,USGS,knights landing,flow,min,5920
17,2007,sacramento river,11390500,USGS,knights landing,flow,max,8000
17,2007,sacramento river,11390500,USGS,knights landing,flow,mean,6260.491071428572
17,2007,sacramento river,11390500,USGS,knights landing,flow,min,4090
18,2007,sacramento river,11390500,USGS,knights landing,flow,max,6940
18,2007,sacramento river,11390500,USGS,knights landing,flow,mean,5454.836309523809
18,2007,sacramento river,11390500,USGS,knights landing,flow,min,3750
19,2007,sacramento river,11390500,USGS,knights landing,flow,max,6120
19,2007,sacramento river,11390500,USGS,knights landing,flow,mean,5431.696428571428
19,2007,sacramento river,11390500,USGS,knights landing,flow,min,4630
20,2007,sacramento river,11390500,USGS,knights landing,flow,max,6180
20,2007,sacramento river,11390500,USGS,knights landing,flow,mean,5587.708333333333
20,2007,sacramento river,11390500,USGS,knights landing,flow,min,5080
21,2007,sacramento river,11390500,USGS,knights landing,flow,max,5830
21,2007,sacramento river,11390500,USGS,knights landing,flow,mean,5306.923589993281
21,2007,sacramento river,11390500,USGS,knights landing,flow,min,4450
22,2007,sacramento river,11390500,USGS,knights landing,flow,max,6350
22,2007,sacramento river,11390500,USGS,knights landing,flow,mean,5562.2172619047615
22,2007,sacramento river,11390500,USGS,knights landing,flow,min,4410
23,2007,sacramento river,11390500,USGS,knights landing,flow,max,6950
23,2007,sacramento river,11390500,USGS,knights landing,flow,mean,6684.255952380952
23,2007,sacramento river,11390500,USGS,knights landing,flow,min,6330
24,2007,sacramento river,11390500,USGS,knights landing,flow,max,6910
24,2007,sacramento river,11390500,USGS,knights landing,flow,mean,6212.678571428572
24,2007,sacramento river,11390500,USGS,knights landing,flow,min,5650
25,2007,sacramento river,11390500,USGS,knights landing,flow,max,6940
25,2007,sacramento river,11390500,USGS,knights landing,flow,mean,6478.0505952380945
25,2007,sacramento river,11390500,USGS,knights landing,flow,min,6000
26,2007,sacramento river,11390500,USGS,knights landing,flow,max,8340
26,2007,sacramento river,11390500,USGS,knights landing,flow,mean,7335.208333333333
26,2007,sacramento river,11390500,USGS,knights landing,flow,min,6930
27,2007,sacramento river,11390500,USGS,knights landing,flow,max,8840
27,2007,sacramento river,11390500,USGS,knights landing,flow,mean,8640.059523809525
27,2007,sacramento river,11390500,USGS,knights landing,flow,min,8330
28,2007,sacramento river,11390500,USGS,knights landing,flow,max,9410
28,2007,sacramento river,11390500,USGS,knights landing,flow,mean,9065.892857142857
28,2007,sacramento river,11390500,USGS,knights landing,flow,min,8450
29,2007,sacramento river,11390500,USGS,knights landing,flow,max,10400
29,2007,sacramento river,11390500,USGS,knights landing,flow,mean,9822.827380952382
29,2007,sacramento river,11390500,USGS,knights landing,flow,min,9400
30,2007,sacramento river,11390500,USGS,knights landing,flow,max,10000
30,2007,sacramento river,11390500,USGS,knights landing,flow,mean,9786.607142857143
30,2007,sacramento river,11390500,USGS,knights landing,flow,min,9030
31,2007,sacramento river,11390500,USGS,knights landing,flow,max,9040
31,2007,sacramento river,11390500,USGS,knights landing,flow,mean,8287.336309523811
31,2007,sacramento river,11390500,USGS,knights landing,flow,min,7990
32,2007,sacramento river,11390500,USGS,knights landing,flow,max,8770
32,2007,sacramento river,11390500,USGS,knights landing,flow,mean,8390.193452380952
32,2007,sacramento river,11390500,USGS,knights landing,flow,min,7910
33,2007,sacramento river,11390500,USGS,knights landing,flow,max,8920
33,2007,sacramento river,11390500,USGS,knights landing,flow,mean,8025.04656298003
33,2007,sacramento river,11390500,USGS,knights landing,flow,min,7030
34,2007,sacramento river,11390500,USGS,knights landing,flow,max,7060
34,2007,sacramento river,11390500,USGS,knights landing,flow,mean,6790.267857142857
34,2007,sacramento river,11390500,USGS,knights landing,flow,min,6420
35,2007,sacramento river,11390500,USGS,knights landing,flow,max,7200
35,2007,sacramento river,11390500,USGS,knights landing,flow,mean,6677.053571428572
35,2007,sacramento river,11390500,USGS,knights landing,flow,min,6340
36,2007,sacramento river,11390500,USGS,knights landing,flow,max,7720
36,2007,sacramento river,11390500,USGS,knights landing,flow,mean,7514.107142857143
36,2007,sacramento river,11390500,USGS,knights landing,flow,min,7140
37,2007,sacramento river,11390500,USGS,knights landing,flow,max,8160
37,2007,sacramento river,11390500,USGS,knights landing,flow,mean,7635.848214285715
37,2007,sacramento river,11390500,USGS,knights landing,flow,min,7290
38,2007,sacramento river,11390500,USGS,knights landing,flow,max,7850
38,2007,sacramento river,11390500,USGS,knights landing,flow,mean,7500.491071428572
38,2007,sacramento river,11390500,USGS,knights landing,flow,min,7280
39,2007,sacramento river,11390500,USGS,knights landing,flow,max,7990
39,2007,sacramento river,11390500,USGS,knights landing,flow,mean,7646.9047619047615
39,2007,sacramento river,11390500,USGS,knights landing,flow,min,7240
40,2007,sacramento river,11390500,USGS,knights landing,flow,max,7270
40,2007,sacramento river,11390500,USGS,knights landing,flow,mean,6993.8244047619055
40,2007,sacramento river,11390500,USGS,knights landing,flow,min,6390
41,2007,sacramento river,11390500,USGS,knights landing,flow,max,6390
41,2007,sacramento river,11390500,USGS,knights landing,flow,mean,6082.1130952380945
41,2007,sacramento river,11390500,USGS,knights landing,flow,min,5860
42,2007,sacramento river,11390500,USGS,knights landing,flow,max,6480
42,2007,sacramento river,11390500,USGS,knights landing,flow,mean,5929.568452380952
42,2007,sacramento river,11390500,USGS,knights landing,flow,min,5550
43,2007,sacramento river,11390500,USGS,knights landing,flow,max,6580
43,2007,sacramento river,11390500,USGS,knights landing,flow,mean,5684.598214285716
43,2007,sacramento river,11390500,USGS,knights landing,flow,min,5270
44,2007,sacramento river,11390500,USGS,knights landing,flow,max,5350
44,2007,sacramento river,11390500,USGS,knights landing,flow,mean,4977.142857142857
44,2007,sacramento river,11390500,USGS,knights landing,flow,min,4390
45,2007,sacramento river,11390500,USGS,knights landing,flow,max,4840
45,2007,sacramento river,11390500,USGS,knights landing,flow,mean,4488.616071428572
45,2007,sacramento river,11390500,USGS,knights landing,flow,min,4280
46,2007,sacramento river,11390500,USGS,knights landing,flow,max,5480
46,2007,sacramento river,11390500,USGS,knights landing,flow,mean,5198.680555555556
46,2007,sacramento river,11390500,USGS,knights landing,flow,min,4820
47,2007,sacramento river,11390500,USGS,knights landing,flow,max,5890
47,2007,sacramento river,11390500,USGS,knights landing,flow,mean,5767.083333333333
47,2007,sacramento river,11390500,USGS,knights landing,flow,min,5610
48,2007,sacramento river,11390500,USGS,knights landing,flow,max,5740
48,2007,sacramento river,11390500,USGS,knights landing,flow,mean,5542.857142857144
48,2007,sacramento river,11390500,USGS,knights landing,flow,min,5370
49,2007,sacramento river,11390500,USGS,knights landing,flow,max,7940
49,2007,sacramento river,11390500,USGS,knights landing,flow,mean,6373.392857142857
49,2007,sacramento river,11390500,USGS,knights landing,flow,min,5480
50,2007,sacramento river,11390500,USGS,knights landing,flow,max,7640
50,2007,sacramento river,11390500,USGS,knights landing,flow,mean,5998.392857142857
50,2007,sacramento river,11390500,USGS,knights landing,flow,min,5340
51,2007,sacramento river,11390500,USGS,knights landing,flow,max,10900
51,2007,sacramento river,11390500,USGS,knights landing,flow,mean,7483.943452380953
51,2007,sacramento river,11390500,USGS,knights landing,flow,min,5360
52,2007,sacramento river,11390500,USGS,knights landing,flow,max,8360
52,2007,sacramento river,11390500,USGS,knights landing,flow,mean,6828.229166666667
52,2007,sacramento river,11390500,USGS,knights landing,flow,min,6180
53,2007,sacramento river,11390500,USGS,knights landing,flow,max,6490
53,2007,sacramento river,11390500,USGS,knights landing,flow,mean,6391.25
53,2007,sacramento river,11390500,USGS,knights landing,flow,min,6280
1,2008,sacramento river,11390500,USGS,knights landing,flow,max,24700
1,2008,sacramento river,11390500,USGS,knights landing,flow,mean,11422.782738095237
1,2008,sacramento river,11390500,USGS,knights landing,flow,min,6340
2,2008,sacramento river,11390500,USGS,knights landing,flow,max,18200
2,2008,sacramento river,11390500,USGS,knights landing,flow,mean,14611.160714285714
2,2008,sacramento river,11390500,USGS,knights landing,flow,min,11800
3,2008,sacramento river,11390500,USGS,knights landing,flow,max,11800
3,2008,sacramento river,11390500,USGS,knights landing,flow,mean,8881.830357142857
3,2008,sacramento river,11390500,USGS,knights landing,flow,min,7050
4,2008,sacramento river,11390500,USGS,knights landing,flow,max,26600
4,2008,sacramento river,11390500,USGS,knights landing,flow,mean,12634.925595238094
4,2008,sacramento river,11390500,USGS,knights landing,flow,min,6970
5,2008,sacramento river,11390500,USGS,knights landing,flow,max,25400
5,2008,sacramento river,11390500,USGS,knights landing,flow,mean,22585.714285714286
5,2008,sacramento river,11390500,USGS,knights landing,flow,min,19200
6,2008,sacramento river,11390500,USGS,knights landing,flow,max,25300
6,2008,sacramento river,11390500,USGS,knights landing,flow,mean,16332.589285714286
6,2008,sacramento river,11390500,USGS,knights landing,flow,min,11700
7,2008,sacramento river,11390500,USGS,knights landing,flow,max,11700
7,2008,sacramento river,11390500,USGS,knights landing,flow,mean,10896.68154761905
7,2008,sacramento river,11390500,USGS,knights landing,flow,min,9780
8,2008,sacramento river,11390500,USGS,knights landing,flow,max,24900
8,2008,sacramento river,11390500,USGS,knights landing,flow,mean,12249.196428571426
8,2008,sacramento river,11390500,USGS,knights landing,flow,min,9420
9,2008,sacramento river,11390500,USGS,knights landing,flow,max,25700
9,2008,sacramento river,11390500,USGS,knights landing,flow,mean,18398.363095238095
9,2008,sacramento river,11390500,USGS,knights landing,flow,min,12500
10,2008,sacramento river,11390500,USGS,knights landing,flow,max,12500
10,2008,sacramento river,11390500,USGS,knights landing,flow,mean,10439.032738095237
10,2008,sacramento river,11390500,USGS,knights landing,flow,min,8970
11,2008,sacramento river,11390500,USGS,knights landing,flow,max,8990
11,2008,sacramento river,11390500,USGS,knights landing,flow,mean,8711.815476190477
11,2008,sacramento river,11390500,USGS,knights landing,flow,min,8340
12,2008,sacramento river,11390500,USGS,knights landing,flow,max,8350
12,2008,sacramento river,11390500,USGS,knights landing,flow,mean,7475.044642857144
12,2008,sacramento river,11390500,USGS,knights landing,flow,min,6950
13,2008,sacramento river,11390500,USGS,knights landing,flow,max,6980
13,2008,sacramento river,11390500,USGS,knights landing,flow,mean,6347.15376984127
13,2008,sacramento river,11390500,USGS,knights landing,flow,min,5930
14,2008,sacramento river,11390500,USGS,knights landing,flow,max,6490
14,2008,sacramento river,11390500,USGS,knights landing,flow,mean,5936.547619047618
14,2008,sacramento river,11390500,USGS,knights landing,flow,min,5530
15,2008,sacramento river,11390500,USGS,knights landing,flow,max,7850
15,2008,sacramento river,11390500,USGS,knights landing,flow,mean,7334.985119047619
15,2008,sacramento river,11390500,USGS,knights landing,flow,min,6490
16,2008,sacramento river,11390500,USGS,knights landing,flow,max,7980
16,2008,sacramento river,11390500,USGS,knights landing,flow,mean,7380.297619047619
16,2008,sacramento river,11390500,USGS,knights landing,flow,min,6570
17,2008,sacramento river,11390500,USGS,knights landing,flow,max,6660
17,2008,sacramento river,11390500,USGS,knights landing,flow,mean,5411.458333333334
17,2008,sacramento river,11390500,USGS,knights landing,flow,min,4510
18,2008,sacramento river,11390500,USGS,knights landing,flow,max,5010
18,2008,sacramento river,11390500,USGS,knights landing,flow,mean,4704.910714285715
18,2008,sacramento river,11390500,USGS,knights landing,flow,min,4340
19,2008,sacramento river,11390500,USGS,knights landing,flow,max,5370
19,2008,sacramento river,11390500,USGS,knights landing,flow,mean,5127.991071428572
19,2008,sacramento river,11390500,USGS,knights landing,flow,min,4740
20,2008,sacramento river,11390500,USGS,knights landing,flow,max,6550
20,2008,sacramento river,11390500,USGS,knights landing,flow,mean,5544.0922619047615
20,2008,sacramento river,11390500,USGS,knights landing,flow,min,4710
21,2008,sacramento river,11390500,USGS,knights landing,flow,max,7220
21,2008,sacramento river,11390500,USGS,knights landing,flow,mean,6789.2827380952385
21,2008,sacramento river,11390500,USGS,knights landing,flow,min,5830
24,2008,sacramento river,11390500,USGS,knights landing,flow,max,5900
24,2008,sacramento river,11390500,USGS,knights landing,flow,mean,5454.39163165266
24,2008,sacramento river,11390500,USGS,knights landing,flow,min,4960
25,2008,sacramento river,11390500,USGS,knights landing,flow,max,7470
25,2008,sacramento river,11390500,USGS,knights landing,flow,mean,6358.928571428572
25,2008,sacramento river,11390500,USGS,knights landing,flow,min,5060
26,2008,sacramento river,11390500,USGS,knights landing,flow,max,7640
26,2008,sacramento river,11390500,USGS,knights landing,flow,mean,7248.854166666666
26,2008,sacramento river,11390500,USGS,knights landing,flow,min,6890
27,2008,sacramento river,11390500,USGS,knights landing,flow,max,8090
27,2008,sacramento river,11390500,USGS,knights landing,flow,mean,7909.389880952382
27,2008,sacramento river,11390500,USGS,knights landing,flow,min,7610
28,2008,sacramento river,11390500,USGS,knights landing,flow,max,8080
28,2008,sacramento river,11390500,USGS,knights landing,flow,mean,7720.684523809525
28,2008,sacramento river,11390500,USGS,knights landing,flow,min,7480
29,2008,sacramento river,11390500,USGS,knights landing,flow,max,8200
29,2008,sacramento river,11390500,USGS,knights landing,flow,mean,7959.375
29,2008,sacramento river,11390500,USGS,knights landing,flow,min,7690
30,2008,sacramento river,11390500,USGS,knights landing,flow,max,7760
30,2008,sacramento river,11390500,USGS,knights landing,flow,mean,7386.934523809525
30,2008,sacramento river,11390500,USGS,knights landing,flow,min,7130
31,2008,sacramento river,11390500,USGS,knights landing,flow,max,7300
31,2008,sacramento river,11390500,USGS,knights landing,flow,mean,6967.053571428572
31,2008,sacramento river,11390500,USGS,knights landing,flow,min,6700
32,2008,sacramento river,11390500,USGS,knights landing,flow,max,6710
32,2008,sacramento river,11390500,USGS,knights landing,flow,mean,6355.5505952380945
32,2008,sacramento river,11390500,USGS,knights landing,flow,min,6140
33,2008,sacramento river,11390500,USGS,knights landing,flow,max,6470
33,2008,sacramento river,11390500,USGS,knights landing,flow,mean,6089.107142857143
33,2008,sacramento river,11390500,USGS,knights landing,flow,min,5810
34,2008,sacramento river,11390500,USGS,knights landing,flow,max,6630
34,2008,sacramento river,11390500,USGS,knights landing,flow,mean,6264.4494047619055
34,2008,sacramento river,11390500,USGS,knights landing,flow,min,5860
35,2008,sacramento river,11390500,USGS,knights landing,flow,max,6860
35,2008,sacramento river,11390500,USGS,knights landing,flow,mean,6502.559523809524
35,2008,sacramento river,11390500,USGS,knights landing,flow,min,6080
36,2008,sacramento river,11390500,USGS,knights landing,flow,max,7170
36,2008,sacramento river,11390500,USGS,knights landing,flow,mean,6646.8005952380945
36,2008,sacramento river,11390500,USGS,knights landing,flow,min,6220
37,2008,sacramento river,11390500,USGS,knights landing,flow,max,6610
37,2008,sacramento river,11390500,USGS,knights landing,flow,mean,6449.285714285715
37,2008,sacramento river,11390500,USGS,knights landing,flow,min,6320
38,2008,sacramento river,11390500,USGS,knights landing,flow,max,6620
38,2008,sacramento river,11390500,USGS,knights landing,flow,mean,6368.4375
38,2008,sacramento river,11390500,USGS,knights landing,flow,min,6140
39,2008,sacramento river,11390500,USGS,knights landing,flow,max,6400
39,2008,sacramento river,11390500,USGS,knights landing,flow,mean,5918.645833333334
39,2008,sacramento river,11390500,USGS,knights landing,flow,min,5520
40,2008,sacramento river,11390500,USGS,knights landing,flow,max,5640
40,2008,sacramento river,11390500,USGS,knights landing,flow,mean,5448.392857142857
40,2008,sacramento river,11390500,USGS,knights landing,flow,min,5260
41,2008,sacramento river,11390500,USGS,knights landing,flow,max,5660
41,2008,sacramento river,11390500,USGS,knights landing,flow,mean,5235.163690476191
41,2008,sacramento river,11390500,USGS,knights landing,flow,min,4860
42,2008,sacramento river,11390500,USGS,knights landing,flow,max,5140
42,2008,sacramento river,11390500,USGS,knights landing,flow,mean,4539.985119047618
42,2008,sacramento river,11390500,USGS,knights landing,flow,min,4150
43,2008,sacramento river,11390500,USGS,knights landing,flow,max,4920
43,2008,sacramento river,11390500,USGS,knights landing,flow,mean,4671.681547619048
43,2008,sacramento river,11390500,USGS,knights landing,flow,min,4280
44,2008,sacramento river,11390500,USGS,knights landing,flow,max,7340
44,2008,sacramento river,11390500,USGS,knights landing,flow,mean,5564.4494047619055
44,2008,sacramento river,11390500,USGS,knights landing,flow,min,4750
45,2008,sacramento river,11390500,USGS,knights landing,flow,max,7940
45,2008,sacramento river,11390500,USGS,knights landing,flow,mean,7050.371867167919
45,2008,sacramento river,11390500,USGS,knights landing,flow,min,6080
46,2008,sacramento river,11390500,USGS,knights landing,flow,max,6220
46,2008,sacramento river,11390500,USGS,knights landing,flow,mean,5866.190476190476
46,2008,sacramento river,11390500,USGS,knights landing,flow,min,5320
47,2008,sacramento river,11390500,USGS,knights landing,flow,max,5320
47,2008,sacramento river,11390500,USGS,knights landing,flow,mean,4610.327380952381
47,2008,sacramento river,11390500,USGS,knights landing,flow,min,4210
48,2008,sacramento river,11390500,USGS,knights landing,flow,max,4290
48,2008,sacramento river,11390500,USGS,knights landing,flow,mean,4186.175595238095
48,2008,sacramento river,11390500,USGS,knights landing,flow,min,4070
49,2008,sacramento river,11390500,USGS,knights landing,flow,max,4320
49,2008,sacramento river,11390500,USGS,knights landing,flow,mean,4241.0509085213025
49,2008,sacramento river,11390500,USGS,knights landing,flow,min,4080
50,2008,sacramento river,11390500,USGS,knights landing,flow,max,4400
50,2008,sacramento river,11390500,USGS,knights landing,flow,mean,4185.520833333334
50,2008,sacramento river,11390500,USGS,knights landing,flow,min,4050
51,2008,sacramento river,11390500,USGS,knights landing,flow,max,5140
51,2008,sacramento river,11390500,USGS,knights landing,flow,mean,4830.5952380952385
51,2008,sacramento river,11390500,USGS,knights landing,flow,min,4390
52,2008,sacramento river,11390500,USGS,knights landing,flow,max,10500
52,2008,sacramento river,11390500,USGS,knights landing,flow,mean,6806.502976190476
52,2008,sacramento river,11390500,USGS,knights landing,flow,min,5100
53,2008,sacramento river,11390500,USGS,knights landing,flow,max,6230
53,2008,sacramento river,11390500,USGS,knights landing,flow,mean,6070.3125
53,2008,sacramento river,11390500,USGS,knights landing,flow,min,6010
1,2009,sacramento river,11390500,USGS,knights landing,flow,max,6140
1,2009,sacramento river,11390500,USGS,knights landing,flow,mean,5717.752976190475
1,2009,sacramento river,11390500,USGS,knights landing,flow,min,5170
2,2009,sacramento river,11390500,USGS,knights landing,flow,max,5190
2,2009,sacramento river,11390500,USGS,knights landing,flow,mean,4966.845238095238
2,2009,sacramento river,11390500,USGS,knights landing,flow,min,4650
3,2009,sacramento river,11390500,USGS,knights landing,flow,max,4720
3,2009,sacramento river,11390500,USGS,knights landing,flow,mean,4454.583333333333
3,2009,sacramento river,11390500,USGS,knights landing,flow,min,4130
4,2009,sacramento river,11390500,USGS,knights landing,flow,max,9440
4,2009,sacramento river,11390500,USGS,knights landing,flow,mean,6211.413690476191
4,2009,sacramento river,11390500,USGS,knights landing,flow,min,4110
5,2009,sacramento river,11390500,USGS,knights landing,flow,max,7340
5,2009,sacramento river,11390500,USGS,knights landing,flow,mean,5939.360119047618
5,2009,sacramento river,11390500,USGS,knights landing,flow,min,5230
6,2009,sacramento river,11390500,USGS,knights landing,flow,max,6130
6,2009,sacramento river,11390500,USGS,knights landing,flow,mean,5516.6369047619055
6,2009,sacramento river,11390500,USGS,knights landing,flow,min,5270
7,2009,sacramento river,11390500,USGS,knights landing,flow,max,25900
7,2009,sacramento river,11390500,USGS,knights landing,flow,mean,11751.800595238095
7,2009,sacramento river,11390500,USGS,knights landing,flow,min,5980
8,2009,sacramento river,11390500,USGS,knights landing,flow,max,26200
8,2009,sacramento river,11390500,USGS,knights landing,flow,mean,20372.916666666668
8,2009,sacramento river,11390500,USGS,knights landing,flow,min,11800
9,2009,sacramento river,11390500,USGS,knights landing,flow,max,26000
9,2009,sacramento river,11390500,USGS,knights landing,flow,mean,19888.541666666664
9,2009,sacramento river,11390500,USGS,knights landing,flow,min,13400
10,2009,sacramento river,11390500,USGS,knights landing,flow,max,25600
10,2009,sacramento river,11390500,USGS,knights landing,flow,mean,17949.30726600985
10,2009,sacramento river,11390500,USGS,knights landing,flow,min,11400
11,2009,sacramento river,11390500,USGS,knights landing,flow,max,12900
11,2009,sacramento river,11390500,USGS,knights landing,flow,mean,9979.255952380952
11,2009,sacramento river,11390500,USGS,knights landing,flow,min,8910
12,2009,sacramento river,11390500,USGS,knights landing,flow,max,12900
12,2009,sacramento river,11390500,USGS,knights landing,flow,mean,9883.057487468672
12,2009,sacramento river,11390500,USGS,knights landing,flow,min,8260
13,2009,sacramento river,11390500,USGS,knights landing,flow,max,8290
13,2009,sacramento river,11390500,USGS,knights landing,flow,mean,7606.235119047618
13,2009,sacramento river,11390500,USGS,knights landing,flow,min,6950
14,2009,sacramento river,11390500,USGS,knights landing,flow,max,7270
14,2009,sacramento river,11390500,USGS,knights landing,flow,mean,6795.877976190476
14,2009,sacramento river,11390500,USGS,knights landing,flow,min,6400
15,2009,sacramento river,11390500,USGS,knights landing,flow,max,7710
15,2009,sacramento river,11390500,USGS,knights landing,flow,mean,7056.190476190476
15,2009,sacramento river,11390500,USGS,knights landing,flow,min,6290
16,2009,sacramento river,11390500,USGS,knights landing,flow,max,6770
16,2009,sacramento river,11390500,USGS,knights landing,flow,mean,5813.080357142857
16,2009,sacramento river,11390500,USGS,knights landing,flow,min,4750
17,2009,sacramento river,11390500,USGS,knights landing,flow,max,4760
17,2009,sacramento river,11390500,USGS,knights landing,flow,mean,4481.10119047619
17,2009,sacramento river,11390500,USGS,knights landing,flow,min,4230
18,2009,sacramento river,11390500,USGS,knights landing,flow,max,12500
18,2009,sacramento river,11390500,USGS,knights landing,flow,mean,6534.077380952381
18,2009,sacramento river,11390500,USGS,knights landing,flow,min,4100
19,2009,sacramento river,11390500,USGS,knights landing,flow,max,14200
19,2009,sacramento river,11390500,USGS,knights landing,flow,mean,9285.13392857143
19,2009,sacramento river,11390500,USGS,knights landing,flow,min,5270
20,2009,sacramento river,11390500,USGS,knights landing,flow,max,5790
20,2009,sacramento river,11390500,USGS,knights landing,flow,mean,5317.247023809524
20,2009,sacramento river,11390500,USGS,knights landing,flow,min,4660
21,2009,sacramento river,11390500,USGS,knights landing,flow,max,5650
21,2009,sacramento river,11390500,USGS,knights landing,flow,mean,5407.827380952382
21,2009,sacramento river,11390500,USGS,knights landing,flow,min,5280
22,2009,sacramento river,11390500,USGS,knights landing,flow,max,5550
22,2009,sacramento river,11390500,USGS,knights landing,flow,mean,5092.1875
22,2009,sacramento river,11390500,USGS,knights landing,flow,min,4750
23,2009,sacramento river,11390500,USGS,knights landing,flow,max,6940
23,2009,sacramento river,11390500,USGS,knights landing,flow,mean,6115.354793233083
23,2009,sacramento river,11390500,USGS,knights landing,flow,min,4860
24,2009,sacramento river,11390500,USGS,knights landing,flow,max,6720
24,2009,sacramento river,11390500,USGS,knights landing,flow,mean,6014.196428571428
24,2009,sacramento river,11390500,USGS,knights landing,flow,min,4960
25,2009,sacramento river,11390500,USGS,knights landing,flow,max,5560
25,2009,sacramento river,11390500,USGS,knights landing,flow,mean,5253.4077380952385
25,2009,sacramento river,11390500,USGS,knights landing,flow,min,5000
26,2009,sacramento river,11390500,USGS,knights landing,flow,max,5700
26,2009,sacramento river,11390500,USGS,knights landing,flow,mean,5425.3125
26,2009,sacramento river,11390500,USGS,knights landing,flow,min,5200
27,2009,sacramento river,11390500,USGS,knights landing,flow,max,6580
27,2009,sacramento river,11390500,USGS,knights landing,flow,mean,6229.241071428571
27,2009,sacramento river,11390500,USGS,knights landing,flow,min,5540
28,2009,sacramento river,11390500,USGS,knights landing,flow,max,7010
28,2009,sacramento river,11390500,USGS,knights landing,flow,mean,6722.708333333334
28,2009,sacramento river,11390500,USGS,knights landing,flow,min,6470
29,2009,sacramento river,11390500,USGS,knights landing,flow,max,6980
29,2009,sacramento river,11390500,USGS,knights landing,flow,mean,6698.125
29,2009,sacramento river,11390500,USGS,knights landing,flow,min,6450
30,2009,sacramento river,11390500,USGS,knights landing,flow,max,7150
30,2009,sacramento river,11390500,USGS,knights landing,flow,mean,6817.33630952381
30,2009,sacramento river,11390500,USGS,knights landing,flow,min,6550
31,2009,sacramento river,11390500,USGS,knights landing,flow,max,7200
31,2009,sacramento river,11390500,USGS,knights landing,flow,mean,7020.238095238096
31,2009,sacramento river,11390500,USGS,knights landing,flow,min,6790
32,2009,sacramento river,11390500,USGS,knights landing,flow,max,7160
32,2009,sacramento river,11390500,USGS,knights landing,flow,mean,6961.622023809524
32,2009,sacramento river,11390500,USGS,knights landing,flow,min,6770
33,2009,sacramento river,11390500,USGS,knights landing,flow,max,6990
33,2009,sacramento river,11390500,USGS,knights landing,flow,mean,6767.455357142858
33,2009,sacramento river,11390500,USGS,knights landing,flow,min,6410
34,2009,sacramento river,11390500,USGS,knights landing,flow,max,6990
34,2009,sacramento river,11390500,USGS,knights landing,flow,mean,6766.845238095238
34,2009,sacramento river,11390500,USGS,knights landing,flow,min,6480
35,2009,sacramento river,11390500,USGS,knights landing,flow,max,7420
35,2009,sacramento river,11390500,USGS,knights landing,flow,mean,7082.797619047618
35,2009,sacramento river,11390500,USGS,knights landing,flow,min,6800
36,2009,sacramento river,11390500,USGS,knights landing,flow,max,7700
36,2009,sacramento river,11390500,USGS,knights landing,flow,mean,6847.276785714284
36,2009,sacramento river,11390500,USGS,knights landing,flow,min,6350
37,2009,sacramento river,11390500,USGS,knights landing,flow,max,6990
37,2009,sacramento river,11390500,USGS,knights landing,flow,mean,6757.8125
37,2009,sacramento river,11390500,USGS,knights landing,flow,min,6530
38,2009,sacramento river,11390500,USGS,knights landing,flow,max,6670
38,2009,sacramento river,11390500,USGS,knights landing,flow,mean,6378.788847117794
38,2009,sacramento river,11390500,USGS,knights landing,flow,min,5930
39,2009,sacramento river,11390500,USGS,knights landing,flow,max,5970
39,2009,sacramento river,11390500,USGS,knights landing,flow,mean,5610.119047619047
39,2009,sacramento river,11390500,USGS,knights landing,flow,min,5250
40,2009,sacramento river,11390500,USGS,knights landing,flow,max,5380
40,2009,sacramento river,11390500,USGS,knights landing,flow,mean,5088.779761904762
40,2009,sacramento river,11390500,USGS,knights landing,flow,min,4680
41,2009,sacramento river,11390500,USGS,knights landing,flow,max,5430
41,2009,sacramento river,11390500,USGS,knights landing,flow,mean,4666.130952380952
41,2009,sacramento river,11390500,USGS,knights landing,flow,min,4420
42,2009,sacramento river,11390500,USGS,knights landing,flow,max,6290
42,2009,sacramento river,11390500,USGS,knights landing,flow,mean,5718.839285714284
42,2009,sacramento river,11390500,USGS,knights landing,flow,min,5070
43,2009,sacramento river,11390500,USGS,knights landing,flow,max,5870
43,2009,sacramento river,11390500,USGS,knights landing,flow,mean,5120.014880952381
43,2009,sacramento river,11390500,USGS,knights landing,flow,min,4740
44,2009,sacramento river,11390500,USGS,knights landing,flow,max,4780
44,2009,sacramento river,11390500,USGS,knights landing,flow,mean,4499.523809523809
44,2009,sacramento river,11390500,USGS,knights landing,flow,min,4260
45,2009,sacramento river,11390500,USGS,knights landing,flow,max,4250
45,2009,sacramento river,11390500,USGS,knights landing,flow,mean,3993.005952380952
45,2009,sacramento river,11390500,USGS,knights landing,flow,min,3790
46,2009,sacramento river,11390500,USGS,knights landing,flow,max,4330
46,2009,sacramento river,11390500,USGS,knights landing,flow,mean,4090.6398809523807
46,2009,sacramento river,11390500,USGS,knights landing,flow,min,3970
47,2009,sacramento river,11390500,USGS,knights landing,flow,max,4650
47,2009,sacramento river,11390500,USGS,knights landing,flow,mean,4306.681547619048
47,2009,sacramento river,11390500,USGS,knights landing,flow,min,3950
48,2009,sacramento river,11390500,USGS,knights landing,flow,max,4040
48,2009,sacramento river,11390500,USGS,knights landing,flow,mean,3850.2678571428573
48,2009,sacramento river,11390500,USGS,knights landing,flow,min,3550
49,2009,sacramento river,11390500,USGS,knights landing,flow,max,3590
49,2009,sacramento river,11390500,USGS,knights landing,flow,mean,3513.1845238095234
49,2009,sacramento river,11390500,USGS,knights landing,flow,min,3410
50,2009,sacramento river,11390500,USGS,knights landing,flow,max,5940
50,2009,sacramento river,11390500,USGS,knights landing,flow,mean,4519.613095238095
50,2009,sacramento river,11390500,USGS,knights landing,flow,min,3530
51,2009,sacramento river,11390500,USGS,knights landing,flow,max,7890
51,2009,sacramento river,11390500,USGS,knights landing,flow,mean,6414.226190476191
51,2009,sacramento river,11390500,USGS,knights landing,flow,min,5530
52,2009,sacramento river,11390500,USGS,knights landing,flow,max,6820
52,2009,sacramento river,11390500,USGS,knights landing,flow,mean,5384.940476190476
52,2009,sacramento river,11390500,USGS,knights landing,flow,min,4680
53,2009,sacramento river,11390500,USGS,knights landing,flow,max,4920
53,2009,sacramento river,11390500,USGS,knights landing,flow,mean,4850.520833333333
53,2009,sacramento river,11390500,USGS,knights landing,flow,min,4800
1,2010,sacramento river,11390500,USGS,knights landing,flow,max,7430
1,2010,sacramento river,11390500,USGS,knights landing,flow,mean,5981.10119047619
1,2010,sacramento river,11390500,USGS,knights landing,flow,min,4930
2,2010,sacramento river,11390500,USGS,knights landing,flow,max,12100
2,2010,sacramento river,11390500,USGS,knights landing,flow,mean,5464.955357142857
2,2010,sacramento river,11390500,USGS,knights landing,flow,min,4700
3,2010,sacramento river,11390500,USGS,knights landing,flow,max,26700
3,2010,sacramento river,11390500,USGS,knights landing,flow,mean,14320.357142857143
3,2010,sacramento river,11390500,USGS,knights landing,flow,min,8400
4,2010,sacramento river,11390500,USGS,knights landing,flow,max,27300
4,2010,sacramento river,11390500,USGS,knights landing,flow,mean,25914.285714285714
4,2010,sacramento river,11390500,USGS,knights landing,flow,min,23900
5,2010,sacramento river,11390500,USGS,knights landing,flow,max,25800
5,2010,sacramento river,11390500,USGS,knights landing,flow,mean,19002.678571428572
5,2010,sacramento river,11390500,USGS,knights landing,flow,min,14800
6,2010,sacramento river,11390500,USGS,knights landing,flow,max,25800
6,2010,sacramento river,11390500,USGS,knights landing,flow,mean,21866.36904761905
6,2010,sacramento river,11390500,USGS,knights landing,flow,min,13900
7,2010,sacramento river,11390500,USGS,knights landing,flow,max,20100
7,2010,sacramento river,11390500,USGS,knights landing,flow,mean,15439.434523809523
7,2010,sacramento river,11390500,USGS,knights landing,flow,min,13000
8,2010,sacramento river,11390500,USGS,knights landing,flow,max,19400
8,2010,sacramento river,11390500,USGS,knights landing,flow,mean,12699.70238095238
8,2010,sacramento river,11390500,USGS,knights landing,flow,min,11600
9,2010,sacramento river,11390500,USGS,knights landing,flow,max,23500
9,2010,sacramento river,11390500,USGS,knights landing,flow,mean,18960.565476190477
9,2010,sacramento river,11390500,USGS,knights landing,flow,min,14800
10,2010,sacramento river,11390500,USGS,knights landing,flow,max,21700
10,2010,sacramento river,11390500,USGS,knights landing,flow,mean,15502.380952380952
10,2010,sacramento river,11390500,USGS,knights landing,flow,min,11800
11,2010,sacramento river,11390500,USGS,knights landing,flow,max,13100
11,2010,sacramento river,11390500,USGS,knights landing,flow,mean,11465.625000000002
11,2010,sacramento river,11390500,USGS,knights landing,flow,min,10100
12,2010,sacramento river,11390500,USGS,knights landing,flow,max,10200
12,2010,sacramento river,11390500,USGS,knights landing,flow,mean,9171.11607142857
12,2010,sacramento river,11390500,USGS,knights landing,flow,min,8310
13,2010,sacramento river,11390500,USGS,knights landing,flow,max,9240
13,2010,sacramento river,11390500,USGS,knights landing,flow,mean,8186.3244047619055
13,2010,sacramento river,11390500,USGS,knights landing,flow,min,7680
14,2010,sacramento river,11390500,USGS,knights landing,flow,max,9880
14,2010,sacramento river,11390500,USGS,knights landing,flow,mean,8903.154761904761
14,2010,sacramento river,11390500,USGS,knights landing,flow,min,8020
15,2010,sacramento river,11390500,USGS,knights landing,flow,max,20800
15,2010,sacramento river,11390500,USGS,knights landing,flow,mean,11749.449404761906
15,2010,sacramento river,11390500,USGS,knights landing,flow,min,8160
16,2010,sacramento river,11390500,USGS,knights landing,flow,max,19300
16,2010,sacramento river,11390500,USGS,knights landing,flow,mean,15698.958333333334
16,2010,sacramento river,11390500,USGS,knights landing,flow,min,13000
17,2010,sacramento river,11390500,USGS,knights landing,flow,max,19300
17,2010,sacramento river,11390500,USGS,knights landing,flow,mean,14431.101190476193
17,2010,sacramento river,11390500,USGS,knights landing,flow,min,11900
18,2010,sacramento river,11390500,USGS,knights landing,flow,max,15300
18,2010,sacramento river,11390500,USGS,knights landing,flow,mean,12436.160714285712
18,2010,sacramento river,11390500,USGS,knights landing,flow,min,10400
19,2010,sacramento river,11390500,USGS,knights landing,flow,max,10500
19,2010,sacramento river,11390500,USGS,knights landing,flow,mean,8605.565476190475
19,2010,sacramento river,11390500,USGS,knights landing,flow,min,7640
20,2010,sacramento river,11390500,USGS,knights landing,flow,max,8230
20,2010,sacramento river,11390500,USGS,knights landing,flow,mean,7297.142857142857
20,2010,sacramento river,11390500,USGS,knights landing,flow,min,6540
21,2010,sacramento river,11390500,USGS,knights landing,flow,max,9280
21,2010,sacramento river,11390500,USGS,knights landing,flow,mean,7958.913690476191
21,2010,sacramento river,11390500,USGS,knights landing,flow,min,7530
22,2010,sacramento river,11390500,USGS,knights landing,flow,max,14500
22,2010,sacramento river,11390500,USGS,knights landing,flow,mean,12841.279761904761
22,2010,sacramento river,11390500,USGS,knights landing,flow,min,9300
23,2010,sacramento river,11390500,USGS,knights landing,flow,max,15100
23,2010,sacramento river,11390500,USGS,knights landing,flow,mean,14277.529761904761
23,2010,sacramento river,11390500,USGS,knights landing,flow,min,12300
24,2010,sacramento river,11390500,USGS,knights landing,flow,max,12500
24,2010,sacramento river,11390500,USGS,knights landing,flow,mean,9513.526785714286
24,2010,sacramento river,11390500,USGS,knights landing,flow,min,7410
25,2010,sacramento river,11390500,USGS,knights landing,flow,max,7490
25,2010,sacramento river,11390500,USGS,knights landing,flow,mean,7046.428571428571
25,2010,sacramento river,11390500,USGS,knights landing,flow,min,6590
26,2010,sacramento river,11390500,USGS,knights landing,flow,max,7430
26,2010,sacramento river,11390500,USGS,knights landing,flow,mean,6769.568452380952
26,2010,sacramento river,11390500,USGS,knights landing,flow,min,6350
27,2010,sacramento river,11390500,USGS,knights landing,flow,max,6860
27,2010,sacramento river,11390500,USGS,knights landing,flow,mean,6511.190476190475
27,2010,sacramento river,11390500,USGS,knights landing,flow,min,6040
28,2010,sacramento river,11390500,USGS,knights landing,flow,max,6730
28,2010,sacramento river,11390500,USGS,knights landing,flow,mean,6441.354166666666
28,2010,sacramento river,11390500,USGS,knights landing,flow,min,6030
29,2010,sacramento river,11390500,USGS,knights landing,flow,max,6970
29,2010,sacramento river,11390500,USGS,knights landing,flow,mean,6673.125000000001
29,2010,sacramento river,11390500,USGS,knights landing,flow,min,6470
30,2010,sacramento river,11390500,USGS,knights landing,flow,max,6730
30,2010,sacramento river,11390500,USGS,knights landing,flow,mean,6598.645833333333
30,2010,sacramento river,11390500,USGS,knights landing,flow,min,6460
31,2010,sacramento river,11390500,USGS,knights landing,flow,max,7140
31,2010,sacramento river,11390500,USGS,knights landing,flow,mean,6913.943452380952
31,2010,sacramento river,11390500,USGS,knights landing,flow,min,6640
32,2010,sacramento river,11390500,USGS,knights landing,flow,max,7090
32,2010,sacramento river,11390500,USGS,knights landing,flow,mean,6435.342261904762
32,2010,sacramento river,11390500,USGS,knights landing,flow,min,5900
33,2010,sacramento river,11390500,USGS,knights landing,flow,max,6140
33,2010,sacramento river,11390500,USGS,knights landing,flow,mean,5506.190476190476
33,2010,sacramento river,11390500,USGS,knights landing,flow,min,5120
34,2010,sacramento river,11390500,USGS,knights landing,flow,max,5970
34,2010,sacramento river,11390500,USGS,knights landing,flow,mean,5094.791666666666
34,2010,sacramento river,11390500,USGS,knights landing,flow,min,4780
35,2010,sacramento river,11390500,USGS,knights landing,flow,max,5320
35,2010,sacramento river,11390500,USGS,knights landing,flow,mean,4919.925595238096
35,2010,sacramento river,11390500,USGS,knights landing,flow,min,4620
36,2010,sacramento river,11390500,USGS,knights landing,flow,max,5980
36,2010,sacramento river,11390500,USGS,knights landing,flow,mean,5700.312499999999
36,2010,sacramento river,11390500,USGS,knights landing,flow,min,5280
37,2010,sacramento river,11390500,USGS,knights landing,flow,max,7460
37,2010,sacramento river,11390500,USGS,knights landing,flow,mean,6938.779761904762
37,2010,sacramento river,11390500,USGS,knights landing,flow,min,5940
38,2010,sacramento river,11390500,USGS,knights landing,flow,max,7240
38,2010,sacramento river,11390500,USGS,knights landing,flow,mean,7126.529291979951
38,2010,sacramento river,11390500,USGS,knights landing,flow,min,6990
39,2010,sacramento river,11390500,USGS,knights landing,flow,max,7220
39,2010,sacramento river,11390500,USGS,knights landing,flow,mean,6930.610119047618
39,2010,sacramento river,11390500,USGS,knights landing,flow,min,6670
40,2010,sacramento river,11390500,USGS,knights landing,flow,max,6810
40,2010,sacramento river,11390500,USGS,knights landing,flow,mean,6455.877976190475
40,2010,sacramento river,11390500,USGS,knights landing,flow,min,6230
41,2010,sacramento river,11390500,USGS,knights landing,flow,max,6320
41,2010,sacramento river,11390500,USGS,knights landing,flow,mean,5942.5
41,2010,sacramento river,11390500,USGS,knights landing,flow,min,5650
42,2010,sacramento river,11390500,USGS,knights landing,flow,max,5690
42,2010,sacramento river,11390500,USGS,knights landing,flow,mean,5411.726190476191
42,2010,sacramento river,11390500,USGS,knights landing,flow,min,5220
43,2010,sacramento river,11390500,USGS,knights landing,flow,max,11000
43,2010,sacramento river,11390500,USGS,knights landing,flow,mean,6875.535714285715
43,2010,sacramento river,11390500,USGS,knights landing,flow,min,5220
44,2010,sacramento river,11390500,USGS,knights landing,flow,max,7050
44,2010,sacramento river,11390500,USGS,knights landing,flow,mean,6551.145833333334
44,2010,sacramento river,11390500,USGS,knights landing,flow,min,6150
45,2010,sacramento river,11390500,USGS,knights landing,flow,max,6540
45,2010,sacramento river,11390500,USGS,knights landing,flow,mean,5936.3244047619055
45,2010,sacramento river,11390500,USGS,knights landing,flow,min,5540
46,2010,sacramento river,11390500,USGS,knights landing,flow,max,5840
46,2010,sacramento river,11390500,USGS,knights landing,flow,mean,5359.895833333334
46,2010,sacramento river,11390500,USGS,knights landing,flow,min,5120
47,2010,sacramento river,11390500,USGS,knights landing,flow,max,7570
47,2010,sacramento river,11390500,USGS,knights landing,flow,mean,6671.840277777777
47,2010,sacramento river,11390500,USGS,knights landing,flow,min,5330
48,2010,sacramento river,11390500,USGS,knights landing,flow,max,7540
48,2010,sacramento river,11390500,USGS,knights landing,flow,mean,6775.8630952380945
48,2010,sacramento river,11390500,USGS,knights landing,flow,min,6410
49,2010,sacramento river,11390500,USGS,knights landing,flow,max,17500
49,2010,sacramento river,11390500,USGS,knights landing,flow,mean,10380.773809523811
49,2010,sacramento river,11390500,USGS,knights landing,flow,min,6420
50,2010,sacramento river,11390500,USGS,knights landing,flow,max,20100
50,2010,sacramento river,11390500,USGS,knights landing,flow,mean,13726.934523809525
50,2010,sacramento river,11390500,USGS,knights landing,flow,min,11700
51,2010,sacramento river,11390500,USGS,knights landing,flow,max,25000
51,2010,sacramento river,11390500,USGS,knights landing,flow,mean,22200.297619047622
51,2010,sacramento river,11390500,USGS,knights landing,flow,min,18800
52,2010,sacramento river,11390500,USGS,knights landing,flow,max,26100
52,2010,sacramento river,11390500,USGS,knights landing,flow,mean,24125.89285714285
52,2010,sacramento river,11390500,USGS,knights landing,flow,min,22100
53,2010,sacramento river,11390500,USGS,knights landing,flow,max,26300
53,2010,sacramento river,11390500,USGS,knights landing,flow,mean,26007.291666666668
53,2010,sacramento river,11390500,USGS,knights landing,flow,min,25600
1,2011,sacramento river,11390500,USGS,knights landing,flow,max,25700
1,2011,sacramento river,11390500,USGS,knights landing,flow,mean,23161.0119047619
1,2011,sacramento river,11390500,USGS,knights landing,flow,min,20200
2,2011,sacramento river,11390500,USGS,knights landing,flow,max,20200
2,2011,sacramento river,11390500,USGS,knights landing,flow,mean,16364.285714285714
2,2011,sacramento river,11390500,USGS,knights landing,flow,min,13800
3,2011,sacramento river,11390500,USGS,knights landing,flow,max,16500
3,2011,sacramento river,11390500,USGS,knights landing,flow,mean,14477.232142857143
3,2011,sacramento river,11390500,USGS,knights landing,flow,min,13000
4,2011,sacramento river,11390500,USGS,knights landing,flow,max,13000
4,2011,sacramento river,11390500,USGS,knights landing,flow,mean,11409.166666666668
4,2011,sacramento river,11390500,USGS,knights landing,flow,min,9750
5,2011,sacramento river,11390500,USGS,knights landing,flow,max,9830
5,2011,sacramento river,11390500,USGS,knights landing,flow,mean,9356.07142857143
5,2011,sacramento river,11390500,USGS,knights landing,flow,min,8740
6,2011,sacramento river,11390500,USGS,knights landing,flow,max,8740
6,2011,sacramento river,11390500,USGS,knights landing,flow,mean,8099.553571428572
6,2011,sacramento river,11390500,USGS,knights landing,flow,min,7600
7,2011,sacramento river,11390500,USGS,knights landing,flow,max,16300
7,2011,sacramento river,11390500,USGS,knights landing,flow,mean,9178.050595238095
7,2011,sacramento river,11390500,USGS,knights landing,flow,min,7350
8,2011,sacramento river,11390500,USGS,knights landing,flow,max,20200
8,2011,sacramento river,11390500,USGS,knights landing,flow,mean,15522.401315789475
8,2011,sacramento river,11390500,USGS,knights landing,flow,min,10900
9,2011,sacramento river,11390500,USGS,knights landing,flow,max,16300
9,2011,sacramento river,11390500,USGS,knights landing,flow,mean,12619.642857142857
9,2011,sacramento river,11390500,USGS,knights landing,flow,min,10800
10,2011,sacramento river,11390500,USGS,knights landing,flow,max,19500
10,2011,sacramento river,11390500,USGS,knights landing,flow,mean,15757.886904761905
10,2011,sacramento river,11390500,USGS,knights landing,flow,min,12900
11,2011,sacramento river,11390500,USGS,knights landing,flow,max,26100
11,2011,sacramento river,11390500,USGS,knights landing,flow,mean,16347.767857142857
11,2011,sacramento river,11390500,USGS,knights landing,flow,min,12500
12,2011,sacramento river,11390500,USGS,knights landing,flow,max,27900
12,2011,sacramento river,11390500,USGS,knights landing,flow,mean,27269.494047619046
12,2011,sacramento river,11390500,USGS,knights landing,flow,min,26000
13,2011,sacramento river,11390500,USGS,knights landing,flow,max,28000
13,2011,sacramento river,11390500,USGS,knights landing,flow,mean,27477.52976190476
13,2011,sacramento river,11390500,USGS,knights landing,flow,min,27000
14,2011,sacramento river,11390500,USGS,knights landing,flow,max,27200
14,2011,sacramento river,11390500,USGS,knights landing,flow,mean,26501.785714285717
14,2011,sacramento river,11390500,USGS,knights landing,flow,min,25200
15,2011,sacramento river,11390500,USGS,knights landing,flow,max,25200
15,2011,sacramento river,11390500,USGS,knights landing,flow,mean,21748.363095238095
15,2011,sacramento river,11390500,USGS,knights landing,flow,min,16900
16,2011,sacramento river,11390500,USGS,knights landing,flow,max,16900
16,2011,sacramento river,11390500,USGS,knights landing,flow,mean,15553.42261904762
16,2011,sacramento river,11390500,USGS,knights landing,flow,min,14500
17,2011,sacramento river,11390500,USGS,knights landing,flow,max,17000
17,2011,sacramento river,11390500,USGS,knights landing,flow,mean,14215.625
17,2011,sacramento river,11390500,USGS,knights landing,flow,min,11300
18,2011,sacramento river,11390500,USGS,knights landing,flow,max,11300
18,2011,sacramento river,11390500,USGS,knights landing,flow,mean,9101.458176691729
18,2011,sacramento river,11390500,USGS,knights landing,flow,min,7750
19,2011,sacramento river,11390500,USGS,knights landing,flow,max,8930
19,2011,sacramento river,11390500,USGS,knights landing,flow,mean,8403.348214285714
19,2011,sacramento river,11390500,USGS,knights landing,flow,min,7790
20,2011,sacramento river,11390500,USGS,knights landing,flow,max,15200
20,2011,sacramento river,11390500,USGS,knights landing,flow,mean,9845.044642857143
20,2011,sacramento river,11390500,USGS,knights landing,flow,min,7630
21,2011,sacramento river,11390500,USGS,knights landing,flow,max,13900
21,2011,sacramento river,11390500,USGS,knights landing,flow,mean,12195.535714285714
21,2011,sacramento river,11390500,USGS,knights landing,flow,min,11300
22,2011,sacramento river,11390500,USGS,knights landing,flow,max,14900
22,2011,sacramento river,11390500,USGS,knights landing,flow,mean,14065.773809523811
22,2011,sacramento river,11390500,USGS,knights landing,flow,min,13500
23,2011,sacramento river,11390500,USGS,knights landing,flow,max,23600
23,2011,sacramento river,11390500,USGS,knights landing,flow,mean,20130.35714285714
23,2011,sacramento river,11390500,USGS,knights landing,flow,min,14900
24,2011,sacramento river,11390500,USGS,knights landing,flow,max,19900
24,2011,sacramento river,11390500,USGS,knights landing,flow,mean,13337.053571428569
24,2011,sacramento river,11390500,USGS,knights landing,flow,min,10900
25,2011,sacramento river,11390500,USGS,knights landing,flow,max,11100
25,2011,sacramento river,11390500,USGS,knights landing,flow,mean,10065.49107142857
25,2011,sacramento river,11390500,USGS,knights landing,flow,min,9240
26,2011,sacramento river,11390500,USGS,knights landing,flow,max,11500
26,2011,sacramento river,11390500,USGS,knights landing,flow,mean,9137.1875
26,2011,sacramento river,11390500,USGS,knights landing,flow,min,7950
27,2011,sacramento river,11390500,USGS,knights landing,flow,max,11700
27,2011,sacramento river,11390500,USGS,knights landing,flow,mean,10598.660714285714
27,2011,sacramento river,11390500,USGS,knights landing,flow,min,9320
28,2011,sacramento river,11390500,USGS,knights landing,flow,max,9310
28,2011,sacramento river,11390500,USGS,knights landing,flow,mean,8195.044642857141
28,2011,sacramento river,11390500,USGS,knights landing,flow,min,7720
29,2011,sacramento river,11390500,USGS,knights landing,flow,max,8230
29,2011,sacramento river,11390500,USGS,knights landing,flow,mean,7995.758928571428
29,2011,sacramento river,11390500,USGS,knights landing,flow,min,7510
30,2011,sacramento river,11390500,USGS,knights landing,flow,max,7760
30,2011,sacramento river,11390500,USGS,knights landing,flow,mean,7504.8660714285725
30,2011,sacramento river,11390500,USGS,knights landing,flow,min,7030
31,2011,sacramento river,11390500,USGS,knights landing,flow,max,7670
31,2011,sacramento river,11390500,USGS,knights landing,flow,mean,7366.443452380953
31,2011,sacramento river,11390500,USGS,knights landing,flow,min,7040
32,2011,sacramento river,11390500,USGS,knights landing,flow,max,8030
32,2011,sacramento river,11390500,USGS,knights landing,flow,mean,7609.494047619048
32,2011,sacramento river,11390500,USGS,knights landing,flow,min,7290
33,2011,sacramento river,11390500,USGS,knights landing,flow,max,7920
33,2011,sacramento river,11390500,USGS,knights landing,flow,mean,7359.702380952381
33,2011,sacramento river,11390500,USGS,knights landing,flow,min,7190
34,2011,sacramento river,11390500,USGS,knights landing,flow,max,7740
34,2011,sacramento river,11390500,USGS,knights landing,flow,mean,7357.767857142857
34,2011,sacramento river,11390500,USGS,knights landing,flow,min,7020
35,2011,sacramento river,11390500,USGS,knights landing,flow,max,9010
35,2011,sacramento river,11390500,USGS,knights landing,flow,mean,8124.955357142857
35,2011,sacramento river,11390500,USGS,knights landing,flow,min,7730
36,2011,sacramento river,11390500,USGS,knights landing,flow,max,9240
36,2011,sacramento river,11390500,USGS,knights landing,flow,mean,8872.648809523811
36,2011,sacramento river,11390500,USGS,knights landing,flow,min,8660
37,2011,sacramento river,11390500,USGS,knights landing,flow,max,9930
37,2011,sacramento river,11390500,USGS,knights landing,flow,mean,9478.586309523811
37,2011,sacramento river,11390500,USGS,knights landing,flow,min,9210
38,2011,sacramento river,11390500,USGS,knights landing,flow,max,9720
38,2011,sacramento river,11390500,USGS,knights landing,flow,mean,9444.002976190475
38,2011,sacramento river,11390500,USGS,knights landing,flow,min,9240
39,2011,sacramento river,11390500,USGS,knights landing,flow,max,9300
39,2011,sacramento river,11390500,USGS,knights landing,flow,mean,8964.717261904761
39,2011,sacramento river,11390500,USGS,knights landing,flow,min,8710
40,2011,sacramento river,11390500,USGS,knights landing,flow,max,9980
40,2011,sacramento river,11390500,USGS,knights landing,flow,mean,9144.374999999998
40,2011,sacramento river,11390500,USGS,knights landing,flow,min,8840
41,2011,sacramento river,11390500,USGS,knights landing,flow,max,10000
41,2011,sacramento river,11390500,USGS,knights landing,flow,mean,9758.988095238094
41,2011,sacramento river,11390500,USGS,knights landing,flow,min,9520
42,2011,sacramento river,11390500,USGS,knights landing,flow,max,9650
42,2011,sacramento river,11390500,USGS,knights landing,flow,mean,8358.30357142857
42,2011,sacramento river,11390500,USGS,knights landing,flow,min,6950
43,2011,sacramento river,11390500,USGS,knights landing,flow,max,7460
43,2011,sacramento river,11390500,USGS,knights landing,flow,mean,7217.276785714284
43,2011,sacramento river,11390500,USGS,knights landing,flow,min,6870
44,2011,sacramento river,11390500,USGS,knights landing,flow,max,6880
44,2011,sacramento river,11390500,USGS,knights landing,flow,mean,6493.764880952382
44,2011,sacramento river,11390500,USGS,knights landing,flow,min,6190
45,2011,sacramento river,11390500,USGS,knights landing,flow,max,6250
45,2011,sacramento river,11390500,USGS,knights landing,flow,mean,6003.1547619047615
45,2011,sacramento river,11390500,USGS,knights landing,flow,min,5710
46,2011,sacramento river,11390500,USGS,knights landing,flow,max,6410
46,2011,sacramento river,11390500,USGS,knights landing,flow,mean,6100.267857142857
46,2011,sacramento river,11390500,USGS,knights landing,flow,min,5710
47,2011,sacramento river,11390500,USGS,knights landing,flow,max,8130
47,2011,sacramento river,11390500,USGS,knights landing,flow,mean,6998.095238095238
47,2011,sacramento river,11390500,USGS,knights landing,flow,min,6270
48,2011,sacramento river,11390500,USGS,knights landing,flow,max,8580
48,2011,sacramento river,11390500,USGS,knights landing,flow,mean,7716.324404761906
48,2011,sacramento river,11390500,USGS,knights landing,flow,min,6860
49,2011,sacramento river,11390500,USGS,knights landing,flow,max,6950
49,2011,sacramento river,11390500,USGS,knights landing,flow,mean,6256.056547619048
49,2011,sacramento river,11390500,USGS,knights landing,flow,min,5520
50,2011,sacramento river,11390500,USGS,knights landing,flow,max,5860
50,2011,sacramento river,11390500,USGS,knights landing,flow,mean,5569.092261904762
50,2011,sacramento river,11390500,USGS,knights landing,flow,min,5400
51,2011,sacramento river,11390500,USGS,knights landing,flow,max,6000
51,2011,sacramento river,11390500,USGS,knights landing,flow,mean,5852.410714285715
51,2011,sacramento river,11390500,USGS,knights landing,flow,min,5610
52,2011,sacramento river,11390500,USGS,knights landing,flow,max,5630
52,2011,sacramento river,11390500,USGS,knights landing,flow,mean,5584.255952380953
52,2011,sacramento river,11390500,USGS,knights landing,flow,min,5550
53,2011,sacramento river,11390500,USGS,knights landing,flow,max,5560
53,2011,sacramento river,11390500,USGS,knights landing,flow,mean,5560
53,2011,sacramento river,11390500,USGS,knights landing,flow,min,5560
1,2012,sacramento river,11390500,USGS,knights landing,flow,max,5590
1,2012,sacramento river,11390500,USGS,knights landing,flow,mean,5449.196428571428
1,2012,sacramento river,11390500,USGS,knights landing,flow,min,5160
2,2012,sacramento river,11390500,USGS,knights landing,flow,max,6070
2,2012,sacramento river,11390500,USGS,knights landing,flow,mean,5796.205357142857
2,2012,sacramento river,11390500,USGS,knights landing,flow,min,5180
3,2012,sacramento river,11390500,USGS,knights landing,flow,max,6990
3,2012,sacramento river,11390500,USGS,knights landing,flow,mean,5955.282738095238
3,2012,sacramento river,11390500,USGS,knights landing,flow,min,5690
4,2012,sacramento river,11390500,USGS,knights landing,flow,max,22100
4,2012,sacramento river,11390500,USGS,knights landing,flow,mean,14538.61607142857
4,2012,sacramento river,11390500,USGS,knights landing,flow,min,6990
5,2012,sacramento river,11390500,USGS,knights landing,flow,max,11300
5,2012,sacramento river,11390500,USGS,knights landing,flow,mean,9087.395833333332
5,2012,sacramento river,11390500,USGS,knights landing,flow,min,7530
6,2012,sacramento river,11390500,USGS,knights landing,flow,max,7530
6,2012,sacramento river,11390500,USGS,knights landing,flow,mean,6987.395833333334
6,2012,sacramento river,11390500,USGS,knights landing,flow,min,6700
7,2012,sacramento river,11390500,USGS,knights landing,flow,max,7670
7,2012,sacramento river,11390500,USGS,knights landing,flow,mean,7104.613095238096
7,2012,sacramento river,11390500,USGS,knights landing,flow,min,6740
8,2012,sacramento river,11390500,USGS,knights landing,flow,max,6750
8,2012,sacramento river,11390500,USGS,knights landing,flow,mean,6254.538690476191
8,2012,sacramento river,11390500,USGS,knights landing,flow,min,5890
9,2012,sacramento river,11390500,USGS,knights landing,flow,max,6330
9,2012,sacramento river,11390500,USGS,knights landing,flow,mean,6124.985119047619
9,2012,sacramento river,11390500,USGS,knights landing,flow,min,5920
10,2012,sacramento river,11390500,USGS,knights landing,flow,max,6300
10,2012,sacramento river,11390500,USGS,knights landing,flow,mean,5722.276785714285
10,2012,sacramento river,11390500,USGS,knights landing,flow,min,5160
11,2012,sacramento river,11390500,USGS,knights landing,flow,max,17400
11,2012,sacramento river,11390500,USGS,knights landing,flow,mean,8764.017857142857
11,2012,sacramento river,11390500,USGS,knights landing,flow,min,5360
12,2012,sacramento river,11390500,USGS,knights landing,flow,max,19800
12,2012,sacramento river,11390500,USGS,knights landing,flow,mean,13599.380490134647
12,2012,sacramento river,11390500,USGS,knights landing,flow,min,8860
13,2012,sacramento river,11390500,USGS,knights landing,flow,max,24400
13,2012,sacramento river,11390500,USGS,knights landing,flow,mean,14390.13392857143
13,2012,sacramento river,11390500,USGS,knights landing,flow,min,9290
14,2012,sacramento river,11390500,USGS,knights landing,flow,max,20000
14,2012,sacramento river,11390500,USGS,knights landing,flow,mean,15284.523809523811
14,2012,sacramento river,11390500,USGS,knights landing,flow,min,10900
15,2012,sacramento river,11390500,USGS,knights landing,flow,max,15000
15,2012,sacramento river,11390500,USGS,knights landing,flow,mean,10553.348214285714
15,2012,sacramento river,11390500,USGS,knights landing,flow,min,8770
16,2012,sacramento river,11390500,USGS,knights landing,flow,max,17000
16,2012,sacramento river,11390500,USGS,knights landing,flow,mean,12789.140037593985
16,2012,sacramento river,11390500,USGS,knights landing,flow,min,10600
17,2012,sacramento river,11390500,USGS,knights landing,flow,max,12300
17,2012,sacramento river,11390500,USGS,knights landing,flow,mean,11043.30357142857
17,2012,sacramento river,11390500,USGS,knights landing,flow,min,10600
18,2012,sacramento river,11390500,USGS,knights landing,flow,max,12300
18,2012,sacramento river,11390500,USGS,knights landing,flow,mean,8587.589285714284
18,2012,sacramento river,11390500,USGS,knights landing,flow,min,5840
19,2012,sacramento river,11390500,USGS,knights landing,flow,max,5950
19,2012,sacramento river,11390500,USGS,knights landing,flow,mean,4886.458333333334
19,2012,sacramento river,11390500,USGS,knights landing,flow,min,4080
20,2012,sacramento river,11390500,USGS,knights landing,flow,max,5520
20,2012,sacramento river,11390500,USGS,knights landing,flow,mean,5025.491071428572
20,2012,sacramento river,11390500,USGS,knights landing,flow,min,4680
21,2012,sacramento river,11390500,USGS,knights landing,flow,max,6630
21,2012,sacramento river,11390500,USGS,knights landing,flow,mean,6133.511904761904
21,2012,sacramento river,11390500,USGS,knights landing,flow,min,5500
22,2012,sacramento river,11390500,USGS,knights landing,flow,max,6330
22,2012,sacramento river,11390500,USGS,knights landing,flow,mean,5989.404761904762
22,2012,sacramento river,11390500,USGS,knights landing,flow,min,5680
23,2012,sacramento river,11390500,USGS,knights landing,flow,max,7600
23,2012,sacramento river,11390500,USGS,knights landing,flow,mean,6610.565476190475
23,2012,sacramento river,11390500,USGS,knights landing,flow,min,5480
24,2012,sacramento river,11390500,USGS,knights landing,flow,max,7140
24,2012,sacramento river,11390500,USGS,knights landing,flow,mean,5865.520833333334
24,2012,sacramento river,11390500,USGS,knights landing,flow,min,4850
25,2012,sacramento river,11390500,USGS,knights landing,flow,max,6360
25,2012,sacramento river,11390500,USGS,knights landing,flow,mean,5889.255952380952
25,2012,sacramento river,11390500,USGS,knights landing,flow,min,5200
26,2012,sacramento river,11390500,USGS,knights landing,flow,max,8330
26,2012,sacramento river,11390500,USGS,knights landing,flow,mean,7494.464285714285
26,2012,sacramento river,11390500,USGS,knights landing,flow,min,6010
27,2012,sacramento river,11390500,USGS,knights landing,flow,max,8090
27,2012,sacramento river,11390500,USGS,knights landing,flow,mean,7903.482142857143
27,2012,sacramento river,11390500,USGS,knights landing,flow,min,7700
28,2012,sacramento river,11390500,USGS,knights landing,flow,max,8340
28,2012,sacramento river,11390500,USGS,knights landing,flow,mean,8142.053571428571
28,2012,sacramento river,11390500,USGS,knights landing,flow,min,7840
29,2012,sacramento river,11390500,USGS,knights landing,flow,max,8590
29,2012,sacramento river,11390500,USGS,knights landing,flow,mean,8312.781954887218
29,2012,sacramento river,11390500,USGS,knights landing,flow,min,7980
30,2012,sacramento river,11390500,USGS,knights landing,flow,max,8670
30,2012,sacramento river,11390500,USGS,knights landing,flow,mean,8500.238095238095
30,2012,sacramento river,11390500,USGS,knights landing,flow,min,8350
31,2012,sacramento river,11390500,USGS,knights landing,flow,max,8740
31,2012,sacramento river,11390500,USGS,knights landing,flow,mean,8583.690476190475
31,2012,sacramento river,11390500,USGS,knights landing,flow,min,8440
32,2012,sacramento river,11390500,USGS,knights landing,flow,max,8970
32,2012,sacramento river,11390500,USGS,knights landing,flow,mean,8674.895833333334
32,2012,sacramento river,11390500,USGS,knights landing,flow,min,8030
33,2012,sacramento river,11390500,USGS,knights landing,flow,max,8090
33,2012,sacramento river,11390500,USGS,knights landing,flow,mean,7078.288690476192
33,2012,sacramento river,11390500,USGS,knights landing,flow,min,6360
34,2012,sacramento river,11390500,USGS,knights landing,flow,max,6910
34,2012,sacramento river,11390500,USGS,knights landing,flow,mean,6659.122023809525
34,2012,sacramento river,11390500,USGS,knights landing,flow,min,6320
35,2012,sacramento river,11390500,USGS,knights landing,flow,max,7020
35,2012,sacramento river,11390500,USGS,knights landing,flow,mean,6599.642857142857
35,2012,sacramento river,11390500,USGS,knights landing,flow,min,6270
36,2012,sacramento river,11390500,USGS,knights landing,flow,max,7300
36,2012,sacramento river,11390500,USGS,knights landing,flow,mean,7053.703164160402
36,2012,sacramento river,11390500,USGS,knights landing,flow,min,6690
37,2012,sacramento river,11390500,USGS,knights landing,flow,max,7390
37,2012,sacramento river,11390500,USGS,knights landing,flow,mean,7053.333333333333
37,2012,sacramento river,11390500,USGS,knights landing,flow,min,6620
38,2012,sacramento river,11390500,USGS,knights landing,flow,max,6770
38,2012,sacramento river,11390500,USGS,knights landing,flow,mean,6635.431547619048
38,2012,sacramento river,11390500,USGS,knights landing,flow,min,6490
39,2012,sacramento river,11390500,USGS,knights landing,flow,max,6670
39,2012,sacramento river,11390500,USGS,knights landing,flow,mean,6361.502976190476
39,2012,sacramento river,11390500,USGS,knights landing,flow,min,6000
40,2012,sacramento river,11390500,USGS,knights landing,flow,max,6040
40,2012,sacramento river,11390500,USGS,knights landing,flow,mean,5949.464285714284
40,2012,sacramento river,11390500,USGS,knights landing,flow,min,5760
41,2012,sacramento river,11390500,USGS,knights landing,flow,max,5790
41,2012,sacramento river,11390500,USGS,knights landing,flow,mean,5594.062500000001
41,2012,sacramento river,11390500,USGS,knights landing,flow,min,5270
42,2012,sacramento river,11390500,USGS,knights landing,flow,max,5420
42,2012,sacramento river,11390500,USGS,knights landing,flow,mean,5073.928571428572
42,2012,sacramento river,11390500,USGS,knights landing,flow,min,4650
43,2012,sacramento river,11390500,USGS,knights landing,flow,max,5930
43,2012,sacramento river,11390500,USGS,knights landing,flow,mean,5413.110119047618
43,2012,sacramento river,11390500,USGS,knights landing,flow,min,4700
44,2012,sacramento river,11390500,USGS,knights landing,flow,max,5580
44,2012,sacramento river,11390500,USGS,knights landing,flow,mean,5162.351190476191
44,2012,sacramento river,11390500,USGS,knights landing,flow,min,4770
45,2012,sacramento river,11390500,USGS,knights landing,flow,max,5290
45,2012,sacramento river,11390500,USGS,knights landing,flow,mean,4851.741071428572
45,2012,sacramento river,11390500,USGS,knights landing,flow,min,4260
46,2012,sacramento river,11390500,USGS,knights landing,flow,max,4550
46,2012,sacramento river,11390500,USGS,knights landing,flow,mean,4197.046130952381
46,2012,sacramento river,11390500,USGS,knights landing,flow,min,4050
47,2012,sacramento river,11390500,USGS,knights landing,flow,max,11100
47,2012,sacramento river,11390500,USGS,knights landing,flow,mean,7707.142857142857
47,2012,sacramento river,11390500,USGS,knights landing,flow,min,4510
48,2012,sacramento river,11390500,USGS,knights landing,flow,max,21600
48,2012,sacramento river,11390500,USGS,knights landing,flow,mean,7562.098214285715
48,2012,sacramento river,11390500,USGS,knights landing,flow,min,5850
49,2012,sacramento river,11390500,USGS,knights landing,flow,max,27000
49,2012,sacramento river,11390500,USGS,knights landing,flow,mean,24877.678571428572
49,2012,sacramento river,11390500,USGS,knights landing,flow,min,21800
50,2012,sacramento river,11390500,USGS,knights landing,flow,max,23300
50,2012,sacramento river,11390500,USGS,knights landing,flow,mean,15017.708333333332
50,2012,sacramento river,11390500,USGS,knights landing,flow,min,10300
51,2012,sacramento river,11390500,USGS,knights landing,flow,max,23200
51,2012,sacramento river,11390500,USGS,knights landing,flow,mean,11939.270833333332
51,2012,sacramento river,11390500,USGS,knights landing,flow,min,9510
52,2012,sacramento river,11390500,USGS,knights landing,flow,max,27100
52,2012,sacramento river,11390500,USGS,knights landing,flow,mean,25765.029761904763
52,2012,sacramento river,11390500,USGS,knights landing,flow,min,23000
53,2012,sacramento river,11390500,USGS,knights landing,flow,max,23000
53,2012,sacramento river,11390500,USGS,knights landing,flow,mean,20244.270833333336
53,2012,sacramento river,11390500,USGS,knights landing,flow,min,17800
1,2013,sacramento river,11390500,USGS,knights landing,flow,max,17900
1,2013,sacramento river,11390500,USGS,knights landing,flow,mean,12876.041666666668
1,2013,sacramento river,11390500,USGS,knights landing,flow,min,10700
2,2013,sacramento river,11390500,USGS,knights landing,flow,max,10800
2,2013,sacramento river,11390500,USGS,knights landing,flow,mean,10568.898809523811
2,2013,sacramento river,11390500,USGS,knights landing,flow,min,10000
3,2013,sacramento river,11390500,USGS,knights landing,flow,max,10000
3,2013,sacramento river,11390500,USGS,knights landing,flow,mean,9148.92857142857
3,2013,sacramento river,11390500,USGS,knights landing,flow,min,8380
4,2013,sacramento river,11390500,USGS,knights landing,flow,max,11000
4,2013,sacramento river,11390500,USGS,knights landing,flow,mean,9501.428571428574
4,2013,sacramento river,11390500,USGS,knights landing,flow,min,8450
5,2013,sacramento river,11390500,USGS,knights landing,flow,max,11000
5,2013,sacramento river,11390500,USGS,knights landing,flow,mean,10019.285714285714
5,2013,sacramento river,11390500,USGS,knights landing,flow,min,9470
6,2013,sacramento river,11390500,USGS,knights landing,flow,max,9490
6,2013,sacramento river,11390500,USGS,knights landing,flow,mean,9061.502976190475
6,2013,sacramento river,11390500,USGS,knights landing,flow,min,8660
7,2013,sacramento river,11390500,USGS,knights landing,flow,max,8710
7,2013,sacramento river,11390500,USGS,knights landing,flow,mean,7636.860119047619
7,2013,sacramento river,11390500,USGS,knights landing,flow,min,7060
8,2013,sacramento river,11390500,USGS,knights landing,flow,max,7180
8,2013,sacramento river,11390500,USGS,knights landing,flow,mean,6953.035714285713
8,2013,sacramento river,11390500,USGS,knights landing,flow,min,6630
9,2013,sacramento river,11390500,USGS,knights landing,flow,max,6650
9,2013,sacramento river,11390500,USGS,knights landing,flow,mean,6412.857142857143
9,2013,sacramento river,11390500,USGS,knights landing,flow,min,6230
10,2013,sacramento river,11390500,USGS,knights landing,flow,max,7100
10,2013,sacramento river,11390500,USGS,knights landing,flow,mean,6541.175595238096
10,2013,sacramento river,11390500,USGS,knights landing,flow,min,6150
11,2013,sacramento river,11390500,USGS,knights landing,flow,max,7040
11,2013,sacramento river,11390500,USGS,knights landing,flow,mean,6815.565476190476
11,2013,sacramento river,11390500,USGS,knights landing,flow,min,6550
12,2013,sacramento river,11390500,USGS,knights landing,flow,max,7990
12,2013,sacramento river,11390500,USGS,knights landing,flow,mean,7125.327380952382
12,2013,sacramento river,11390500,USGS,knights landing,flow,min,6640
13,2013,sacramento river,11390500,USGS,knights landing,flow,max,7780
13,2013,sacramento river,11390500,USGS,knights landing,flow,mean,6550.461309523809
13,2013,sacramento river,11390500,USGS,knights landing,flow,min,5950
14,2013,sacramento river,11390500,USGS,knights landing,flow,max,10600
14,2013,sacramento river,11390500,USGS,knights landing,flow,mean,9485.699404761905
14,2013,sacramento river,11390500,USGS,knights landing,flow,min,7780
15,2013,sacramento river,11390500,USGS,knights landing,flow,max,10500
15,2013,sacramento river,11390500,USGS,knights landing,flow,mean,9116.904761904763
15,2013,sacramento river,11390500,USGS,knights landing,flow,min,7480
16,2013,sacramento river,11390500,USGS,knights landing,flow,max,7490
16,2013,sacramento river,11390500,USGS,knights landing,flow,mean,5216.5327380952385
16,2013,sacramento river,11390500,USGS,knights landing,flow,min,3780
17,2013,sacramento river,11390500,USGS,knights landing,flow,max,5540
17,2013,sacramento river,11390500,USGS,knights landing,flow,mean,4126.517857142858
17,2013,sacramento river,11390500,USGS,knights landing,flow,min,3190
18,2013,sacramento river,11390500,USGS,knights landing,flow,max,5900
18,2013,sacramento river,11390500,USGS,knights landing,flow,mean,5152.589285714285
18,2013,sacramento river,11390500,USGS,knights landing,flow,min,4220
19,2013,sacramento river,11390500,USGS,knights landing,flow,max,7470
19,2013,sacramento river,11390500,USGS,knights landing,flow,mean,6378.214285714285
19,2013,sacramento river,11390500,USGS,knights landing,flow,min,4510
20,2013,sacramento river,11390500,USGS,knights landing,flow,max,7660
20,2013,sacramento river,11390500,USGS,knights landing,flow,mean,7365.773809523809
20,2013,sacramento river,11390500,USGS,knights landing,flow,min,7090
21,2013,sacramento river,11390500,USGS,knights landing,flow,max,7780
21,2013,sacramento river,11390500,USGS,knights landing,flow,mean,7533.988095238096
21,2013,sacramento river,11390500,USGS,knights landing,flow,min,7290
22,2013,sacramento river,11390500,USGS,knights landing,flow,max,8110
22,2013,sacramento river,11390500,USGS,knights landing,flow,mean,7666.220238095238
22,2013,sacramento river,11390500,USGS,knights landing,flow,min,7090
23,2013,sacramento river,11390500,USGS,knights landing,flow,max,7480
23,2013,sacramento river,11390500,USGS,knights landing,flow,mean,6725.0744047619055
23,2013,sacramento river,11390500,USGS,knights landing,flow,min,5710
24,2013,sacramento river,11390500,USGS,knights landing,flow,max,8030
24,2013,sacramento river,11390500,USGS,knights landing,flow,mean,7782.931547619048
24,2013,sacramento river,11390500,USGS,knights landing,flow,min,7390
25,2013,sacramento river,11390500,USGS,knights landing,flow,max,7850
25,2013,sacramento river,11390500,USGS,knights landing,flow,mean,7143.89880952381
25,2013,sacramento river,11390500,USGS,knights landing,flow,min,6760
26,2013,sacramento river,11390500,USGS,knights landing,flow,max,9640
26,2013,sacramento river,11390500,USGS,knights landing,flow,mean,8535.669642857143
26,2013,sacramento river,11390500,USGS,knights landing,flow,min,7070
27,2013,sacramento river,11390500,USGS,knights landing,flow,max,8740
27,2013,sacramento river,11390500,USGS,knights landing,flow,mean,8163.184523809525
27,2013,sacramento river,11390500,USGS,knights landing,flow,min,7490
28,2013,sacramento river,11390500,USGS,knights landing,flow,max,8350
28,2013,sacramento river,11390500,USGS,knights landing,flow,mean,8063.214285714287
28,2013,sacramento river,11390500,USGS,knights landing,flow,min,7820
29,2013,sacramento river,11390500,USGS,knights landing,flow,max,8130
29,2013,sacramento river,11390500,USGS,knights landing,flow,mean,7799.776785714285
29,2013,sacramento river,11390500,USGS,knights landing,flow,min,7600
30,2013,sacramento river,11390500,USGS,knights landing,flow,max,8180
30,2013,sacramento river,11390500,USGS,knights landing,flow,mean,8074.880952380953
30,2013,sacramento river,11390500,USGS,knights landing,flow,min,7980
31,2013,sacramento river,11390500,USGS,knights landing,flow,max,8160
31,2013,sacramento river,11390500,USGS,knights landing,flow,mean,7159.495630699088
31,2013,sacramento river,11390500,USGS,knights landing,flow,min,6680
32,2013,sacramento river,11390500,USGS,knights landing,flow,max,6750
32,2013,sacramento river,11390500,USGS,knights landing,flow,mean,6590.14880952381
32,2013,sacramento river,11390500,USGS,knights landing,flow,min,6370
33,2013,sacramento river,11390500,USGS,knights landing,flow,max,7540
33,2013,sacramento river,11390500,USGS,knights landing,flow,mean,7035.119047619048
33,2013,sacramento river,11390500,USGS,knights landing,flow,min,6610
34,2013,sacramento river,11390500,USGS,knights landing,flow,max,7070
34,2013,sacramento river,11390500,USGS,knights landing,flow,mean,6767.782738095238
34,2013,sacramento river,11390500,USGS,knights landing,flow,min,6460
35,2013,sacramento river,11390500,USGS,knights landing,flow,max,6880
35,2013,sacramento river,11390500,USGS,knights landing,flow,mean,6376.577380952382
35,2013,sacramento river,11390500,USGS,knights landing,flow,min,5920
36,2013,sacramento river,11390500,USGS,knights landing,flow,max,6320
36,2013,sacramento river,11390500,USGS,knights landing,flow,mean,6175.3869047619055
36,2013,sacramento river,11390500,USGS,knights landing,flow,min,5970
37,2013,sacramento river,11390500,USGS,knights landing,flow,max,6900
37,2013,sacramento river,11390500,USGS,knights landing,flow,mean,6488.645833333334
37,2013,sacramento river,11390500,USGS,knights landing,flow,min,6160
38,2013,sacramento river,11390500,USGS,knights landing,flow,max,7050
38,2013,sacramento river,11390500,USGS,knights landing,flow,mean,6703.7202380952385
38,2013,sacramento river,11390500,USGS,knights landing,flow,min,6370
39,2013,sacramento river,11390500,USGS,knights landing,flow,max,7050
39,2013,sacramento river,11390500,USGS,knights landing,flow,mean,6711.994047619047
39,2013,sacramento river,11390500,USGS,knights landing,flow,min,6120
40,2013,sacramento river,11390500,USGS,knights landing,flow,max,6170
40,2013,sacramento river,11390500,USGS,knights landing,flow,mean,5739.389880952382
40,2013,sacramento river,11390500,USGS,knights landing,flow,min,5550
41,2013,sacramento river,11390500,USGS,knights landing,flow,max,5600
41,2013,sacramento river,11390500,USGS,knights landing,flow,mean,5009.7619047619055
41,2013,sacramento river,11390500,USGS,knights landing,flow,min,4570
42,2013,sacramento river,11390500,USGS,knights landing,flow,max,4660
42,2013,sacramento river,11390500,USGS,knights landing,flow,mean,4083.7351190476193
42,2013,sacramento river,11390500,USGS,knights landing,flow,min,3480
43,2013,sacramento river,11390500,USGS,knights landing,flow,max,4030
43,2013,sacramento river,11390500,USGS,knights landing,flow,mean,3543.556547619048
43,2013,sacramento river,11390500,USGS,knights landing,flow,min,3270
44,2013,sacramento river,11390500,USGS,knights landing,flow,max,5810
44,2013,sacramento river,11390500,USGS,knights landing,flow,mean,4861.369047619047
44,2013,sacramento river,11390500,USGS,knights landing,flow,min,3720
45,2013,sacramento river,11390500,USGS,knights landing,flow,max,5590
45,2013,sacramento river,11390500,USGS,knights landing,flow,mean,5116.800595238096
45,2013,sacramento river,11390500,USGS,knights landing,flow,min,4570
46,2013,sacramento river,11390500,USGS,knights landing,flow,max,4600
46,2013,sacramento river,11390500,USGS,knights landing,flow,mean,4454.568452380952
46,2013,sacramento river,11390500,USGS,knights landing,flow,min,4220
47,2013,sacramento river,11390500,USGS,knights landing,flow,max,5080
47,2013,sacramento river,11390500,USGS,knights landing,flow,mean,4687.752976190476
47,2013,sacramento river,11390500,USGS,knights landing,flow,min,4280
48,2013,sacramento river,11390500,USGS,knights landing,flow,max,4780
48,2013,sacramento river,11390500,USGS,knights landing,flow,mean,4556.666666666667
48,2013,sacramento river,11390500,USGS,knights landing,flow,min,4480
49,2013,sacramento river,11390500,USGS,knights landing,flow,max,4790
49,2013,sacramento river,11390500,USGS,knights landing,flow,mean,4514.285714285714
49,2013,sacramento river,11390500,USGS,knights landing,flow,min,4370
50,2013,sacramento river,11390500,USGS,knights landing,flow,max,4660
50,2013,sacramento river,11390500,USGS,knights landing,flow,mean,4611.130952380952
50,2013,sacramento river,11390500,USGS,knights landing,flow,min,4550
51,2013,sacramento river,11390500,USGS,knights landing,flow,max,4730
51,2013,sacramento river,11390500,USGS,knights landing,flow,mean,4641.235119047619
51,2013,sacramento river,11390500,USGS,knights landing,flow,min,4570
52,2013,sacramento river,11390500,USGS,knights landing,flow,max,4710
52,2013,sacramento river,11390500,USGS,knights landing,flow,mean,4646.011904761905
52,2013,sacramento river,11390500,USGS,knights landing,flow,min,4590
53,2013,sacramento river,11390500,USGS,knights landing,flow,max,4750
53,2013,sacramento river,11390500,USGS,knights landing,flow,mean,4708.125
53,2013,sacramento river,11390500,USGS,knights landing,flow,min,4680
1,2014,sacramento river,11390500,USGS,knights landing,flow,max,4730
1,2014,sacramento river,11390500,USGS,knights landing,flow,mean,4497.053571428572
1,2014,sacramento river,11390500,USGS,knights landing,flow,min,4090
2,2014,sacramento river,11390500,USGS,knights landing,flow,max,4090
2,2014,sacramento river,11390500,USGS,knights landing,flow,mean,3837.901785714286
2,2014,sacramento river,11390500,USGS,knights landing,flow,min,3690
3,2014,sacramento river,11390500,USGS,knights landing,flow,max,3920
3,2014,sacramento river,11390500,USGS,knights landing,flow,mean,3592.4851190476193
3,2014,sacramento river,11390500,USGS,knights landing,flow,min,3430
4,2014,sacramento river,11390500,USGS,knights landing,flow,max,3510
4,2014,sacramento river,11390500,USGS,knights landing,flow,mean,3442.738095238095
4,2014,sacramento river,11390500,USGS,knights landing,flow,min,3270
5,2014,sacramento river,11390500,USGS,knights landing,flow,max,4280
5,2014,sacramento river,11390500,USGS,knights landing,flow,mean,3774.21130952381
5,2014,sacramento river,11390500,USGS,knights landing,flow,min,3250
6,2014,sacramento river,11390500,USGS,knights landing,flow,max,15900
6,2014,sacramento river,11390500,USGS,knights landing,flow,mean,5777.142857142857
6,2014,sacramento river,11390500,USGS,knights landing,flow,min,3740
7,2014,sacramento river,11390500,USGS,knights landing,flow,max,16000
7,2014,sacramento river,11390500,USGS,knights landing,flow,mean,8396.488095238095
7,2014,sacramento river,11390500,USGS,knights landing,flow,min,6370
8,2014,sacramento river,11390500,USGS,knights landing,flow,max,6860
8,2014,sacramento river,11390500,USGS,knights landing,flow,mean,5113.7797619047615
8,2014,sacramento river,11390500,USGS,knights landing,flow,min,4170
9,2014,sacramento river,11390500,USGS,knights landing,flow,max,14000
9,2014,sacramento river,11390500,USGS,knights landing,flow,mean,8665.967261904761
9,2014,sacramento river,11390500,USGS,knights landing,flow,min,4140
10,2014,sacramento river,11390500,USGS,knights landing,flow,max,21700
10,2014,sacramento river,11390500,USGS,knights landing,flow,mean,15099.70238095238
10,2014,sacramento river,11390500,USGS,knights landing,flow,min,9740
11,2014,sacramento river,11390500,USGS,knights landing,flow,max,21700
11,2014,sacramento river,11390500,USGS,knights landing,flow,mean,11575.282738095239
11,2014,sacramento river,11390500,USGS,knights landing,flow,min,6240
12,2014,sacramento river,11390500,USGS,knights landing,flow,max,6240
12,2014,sacramento river,11390500,USGS,knights landing,flow,mean,5228.1994047619055
12,2014,sacramento river,11390500,USGS,knights landing,flow,min,4890
13,2014,sacramento river,11390500,USGS,knights landing,flow,max,15300
13,2014,sacramento river,11390500,USGS,knights landing,flow,mean,7520.148809523809
13,2014,sacramento river,11390500,USGS,knights landing,flow,min,4880
14,2014,sacramento river,11390500,USGS,knights landing,flow,max,12200
14,2014,sacramento river,11390500,USGS,knights landing,flow,mean,9618.00595238095
14,2014,sacramento river,11390500,USGS,knights landing,flow,min,6990
15,2014,sacramento river,11390500,USGS,knights landing,flow,max,7000
15,2014,sacramento river,11390500,USGS,knights landing,flow,mean,6208.8244047619055
15,2014,sacramento river,11390500,USGS,knights landing,flow,min,5170
16,2014,sacramento river,11390500,USGS,knights landing,flow,max,5180
16,2014,sacramento river,11390500,USGS,knights landing,flow,mean,4770.5505952380945
16,2014,sacramento river,11390500,USGS,knights landing,flow,min,4510
17,2014,sacramento river,11390500,USGS,knights landing,flow,max,4710
17,2014,sacramento river,11390500,USGS,knights landing,flow,mean,4264.464285714285
17,2014,sacramento river,11390500,USGS,knights landing,flow,min,3870
18,2014,sacramento river,11390500,USGS,knights landing,flow,max,4030
18,2014,sacramento river,11390500,USGS,knights landing,flow,mean,3657.7529761904766
18,2014,sacramento river,11390500,USGS,knights landing,flow,min,3360
19,2014,sacramento river,11390500,USGS,knights landing,flow,max,3640
19,2014,sacramento river,11390500,USGS,knights landing,flow,mean,3493.690476190476
19,2014,sacramento river,11390500,USGS,knights landing,flow,min,3270
20,2014,sacramento river,11390500,USGS,knights landing,flow,max,3580
20,2014,sacramento river,11390500,USGS,knights landing,flow,mean,3294.8660714285716
20,2014,sacramento river,11390500,USGS,knights landing,flow,min,3060
21,2014,sacramento river,11390500,USGS,knights landing,flow,max,4110
21,2014,sacramento river,11390500,USGS,knights landing,flow,mean,3808.571428571428
21,2014,sacramento river,11390500,USGS,knights landing,flow,min,3470
22,2014,sacramento river,11390500,USGS,knights landing,flow,max,5010
22,2014,sacramento river,11390500,USGS,knights landing,flow,mean,4540.997023809524
22,2014,sacramento river,11390500,USGS,knights landing,flow,min,4010
23,2014,sacramento river,11390500,USGS,knights landing,flow,max,5100
23,2014,sacramento river,11390500,USGS,knights landing,flow,mean,4895.014880952382
23,2014,sacramento river,11390500,USGS,knights landing,flow,min,4680
24,2014,sacramento river,11390500,USGS,knights landing,flow,max,4710
24,2014,sacramento river,11390500,USGS,knights landing,flow,mean,4511.696428571428
24,2014,sacramento river,11390500,USGS,knights landing,flow,min,4270
25,2014,sacramento river,11390500,USGS,knights landing,flow,max,6510
25,2014,sacramento river,11390500,USGS,knights landing,flow,mean,5087.648809523809
25,2014,sacramento river,11390500,USGS,knights landing,flow,min,4480
26,2014,sacramento river,11390500,USGS,knights landing,flow,max,6390
26,2014,sacramento river,11390500,USGS,knights landing,flow,mean,5787.723214285715
26,2014,sacramento river,11390500,USGS,knights landing,flow,min,5010
27,2014,sacramento river,11390500,USGS,knights landing,flow,max,5100
27,2014,sacramento river,11390500,USGS,knights landing,flow,mean,4613.318452380952
27,2014,sacramento river,11390500,USGS,knights landing,flow,min,4400
28,2014,sacramento river,11390500,USGS,knights landing,flow,max,4870
28,2014,sacramento river,11390500,USGS,knights landing,flow,mean,4724.375
28,2014,sacramento river,11390500,USGS,knights landing,flow,min,4540
29,2014,sacramento river,11390500,USGS,knights landing,flow,max,5200
29,2014,sacramento river,11390500,USGS,knights landing,flow,mean,4837.678571428572
29,2014,sacramento river,11390500,USGS,knights landing,flow,min,4620
30,2014,sacramento river,11390500,USGS,knights landing,flow,max,5310
30,2014,sacramento river,11390500,USGS,knights landing,flow,mean,5178.2589285714275
30,2014,sacramento river,11390500,USGS,knights landing,flow,min,5040
31,2014,sacramento river,11390500,USGS,knights landing,flow,max,5250
31,2014,sacramento river,11390500,USGS,knights landing,flow,mean,4869.226190476191
31,2014,sacramento river,11390500,USGS,knights landing,flow,min,4690
32,2014,sacramento river,11390500,USGS,knights landing,flow,max,5560
32,2014,sacramento river,11390500,USGS,knights landing,flow,mean,5270.684523809525
32,2014,sacramento river,11390500,USGS,knights landing,flow,min,4870
33,2014,sacramento river,11390500,USGS,knights landing,flow,max,5190
33,2014,sacramento river,11390500,USGS,knights landing,flow,mean,4656.39880952381
33,2014,sacramento river,11390500,USGS,knights landing,flow,min,4420
34,2014,sacramento river,11390500,USGS,knights landing,flow,max,4860
34,2014,sacramento river,11390500,USGS,knights landing,flow,mean,4516.622023809524
34,2014,sacramento river,11390500,USGS,knights landing,flow,min,4290
35,2014,sacramento river,11390500,USGS,knights landing,flow,max,5120
35,2014,sacramento river,11390500,USGS,knights landing,flow,mean,4901.875
35,2014,sacramento river,11390500,USGS,knights landing,flow,min,4630
36,2014,sacramento river,11390500,USGS,knights landing,flow,max,5280
36,2014,sacramento river,11390500,USGS,knights landing,flow,mean,5099.895833333334
36,2014,sacramento river,11390500,USGS,knights landing,flow,min,4840
37,2014,sacramento river,11390500,USGS,knights landing,flow,max,4990
37,2014,sacramento river,11390500,USGS,knights landing,flow,mean,4877.886904761904
37,2014,sacramento river,11390500,USGS,knights landing,flow,min,4690
38,2014,sacramento river,11390500,USGS,knights landing,flow,max,4930
38,2014,sacramento river,11390500,USGS,knights landing,flow,mean,4813.214285714285
38,2014,sacramento river,11390500,USGS,knights landing,flow,min,4710
39,2014,sacramento river,11390500,USGS,knights landing,flow,max,5180
39,2014,sacramento river,11390500,USGS,knights landing,flow,mean,4791.681547619047
39,2014,sacramento river,11390500,USGS,knights landing,flow,min,4460
40,2014,sacramento river,11390500,USGS,knights landing,flow,max,4540
40,2014,sacramento river,11390500,USGS,knights landing,flow,mean,4405.193452380952
40,2014,sacramento river,11390500,USGS,knights landing,flow,min,4130
41,2014,sacramento river,11390500,USGS,knights landing,flow,max,4190
41,2014,sacramento river,11390500,USGS,knights landing,flow,mean,3796.3244047619046
41,2014,sacramento river,11390500,USGS,knights landing,flow,min,3520
42,2014,sacramento river,11390500,USGS,knights landing,flow,max,3740
42,2014,sacramento river,11390500,USGS,knights landing,flow,mean,3647.5595238095243
42,2014,sacramento river,11390500,USGS,knights landing,flow,min,3550
43,2014,sacramento river,11390500,USGS,knights landing,flow,max,4630
43,2014,sacramento river,11390500,USGS,knights landing,flow,mean,4003.0357142857138
43,2014,sacramento river,11390500,USGS,knights landing,flow,min,3690
44,2014,sacramento river,11390500,USGS,knights landing,flow,max,5140
44,2014,sacramento river,11390500,USGS,knights landing,flow,mean,4502.440476190475
44,2014,sacramento river,11390500,USGS,knights landing,flow,min,4030
45,2014,sacramento river,11390500,USGS,knights landing,flow,max,5110
45,2014,sacramento river,11390500,USGS,knights landing,flow,mean,4971.011904761904
45,2014,sacramento river,11390500,USGS,knights landing,flow,min,4860
46,2014,sacramento river,11390500,USGS,knights landing,flow,max,5170
46,2014,sacramento river,11390500,USGS,knights landing,flow,mean,5068.7797619047615
46,2014,sacramento river,11390500,USGS,knights landing,flow,min,4940
47,2014,sacramento river,11390500,USGS,knights landing,flow,max,6360
47,2014,sacramento river,11390500,USGS,knights landing,flow,mean,5322.455357142857
47,2014,sacramento river,11390500,USGS,knights landing,flow,min,4950
48,2014,sacramento river,11390500,USGS,knights landing,flow,max,7740
48,2014,sacramento river,11390500,USGS,knights landing,flow,mean,5484.880952380953
48,2014,sacramento river,11390500,USGS,knights landing,flow,min,4890
49,2014,sacramento river,11390500,USGS,knights landing,flow,max,23000
49,2014,sacramento river,11390500,USGS,knights landing,flow,mean,14847.00892857143
49,2014,sacramento river,11390500,USGS,knights landing,flow,min,7690
50,2014,sacramento river,11390500,USGS,knights landing,flow,max,27200
50,2014,sacramento river,11390500,USGS,knights landing,flow,mean,19617.946428571428
50,2014,sacramento river,11390500,USGS,knights landing,flow,min,9390
51,2014,sacramento river,11390500,USGS,knights landing,flow,max,26100
51,2014,sacramento river,11390500,USGS,knights landing,flow,mean,25218.005952380954
51,2014,sacramento river,11390500,USGS,knights landing,flow,min,22000
52,2014,sacramento river,11390500,USGS,knights landing,flow,max,24600
52,2014,sacramento river,11390500,USGS,knights landing,flow,mean,16794.196428571428
52,2014,sacramento river,11390500,USGS,knights landing,flow,min,11700
53,2014,sacramento river,11390500,USGS,knights landing,flow,max,11800
53,2014,sacramento river,11390500,USGS,knights landing,flow,mean,11800
53,2014,sacramento river,11390500,USGS,knights landing,flow,min,11800
1,2015,sacramento river,11390500,USGS,knights landing,flow,max,10700
1,2015,sacramento river,11390500,USGS,knights landing,flow,mean,8903.199404761905
1,2015,sacramento river,11390500,USGS,knights landing,flow,min,7670
2,2015,sacramento river,11390500,USGS,knights landing,flow,max,7680
2,2015,sacramento river,11390500,USGS,knights landing,flow,mean,7010.193452380952
2,2015,sacramento river,11390500,USGS,knights landing,flow,min,6330
3,2015,sacramento river,11390500,USGS,knights landing,flow,max,6360
3,2015,sacramento river,11390500,USGS,knights landing,flow,mean,6166.532738095238
3,2015,sacramento river,11390500,USGS,knights landing,flow,min,6070
4,2015,sacramento river,11390500,USGS,knights landing,flow,max,6170
4,2015,sacramento river,11390500,USGS,knights landing,flow,mean,5871.458333333334
4,2015,sacramento river,11390500,USGS,knights landing,flow,min,5710
5,2015,sacramento river,11390500,USGS,knights landing,flow,max,5760
5,2015,sacramento river,11390500,USGS,knights landing,flow,mean,5668.110119047619
5,2015,sacramento river,11390500,USGS,knights landing,flow,min,5580
6,2015,sacramento river,11390500,USGS,knights landing,flow,max,25200
6,2015,sacramento river,11390500,USGS,knights landing,flow,mean,15467.470238095239
6,2015,sacramento river,11390500,USGS,knights landing,flow,min,5630
7,2015,sacramento river,11390500,USGS,knights landing,flow,max,23800
7,2015,sacramento river,11390500,USGS,knights landing,flow,mean,14674.88095238095
7,2015,sacramento river,11390500,USGS,knights landing,flow,min,9920
8,2015,sacramento river,11390500,USGS,knights landing,flow,max,10000
8,2015,sacramento river,11390500,USGS,knights landing,flow,mean,8573.720238095239
8,2015,sacramento river,11390500,USGS,knights landing,flow,min,7330
9,2015,sacramento river,11390500,USGS,knights landing,flow,max,7330
9,2015,sacramento river,11390500,USGS,knights landing,flow,mean,6581.056547619047
9,2015,sacramento river,11390500,USGS,knights landing,flow,min,5930
10,2015,sacramento river,11390500,USGS,knights landing,flow,max,5940
10,2015,sacramento river,11390500,USGS,knights landing,flow,mean,5428.616071428572
10,2015,sacramento river,11390500,USGS,knights landing,flow,min,5070
11,2015,sacramento river,11390500,USGS,knights landing,flow,max,5220
11,2015,sacramento river,11390500,USGS,knights landing,flow,mean,5054.6875
11,2015,sacramento river,11390500,USGS,knights landing,flow,min,4830
12,2015,sacramento river,11390500,USGS,knights landing,flow,max,4860
12,2015,sacramento river,11390500,USGS,knights landing,flow,mean,4532.4702380952385
12,2015,sacramento river,11390500,USGS,knights landing,flow,min,4320
13,2015,sacramento river,11390500,USGS,knights landing,flow,max,4450
13,2015,sacramento river,11390500,USGS,knights landing,flow,mean,4042.2172619047624
13,2015,sacramento river,11390500,USGS,knights landing,flow,min,3800
14,2015,sacramento river,11390500,USGS,knights landing,flow,max,4460
14,2015,sacramento river,11390500,USGS,knights landing,flow,mean,4092.0982142857147
14,2015,sacramento river,11390500,USGS,knights landing,flow,min,3730
15,2015,sacramento river,11390500,USGS,knights landing,flow,max,4650
15,2015,sacramento river,11390500,USGS,knights landing,flow,mean,4461.08630952381
15,2015,sacramento river,11390500,USGS,knights landing,flow,min,4140
16,2015,sacramento river,11390500,USGS,knights landing,flow,max,4190
16,2015,sacramento river,11390500,USGS,knights landing,flow,mean,3933.0357142857147
16,2015,sacramento river,11390500,USGS,knights landing,flow,min,3470
17,2015,sacramento river,11390500,USGS,knights landing,flow,max,4350
17,2015,sacramento river,11390500,USGS,knights landing,flow,mean,3949.0029761904766
17,2015,sacramento river,11390500,USGS,knights landing,flow,min,3400
18,2015,sacramento river,11390500,USGS,knights landing,flow,max,3970
18,2015,sacramento river,11390500,USGS,knights landing,flow,mean,3737.8125
18,2015,sacramento river,11390500,USGS,knights landing,flow,min,3490
19,2015,sacramento river,11390500,USGS,knights landing,flow,max,3890
19,2015,sacramento river,11390500,USGS,knights landing,flow,mean,3686.949404761905
19,2015,sacramento river,11390500,USGS,knights landing,flow,min,3580
20,2015,sacramento river,11390500,USGS,knights landing,flow,max,4680
20,2015,sacramento river,11390500,USGS,knights landing,flow,mean,4101.235119047619
20,2015,sacramento river,11390500,USGS,knights landing,flow,min,3700
21,2015,sacramento river,11390500,USGS,knights landing,flow,max,5370
21,2015,sacramento river,11390500,USGS,knights landing,flow,mean,5034.151785714285
21,2015,sacramento river,11390500,USGS,knights landing,flow,min,4700
22,2015,sacramento river,11390500,USGS,knights landing,flow,max,4910
22,2015,sacramento river,11390500,USGS,knights landing,flow,mean,4289.122023809524
22,2015,sacramento river,11390500,USGS,knights landing,flow,min,4000
23,2015,sacramento river,11390500,USGS,knights landing,flow,max,4450
23,2015,sacramento river,11390500,USGS,knights landing,flow,mean,4063.184523809524
23,2015,sacramento river,11390500,USGS,knights landing,flow,min,3750
24,2015,sacramento river,11390500,USGS,knights landing,flow,max,3770
24,2015,sacramento river,11390500,USGS,knights landing,flow,mean,3505.9077380952376
24,2015,sacramento river,11390500,USGS,knights landing,flow,min,3280
25,2015,sacramento river,11390500,USGS,knights landing,flow,max,3280
25,2015,sacramento river,11390500,USGS,knights landing,flow,mean,3146.4158834586465
25,2015,sacramento river,11390500,USGS,knights landing,flow,min,3040
26,2015,sacramento river,11390500,USGS,knights landing,flow,max,3110
26,2015,sacramento river,11390500,USGS,knights landing,flow,mean,2963.348214285714
26,2015,sacramento river,11390500,USGS,knights landing,flow,min,2860
27,2015,sacramento river,11390500,USGS,knights landing,flow,max,3160
27,2015,sacramento river,11390500,USGS,knights landing,flow,mean,3007.6488095238096
27,2015,sacramento river,11390500,USGS,knights landing,flow,min,2910
28,2015,sacramento river,11390500,USGS,knights landing,flow,max,3350
28,2015,sacramento river,11390500,USGS,knights landing,flow,mean,3197.752976190476
28,2015,sacramento river,11390500,USGS,knights landing,flow,min,3060
29,2015,sacramento river,11390500,USGS,knights landing,flow,max,3440
29,2015,sacramento river,11390500,USGS,knights landing,flow,mean,3224.508928571428
29,2015,sacramento river,11390500,USGS,knights landing,flow,min,3100
30,2015,sacramento river,11390500,USGS,knights landing,flow,max,3180
30,2015,sacramento river,11390500,USGS,knights landing,flow,mean,3081.8303571428573
30,2015,sacramento river,11390500,USGS,knights landing,flow,min,2960
31,2015,sacramento river,11390500,USGS,knights landing,flow,max,3300
31,2015,sacramento river,11390500,USGS,knights landing,flow,mean,3128.005952380952
31,2015,sacramento river,11390500,USGS,knights landing,flow,min,3020
32,2015,sacramento river,11390500,USGS,knights landing,flow,max,3920
32,2015,sacramento river,11390500,USGS,knights landing,flow,mean,3542.9464285714284
32,2015,sacramento river,11390500,USGS,knights landing,flow,min,3290
33,2015,sacramento river,11390500,USGS,knights landing,flow,max,4150
33,2015,sacramento river,11390500,USGS,knights landing,flow,mean,3903.035714285714
33,2015,sacramento river,11390500,USGS,knights landing,flow,min,3770
34,2015,sacramento river,11390500,USGS,knights landing,flow,max,4960
34,2015,sacramento river,11390500,USGS,knights landing,flow,mean,4498.749999999999
34,2015,sacramento river,11390500,USGS,knights landing,flow,min,4100
35,2015,sacramento river,11390500,USGS,knights landing,flow,max,5540
35,2015,sacramento river,11390500,USGS,knights landing,flow,mean,5140.46130952381
35,2015,sacramento river,11390500,USGS,knights landing,flow,min,4920
36,2015,sacramento river,11390500,USGS,knights landing,flow,max,6020
36,2015,sacramento river,11390500,USGS,knights landing,flow,mean,5716.354166666666
36,2015,sacramento river,11390500,USGS,knights landing,flow,min,5320
37,2015,sacramento river,11390500,USGS,knights landing,flow,max,6090
37,2015,sacramento river,11390500,USGS,knights landing,flow,mean,5926.413690476191
37,2015,sacramento river,11390500,USGS,knights landing,flow,min,5800
38,2015,sacramento river,11390500,USGS,knights landing,flow,max,6240
38,2015,sacramento river,11390500,USGS,knights landing,flow,mean,6133.601190476191
38,2015,sacramento river,11390500,USGS,knights landing,flow,min,6010
39,2015,sacramento river,11390500,USGS,knights landing,flow,max,6180
39,2015,sacramento river,11390500,USGS,knights landing,flow,mean,6016.041666666667
39,2015,sacramento river,11390500,USGS,knights landing,flow,min,5790
40,2015,sacramento river,11390500,USGS,knights landing,flow,max,6020
40,2015,sacramento river,11390500,USGS,knights landing,flow,mean,5918.0505952380945
40,2015,sacramento river,11390500,USGS,knights landing,flow,min,5800
41,2015,sacramento river,11390500,USGS,knights landing,flow,max,5970
41,2015,sacramento river,11390500,USGS,knights landing,flow,mean,5807.767857142856
41,2015,sacramento river,11390500,USGS,knights landing,flow,min,5570
42,2015,sacramento river,11390500,USGS,knights landing,flow,max,5790
42,2015,sacramento river,11390500,USGS,knights landing,flow,mean,5611.8452380952385
42,2015,sacramento river,11390500,USGS,knights landing,flow,min,5480
43,2015,sacramento river,11390500,USGS,knights landing,flow,max,5790
43,2015,sacramento river,11390500,USGS,knights landing,flow,mean,5033.9880952380945
43,2015,sacramento river,11390500,USGS,knights landing,flow,min,4580
44,2015,sacramento river,11390500,USGS,knights landing,flow,max,4840
44,2015,sacramento river,11390500,USGS,knights landing,flow,mean,4576.651785714285
44,2015,sacramento river,11390500,USGS,knights landing,flow,min,4140
45,2015,sacramento river,11390500,USGS,knights landing,flow,max,4450
45,2015,sacramento river,11390500,USGS,knights landing,flow,mean,4158.214285714286
45,2015,sacramento river,11390500,USGS,knights landing,flow,min,3980
46,2015,sacramento river,11390500,USGS,knights landing,flow,max,4470
46,2015,sacramento river,11390500,USGS,knights landing,flow,mean,4241.428571428572
46,2015,sacramento river,11390500,USGS,knights landing,flow,min,4000
47,2015,sacramento river,11390500,USGS,knights landing,flow,max,4080
47,2015,sacramento river,11390500,USGS,knights landing,flow,mean,3966.860119047619
47,2015,sacramento river,11390500,USGS,knights landing,flow,min,3870
48,2015,sacramento river,11390500,USGS,knights landing,flow,max,4110
48,2015,sacramento river,11390500,USGS,knights landing,flow,mean,4048.1519423558893
48,2015,sacramento river,11390500,USGS,knights landing,flow,min,3990
49,2015,sacramento river,11390500,USGS,knights landing,flow,max,5060
49,2015,sacramento river,11390500,USGS,knights landing,flow,mean,4541.681547619048
49,2015,sacramento river,11390500,USGS,knights landing,flow,min,4080
50,2015,sacramento river,11390500,USGS,knights landing,flow,max,8650
50,2015,sacramento river,11390500,USGS,knights landing,flow,mean,6601.130952380952
50,2015,sacramento river,11390500,USGS,knights landing,flow,min,4990
51,2015,sacramento river,11390500,USGS,knights landing,flow,max,20200
51,2015,sacramento river,11390500,USGS,knights landing,flow,mean,8886.309523809523
51,2015,sacramento river,11390500,USGS,knights landing,flow,min,4980
52,2015,sacramento river,11390500,USGS,knights landing,flow,max,21300
52,2015,sacramento river,11390500,USGS,knights landing,flow,mean,10710.49107142857
52,2015,sacramento river,11390500,USGS,knights landing,flow,min,5450
53,2015,sacramento river,11390500,USGS,knights landing,flow,max,5450
53,2015,sacramento river,11390500,USGS,knights landing,flow,mean,5289.479166666667
53,2015,sacramento river,11390500,USGS,knights landing,flow,min,5190
1,2016,sacramento river,11390500,USGS,knights landing,flow,max,20400
1,2016,sacramento river,11390500,USGS,knights landing,flow,mean,6596.71130952381
1,2016,sacramento river,11390500,USGS,knights landing,flow,min,4600
2,2016,sacramento river,11390500,USGS,knights landing,flow,max,22100
2,2016,sacramento river,11390500,USGS,knights landing,flow,mean,13923.601190476193
2,2016,sacramento river,11390500,USGS,knights landing,flow,min,8900
3,2016,sacramento river,11390500,USGS,knights landing,flow,max,26600
3,2016,sacramento river,11390500,USGS,knights landing,flow,mean,22668.303571428572
3,2016,sacramento river,11390500,USGS,knights landing,flow,min,12200
4,2016,sacramento river,11390500,USGS,knights landing,flow,max,26300
4,2016,sacramento river,11390500,USGS,knights landing,flow,mean,24094.64285714286
4,2016,sacramento river,11390500,USGS,knights landing,flow,min,18500
5,2016,sacramento river,11390500,USGS,knights landing,flow,max,25600
5,2016,sacramento river,11390500,USGS,knights landing,flow,mean,19940.922619047615
5,2016,sacramento river,11390500,USGS,knights landing,flow,min,15200
6,2016,sacramento river,11390500,USGS,knights landing,flow,max,15200
6,2016,sacramento river,11390500,USGS,knights landing,flow,mean,11548.273809523811
6,2016,sacramento river,11390500,USGS,knights landing,flow,min,9480
7,2016,sacramento river,11390500,USGS,knights landing,flow,max,9500
7,2016,sacramento river,11390500,USGS,knights landing,flow,mean,8611.190476190475
7,2016,sacramento river,11390500,USGS,knights landing,flow,min,7960
8,2016,sacramento river,11390500,USGS,knights landing,flow,max,10300
8,2016,sacramento river,11390500,USGS,knights landing,flow,mean,9236.086309523811
8,2016,sacramento river,11390500,USGS,knights landing,flow,min,7980
9,2016,sacramento river,11390500,USGS,knights landing,flow,max,8120
9,2016,sacramento river,11390500,USGS,knights landing,flow,mean,7288.60119047619
9,2016,sacramento river,11390500,USGS,knights landing,flow,min,6820
10,2016,sacramento river,11390500,USGS,knights landing,flow,max,25900
10,2016,sacramento river,11390500,USGS,knights landing,flow,mean,16405.223214285714
10,2016,sacramento river,11390500,USGS,knights landing,flow,min,6880
11,2016,sacramento river,11390500,USGS,knights landing,flow,max,27200
11,2016,sacramento river,11390500,USGS,knights landing,flow,mean,26106.845238095237
11,2016,sacramento river,11390500,USGS,knights landing,flow,min,23200
12,2016,sacramento river,11390500,USGS,knights landing,flow,max,26000
12,2016,sacramento river,11390500,USGS,knights landing,flow,mean,25233.779761904763
12,2016,sacramento river,11390500,USGS,knights landing,flow,min,23900
13,2016,sacramento river,11390500,USGS,knights landing,flow,max,25400
13,2016,sacramento river,11390500,USGS,knights landing,flow,mean,20562.202380952385
13,2016,sacramento river,11390500,USGS,knights landing,flow,min,13900
14,2016,sacramento river,11390500,USGS,knights landing,flow,max,13800
14,2016,sacramento river,11390500,USGS,knights landing,flow,mean,11908.779761904763
14,2016,sacramento river,11390500,USGS,knights landing,flow,min,10200
15,2016,sacramento river,11390500,USGS,knights landing,flow,max,10200
15,2016,sacramento river,11390500,USGS,knights landing,flow,mean,9649.315476190477
15,2016,sacramento river,11390500,USGS,knights landing,flow,min,9290
16,2016,sacramento river,11390500,USGS,knights landing,flow,max,9340
16,2016,sacramento river,11390500,USGS,knights landing,flow,mean,8015.47619047619
16,2016,sacramento river,11390500,USGS,knights landing,flow,min,6120
17,2016,sacramento river,11390500,USGS,knights landing,flow,max,6470
17,2016,sacramento river,11390500,USGS,knights landing,flow,mean,5483.125000000001
17,2016,sacramento river,11390500,USGS,knights landing,flow,min,4150
18,2016,sacramento river,11390500,USGS,knights landing,flow,max,4140
18,2016,sacramento river,11390500,USGS,knights landing,flow,mean,3419.389880952381
18,2016,sacramento river,11390500,USGS,knights landing,flow,min,2780
19,2016,sacramento river,11390500,USGS,knights landing,flow,max,4970
19,2016,sacramento river,11390500,USGS,knights landing,flow,mean,4086.1904761904766
19,2016,sacramento river,11390500,USGS,knights landing,flow,min,2790
20,2016,sacramento river,11390500,USGS,knights landing,flow,max,4520
20,2016,sacramento river,11390500,USGS,knights landing,flow,mean,3620.327380952381
20,2016,sacramento river,11390500,USGS,knights landing,flow,min,3120
21,2016,sacramento river,11390500,USGS,knights landing,flow,max,4010
21,2016,sacramento river,11390500,USGS,knights landing,flow,mean,3551.2500000000005
21,2016,sacramento river,11390500,USGS,knights landing,flow,min,3060
22,2016,sacramento river,11390500,USGS,knights landing,flow,max,3870
22,2016,sacramento river,11390500,USGS,knights landing,flow,mean,3455.8035714285716
22,2016,sacramento river,11390500,USGS,knights landing,flow,min,2990
23,2016,sacramento river,11390500,USGS,knights landing,flow,max,4010
23,2016,sacramento river,11390500,USGS,knights landing,flow,mean,3729.464285714286
23,2016,sacramento river,11390500,USGS,knights landing,flow,min,2970
24,2016,sacramento river,11390500,USGS,knights landing,flow,max,3910
24,2016,sacramento river,11390500,USGS,knights landing,flow,mean,3555.5654761904757
24,2016,sacramento river,11390500,USGS,knights landing,flow,min,3190
25,2016,sacramento river,11390500,USGS,knights landing,flow,max,4930
25,2016,sacramento river,11390500,USGS,knights landing,flow,mean,4096.8005952380945
25,2016,sacramento river,11390500,USGS,knights landing,flow,min,3140
26,2016,sacramento river,11390500,USGS,knights landing,flow,max,4570
26,2016,sacramento river,11390500,USGS,knights landing,flow,mean,3967.5446428571436
26,2016,sacramento river,11390500,USGS,knights landing,flow,min,3320
27,2016,sacramento river,11390500,USGS,knights landing,flow,max,3800
27,2016,sacramento river,11390500,USGS,knights landing,flow,mean,3554.3452380952376
27,2016,sacramento river,11390500,USGS,knights landing,flow,min,3210
28,2016,sacramento river,11390500,USGS,knights landing,flow,max,4570
28,2016,sacramento river,11390500,USGS,knights landing,flow,mean,4179.732142857142
28,2016,sacramento river,11390500,USGS,knights landing,flow,min,3600
29,2016,sacramento river,11390500,USGS,knights landing,flow,max,4330
29,2016,sacramento river,11390500,USGS,knights landing,flow,mean,4139.880952380952
29,2016,sacramento river,11390500,USGS,knights landing,flow,min,3950
30,2016,sacramento river,11390500,USGS,knights landing,flow,max,4540
30,2016,sacramento river,11390500,USGS,knights landing,flow,mean,4363.020833333334
30,2016,sacramento river,11390500,USGS,knights landing,flow,min,4260
31,2016,sacramento river,11390500,USGS,knights landing,flow,max,5160
31,2016,sacramento river,11390500,USGS,knights landing,flow,mean,4893.705357142857
31,2016,sacramento river,11390500,USGS,knights landing,flow,min,4480
32,2016,sacramento river,11390500,USGS,knights landing,flow,max,5570
32,2016,sacramento river,11390500,USGS,knights landing,flow,mean,5291.5625
32,2016,sacramento river,11390500,USGS,knights landing,flow,min,5030
33,2016,sacramento river,11390500,USGS,knights landing,flow,max,6220
33,2016,sacramento river,11390500,USGS,knights landing,flow,mean,5921.964285714285
33,2016,sacramento river,11390500,USGS,knights landing,flow,min,5480
34,2016,sacramento river,11390500,USGS,knights landing,flow,max,7350
34,2016,sacramento river,11390500,USGS,knights landing,flow,mean,6773.526785714285
34,2016,sacramento river,11390500,USGS,knights landing,flow,min,6150
35,2016,sacramento river,11390500,USGS,knights landing,flow,max,8040
35,2016,sacramento river,11390500,USGS,knights landing,flow,mean,7776.983599290781
35,2016,sacramento river,11390500,USGS,knights landing,flow,min,7330
36,2016,sacramento river,11390500,USGS,knights landing,flow,max,8200
36,2016,sacramento river,11390500,USGS,knights landing,flow,mean,7987.366071428572
36,2016,sacramento river,11390500,USGS,knights landing,flow,min,7770
37,2016,sacramento river,11390500,USGS,knights landing,flow,max,7960
37,2016,sacramento river,11390500,USGS,knights landing,flow,mean,7680.372023809524
37,2016,sacramento river,11390500,USGS,knights landing,flow,min,7460
38,2016,sacramento river,11390500,USGS,knights landing,flow,max,7940
38,2016,sacramento river,11390500,USGS,knights landing,flow,mean,7789.53869047619
38,2016,sacramento river,11390500,USGS,knights landing,flow,min,7580
39,2016,sacramento river,11390500,USGS,knights landing,flow,max,7580
39,2016,sacramento river,11390500,USGS,knights landing,flow,mean,7139.002976190476
39,2016,sacramento river,11390500,USGS,knights landing,flow,min,6830
40,2016,sacramento river,11390500,USGS,knights landing,flow,max,6860
40,2016,sacramento river,11390500,USGS,knights landing,flow,mean,6603.3184678729795
40,2016,sacramento river,11390500,USGS,knights landing,flow,min,6300
41,2016,sacramento river,11390500,USGS,knights landing,flow,max,6290
41,2016,sacramento river,11390500,USGS,knights landing,flow,mean,5811.455483789259
41,2016,sacramento river,11390500,USGS,knights landing,flow,min,5320
42,2016,sacramento river,11390500,USGS,knights landing,flow,max,6050
42,2016,sacramento river,11390500,USGS,knights landing,flow,mean,5608.434612651031
42,2016,sacramento river,11390500,USGS,knights landing,flow,min,5020
43,2016,sacramento river,11390500,USGS,knights landing,flow,max,6490
43,2016,sacramento river,11390500,USGS,knights landing,flow,mean,4639.553571428572
43,2016,sacramento river,11390500,USGS,knights landing,flow,min,3900
44,2016,sacramento river,11390500,USGS,knights landing,flow,max,11900
44,2016,sacramento river,11390500,USGS,knights landing,flow,mean,8231.07142857143
44,2016,sacramento river,11390500,USGS,knights landing,flow,min,5750
45,2016,sacramento river,11390500,USGS,knights landing,flow,max,11200
45,2016,sacramento river,11390500,USGS,knights landing,flow,mean,7038.27380952381
45,2016,sacramento river,11390500,USGS,knights landing,flow,min,5330
46,2016,sacramento river,11390500,USGS,knights landing,flow,max,5340
46,2016,sacramento river,11390500,USGS,knights landing,flow,mean,5041.041666666667
46,2016,sacramento river,11390500,USGS,knights landing,flow,min,4870
47,2016,sacramento river,11390500,USGS,knights landing,flow,max,15300
47,2016,sacramento river,11390500,USGS,knights landing,flow,mean,8763.244047619048
47,2016,sacramento river,11390500,USGS,knights landing,flow,min,4860
48,2016,sacramento river,11390500,USGS,knights landing,flow,max,13000
48,2016,sacramento river,11390500,USGS,knights landing,flow,mean,10439.449404761905
48,2016,sacramento river,11390500,USGS,knights landing,flow,min,8620
49,2016,sacramento river,11390500,USGS,knights landing,flow,max,9380
49,2016,sacramento river,11390500,USGS,knights landing,flow,mean,7504.494047619048
49,2016,sacramento river,11390500,USGS,knights landing,flow,min,6690
50,2016,sacramento river,11390500,USGS,knights landing,flow,max,22800
50,2016,sacramento river,11390500,USGS,knights landing,flow,mean,14784.19642857143
50,2016,sacramento river,11390500,USGS,knights landing,flow,min,6640
51,2016,sacramento river,11390500,USGS,knights landing,flow,max,25000
51,2016,sacramento river,11390500,USGS,knights landing,flow,mean,21688.39285714285
51,2016,sacramento river,11390500,USGS,knights landing,flow,min,16900
52,2016,sacramento river,11390500,USGS,knights landing,flow,max,21500
52,2016,sacramento river,11390500,USGS,knights landing,flow,mean,17733.184523809523
52,2016,sacramento river,11390500,USGS,knights landing,flow,min,14500
53,2016,sacramento river,11390500,USGS,knights landing,flow,max,14500
53,2016,sacramento river,11390500,USGS,knights landing,flow,mean,13979.166666666668
53,2016,sacramento river,11390500,USGS,knights landing,flow,min,13500
1,2017,sacramento river,11390500,USGS,knights landing,flow,max,21900
1,2017,sacramento river,11390500,USGS,knights landing,flow,mean,14445.238095238094
1,2017,sacramento river,11390500,USGS,knights landing,flow,min,10100
2,2017,sacramento river,11390500,USGS,knights landing,flow,max,26000
2,2017,sacramento river,11390500,USGS,knights landing,flow,mean,23906.10119047619
2,2017,sacramento river,11390500,USGS,knights landing,flow,min,16100
3,2017,sacramento river,11390500,USGS,knights landing,flow,max,25600
3,2017,sacramento river,11390500,USGS,knights landing,flow,mean,25069.64285714286
3,2017,sacramento river,11390500,USGS,knights landing,flow,min,24600
4,2017,sacramento river,11390500,USGS,knights landing,flow,max,25900
4,2017,sacramento river,11390500,USGS,knights landing,flow,mean,25306.845238095237
4,2017,sacramento river,11390500,USGS,knights landing,flow,min,24300
5,2017,sacramento river,11390500,USGS,knights landing,flow,max,24400
5,2017,sacramento river,11390500,USGS,knights landing,flow,mean,23753.422619047622
5,2017,sacramento river,11390500,USGS,knights landing,flow,min,23400
6,2017,sacramento river,11390500,USGS,knights landing,flow,max,26700
6,2017,sacramento river,11390500,USGS,knights landing,flow,mean,25396.130952380954
6,2017,sacramento river,11390500,USGS,knights landing,flow,min,24400
7,2017,sacramento river,11390500,USGS,knights landing,flow,max,26800
7,2017,sacramento river,11390500,USGS,knights landing,flow,mean,26418.154761904763
7,2017,sacramento river,11390500,USGS,knights landing,flow,min,26100
8,2017,sacramento river,11390500,USGS,knights landing,flow,max,26700
8,2017,sacramento river,11390500,USGS,knights landing,flow,mean,26229.91071428571
8,2017,sacramento river,11390500,USGS,knights landing,flow,min,25800
9,2017,sacramento river,11390500,USGS,knights landing,flow,max,25900
9,2017,sacramento river,11390500,USGS,knights landing,flow,mean,25630.50595238095
9,2017,sacramento river,11390500,USGS,knights landing,flow,min,25200
10,2017,sacramento river,11390500,USGS,knights landing,flow,max,25300
10,2017,sacramento river,11390500,USGS,knights landing,flow,mean,24047.916666666664
10,2017,sacramento river,11390500,USGS,knights landing,flow,min,22600
11,2017,sacramento river,11390500,USGS,knights landing,flow,max,22600
11,2017,sacramento river,11390500,USGS,knights landing,flow,mean,20402.341472303207
11,2017,sacramento river,11390500,USGS,knights landing,flow,min,18000
12,2017,sacramento river,11390500,USGS,knights landing,flow,max,22200
12,2017,sacramento river,11390500,USGS,knights landing,flow,mean,19825.297619047615
12,2017,sacramento river,11390500,USGS,knights landing,flow,min,18000
13,2017,sacramento river,11390500,USGS,knights landing,flow,max,23500
13,2017,sacramento river,11390500,USGS,knights landing,flow,mean,22149.25595238095
13,2017,sacramento river,11390500,USGS,knights landing,flow,min,20900
14,2017,sacramento river,11390500,USGS,knights landing,flow,max,23100
14,2017,sacramento river,11390500,USGS,knights landing,flow,mean,19331.39880952381
14,2017,sacramento river,11390500,USGS,knights landing,flow,min,17700
15,2017,sacramento river,11390500,USGS,knights landing,flow,max,23700
15,2017,sacramento river,11390500,USGS,knights landing,flow,mean,22307.440476190477
15,2017,sacramento river,11390500,USGS,knights landing,flow,min,21200
16,2017,sacramento river,11390500,USGS,knights landing,flow,max,24100
16,2017,sacramento river,11390500,USGS,knights landing,flow,mean,23823.660714285714
16,2017,sacramento river,11390500,USGS,knights landing,flow,min,23600
17,2017,sacramento river,11390500,USGS,knights landing,flow,max,24100
17,2017,sacramento river,11390500,USGS,knights landing,flow,mean,23572.951127819546
17,2017,sacramento river,11390500,USGS,knights landing,flow,min,22100
18,2017,sacramento river,11390500,USGS,knights landing,flow,max,22100
18,2017,sacramento river,11390500,USGS,knights landing,flow,mean,17519.19642857143
18,2017,sacramento river,11390500,USGS,knights landing,flow,min,11600
19,2017,sacramento river,11390500,USGS,knights landing,flow,max,13200
19,2017,sacramento river,11390500,USGS,knights landing,flow,mean,11983.630952380952
19,2017,sacramento river,11390500,USGS,knights landing,flow,min,9390
20,2017,sacramento river,11390500,USGS,knights landing,flow,max,13000
20,2017,sacramento river,11390500,USGS,knights landing,flow,mean,11967.410714285712
20,2017,sacramento river,11390500,USGS,knights landing,flow,min,10700
21,2017,sacramento river,11390500,USGS,knights landing,flow,max,11200
21,2017,sacramento river,11390500,USGS,knights landing,flow,mean,10751.041666666668
21,2017,sacramento river,11390500,USGS,knights landing,flow,min,10200
22,2017,sacramento river,11390500,USGS,knights landing,flow,max,10600
22,2017,sacramento river,11390500,USGS,knights landing,flow,mean,10282.101431788933
22,2017,sacramento river,11390500,USGS,knights landing,flow,min,9960
23,2017,sacramento river,11390500,USGS,knights landing,flow,max,10300
23,2017,sacramento river,11390500,USGS,knights landing,flow,mean,9859.8003072196625
23,2017,sacramento river,11390500,USGS,knights landing,flow,min,9280
24,2017,sacramento river,11390500,USGS,knights landing,flow,max,9310
24,2017,sacramento river,11390500,USGS,knights landing,flow,mean,8595.074404761905
24,2017,sacramento river,11390500,USGS,knights landing,flow,min,7260
25,2017,sacramento river,11390500,USGS,knights landing,flow,max,7260
25,2017,sacramento river,11390500,USGS,knights landing,flow,mean,6924.166666666666
25,2017,sacramento river,11390500,USGS,knights landing,flow,min,6160
26,2017,sacramento river,11390500,USGS,knights landing,flow,max,6160
26,2017,sacramento river,11390500,USGS,knights landing,flow,mean,5661.041666666666
26,2017,sacramento river,11390500,USGS,knights landing,flow,min,5300
27,2017,sacramento river,11390500,USGS,knights landing,flow,max,5670
27,2017,sacramento river,11390500,USGS,knights landing,flow,mean,5499.419642857144
27,2017,sacramento river,11390500,USGS,knights landing,flow,min,5330
28,2017,sacramento river,11390500,USGS,knights landing,flow,max,5580
28,2017,sacramento river,11390500,USGS,knights landing,flow,mean,5361.413690476191
28,2017,sacramento river,11390500,USGS,knights landing,flow,min,5170
29,2017,sacramento river,11390500,USGS,knights landing,flow,max,5830
29,2017,sacramento river,11390500,USGS,knights landing,flow,mean,5386.369047619048
29,2017,sacramento river,11390500,USGS,knights landing,flow,min,5210
30,2017,sacramento river,11390500,USGS,knights landing,flow,max,5730
30,2017,sacramento river,11390500,USGS,knights landing,flow,mean,5452.083333333333
30,2017,sacramento river,11390500,USGS,knights landing,flow,min,5230
31,2017,sacramento river,11390500,USGS,knights landing,flow,max,5860
31,2017,sacramento river,11390500,USGS,knights landing,flow,mean,5613.705357142857
31,2017,sacramento river,11390500,USGS,knights landing,flow,min,5370
32,2017,sacramento river,11390500,USGS,knights landing,flow,max,6040
32,2017,sacramento river,11390500,USGS,knights landing,flow,mean,5687.663690476191
32,2017,sacramento river,11390500,USGS,knights landing,flow,min,5400
33,2017,sacramento river,11390500,USGS,knights landing,flow,max,6830
33,2017,sacramento river,11390500,USGS,knights landing,flow,mean,6492.068452380952
33,2017,sacramento river,11390500,USGS,knights landing,flow,min,6010
34,2017,sacramento river,11390500,USGS,knights landing,flow,max,7470
34,2017,sacramento river,11390500,USGS,knights landing,flow,mean,6973.1994047619055
34,2017,sacramento river,11390500,USGS,knights landing,flow,min,6730
35,2017,sacramento river,11390500,USGS,knights landing,flow,max,7620
35,2017,sacramento river,11390500,USGS,knights landing,flow,mean,7189.389880952381
35,2017,sacramento river,11390500,USGS,knights landing,flow,min,6550
36,2017,sacramento river,11390500,USGS,knights landing,flow,max,8070
36,2017,sacramento river,11390500,USGS,knights landing,flow,mean,7217.5744047619055
36,2017,sacramento river,11390500,USGS,knights landing,flow,min,6670
37,2017,sacramento river,11390500,USGS,knights landing,flow,max,8170
37,2017,sacramento river,11390500,USGS,knights landing,flow,mean,8027.574404761904
37,2017,sacramento river,11390500,USGS,knights landing,flow,min,7890
38,2017,sacramento river,11390500,USGS,knights landing,flow,max,8290
38,2017,sacramento river,11390500,USGS,knights landing,flow,mean,8131.145833333334
38,2017,sacramento river,11390500,USGS,knights landing,flow,min,7990
39,2017,sacramento river,11390500,USGS,knights landing,flow,max,8270
39,2017,sacramento river,11390500,USGS,knights landing,flow,mean,8137.038690476191
39,2017,sacramento river,11390500,USGS,knights landing,flow,min,8010
40,2017,sacramento river,11390500,USGS,knights landing,flow,max,8130
40,2017,sacramento river,11390500,USGS,knights landing,flow,mean,7432.8869047619055
40,2017,sacramento river,11390500,USGS,knights landing,flow,min,6750
41,2017,sacramento river,11390500,USGS,knights landing,flow,max,7040
41,2017,sacramento river,11390500,USGS,knights landing,flow,mean,6768.75
41,2017,sacramento river,11390500,USGS,knights landing,flow,min,6450
42,2017,sacramento river,11390500,USGS,knights landing,flow,max,6490
42,2017,sacramento river,11390500,USGS,knights landing,flow,mean,6243.005952380952
42,2017,sacramento river,11390500,USGS,knights landing,flow,min,5850
43,2017,sacramento river,11390500,USGS,knights landing,flow,max,6400
43,2017,sacramento river,11390500,USGS,knights landing,flow,mean,6072.574404761904
43,2017,sacramento river,11390500,USGS,knights landing,flow,min,5700
44,2017,sacramento river,11390500,USGS,knights landing,flow,max,5920
44,2017,sacramento river,11390500,USGS,knights landing,flow,mean,5712.053571428572
44,2017,sacramento river,11390500,USGS,knights landing,flow,min,5600
45,2017,sacramento river,11390500,USGS,knights landing,flow,max,6710
45,2017,sacramento river,11390500,USGS,knights landing,flow,mean,5832.1875
45,2017,sacramento river,11390500,USGS,knights landing,flow,min,5160
46,2017,sacramento river,11390500,USGS,knights landing,flow,max,10500
46,2017,sacramento river,11390500,USGS,knights landing,flow,mean,6425.208333333334
46,2017,sacramento river,11390500,USGS,knights landing,flow,min,5550
47,2017,sacramento river,11390500,USGS,knights landing,flow,max,10600
47,2017,sacramento river,11390500,USGS,knights landing,flow,mean,7885.267857142857
47,2017,sacramento river,11390500,USGS,knights landing,flow,min,6430
48,2017,sacramento river,11390500,USGS,knights landing,flow,max,8380
48,2017,sacramento river,11390500,USGS,knights landing,flow,mean,7143.318452380952
48,2017,sacramento river,11390500,USGS,knights landing,flow,min,6460
49,2017,sacramento river,11390500,USGS,knights landing,flow,max,6440
49,2017,sacramento river,11390500,USGS,knights landing,flow,mean,5903.779761904762
49,2017,sacramento river,11390500,USGS,knights landing,flow,min,5400
50,2017,sacramento river,11390500,USGS,knights landing,flow,max,5400
50,2017,sacramento river,11390500,USGS,knights landing,flow,mean,5207.544642857143
50,2017,sacramento river,11390500,USGS,knights landing,flow,min,5050
51,2017,sacramento river,11390500,USGS,knights landing,flow,max,5300
51,2017,sacramento river,11390500,USGS,knights landing,flow,mean,5179.166666666666
51,2017,sacramento river,11390500,USGS,knights landing,flow,min,5080
52,2017,sacramento river,11390500,USGS,knights landing,flow,max,5430
52,2017,sacramento river,11390500,USGS,knights landing,flow,mean,5241.964285714285
52,2017,sacramento river,11390500,USGS,knights landing,flow,min,4950
53,2017,sacramento river,11390500,USGS,knights landing,flow,max,5230
53,2017,sacramento river,11390500,USGS,knights landing,flow,mean,5230
53,2017,sacramento river,11390500,USGS,knights landing,flow,min,5230
1,2018,sacramento river,11390500,USGS,knights landing,flow,max,5420
1,2018,sacramento river,11390500,USGS,knights landing,flow,mean,5188.809523809525
1,2018,sacramento river,11390500,USGS,knights landing,flow,min,4990
2,2018,sacramento river,11390500,USGS,knights landing,flow,max,11700
2,2018,sacramento river,11390500,USGS,knights landing,flow,mean,8339.151785714284
2,2018,sacramento river,11390500,USGS,knights landing,flow,min,5040
3,2018,sacramento river,11390500,USGS,knights landing,flow,max,11000
3,2018,sacramento river,11390500,USGS,knights landing,flow,mean,8016.860119047619
3,2018,sacramento river,11390500,USGS,knights landing,flow,min,6970
4,2018,sacramento river,11390500,USGS,knights landing,flow,max,12200
4,2018,sacramento river,11390500,USGS,knights landing,flow,mean,10320.044642857143
4,2018,sacramento river,11390500,USGS,knights landing,flow,min,8400
5,2018,sacramento river,11390500,USGS,knights landing,flow,max,10400
5,2018,sacramento river,11390500,USGS,knights landing,flow,mean,8293.541666666666
5,2018,sacramento river,11390500,USGS,knights landing,flow,min,7470
6,2018,sacramento river,11390500,USGS,knights landing,flow,max,7490
6,2018,sacramento river,11390500,USGS,knights landing,flow,mean,6873.854166666667
6,2018,sacramento river,11390500,USGS,knights landing,flow,min,6100
7,2018,sacramento river,11390500,USGS,knights landing,flow,max,6120
7,2018,sacramento river,11390500,USGS,knights landing,flow,mean,5566.755952380953
7,2018,sacramento river,11390500,USGS,knights landing,flow,min,4840
8,2018,sacramento river,11390500,USGS,knights landing,flow,max,4920
8,2018,sacramento river,11390500,USGS,knights landing,flow,mean,4410.922619047619
8,2018,sacramento river,11390500,USGS,knights landing,flow,min,4060
9,2018,sacramento river,11390500,USGS,knights landing,flow,max,5950
9,2018,sacramento river,11390500,USGS,knights landing,flow,mean,4716.875
9,2018,sacramento river,11390500,USGS,knights landing,flow,min,4140
10,2018,sacramento river,11390500,USGS,knights landing,flow,max,5940
10,2018,sacramento river,11390500,USGS,knights landing,flow,mean,5352.544642857143
10,2018,sacramento river,11390500,USGS,knights landing,flow,min,4870
11,2018,sacramento river,11390500,USGS,knights landing,flow,max,13100
11,2018,sacramento river,11390500,USGS,knights landing,flow,mean,8790.765542328043
11,2018,sacramento river,11390500,USGS,knights landing,flow,min,5120
12,2018,sacramento river,11390500,USGS,knights landing,flow,max,22200
12,2018,sacramento river,11390500,USGS,knights landing,flow,mean,12941.099064625849
12,2018,sacramento river,11390500,USGS,knights landing,flow,min,7810
13,2018,sacramento river,11390500,USGS,knights landing,flow,max,16900
13,2018,sacramento river,11390500,USGS,knights landing,flow,mean,10763.199404761905
13,2018,sacramento river,11390500,USGS,knights landing,flow,min,8200
14,2018,sacramento river,11390500,USGS,knights landing,flow,max,24200
14,2018,sacramento river,11390500,USGS,knights landing,flow,mean,9134.67261904762
14,2018,sacramento river,11390500,USGS,knights landing,flow,min,7340
15,2018,sacramento river,11390500,USGS,knights landing,flow,max,25000
15,2018,sacramento river,11390500,USGS,knights landing,flow,mean,16732.142857142855
15,2018,sacramento river,11390500,USGS,knights landing,flow,min,10500
16,2018,sacramento river,11390500,USGS,knights landing,flow,max,10400
16,2018,sacramento river,11390500,USGS,knights landing,flow,mean,8854.144503546098
16,2018,sacramento river,11390500,USGS,knights landing,flow,min,7430
17,2018,sacramento river,11390500,USGS,knights landing,flow,max,7430
17,2018,sacramento river,11390500,USGS,knights landing,flow,mean,6336.800595238094
17,2018,sacramento river,11390500,USGS,knights landing,flow,min,5300
18,2018,sacramento river,11390500,USGS,knights landing,flow,max,5510
18,2018,sacramento river,11390500,USGS,knights landing,flow,mean,4852.797619047618
18,2018,sacramento river,11390500,USGS,knights landing,flow,min,4060
19,2018,sacramento river,11390500,USGS,knights landing,flow,max,4570
19,2018,sacramento river,11390500,USGS,knights landing,flow,mean,4388.517387218045
19,2018,sacramento river,11390500,USGS,knights landing,flow,min,3990
20,2018,sacramento river,11390500,USGS,knights landing,flow,max,4650
20,2018,sacramento river,11390500,USGS,knights landing,flow,mean,4062.752976190476
20,2018,sacramento river,11390500,USGS,knights landing,flow,min,3670
21,2018,sacramento river,11390500,USGS,knights landing,flow,max,6530
21,2018,sacramento river,11390500,USGS,knights landing,flow,mean,5443.988095238096
21,2018,sacramento river,11390500,USGS,knights landing,flow,min,4640
22,2018,sacramento river,11390500,USGS,knights landing,flow,max,6950
22,2018,sacramento river,11390500,USGS,knights landing,flow,mean,6185.148809523809
22,2018,sacramento river,11390500,USGS,knights landing,flow,min,5350
23,2018,sacramento river,11390500,USGS,knights landing,flow,max,5430
23,2018,sacramento river,11390500,USGS,knights landing,flow,mean,5301.160714285715
23,2018,sacramento river,11390500,USGS,knights landing,flow,min,5000
24,2018,sacramento river,11390500,USGS,knights landing,flow,max,5070
24,2018,sacramento river,11390500,USGS,knights landing,flow,mean,4802.752976190476
24,2018,sacramento river,11390500,USGS,knights landing,flow,min,4510
25,2018,sacramento river,11390500,USGS,knights landing,flow,max,6120
25,2018,sacramento river,11390500,USGS,knights landing,flow,mean,5496.428571428572
25,2018,sacramento river,11390500,USGS,knights landing,flow,min,5020
26,2018,sacramento river,11390500,USGS,knights landing,flow,max,5710
26,2018,sacramento river,11390500,USGS,knights landing,flow,mean,5364.732142857143
26,2018,sacramento river,11390500,USGS,knights landing,flow,min,4920
27,2018,sacramento river,11390500,USGS,knights landing,flow,max,6520
27,2018,sacramento river,11390500,USGS,knights landing,flow,mean,6030.3125
27,2018,sacramento river,11390500,USGS,knights landing,flow,min,5710
28,2018,sacramento river,11390500,USGS,knights landing,flow,max,6910
28,2018,sacramento river,11390500,USGS,knights landing,flow,mean,6681.279761904762
28,2018,sacramento river,11390500,USGS,knights landing,flow,min,6210
29,2018,sacramento river,11390500,USGS,knights landing,flow,max,7100
29,2018,sacramento river,11390500,USGS,knights landing,flow,mean,6869.985119047619
29,2018,sacramento river,11390500,USGS,knights landing,flow,min,6670
30,2018,sacramento river,11390500,USGS,knights landing,flow,max,6950
30,2018,sacramento river,11390500,USGS,knights landing,flow,mean,6807.2172619047615
30,2018,sacramento river,11390500,USGS,knights landing,flow,min,6430
31,2018,sacramento river,11390500,USGS,knights landing,flow,max,7520
31,2018,sacramento river,11390500,USGS,knights landing,flow,mean,7289.672619047618
31,2018,sacramento river,11390500,USGS,knights landing,flow,min,6770
32,2018,sacramento river,11390500,USGS,knights landing,flow,max,7680
32,2018,sacramento river,11390500,USGS,knights landing,flow,mean,7354.002976190475
32,2018,sacramento river,11390500,USGS,knights landing,flow,min,7020
33,2018,sacramento river,11390500,USGS,knights landing,flow,max,7070
33,2018,sacramento river,11390500,USGS,knights landing,flow,mean,6708.854166666666
33,2018,sacramento river,11390500,USGS,knights landing,flow,min,6300
34,2018,sacramento river,11390500,USGS,knights landing,flow,max,6880
34,2018,sacramento river,11390500,USGS,knights landing,flow,mean,6577.559523809525
34,2018,sacramento river,11390500,USGS,knights landing,flow,min,6210
35,2018,sacramento river,11390500,USGS,knights landing,flow,max,7320
35,2018,sacramento river,11390500,USGS,knights landing,flow,mean,6974.166666666666
35,2018,sacramento river,11390500,USGS,knights landing,flow,min,6480
36,2018,sacramento river,11390500,USGS,knights landing,flow,max,7700
36,2018,sacramento river,11390500,USGS,knights landing,flow,mean,7433.110119047619
36,2018,sacramento river,11390500,USGS,knights landing,flow,min,7070
37,2018,sacramento river,11390500,USGS,knights landing,flow,max,7610
37,2018,sacramento river,11390500,USGS,knights landing,flow,mean,7435.431547619049
37,2018,sacramento river,11390500,USGS,knights landing,flow,min,7260
38,2018,sacramento river,11390500,USGS,knights landing,flow,max,7440
38,2018,sacramento river,11390500,USGS,knights landing,flow,mean,7224.538690476191
38,2018,sacramento river,11390500,USGS,knights landing,flow,min,6690
39,2018,sacramento river,11390500,USGS,knights landing,flow,max,6740
39,2018,sacramento river,11390500,USGS,knights landing,flow,mean,6658.75
39,2018,sacramento river,11390500,USGS,knights landing,flow,min,6560
40,2018,sacramento river,11390500,USGS,knights landing,flow,max,7210
40,2018,sacramento river,11390500,USGS,knights landing,flow,mean,6860.148809523809
40,2018,sacramento river,11390500,USGS,knights landing,flow,min,6610
41,2018,sacramento river,11390500,USGS,knights landing,flow,max,7190
41,2018,sacramento river,11390500,USGS,knights landing,flow,mean,6688.005952380953
41,2018,sacramento river,11390500,USGS,knights landing,flow,min,6150
42,2018,sacramento river,11390500,USGS,knights landing,flow,max,6330
42,2018,sacramento river,11390500,USGS,knights landing,flow,mean,5931.7377819548865
42,2018,sacramento river,11390500,USGS,knights landing,flow,min,5560
43,2018,sacramento river,11390500,USGS,knights landing,flow,max,5570
43,2018,sacramento river,11390500,USGS,knights landing,flow,mean,4541.755952380952
43,2018,sacramento river,11390500,USGS,knights landing,flow,min,3640
44,2018,sacramento river,11390500,USGS,knights landing,flow,max,4670
44,2018,sacramento river,11390500,USGS,knights landing,flow,mean,4282.701284461153
44,2018,sacramento river,11390500,USGS,knights landing,flow,min,3770
45,2018,sacramento river,11390500,USGS,knights landing,flow,max,4350
45,2018,sacramento river,11390500,USGS,knights landing,flow,mean,3883.1696428571427
45,2018,sacramento river,11390500,USGS,knights landing,flow,min,3490
46,2018,sacramento river,11390500,USGS,knights landing,flow,max,4080
46,2018,sacramento river,11390500,USGS,knights landing,flow,mean,3719.285714285714
46,2018,sacramento river,11390500,USGS,knights landing,flow,min,3490
47,2018,sacramento river,11390500,USGS,knights landing,flow,max,6430
47,2018,sacramento river,11390500,USGS,knights landing,flow,mean,5128.9880952380945
47,2018,sacramento river,11390500,USGS,knights landing,flow,min,4080
48,2018,sacramento river,11390500,USGS,knights landing,flow,max,11600
48,2018,sacramento river,11390500,USGS,knights landing,flow,mean,7429.881109022557
48,2018,sacramento river,11390500,USGS,knights landing,flow,min,5940
49,2018,sacramento river,11390500,USGS,knights landing,flow,max,8530
49,2018,sacramento river,11390500,USGS,knights landing,flow,mean,6047.97619047619
49,2018,sacramento river,11390500,USGS,knights landing,flow,min,4800
50,2018,sacramento river,11390500,USGS,knights landing,flow,max,4820
50,2018,sacramento river,11390500,USGS,knights landing,flow,mean,4543.601190476191
50,2018,sacramento river,11390500,USGS,knights landing,flow,min,4360
51,2018,sacramento river,11390500,USGS,knights landing,flow,max,18200
51,2018,sacramento river,11390500,USGS,knights landing,flow,mean,9730.386904761905
51,2018,sacramento river,11390500,USGS,knights landing,flow,min,4520
52,2018,sacramento river,11390500,USGS,knights landing,flow,max,15000
52,2018,sacramento river,11390500,USGS,knights landing,flow,mean,9545.297619047618
52,2018,sacramento river,11390500,USGS,knights landing,flow,min,7070
53,2018,sacramento river,11390500,USGS,knights landing,flow,max,7110
53,2018,sacramento river,11390500,USGS,knights landing,flow,mean,6804.0625
53,2018,sacramento river,11390500,USGS,knights landing,flow,min,6540
1,2019,sacramento river,11390500,USGS,knights landing,flow,max,8540
1,2019,sacramento river,11390500,USGS,knights landing,flow,mean,6030.238095238096
1,2019,sacramento river,11390500,USGS,knights landing,flow,min,5660
2,2019,sacramento river,11390500,USGS,knights landing,flow,max,24300
2,2019,sacramento river,11390500,USGS,knights landing,flow,mean,17438.70535714286
2,2019,sacramento river,11390500,USGS,knights landing,flow,min,8630
3,2019,sacramento river,11390500,USGS,knights landing,flow,max,26500
3,2019,sacramento river,11390500,USGS,knights landing,flow,mean,19285.9375
3,2019,sacramento river,11390500,USGS,knights landing,flow,min,9950
4,2019,sacramento river,11390500,USGS,knights landing,flow,max,25600
4,2019,sacramento river,11390500,USGS,knights landing,flow,mean,20213.095238095237
4,2019,sacramento river,11390500,USGS,knights landing,flow,min,13200
5,2019,sacramento river,11390500,USGS,knights landing,flow,max,25500
5,2019,sacramento river,11390500,USGS,knights landing,flow,mean,13746.875
5,2019,sacramento river,11390500,USGS,knights landing,flow,min,10400
6,2019,sacramento river,11390500,USGS,knights landing,flow,max,25600
6,2019,sacramento river,11390500,USGS,knights landing,flow,mean,21339.136904761905
6,2019,sacramento river,11390500,USGS,knights landing,flow,min,16300
7,2019,sacramento river,11390500,USGS,knights landing,flow,max,27200
7,2019,sacramento river,11390500,USGS,knights landing,flow,mean,22342.261904761905
7,2019,sacramento river,11390500,USGS,knights landing,flow,min,15000
8,2019,sacramento river,11390500,USGS,knights landing,flow,max,24900
8,2019,sacramento river,11390500,USGS,knights landing,flow,mean,20247.76785714286
8,2019,sacramento river,11390500,USGS,knights landing,flow,min,15200
9,2019,sacramento river,11390500,USGS,knights landing,flow,max,27800
9,2019,sacramento river,11390500,USGS,knights landing,flow,mean,24364.1369047619
9,2019,sacramento river,11390500,USGS,knights landing,flow,min,14900
10,2019,sacramento river,11390500,USGS,knights landing,flow,max,27700
10,2019,sacramento river,11390500,USGS,knights landing,flow,mean,27290.476190476187
10,2019,sacramento river,11390500,USGS,knights landing,flow,min,26900
11,2019,sacramento river,11390500,USGS,knights landing,flow,max,27400
11,2019,sacramento river,11390500,USGS,knights landing,flow,mean,26564.583333333336
11,2019,sacramento river,11390500,USGS,knights landing,flow,min,25400
12,2019,sacramento river,11390500,USGS,knights landing,flow,max,25500
12,2019,sacramento river,11390500,USGS,knights landing,flow,mean,23781.10119047619
12,2019,sacramento river,11390500,USGS,knights landing,flow,min,22600
13,2019,sacramento river,11390500,USGS,knights landing,flow,max,26600
13,2019,sacramento river,11390500,USGS,knights landing,flow,mean,24971.726190476194
13,2019,sacramento river,11390500,USGS,knights landing,flow,min,22200
14,2019,sacramento river,11390500,USGS,knights landing,flow,max,26200
14,2019,sacramento river,11390500,USGS,knights landing,flow,mean,25388.39285714285
14,2019,sacramento river,11390500,USGS,knights landing,flow,min,24400
15,2019,sacramento river,11390500,USGS,knights landing,flow,max,26800
15,2019,sacramento river,11390500,USGS,knights landing,flow,mean,26469.047619047622
15,2019,sacramento river,11390500,USGS,knights landing,flow,min,25900
16,2019,sacramento river,11390500,USGS,knights landing,flow,max,26400
16,2019,sacramento river,11390500,USGS,knights landing,flow,mean,24628.125000000004
16,2019,sacramento river,11390500,USGS,knights landing,flow,min,22300
17,2019,sacramento river,11390500,USGS,knights landing,flow,max,22300
17,2019,sacramento river,11390500,USGS,knights landing,flow,mean,17236.309523809523
17,2019,sacramento river,11390500,USGS,knights landing,flow,min,13100
18,2019,sacramento river,11390500,USGS,knights landing,flow,max,13100
18,2019,sacramento river,11390500,USGS,knights landing,flow,mean,10057.202380952382
18,2019,sacramento river,11390500,USGS,knights landing,flow,min,8210
19,2019,sacramento river,11390500,USGS,knights landing,flow,max,9280
19,2019,sacramento river,11390500,USGS,knights landing,flow,mean,8547.00892857143
19,2019,sacramento river,11390500,USGS,knights landing,flow,min,7690
20,2019,sacramento river,11390500,USGS,knights landing,flow,max,13500
20,2019,sacramento river,11390500,USGS,knights landing,flow,mean,9890.610119047618
20,2019,sacramento river,11390500,USGS,knights landing,flow,min,7600
21,2019,sacramento river,11390500,USGS,knights landing,flow,max,16700
21,2019,sacramento river,11390500,USGS,knights landing,flow,mean,13297.470238095239
21,2019,sacramento river,11390500,USGS,knights landing,flow,min,12200
22,2019,sacramento river,11390500,USGS,knights landing,flow,max,17300
22,2019,sacramento river,11390500,USGS,knights landing,flow,mean,14750.744047619048
22,2019,sacramento river,11390500,USGS,knights landing,flow,min,12400
23,2019,sacramento river,11390500,USGS,knights landing,flow,max,15300
23,2019,sacramento river,11390500,USGS,knights landing,flow,mean,13778.273809523811
23,2019,sacramento river,11390500,USGS,knights landing,flow,min,11800
24,2019,sacramento river,11390500,USGS,knights landing,flow,max,11900
24,2019,sacramento river,11390500,USGS,knights landing,flow,mean,9565.80827067669
24,2019,sacramento river,11390500,USGS,knights landing,flow,min,8220
25,2019,sacramento river,11390500,USGS,knights landing,flow,max,8440
25,2019,sacramento river,11390500,USGS,knights landing,flow,mean,7484.122023809525
25,2019,sacramento river,11390500,USGS,knights landing,flow,min,6750
26,2019,sacramento river,11390500,USGS,knights landing,flow,max,6850
26,2019,sacramento river,11390500,USGS,knights landing,flow,mean,6306.264880952382
26,2019,sacramento river,11390500,USGS,knights landing,flow,min,5950
27,2019,sacramento river,11390500,USGS,knights landing,flow,max,6790
27,2019,sacramento river,11390500,USGS,knights landing,flow,mean,6630.669642857142
27,2019,sacramento river,11390500,USGS,knights landing,flow,min,6440
28,2019,sacramento river,11390500,USGS,knights landing,flow,max,6850
28,2019,sacramento river,11390500,USGS,knights landing,flow,mean,6655.029761904762
28,2019,sacramento river,11390500,USGS,knights landing,flow,min,6420
29,2019,sacramento river,11390500,USGS,knights landing,flow,max,6670
29,2019,sacramento river,11390500,USGS,knights landing,flow,mean,6433.184523809525
29,2019,sacramento river,11390500,USGS,knights landing,flow,min,6310
30,2019,sacramento river,11390500,USGS,knights landing,flow,max,6490
30,2019,sacramento river,11390500,USGS,knights landing,flow,mean,6340.9077380952385
30,2019,sacramento river,11390500,USGS,knights landing,flow,min,6190
31,2019,sacramento river,11390500,USGS,knights landing,flow,max,6600
31,2019,sacramento river,11390500,USGS,knights landing,flow,mean,6444.074718045113
31,2019,sacramento river,11390500,USGS,knights landing,flow,min,6300
32,2019,sacramento river,11390500,USGS,knights landing,flow,max,7130
32,2019,sacramento river,11390500,USGS,knights landing,flow,mean,6727.038690476191
32,2019,sacramento river,11390500,USGS,knights landing,flow,min,6420
33,2019,sacramento river,11390500,USGS,knights landing,flow,max,7410
33,2019,sacramento river,11390500,USGS,knights landing,flow,mean,7112.410714285713
33,2019,sacramento river,11390500,USGS,knights landing,flow,min,6930
34,2019,sacramento river,11390500,USGS,knights landing,flow,max,7770
34,2019,sacramento river,11390500,USGS,knights landing,flow,mean,7617.291666666666
34,2019,sacramento river,11390500,USGS,knights landing,flow,min,7360
35,2019,sacramento river,11390500,USGS,knights landing,flow,max,7810
35,2019,sacramento river,11390500,USGS,knights landing,flow,mean,7647.797619047618
35,2019,sacramento river,11390500,USGS,knights landing,flow,min,7460
36,2019,sacramento river,11390500,USGS,knights landing,flow,max,7820
36,2019,sacramento river,11390500,USGS,knights landing,flow,mean,7660.892857142857
36,2019,sacramento river,11390500,USGS,knights landing,flow,min,7460
37,2019,sacramento river,11390500,USGS,knights landing,flow,max,8030
37,2019,sacramento river,11390500,USGS,knights landing,flow,mean,7822.247023809525
37,2019,sacramento river,11390500,USGS,knights landing,flow,min,7520
38,2019,sacramento river,11390500,USGS,knights landing,flow,max,8120
38,2019,sacramento river,11390500,USGS,knights landing,flow,mean,7965.5505952380945
38,2019,sacramento river,11390500,USGS,knights landing,flow,min,7780
39,2019,sacramento river,11390500,USGS,knights landing,flow,max,7900
39,2019,sacramento river,11390500,USGS,knights landing,flow,mean,7558.4672619047615
39,2019,sacramento river,11390500,USGS,knights landing,flow,min,7120
40,2019,sacramento river,11390500,USGS,knights landing,flow,max,7560
40,2019,sacramento river,11390500,USGS,knights landing,flow,mean,7002.380952380953
40,2019,sacramento river,11390500,USGS,knights landing,flow,min,6210
41,2019,sacramento river,11390500,USGS,knights landing,flow,max,6230
41,2019,sacramento river,11390500,USGS,knights landing,flow,mean,6104.494047619048
41,2019,sacramento river,11390500,USGS,knights landing,flow,min,5730
42,2019,sacramento river,11390500,USGS,knights landing,flow,max,7350
42,2019,sacramento river,11390500,USGS,knights landing,flow,mean,6516.294642857143
42,2019,sacramento river,11390500,USGS,knights landing,flow,min,5630
43,2019,sacramento river,11390500,USGS,knights landing,flow,max,7330
43,2019,sacramento river,11390500,USGS,knights landing,flow,mean,6216.875000000001
43,2019,sacramento river,11390500,USGS,knights landing,flow,min,5310
44,2019,sacramento river,11390500,USGS,knights landing,flow,max,6750
44,2019,sacramento river,11390500,USGS,knights landing,flow,mean,5455.535714285715
44,2019,sacramento river,11390500,USGS,knights landing,flow,min,4180
45,2019,sacramento river,11390500,USGS,knights landing,flow,max,4270
45,2019,sacramento river,11390500,USGS,knights landing,flow,mean,4110.580357142857
45,2019,sacramento river,11390500,USGS,knights landing,flow,min,4000
46,2019,sacramento river,11390500,USGS,knights landing,flow,max,4450
46,2019,sacramento river,11390500,USGS,knights landing,flow,mean,4174.642857142857
46,2019,sacramento river,11390500,USGS,knights landing,flow,min,4010
47,2019,sacramento river,11390500,USGS,knights landing,flow,max,4540
47,2019,sacramento river,11390500,USGS,knights landing,flow,mean,4447.261904761904
47,2019,sacramento river,11390500,USGS,knights landing,flow,min,4350
48,2019,sacramento river,11390500,USGS,knights landing,flow,max,6170
48,2019,sacramento river,11390500,USGS,knights landing,flow,mean,5040.580357142857
48,2019,sacramento river,11390500,USGS,knights landing,flow,min,4390
49,2019,sacramento river,11390500,USGS,knights landing,flow,max,14900
49,2019,sacramento river,11390500,USGS,knights landing,flow,mean,8056.994047619048
49,2019,sacramento river,11390500,USGS,knights landing,flow,min,6160
50,2019,sacramento river,11390500,USGS,knights landing,flow,max,14900
50,2019,sacramento river,11390500,USGS,knights landing,flow,mean,10361.502976190477
50,2019,sacramento river,11390500,USGS,knights landing,flow,min,8160
51,2019,sacramento river,11390500,USGS,knights landing,flow,max,10100
51,2019,sacramento river,11390500,USGS,knights landing,flow,mean,8482.544642857143
51,2019,sacramento river,11390500,USGS,knights landing,flow,min,7640
52,2019,sacramento river,11390500,USGS,knights landing,flow,max,11900
52,2019,sacramento river,11390500,USGS,knights landing,flow,mean,10251.919642857143
52,2019,sacramento river,11390500,USGS,knights landing,flow,min,9110
53,2019,sacramento river,11390500,USGS,knights landing,flow,max,9140
53,2019,sacramento river,11390500,USGS,knights landing,flow,mean,8869.166666666666
53,2019,sacramento river,11390500,USGS,knights landing,flow,min,8610
1,2020,sacramento river,11390500,USGS,knights landing,flow,max,8590
1,2020,sacramento river,11390500,USGS,knights landing,flow,mean,7409.627976190475
1,2020,sacramento river,11390500,USGS,knights landing,flow,min,6800
2,2020,sacramento river,11390500,USGS,knights landing,flow,max,7540
2,2020,sacramento river,11390500,USGS,knights landing,flow,mean,7257.232142857143
2,2020,sacramento river,11390500,USGS,knights landing,flow,min,6810
3,2020,sacramento river,11390500,USGS,knights landing,flow,max,10600
3,2020,sacramento river,11390500,USGS,knights landing,flow,mean,8403.869047619048
3,2020,sacramento river,11390500,USGS,knights landing,flow,min,7230
4,2020,sacramento river,11390500,USGS,knights landing,flow,max,19300
4,2020,sacramento river,11390500,USGS,knights landing,flow,mean,11063.913690476189
4,2020,sacramento river,11390500,USGS,knights landing,flow,min,8130
5,2020,sacramento river,11390500,USGS,knights landing,flow,max,18600
5,2020,sacramento river,11390500,USGS,knights landing,flow,mean,12046.964285714284
5,2020,sacramento river,11390500,USGS,knights landing,flow,min,9510
6,2020,sacramento river,11390500,USGS,knights landing,flow,max,9490
6,2020,sacramento river,11390500,USGS,knights landing,flow,mean,7999.67261904762
6,2020,sacramento river,11390500,USGS,knights landing,flow,min,6900
7,2020,sacramento river,11390500,USGS,knights landing,flow,max,6990
7,2020,sacramento river,11390500,USGS,knights landing,flow,mean,6616.934523809524
7,2020,sacramento river,11390500,USGS,knights landing,flow,min,6060
8,2020,sacramento river,11390500,USGS,knights landing,flow,max,6520
8,2020,sacramento river,11390500,USGS,knights landing,flow,mean,5869.360119047619
8,2020,sacramento river,11390500,USGS,knights landing,flow,min,5550
9,2020,sacramento river,11390500,USGS,knights landing,flow,max,6580
9,2020,sacramento river,11390500,USGS,knights landing,flow,mean,6193.1994047619055
9,2020,sacramento river,11390500,USGS,knights landing,flow,min,5950
10,2020,sacramento river,11390500,USGS,knights landing,flow,max,6620
10,2020,sacramento river,11390500,USGS,knights landing,flow,mean,6465.639880952381
10,2020,sacramento river,11390500,USGS,knights landing,flow,min,6090
11,2020,sacramento river,11390500,USGS,knights landing,flow,max,6160
11,2020,sacramento river,11390500,USGS,knights landing,flow,mean,5837.525845864662
11,2020,sacramento river,11390500,USGS,knights landing,flow,min,5580
12,2020,sacramento river,11390500,USGS,knights landing,flow,max,8820
12,2020,sacramento river,11390500,USGS,knights landing,flow,mean,7049.553571428572
12,2020,sacramento river,11390500,USGS,knights landing,flow,min,5690
13,2020,sacramento river,11390500,USGS,knights landing,flow,max,7400
13,2020,sacramento river,11390500,USGS,knights landing,flow,mean,6547.247023809524
13,2020,sacramento river,11390500,USGS,knights landing,flow,min,6260
14,2020,sacramento river,11390500,USGS,knights landing,flow,max,9510
14,2020,sacramento river,11390500,USGS,knights landing,flow,mean,7509.360119047618
14,2020,sacramento river,11390500,USGS,knights landing,flow,min,6980
15,2020,sacramento river,11390500,USGS,knights landing,flow,max,9560
15,2020,sacramento river,11390500,USGS,knights landing,flow,mean,7627.639411027568
15,2020,sacramento river,11390500,USGS,knights landing,flow,min,6610
16,2020,sacramento river,11390500,USGS,knights landing,flow,max,6610
16,2020,sacramento river,11390500,USGS,knights landing,flow,mean,5483.1547619047615
16,2020,sacramento river,11390500,USGS,knights landing,flow,min,4700
17,2020,sacramento river,11390500,USGS,knights landing,flow,max,5280
17,2020,sacramento river,11390500,USGS,knights landing,flow,mean,4976.502976190475
17,2020,sacramento river,11390500,USGS,knights landing,flow,min,4590
18,2020,sacramento river,11390500,USGS,knights landing,flow,max,5610
18,2020,sacramento river,11390500,USGS,knights landing,flow,mean,5293.093515037594
18,2020,sacramento river,11390500,USGS,knights landing,flow,min,5050
19,2020,sacramento river,11390500,USGS,knights landing,flow,max,6620
19,2020,sacramento river,11390500,USGS,knights landing,flow,mean,5740.193452380952
19,2020,sacramento river,11390500,USGS,knights landing,flow,min,5400
20,2020,sacramento river,11390500,USGS,knights landing,flow,max,9270
20,2020,sacramento river,11390500,USGS,knights landing,flow,mean,7809.672619047618
20,2020,sacramento river,11390500,USGS,knights landing,flow,min,6630
21,2020,sacramento river,11390500,USGS,knights landing,flow,max,11800
21,2020,sacramento river,11390500,USGS,knights landing,flow,mean,8657.723214285716
21,2020,sacramento river,11390500,USGS,knights landing,flow,min,5990
22,2020,sacramento river,11390500,USGS,knights landing,flow,max,7770
22,2020,sacramento river,11390500,USGS,knights landing,flow,mean,6315.3125
22,2020,sacramento river,11390500,USGS,knights landing,flow,min,5280
23,2020,sacramento river,11390500,USGS,knights landing,flow,max,7810
23,2020,sacramento river,11390500,USGS,knights landing,flow,mean,6967.4255952380945
23,2020,sacramento river,11390500,USGS,knights landing,flow,min,6360
24,2020,sacramento river,11390500,USGS,knights landing,flow,max,7120
24,2020,sacramento river,11390500,USGS,knights landing,flow,mean,6349.464285714285
24,2020,sacramento river,11390500,USGS,knights landing,flow,min,5740
25,2020,sacramento river,11390500,USGS,knights landing,flow,max,7160
25,2020,sacramento river,11390500,USGS,knights landing,flow,mean,7001.875
25,2020,sacramento river,11390500,USGS,knights landing,flow,min,6850
26,2020,sacramento river,11390500,USGS,knights landing,flow,max,6890
26,2020,sacramento river,11390500,USGS,knights landing,flow,mean,6543.660714285715
26,2020,sacramento river,11390500,USGS,knights landing,flow,min,6270
27,2020,sacramento river,11390500,USGS,knights landing,flow,max,7120
27,2020,sacramento river,11390500,USGS,knights landing,flow,mean,6929.1369047619055
27,2020,sacramento river,11390500,USGS,knights landing,flow,min,6730
28,2020,sacramento river,11390500,USGS,knights landing,flow,max,6990
28,2020,sacramento river,11390500,USGS,knights landing,flow,mean,6891.5327380952385
28,2020,sacramento river,11390500,USGS,knights landing,flow,min,6770
29,2020,sacramento river,11390500,USGS,knights landing,flow,max,7140
29,2020,sacramento river,11390500,USGS,knights landing,flow,mean,7018.3630952380945
29,2020,sacramento river,11390500,USGS,knights landing,flow,min,6880
30,2020,sacramento river,11390500,USGS,knights landing,flow,max,7160
30,2020,sacramento river,11390500,USGS,knights landing,flow,mean,6721.071428571429
30,2020,sacramento river,11390500,USGS,knights landing,flow,min,6350
31,2020,sacramento river,11390500,USGS,knights landing,flow,max,6500
31,2020,sacramento river,11390500,USGS,knights landing,flow,mean,6116.413690476191
31,2020,sacramento river,11390500,USGS,knights landing,flow,min,5820
32,2020,sacramento river,11390500,USGS,knights landing,flow,max,6310
32,2020,sacramento river,11390500,USGS,knights landing,flow,mean,6185.505952380952
32,2020,sacramento river,11390500,USGS,knights landing,flow,min,6070
33,2020,sacramento river,11390500,USGS,knights landing,flow,max,6770
33,2020,sacramento river,11390500,USGS,knights landing,flow,mean,6486.160714285716
33,2020,sacramento river,11390500,USGS,knights landing,flow,min,6240
34,2020,sacramento river,11390500,USGS,knights landing,flow,max,7470
34,2020,sacramento river,11390500,USGS,knights landing,flow,mean,7164.345238095238
34,2020,sacramento river,11390500,USGS,knights landing,flow,min,6740
35,2020,sacramento river,11390500,USGS,knights landing,flow,max,7260
35,2020,sacramento river,11390500,USGS,knights landing,flow,mean,6836.577380952381
35,2020,sacramento river,11390500,USGS,knights landing,flow,min,6530
36,2020,sacramento river,11390500,USGS,knights landing,flow,max,6590
36,2020,sacramento river,11390500,USGS,knights landing,flow,mean,6326.874999999999
36,2020,sacramento river,11390500,USGS,knights landing,flow,min,6180
37,2020,sacramento river,11390500,USGS,knights landing,flow,max,6520
37,2020,sacramento river,11390500,USGS,knights landing,flow,mean,6291.964285714285
37,2020,sacramento river,11390500,USGS,knights landing,flow,min,6080
38,2020,sacramento river,11390500,USGS,knights landing,flow,max,6550
38,2020,sacramento river,11390500,USGS,knights landing,flow,mean,6294.181547619048
38,2020,sacramento river,11390500,USGS,knights landing,flow,min,5940
39,2020,sacramento river,11390500,USGS,knights landing,flow,max,6080
39,2020,sacramento river,11390500,USGS,knights landing,flow,mean,5963.497023809524
39,2020,sacramento river,11390500,USGS,knights landing,flow,min,5860
40,2020,sacramento river,11390500,USGS,knights landing,flow,max,6080
40,2020,sacramento river,11390500,USGS,knights landing,flow,mean,5659.077380952382
40,2020,sacramento river,11390500,USGS,knights landing,flow,min,5290
41,2020,sacramento river,11390500,USGS,knights landing,flow,max,5430
41,2020,sacramento river,11390500,USGS,knights landing,flow,mean,4904.702380952381
41,2020,sacramento river,11390500,USGS,knights landing,flow,min,4390
42,2020,sacramento river,11390500,USGS,knights landing,flow,max,4550
42,2020,sacramento river,11390500,USGS,knights landing,flow,mean,4113.139880952381
42,2020,sacramento river,11390500,USGS,knights landing,flow,min,3690
43,2020,sacramento river,11390500,USGS,knights landing,flow,max,3800
43,2020,sacramento river,11390500,USGS,knights landing,flow,mean,3624.836936090225
43,2020,sacramento river,11390500,USGS,knights landing,flow,min,3530
44,2020,sacramento river,11390500,USGS,knights landing,flow,max,4000
44,2020,sacramento river,11390500,USGS,knights landing,flow,mean,3820.252976190476
44,2020,sacramento river,11390500,USGS,knights landing,flow,min,3710
45,2020,sacramento river,11390500,USGS,knights landing,flow,max,4220
45,2020,sacramento river,11390500,USGS,knights landing,flow,mean,4012.0833333333326
45,2020,sacramento river,11390500,USGS,knights landing,flow,min,3820
46,2020,sacramento river,11390500,USGS,knights landing,flow,max,4280
46,2020,sacramento river,11390500,USGS,knights landing,flow,mean,4138.616071428572
46,2020,sacramento river,11390500,USGS,knights landing,flow,min,3840
47,2020,sacramento river,11390500,USGS,knights landing,flow,max,4810
47,2020,sacramento river,11390500,USGS,knights landing,flow,mean,4564.151785714285
47,2020,sacramento river,11390500,USGS,knights landing,flow,min,4280
48,2020,sacramento river,11390500,USGS,knights landing,flow,max,4600
48,2020,sacramento river,11390500,USGS,knights landing,flow,mean,4399.0625
48,2020,sacramento river,11390500,USGS,knights landing,flow,min,4160
49,2020,sacramento river,11390500,USGS,knights landing,flow,max,4250
49,2020,sacramento river,11390500,USGS,knights landing,flow,mean,4130.982142857143
49,2020,sacramento river,11390500,USGS,knights landing,flow,min,4000
50,2020,sacramento river,11390500,USGS,knights landing,flow,max,4770
50,2020,sacramento river,11390500,USGS,knights landing,flow,mean,4271.443452380952
50,2020,sacramento river,11390500,USGS,knights landing,flow,min,4010
51,2020,sacramento river,11390500,USGS,knights landing,flow,max,5270
51,2020,sacramento river,11390500,USGS,knights landing,flow,mean,4986.785714285715
51,2020,sacramento river,11390500,USGS,knights landing,flow,min,4740
52,2020,sacramento river,11390500,USGS,knights landing,flow,max,5040
52,2020,sacramento river,11390500,USGS,knights landing,flow,mean,4673.97574721378
52,2020,sacramento river,11390500,USGS,knights landing,flow,min,4470
53,2020,sacramento river,11390500,USGS,knights landing,flow,max,4740
53,2020,sacramento river,11390500,USGS,knights landing,flow,mean,4645
53,2020,sacramento river,11390500,USGS,knights landing,flow,min,4570
1,2021,sacramento river,11390500,USGS,knights landing,flow,max,6050
1,2021,sacramento river,11390500,USGS,knights landing,flow,mean,4773.735119047619
1,2021,sacramento river,11390500,USGS,knights landing,flow,min,4450
2,2021,sacramento river,11390500,USGS,knights landing,flow,max,5780
2,2021,sacramento river,11390500,USGS,knights landing,flow,mean,4961.041666666667
2,2021,sacramento river,11390500,USGS,knights landing,flow,min,4410
3,2021,sacramento river,11390500,USGS,knights landing,flow,max,5050
3,2021,sacramento river,11390500,USGS,knights landing,flow,mean,4680.5505952380945
3,2021,sacramento river,11390500,USGS,knights landing,flow,min,4420
4,2021,sacramento river,11390500,USGS,knights landing,flow,max,5660
4,2021,sacramento river,11390500,USGS,knights landing,flow,mean,4561.770833333333
4,2021,sacramento river,11390500,USGS,knights landing,flow,min,4390
5,2021,sacramento river,11390500,USGS,knights landing,flow,max,12200
5,2021,sacramento river,11390500,USGS,knights landing,flow,mean,8987.842261904761
5,2021,sacramento river,11390500,USGS,knights landing,flow,min,5710
6,2021,sacramento river,11390500,USGS,knights landing,flow,max,11400
6,2021,sacramento river,11390500,USGS,knights landing,flow,mean,7556.800595238096
6,2021,sacramento river,11390500,USGS,knights landing,flow,min,6280
7,2021,sacramento river,11390500,USGS,knights landing,flow,max,9460
7,2021,sacramento river,11390500,USGS,knights landing,flow,mean,7985.684523809524
7,2021,sacramento river,11390500,USGS,knights landing,flow,min,6240
8,2021,sacramento river,11390500,USGS,knights landing,flow,max,8200
8,2021,sacramento river,11390500,USGS,knights landing,flow,mean,6550.148809523809
8,2021,sacramento river,11390500,USGS,knights landing,flow,min,5530
9,2021,sacramento river,11390500,USGS,knights landing,flow,max,5520
9,2021,sacramento river,11390500,USGS,knights landing,flow,mean,4896.502976190476
9,2021,sacramento river,11390500,USGS,knights landing,flow,min,4470
10,2021,sacramento river,11390500,USGS,knights landing,flow,max,5040
10,2021,sacramento river,11390500,USGS,knights landing,flow,mean,4843.645833333333
10,2021,sacramento river,11390500,USGS,knights landing,flow,min,4520
11,2021,sacramento river,11390500,USGS,knights landing,flow,max,8010
11,2021,sacramento river,11390500,USGS,knights landing,flow,mean,5849.6875
11,2021,sacramento river,11390500,USGS,knights landing,flow,min,4960
12,2021,sacramento river,11390500,USGS,knights landing,flow,max,8830
12,2021,sacramento river,11390500,USGS,knights landing,flow,mean,7280.520833333334
12,2021,sacramento river,11390500,USGS,knights landing,flow,min,6010
13,2021,sacramento river,11390500,USGS,knights landing,flow,max,6010
13,2021,sacramento river,11390500,USGS,knights landing,flow,mean,5185.951127819549
13,2021,sacramento river,11390500,USGS,knights landing,flow,min,4710
14,2021,sacramento river,11390500,USGS,knights landing,flow,max,5280
14,2021,sacramento river,11390500,USGS,knights landing,flow,mean,4919.022713032581
14,2021,sacramento river,11390500,USGS,knights landing,flow,min,4510
15,2021,sacramento river,11390500,USGS,knights landing,flow,max,5380
15,2021,sacramento river,11390500,USGS,knights landing,flow,mean,5121.875
15,2021,sacramento river,11390500,USGS,knights landing,flow,min,4620
16,2021,sacramento river,11390500,USGS,knights landing,flow,max,4610
16,2021,sacramento river,11390500,USGS,knights landing,flow,mean,4175.25156641604
16,2021,sacramento river,11390500,USGS,knights landing,flow,min,3820
17,2021,sacramento river,11390500,USGS,knights landing,flow,max,4480
17,2021,sacramento river,11390500,USGS,knights landing,flow,mean,4124.924958565769
17,2021,sacramento river,11390500,USGS,knights landing,flow,min,3800
18,2021,sacramento river,11390500,USGS,knights landing,flow,max,4080
18,2021,sacramento river,11390500,USGS,knights landing,flow,mean,3920.654761904762
18,2021,sacramento river,11390500,USGS,knights landing,flow,min,3730
19,2021,sacramento river,11390500,USGS,knights landing,flow,max,5300
19,2021,sacramento river,11390500,USGS,knights landing,flow,mean,4737.8125
19,2021,sacramento river,11390500,USGS,knights landing,flow,min,3950
20,2021,sacramento river,11390500,USGS,knights landing,flow,max,5540
20,2021,sacramento river,11390500,USGS,knights landing,flow,mean,5190.446428571428
20,2021,sacramento river,11390500,USGS,knights landing,flow,min,4850
21,2021,sacramento river,11390500,USGS,knights landing,flow,max,5750
21,2021,sacramento river,11390500,USGS,knights landing,flow,mean,5435.208333333334
21,2021,sacramento river,11390500,USGS,knights landing,flow,min,5110
22,2021,sacramento river,11390500,USGS,knights landing,flow,max,5150
22,2021,sacramento river,11390500,USGS,knights landing,flow,mean,4022.8125000000005
22,2021,sacramento river,11390500,USGS,knights landing,flow,min,3530
23,2021,sacramento river,11390500,USGS,knights landing,flow,max,3700
23,2021,sacramento river,11390500,USGS,knights landing,flow,mean,3556.041666666667
23,2021,sacramento river,11390500,USGS,knights landing,flow,min,3320
24,2021,sacramento river,11390500,USGS,knights landing,flow,max,3450
24,2021,sacramento river,11390500,USGS,knights landing,flow,mean,3341.160714285714
24,2021,sacramento river,11390500,USGS,knights landing,flow,min,3280
25,2021,sacramento river,11390500,USGS,knights landing,flow,max,3860
25,2021,sacramento river,11390500,USGS,knights landing,flow,mean,3645.982142857142
25,2021,sacramento river,11390500,USGS,knights landing,flow,min,3310
26,2021,sacramento river,11390500,USGS,knights landing,flow,max,3900
26,2021,sacramento river,11390500,USGS,knights landing,flow,mean,3700.223214285714
26,2021,sacramento river,11390500,USGS,knights landing,flow,min,3430
27,2021,sacramento river,11390500,USGS,knights landing,flow,max,4840
27,2021,sacramento river,11390500,USGS,knights landing,flow,mean,4180.446428571428
27,2021,sacramento river,11390500,USGS,knights landing,flow,min,3670
28,2021,sacramento river,11390500,USGS,knights landing,flow,max,4860
28,2021,sacramento river,11390500,USGS,knights landing,flow,mean,4716.607142857143
28,2021,sacramento river,11390500,USGS,knights landing,flow,min,4600
29,2021,sacramento river,11390500,USGS,knights landing,flow,max,5040
29,2021,sacramento river,11390500,USGS,knights landing,flow,mean,4856.681547619047
29,2021,sacramento river,11390500,USGS,knights landing,flow,min,4690
30,2021,sacramento river,11390500,USGS,knights landing,flow,max,5270
30,2021,sacramento river,11390500,USGS,knights landing,flow,mean,5046.8005952380945
30,2021,sacramento river,11390500,USGS,knights landing,flow,min,4840
31,2021,sacramento river,11390500,USGS,knights landing,flow,max,5300
31,2021,sacramento river,11390500,USGS,knights landing,flow,mean,5146.071428571428
31,2021,sacramento river,11390500,USGS,knights landing,flow,min,5010
32,2021,sacramento river,11390500,USGS,knights landing,flow,max,5350
32,2021,sacramento river,11390500,USGS,knights landing,flow,mean,5250.610119047619
32,2021,sacramento river,11390500,USGS,knights landing,flow,min,5160
33,2021,sacramento river,11390500,USGS,knights landing,flow,max,6040
33,2021,sacramento river,11390500,USGS,knights landing,flow,mean,5568.60119047619
33,2021,sacramento river,11390500,USGS,knights landing,flow,min,5190
34,2021,sacramento river,11390500,USGS,knights landing,flow,max,5940
34,2021,sacramento river,11390500,USGS,knights landing,flow,mean,5668.363095238096
34,2021,sacramento river,11390500,USGS,knights landing,flow,min,5440
35,2021,sacramento river,11390500,USGS,knights landing,flow,max,5520
35,2021,sacramento river,11390500,USGS,knights landing,flow,mean,5387.767857142857
35,2021,sacramento river,11390500,USGS,knights landing,flow,min,5290
36,2021,sacramento river,11390500,USGS,knights landing,flow,max,5620
36,2021,sacramento river,11390500,USGS,knights landing,flow,mean,5496.473214285715
36,2021,sacramento river,11390500,USGS,knights landing,flow,min,5380
37,2021,sacramento river,11390500,USGS,knights landing,flow,max,5890
37,2021,sacramento river,11390500,USGS,knights landing,flow,mean,5671.026785714287
37,2021,sacramento river,11390500,USGS,knights landing,flow,min,5490
38,2021,sacramento river,11390500,USGS,knights landing,flow,max,5800
38,2021,sacramento river,11390500,USGS,knights landing,flow,mean,5642.068452380952
38,2021,sacramento river,11390500,USGS,knights landing,flow,min,5460
39,2021,sacramento river,11390500,USGS,knights landing,flow,max,5920
39,2021,sacramento river,11390500,USGS,knights landing,flow,mean,5730.2380952380945
39,2021,sacramento river,11390500,USGS,knights landing,flow,min,5590
40,2021,sacramento river,11390500,USGS,knights landing,flow,max,6000
40,2021,sacramento river,11390500,USGS,knights landing,flow,mean,5795.610119047619
40,2021,sacramento river,11390500,USGS,knights landing,flow,min,5650
41,2021,sacramento river,11390500,USGS,knights landing,flow,max,6050
41,2021,sacramento river,11390500,USGS,knights landing,flow,mean,5988.675595238096
41,2021,sacramento river,11390500,USGS,knights landing,flow,min,5930
42,2021,sacramento river,11390500,USGS,knights landing,flow,max,6350
42,2021,sacramento river,11390500,USGS,knights landing,flow,mean,5986.755952380953
42,2021,sacramento river,11390500,USGS,knights landing,flow,min,5870
43,2021,sacramento river,11390500,USGS,knights landing,flow,max,25100
43,2021,sacramento river,11390500,USGS,knights landing,flow,mean,13058.039160401004
43,2021,sacramento river,11390500,USGS,knights landing,flow,min,6340
44,2021,sacramento river,11390500,USGS,knights landing,flow,max,14200
44,2021,sacramento river,11390500,USGS,knights landing,flow,mean,9212.782738095237
44,2021,sacramento river,11390500,USGS,knights landing,flow,min,7490
45,2021,sacramento river,11390500,USGS,knights landing,flow,max,12700
45,2021,sacramento river,11390500,USGS,knights landing,flow,mean,7505.9672619047615
45,2021,sacramento river,11390500,USGS,knights landing,flow,min,6390
46,2021,sacramento river,11390500,USGS,knights landing,flow,max,12600
46,2021,sacramento river,11390500,USGS,knights landing,flow,mean,7108.616071428572
46,2021,sacramento river,11390500,USGS,knights landing,flow,min,4860
47,2021,sacramento river,11390500,USGS,knights landing,flow,max,4870
47,2021,sacramento river,11390500,USGS,knights landing,flow,mean,4559.479166666666
47,2021,sacramento river,11390500,USGS,knights landing,flow,min,4390
48,2021,sacramento river,11390500,USGS,knights landing,flow,max,4500
48,2021,sacramento river,11390500,USGS,knights landing,flow,mean,4400.907738095238
48,2021,sacramento river,11390500,USGS,knights landing,flow,min,4180
49,2021,sacramento river,11390500,USGS,knights landing,flow,max,4230
49,2021,sacramento river,11390500,USGS,knights landing,flow,mean,4060.833333333333
49,2021,sacramento river,11390500,USGS,knights landing,flow,min,3990
50,2021,sacramento river,11390500,USGS,knights landing,flow,max,17400
50,2021,sacramento river,11390500,USGS,knights landing,flow,mean,7446.235119047619
50,2021,sacramento river,11390500,USGS,knights landing,flow,min,4000
51,2021,sacramento river,11390500,USGS,knights landing,flow,max,20600
51,2021,sacramento river,11390500,USGS,knights landing,flow,mean,12590.714285714284
51,2021,sacramento river,11390500,USGS,knights landing,flow,min,8000
52,2021,sacramento river,11390500,USGS,knights landing,flow,max,20100
52,2021,sacramento river,11390500,USGS,knights landing,flow,mean,15857.00892857143
52,2021,sacramento river,11390500,USGS,knights landing,flow,min,8920
53,2021,sacramento river,11390500,USGS,knights landing,flow,max,12800
53,2021,sacramento river,11390500,USGS,knights landing,flow,mean,12655.208333333334
53,2021,sacramento river,11390500,USGS,knights landing,flow,min,12400
1,2022,sacramento river,11390500,USGS,knights landing,flow,max,12300
1,2022,sacramento river,11390500,USGS,knights landing,flow,mean,10016.904761904761
1,2022,sacramento river,11390500,USGS,knights landing,flow,min,8150
2,2022,sacramento river,11390500,USGS,knights landing,flow,max,12000
2,2022,sacramento river,11390500,USGS,knights landing,flow,mean,9977.926065162907
2,2022,sacramento river,11390500,USGS,knights landing,flow,min,7680
3,2022,sacramento river,11390500,USGS,knights landing,flow,max,7750
3,2022,sacramento river,11390500,USGS,knights landing,flow,mean,7086.324404761904
3,2022,sacramento river,11390500,USGS,knights landing,flow,min,6310
4,2022,sacramento river,11390500,USGS,knights landing,flow,max,6410
4,2022,sacramento river,11390500,USGS,knights landing,flow,mean,5949.479166666667
4,2022,sacramento river,11390500,USGS,knights landing,flow,min,5520
5,2022,sacramento river,11390500,USGS,knights landing,flow,max,5590
5,2022,sacramento river,11390500,USGS,knights landing,flow,mean,5333.153731101949
5,2022,sacramento river,11390500,USGS,knights landing,flow,min,5190
6,2022,sacramento river,11390500,USGS,knights landing,flow,max,5290
6,2022,sacramento river,11390500,USGS,knights landing,flow,mean,5206.095238095238
6,2022,sacramento river,11390500,USGS,knights landing,flow,min,5140
7,2022,sacramento river,11390500,USGS,knights landing,flow,max,5350
7,2022,sacramento river,11390500,USGS,knights landing,flow,mean,5250.163063909774
7,2022,sacramento river,11390500,USGS,knights landing,flow,min,5140
8,2022,sacramento river,11390500,USGS,knights landing,flow,max,5170
8,2022,sacramento river,11390500,USGS,knights landing,flow,mean,4642.96130952381
8,2022,sacramento river,11390500,USGS,knights landing,flow,min,4250
9,2022,sacramento river,11390500,USGS,knights landing,flow,max,4260
9,2022,sacramento river,11390500,USGS,knights landing,flow,mean,4123.863641817309
9,2022,sacramento river,11390500,USGS,knights landing,flow,min,3950
10,2022,sacramento river,11390500,USGS,knights landing,flow,max,4360
10,2022,sacramento river,11390500,USGS,knights landing,flow,mean,4171.5728383458645
10,2022,sacramento river,11390500,USGS,knights landing,flow,min,3980
11,2022,sacramento river,11390500,USGS,knights landing,flow,max,4420
11,2022,sacramento river,11390500,USGS,knights landing,flow,mean,4160.53007518797
11,2022,sacramento river,11390500,USGS,knights landing,flow,min,3930
12,2022,sacramento river,11390500,USGS,knights landing,flow,max,4470
12,2022,sacramento river,11390500,USGS,knights landing,flow,mean,4291.080513784461
12,2022,sacramento river,11390500,USGS,knights landing,flow,min,4140
13,2022,sacramento river,11390500,USGS,knights landing,flow,max,4360
13,2022,sacramento river,11390500,USGS,knights landing,flow,mean,4250.2200814536345
13,2022,sacramento river,11390500,USGS,knights landing,flow,min,4130
14,2022,sacramento river,11390500,USGS,knights landing,flow,max,4540
14,2022,sacramento river,11390500,USGS,knights landing,flow,mean,4395.7186059907845
14,2022,sacramento river,11390500,USGS,knights landing,flow,min,4220
15,2022,sacramento river,11390500,USGS,knights landing,flow,max,4280
15,2022,sacramento river,11390500,USGS,knights landing,flow,mean,4181.9922612382015
15,2022,sacramento river,11390500,USGS,knights landing,flow,min,4000
16,2022,sacramento river,11390500,USGS,knights landing,flow,max,6440
16,2022,sacramento river,11390500,USGS,knights landing,flow,mean,5364.480846397909
16,2022,sacramento river,11390500,USGS,knights landing,flow,min,4100
17,2022,sacramento river,11390500,USGS,knights landing,flow,max,6580
17,2022,sacramento river,11390500,USGS,knights landing,flow,mean,5536.496010638298
17,2022,sacramento river,11390500,USGS,knights landing,flow,min,4650
18,2022,sacramento river,11390500,USGS,knights landing,flow,max,4660
18,2022,sacramento river,11390500,USGS,knights landing,flow,mean,4271.041666666667
18,2022,sacramento river,11390500,USGS,knights landing,flow,min,3780
19,2022,sacramento river,11390500,USGS,knights landing,flow,max,3900
19,2022,sacramento river,11390500,USGS,knights landing,flow,mean,3826.664786967419
19,2022,sacramento river,11390500,USGS,knights landing,flow,min,3740
20,2022,sacramento river,11390500,USGS,knights landing,flow,max,3930
20,2022,sacramento river,11390500,USGS,knights landing,flow,mean,3818.659931077694
20,2022,sacramento river,11390500,USGS,knights landing,flow,min,3600
21,2022,sacramento river,11390500,USGS,knights landing,flow,max,3630
21,2022,sacramento river,11390500,USGS,knights landing,flow,mean,3488.452380952381
21,2022,sacramento river,11390500,USGS,knights landing,flow,min,3370
22,2022,sacramento river,11390500,USGS,knights landing,flow,max,3580
22,2022,sacramento river,11390500,USGS,knights landing,flow,mean,3477.514880952381
22,2022,sacramento river,11390500,USGS,knights landing,flow,min,3340
23,2022,sacramento river,11390500,USGS,knights landing,flow,max,3830
23,2022,sacramento river,11390500,USGS,knights landing,flow,mean,3570.699404761905
23,2022,sacramento river,11390500,USGS,knights landing,flow,min,3330
24,2022,sacramento river,11390500,USGS,knights landing,flow,max,3570
24,2022,sacramento river,11390500,USGS,knights landing,flow,mean,3424.285714285714
24,2022,sacramento river,11390500,USGS,knights landing,flow,min,3210
25,2022,sacramento river,11390500,USGS,knights landing,flow,max,3310
25,2022,sacramento river,11390500,USGS,knights landing,flow,mean,3243.526785714286
25,2022,sacramento river,11390500,USGS,knights landing,flow,min,3110
26,2022,sacramento river,11390500,USGS,knights landing,flow,max,3240
26,2022,sacramento river,11390500,USGS,knights landing,flow,mean,3135.6845238095234
26,2022,sacramento river,11390500,USGS,knights landing,flow,min,3060
27,2022,sacramento river,11390500,USGS,knights landing,flow,max,3370
27,2022,sacramento river,11390500,USGS,knights landing,flow,mean,3255.773809523809
27,2022,sacramento river,11390500,USGS,knights landing,flow,min,3090
28,2022,sacramento river,11390500,USGS,knights landing,flow,max,3310
28,2022,sacramento river,11390500,USGS,knights landing,flow,mean,3246.889880952381
28,2022,sacramento river,11390500,USGS,knights landing,flow,min,3200
29,2022,sacramento river,11390500,USGS,knights landing,flow,max,3260
29,2022,sacramento river,11390500,USGS,knights landing,flow,mean,3144.880952380952
29,2022,sacramento river,11390500,USGS,knights landing,flow,min,3020
30,2022,sacramento river,11390500,USGS,knights landing,flow,max,3200
30,2022,sacramento river,11390500,USGS,knights landing,flow,mean,3120.626879699248
30,2022,sacramento river,11390500,USGS,knights landing,flow,min,3020
31,2022,sacramento river,11390500,USGS,knights landing,flow,max,3270
31,2022,sacramento river,11390500,USGS,knights landing,flow,mean,3175.810620300752
31,2022,sacramento river,11390500,USGS,knights landing,flow,min,3070
32,2022,sacramento river,11390500,USGS,knights landing,flow,max,3300
32,2022,sacramento river,11390500,USGS,knights landing,flow,mean,3199.1071428571427
32,2022,sacramento river,11390500,USGS,knights landing,flow,min,3140
33,2022,sacramento river,11390500,USGS,knights landing,flow,max,3360
33,2022,sacramento river,11390500,USGS,knights landing,flow,mean,3257.889590891264
33,2022,sacramento river,11390500,USGS,knights landing,flow,min,3120
34,2022,sacramento river,11390500,USGS,knights landing,flow,max,3270
34,2022,sacramento river,11390500,USGS,knights landing,flow,mean,3187.1726190476193
34,2022,sacramento river,11390500,USGS,knights landing,flow,min,3100
35,2022,sacramento river,11390500,USGS,knights landing,flow,max,3240
35,2022,sacramento river,11390500,USGS,knights landing,flow,mean,3185.4110275689227
35,2022,sacramento river,11390500,USGS,knights landing,flow,min,3130
36,2022,sacramento river,11390500,USGS,knights landing,flow,max,3330
36,2022,sacramento river,11390500,USGS,knights landing,flow,mean,3207.504229323308
36,2022,sacramento river,11390500,USGS,knights landing,flow,min,3090
37,2022,sacramento river,11390500,USGS,knights landing,flow,max,3250
37,2022,sacramento river,11390500,USGS,knights landing,flow,mean,3164.5731516290725
37,2022,sacramento river,11390500,USGS,knights landing,flow,min,3060
38,2022,sacramento river,11390500,USGS,knights landing,flow,max,3780
38,2022,sacramento river,11390500,USGS,knights landing,flow,mean,3444.880952380952
38,2022,sacramento river,11390500,USGS,knights landing,flow,min,3130
39,2022,sacramento river,11390500,USGS,knights landing,flow,max,3600
39,2022,sacramento river,11390500,USGS,knights landing,flow,mean,3495.816729323308
39,2022,sacramento river,11390500,USGS,knights landing,flow,min,3360
40,2022,sacramento river,11390500,USGS,knights landing,flow,max,3370
40,2022,sacramento river,11390500,USGS,knights landing,flow,mean,3326.8632518796994
40,2022,sacramento river,11390500,USGS,knights landing,flow,min,3260
41,2022,sacramento river,11390500,USGS,knights landing,flow,max,3350
41,2022,sacramento river,11390500,USGS,knights landing,flow,mean,3280.006332320162
41,2022,sacramento river,11390500,USGS,knights landing,flow,min,3210
42,2022,sacramento river,11390500,USGS,knights landing,flow,max,3250
42,2022,sacramento river,11390500,USGS,knights landing,flow,mean,3216.3728070175434
42,2022,sacramento river,11390500,USGS,knights landing,flow,min,3180
43,2022,sacramento river,11390500,USGS,knights landing,flow,max,3280
43,2022,sacramento river,11390500,USGS,knights landing,flow,mean,3228.468941636005
43,2022,sacramento river,11390500,USGS,knights landing,flow,min,3200
44,2022,sacramento river,11390500,USGS,knights landing,flow,max,3430
44,2022,sacramento river,11390500,USGS,knights landing,flow,mean,3285.0903788727132
44,2022,sacramento river,11390500,USGS,knights landing,flow,min,3150
45,2022,sacramento river,11390500,USGS,knights landing,flow,max,4190
45,2022,sacramento river,11390500,USGS,knights landing,flow,mean,3715.3273809523807
45,2022,sacramento river,11390500,USGS,knights landing,flow,min,3360
46,2022,sacramento river,11390500,USGS,knights landing,flow,max,4070
46,2022,sacramento river,11390500,USGS,knights landing,flow,mean,3482.4255952380954
46,2022,sacramento river,11390500,USGS,knights landing,flow,min,3310
47,2022,sacramento river,11390500,USGS,knights landing,flow,max,3330
47,2022,sacramento river,11390500,USGS,knights landing,flow,mean,3143.9971804511274
47,2022,sacramento river,11390500,USGS,knights landing,flow,min,3000
48,2022,sacramento river,11390500,USGS,knights landing,flow,max,3330
48,2022,sacramento river,11390500,USGS,knights landing,flow,mean,3174.9500313283206
48,2022,sacramento river,11390500,USGS,knights landing,flow,min,3100
49,2022,sacramento river,11390500,USGS,knights landing,flow,max,7120
49,2022,sacramento river,11390500,USGS,knights landing,flow,mean,4775.40899122807
49,2022,sacramento river,11390500,USGS,knights landing,flow,min,3330
50,2022,sacramento river,11390500,USGS,knights landing,flow,max,13900
50,2022,sacramento river,11390500,USGS,knights landing,flow,mean,7620.744047619048
50,2022,sacramento river,11390500,USGS,knights landing,flow,min,4310
51,2022,sacramento river,11390500,USGS,knights landing,flow,max,4400
51,2022,sacramento river,11390500,USGS,knights landing,flow,mean,3642.5148809523807
51,2022,sacramento river,11390500,USGS,knights landing,flow,min,3330
52,2022,sacramento river,11390500,USGS,knights landing,flow,max,14400
52,2022,sacramento river,11390500,USGS,knights landing,flow,mean,6426.532738095238
52,2022,sacramento river,11390500,USGS,knights landing,flow,min,3480
53,2022,sacramento river,11390500,USGS,knights landing,flow,max,19100
53,2022,sacramento river,11390500,USGS,knights landing,flow,mean,14264.583333333334
53,2022,sacramento river,11390500,USGS,knights landing,flow,min,12000
1,2023,sacramento river,11390500,USGS,knights landing,flow,max,25400
1,2023,sacramento river,11390500,USGS,knights landing,flow,mean,20425.14880952381
1,2023,sacramento river,11390500,USGS,knights landing,flow,min,13400
2,2023,sacramento river,11390500,USGS,knights landing,flow,max,27300
2,2023,sacramento river,11390500,USGS,knights landing,flow,mean,26306.90122913667
2,2023,sacramento river,11390500,USGS,knights landing,flow,min,24100
3,2023,sacramento river,11390500,USGS,knights landing,flow,max,27500
3,2023,sacramento river,11390500,USGS,knights landing,flow,mean,25926.481946759486
3,2023,sacramento river,11390500,USGS,knights landing,flow,min,22500
4,2023,sacramento river,11390500,USGS,knights landing,flow,max,22500
4,2023,sacramento river,11390500,USGS,knights landing,flow,mean,15899.367167919801
4,2023,sacramento river,11390500,USGS,knights landing,flow,min,11800
5,2023,sacramento river,11390500,USGS,knights landing,flow,max,11800
5,2023,sacramento river,11390500,USGS,knights landing,flow,mean,10184.002976190477
5,2023,sacramento river,11390500,USGS,knights landing,flow,min,9110
6,2023,sacramento river,11390500,USGS,knights landing,flow,max,10400
6,2023,sacramento river,11390500,USGS,knights landing,flow,mean,9512.619047619048
6,2023,sacramento river,11390500,USGS,knights landing,flow,min,9000
7,2023,sacramento river,11390500,USGS,knights landing,flow,max,9010
7,2023,sacramento river,11390500,USGS,knights landing,flow,mean,8278.630952380952
7,2023,sacramento river,11390500,USGS,knights landing,flow,min,7200
8,2023,sacramento river,11390500,USGS,knights landing,flow,max,7680
8,2023,sacramento river,11390500,USGS,knights landing,flow,mean,6610.892857142858
8,2023,sacramento river,11390500,USGS,knights landing,flow,min,6190
9,2023,sacramento river,11390500,USGS,knights landing,flow,max,17600
9,2023,sacramento river,11390500,USGS,knights landing,flow,mean,13161.190476190475
9,2023,sacramento river,11390500,USGS,knights landing,flow,min,7690
10,2023,sacramento river,11390500,USGS,knights landing,flow,max,25200
10,2023,sacramento river,11390500,USGS,knights landing,flow,mean,12589.136904761905
10,2023,sacramento river,11390500,USGS,knights landing,flow,min,10100
11,2023,sacramento river,11390500,USGS,knights landing,flow,max,26800
11,2023,sacramento river,11390500,USGS,knights landing,flow,mean,25642.45478945891
11,2023,sacramento river,11390500,USGS,knights landing,flow,min,24100
12,2023,sacramento river,11390500,USGS,knights landing,flow,max,25500
12,2023,sacramento river,11390500,USGS,knights landing,flow,mean,24638.981905712444
12,2023,sacramento river,11390500,USGS,knights landing,flow,min,23600
13,2023,sacramento river,11390500,USGS,knights landing,flow,max,24800
13,2023,sacramento river,11390500,USGS,knights landing,flow,mean,22485.165373540232
13,2023,sacramento river,11390500,USGS,knights landing,flow,min,19200
14,2023,sacramento river,11390500,USGS,knights landing,flow,max,22500
14,2023,sacramento river,11390500,USGS,knights landing,flow,mean,16788.32393483709
14,2023,sacramento river,11390500,USGS,knights landing,flow,min,13500
15,2023,sacramento river,11390500,USGS,knights landing,flow,max,17100
15,2023,sacramento river,11390500,USGS,knights landing,flow,mean,15755.1092367044
15,2023,sacramento river,11390500,USGS,knights landing,flow,min,14100
16,2023,sacramento river,11390500,USGS,knights landing,flow,max,14500
16,2023,sacramento river,11390500,USGS,knights landing,flow,mean,12894.893483709273
16,2023,sacramento river,11390500,USGS,knights landing,flow,min,11200
17,2023,sacramento river,11390500,USGS,knights landing,flow,max,14000
17,2023,sacramento river,11390500,USGS,knights landing,flow,mean,12876.898828445514
17,2023,sacramento river,11390500,USGS,knights landing,flow,min,11100
18,2023,sacramento river,11390500,USGS,knights landing,flow,max,15300
18,2023,sacramento river,11390500,USGS,knights landing,flow,mean,14767.43690679564
18,2023,sacramento river,11390500,USGS,knights landing,flow,min,14000
19,2023,sacramento river,11390500,USGS,knights landing,flow,max,18000
19,2023,sacramento river,11390500,USGS,knights landing,flow,mean,16175.064323041646
19,2023,sacramento river,11390500,USGS,knights landing,flow,min,13800
20,2023,sacramento river,11390500,USGS,knights landing,flow,max,14400
20,2023,sacramento river,11390500,USGS,knights landing,flow,mean,14029.496844075786
20,2023,sacramento river,11390500,USGS,knights landing,flow,min,13600
21,2023,sacramento river,11390500,USGS,knights landing,flow,max,14900
21,2023,sacramento river,11390500,USGS,knights landing,flow,mean,13837.91510001691
21,2023,sacramento river,11390500,USGS,knights landing,flow,min,12400
22,2023,sacramento river,11390500,USGS,knights landing,flow,max,12400
22,2023,sacramento river,11390500,USGS,knights landing,flow,mean,10956.168394777265
22,2023,sacramento river,11390500,USGS,knights landing,flow,min,9540
23,2023,sacramento river,11390500,USGS,knights landing,flow,max,9530
23,2023,sacramento river,11390500,USGS,knights landing,flow,mean,8909.86607142857
23,2023,sacramento river,11390500,USGS,knights landing,flow,min,8040
24,2023,sacramento river,11390500,USGS,knights landing,flow,max,8080
24,2023,sacramento river,11390500,USGS,knights landing,flow,mean,7428.973214285715
24,2023,sacramento river,11390500,USGS,knights landing,flow,min,6150
25,2023,sacramento river,11390500,USGS,knights landing,flow,max,6160
25,2023,sacramento river,11390500,USGS,knights landing,flow,mean,5414.703007518797
25,2023,sacramento river,11390500,USGS,knights landing,flow,min,4720
26,2023,sacramento river,11390500,USGS,knights landing,flow,max,5090
26,2023,sacramento river,11390500,USGS,knights landing,flow,mean,4891.681547619048
26,2023,sacramento river,11390500,USGS,knights landing,flow,min,4730
27,2023,sacramento river,11390500,USGS,knights landing,flow,max,5200
27,2023,sacramento river,11390500,USGS,knights landing,flow,mean,5017.529761904763
27,2023,sacramento river,11390500,USGS,knights landing,flow,min,4740
28,2023,sacramento river,11390500,USGS,knights landing,flow,max,5150
28,2023,sacramento river,11390500,USGS,knights landing,flow,mean,5007.306547619048
28,2023,sacramento river,11390500,USGS,knights landing,flow,min,4790
29,2023,sacramento river,11390500,USGS,knights landing,flow,max,6150
29,2023,sacramento river,11390500,USGS,knights landing,flow,mean,5325.297619047619
29,2023,sacramento river,11390500,USGS,knights landing,flow,min,4780
30,2023,sacramento river,11390500,USGS,knights landing,flow,max,5070
30,2023,sacramento river,11390500,USGS,knights landing,flow,mean,4871.235119047618
30,2023,sacramento river,11390500,USGS,knights landing,flow,min,4770
31,2023,sacramento river,11390500,USGS,knights landing,flow,max,5370
31,2023,sacramento river,11390500,USGS,knights landing,flow,mean,5208.556547619048
31,2023,sacramento river,11390500,USGS,knights landing,flow,min,5080
32,2023,sacramento river,11390500,USGS,knights landing,flow,max,5430
32,2023,sacramento river,11390500,USGS,knights landing,flow,mean,5215.267857142857
32,2023,sacramento river,11390500,USGS,knights landing,flow,min,5010
33,2023,sacramento river,11390500,USGS,knights landing,flow,max,5710
33,2023,sacramento river,11390500,USGS,knights landing,flow,mean,5419.598214285715
33,2023,sacramento river,11390500,USGS,knights landing,flow,min,5030
34,2023,sacramento river,11390500,USGS,knights landing,flow,max,6360
34,2023,sacramento river,11390500,USGS,knights landing,flow,mean,6029.032738095238
34,2023,sacramento river,11390500,USGS,knights landing,flow,min,5600
35,2023,sacramento river,11390500,USGS,knights landing,flow,max,6580
35,2023,sacramento river,11390500,USGS,knights landing,flow,mean,6429.0625
35,2023,sacramento river,11390500,USGS,knights landing,flow,min,6240
36,2023,sacramento river,11390500,USGS,knights landing,flow,max,7000
36,2023,sacramento river,11390500,USGS,knights landing,flow,mean,6683.154761904762
36,2023,sacramento river,11390500,USGS,knights landing,flow,min,6490
37,2023,sacramento river,11390500,USGS,knights landing,flow,max,6950
37,2023,sacramento river,11390500,USGS,knights landing,flow,mean,6708.779761904762
37,2023,sacramento river,11390500,USGS,knights landing,flow,min,6620
38,2023,sacramento river,11390500,USGS,knights landing,flow,max,7050
38,2023,sacramento river,11390500,USGS,knights landing,flow,mean,6782.127976190476
38,2023,sacramento river,11390500,USGS,knights landing,flow,min,6400
39,2023,sacramento river,11390500,USGS,knights landing,flow,max,6670
39,2023,sacramento river,11390500,USGS,knights landing,flow,mean,6093.154761904762
39,2023,sacramento river,11390500,USGS,knights landing,flow,min,5830
40,2023,sacramento river,11390500,USGS,knights landing,flow,max,6300
40,2023,sacramento river,11390500,USGS,knights landing,flow,mean,6101.785714285716
40,2023,sacramento river,11390500,USGS,knights landing,flow,min,5860
41,2023,sacramento river,11390500,USGS,knights landing,flow,max,5910
41,2023,sacramento river,11390500,USGS,knights landing,flow,mean,5547.068452380953
41,2023,sacramento river,11390500,USGS,knights landing,flow,min,5380
42,2023,sacramento river,11390500,USGS,knights landing,flow,max,5510
42,2023,sacramento river,11390500,USGS,knights landing,flow,mean,5188.705357142857
42,2023,sacramento river,11390500,USGS,knights landing,flow,min,4640
43,2023,sacramento river,11390500,USGS,knights landing,flow,max,5150
43,2023,sacramento river,11390500,USGS,knights landing,flow,mean,4969.389880952381
43,2023,sacramento river,11390500,USGS,knights landing,flow,min,4630
44,2023,sacramento river,11390500,USGS,knights landing,flow,max,5120
44,2023,sacramento river,11390500,USGS,knights landing,flow,mean,4838.616071428572
44,2023,sacramento river,11390500,USGS,knights landing,flow,min,4010
45,2023,sacramento river,11390500,USGS,knights landing,flow,max,4030
45,2023,sacramento river,11390500,USGS,knights landing,flow,mean,3761.0419799498745
45,2023,sacramento river,11390500,USGS,knights landing,flow,min,3480
46,2023,sacramento river,11390500,USGS,knights landing,flow,max,3740
46,2023,sacramento river,11390500,USGS,knights landing,flow,mean,3614.9404761904766
46,2023,sacramento river,11390500,USGS,knights landing,flow,min,3540
47,2023,sacramento river,11390500,USGS,knights landing,flow,max,4830
47,2023,sacramento river,11390500,USGS,knights landing,flow,mean,4279.6875
47,2023,sacramento river,11390500,USGS,knights landing,flow,min,3630
48,2023,sacramento river,11390500,USGS,knights landing,flow,max,4250
48,2023,sacramento river,11390500,USGS,knights landing,flow,mean,4142.1875
48,2023,sacramento river,11390500,USGS,knights landing,flow,min,4040
49,2023,sacramento river,11390500,USGS,knights landing,flow,max,4880
49,2023,sacramento river,11390500,USGS,knights landing,flow,mean,4487.455357142857
49,2023,sacramento river,11390500,USGS,knights landing,flow,min,4030
50,2023,sacramento river,11390500,USGS,knights landing,flow,max,4960
50,2023,sacramento river,11390500,USGS,knights landing,flow,mean,4727.7827380952385
50,2023,sacramento river,11390500,USGS,knights landing,flow,min,4540
51,2023,sacramento river,11390500,USGS,knights landing,flow,max,12400
51,2023,sacramento river,11390500,USGS,knights landing,flow,mean,7976.754385964911
51,2023,sacramento river,11390500,USGS,knights landing,flow,min,4660
52,2023,sacramento river,11390500,USGS,knights landing,flow,max,10200
52,2023,sacramento river,11390500,USGS,knights landing,flow,mean,7938.27380952381
52,2023,sacramento river,11390500,USGS,knights landing,flow,min,6950
53,2023,sacramento river,11390500,USGS,knights landing,flow,max,9200
53,2023,sacramento river,11390500,USGS,knights landing,flow,mean,9200
53,2023,sacramento river,11390500,USGS,knights landing,flow,min,9200
1,2024,sacramento river,11390500,USGS,knights landing,flow,max,17300
1,2024,sacramento river,11390500,USGS,knights landing,flow,mean,12175.81845238095
1,2024,sacramento river,11390500,USGS,knights landing,flow,min,9470
2,2024,sacramento river,11390500,USGS,knights landing,flow,max,9470
2,2024,sacramento river,11390500,USGS,knights landing,flow,mean,8987.306547619048
2,2024,sacramento river,11390500,USGS,knights landing,flow,min,8790
3,2024,sacramento river,11390500,USGS,knights landing,flow,max,20500
3,2024,sacramento river,11390500,USGS,knights landing,flow,mean,16597.410714285714
3,2024,sacramento river,11390500,USGS,knights landing,flow,min,8980
4,2024,sacramento river,11390500,USGS,knights landing,flow,max,25000
4,2024,sacramento river,11390500,USGS,knights landing,flow,mean,23114.33740601504
4,2024,sacramento river,11390500,USGS,knights landing,flow,min,17300
5,2024,sacramento river,11390500,USGS,knights landing,flow,max,25700
5,2024,sacramento river,11390500,USGS,knights landing,flow,mean,20357.314794158632
5,2024,sacramento river,11390500,USGS,knights landing,flow,min,15700
6,2024,sacramento river,11390500,USGS,knights landing,flow,max,26800
6,2024,sacramento river,11390500,USGS,knights landing,flow,mean,25767.13783127662
6,2024,sacramento river,11390500,USGS,knights landing,flow,min,24500
7,2024,sacramento river,11390500,USGS,knights landing,flow,max,24500
7,2024,sacramento river,11390500,USGS,knights landing,flow,mean,23545.317626835953
7,2024,sacramento river,11390500,USGS,knights landing,flow,min,22900
8,2024,sacramento river,11390500,USGS,knights landing,flow,max,27100
8,2024,sacramento river,11390500,USGS,knights landing,flow,mean,26337.491243291934
8,2024,sacramento river,11390500,USGS,knights landing,flow,min,23700
9,2024,sacramento river,11390500,USGS,knights landing,flow,max,26300
9,2024,sacramento river,11390500,USGS,knights landing,flow,mean,25696.914984963485
9,2024,sacramento river,11390500,USGS,knights landing,flow,min,24900
10,2024,sacramento river,11390500,USGS,knights landing,flow,max,25200
10,2024,sacramento river,11390500,USGS,knights landing,flow,mean,24445.89878228179
10,2024,sacramento river,11390500,USGS,knights landing,flow,min,23700
11,2024,sacramento river,11390500,USGS,knights landing,flow,max,24000
11,2024,sacramento river,11390500,USGS,knights landing,flow,mean,23409.20069430779
11,2024,sacramento river,11390500,USGS,knights landing,flow,min,22100
12,2024,sacramento river,11390500,USGS,knights landing,flow,max,22100
12,2024,sacramento river,11390500,USGS,knights landing,flow,mean,17820.465741964803
12,2024,sacramento river,11390500,USGS,knights landing,flow,min,15500
13,2024,sacramento river,11390500,USGS,knights landing,flow,max,21300
13,2024,sacramento river,11390500,USGS,knights landing,flow,mean,17914.637209402183
13,2024,sacramento river,11390500,USGS,knights landing,flow,min,14500
14,2024,sacramento river,11390500,USGS,knights landing,flow,max,20800
14,2024,sacramento river,11390500,USGS,knights landing,flow,mean,16824.56766917293
14,2024,sacramento river,11390500,USGS,knights landing,flow,min,14800
15,2024,sacramento river,11390500,USGS,knights landing,flow,max,15500
15,2024,sacramento river,11390500,USGS,knights landing,flow,mean,14131.398809523811
15,2024,sacramento river,11390500,USGS,knights landing,flow,min,13100
16,2024,sacramento river,11390500,USGS,knights landing,flow,max,18100
16,2024,sacramento river,11390500,USGS,knights landing,flow,mean,16652.905815679205
16,2024,sacramento river,11390500,USGS,knights landing,flow,min,15200
17,2024,sacramento river,11390500,USGS,knights landing,flow,max,16600
17,2024,sacramento river,11390500,USGS,knights landing,flow,mean,15591.323434038102
17,2024,sacramento river,11390500,USGS,knights landing,flow,min,14500
18,2024,sacramento river,11390500,USGS,knights landing,flow,max,15600
18,2024,sacramento river,11390500,USGS,knights landing,flow,mean,10296.339285714286
18,2024,sacramento river,11390500,USGS,knights landing,flow,min,7280
19,2024,sacramento river,11390500,USGS,knights landing,flow,max,11100
19,2024,sacramento river,11390500,USGS,knights landing,flow,mean,10192.94642857143
19,2024,sacramento river,11390500,USGS,knights landing,flow,min,7750
20,2024,sacramento river,11390500,USGS,knights landing,flow,max,9810
20,2024,sacramento river,11390500,USGS,knights landing,flow,mean,6594.166666666666
20,2024,sacramento river,11390500,USGS,knights landing,flow,min,5050
21,2024,sacramento river,11390500,USGS,knights landing,flow,max,9660
21,2024,sacramento river,11390500,USGS,knights landing,flow,mean,7695.252976190475
21,2024,sacramento river,11390500,USGS,knights landing,flow,min,5480
22,2024,sacramento river,11390500,USGS,knights landing,flow,max,9610
22,2024,sacramento river,11390500,USGS,knights landing,flow,mean,7513.169642857143
22,2024,sacramento river,11390500,USGS,knights landing,flow,min,6420
23,2024,sacramento river,11390500,USGS,knights landing,flow,max,6640
23,2024,sacramento river,11390500,USGS,knights landing,flow,mean,6199.627976190476
23,2024,sacramento river,11390500,USGS,knights landing,flow,min,5720
24,2024,sacramento river,11390500,USGS,knights landing,flow,max,5900
24,2024,sacramento river,11390500,USGS,knights landing,flow,mean,5634.330357142857
24,2024,sacramento river,11390500,USGS,knights landing,flow,min,5330
25,2024,sacramento river,11390500,USGS,knights landing,flow,max,5730
25,2024,sacramento river,11390500,USGS,knights landing,flow,mean,5182.397243107769
25,2024,sacramento river,11390500,USGS,knights landing,flow,min,4570
26,2024,sacramento river,11390500,USGS,knights landing,flow,max,7280
26,2024,sacramento river,11390500,USGS,knights landing,flow,mean,5833.586309523809
26,2024,sacramento river,11390500,USGS,knights landing,flow,min,5080
27,2024,sacramento river,11390500,USGS,knights landing,flow,max,7310
27,2024,sacramento river,11390500,USGS,knights landing,flow,mean,7028.154761904763
27,2024,sacramento river,11390500,USGS,knights landing,flow,min,6770
28,2024,sacramento river,11390500,USGS,knights landing,flow,max,7430
28,2024,sacramento river,11390500,USGS,knights landing,flow,mean,7190.279448621554
28,2024,sacramento river,11390500,USGS,knights landing,flow,min,7010
29,2024,sacramento river,11390500,USGS,knights landing,flow,max,7740
29,2024,sacramento river,11390500,USGS,knights landing,flow,mean,7492.276785714287
29,2024,sacramento river,11390500,USGS,knights landing,flow,min,7150
30,2024,sacramento river,11390500,USGS,knights landing,flow,max,7570
30,2024,sacramento river,11390500,USGS,knights landing,flow,mean,7244.672619047618
30,2024,sacramento river,11390500,USGS,knights landing,flow,min,6990
31,2024,sacramento river,11390500,USGS,knights landing,flow,max,8090
31,2024,sacramento river,11390500,USGS,knights landing,flow,mean,7675.9375
31,2024,sacramento river,11390500,USGS,knights landing,flow,min,7350
32,2024,sacramento river,11390500,USGS,knights landing,flow,max,8090
32,2024,sacramento river,11390500,USGS,knights landing,flow,mean,7639.791666666667
32,2024,sacramento river,11390500,USGS,knights landing,flow,min,7270
33,2024,sacramento river,11390500,USGS,knights landing,flow,max,7970
33,2024,sacramento river,11390500,USGS,knights landing,flow,mean,7611.815476190476
33,2024,sacramento river,11390500,USGS,knights landing,flow,min,7300
34,2024,sacramento river,11390500,USGS,knights landing,flow,max,8410
34,2024,sacramento river,11390500,USGS,knights landing,flow,mean,7929.81328320802
34,2024,sacramento river,11390500,USGS,knights landing,flow,min,7490
35,2024,sacramento river,11390500,USGS,knights landing,flow,max,8810
35,2024,sacramento river,11390500,USGS,knights landing,flow,mean,8700.416666666666
35,2024,sacramento river,11390500,USGS,knights landing,flow,min,8390
41,2024,sacramento river,11390500,USGS,knights landing,flow,max,5670
41,2024,sacramento river,11390500,USGS,knights landing,flow,mean,5567.333333333333
41,2024,sacramento river,11390500,USGS,knights landing,flow,min,5480
42,2024,sacramento river,11390500,USGS,knights landing,flow,max,5630
42,2024,sacramento river,11390500,USGS,knights landing,flow,mean,5324.151785714285
42,2024,sacramento river,11390500,USGS,knights landing,flow,min,5060
43,2024,sacramento river,11390500,USGS,knights landing,flow,max,5160
43,2024,sacramento river,11390500,USGS,knights landing,flow,mean,4741.160714285716
43,2024,sacramento river,11390500,USGS,knights landing,flow,min,4240
44,2024,sacramento river,11390500,USGS,knights landing,flow,max,4630
44,2024,sacramento river,11390500,USGS,knights landing,flow,mean,4485.074404761905
44,2024,sacramento river,11390500,USGS,knights landing,flow,min,4310
45,2024,sacramento river,11390500,USGS,knights landing,flow,max,4680
45,2024,sacramento river,11390500,USGS,knights landing,flow,mean,4489.910714285715
45,2024,sacramento river,11390500,USGS,knights landing,flow,min,4250
46,2024,sacramento river,11390500,USGS,knights landing,flow,max,4390
46,2024,sacramento river,11390500,USGS,knights landing,flow,mean,4255.669642857143
46,2024,sacramento river,11390500,USGS,knights landing,flow,min,4110
47,2024,sacramento river,11390500,USGS,knights landing,flow,max,26100
47,2024,sacramento river,11390500,USGS,knights landing,flow,mean,10896.056547619048
47,2024,sacramento river,11390500,USGS,knights landing,flow,min,3880
48,2024,sacramento river,11390500,USGS,knights landing,flow,max,26200
48,2024,sacramento river,11390500,USGS,knights landing,flow,mean,19473.519736842107
48,2024,sacramento river,11390500,USGS,knights landing,flow,min,11500
49,2024,sacramento river,11390500,USGS,knights landing,flow,max,11500
49,2024,sacramento river,11390500,USGS,knights landing,flow,mean,8878.219566052228
49,2024,sacramento river,11390500,USGS,knights landing,flow,min,7310
50,2024,sacramento river,11390500,USGS,knights landing,flow,max,24400
50,2024,sacramento river,11390500,USGS,knights landing,flow,mean,8940.282738095239
50,2024,sacramento river,11390500,USGS,knights landing,flow,min,6530
51,2024,sacramento river,11390500,USGS,knights landing,flow,max,25700
51,2024,sacramento river,11390500,USGS,knights landing,flow,mean,21798.809523809523
51,2024,sacramento river,11390500,USGS,knights landing,flow,min,16600
52,2024,sacramento river,11390500,USGS,knights landing,flow,max,25500
52,2024,sacramento river,11390500,USGS,knights landing,flow,mean,21998.363095238095
52,2024,sacramento river,11390500,USGS,knights landing,flow,min,16800
53,2024,sacramento river,11390500,USGS,knights landing,flow,max,25800
53,2024,sacramento river,11390500,USGS,knights landing,flow,mean,25388.020833333336
53,2024,sacramento river,11390500,USGS,knights landing,flow,min,24900
1,2025,sacramento river,11390500,USGS,knights landing,flow,max,25800
1,2025,sacramento river,11390500,USGS,knights landing,flow,mean,24449.702380952378
1,2025,sacramento river,11390500,USGS,knights landing,flow,min,23600
2,2025,sacramento river,11390500,USGS,knights landing,flow,max,23800
2,2025,sacramento river,11390500,USGS,knights landing,flow,mean,22562.5
2,2025,sacramento river,11390500,USGS,knights landing,flow,min,21600
3,2025,sacramento river,11390500,USGS,knights landing,flow,max,21600
3,2025,sacramento river,11390500,USGS,knights landing,flow,mean,17018.89880952381
3,2025,sacramento river,11390500,USGS,knights landing,flow,min,12200
4,2025,sacramento river,11390500,USGS,knights landing,flow,max,12200
4,2025,sacramento river,11390500,USGS,knights landing,flow,mean,10979.360119047618
4,2025,sacramento river,11390500,USGS,knights landing,flow,min,9950
5,2025,sacramento river,11390500,USGS,knights landing,flow,max,25800
5,2025,sacramento river,11390500,USGS,knights landing,flow,mean,12502.00892857143
5,2025,sacramento river,11390500,USGS,knights landing,flow,min,9430
6,2025,sacramento river,11390500,USGS,knights landing,flow,max,27500
6,2025,sacramento river,11390500,USGS,knights landing,flow,mean,27096.875000000004
6,2025,sacramento river,11390500,USGS,knights landing,flow,min,25800
7,2025,sacramento river,11390500,USGS,knights landing,flow,max,27000
7,2025,sacramento river,11390500,USGS,knights landing,flow,mean,26658.779761904763
7,2025,sacramento river,11390500,USGS,knights landing,flow,min,26000
8,2025,sacramento river,11390500,USGS,knights landing,flow,max,26100
8,2025,sacramento river,11390500,USGS,knights landing,flow,mean,24709.97023809524
8,2025,sacramento river,11390500,USGS,knights landing,flow,min,23000
9,2025,sacramento river,11390500,USGS,knights landing,flow,max,23000
9,2025,sacramento river,11390500,USGS,knights landing,flow,mean,19872.47023809524
9,2025,sacramento river,11390500,USGS,knights landing,flow,min,16800
10,2025,sacramento river,11390500,USGS,knights landing,flow,max,18400
10,2025,sacramento river,11390500,USGS,knights landing,flow,mean,14906.696428571426
10,2025,sacramento river,11390500,USGS,knights landing,flow,min,13200
11,2025,sacramento river,11390500,USGS,knights landing,flow,max,21100
11,2025,sacramento river,11390500,USGS,knights landing,flow,mean,15067.113095238094
11,2025,sacramento river,11390500,USGS,knights landing,flow,min,12800
12,2025,sacramento river,11390500,USGS,knights landing,flow,max,22300
12,2025,sacramento river,11390500,USGS,knights landing,flow,mean,21766.071428571428
12,2025,sacramento river,11390500,USGS,knights landing,flow,min,20300
13,2025,sacramento river,11390500,USGS,knights landing,flow,max,21000
13,2025,sacramento river,11390500,USGS,knights landing,flow,mean,18029.166666666668
13,2025,sacramento river,11390500,USGS,knights landing,flow,min,16900
14,2025,sacramento river,11390500,USGS,knights landing,flow,max,19800
14,2025,sacramento river,11390500,USGS,knights landing,flow,mean,17075.000000000004
14,2025,sacramento river,11390500,USGS,knights landing,flow,min,14000
15,2025,sacramento river,11390500,USGS,knights landing,flow,max,14200
15,2025,sacramento river,11390500,USGS,knights landing,flow,mean,12888.988095238094
15,2025,sacramento river,11390500,USGS,knights landing,flow,min,11500
16,2025,sacramento river,11390500,USGS,knights landing,flow,max,13300
16,2025,sacramento river,11390500,USGS,knights landing,flow,mean,12258.779761904761
16,2025,sacramento river,11390500,USGS,knights landing,flow,min,10700
17,2025,sacramento river,11390500,USGS,knights landing,flow,max,11700
17,2025,sacramento river,11390500,USGS,knights landing,flow,mean,8301.205357142857
17,2025,sacramento river,11390500,USGS,knights landing,flow,min,6970
18,2025,sacramento river,11390500,USGS,knights landing,flow,max,10100
18,2025,sacramento river,11390500,USGS,knights landing,flow,mean,8933.005952380952
18,2025,sacramento river,11390500,USGS,knights landing,flow,min,6770
19,2025,sacramento river,11390500,USGS,knights landing,flow,max,10700
19,2025,sacramento river,11390500,USGS,knights landing,flow,mean,7388.035714285715
19,2025,sacramento river,11390500,USGS,knights landing,flow,min,5250
20,2025,sacramento river,11390500,USGS,knights landing,flow,max,10800
20,2025,sacramento river,11390500,USGS,knights landing,flow,mean,8423.675595238095
20,2025,sacramento river,11390500,USGS,knights landing,flow,min,7070
21,2025,sacramento river,11390500,USGS,knights landing,flow,max,10500
21,2025,sacramento river,11390500,USGS,knights landing,flow,mean,9220.282738095239
21,2025,sacramento river,11390500,USGS,knights landing,flow,min,6920
22,2025,sacramento river,11390500,USGS,knights landing,flow,max,8380
22,2025,sacramento river,11390500,USGS,knights landing,flow,mean,7560.580357142858
22,2025,sacramento river,11390500,USGS,knights landing,flow,min,6500
23,2025,sacramento river,11390500,USGS,knights landing,flow,max,6480
23,2025,sacramento river,11390500,USGS,knights landing,flow,mean,5436.72619047619
23,2025,sacramento river,11390500,USGS,knights landing,flow,min,5020
24,2025,sacramento river,11390500,USGS,knights landing,flow,max,6530
24,2025,sacramento river,11390500,USGS,knights landing,flow,mean,5525.029761904762
24,2025,sacramento river,11390500,USGS,knights landing,flow,min,4770
25,2025,sacramento river,11390500,USGS,knights landing,flow,max,7900
25,2025,sacramento river,11390500,USGS,knights landing,flow,mean,7239.955357142857
25,2025,sacramento river,11390500,USGS,knights landing,flow,min,6490
26,2025,sacramento river,11390500,USGS,knights landing,flow,max,7550
26,2025,sacramento river,11390500,USGS,knights landing,flow,mean,7069.985119047618
26,2025,sacramento river,11390500,USGS,knights landing,flow,min,6840
27,2025,sacramento river,11390500,USGS,knights landing,flow,max,8240
27,2025,sacramento river,11390500,USGS,knights landing,flow,mean,7694.627976190476
27,2025,sacramento river,11390500,USGS,knights landing,flow,min,7040
28,2025,sacramento river,11390500,USGS,knights landing,flow,max,8200
28,2025,sacramento river,11390500,USGS,knights landing,flow,mean,7991.949404761904
28,2025,sacramento river,11390500,USGS,knights landing,flow,min,7790
29,2025,sacramento river,11390500,USGS,knights landing,flow,max,8330
29,2025,sacramento river,11390500,USGS,knights landing,flow,mean,8105.922619047619
29,2025,sacramento river,11390500,USGS,knights landing,flow,min,7910
30,2025,sacramento river,11390500,USGS,knights landing,flow,max,8940
30,2025,sacramento river,11390500,USGS,knights landing,flow,mean,8484.255952380952
30,2025,sacramento river,11390500,USGS,knights landing,flow,min,8150
31,2025,sacramento river,11390500,USGS,knights landing,flow,max,9030
31,2025,sacramento river,11390500,USGS,knights landing,flow,mean,8939.732142857143
31,2025,sacramento river,11390500,USGS,knights landing,flow,min,8790
32,2025,sacramento river,11390500,USGS,knights landing,flow,max,8950
32,2025,sacramento river,11390500,USGS,knights landing,flow,mean,8709.285714285714
32,2025,sacramento river,11390500,USGS,knights landing,flow,min,8230
33,2025,sacramento river,11390500,USGS,knights landing,flow,max,8220
33,2025,sacramento river,11390500,USGS,knights landing,flow,mean,6588.377976190475
33,2025,sacramento river,11390500,USGS,knights landing,flow,min,5740
34,2025,sacramento river,11390500,USGS,knights landing,flow,max,6160
34,2025,sacramento river,11390500,USGS,knights landing,flow,mean,6030.744047619047
34,2025,sacramento river,11390500,USGS,knights landing,flow,min,5830
35,2025,sacramento river,11390500,USGS,knights landing,flow,max,6810
35,2025,sacramento river,11390500,USGS,knights landing,flow,mean,6510.0744047619055
35,2025,sacramento river,11390500,USGS,knights landing,flow,min,6080
36,2025,sacramento river,11390500,USGS,knights landing,flow,max,6760
36,2025,sacramento river,11390500,USGS,knights landing,flow,mean,6562.678571428572
36,2025,sacramento river,11390500,USGS,knights landing,flow,min,6290
37,2025,sacramento river,11390500,USGS,knights landing,flow,max,7460
37,2025,sacramento river,11390500,USGS,knights landing,flow,mean,7130.982142857143
37,2025,sacramento river,11390500,USGS,knights landing,flow,min,6660
38,2025,sacramento river,11390500,USGS,knights landing,flow,max,6940
38,2025,sacramento river,11390500,USGS,knights landing,flow,mean,6857.485119047619
38,2025,sacramento river,11390500,USGS,knights landing,flow,min,6780
39,2025,sacramento river,11390500,USGS,knights landing,flow,max,6790
39,2025,sacramento river,11390500,USGS,knights landing,flow,mean,6524.9255952380945
39,2025,sacramento river,11390500,USGS,knights landing,flow,min,6360
40,2025,sacramento river,11390500,USGS,knights landing,flow,max,7030
40,2025,sacramento river,11390500,USGS,knights landing,flow,mean,6696.101190476191
40,2025,sacramento river,11390500,USGS,knights landing,flow,min,6430
41,2025,sacramento river,11390500,USGS,knights landing,flow,max,6550
41,2025,sacramento river,11390500,USGS,knights landing,flow,mean,6262.544642857143
41,2025,sacramento river,11390500,USGS,knights landing,flow,min,6120
42,2025,sacramento river,11390500,USGS,knights landing,flow,max,6580
42,2025,sacramento river,11390500,USGS,knights landing,flow,mean,6438.273809523809
42,2025,sacramento river,11390500,USGS,knights landing,flow,min,6210
43,2025,sacramento river,11390500,USGS,knights landing,flow,max,6700
43,2025,sacramento river,11390500,USGS,knights landing,flow,mean,6156.4285714285725
43,2025,sacramento river,11390500,USGS,knights landing,flow,min,5970
44,2025,sacramento river,11390500,USGS,knights landing,flow,max,6690
44,2025,sacramento river,11390500,USGS,knights landing,flow,mean,5566.919642857144
44,2025,sacramento river,11390500,USGS,knights landing,flow,min,4880
45,2025,sacramento river,11390500,USGS,knights landing,flow,max,6050
45,2025,sacramento river,11390500,USGS,knights landing,flow,mean,5325.401785714285
45,2025,sacramento river,11390500,USGS,knights landing,flow,min,4110
46,2025,sacramento river,11390500,USGS,knights landing,flow,max,9860
46,2025,sacramento river,11390500,USGS,knights landing,flow,mean,5214.196428571428
46,2025,sacramento river,11390500,USGS,knights landing,flow,min,3760
47,2025,sacramento river,11390500,USGS,knights landing,flow,max,13100
47,2025,sacramento river,11390500,USGS,knights landing,flow,mean,8470.9375
47,2025,sacramento river,11390500,USGS,knights landing,flow,min,5940
48,2025,sacramento river,11390500,USGS,knights landing,flow,max,5970
48,2025,sacramento river,11390500,USGS,knights landing,flow,mean,5023.422619047619
48,2025,sacramento river,11390500,USGS,knights landing,flow,min,4480
49,2025,sacramento river,11390500,USGS,knights landing,flow,max,4480
49,2025,sacramento river,11390500,USGS,knights landing,flow,mean,4381.755952380951
49,2025,sacramento river,11390500,USGS,knights landing,flow,min,4280
50,2025,sacramento river,11390500,USGS,knights landing,flow,max,4860
50,2025,sacramento river,11390500,USGS,knights landing,flow,mean,4286.785714285715
50,2025,sacramento river,11390500,USGS,knights landing,flow,min,4150
51,2025,sacramento river,11390500,USGS,knights landing,flow,max,25300
51,2025,sacramento river,11390500,USGS,knights landing,flow,mean,11660.714285714286
51,2025,sacramento river,11390500,USGS,knights landing,flow,min,4860
52,2025,sacramento river,11390500,USGS,knights landing,flow,max,26600
52,2025,sacramento river,11390500,USGS,knights landing,flow,mean,25646.27976190476
52,2025,sacramento river,11390500,USGS,knights landing,flow,min,23600
53,2025,sacramento river,11390500,USGS,knights landing,flow,max,23600
53,2025,sacramento river,11390500,USGS,knights landing,flow,mean,23346.875
53,2025,sacramento river,11390500,USGS,knights landing,flow,min,23100
1,2026,sacramento river,11390500,USGS,knights landing,flow,max,26800
1,2026,sacramento river,11390500,USGS,knights landing,flow,mean,24725.446428571428
1,2026,sacramento river,11390500,USGS,knights landing,flow,min,21900
2,2026,sacramento river,11390500,USGS,knights landing,flow,max,26900
2,2026,sacramento river,11390500,USGS,knights landing,flow,mean,25027.218045112782
2,2026,sacramento river,11390500,USGS,knights landing,flow,min,23400
3,2026,sacramento river,11390500,USGS,knights landing,flow,max,23400
3,2026,sacramento river,11390500,USGS,knights landing,flow,mean,22243.303571428572
3,2026,sacramento river,11390500,USGS,knights landing,flow,min,21400
4,2026,sacramento river,11390500,USGS,knights landing,flow,max,21400
4,2026,sacramento river,11390500,USGS,knights landing,flow,mean,18383.184523809523
4,2026,sacramento river,11390500,USGS,knights landing,flow,min,14300
5,2026,sacramento river,11390500,USGS,knights landing,flow,max,14500
5,2026,sacramento river,11390500,USGS,knights landing,flow,mean,13633.333333333332
5,2026,sacramento river,11390500,USGS,knights landing,flow,min,12900
6,2026,sacramento river,11390500,USGS,knights landing,flow,max,15500
6,2026,sacramento river,11390500,USGS,knights landing,flow,mean,14570.089285714286
6,2026,sacramento river,11390500,USGS,knights landing,flow,min,13600
7,2026,sacramento river,11390500,USGS,knights landing,flow,max,23500
7,2026,sacramento river,11390500,USGS,knights landing,flow,mean,18155.65476190476
7,2026,sacramento river,11390500,USGS,knights landing,flow,min,15400
8,2026,sacramento river,11390500,USGS,knights landing,flow,max,23700
8,2026,sacramento river,11390500,USGS,knights landing,flow,mean,21060.26785714286
8,2026,sacramento river,11390500,USGS,knights landing,flow,min,17400
9,2026,sacramento river,11390500,USGS,knights landing,flow,max,26700
9,2026,sacramento river,11390500,USGS,knights landing,flow,mean,24610.26785714286
9,2026,sacramento river,11390500,USGS,knights landing,flow,min,21700
10,2026,sacramento river,11390500,USGS,knights landing,flow,max,21700
10,2026,sacramento river,11390500,USGS,knights landing,flow,mean,16473.958333333336
10,2026,sacramento river,11390500,USGS,knights landing,flow,min,13000
11,2026,sacramento river,11390500,USGS,knights landing,flow,max,13000
11,2026,sacramento river,11390500,USGS,knights landing,flow,mean,10945.148809523811
11,2026,sacramento river,11390500,USGS,knights landing,flow,min,9650
12,2026,sacramento river,11390500,USGS,knights landing,flow,max,9660
12,2026,sacramento river,11390500,USGS,knights landing,flow,mean,8637.782738095239
12,2026,sacramento river,11390500,USGS,knights landing,flow,min,7950
13,2026,sacramento river,11390500,USGS,knights landing,flow,max,7960
13,2026,sacramento river,11390500,USGS,knights landing,flow,mean,7321.116071428572
13,2026,sacramento river,11390500,USGS,knights landing,flow,min,6910
14,2026,sacramento river,11390500,USGS,knights landing,flow,max,7990
14,2026,sacramento river,11390500,USGS,knights landing,flow,mean,7133.139880952381
14,2026,sacramento river,11390500,USGS,knights landing,flow,min,6610
15,2026,sacramento river,11390500,USGS,knights landing,flow,max,14100
15,2026,sacramento river,11390500,USGS,knights landing,flow,mean,10870.67418546366
15,2026,sacramento river,11390500,USGS,knights landing,flow,min,6820
16,2026,sacramento river,11390500,USGS,knights landing,flow,max,12200
16,2026,sacramento river,11390500,USGS,knights landing,flow,mean,9051.785714285714
16,2026,sacramento river,11390500,USGS,knights landing,flow,min,7810
17,2026,sacramento river,11390500,USGS,knights landing,flow,max,14600
17,2026,sacramento river,11390500,USGS,knights landing,flow,mean,11322.886904761905
17,2026,sacramento river,11390500,USGS,knights landing,flow,min,9550
18,2026,sacramento river,11390500,USGS,knights landing,flow,max,9560
18,2026,sacramento river,11390500,USGS,knights landing,flow,mean,7315.744047619047
18,2026,sacramento river,11390500,USGS,knights landing,flow,min,5940
19,2026,sacramento river,11390500,USGS,knights landing,flow,max,6570
19,2026,sacramento river,11390500,USGS,knights landing,flow,mean,6174.4047619047615
19,2026,sacramento river,11390500,USGS,knights landing,flow,min,5120
20,2026,sacramento river,11390500,USGS,knights landing,flow,max,6100
20,2026,sacramento river,11390500,USGS,knights landing,flow,mean,5429.732142857143
20,2026,sacramento river,11390500,USGS,knights landing,flow,min,4930
21,2026,sacramento river,11390500,USGS,knights landing,flow,max,6760
21,2026,sacramento river,11390500,USGS,knights landing,flow,mean,5509.181547619048
21,2026,sacramento river,11390500,USGS,knights landing,flow,min,4950
22,2026,sacramento river,11390500,USGS,knights landing,flow,max,8420
22,2026,sacramento river,11390500,USGS,knights landing,flow,mean,7752.291666666666
22,2026,sacramento river,11390500,USGS,knights landing,flow,min,6660
23,2026,sacramento river,11390500,USGS,knights landing,flow,max,8270
23,2026,sacramento river,11390500,USGS,knights landing,flow,mean,7703.035714285715
23,2026,sacramento river,11390500,USGS,knights landing,flow,min,7030
24,2026,sacramento river,11390500,USGS,knights landing,flow,max,7040
24,2026,sacramento river,11390500,USGS,knights landing,flow,mean,6488.1547619047615
24,2026,sacramento river,11390500,USGS,knights landing,flow,min,5950
25,2026,sacramento river,11390500,USGS,knights landing,flow,max,7170
25,2026,sacramento river,11390500,USGS,knights landing,flow,mean,6571.175595238096
25,2026,sacramento river,11390500,USGS,knights landing,flow,min,5930
26,2026,sacramento river,11390500,USGS,knights landing,flow,max,6870
26,2026,sacramento river,11390500,USGS,knights landing,flow,mean,6597.217261904762
26,2026,sacramento river,11390500,USGS,knights landing,flow,min,6340
27,2026,sacramento river,11390500,USGS,knights landing,flow,max,7030
27,2026,sacramento river,11390500,USGS,knights landing,flow,mean,6639.3005952380945
27,2026,sacramento river,11390500,USGS,knights landing,flow,min,6170
28,2026,sacramento river,11390500,USGS,knights landing,flow,max,7200
28,2026,sacramento river,11390500,USGS,knights landing,flow,mean,7076.071428571429
28,2026,sacramento river,11390500,USGS,knights landing,flow,min,6890
29,2026,sacramento river,11390500,USGS,knights landing,flow,max,7530
29,2026,sacramento river,11390500,USGS,knights landing,flow,mean,7320.758928571428
29,2026,sacramento river,11390500,USGS,knights landing,flow,min,7040
30,2026,sacramento river,11390500,USGS,knights landing,flow,max,7490
30,2026,sacramento river,11390500,USGS,knights landing,flow,mean,7323.080357142857
30,2026,sacramento river,11390500,USGS,knights landing,flow,min,7170
31,2026,sacramento river,11390500,USGS,knights landing,flow,max,7760
31,2026,sacramento river,11390500,USGS,knights landing,flow,mean,7474.985119047618
31,2026,sacramento river,11390500,USGS,knights landing,flow,min,7110
32,2026,sacramento river,11390500,USGS,knights landing,flow,max,7970
32,2026,sacramento river,11390500,USGS,knights landing,flow,mean,7784.181547619047
32,2026,sacramento river,11390500,USGS,knights landing,flow,min,7580
33,2026,sacramento river,11390500,USGS,knights landing,flow,max,8120
33,2026,sacramento river,11390500,USGS,knights landing,flow,mean,7701.5922619047615
33,2026,sacramento river,11390500,USGS,knights landing,flow,min,7040
34,2026,sacramento river,11390500,USGS,knights landing,flow,max,7040
34,2026,sacramento river,11390500,USGS,knights landing,flow,mean,6688.4077380952385
34,2026,sacramento river,11390500,USGS,knights landing,flow,min,6400
35,2026,sacramento river,11390500,USGS,knights landing,flow,max,6990
35,2026,sacramento river,11390500,USGS,knights landing,flow,mean,6479.419642857143
35,2026,sacramento river,11390500,USGS,knights landing,flow,min,6010
36,2026,sacramento river,11390500,USGS,knights landing,flow,max,6850
36,2026,sacramento river,11390500,USGS,knights landing,flow,mean,6479.21130952381
36,2026,sacramento river,11390500,USGS,knights landing,flow,min,6010
37,2026,sacramento river,11390500,USGS,knights landing,flow,max,6430
37,2026,sacramento river,11390500,USGS,knights landing,flow,mean,6117.529761904762
37,2026,sacramento river,11390500,USGS,knights landing,flow,min,5790
38,2026,sacramento river,11390500,USGS,knights landing,flow,max,5880
38,2026,sacramento river,11390500,USGS,knights landing,flow,mean,5656.279761904762
38,2026,sacramento river,11390500,USGS,knights landing,flow,min,5310
39,2026,sacramento river,11390500,USGS,knights landing,flow,max,5510
39,2026,sacramento river,11390500,USGS,knights landing,flow,mean,5366.130952380952
39,2026,sacramento river,11390500,USGS,knights landing,flow,min,5270
40,2026,sacramento river,11390500,USGS,knights landing,flow,max,5410
40,2026,sacramento river,11390500,USGS,knights landing,flow,mean,5197.693452380952
40,2026,sacramento river,11390500,USGS,knights landing,flow,min,4970
41,2026,sacramento river,11390500,USGS,knights landing,flow,max,4990
41,2026,sacramento river,11390500,USGS,knights landing,flow,mean,4902.135416666666
41,2026,sacramento river,11390500,USGS,knights landing,flow,min,4890
